target,regime,model,split,bucket,n,pred_min,pred_max,pred_mean,actual_mean,actual_median,bias_actual_minus_pred
rapm,no_minutes,mean,season_holdout_2025_26,1,17,-0.9322233009708738,-0.9322233009708738,-0.9322233009708738,-1.8670882352941176,-1.9366,-0.9348649343232438
rapm,no_minutes,mean,season_holdout_2025_26,2,16,-0.9322233009708738,-0.9322233009708738,-0.9322233009708738,-1.15988125,-1.11165,-0.22765794902912626
rapm,no_minutes,mean,season_holdout_2025_26,3,16,-0.9322233009708738,-0.9322233009708738,-0.9322233009708738,-1.9519375,-1.2818,-1.0197141990291265
rapm,no_minutes,mean,season_holdout_2025_26,4,16,-0.9322233009708738,-0.9322233009708738,-0.9322233009708738,-0.97895,-1.0061499999999999,-0.046726699029126184
rapm,no_minutes,mean,season_holdout_2025_26,5,17,-0.9322233009708738,-0.9322233009708738,-0.9322233009708738,-0.8904588235294117,-0.5549999999999999,0.041764477441462
rapm,no_minutes,mean,season_holdout_2025_26,6,16,-0.9322233009708738,-0.9322233009708738,-0.9322233009708738,-1.21095625,-1.02345,-0.2787329490291264
rapm,no_minutes,mean,season_holdout_2025_26,7,16,-0.9322233009708738,-0.9322233009708738,-0.9322233009708738,-0.8199750000000001,-0.5120499999999999,0.11224830097087372
rapm,no_minutes,mean,season_holdout_2025_26,8,16,-0.9322233009708738,-0.9322233009708738,-0.9322233009708738,-0.4182124999999998,-0.29335,0.5140108009708737
rapm,no_minutes,mean,season_holdout_2025_26,9,16,-0.9322233009708738,-0.9322233009708738,-0.9322233009708738,-2.26744375,-2.8295000000000003,-1.3352204490291264
rapm,no_minutes,mean,season_holdout_2025_26,10,17,-0.9322233009708738,-0.9322233009708738,-0.9322233009708738,-0.5115235294117647,-0.1426,0.42069977155910887
rapm,no_minutes,ridge,season_holdout_2025_26,1,17,-3.780334110204601,-2.5543525584423734,-2.9894566164010214,-3.317258823529411,-3.3228999999999997,-0.32780220712839
rapm,no_minutes,ridge,season_holdout_2025_26,2,16,-2.535781958130888,-1.938662784642474,-2.2196954486726557,-2.4673,-2.3113,-0.2476045513273442
rapm,no_minutes,ridge,season_holdout_2025_26,3,16,-1.9216717501680418,-1.7529229422285026,-1.832117434774048,-1.28746875,-0.9714499999999999,0.5446486847740482
rapm,no_minutes,ridge,season_holdout_2025_26,4,16,-1.7493009454307984,-1.4680058203296242,-1.614828199382042,-0.9192812500000002,-0.5632999999999999,0.695546949382042
rapm,no_minutes,ridge,season_holdout_2025_26,5,17,-1.4668860722433084,-1.2537986700224226,-1.35241812402631,-1.9501058823529414,-3.2348,-0.5976877583266309
rapm,no_minutes,ridge,season_holdout_2025_26,6,16,-1.2508852361590697,-0.9556374457143682,-1.0667338741773178,-2.0604062499999998,-1.8207499999999999,-0.9936723758226821
rapm,no_minutes,ridge,season_holdout_2025_26,7,16,-0.9281238429798595,-0.4896287024812024,-0.7463811119768862,-0.9028562500000001,-0.64215,-0.15647513802311386
rapm,no_minutes,ridge,season_holdout_2025_26,8,16,-0.4883140600862008,-0.045214455078666616,-0.29300412383976226,-1.0775375,-1.29645,-0.7845333761602378
rapm,no_minutes,ridge,season_holdout_2025_26,9,16,0.009564169918474974,0.6778098770530288,0.38860683547311897,0.7409687500000001,0.7281,0.352361914526881
rapm,no_minutes,ridge,season_holdout_2025_26,10,17,0.7761909995533642,4.013465858308977,1.6165373821269677,1.2138470588235293,1.1505,-0.40269032330343835
rapm,no_minutes,elasticnet,season_holdout_2025_26,1,17,-3.5977171698578703,-2.5605185844310525,-2.901810336810076,-2.4998764705882355,-2.9276,0.4019338662218403
rapm,no_minutes,elasticnet,season_holdout_2025_26,2,16,-2.4754431662260474,-1.9373490298188534,-2.1646621645213466,-3.025675,-3.01255,-0.8610128354786533
rapm,no_minutes,elasticnet,season_holdout_2025_26,3,16,-1.928440468822516,-1.6667265742438895,-1.790705192851462,-1.8228062500000002,-1.0307499999999998,-0.032101057148538004
rapm,no_minutes,elasticnet,season_holdout_2025_26,4,16,-1.649464694058858,-1.4222231352406225,-1.5590552220062501,-0.8852312499999999,-0.9144,0.6738239720062502
rapm,no_minutes,elasticnet,season_holdout_2025_26,5,17,-1.3993865912309502,-1.1571016262236737,-1.2877430054787717,-1.8096529411764708,-3.2348,-0.5219099356976988
rapm,no_minutes,elasticnet,season_holdout_2025_26,6,16,-1.1268633658809488,-0.8723085482997665,-0.9881960273485532,-1.9672687500000001,-1.8207499999999999,-0.9790727226514468
rapm,no_minutes,elasticnet,season_holdout_2025_26,7,16,-0.8701930795894811,-0.46808854278190637,-0.7172874170670134,-1.5590187500000001,-1.7244,-0.8417313329329865
rapm,no_minutes,elasticnet,season_holdout_2025_26,8,16,-0.4121431514428561,-0.05525639222440415,-0.2617107701689479,-0.4043375,-0.8038000000000001,-0.14262672983105223
rapm,no_minutes,elasticnet,season_holdout_2025_26,9,16,0.0013430103033386098,0.6870166513556889,0.3782219399271032,0.62313125,0.5228499999999999,0.2449093100728969
rapm,no_minutes,elasticnet,season_holdout_2025_26,10,17,0.8122122901064063,4.177751218249749,1.642524833342506,1.2605529411764707,1.1505,-0.38197189216603555
rapm,no_minutes,random_forest,season_holdout_2025_26,1,17,-2.5051141280046116,-2.1189382987179477,-2.3065291429688357,-1.5498117647058822,-2.686,0.7567173782629529
rapm,no_minutes,random_forest,season_holdout_2025_26,2,16,-2.0994765651359053,-1.8062010675328535,-1.96079592004677,-2.94811875,-3.2935,-0.98732282995323
rapm,no_minutes,random_forest,season_holdout_2025_26,3,16,-1.7977905867153459,-1.6264434348744394,-1.722123635171559,-1.641075,-2.21275,0.08104863517155891
rapm,no_minutes,random_forest,season_holdout_2025_26,4,16,-1.5600790835272769,-1.3149358800178166,-1.4145160572952977,-2.37931875,-2.37025,-0.9648026927047023
rapm,no_minutes,random_forest,season_holdout_2025_26,5,17,-1.3049660837987473,-1.0389955086088338,-1.166236366686814,-1.5799235294117646,-1.7649,-0.4136871627249508
rapm,no_minutes,random_forest,season_holdout_2025_26,6,16,-1.0178479929669557,-0.8780790708911387,-0.9565812565574789,-1.9713999999999998,-1.2685,-1.014818743442521
rapm,no_minutes,random_forest,season_holdout_2025_26,7,16,-0.854454873467608,-0.5246772506111945,-0.7052296526886292,-0.7571187500000002,-0.6638,-0.05188909731137065
rapm,no_minutes,random_forest,season_holdout_2025_26,8,16,-0.5193837503581029,-0.13756765658818504,-0.3517977573329101,-0.9215187499999999,-0.6004,-0.56972099266709
rapm,no_minutes,random_forest,season_holdout_2025_26,9,16,-0.12171257710512519,0.32292937494890755,0.10490753275538967,-0.22246250000000006,-0.29649999999999993,-0.3273700327553897
rapm,no_minutes,random_forest,season_holdout_2025_26,10,17,0.4387590300794792,3.0380325429279895,1.2229864968938338,1.7746941176470588,1.5322,0.5517076207532247
rapm,no_minutes,extra_trees,season_holdout_2025_26,1,17,-2.956060815476191,-2.4411160738095252,-2.6179657673144265,-2.024535294117647,-2.7411,0.5934304731967792
rapm,no_minutes,extra_trees,season_holdout_2025_26,2,16,-2.4344148113095225,-2.210560516071427,-2.321845925204613,-1.41226875,-2.0659,0.9095771752046131
rapm,no_minutes,extra_trees,season_holdout_2025_26,3,16,-2.207412776190478,-1.9746162880952378,-2.084135892596726,-2.41081875,-2.5700000000000003,-0.3266828574032741
rapm,no_minutes,extra_trees,season_holdout_2025_26,4,16,-1.9635844714285702,-1.7613341874999997,-1.8772471567150295,-2.56331875,-2.9244,-0.6860715932849704
rapm,no_minutes,extra_trees,season_holdout_2025_26,5,17,-1.7473382244047628,-1.436826802380953,-1.5868151417542018,-2.169905882352941,-1.2717,-0.5830907405987393
rapm,no_minutes,extra_trees,season_holdout_2025_26,6,16,-1.3995895309523814,-1.177880352380952,-1.2735047891927085,-1.11443125,-1.1402999999999999,0.15907353919270834
rapm,no_minutes,extra_trees,season_holdout_2025_26,7,16,-1.168634216666666,-0.8238618904761913,-0.9696233106026788,-1.2889624999999998,-0.9973000000000001,-0.3193391893973212
rapm,no_minutes,extra_trees,season_holdout_2025_26,8,16,-0.8066956154761914,-0.05194921190476185,-0.503495121372768,-1.2382875000000002,-0.77285,-0.7347923786272321
rapm,no_minutes,extra_trees,season_holdout_2025_26,9,16,-0.01680222738095233,1.1641300214285748,0.5085982775297625,0.017025000000000054,0.3858999999999999,-0.4915732775297624
rapm,no_minutes,extra_trees,season_holdout_2025_26,10,17,1.165078762499995,4.532791962500007,2.666967578816527,2.058270588235294,1.5322,-0.6086969905812329
rapm,no_minutes,gradient_boosting,season_holdout_2025_26,1,17,-3.247207458604603,-2.2023597431502164,-2.5608205270918396,-2.7842,-3.2727,-0.22337947290816054
rapm,no_minutes,gradient_boosting,season_holdout_2025_26,2,16,-2.1901295852491067,-1.9545944422017119,-2.0641991422767685,-1.4462624999999998,-1.0007,0.6179366422767683
rapm,no_minutes,gradient_boosting,season_holdout_2025_26,3,16,-1.9509754972769577,-1.676233261414009,-1.82606110701165,-1.81620625,-1.8878,0.009854857011649787
rapm,no_minutes,gradient_boosting,season_holdout_2025_26,4,16,-1.6637268260963038,-1.4930721163556802,-1.5614098880215492,-1.8810124999999998,-2.2910000000000004,-0.31960261197845075
rapm,no_minutes,gradient_boosting,season_holdout_2025_26,5,17,-1.4547513422557856,-1.2462104773458773,-1.3385531506034507,-1.9411411764705884,-1.9366,-0.6025880258671377
rapm,no_minutes,gradient_boosting,season_holdout_2025_26,6,16,-1.1811337978420435,-0.8536872272646701,-1.029572685913465,-2.2649125,-1.28945,-1.2353398140865353
rapm,no_minutes,gradient_boosting,season_holdout_2025_26,7,16,-0.8382696003247977,-0.4562106857596007,-0.6339712136372518,-1.64271875,-1.27525,-1.008747536362748
rapm,no_minutes,gradient_boosting,season_holdout_2025_26,8,16,-0.43839420793058975,-0.03870713735175829,-0.23736892364047069,-0.81210625,-1.3093500000000002,-0.5747373263595293
rapm,no_minutes,gradient_boosting,season_holdout_2025_26,9,16,-0.007972923687482229,1.2192836804739795,0.39465053654627547,1.3132937500000001,1.2563,0.9186432134537246
rapm,no_minutes,gradient_boosting,season_holdout_2025_26,10,17,1.272592901745074,4.251546775344072,2.4528636564359365,1.2139823529411764,1.1077,-1.2388813034947603
rapm,no_minutes,hist_gradient_boosting,season_holdout_2025_26,1,17,-4.0370291318646325,-2.4413285314674624,-3.04427840581236,-1.7670000000000001,-2.8276,1.2772784058123603
rapm,no_minutes,hist_gradient_boosting,season_holdout_2025_26,2,16,-2.4015704433661225,-1.8704178585623796,-2.164503259365186,-2.0555625,-2.459,0.10894075936518566
rapm,no_minutes,hist_gradient_boosting,season_holdout_2025_26,3,16,-1.8678586357958966,-1.562830715179523,-1.6679083467182292,-2.06145,-1.02345,-0.39354165328177076
rapm,no_minutes,hist_gradient_boosting,season_holdout_2025_26,4,16,-1.5469625445998634,-1.1951275583141465,-1.392765950333276,-2.0838,-2.5297,-0.6910340496667239
rapm,no_minutes,hist_gradient_boosting,season_holdout_2025_26,5,17,-1.1728885936019193,-0.8154909488018247,-0.9676625773983396,-0.8228058823529412,-1.0156999999999998,0.14485669504539844
rapm,no_minutes,hist_gradient_boosting,season_holdout_2025_26,6,16,-0.8049244585582561,-0.5251128940347318,-0.6391803515425062,-1.0453937500000001,-0.73795,-0.4062133984574939
rapm,no_minutes,hist_gradient_boosting,season_holdout_2025_26,7,16,-0.5250721485970914,-0.0981217891273408,-0.29720224994836764,-0.92675,0.014249999999999902,-0.6295477500516324
rapm,no_minutes,hist_gradient_boosting,season_holdout_2025_26,8,16,-0.08689386614717469,0.39867342908753933,0.17094709106562547,-1.2326625,-0.7351,-1.4036095910656254
rapm,no_minutes,hist_gradient_boosting,season_holdout_2025_26,9,16,0.4018752750927499,0.9246827220269251,0.6252085561602163,-0.48783125000000005,-0.7533,-1.1130398061602162
rapm,no_minutes,hist_gradient_boosting,season_holdout_2025_26,10,17,0.936359378608961,3.841313091717567,1.7802396098317468,0.3429411764705883,0.2643,-1.4372984333611587
rapm,no_minutes,knn,season_holdout_2025_26,1,17,-2.582605538974385,-2.0153383785214443,-2.20062272012629,-2.327570588235294,-2.7411,-0.12694786810900435
rapm,no_minutes,knn,season_holdout_2025_26,2,16,-2.010660079818698,-1.7755189420671116,-1.8896707058102384,-1.895225,-1.8515000000000001,-0.005554294189761708
rapm,no_minutes,knn,season_holdout_2025_26,3,16,-1.7652695381629944,-1.654883296184055,-1.7262915215510073,-1.75986875,-1.867,-0.0335772284489925
rapm,no_minutes,knn,season_holdout_2025_26,4,16,-1.6508540346710676,-1.4656989130015883,-1.5695104732294274,-1.2534874999999999,-1.3106,0.3160229732294274
rapm,no_minutes,knn,season_holdout_2025_26,5,17,-1.4406757019906185,-1.2646042904279133,-1.3758080465135294,-2.054305882352941,-1.2348,-0.6784978358394118
rapm,no_minutes,knn,season_holdout_2025_26,6,16,-1.2473041317577154,-1.0244124598789142,-1.1152085226208386,-0.6337999999999999,-0.34835,0.4814085226208388
rapm,no_minutes,knn,season_holdout_2025_26,7,16,-1.0202603331279672,-0.796354816078524,-0.9344280275902029,-1.3011875,-1.58335,-0.366759472409797
rapm,no_minutes,knn,season_holdout_2025_26,8,16,-0.7747872218551812,-0.5625919699164206,-0.6566877754978082,-0.9626874999999999,-0.8453999999999999,-0.3059997245021917
rapm,no_minutes,knn,season_holdout_2025_26,9,16,-0.5555047939744286,0.3396809684541219,-0.15209157531337458,-0.6360062499999999,-0.09375000000000004,-0.48391467468662536
rapm,no_minutes,knn,season_holdout_2025_26,10,17,0.39498422262386784,1.7949947007705922,0.9610984697941616,0.7691882352941176,0.962,-0.19191023450004407
rapm,no_minutes,svr_rbf,season_holdout_2025_26,1,17,-2.4422938731520643,-1.7447591213820413,-2.0868507817933644,-2.2353058823529413,-2.8276,-0.14845510055957656
rapm,no_minutes,svr_rbf,season_holdout_2025_26,2,16,-1.7389416002254467,-1.5305761639241786,-1.6333135987424512,-1.2466749999999998,-1.00955,0.3866385987424513
rapm,no_minutes,svr_rbf,season_holdout_2025_26,3,16,-1.5217177912812943,-1.3271139231387874,-1.4351720168173636,-2.0501312499999997,-2.175,-0.6149592331826361
rapm,no_minutes,svr_rbf,season_holdout_2025_26,4,16,-1.3232936162147053,-1.1221949612945654,-1.218139735854674,-1.7022875,-2.01005,-0.48414776414532623
rapm,no_minutes,svr_rbf,season_holdout_2025_26,5,17,-1.1110338766592511,-0.8927733123687429,-0.9990283085247358,-1.6804764705882351,-1.0195,-0.6814481620634993
rapm,no_minutes,svr_rbf,season_holdout_2025_26,6,16,-0.884521009440806,-0.6854259406540235,-0.8022899888821841,-2.02339375,-1.3093500000000002,-1.221103761117816
rapm,no_minutes,svr_rbf,season_holdout_2025_26,7,16,-0.6716552636915736,-0.44150239679327047,-0.5648683470092652,-1.1991187499999998,-1.21165,-0.6342504029907348
rapm,no_minutes,svr_rbf,season_holdout_2025_26,8,16,-0.42753253147082854,-0.17591175386704788,-0.32015210489762724,-0.9122999999999999,-0.35405,-0.5921478951023728
rapm,no_minutes,svr_rbf,season_holdout_2025_26,9,16,-0.1325467658818113,0.5482605252768293,0.1797545101895305,-0.21525625000000004,0.012600000000000042,-0.39501076018953035
rapm,no_minutes,svr_rbf,season_holdout_2025_26,10,17,0.6099387656400679,3.039333466297713,1.2395939369926894,1.1566470588235294,1.1505,-0.08294687816916013
rapm,with_minutes,mean,season_holdout_2025_26,1,17,-0.9322233009708738,-0.9322233009708738,-0.9322233009708738,-1.8670882352941176,-1.9366,-0.9348649343232438
rapm,with_minutes,mean,season_holdout_2025_26,2,16,-0.9322233009708738,-0.9322233009708738,-0.9322233009708738,-1.15988125,-1.11165,-0.22765794902912626
rapm,with_minutes,mean,season_holdout_2025_26,3,16,-0.9322233009708738,-0.9322233009708738,-0.9322233009708738,-1.9519375,-1.2818,-1.0197141990291265
rapm,with_minutes,mean,season_holdout_2025_26,4,16,-0.9322233009708738,-0.9322233009708738,-0.9322233009708738,-0.97895,-1.0061499999999999,-0.046726699029126184
rapm,with_minutes,mean,season_holdout_2025_26,5,17,-0.9322233009708738,-0.9322233009708738,-0.9322233009708738,-0.8904588235294117,-0.5549999999999999,0.041764477441462
rapm,with_minutes,mean,season_holdout_2025_26,6,16,-0.9322233009708738,-0.9322233009708738,-0.9322233009708738,-1.21095625,-1.02345,-0.2787329490291264
rapm,with_minutes,mean,season_holdout_2025_26,7,16,-0.9322233009708738,-0.9322233009708738,-0.9322233009708738,-0.8199750000000001,-0.5120499999999999,0.11224830097087372
rapm,with_minutes,mean,season_holdout_2025_26,8,16,-0.9322233009708738,-0.9322233009708738,-0.9322233009708738,-0.4182124999999998,-0.29335,0.5140108009708737
rapm,with_minutes,mean,season_holdout_2025_26,9,16,-0.9322233009708738,-0.9322233009708738,-0.9322233009708738,-2.26744375,-2.8295000000000003,-1.3352204490291264
rapm,with_minutes,mean,season_holdout_2025_26,10,17,-0.9322233009708738,-0.9322233009708738,-0.9322233009708738,-0.5115235294117647,-0.1426,0.42069977155910887
rapm,with_minutes,ridge,season_holdout_2025_26,1,17,-4.627120992469248,-2.5869700123313906,-3.0890491640146425,-3.060541176470588,-2.9947,0.02850798754405382
rapm,with_minutes,ridge,season_holdout_2025_26,2,16,-2.553546609403262,-2.1569329494330884,-2.338164131695855,-1.9416625,-2.3113,0.3965016316958554
rapm,with_minutes,ridge,season_holdout_2025_26,3,16,-2.1226756118375487,-1.7648921404339712,-1.9291233774976941,-2.0275749999999997,-1.27525,-0.09845162250230566
rapm,with_minutes,ridge,season_holdout_2025_26,4,16,-1.7078903313798075,-1.4978730451695208,-1.5951245295942176,-2.6226687500000003,-2.4451,-1.0275442204057823
rapm,with_minutes,ridge,season_holdout_2025_26,5,17,-1.4597911728427744,-1.2615004641375134,-1.3712434206613462,-1.0805764705882352,-0.2648,0.29066695007311083
rapm,with_minutes,ridge,season_holdout_2025_26,6,16,-1.2535672832595004,-0.9574349760695501,-1.0951898428110587,-2.26445,-2.0643000000000002,-1.1692601571889416
rapm,with_minutes,ridge,season_holdout_2025_26,7,16,-0.939221953927574,-0.6577618493793846,-0.8106024892564956,-0.75379375,0.04924999999999995,0.05680873925649568
rapm,with_minutes,ridge,season_holdout_2025_26,8,16,-0.6433594980329144,-0.18810049312469534,-0.39222205635971763,0.049675000000000025,-0.48429999999999995,0.44189705635971765
rapm,with_minutes,ridge,season_holdout_2025_26,9,16,-0.003097496598124194,0.6804980788843774,0.4007877026272797,-0.08762499999999998,-0.3691,-0.48841270262727965
rapm,with_minutes,ridge,season_holdout_2025_26,10,17,0.8594461065981468,4.596489984249077,1.7040902390662276,1.6633352941176471,1.3295,-0.04075494494858045
rapm,with_minutes,elasticnet,season_holdout_2025_26,1,17,-4.891921620126179,-2.447405745542122,-2.9922262684375944,-2.816441176470588,-2.9947,0.1757850919670061
rapm,with_minutes,elasticnet,season_holdout_2025_26,2,16,-2.426633202220132,-2.012225187178645,-2.224613045794487,-2.087125,-1.2030500000000002,0.13748804579448715
rapm,with_minutes,elasticnet,season_holdout_2025_26,3,16,-2.0001531959493857,-1.700004395009563,-1.8549060296416862,-2.1507875,-2.205,-0.2958814703583138
rapm,with_minutes,elasticnet,season_holdout_2025_26,4,16,-1.6342075276215913,-1.4180662570357672,-1.517677708591925,-1.5875874999999997,-1.4064,-0.0699097914080749
rapm,with_minutes,elasticnet,season_holdout_2025_26,5,17,-1.4117319847765495,-1.2146082806249652,-1.313671275852224,-2.072682352941176,-2.2552000000000003,-0.7590110770889529
rapm,with_minutes,elasticnet,season_holdout_2025_26,6,16,-1.19344055901148,-0.8450156532938982,-1.0243201165277958,-2.11686875,-2.51575,-1.0925486334722043
rapm,with_minutes,elasticnet,season_holdout_2025_26,7,16,-0.8203548757630504,-0.5645240501182142,-0.726722154436859,-0.7154375,-0.5886499999999999,0.011284654436859054
rapm,with_minutes,elasticnet,season_holdout_2025_26,8,16,-0.5559076082955086,-0.0066608452837883525,-0.3503493455286357,-0.3587562500000001,-1.0542,-0.008406904471364163
rapm,with_minutes,elasticnet,season_holdout_2025_26,9,16,0.0003522733797292066,0.6953547228840653,0.42547856993476374,0.16321875000000002,0.03859999999999994,-0.26225981993476366
rapm,with_minutes,elasticnet,season_holdout_2025_26,10,17,0.8721567260460665,4.528662571106331,1.7839043942554025,1.6633352941176471,1.3295,-0.12056910013775546
rapm,with_minutes,random_forest,season_holdout_2025_26,1,17,-2.8656766114340666,-2.220688190901087,-2.4422771636262652,-2.0779999999999994,-2.8294,0.3642771636262649
rapm,with_minutes,random_forest,season_holdout_2025_26,2,16,-2.2166935707884834,-2.060496480195846,-2.1323404070066845,-2.9483875,-3.19785,-0.8160470929933159
rapm,with_minutes,random_forest,season_holdout_2025_26,3,16,-2.0494298691104236,-1.8660875150259866,-1.9545053818639546,-1.78863125,-0.9465500000000001,0.1658741318639547
rapm,with_minutes,random_forest,season_holdout_2025_26,4,16,-1.851203243030621,-1.5825655405038788,-1.7445473933820257,-2.01191875,-1.5352999999999999,-0.2673713566179742
rapm,with_minutes,random_forest,season_holdout_2025_26,5,17,-1.571872331899269,-1.2993496326159535,-1.477958582685107,-1.3171823529411766,-1.2717,0.16077622974393055
rapm,with_minutes,random_forest,season_holdout_2025_26,6,16,-1.2977189535836302,-0.9862948705578044,-1.1339748183214196,-2.18373125,-2.13795,-1.0497564316785808
rapm,with_minutes,random_forest,season_holdout_2025_26,7,16,-0.9344748286324785,-0.597202348253483,-0.759207800406067,-1.8298312499999998,-1.1061,-1.070623449593933
rapm,with_minutes,random_forest,season_holdout_2025_26,8,16,-0.5793686598384256,-0.10748577948875063,-0.3508959051037843,0.41725625,0.5527,0.7681521551037842
rapm,with_minutes,random_forest,season_holdout_2025_26,9,16,-0.09876756771921429,0.6309147030884147,0.24699808610128865,0.5025687500000001,0.5724,0.2555706638987114
rapm,with_minutes,random_forest,season_holdout_2025_26,10,17,0.649338549616784,3.1117224227717744,1.4791423615015629,1.1005294117647058,1.1831,-0.37861294973685694
rapm,with_minutes,extra_trees,season_holdout_2025_26,1,17,-2.7819204059523788,-2.4710779639880958,-2.585170787167366,-2.414170588235294,-2.8294,0.17100019893207197
rapm,with_minutes,extra_trees,season_holdout_2025_26,2,16,-2.434357693452379,-2.2103841985119055,-2.3284237123325893,-3.1809875000000005,-3.2935,-0.8525637876674109
rapm,with_minutes,extra_trees,season_holdout_2025_26,3,16,-2.2077689279761916,-1.9229908261904756,-2.0550234210565477,-1.7762750000000003,-1.61575,0.2787484210565473
rapm,with_minutes,extra_trees,season_holdout_2025_26,4,16,-1.8998834166666654,-1.772210350595239,-1.8160604059895828,-2.0907375,-1.0879,-0.274677094010417
rapm,with_minutes,extra_trees,season_holdout_2025_26,5,17,-1.7512323684523816,-1.394792662499999,-1.5756215588235292,-1.5073411764705882,-1.0457999999999998,0.06828038235294087
rapm,with_minutes,extra_trees,season_holdout_2025_26,6,16,-1.3942260529761907,-1.1300152041666656,-1.2680384050037197,-1.77045625,-1.27525,-0.5024178449962803
rapm,with_minutes,extra_trees,season_holdout_2025_26,7,16,-1.0866910499999995,-0.8082214696428572,-0.9662293214471727,-0.868675,-0.78,0.09755432144717258
rapm,with_minutes,extra_trees,season_holdout_2025_26,8,16,-0.7748730351190473,-0.18769007380952374,-0.4750298651785714,-0.5657687499999999,-0.17124999999999996,-0.09073888482142856
rapm,with_minutes,extra_trees,season_holdout_2025_26,9,16,-0.0434110267857143,0.6542560098214284,0.25382036778273814,-0.21738749999999996,0.2526999999999999,-0.47120786778273804
rapm,with_minutes,extra_trees,season_holdout_2025_26,10,17,1.0738039104166675,4.42337671666667,2.587468630479693,2.2175529411764705,1.9787,-0.36991568930322244
rapm,with_minutes,gradient_boosting,season_holdout_2025_26,1,17,-3.1126726277280157,-2.3084893616006577,-2.545273664259778,-3.0176529411764705,-2.9276,-0.4723792769166919
rapm,with_minutes,gradient_boosting,season_holdout_2025_26,2,16,-2.3080259080511873,-2.0315585921985866,-2.207336849112089,-1.37891875,-0.6759499999999999,0.8284180991120889
rapm,with_minutes,gradient_boosting,season_holdout_2025_26,3,16,-2.0054175073595606,-1.7836727012901479,-1.8983310141911123,-2.94975625,-2.8345000000000002,-1.0514252358088878
rapm,with_minutes,gradient_boosting,season_holdout_2025_26,4,16,-1.770300172201776,-1.5770888989054752,-1.6860647365491155,-2.0028875,-1.3987,-0.31682276345088445
rapm,with_minutes,gradient_boosting,season_holdout_2025_26,5,17,-1.5762019060934929,-1.291209638233989,-1.4236076410895009,-1.9480176470588237,-2.4025,-0.5244100059693229
rapm,with_minutes,gradient_boosting,season_holdout_2025_26,6,16,-1.2822615260510588,-1.07241210447571,-1.167483555555322,-0.56194375,-0.70865,0.605539805555322
rapm,with_minutes,gradient_boosting,season_holdout_2025_26,7,16,-1.06815374145369,-0.4967738746986954,-0.8420283220904664,-0.9821187499999999,-0.8626,-0.14009042790953352
rapm,with_minutes,gradient_boosting,season_holdout_2025_26,8,16,-0.4937179073396409,0.16590029009172083,-0.19031542806848434,-1.0992625,-0.8104499999999999,-0.9089470719315157
rapm,with_minutes,gradient_boosting,season_holdout_2025_26,9,16,0.18968677180223922,1.0193436913915328,0.5102260105635151,0.3753437500000001,0.5748,-0.13488226056351516
rapm,with_minutes,gradient_boosting,season_holdout_2025_26,10,17,1.06012147522052,7.513915008526682,2.41926897743747,1.5010117647058823,1.1831,-0.9182572127315874
rapm,with_minutes,hist_gradient_boosting,season_holdout_2025_26,1,17,-3.7557337856978807,-2.828757653502639,-3.1414193042954563,-2.907794117647059,-2.9947,0.2336251866483967
rapm,with_minutes,hist_gradient_boosting,season_holdout_2025_26,2,16,-2.7798195067232547,-2.4157500870009394,-2.610433961494539,-1.895075,-3.0319,0.715358961494539
rapm,with_minutes,hist_gradient_boosting,season_holdout_2025_26,3,16,-2.4021186050511143,-1.9846883857375703,-2.142063595834438,-2.26898125,-2.8343499999999997,-0.1269176541655621
rapm,with_minutes,hist_gradient_boosting,season_holdout_2025_26,4,16,-1.9845586725597457,-1.603831780582356,-1.7845915968691772,-0.874925,-0.8049000000000001,0.9096665968691773
rapm,with_minutes,hist_gradient_boosting,season_holdout_2025_26,5,17,-1.5709694920570576,-1.2286682638146262,-1.3970902067126119,-2.1474000000000006,-1.9366,-0.7503097932873878
rapm,with_minutes,hist_gradient_boosting,season_holdout_2025_26,6,16,-1.1722216021475995,-0.7527868255514706,-1.004972212083302,-1.48424375,-1.18305,-0.4792715379166979
rapm,with_minutes,hist_gradient_boosting,season_holdout_2025_26,7,16,-0.7000130691124392,-0.36026216065750205,-0.5385826106855569,0.38576250000000006,0.20415,0.9243451106855568
rapm,with_minutes,hist_gradient_boosting,season_holdout_2025_26,8,16,-0.3459046365708007,-0.017200323692522473,-0.1700276564184558,-1.59591875,-1.1061,-1.4258910935815443
rapm,with_minutes,hist_gradient_boosting,season_holdout_2025_26,9,16,0.04891466443791537,0.49449243499254536,0.25523506637129423,-0.2350812499999999,0.24345,-0.49031631637129414
rapm,with_minutes,hist_gradient_boosting,season_holdout_2025_26,10,17,0.5015427127507611,4.016277089934457,1.4110543828111994,0.9965764705882353,1.3996,-0.4144779122229641
rapm,with_minutes,knn,season_holdout_2025_26,1,17,-2.4754018228496415,-2.132871219999087,-2.298911252090343,-2.781052941176471,-2.9947,-0.4821416890861277
rapm,with_minutes,knn,season_holdout_2025_26,2,16,-2.1126880762510165,-1.8167137947354992,-1.9539255884544116,-1.5109375,-1.8296,0.44298808845441157
rapm,with_minutes,knn,season_holdout_2025_26,3,16,-1.8138467135556167,-1.6679432035343675,-1.74746245229466,-0.9969187500000001,-0.8949,0.7505437022946597
rapm,with_minutes,knn,season_holdout_2025_26,4,16,-1.6590864404018344,-1.5323447578753153,-1.5912712518820444,-2.47350625,-3.0077,-0.8822349981179556
rapm,with_minutes,knn,season_holdout_2025_26,5,17,-1.5162413414720393,-1.2634522250251219,-1.3683927437473864,-0.5685647058823529,-0.5829999999999999,0.7998280378650335
rapm,with_minutes,knn,season_holdout_2025_26,6,16,-1.2598202386051411,-1.0028723359377598,-1.1360574086697715,-2.13094375,-1.365,-0.9948863413302286
rapm,with_minutes,knn,season_holdout_2025_26,7,16,-0.9992705623441216,-0.7860746316748448,-0.9050242886988743,-1.30945,-1.7444000000000002,-0.4044257113011257
rapm,with_minutes,knn,season_holdout_2025_26,8,16,-0.7655010952054248,-0.5446740686022506,-0.6179377949565422,-1.2728875000000002,-1.0513,-0.6549497050434577
rapm,with_minutes,knn,season_holdout_2025_26,9,16,-0.4959879958776265,0.14701776411295273,-0.17975685685466225,0.011106250000000067,0.298,0.1908631068546623
rapm,with_minutes,knn,season_holdout_2025_26,10,17,0.16323682998199923,1.852887346783378,0.743372163224433,0.9051882352941177,1.0206,0.16181607206968476
rapm,with_minutes,svr_rbf,season_holdout_2025_26,1,17,-2.5944181914246713,-1.7873357422119918,-2.1499103506993182,-2.2782529411764707,-2.8276,-0.12834259047715285
rapm,with_minutes,svr_rbf,season_holdout_2025_26,2,16,-1.7709133641135333,-1.5113747545333578,-1.6169700719764593,-2.22860625,-3.10015,-0.6116361780235409
rapm,with_minutes,svr_rbf,season_holdout_2025_26,3,16,-1.510770329388226,-1.36666696446344,-1.4359379350061658,-1.7748187500000001,-1.1869,-0.3388808149938343
rapm,with_minutes,svr_rbf,season_holdout_2025_26,4,16,-1.3621064630510296,-1.1703506450341543,-1.2763198975069645,-2.28186875,-2.459,-1.0055488524930356
rapm,with_minutes,svr_rbf,season_holdout_2025_26,5,17,-1.1557945117615254,-0.9722375508876244,-1.0536614571551322,-1.0653176470588237,-0.7362,-0.011656189903691432
rapm,with_minutes,svr_rbf,season_holdout_2025_26,6,16,-0.9626115602318142,-0.757508538276475,-0.8629914862771811,-1.4282249999999999,-1.2301,-0.5652335137228189
rapm,with_minutes,svr_rbf,season_holdout_2025_26,7,16,-0.754523836585234,-0.43295458032111994,-0.5870259563326733,-1.691475,-1.4270999999999998,-1.1044490436673267
rapm,with_minutes,svr_rbf,season_holdout_2025_26,8,16,-0.41224951668549376,-0.2272523563157866,-0.32560626809402815,-0.40643125000000013,0.003250000000000003,-0.08082498190597201
rapm,with_minutes,svr_rbf,season_holdout_2025_26,9,16,-0.18276402473035674,0.4693422674779702,0.12964768458684386,-0.18889374999999997,-0.00385000000000002,-0.31854143458684386
rapm,with_minutes,svr_rbf,season_holdout_2025_26,10,17,0.5131955512802293,3.4299715930022874,1.2425036300798022,1.1972882352941177,1.1505,-0.045215394785684516
bpr,no_minutes,mean,season_holdout_2025_26,1,17,0.24116504854368936,0.24116504854368936,0.24116504854368936,-0.8447058823529412,-1.21,-1.0858709308966308
bpr,no_minutes,mean,season_holdout_2025_26,2,16,0.24116504854368936,0.24116504854368936,0.24116504854368936,-0.396875,-0.505,-0.6380400485436895
bpr,no_minutes,mean,season_holdout_2025_26,3,16,0.24116504854368936,0.24116504854368936,0.24116504854368936,-0.41000000000000003,-0.37,-0.6511650485436895
bpr,no_minutes,mean,season_holdout_2025_26,4,16,0.24116504854368936,0.24116504854368936,0.24116504854368936,0.5350000000000001,0.86,0.29383495145631067
bpr,no_minutes,mean,season_holdout_2025_26,5,16,0.24116504854368936,0.24116504854368936,0.24116504854368936,0.74625,0.895,0.5050849514563105
bpr,no_minutes,mean,season_holdout_2025_26,6,16,0.24116504854368936,0.24116504854368936,0.24116504854368936,-0.125,-0.22499999999999998,-0.36616504854368936
bpr,no_minutes,mean,season_holdout_2025_26,7,16,0.24116504854368936,0.24116504854368936,0.24116504854368936,0.45562500000000006,0.8,0.21445995145631067
bpr,no_minutes,mean,season_holdout_2025_26,8,16,0.24116504854368936,0.24116504854368936,0.24116504854368936,0.7474999999999999,0.495,0.5063349514563106
bpr,no_minutes,mean,season_holdout_2025_26,9,16,0.24116504854368936,0.24116504854368936,0.24116504854368936,-0.12562500000000001,-0.55,-0.36679004854368935
bpr,no_minutes,mean,season_holdout_2025_26,10,17,0.24116504854368936,0.24116504854368936,0.24116504854368936,0.05999999999999989,-0.2,-0.18116504854368945
bpr,no_minutes,ridge,season_holdout_2025_26,1,17,-1.9719857551055622,-0.9092218259759706,-1.237232114986172,-1.5570588235294118,-1.8,-0.31982670854323986
bpr,no_minutes,ridge,season_holdout_2025_26,2,16,-0.8726662790730153,-0.5473875753620461,-0.6641931953387612,-0.8525,-1.06,-0.1883068046612388
bpr,no_minutes,ridge,season_holdout_2025_26,3,16,-0.5349737083169319,-0.3264718554713415,-0.4319854454230667,-0.9218750000000001,-0.715,-0.48988955457693345
bpr,no_minutes,ridge,season_holdout_2025_26,4,16,-0.3225910512511031,-0.06102426799240224,-0.20779564990427152,-0.825625,-0.6499999999999999,-0.6178293500957286
bpr,no_minutes,ridge,season_holdout_2025_26,5,16,-0.057384906785088896,0.14005461477593462,0.0188254797793145,-0.20562499999999995,0.11,-0.22445047977931448
bpr,no_minutes,ridge,season_holdout_2025_26,6,16,0.1469165930552842,0.43194190648973385,0.293372140453223,0.4887500000000001,0.375,0.19537785954677686
bpr,no_minutes,ridge,season_holdout_2025_26,7,16,0.43975412714873885,0.6886006064317174,0.5574992899198992,0.604375,1.01,0.046875710080100885
bpr,no_minutes,ridge,season_holdout_2025_26,8,16,0.7716838212195465,1.1767929087588889,1.003176346048723,0.8931250000000001,0.875,-0.11005134604872319
bpr,no_minutes,ridge,season_holdout_2025_26,9,16,1.179415747719255,1.659988176542395,1.4158390875860065,1.150625,1.225,-0.26521408758600656
bpr,no_minutes,ridge,season_holdout_2025_26,10,17,1.6779086032452162,4.409083472694149,2.4959492605918103,1.8035294117647056,1.74,-0.6924198488271045
bpr,no_minutes,elasticnet,season_holdout_2025_26,1,17,-1.659650183255549,-0.7508851995903278,-1.0574307712794266,-1.4217647058823533,-1.62,-0.3643339346029263
bpr,no_minutes,elasticnet,season_holdout_2025_26,2,16,-0.6993027393520141,-0.35962896100139163,-0.5013894036714697,-1.130625,-1.06,-0.6292355963285304
bpr,no_minutes,elasticnet,season_holdout_2025_26,3,16,-0.35951927127905026,-0.1809488245738069,-0.2778463863331776,-0.9068750000000001,-1.405,-0.6290286136668225
bpr,no_minutes,elasticnet,season_holdout_2025_26,4,16,-0.1795764330019547,0.0018907584949571232,-0.08447128502065146,-0.5443749999999999,-0.315,-0.45990371497934845
bpr,no_minutes,elasticnet,season_holdout_2025_26,5,16,0.005683348033859059,0.22174069278735076,0.12515061333054148,-0.04874999999999999,0.03499999999999999,-0.17390061333054146
bpr,no_minutes,elasticnet,season_holdout_2025_26,6,16,0.2789117351791556,0.5093563159112529,0.4055375311991071,0.18625000000000005,0.1,-0.21928753119910707
bpr,no_minutes,elasticnet,season_holdout_2025_26,7,16,0.5171014300284007,0.8379241564670902,0.6700909989208458,0.859375,1.17,0.18928400107915422
bpr,no_minutes,elasticnet,season_holdout_2025_26,8,16,0.9052141168079448,1.3099372215800476,1.1104535513645573,0.475,0.09499999999999997,-0.6354535513645574
bpr,no_minutes,elasticnet,season_holdout_2025_26,9,16,1.327244564327226,1.6650690606747942,1.5160663759310475,1.5531249999999999,1.68,0.03705862406895243
bpr,no_minutes,elasticnet,season_holdout_2025_26,10,17,1.7418889383998417,4.650975978975714,2.6029752063962146,1.5629411764705883,1.6,-1.0400340299256268
bpr,no_minutes,random_forest,season_holdout_2025_26,1,17,-1.0888713572783424,-0.5495903964377127,-0.7313330679709324,-1.2741176470588236,-1.59,-0.5427845790878911
bpr,no_minutes,random_forest,season_holdout_2025_26,2,16,-0.5279375586362174,-0.34915693829454847,-0.43387792618655596,-1.3175,-1.225,-0.8836220738134439
bpr,no_minutes,random_forest,season_holdout_2025_26,3,16,-0.347739004110677,-0.18644114104462792,-0.27249169909618914,-0.9025000000000001,-1.08,-0.6300083009038109
bpr,no_minutes,random_forest,season_holdout_2025_26,4,16,-0.1845309575216272,-0.07261288184038184,-0.14294886686034733,-0.4,-0.265,-0.25705113313965267
bpr,no_minutes,random_forest,season_holdout_2025_26,5,16,-0.017517315017498876,0.16110712766400262,0.07214406062363124,-0.40375,0.025000000000000022,-0.47589406062363127
bpr,no_minutes,random_forest,season_holdout_2025_26,6,16,0.16227566263597518,0.3827859701409699,0.3007418082515352,-0.24875,0.36000000000000004,-0.5494918082515352
bpr,no_minutes,random_forest,season_holdout_2025_26,7,16,0.38690067329321015,0.5682936764318199,0.4743171028573746,0.62625,0.42,0.15193289714262534
bpr,no_minutes,random_forest,season_holdout_2025_26,8,16,0.6057480911796539,0.9198822330027429,0.7402842182045305,0.92625,1.27,0.18596578179546946
bpr,no_minutes,random_forest,season_holdout_2025_26,9,16,0.9496754111166613,1.3643558517666963,1.0850646963777066,1.108125,1.095,0.023060303622293415
bpr,no_minutes,random_forest,season_holdout_2025_26,10,17,1.38501876883533,2.904783981425242,1.8849683270896653,2.4082352941176475,2.66,0.5232669670279818
bpr,no_minutes,extra_trees,season_holdout_2025_26,1,17,-1.5110638690476201,-0.8280130357142861,-1.0041005952380955,-1.9394117647058824,-2.03,-0.9353111694677869
bpr,no_minutes,extra_trees,season_holdout_2025_26,2,16,-0.7432919047619043,-0.5239982738095234,-0.6195747823660714,-0.26625000000000004,-0.30000000000000004,0.3533247823660714
bpr,no_minutes,extra_trees,season_holdout_2025_26,3,16,-0.5149949404761899,-0.2979740476190474,-0.39025342075892844,-0.5812499999999999,-0.6399999999999999,-0.1909965792410715
bpr,no_minutes,extra_trees,season_holdout_2025_26,4,16,-0.28505035714285754,-0.13527565476190462,-0.21227836495535712,-0.6925000000000001,-0.585,-0.4802216350446429
bpr,no_minutes,extra_trees,season_holdout_2025_26,5,16,-0.12386625000000001,0.0634596428571429,-0.028551402529761898,-0.5475,-0.62,-0.5189485974702381
bpr,no_minutes,extra_trees,season_holdout_2025_26,6,16,0.07624226190476187,0.29909363095238084,0.1916313113839286,-0.42000000000000004,-0.1,-0.6116313113839286
bpr,no_minutes,extra_trees,season_holdout_2025_26,7,16,0.3034619047619048,0.5171269345238098,0.421850193452381,0.05875,-0.615,-0.3631001934523809
bpr,no_minutes,extra_trees,season_holdout_2025_26,8,16,0.5338591666666669,0.8837527976190471,0.7086955226934524,0.9862500000000001,0.94,0.2775544773065477
bpr,no_minutes,extra_trees,season_holdout_2025_26,9,16,0.893038690476191,1.9639455952380909,1.3346700855654758,1.3525,1.5,0.01782991443452417
bpr,no_minutes,extra_trees,season_holdout_2025_26,10,17,1.9759700297619072,3.954377083333339,2.938370782563027,2.601176470588235,2.8,-0.3371943119747918
bpr,no_minutes,gradient_boosting,season_holdout_2025_26,1,17,-2.332527892521586,-0.7973202464878457,-1.1725171020136207,-1.5970588235294116,-1.62,-0.42454172151579095
bpr,no_minutes,gradient_boosting,season_holdout_2025_26,2,16,-0.7802373190501887,-0.6106964037281188,-0.6884916967072533,-1.606875,-1.74,-0.9183833032927468
bpr,no_minutes,gradient_boosting,season_holdout_2025_26,3,16,-0.6076209060060648,-0.3905149957934778,-0.49402314175097906,-0.875,-0.87,-0.38097685824902094
bpr,no_minutes,gradient_boosting,season_holdout_2025_26,4,16,-0.3377503436258352,-0.08291213474792915,-0.2239552990293404,-0.60375,-0.5,-0.3797947009706596
bpr,no_minutes,gradient_boosting,season_holdout_2025_26,5,16,-0.054740205845030414,0.17855404406685968,0.06116612012569534,-0.1256250000000001,0.29000000000000004,-0.18679112012569546
bpr,no_minutes,gradient_boosting,season_holdout_2025_26,6,16,0.22481500023514633,0.5416338017686364,0.35535471535532864,-0.4125,-0.15999999999999998,-0.7678547153553286
bpr,no_minutes,gradient_boosting,season_holdout_2025_26,7,16,0.5621914156574099,0.9893508908883264,0.7881953805832191,0.9568750000000001,1.045,0.16867961941678078
bpr,no_minutes,gradient_boosting,season_holdout_2025_26,8,16,0.9917490218075171,1.2630215507927283,1.1391666434395695,1.416875,1.05,0.2777083565604305
bpr,no_minutes,gradient_boosting,season_holdout_2025_26,9,16,1.2829268996324397,1.9658273457277053,1.5805573992516366,1.425,1.275,-0.15555739925163659
bpr,no_minutes,gradient_boosting,season_holdout_2025_26,10,17,2.145223683729359,6.071487087113766,3.12399456469037,1.9905882352941178,2.66,-1.1334063293962529
bpr,no_minutes,hist_gradient_boosting,season_holdout_2025_26,1,17,-1.8549150834344144,-1.095471840932084,-1.320043530397532,-0.771764705882353,-1.62,0.548278824515179
bpr,no_minutes,hist_gradient_boosting,season_holdout_2025_26,2,16,-1.094942825359176,-0.6484514435928771,-0.8644258930209443,-1.0724999999999998,-1.26,-0.20807410697905576
bpr,no_minutes,hist_gradient_boosting,season_holdout_2025_26,3,16,-0.6442876231013025,-0.36742839802814325,-0.514823290032149,-0.38250000000000006,-0.625,0.132323290032149
bpr,no_minutes,hist_gradient_boosting,season_holdout_2025_26,4,16,-0.36260262736831933,-0.0460264414813628,-0.1871917243311104,-1.355,-1.835,-1.1678082756688897
bpr,no_minutes,hist_gradient_boosting,season_holdout_2025_26,5,16,-0.005019382113026794,0.29908256681938555,0.1423140355275968,0.548125,0.46499999999999997,0.40581096447240317
bpr,no_minutes,hist_gradient_boosting,season_holdout_2025_26,6,16,0.3045938275944793,0.7170268710390799,0.5319379926389775,0.4237500000000001,0.2,-0.10818799263897738
bpr,no_minutes,hist_gradient_boosting,season_holdout_2025_26,7,16,0.7206686249670581,0.9956977316882039,0.8560105404341687,0.186875,0.27,-0.6691355404341688
bpr,no_minutes,hist_gradient_boosting,season_holdout_2025_26,8,16,1.0248257145447262,1.4578995996076725,1.2271941695339743,0.08875,0.47,-1.1384441695339744
bpr,no_minutes,hist_gradient_boosting,season_holdout_2025_26,9,16,1.4949661556668834,2.010458259057789,1.7252316356814161,1.56,1.5,-0.16523163568141613
bpr,no_minutes,hist_gradient_boosting,season_holdout_2025_26,10,17,2.048798633000855,4.290015976118893,2.592914597287842,1.3323529411764705,1.74,-1.2605616561113713
bpr,no_minutes,knn,season_holdout_2025_26,1,17,-0.8937055718116738,-0.5564353135806763,-0.6542547683148756,-1.4035294117647061,-1.36,-0.7492746434498299
bpr,no_minutes,knn,season_holdout_2025_26,2,16,-0.5302873818842402,-0.30316980485934486,-0.4106420101343368,-0.705625,-1.1400000000000001,-0.2949829898656632
bpr,no_minutes,knn,season_holdout_2025_26,3,16,-0.29880944345262495,-0.15442143867413344,-0.22372306342932943,-0.588125,-0.12000000000000001,-0.3644019365706706
bpr,no_minutes,knn,season_holdout_2025_26,4,16,-0.1479759169946263,-0.059377397343366084,-0.0962525096232393,-0.20562500000000003,-0.4,-0.10937249037676075
bpr,no_minutes,knn,season_holdout_2025_26,5,16,-0.042400414179727196,0.11801661220700332,0.05040686189141984,0.349375,0.41000000000000003,0.29896813810858014
bpr,no_minutes,knn,season_holdout_2025_26,6,16,0.1259139779685289,0.4004725746016129,0.2797275048702752,0.23374999999999999,0.10500000000000001,-0.04597750487027519
bpr,no_minutes,knn,season_holdout_2025_26,7,16,0.41159294941238717,0.5946751202164258,0.492664277577779,-0.03937499999999999,0.215,-0.5320392775777789
bpr,no_minutes,knn,season_holdout_2025_26,8,16,0.6094489949778671,0.8440497132120374,0.7401375705663249,0.20187500000000005,0.41500000000000004,-0.5382625705663249
bpr,no_minutes,knn,season_holdout_2025_26,9,16,0.863975575316829,1.600989326800406,1.137432754963202,0.78375,0.8049999999999999,-0.35368275496320195
bpr,no_minutes,knn,season_holdout_2025_26,10,17,1.6847824515859764,2.91444832623997,2.1887851181585805,1.9335294117647062,1.74,-0.2552557063938747
bpr,no_minutes,svr_rbf,season_holdout_2025_26,1,17,-1.2700450075162755,-0.5631819069829864,-0.7380516168942904,-1.5535294117647058,-2.03,-0.8154777948704155
bpr,no_minutes,svr_rbf,season_holdout_2025_26,2,16,-0.5622608007674246,-0.28450134694277485,-0.42738332083288627,-1.1925000000000001,-0.985,-0.7651166791671137
bpr,no_minutes,svr_rbf,season_holdout_2025_26,3,16,-0.27627340301539083,-0.1281981557612356,-0.2057808296092229,0.07624999999999998,0.29,0.2820308296092229
bpr,no_minutes,svr_rbf,season_holdout_2025_26,4,16,-0.08103529272809307,0.11655546978856945,0.012166158373508477,-0.20375000000000004,-0.49,-0.21591615837350842
bpr,no_minutes,svr_rbf,season_holdout_2025_26,5,16,0.1287698435532172,0.2644743713169977,0.21164078832877625,-1.07125,-1.185,-1.2828907883287761
bpr,no_minutes,svr_rbf,season_holdout_2025_26,6,16,0.26769898793211394,0.48611640115095467,0.4013304167785686,-0.40750000000000003,-0.18499999999999997,-0.8088304167785686
bpr,no_minutes,svr_rbf,season_holdout_2025_26,7,16,0.4982575073084714,0.7317918631498407,0.6059467552452868,0.528125,0.365,-0.07782175524528687
bpr,no_minutes,svr_rbf,season_holdout_2025_26,8,16,0.7324372895612381,0.9745661596271314,0.8614203245156663,1.51375,1.73,0.6523296754843337
bpr,no_minutes,svr_rbf,season_holdout_2025_26,9,16,1.0174637618005773,1.6215171465764893,1.2651260784792524,0.99375,0.94,-0.2713760784792523
bpr,no_minutes,svr_rbf,season_holdout_2025_26,10,17,1.6384979238264523,3.9354515071491063,2.1617066768082,1.8888235294117646,1.74,-0.27288314739643527
bpr,with_minutes,mean,season_holdout_2025_26,1,17,0.24116504854368936,0.24116504854368936,0.24116504854368936,-0.8447058823529412,-1.21,-1.0858709308966308
bpr,with_minutes,mean,season_holdout_2025_26,2,16,0.24116504854368936,0.24116504854368936,0.24116504854368936,-0.396875,-0.505,-0.6380400485436895
bpr,with_minutes,mean,season_holdout_2025_26,3,16,0.24116504854368936,0.24116504854368936,0.24116504854368936,-0.41000000000000003,-0.37,-0.6511650485436895
bpr,with_minutes,mean,season_holdout_2025_26,4,16,0.24116504854368936,0.24116504854368936,0.24116504854368936,0.5350000000000001,0.86,0.29383495145631067
bpr,with_minutes,mean,season_holdout_2025_26,5,16,0.24116504854368936,0.24116504854368936,0.24116504854368936,0.74625,0.895,0.5050849514563105
bpr,with_minutes,mean,season_holdout_2025_26,6,16,0.24116504854368936,0.24116504854368936,0.24116504854368936,-0.125,-0.22499999999999998,-0.36616504854368936
bpr,with_minutes,mean,season_holdout_2025_26,7,16,0.24116504854368936,0.24116504854368936,0.24116504854368936,0.45562500000000006,0.8,0.21445995145631067
bpr,with_minutes,mean,season_holdout_2025_26,8,16,0.24116504854368936,0.24116504854368936,0.24116504854368936,0.7474999999999999,0.495,0.5063349514563106
bpr,with_minutes,mean,season_holdout_2025_26,9,16,0.24116504854368936,0.24116504854368936,0.24116504854368936,-0.12562500000000001,-0.55,-0.36679004854368935
bpr,with_minutes,mean,season_holdout_2025_26,10,17,0.24116504854368936,0.24116504854368936,0.24116504854368936,0.05999999999999989,-0.2,-0.18116504854368945
bpr,with_minutes,ridge,season_holdout_2025_26,1,17,-3.184550310307231,-1.2647727355771625,-1.8761083305954818,-2.1752941176470593,-1.97,-0.29918578705157706
bpr,with_minutes,ridge,season_holdout_2025_26,2,16,-1.2504298091188817,-0.9877298863319656,-1.120719694375584,-1.009375,-0.675,0.11134469437558378
bpr,with_minutes,ridge,season_holdout_2025_26,3,16,-0.9826616094521762,-0.5782583703976508,-0.7737526690980451,-1.174375,-0.835,-0.4006223309019549
bpr,with_minutes,ridge,season_holdout_2025_26,4,16,-0.5368750577076687,-0.22156908035102407,-0.3733577841507649,-0.15750000000000008,-0.56,0.21585778415076487
bpr,with_minutes,ridge,season_holdout_2025_26,5,16,-0.21387157594650053,0.14117951307570398,-0.026753705091710947,-0.37875,-0.55,-0.351996294908289
bpr,with_minutes,ridge,season_holdout_2025_26,6,16,0.15943970088556714,0.4358131237174694,0.291271998561908,-0.32125,-0.12499999999999999,-0.612521998561908
bpr,with_minutes,ridge,season_holdout_2025_26,7,16,0.49167942678818444,0.8353716786467735,0.6580291979779365,0.46624999999999994,0.235,-0.19177919797793652
bpr,with_minutes,ridge,season_holdout_2025_26,8,16,0.8690024448702084,1.2895494366070799,1.0576098249669554,1.413125,1.0150000000000001,0.35551517503304464
bpr,with_minutes,ridge,season_holdout_2025_26,9,16,1.2995636487905013,2.0116960180623953,1.5975267136526445,1.466875,1.525,-0.13065171365264455
bpr,with_minutes,ridge,season_holdout_2025_26,10,17,2.028558327516138,5.318699437352095,2.8486173412310323,2.4464705882352944,2.66,-0.4021467529957385
bpr,with_minutes,elasticnet,season_holdout_2025_26,1,17,-2.8049471691986283,-1.3045533439989114,-1.8190919493659887,-2.081176470588236,-1.84,-0.2620845212222467
bpr,with_minutes,elasticnet,season_holdout_2025_26,2,16,-1.2460805984402106,-0.9033800675924268,-1.094021002323677,-1.2650000000000001,-1.2149999999999999,-0.17097899767632285
bpr,with_minutes,elasticnet,season_holdout_2025_26,3,16,-0.8871282662174289,-0.5207859921380429,-0.6952329460043774,-0.9675,-0.375,-0.2722670539956228
bpr,with_minutes,elasticnet,season_holdout_2025_26,4,16,-0.416737535167681,-0.21521834491885683,-0.30479637972864243,-0.31750000000000006,-0.97,-0.012703620271357685
bpr,with_minutes,elasticnet,season_holdout_2025_26,5,16,-0.19204569647871783,0.16165613030677384,0.035306950908425144,-0.16750000000000004,-0.4,-0.20280695090842515
bpr,with_minutes,elasticnet,season_holdout_2025_26,6,16,0.16829795411757886,0.5257628432712642,0.3290857548474573,-0.328125,-0.27499999999999997,-0.6572107548474572
bpr,with_minutes,elasticnet,season_holdout_2025_26,7,16,0.5285449173453172,0.8504815128519425,0.6656420342565912,0.15562500000000004,-0.095,-0.5100170342565912
bpr,with_minutes,elasticnet,season_holdout_2025_26,8,16,0.8666050818515167,1.2694369991561938,1.0951439502360043,1.7775,1.7850000000000001,0.6823560497639959
bpr,with_minutes,elasticnet,season_holdout_2025_26,9,16,1.3075356828019498,1.996870219064819,1.6382044989833209,1.31875,1.155,-0.3194544989833209
bpr,with_minutes,elasticnet,season_holdout_2025_26,10,17,2.0422895742342635,5.234835725560897,2.8886640802078145,2.4452941176470584,2.66,-0.4433699625607556
bpr,with_minutes,random_forest,season_holdout_2025_26,1,17,-1.5846242127036845,-1.0651686341033622,-1.237715328415602,-1.9000000000000004,-1.84,-0.6622846715843979
bpr,with_minutes,random_forest,season_holdout_2025_26,2,16,-1.036809912650667,-0.7396844269456043,-0.8492310501014967,-1.274375,-1.7399999999999998,-0.4251439498985034
bpr,with_minutes,random_forest,season_holdout_2025_26,3,16,-0.7280798878266346,-0.5344505301887652,-0.6236501249611792,-0.33499999999999996,-0.21500000000000002,0.2886501249611792
bpr,with_minutes,random_forest,season_holdout_2025_26,4,16,-0.5212232727974634,-0.29624548278110785,-0.39837028990476275,-0.8725,-0.6499999999999999,-0.4741297100952372
bpr,with_minutes,random_forest,season_holdout_2025_26,5,16,-0.289964416279992,0.010172996701011397,-0.09015256338451602,0.07750000000000001,0.33,0.16765256338451603
bpr,with_minutes,random_forest,season_holdout_2025_26,6,16,0.019386987679395756,0.3554427251669898,0.1826843922189311,0.37625,-0.095,0.1935656077810689
bpr,with_minutes,random_forest,season_holdout_2025_26,7,16,0.3889984820469564,0.5436399899877599,0.4477420269156153,0.54375,0.6799999999999999,0.09600797308438466
bpr,with_minutes,random_forest,season_holdout_2025_26,8,16,0.561481101017039,0.8149351368423235,0.6958118198888434,-0.28625,0.13999999999999999,-0.9820618198888434
bpr,with_minutes,random_forest,season_holdout_2025_26,9,16,0.851060036652482,1.7017462801149028,1.2675482938997011,1.7181250000000001,2.23,0.450576706100299
bpr,with_minutes,random_forest,season_holdout_2025_26,10,17,1.728510188110501,3.0003237002233845,2.245977075666043,2.5076470588235296,2.66,0.26166998315748663
bpr,with_minutes,extra_trees,season_holdout_2025_26,1,17,-1.9725375595238075,-1.0490282142857141,-1.3021140248599439,-2.0847058823529414,-1.97,-0.7825918574929976
bpr,with_minutes,extra_trees,season_holdout_2025_26,2,16,-1.042114761904762,-0.7192300595238094,-0.9099802418154762,-1.553125,-1.815,-0.6431447581845238
bpr,with_minutes,extra_trees,season_holdout_2025_26,3,16,-0.6951286904761906,-0.46916434523809514,-0.5635474758184522,-0.8875,-0.655,-0.32395252418154774
bpr,with_minutes,extra_trees,season_holdout_2025_26,4,16,-0.4687105357142862,-0.30361142857142864,-0.3976561569940477,-0.19187500000000002,-0.345,0.2057811569940477
bpr,with_minutes,extra_trees,season_holdout_2025_26,5,16,-0.30260446428571436,-0.03075714285714288,-0.1645303515625,0.00874999999999998,-0.115,0.1732803515625
bpr,with_minutes,extra_trees,season_holdout_2025_26,6,16,0.006758809523809499,0.2957047619047619,0.1558725223214286,-0.09874999999999995,-0.06999999999999999,-0.25462252232142857
bpr,with_minutes,extra_trees,season_holdout_2025_26,7,16,0.30752380952380975,0.6179638690476188,0.4628888839285714,-0.008125000000000021,0.395,-0.47101388392857146
bpr,with_minutes,extra_trees,season_holdout_2025_26,8,16,0.6278335714285717,1.1198755357142864,0.8453227492559524,0.75,0.765,-0.09532274925595244
bpr,with_minutes,extra_trees,season_holdout_2025_26,9,16,1.185216904761904,1.901072678571429,1.5183618377976191,1.91125,1.635,0.39288816220238093
bpr,with_minutes,extra_trees,season_holdout_2025_26,10,17,1.9486124999999992,3.6912737500000032,2.4595023844537813,2.708235294117647,2.79,0.24873290966386535
bpr,with_minutes,gradient_boosting,season_holdout_2025_26,1,17,-2.03153860686989,-1.1372202754787977,-1.5169303454479384,-2.12,-1.97,-0.6030696545520617
bpr,with_minutes,gradient_boosting,season_holdout_2025_26,2,16,-1.1344554340896262,-0.8645164683205979,-0.9970381175520538,-1.64125,-1.73,-0.644211882447946
bpr,with_minutes,gradient_boosting,season_holdout_2025_26,3,16,-0.858283209723311,-0.5737205251185504,-0.7085648369319678,-0.44750000000000006,-0.385,0.2610648369319677
bpr,with_minutes,gradient_boosting,season_holdout_2025_26,4,16,-0.5517989727955882,-0.3392994110603314,-0.42660454595197794,-0.7349999999999999,-0.6699999999999999,-0.30839545404802204
bpr,with_minutes,gradient_boosting,season_holdout_2025_26,5,16,-0.3333779132209697,-0.05980463095609457,-0.20560531622901487,-0.24687499999999996,-0.49,-0.04126968377098511
bpr,with_minutes,gradient_boosting,season_holdout_2025_26,6,16,-0.04381100350871732,0.2590027170053017,0.09373578847898316,-0.278125,-0.825,-0.3718607884789831
bpr,with_minutes,gradient_boosting,season_holdout_2025_26,7,16,0.30014773943814943,0.6560225258425136,0.44622524359077964,0.421875,0.24000000000000002,-0.024350243590779697
bpr,with_minutes,gradient_boosting,season_holdout_2025_26,8,16,0.6644801574122057,1.0837724686633505,0.8542076497543333,1.105,1.205,0.2507923502456666
bpr,with_minutes,gradient_boosting,season_holdout_2025_26,9,16,1.165878615112708,1.8627469722112857,1.5221682259564933,1.956875,2.435,0.4347067740435066
bpr,with_minutes,gradient_boosting,season_holdout_2025_26,10,17,1.8722283491474618,5.270941867973981,2.941344693559397,2.551176470588235,2.76,-0.39016822297116177
bpr,with_minutes,hist_gradient_boosting,season_holdout_2025_26,1,17,-2.466664194288557,-1.2643675925997595,-1.721071242796872,-2.5452941176470585,-2.22,-0.8242228748501867
bpr,with_minutes,hist_gradient_boosting,season_holdout_2025_26,2,16,-1.2621460942039586,-0.8636094050182703,-1.032733286382138,-0.9025,-0.825,0.13023328638213794
bpr,with_minutes,hist_gradient_boosting,season_holdout_2025_26,3,16,-0.8598855580137531,-0.5868877667985457,-0.728323037699284,-0.06187500000000007,0.42000000000000004,0.666448037699284
bpr,with_minutes,hist_gradient_boosting,season_holdout_2025_26,4,16,-0.5479443420444785,-0.11236620165386141,-0.29748187365773726,-0.339375,-0.46499999999999997,-0.041893126342262776
bpr,with_minutes,hist_gradient_boosting,season_holdout_2025_26,5,16,-0.10499602091092919,0.1746046237911058,0.03996565919601024,-0.24874999999999997,-0.11000000000000001,-0.2887156591960102
bpr,with_minutes,hist_gradient_boosting,season_holdout_2025_26,6,16,0.19074862031168846,0.3916088153898076,0.28808809156663373,0.5875,0.25,0.2994119084333664
bpr,with_minutes,hist_gradient_boosting,season_holdout_2025_26,7,16,0.42348946139270655,0.7987139476756773,0.6110350287889222,-0.016874999999999918,0.11,-0.6279100287889222
bpr,with_minutes,hist_gradient_boosting,season_holdout_2025_26,8,16,0.829029580825377,1.376039555020669,1.1035125943754451,1.211875,1.67,0.10836240562455499
bpr,with_minutes,hist_gradient_boosting,season_holdout_2025_26,9,16,1.3816264206542777,1.854207285688736,1.6184243087894976,0.8518749999999999,0.8,-0.7665493087894976
bpr,with_minutes,hist_gradient_boosting,season_holdout_2025_26,10,17,2.024669980297006,3.829249822710468,2.631605889759756,2.085294117647059,2.14,-0.5463117721126969
bpr,with_minutes,knn,season_holdout_2025_26,1,17,-1.0809472272384764,-0.5847651846315481,-0.7329223147578466,-1.3158823529411765,-1.58,-0.5829600381833299
bpr,with_minutes,knn,season_holdout_2025_26,2,16,-0.5840882709892549,-0.4455892157691865,-0.5147926062771686,-1.053125,-1.63,-0.5383323937228314
bpr,with_minutes,knn,season_holdout_2025_26,3,16,-0.4302676349123846,-0.20047054882783283,-0.310711984593266,-0.9775000000000001,-1.35,-0.6667880154067342
bpr,with_minutes,knn,season_holdout_2025_26,4,16,-0.1866656268447529,0.0046389337931729314,-0.0770720363908552,0.17562500000000003,0.275,0.25269703639085517
bpr,with_minutes,knn,season_holdout_2025_26,5,16,0.02471347248803224,0.13761039596541405,0.0973397963714385,-0.485,-0.685,-0.5823397963714385
bpr,with_minutes,knn,season_holdout_2025_26,6,16,0.14800608475229496,0.3407971438571177,0.24342727333797975,0.45125000000000004,0.15999999999999998,0.20782272666202029
bpr,with_minutes,knn,season_holdout_2025_26,7,16,0.3469839320559661,0.616264760150841,0.49168192944791594,-0.3387500000000001,-0.8599999999999999,-0.8304319294479161
bpr,with_minutes,knn,season_holdout_2025_26,8,16,0.620739551262964,0.890536398661452,0.7642125388327625,1.388125,1.0750000000000002,0.6239124611672373
bpr,with_minutes,knn,season_holdout_2025_26,9,16,0.894888664424906,1.4541706103691867,1.1406867920973638,0.7662500000000001,0.64,-0.37443679209736375
bpr,with_minutes,knn,season_holdout_2025_26,10,17,1.5132118553286178,3.0016094241714475,1.9704707290348467,1.9429411764705884,2.24,-0.027529552564258344
bpr,with_minutes,svr_rbf,season_holdout_2025_26,1,17,-1.3815292363912737,-0.7834295903517009,-1.086151270946736,-1.8423529411764703,-1.84,-0.7562016702297345
bpr,with_minutes,svr_rbf,season_holdout_2025_26,2,16,-0.7381196922575296,-0.38608600081380906,-0.5153626408735239,-1.2325000000000002,-1.1400000000000001,-0.7171373591264761
bpr,with_minutes,svr_rbf,season_holdout_2025_26,3,16,-0.381446259807256,-0.18224041170276684,-0.27195931406966856,0.21500000000000002,0.47000000000000003,0.48695931406966864
bpr,with_minutes,svr_rbf,season_holdout_2025_26,4,16,-0.1634914923618006,0.03490245494764166,-0.0796103383705106,-0.7837500000000001,-0.925,-0.7041396616294895
bpr,with_minutes,svr_rbf,season_holdout_2025_26,5,16,0.05385580826217673,0.19557629855053327,0.1351751768846314,-0.7181249999999999,-0.74,-0.8533001768846314
bpr,with_minutes,svr_rbf,season_holdout_2025_26,6,16,0.23788193451119966,0.46097190453287656,0.3640386471871133,-0.08937500000000001,-0.01999999999999999,-0.4534136471871133
bpr,with_minutes,svr_rbf,season_holdout_2025_26,7,16,0.46324212047526103,0.7387490157910958,0.5777920808323194,0.33875,0.54,-0.23904208083231943
bpr,with_minutes,svr_rbf,season_holdout_2025_26,8,16,0.7604635319254142,1.0932556413670471,0.9304929927915118,0.719375,0.725,-0.2111179927915118
bpr,with_minutes,svr_rbf,season_holdout_2025_26,9,16,1.1079465555503256,1.487433469696744,1.2669555972680444,1.56375,1.0550000000000002,0.2967944027319556
bpr,with_minutes,svr_rbf,season_holdout_2025_26,10,17,1.5370522814920289,4.167738082867471,2.3075519950265124,2.388235294117647,2.24,0.08068329909113467
porpag,no_minutes,mean,season_holdout_2025_26,1,23,1.0154079452456577,1.0154079452456577,1.0154079452456581,0.4846006426086957,0.364153,-0.530807302636962
porpag,no_minutes,mean,season_holdout_2025_26,2,23,1.0154079452456577,1.0154079452456577,1.0154079452456581,0.6084738304347825,0.475843,-0.4069341148108751
porpag,no_minutes,mean,season_holdout_2025_26,3,22,1.0154079452456577,1.0154079452456577,1.0154079452456581,1.070978886363636,0.88567,0.05557094111797867
porpag,no_minutes,mean,season_holdout_2025_26,4,23,1.0154079452456577,1.0154079452456577,1.0154079452456581,0.542700443478261,0.370591,-0.4727075017673968
porpag,no_minutes,mean,season_holdout_2025_26,5,23,1.0154079452456577,1.0154079452456577,1.0154079452456581,1.301959217391304,1.19394,0.28655127214564663
porpag,no_minutes,mean,season_holdout_2025_26,6,22,1.0154079452456577,1.0154079452456577,1.0154079452456581,0.8786277045454546,0.67477,-0.13678024070020314
porpag,no_minutes,mean,season_holdout_2025_26,7,23,1.0154079452456577,1.0154079452456577,1.0154079452456581,0.8848697869565219,0.925762,-0.13053815828913598
porpag,no_minutes,mean,season_holdout_2025_26,8,22,1.0154079452456577,1.0154079452456577,1.0154079452456581,1.3830416727272727,1.16591,0.36763372748161505
porpag,no_minutes,mean,season_holdout_2025_26,9,23,1.0154079452456577,1.0154079452456577,1.0154079452456581,0.6054559434782608,0.440335,-0.4099520017673968
porpag,no_minutes,mean,season_holdout_2025_26,10,23,1.0154079452456577,1.0154079452456577,1.0154079452456581,0.8945372569565216,0.66175,-0.1208706882891359
porpag,no_minutes,ridge,season_holdout_2025_26,1,23,0.04647902305026519,0.46845887751669957,0.2843707748187186,0.3324419826086956,0.172286,0.048071207789976936
porpag,no_minutes,ridge,season_holdout_2025_26,2,23,0.49234966679849623,0.7097150110025195,0.5697139794266157,0.4081541478260869,0.13675,-0.16155983160052875
porpag,no_minutes,ridge,season_holdout_2025_26,3,22,0.7106247772559985,0.8557102604746011,0.7747410085213855,0.332618,0.326841,-0.4421230085213857
porpag,no_minutes,ridge,season_holdout_2025_26,4,23,0.8593569702433786,0.9834040777469131,0.920970951102363,0.9569283521739129,0.655691,0.03595740107154987
porpag,no_minutes,ridge,season_holdout_2025_26,5,23,0.9892008948339225,1.0717934902470763,1.0308637056027956,0.8995511513043478,0.895064,-0.13131255429844751
porpag,no_minutes,ridge,season_holdout_2025_26,6,22,1.0784635372203297,1.1888191170244145,1.1278973773609964,0.768056909090909,0.7509945,-0.35984046827008775
porpag,no_minutes,ridge,season_holdout_2025_26,7,23,1.1889050283671285,1.3143584310478997,1.2534120473772572,0.9239344434782611,0.734288,-0.32947760389899633
porpag,no_minutes,ridge,season_holdout_2025_26,8,22,1.3146173081889772,1.4188938131112927,1.3630176667559433,1.2024967636363637,1.15239,-0.16052090311957984
porpag,no_minutes,ridge,season_holdout_2025_26,9,23,1.4201527235356288,1.6523541313780827,1.529024131625024,1.4374645917391304,1.26663,-0.09155953988589369
porpag,no_minutes,ridge,season_holdout_2025_26,10,23,1.662146333954072,2.3853682922921484,1.9049704602031337,1.3488391913043478,1.49826,-0.556131268898786
porpag,no_minutes,elasticnet,season_holdout_2025_26,1,23,0.2343671658625197,0.5956118652822797,0.47356040137805416,0.43285,0.234921,-0.040710401378054095
porpag,no_minutes,elasticnet,season_holdout_2025_26,2,23,0.6047462664339719,0.7898184885615662,0.7019779710120535,0.47316362608695645,0.13675,-0.228814344925097
porpag,no_minutes,elasticnet,season_holdout_2025_26,3,22,0.8000633748858057,0.905387622328952,0.8602843337228123,0.3638785636363636,0.26849900000000004,-0.4964057700864488
porpag,no_minutes,elasticnet,season_holdout_2025_26,4,23,0.9068338071254634,1.0259458364571163,0.9570977663797775,0.528325816521739,0.26059,-0.42877194985803824
porpag,no_minutes,elasticnet,season_holdout_2025_26,5,23,1.0289549428391076,1.1654853158547125,1.1013328151910906,0.9108516695652173,0.895064,-0.1904811456258733
porpag,no_minutes,elasticnet,season_holdout_2025_26,6,22,1.170673154899374,1.231573549723954,1.1973377923048576,0.8556763636363635,0.60327,-0.3416614286684939
porpag,no_minutes,elasticnet,season_holdout_2025_26,7,23,1.2324137117751806,1.3074208450425129,1.2677155168262109,1.35156987,1.04923,0.08385435317378942
porpag,no_minutes,elasticnet,season_holdout_2025_26,8,22,1.3122146171634914,1.439011711586821,1.381360890816652,0.9147504636363638,1.0257209999999999,-0.46661042718028833
porpag,no_minutes,elasticnet,season_holdout_2025_26,9,23,1.4509292794210478,1.6320717593338006,1.5501480176060995,1.4881139565217392,1.3337,-0.062034061084360256
porpag,no_minutes,elasticnet,season_holdout_2025_26,10,23,1.6468001651462336,2.144124065369911,1.8370117957332963,1.2839631913043479,1.3794,-0.5530486044289482
porpag,no_minutes,random_forest,season_holdout_2025_26,1,23,0.15217619437131968,0.6624658153996101,0.4859260034357053,0.5081573478260869,0.244293,0.02223134439038158
porpag,no_minutes,random_forest,season_holdout_2025_26,2,23,0.6656918932433992,0.8107294607512422,0.7444316981490099,0.15802768260869565,0.0930604,-0.5864040155403143
porpag,no_minutes,random_forest,season_holdout_2025_26,3,22,0.8376320094499925,0.916114540955883,0.8814846757558399,0.3085995686363636,0.050553605,-0.5728851071194764
porpag,no_minutes,random_forest,season_holdout_2025_26,4,23,0.9228620810787107,1.0222709917137425,0.9706236027724304,0.7814534217391305,0.642325,-0.1891701810332999
porpag,no_minutes,random_forest,season_holdout_2025_26,5,23,1.0270256783436171,1.1126450885660741,1.0671750867757255,0.8266782217391306,0.525061,-0.2404968650365951
porpag,no_minutes,random_forest,season_holdout_2025_26,6,22,1.1186641560627621,1.2243089645462868,1.1682304463833317,0.7485553045454545,0.7817685000000001,-0.4196751418378773
porpag,no_minutes,random_forest,season_holdout_2025_26,7,23,1.225245333263941,1.3331349578214684,1.2809688279259692,1.2041109826086955,1.29975,-0.07685784531727355
porpag,no_minutes,random_forest,season_holdout_2025_26,8,22,1.3352423376192346,1.4651628475718732,1.394403973147237,1.1174906090909091,1.15239,-0.27691336405632794
porpag,no_minutes,random_forest,season_holdout_2025_26,9,23,1.4688764283842988,1.658946760350809,1.5486053816667482,1.4057898469565215,1.49826,-0.14281553471022637
porpag,no_minutes,random_forest,season_holdout_2025_26,10,23,1.7101870380832596,2.2580966920804113,1.8907497394032318,1.546034452173913,1.3794,-0.34471528722931843
porpag,no_minutes,extra_trees,season_holdout_2025_26,1,23,0.20956011152398785,0.6496506898851188,0.4470676006980631,0.6080168260869566,0.244293,0.1609492253888933
porpag,no_minutes,extra_trees,season_holdout_2025_26,2,23,0.6509888593224643,0.8251193375776193,0.751467201202752,0.1885288565217391,0.0660161,-0.562938344681013
porpag,no_minutes,extra_trees,season_holdout_2025_26,3,22,0.8512388784780359,0.9415941238735713,0.9012038971296957,0.5870417504545455,0.3346895,-0.31416214667515024
porpag,no_minutes,extra_trees,season_holdout_2025_26,4,23,0.9420072911754162,1.0627284802247021,0.9938698503867912,0.287054752173913,0.109275,-0.7068150982128781
porpag,no_minutes,extra_trees,season_holdout_2025_26,5,23,1.0731355244798584,1.132506929606308,1.1017775441424316,0.8870766565217392,0.891182,-0.21470088762069253
porpag,no_minutes,extra_trees,season_holdout_2025_26,6,22,1.1418452420848808,1.2330512426929756,1.1888098305399601,0.8221221954545453,0.771346,-0.3666876350854149
porpag,no_minutes,extra_trees,season_holdout_2025_26,7,23,1.2372967403350705,1.329614638889285,1.280864879047,0.9251407599999998,0.734288,-0.3557241190470002
porpag,no_minutes,extra_trees,season_holdout_2025_26,8,22,1.342488919756905,1.455367352090833,1.4035165923080821,1.5282570818181818,1.47079,0.1247404895100998
porpag,no_minutes,extra_trees,season_holdout_2025_26,9,23,1.4565775637262848,1.633447281632715,1.5469570179379228,1.2766723913043478,1.30053,-0.27028462663357505
porpag,no_minutes,extra_trees,season_holdout_2025_26,10,23,1.6346263479921421,2.3011633851839295,1.840653694481631,1.5281503217391303,1.3794,-0.31250337274250006
porpag,no_minutes,gradient_boosting,season_holdout_2025_26,1,23,-0.3289818381682217,0.5247698588412968,0.24326452495669598,0.5885651739130434,0.244293,0.34530064895634743
porpag,no_minutes,gradient_boosting,season_holdout_2025_26,2,23,0.5698442204296807,0.7532905346648281,0.6491680449424226,0.3623152608695652,0.325167,-0.28685278407285736
porpag,no_minutes,gradient_boosting,season_holdout_2025_26,3,22,0.7551828670594938,0.848537288004717,0.8068860829142651,0.6392083454545454,0.807331,-0.16767773745971962
porpag,no_minutes,gradient_boosting,season_holdout_2025_26,4,23,0.8620973489167525,0.9372170099093492,0.9058307240529859,0.7115362086956524,0.268102,-0.19429451535733372
porpag,no_minutes,gradient_boosting,season_holdout_2025_26,5,23,0.939971761206585,1.073613009492133,0.993848511483223,0.5097863439130434,0.440335,-0.4840621675701794
porpag,no_minutes,gradient_boosting,season_holdout_2025_26,6,22,1.0837638871804183,1.1868954756528423,1.13708454208548,1.2276130636363636,1.12367,0.0905285215508833
porpag,no_minutes,gradient_boosting,season_holdout_2025_26,7,23,1.187934843672169,1.2715182888189551,1.222859100294783,0.9285404426086958,0.642325,-0.2943186576860873
porpag,no_minutes,gradient_boosting,season_holdout_2025_26,8,22,1.3071631233458905,1.5002692807500797,1.39858011640366,0.8796839090909091,0.7509945,-0.5188962073127507
porpag,no_minutes,gradient_boosting,season_holdout_2025_26,9,23,1.5047431183065052,1.817475057111392,1.6337004644898006,1.0298245217391304,1.19394,-0.6038759427506701
porpag,no_minutes,gradient_boosting,season_holdout_2025_26,10,23,1.8301244229830491,2.6376618854600333,2.0793130932401747,1.752687639130435,2.14099,-0.32662545410974025
porpag,no_minutes,hist_gradient_boosting,season_holdout_2025_26,1,23,-0.6172918005274868,0.487891130546273,0.198627244664452,0.3792394173913043,0.041649,0.18061217272685234
porpag,no_minutes,hist_gradient_boosting,season_holdout_2025_26,2,23,0.49050314735273215,0.7398948138566455,0.6206493857745224,0.5061971565217391,0.482912,-0.11445222925278328
porpag,no_minutes,hist_gradient_boosting,season_holdout_2025_26,3,22,0.7425350189834689,0.872496269030326,0.8191516105921856,0.4592234227272728,0.2561975,-0.35992818786491276
porpag,no_minutes,hist_gradient_boosting,season_holdout_2025_26,4,23,0.8764723370649926,1.0423183063139831,0.9631180774283669,0.7821393917391302,0.525061,-0.18097868568923675
porpag,no_minutes,hist_gradient_boosting,season_holdout_2025_26,5,23,1.05620629682722,1.2016374629279436,1.109597994080774,0.9182998913043479,0.66175,-0.19129810277642625
porpag,no_minutes,hist_gradient_boosting,season_holdout_2025_26,6,22,1.2062165321313485,1.3217299053419385,1.2742969977054912,0.7166479863636362,0.4692275,-0.5576490113418548
porpag,no_minutes,hist_gradient_boosting,season_holdout_2025_26,7,23,1.3249567121534167,1.4511891810084387,1.3918246816999018,1.1013471130434787,0.895064,-0.2904775686564237
porpag,no_minutes,hist_gradient_boosting,season_holdout_2025_26,8,22,1.4540516860845956,1.6140184627782257,1.551386513117495,1.263068512727273,1.1491500000000001,-0.2883180003902226
porpag,no_minutes,hist_gradient_boosting,season_holdout_2025_26,9,23,1.626939993379822,1.914347811925651,1.7680735896104869,0.8606029999999999,0.708306,-0.9074705896104868
porpag,no_minutes,hist_gradient_boosting,season_holdout_2025_26,10,23,1.9379768294466033,2.798627355658526,2.1493536738875028,1.6296226086956522,1.85691,-0.5197310651918504
porpag,no_minutes,knn,season_holdout_2025_26,1,23,0.23125886190347075,0.6697326045526438,0.5002809186424431,0.4491986565217391,0.177494,-0.05108226212070401
porpag,no_minutes,knn,season_holdout_2025_26,2,23,0.670977832320831,0.8941678926283724,0.8131384018935115,0.556788795652174,0.496593,-0.25634960624133746
porpag,no_minutes,knn,season_holdout_2025_26,3,22,0.895615748007169,1.0407303991441579,0.9777983478217702,0.2943820954545455,0.1383003,-0.6834162523672247
porpag,no_minutes,knn,season_holdout_2025_26,4,23,1.0473017315039994,1.1805302033518366,1.1139321805948788,0.8204882134782608,0.550849,-0.293443967116618
porpag,no_minutes,knn,season_holdout_2025_26,5,23,1.184083047276908,1.2788280643338066,1.230009074200298,1.3327488904347826,1.08577,0.10273981623448478
porpag,no_minutes,knn,season_holdout_2025_26,6,22,1.2801449124197612,1.3568350792104273,1.3218566543686163,0.6925894318181819,0.21650399999999997,-0.6292672225504344
porpag,no_minutes,knn,season_holdout_2025_26,7,23,1.3599977816495883,1.4554596807625175,1.4039903030234966,0.8168827391304351,0.74954,-0.587107563893062
porpag,no_minutes,knn,season_holdout_2025_26,8,22,1.456273582625247,1.5956325139196053,1.532767142770792,1.1709595909090906,1.2361,-0.3618075518617014
porpag,no_minutes,knn,season_holdout_2025_26,9,23,1.6123392051650067,1.7952829190315878,1.694173961681763,0.9454749652173914,0.813066,-0.7486989964643717
porpag,no_minutes,knn,season_holdout_2025_26,10,23,1.798061669517297,2.3304989143478134,1.9953837480404417,1.524657347826087,1.62666,-0.4707264002143546
porpag,no_minutes,svr_rbf,season_holdout_2025_26,1,23,-0.06983734133809871,0.5474222644238025,0.33335123166915553,0.5353482608695653,0.172286,0.2019970292004097
porpag,no_minutes,svr_rbf,season_holdout_2025_26,2,23,0.5573271120301923,0.7234709049066115,0.6449939575884827,0.22325643913043478,0.158832,-0.42173751845804797
porpag,no_minutes,svr_rbf,season_holdout_2025_26,3,22,0.7262536547983429,0.888638349687585,0.8160798789396847,0.549454405,0.25337699999999996,-0.2666254739396848
porpag,no_minutes,svr_rbf,season_holdout_2025_26,4,23,0.89128598150288,1.017327443811392,0.9661054815793506,0.7329912913043478,0.510921,-0.2331141902750027
porpag,no_minutes,svr_rbf,season_holdout_2025_26,5,23,1.039301409374755,1.1190246695683328,1.0747642471413699,0.8063724086956523,0.789573,-0.2683918384457178
porpag,no_minutes,svr_rbf,season_holdout_2025_26,6,22,1.1223058874100311,1.2735972661320178,1.1979869769647231,0.7476954227272727,0.8410145,-0.45029155423745043
porpag,no_minutes,svr_rbf,season_holdout_2025_26,7,23,1.27583768946546,1.380314775901434,1.327024923660004,1.3265988469565217,0.788205,-0.0004260767034825016
porpag,no_minutes,svr_rbf,season_holdout_2025_26,8,22,1.380713175625159,1.526387030991084,1.4597467189469384,1.17636615,1.110815,-0.2833805689469384
porpag,no_minutes,svr_rbf,season_holdout_2025_26,9,23,1.5269471394573957,1.628909818018383,1.575246301386443,1.1878106086956521,1.29975,-0.387435692690791
porpag,no_minutes,svr_rbf,season_holdout_2025_26,10,23,1.631992391907097,2.4766217295978374,1.852088647204649,1.3319979739130436,1.40883,-0.5200906732916053
porpag,with_minutes,mean,season_holdout_2025_26,1,23,1.0154079452456577,1.0154079452456577,1.0154079452456581,0.4846006426086957,0.364153,-0.530807302636962
porpag,with_minutes,mean,season_holdout_2025_26,2,23,1.0154079452456577,1.0154079452456577,1.0154079452456581,0.6084738304347825,0.475843,-0.4069341148108751
porpag,with_minutes,mean,season_holdout_2025_26,3,22,1.0154079452456577,1.0154079452456577,1.0154079452456581,1.070978886363636,0.88567,0.05557094111797867
porpag,with_minutes,mean,season_holdout_2025_26,4,23,1.0154079452456577,1.0154079452456577,1.0154079452456581,0.542700443478261,0.370591,-0.4727075017673968
porpag,with_minutes,mean,season_holdout_2025_26,5,23,1.0154079452456577,1.0154079452456577,1.0154079452456581,1.301959217391304,1.19394,0.28655127214564663
porpag,with_minutes,mean,season_holdout_2025_26,6,22,1.0154079452456577,1.0154079452456577,1.0154079452456581,0.8786277045454546,0.67477,-0.13678024070020314
porpag,with_minutes,mean,season_holdout_2025_26,7,23,1.0154079452456577,1.0154079452456577,1.0154079452456581,0.8848697869565219,0.925762,-0.13053815828913598
porpag,with_minutes,mean,season_holdout_2025_26,8,22,1.0154079452456577,1.0154079452456577,1.0154079452456581,1.3830416727272727,1.16591,0.36763372748161505
porpag,with_minutes,mean,season_holdout_2025_26,9,23,1.0154079452456577,1.0154079452456577,1.0154079452456581,0.6054559434782608,0.440335,-0.4099520017673968
porpag,with_minutes,mean,season_holdout_2025_26,10,23,1.0154079452456577,1.0154079452456577,1.0154079452456581,0.8945372569565216,0.66175,-0.1208706882891359
porpag,with_minutes,ridge,season_holdout_2025_26,1,23,-1.023227782547684,-0.17718527587792643,-0.43950641894244646,-0.14041045173913047,-0.205128,0.29909596720331605
porpag,with_minutes,ridge,season_holdout_2025_26,2,23,-0.16646801528658206,0.18735150617717444,0.025473592059500415,-0.03776182608695653,0.041649,-0.0632354181464569
porpag,with_minutes,ridge,season_holdout_2025_26,3,22,0.1939809051581154,0.5169579564430478,0.37985085311723504,0.2595783854545454,0.1748595,-0.12027246766268956
porpag,with_minutes,ridge,season_holdout_2025_26,4,23,0.527069468096584,0.7482349414908849,0.6545532318031946,0.027094539130434775,0.158832,-0.6274586926727599
porpag,with_minutes,ridge,season_holdout_2025_26,5,23,0.7541582910529241,1.0467414433896711,0.8892518028618752,0.5130200217391305,0.488279,-0.37623178112274497
porpag,with_minutes,ridge,season_holdout_2025_26,6,22,1.0518788406050268,1.3050731648714577,1.186101849082892,1.0691905909090906,1.1491500000000001,-0.116911258173801
porpag,with_minutes,ridge,season_holdout_2025_26,7,23,1.3058171703662862,1.5709342796413013,1.4451727252514792,1.2338182652173912,1.13316,-0.21135446003408784
porpag,with_minutes,ridge,season_holdout_2025_26,8,22,1.5767274876425015,1.8183124845562348,1.7063299604066053,1.6284562999999999,1.66623,-0.0778736604066053
porpag,with_minutes,ridge,season_holdout_2025_26,9,23,1.8314811265136999,2.088004332432752,1.9529926222856189,1.6173894695652178,1.78407,-0.33560315272040164
porpag,with_minutes,ridge,season_holdout_2025_26,10,23,2.088953250116961,2.813107774063268,2.3519488062311633,2.4685473521739136,2.45537,0.11659854594275022
porpag,with_minutes,elasticnet,season_holdout_2025_26,1,23,-0.7828101078482173,-0.10779302663478152,-0.33128841111127544,-0.04659079956521741,-0.188387,0.2846976115460582
porpag,with_minutes,elasticnet,season_holdout_2025_26,2,23,-0.09699563393127342,0.23356484379054077,0.05750149850360413,-0.039129069565217396,0.041649,-0.09663056806882155
porpag,with_minutes,elasticnet,season_holdout_2025_26,3,22,0.2540385279112316,0.5847817531093203,0.40254513070812975,0.1114741127272727,0.027243939999999998,-0.291071017980857
porpag,with_minutes,elasticnet,season_holdout_2025_26,4,23,0.584857839865744,0.8194138064286505,0.6979529235663446,0.2498920869565217,0.300247,-0.44806083660982277
porpag,with_minutes,elasticnet,season_holdout_2025_26,5,23,0.8221672302001034,1.091317955479889,0.9478827842979017,0.37187932608695645,0.307377,-0.5760034582109455
porpag,with_minutes,elasticnet,season_holdout_2025_26,6,22,1.0913913536462738,1.3613949776025873,1.216321334095289,1.0096890909090908,1.06982,-0.20663224318619813
porpag,with_minutes,elasticnet,season_holdout_2025_26,7,23,1.366147620224122,1.5852790982651896,1.467712753484542,1.2280004391304349,1.29975,-0.2397123143541071
porpag,with_minutes,elasticnet,season_holdout_2025_26,8,22,1.586181126354345,1.8227334526184031,1.7003749250772715,1.4911378,1.570045,-0.20923712507727174
porpag,with_minutes,elasticnet,season_holdout_2025_26,9,23,1.8237072606626668,2.0947368820432652,1.968291046005061,1.9900654695652178,2.06536,0.02177442356015627
porpag,with_minutes,elasticnet,season_holdout_2025_26,10,23,2.1228319756350698,2.7372385210110046,2.344705899019089,2.2575074826086956,2.39672,-0.08719841641039326
porpag,with_minutes,random_forest,season_holdout_2025_26,1,23,-0.4218359999691397,0.02105901296896838,-0.1024795339420051,-0.21854816478260872,-0.336691,-0.11606863084060363
porpag,with_minutes,random_forest,season_holdout_2025_26,2,23,0.03170325319389971,0.19619067032193585,0.11058555757850848,0.10447256521739127,0.177494,-0.0061129923611171755
porpag,with_minutes,random_forest,season_holdout_2025_26,3,22,0.19808161551150458,0.3488287229141852,0.2702420861093926,0.0479244809090909,-0.09810395,-0.22231760520030164
porpag,with_minutes,random_forest,season_holdout_2025_26,4,23,0.3628499141066163,0.6230419124323288,0.4886106063419429,0.25170804782608697,0.240444,-0.2369025585158559
porpag,with_minutes,random_forest,season_holdout_2025_26,5,23,0.648625859613301,0.8496366986611927,0.7595699866595074,0.560528743478261,0.539972,-0.19904124318124655
porpag,with_minutes,random_forest,season_holdout_2025_26,6,22,0.8539791132096282,1.0652520020813796,0.9639531991138203,1.37377755,1.34545,0.40982435088617974
porpag,with_minutes,random_forest,season_holdout_2025_26,7,23,1.07701702612123,1.352557312277552,1.188760887434916,1.1126440869565215,1.11418,-0.07611680047839428
porpag,with_minutes,random_forest,season_holdout_2025_26,8,22,1.3601531034526217,1.713485802303769,1.5481388844383959,1.6428390818181817,1.845555,0.09470019737978613
porpag,with_minutes,random_forest,season_holdout_2025_26,9,23,1.7321099500000847,2.0694349540016352,1.8899968844520232,1.5111325913043476,1.62666,-0.37886429314767545
porpag,with_minutes,random_forest,season_holdout_2025_26,10,23,2.0806454968226205,2.983806020887098,2.543875113774129,2.2571095695652175,2.3958,-0.28676554420891176
porpag,with_minutes,extra_trees,season_holdout_2025_26,1,23,-0.28282157656175,0.062171120180214305,-0.04726185620046714,-0.21595508652173914,-0.372433,-0.16869323032127198
porpag,with_minutes,extra_trees,season_holdout_2025_26,2,23,0.08571470924921426,0.26772174753511907,0.17642450138397336,0.023926895652173923,0.041649,-0.15249760573179946
porpag,with_minutes,extra_trees,season_holdout_2025_26,3,22,0.2741299715641664,0.42364692575833296,0.3463801057656125,0.36713100454545455,0.2477555,0.020750898779842042
porpag,with_minutes,extra_trees,season_holdout_2025_26,4,23,0.4296234146880243,0.6199555128631546,0.5207784340663347,-0.009126731304347829,-0.00878952,-0.5299051653706826
porpag,with_minutes,extra_trees,season_holdout_2025_26,5,23,0.6199817402069047,0.8752441315495234,0.7494182486572463,0.6310476000000002,0.550849,-0.11837064865724624
porpag,with_minutes,extra_trees,season_holdout_2025_26,6,22,0.8753189193007143,1.0596154765136898,0.9703693737665017,1.0622912,1.099975,0.09192182623349829
porpag,with_minutes,extra_trees,season_holdout_2025_26,7,23,1.0745068684807144,1.3233011891932136,1.1795185124104028,1.4372446956521738,1.49826,0.25772618324177116
porpag,with_minutes,extra_trees,season_holdout_2025_26,8,22,1.3295888008738093,1.7902328540666677,1.548597573969206,1.2940451272727271,1.2164549999999998,-0.25455244669647875
porpag,with_minutes,extra_trees,season_holdout_2025_26,9,23,1.8161020043261906,2.1468643150613107,1.9555080311264021,1.6825299,1.62666,-0.2729781311264023
porpag,with_minutes,extra_trees,season_holdout_2025_26,10,23,2.151369287369048,2.939670053367858,2.392183714638234,2.355624652173913,2.39672,-0.03655906246432084
porpag,with_minutes,gradient_boosting,season_holdout_2025_26,1,23,-0.6100779053162281,-0.013254238278788534,-0.18922651089130574,-0.07393626913043476,-0.0642154,0.11529024176087098
porpag,with_minutes,gradient_boosting,season_holdout_2025_26,2,23,-0.01306340371236126,0.12368252841971887,0.06609487199626553,-0.19757534782608693,-0.194476,-0.26367021982235256
porpag,with_minutes,gradient_boosting,season_holdout_2025_26,3,22,0.1367931295737701,0.3438479289951457,0.24298228392056967,0.2907054409090908,0.342314,0.047723156988521254
porpag,with_minutes,gradient_boosting,season_holdout_2025_26,4,23,0.35068888425977635,0.6192370825956648,0.48174250115484935,0.42385235999999993,0.274176,-0.05789014115484931
porpag,with_minutes,gradient_boosting,season_holdout_2025_26,5,23,0.6207693350772449,0.820255613974212,0.7113056564200393,0.5798967130434781,0.49812,-0.13140894337656106
porpag,with_minutes,gradient_boosting,season_holdout_2025_26,6,22,0.8210076126915946,1.060905649290555,0.9492299444721308,0.7403309045454546,0.835818,-0.20889903992667636
porpag,with_minutes,gradient_boosting,season_holdout_2025_26,7,23,1.0871744732225448,1.3696574143751574,1.2213403087078512,1.5477737826086955,1.29975,0.32643347390084465
porpag,with_minutes,gradient_boosting,season_holdout_2025_26,8,22,1.385680746623702,1.7216017569329012,1.5782081912608612,1.1999567727272729,1.3328449999999998,-0.3782514185335886
porpag,with_minutes,gradient_boosting,season_holdout_2025_26,9,23,1.7331233827893557,2.039869315847407,1.845474263309401,1.8333360173913045,2.14099,-0.012138245918096632
porpag,with_minutes,gradient_boosting,season_holdout_2025_26,10,23,2.047604722028643,3.0977127022293582,2.560284166235667,2.263006960869565,2.3958,-0.2972772053661009
porpag,with_minutes,hist_gradient_boosting,season_holdout_2025_26,1,23,-0.7194207558155634,-0.0627190533570898,-0.20205302016112645,-0.1644119,-0.194476,0.03764112016112649
porpag,with_minutes,hist_gradient_boosting,season_holdout_2025_26,2,23,-0.052546630052957385,0.1709318901064672,0.08435598899272946,-0.16079407347826088,-0.148542,-0.24515006247099033
porpag,with_minutes,hist_gradient_boosting,season_holdout_2025_26,3,22,0.17254098050793332,0.4193529396685598,0.2908468489893147,0.19272209090909087,0.1795405,-0.09812475808022376
porpag,with_minutes,hist_gradient_boosting,season_holdout_2025_26,4,23,0.4247196561093492,0.649073644632932,0.5344379747552466,0.4433361426086956,0.364153,-0.09110183214655083
porpag,with_minutes,hist_gradient_boosting,season_holdout_2025_26,5,23,0.6537604675780603,0.8458134526828441,0.7486987914860959,0.7273609999999999,0.708306,-0.021337791486095863
porpag,with_minutes,hist_gradient_boosting,season_holdout_2025_26,6,22,0.8696715495000563,1.196461252246601,1.0034261437853262,1.15068765,1.163745,0.1472615062146736
porpag,with_minutes,hist_gradient_boosting,season_holdout_2025_26,7,23,1.2039720404813785,1.4541726872140512,1.3122035861651882,1.1495240304347825,1.13586,-0.1626795557304055
porpag,with_minutes,hist_gradient_boosting,season_holdout_2025_26,8,22,1.463040951696837,1.7072129485776866,1.582958430975888,1.318379409090909,1.246845,-0.26457902188497884
porpag,with_minutes,hist_gradient_boosting,season_holdout_2025_26,9,23,1.7219087581699135,2.1798800185577383,1.9172336686591651,1.8069367652173913,1.91971,-0.1102969034417734
porpag,with_minutes,hist_gradient_boosting,season_holdout_2025_26,10,23,2.1855049249314593,3.089712348669398,2.6066973300016723,2.1623364826086955,2.19602,-0.4443608473929766
porpag,with_minutes,knn,season_holdout_2025_26,1,23,0.022723032752084378,0.571244488023496,0.413590685423445,0.047275643478260854,-0.188387,-0.3663150419451842
porpag,with_minutes,knn,season_holdout_2025_26,2,23,0.5740363793339575,0.7662380922580255,0.6779135750159629,0.2996455439130435,0.244293,-0.37826803110291946
porpag,with_minutes,knn,season_holdout_2025_26,3,22,0.7774857727651607,0.9820468149535981,0.8848875780427196,0.8535659727272727,0.7226319999999999,-0.03132160531544669
porpag,with_minutes,knn,season_holdout_2025_26,4,23,0.9891045179674052,1.1201133224020317,1.062708188339267,0.47734911304347827,0.268102,-0.5853590752957889
porpag,with_minutes,knn,season_holdout_2025_26,5,23,1.12421289140931,1.2583498437182852,1.1964760996568424,0.4130949173913044,0.274176,-0.7833811822655382
porpag,with_minutes,knn,season_holdout_2025_26,6,22,1.27130156985568,1.3638961372565215,1.3174905481553933,0.6110207672727274,0.596587,-0.7064697808826661
porpag,with_minutes,knn,season_holdout_2025_26,7,23,1.3649750274742636,1.4609827290635407,1.4183611142142536,1.2526610782608696,1.03075,-0.16570003595338378
porpag,with_minutes,knn,season_holdout_2025_26,8,22,1.4737397559467753,1.6026802490119745,1.5381597496932806,1.1538243409090911,1.1635499999999999,-0.38433540878419004
porpag,with_minutes,knn,season_holdout_2025_26,9,23,1.6196852776568058,1.8233540454054766,1.7189241979542682,1.5566441304347824,1.62666,-0.16228006751948604
porpag,with_minutes,knn,season_holdout_2025_26,10,23,1.8283097856892276,2.376922850101635,2.0546261510828496,1.959110086956521,1.91984,-0.09551606412632792
porpag,with_minutes,svr_rbf,season_holdout_2025_26,1,23,-0.5374773242608575,0.20085542937995704,-0.029901466572229092,-0.21694789956521737,-0.336691,-0.18704643299298832
porpag,with_minutes,svr_rbf,season_holdout_2025_26,2,23,0.21367809847003527,0.5069155670273664,0.38814363712257416,-0.029061656521739126,0.0819813,-0.4172052936443133
porpag,with_minutes,svr_rbf,season_holdout_2025_26,3,22,0.5135710096895015,0.668902447775598,0.5964193753775991,0.37061522727272733,0.335419,-0.22580414810487176
porpag,with_minutes,svr_rbf,season_holdout_2025_26,4,23,0.6778909663424658,0.8387884762842454,0.7741530577428951,0.6152209217391303,0.325167,-0.1589321360037645
porpag,with_minutes,svr_rbf,season_holdout_2025_26,5,23,0.8529946945745379,1.003423804758147,0.9230529169221817,0.6940546773913044,0.307377,-0.2289982395308773
porpag,with_minutes,svr_rbf,season_holdout_2025_26,6,22,1.0070149013339604,1.2236982577016136,1.1065650029541085,0.6929497318181818,0.7164705,-0.41361527113592644
porpag,with_minutes,svr_rbf,season_holdout_2025_26,7,23,1.229828819295012,1.4405270963602697,1.32566466048704,1.113413347826087,1.11418,-0.2122513126609529
porpag,with_minutes,svr_rbf,season_holdout_2025_26,8,22,1.448324151213582,1.5852609353416574,1.5146410759183269,1.4691254363636366,1.344535,-0.04551563955469031
porpag,with_minutes,svr_rbf,season_holdout_2025_26,9,23,1.5871805858640073,1.8485622250151943,1.710859809886085,1.747149426086957,1.85691,0.03628961620087186
porpag,with_minutes,svr_rbf,season_holdout_2025_26,10,23,1.8596641209258462,2.535839491648776,2.0708871211193416,2.163945395652174,2.07723,0.09305827453283257
bpm,no_minutes,mean,season_holdout_2025_26,1,25,-2.63475530809628,-2.63475530809628,-2.63475530809628,-4.098754976,-3.12295,-1.4639996679037202
bpm,no_minutes,mean,season_holdout_2025_26,2,25,-2.63475530809628,-2.63475530809628,-2.63475530809628,-4.241910359999999,-3.07338,-1.6071550519037203
bpm,no_minutes,mean,season_holdout_2025_26,3,24,-2.63475530809628,-2.63475530809628,-2.63475530809628,-2.628972125,-2.6353099999999996,0.005783183096279713
bpm,no_minutes,mean,season_holdout_2025_26,4,25,-2.63475530809628,-2.63475530809628,-2.63475530809628,-3.6387495847999998,-2.23411,-1.00399427670372
bpm,no_minutes,mean,season_holdout_2025_26,5,24,-2.63475530809628,-2.63475530809628,-2.63475530809628,-0.805064125,-1.379375,1.8296911830962799
bpm,no_minutes,mean,season_holdout_2025_26,6,25,-2.63475530809628,-2.63475530809628,-2.63475530809628,-1.9070828,-2.30097,0.7276725080962798
bpm,no_minutes,mean,season_holdout_2025_26,7,24,-2.63475530809628,-2.63475530809628,-2.63475530809628,-3.6496943749999997,-3.5755850000000002,-1.0149390669037202
bpm,no_minutes,mean,season_holdout_2025_26,8,25,-2.63475530809628,-2.63475530809628,-2.63475530809628,-1.9746547199999998,-1.86566,0.6601005880962798
bpm,no_minutes,mean,season_holdout_2025_26,9,24,-2.63475530809628,-2.63475530809628,-2.63475530809628,-4.309960875000001,-4.0774,-1.6752055669037205
bpm,no_minutes,mean,season_holdout_2025_26,10,25,-2.63475530809628,-2.63475530809628,-2.63475530809628,-1.2671644480000004,-3.02482,1.3675908600962796
bpm,no_minutes,ridge,season_holdout_2025_26,1,25,-8.596556602242746,-5.0668687482477015,-6.218959691145569,-5.782953119999999,-5.07427,0.43600657114556923
bpm,no_minutes,ridge,season_holdout_2025_26,2,25,-4.988048587366696,-3.9995362538576216,-4.4383709922057255,-2.65148956,-3.12295,1.7868814322057265
bpm,no_minutes,ridge,season_holdout_2025_26,3,24,-3.9867821328588544,-3.3742180917241003,-3.7033474866843825,-2.5449866875000002,-2.4985749999999998,1.158360799184382
bpm,no_minutes,ridge,season_holdout_2025_26,4,25,-3.357042577378913,-2.967750788265982,-3.1554003189695004,-3.2046424,-3.00459,-0.04924208103049928
bpm,no_minutes,ridge,season_holdout_2025_26,5,24,-2.925301505685866,-2.411296025460439,-2.697424376207335,-2.7862887166666668,-2.567925,-0.08886434045933196
bpm,no_minutes,ridge,season_holdout_2025_26,6,25,-2.411180231251553,-1.908824161629529,-2.184738681051389,-1.8501997240000003,-1.9746,0.334538957051389
bpm,no_minutes,ridge,season_holdout_2025_26,7,24,-1.9086260762292762,-1.5155713519844904,-1.6771024980079823,-4.042392616666667,-4.1152750000000005,-2.365290118658684
bpm,no_minutes,ridge,season_holdout_2025_26,8,25,-1.4789121962372478,-0.8643698923882401,-1.1727030803566731,-2.15447496,-2.11466,-0.9817718796433268
bpm,no_minutes,ridge,season_holdout_2025_26,9,24,-0.8550731397609321,-0.006878338107230597,-0.35853253262825574,-2.793182,-2.909305,-2.434649467371744
bpm,no_minutes,ridge,season_holdout_2025_26,10,25,0.0301343737476083,3.0976408788338174,1.0334096127389236,-0.7423249448000001,0.0735654,-1.7757345575389234
bpm,no_minutes,elasticnet,season_holdout_2025_26,1,25,-8.171508923237061,-4.877304177636297,-5.899674518680266,-5.9084943999999995,-5.07427,-0.008819881319733228
bpm,no_minutes,elasticnet,season_holdout_2025_26,2,25,-4.8415392594177185,-3.769148378153872,-4.256392961567262,-2.7966254800000003,-3.12295,1.4597674815672619
bpm,no_minutes,elasticnet,season_holdout_2025_26,3,24,-3.734453443086953,-3.260265925027009,-3.4766470675671655,-1.9636350208333333,-2.139935,1.5130120467338317
bpm,no_minutes,elasticnet,season_holdout_2025_26,4,25,-3.196387297042615,-2.7620371643977712,-2.9609556337155793,-4.066949408,-3.70022,-1.1059937742844204
bpm,no_minutes,elasticnet,season_holdout_2025_26,5,24,-2.749166750060192,-2.274546592548557,-2.5269613557746244,-1.4962178125000003,-1.5678800000000002,1.0307435432746244
bpm,no_minutes,elasticnet,season_holdout_2025_26,6,25,-2.240237069672364,-1.805047647076845,-2.035065503719422,-3.278914984,-2.51948,-1.2438494802805782
bpm,no_minutes,elasticnet,season_holdout_2025_26,7,24,-1.787624234478474,-1.361284589603009,-1.6076838778127909,-3.2741153250000004,-3.4593949999999998,-1.6664314471872093
bpm,no_minutes,elasticnet,season_holdout_2025_26,8,25,-1.3329868198525823,-0.8661204147792703,-1.0951966893363936,-2.2342910799999998,-1.96417,-1.1390943906636066
bpm,no_minutes,elasticnet,season_holdout_2025_26,9,24,-0.8501043947653593,-0.05017995864503133,-0.3959101961971805,-2.2513372916666667,-2.909305,-1.8554270954694863
bpm,no_minutes,elasticnet,season_holdout_2025_26,10,25,-0.03692186499198069,2.9095106762053486,0.9621565014718289,-1.1550921448,-0.00417102,-2.117248646271829
bpm,no_minutes,random_forest,season_holdout_2025_26,1,25,-7.9662992745749515,-4.37980254432979,-5.601928865270268,-4.758366779999999,-2.85177,0.8435620852702681
bpm,no_minutes,random_forest,season_holdout_2025_26,2,25,-4.359897527950867,-3.6732333740292886,-4.006813680527201,-2.97167604,-4.41017,1.0351376405272008
bpm,no_minutes,random_forest,season_holdout_2025_26,3,24,-3.6249390228986043,-2.983935013910527,-3.259684569708213,-2.8527107916666665,-2.38382,0.4069737780415467
bpm,no_minutes,random_forest,season_holdout_2025_26,4,25,-2.959485158635215,-2.6065241716073246,-2.8103469035022304,-4.58723172,-4.42556,-1.7768848164977695
bpm,no_minutes,random_forest,season_holdout_2025_26,5,24,-2.571981976500226,-2.039125233243259,-2.2984978016882516,-3.9840908333333336,-3.8502349999999996,-1.6855930316450813
bpm,no_minutes,random_forest,season_holdout_2025_26,6,25,-2.03645131316006,-1.7372471541378784,-1.91666289625472,-2.946419208,-2.68934,-1.0297563117452797
bpm,no_minutes,random_forest,season_holdout_2025_26,7,24,-1.7320465258145221,-1.420899640576056,-1.5835896764775879,-1.9567471041666666,-1.654845,-0.3731574276890788
bpm,no_minutes,random_forest,season_holdout_2025_26,8,25,-1.4001812129916973,-0.7583967169755806,-1.1189800184018166,-1.6866769760000002,-3.05411,-0.5676969575981835
bpm,no_minutes,random_forest,season_holdout_2025_26,9,24,-0.7109685346361262,-0.23367785707304903,-0.46676757102486643,-0.9536824174999999,-0.26665551000000004,-0.4869148464751336
bpm,no_minutes,random_forest,season_holdout_2025_26,10,25,-0.17064842593516846,2.1373238541175907,0.4418842336012957,-1.7585481040000002,-1.14827,-2.2004323376012955
bpm,no_minutes,extra_trees,season_holdout_2025_26,1,25,-10.96389789588692,-4.609799058770239,-6.327093866294762,-4.945164299999999,-4.68373,1.3819295662947622
bpm,no_minutes,extra_trees,season_holdout_2025_26,2,25,-4.596682336830952,-3.6982954032452318,-4.130218132732536,-2.415636752,-2.15127,1.7145813807325359
bpm,no_minutes,extra_trees,season_holdout_2025_26,3,24,-3.6970175650702366,-3.1320132497619055,-3.4128680494675465,-3.0719982083333335,-3.467205,0.3408698411342135
bpm,no_minutes,extra_trees,season_holdout_2025_26,4,25,-3.13150786258006,-2.505208858559523,-2.7420535695023927,-5.0528768,-4.62938,-2.3108232304976073
bpm,no_minutes,extra_trees,season_holdout_2025_26,5,24,-2.4882646213333315,-2.1181854846130967,-2.281010147383222,-3.3047734583333335,-2.4985749999999998,-1.0237633109501116
bpm,no_minutes,extra_trees,season_holdout_2025_26,6,25,-2.0734818965113075,-1.729613653276191,-1.8861051760063092,-2.82878652,-1.96417,-0.9426813439936911
bpm,no_minutes,extra_trees,season_holdout_2025_26,7,24,-1.714787431575595,-1.3054403976101185,-1.5114726424474825,-3.722251654166667,-3.514115,-2.210779011719184
bpm,no_minutes,extra_trees,season_holdout_2025_26,8,25,-1.2929334725613095,-0.7152109292184521,-0.9736133180840716,-1.55964568,-2.86812,-0.5860323619159284
bpm,no_minutes,extra_trees,season_holdout_2025_26,9,24,-0.6929100581925596,-0.22132953394226185,-0.4934003600591766,-1.1612384,0.0380342,-0.6678380399408234
bpm,no_minutes,extra_trees,season_holdout_2025_26,10,25,-0.18699230818630955,3.0856945588541675,0.7000392337562501,-0.4542994248000001,-0.00417102,-1.15433865855625
bpm,no_minutes,gradient_boosting,season_holdout_2025_26,1,25,-12.45156902263492,-5.0332327823319805,-6.963504724516127,-2.4744423,-2.72785,4.489062424516127
bpm,no_minutes,gradient_boosting,season_holdout_2025_26,2,25,-4.949865251973055,-4.045636670628552,-4.491412883445474,-3.87273636,-3.12295,0.6186765234454732
bpm,no_minutes,gradient_boosting,season_holdout_2025_26,3,24,-3.9910157920048044,-3.0292568132600297,-3.476509095413953,-3.91008525,-4.1282700000000006,-0.4335761545860473
bpm,no_minutes,gradient_boosting,season_holdout_2025_26,4,25,-3.0284988072750414,-2.427248894900043,-2.730525288557006,-2.49351432,-1.58834,0.2370109685570062
bpm,no_minutes,gradient_boosting,season_holdout_2025_26,5,24,-2.4256833089872005,-2.1009139933124086,-2.265366943381768,-5.7263660833333345,-5.13315,-3.4609991399515656
bpm,no_minutes,gradient_boosting,season_holdout_2025_26,6,25,-2.0379282833563654,-1.7067290240307778,-1.8874040972829444,-2.28467926,-1.86566,-0.39727516271705554
bpm,no_minutes,gradient_boosting,season_holdout_2025_26,7,24,-1.7040669139458307,-1.1978384176026826,-1.4659392619753124,-3.2480844999999996,-2.93471,-1.7821452380246872
bpm,no_minutes,gradient_boosting,season_holdout_2025_26,8,25,-1.1709074454167236,-0.5130856271544781,-0.8344235970793225,-1.803020696,-2.83031,-0.9685970989206777
bpm,no_minutes,gradient_boosting,season_holdout_2025_26,9,24,-0.48737515482164706,0.13898316094238047,-0.25936565511722537,-2.4981996750000004,-1.1105426,-2.2388340198827748
bpm,no_minutes,gradient_boosting,season_holdout_2025_26,10,25,0.15777220918608267,3.394424520005712,1.0870972064933146,-0.37044170480000005,-0.689262,-1.457538911293315
bpm,no_minutes,hist_gradient_boosting,season_holdout_2025_26,1,25,-9.620904253310709,-5.580930233307119,-7.226122209452906,-4.30948474,-2.88558,2.9166374694529065
bpm,no_minutes,hist_gradient_boosting,season_holdout_2025_26,2,25,-5.5134925131959145,-3.8692976420889433,-4.5176967517905,-3.4525878800000003,-2.72785,1.0651088717905002
bpm,no_minutes,hist_gradient_boosting,season_holdout_2025_26,3,24,-3.864417511142347,-3.279317310549338,-3.5567391516838835,-3.6838107499999997,-4.094565,-0.12707159831611667
bpm,no_minutes,hist_gradient_boosting,season_holdout_2025_26,4,25,-3.2232941760903233,-2.6226860203353537,-2.9189376536905276,-2.8855706000000003,-2.55107,0.0333670536905275
bpm,no_minutes,hist_gradient_boosting,season_holdout_2025_26,5,24,-2.563130945242003,-2.1143918861499533,-2.3324454634703846,-2.374109333333333,-3.022055,-0.04166386986294868
bpm,no_minutes,hist_gradient_boosting,season_holdout_2025_26,6,25,-2.0972126972829734,-1.3778641330669787,-1.7639109259863845,-1.289063444,-1.83551,0.4748474819863847
bpm,no_minutes,hist_gradient_boosting,season_holdout_2025_26,7,24,-1.3102037823345147,-0.8538619752295794,-1.089433532743651,-3.7902787000000004,-3.71776,-2.700845167256349
bpm,no_minutes,hist_gradient_boosting,season_holdout_2025_26,8,25,-0.8452585351435339,-0.17724300397364956,-0.5960184317686299,-2.7450016888,-2.50697,-2.14898325703137
bpm,no_minutes,hist_gradient_boosting,season_holdout_2025_26,9,24,-0.15220453361479883,0.8921631608424255,0.32125169965008377,-1.4692169166666667,-1.869065,-1.7904686163167505
bpm,no_minutes,hist_gradient_boosting,season_holdout_2025_26,10,25,0.9070215625385001,3.2634098074547118,1.821134723539156,-2.519833304,-1.88684,-4.340968027539155
bpm,no_minutes,knn,season_holdout_2025_26,1,25,-7.320815059733955,-4.391196653483217,-5.688733355551945,-2.9072018,-2.15127,2.7815315555519464
bpm,no_minutes,knn,season_holdout_2025_26,2,25,-4.387780031804185,-3.462700057592431,-3.83099459322929,-4.1844444,-4.06416,-0.3534498067707101
bpm,no_minutes,knn,season_holdout_2025_26,3,24,-3.455529430030245,-2.993150686517814,-3.183739252475387,-4.000660833333334,-3.870545,-0.8169215808579469
bpm,no_minutes,knn,season_holdout_2025_26,4,25,-2.9819745976107774,-2.64889294928799,-2.833568338289497,-3.433562608,-2.79604,-0.5999942697105028
bpm,no_minutes,knn,season_holdout_2025_26,5,24,-2.641878169408772,-2.3484849889197825,-2.4639205452957516,-2.718223833333333,-2.4455150000000003,-0.2543032880375817
bpm,no_minutes,knn,season_holdout_2025_26,6,25,-2.337377403738399,-1.958128277056448,-2.1308324584874825,-3.0329888599999997,-3.05411,-0.9021564015125176
bpm,no_minutes,knn,season_holdout_2025_26,7,24,-1.9575330064124132,-1.4504956547187062,-1.7201005722247888,-2.5938564,-3.136485,-0.8737558277752114
bpm,no_minutes,knn,season_holdout_2025_26,8,25,-1.4326437309511817,-0.8042515476247375,-1.1416847350707242,-3.0402613200000004,-3.12295,-1.8985765849292755
bpm,no_minutes,knn,season_holdout_2025_26,9,24,-0.6684910474031324,0.0933342380746384,-0.30314004252954574,-2.0777403875,-0.943521,-1.7746003449704544
bpm,no_minutes,knn,season_holdout_2025_26,10,25,0.15861646317704836,2.2113009078476638,0.9190757761446068,-0.5329395448,0.0735654,-1.452015320944607
bpm,no_minutes,svr_rbf,season_holdout_2025_26,1,25,-4.87334107121532,-3.297158525293667,-3.7197681870698664,-4.566885920000001,-4.59052,-0.8471177329301334
bpm,no_minutes,svr_rbf,season_holdout_2025_26,2,25,-3.1902887431609592,-2.5897618374059586,-2.852359422661104,-5.234069519999999,-5.04507,-2.3817100973388947
bpm,no_minutes,svr_rbf,season_holdout_2025_26,3,24,-2.5790363738015363,-2.3257960461117317,-2.4722064817009755,-4.197153583333333,-3.255935,-1.7249471016323579
bpm,no_minutes,svr_rbf,season_holdout_2025_26,4,25,-2.304475608593125,-1.9945529903642258,-2.14437268814246,-3.0094980000000002,-2.50697,-0.8651253118575398
bpm,no_minutes,svr_rbf,season_holdout_2025_26,5,24,-1.986558154730803,-1.707128855055718,-1.8354298265207099,-2.8221431958333336,-2.906145,-0.9867133693126234
bpm,no_minutes,svr_rbf,season_holdout_2025_26,6,25,-1.6962856672856634,-1.3437151665695082,-1.4998033852952475,-1.9441320199999996,-2.45926,-0.4443286347047526
bpm,no_minutes,svr_rbf,season_holdout_2025_26,7,24,-1.3422398106849178,-0.9620320469769252,-1.1391667779467018,-1.6145869166666669,-1.358406,-0.47542013871996475
bpm,no_minutes,svr_rbf,season_holdout_2025_26,8,25,-0.9281721329275172,-0.5465163917847986,-0.7074087349032474,-1.8044138559999998,-1.88684,-1.0970051210967526
bpm,no_minutes,svr_rbf,season_holdout_2025_26,9,24,-0.5366095383078222,0.14376216058403535,-0.2337925661932152,-1.8917923333333333,-2.6938,-1.657999767140118
bpm,no_minutes,svr_rbf,season_holdout_2025_26,10,25,0.1516160094643233,2.592603483798926,1.0068897479274852,-1.4026124248000003,-0.00417102,-2.409502172727485
bpm,with_minutes,mean,season_holdout_2025_26,1,25,-2.63475530809628,-2.63475530809628,-2.63475530809628,-4.098754976,-3.12295,-1.4639996679037202
bpm,with_minutes,mean,season_holdout_2025_26,2,25,-2.63475530809628,-2.63475530809628,-2.63475530809628,-4.241910359999999,-3.07338,-1.6071550519037203
bpm,with_minutes,mean,season_holdout_2025_26,3,24,-2.63475530809628,-2.63475530809628,-2.63475530809628,-2.628972125,-2.6353099999999996,0.005783183096279713
bpm,with_minutes,mean,season_holdout_2025_26,4,25,-2.63475530809628,-2.63475530809628,-2.63475530809628,-3.6387495847999998,-2.23411,-1.00399427670372
bpm,with_minutes,mean,season_holdout_2025_26,5,24,-2.63475530809628,-2.63475530809628,-2.63475530809628,-0.805064125,-1.379375,1.8296911830962799
bpm,with_minutes,mean,season_holdout_2025_26,6,25,-2.63475530809628,-2.63475530809628,-2.63475530809628,-1.9070828,-2.30097,0.7276725080962798
bpm,with_minutes,mean,season_holdout_2025_26,7,24,-2.63475530809628,-2.63475530809628,-2.63475530809628,-3.6496943749999997,-3.5755850000000002,-1.0149390669037202
bpm,with_minutes,mean,season_holdout_2025_26,8,25,-2.63475530809628,-2.63475530809628,-2.63475530809628,-1.9746547199999998,-1.86566,0.6601005880962798
bpm,with_minutes,mean,season_holdout_2025_26,9,24,-2.63475530809628,-2.63475530809628,-2.63475530809628,-4.309960875000001,-4.0774,-1.6752055669037205
bpm,with_minutes,mean,season_holdout_2025_26,10,25,-2.63475530809628,-2.63475530809628,-2.63475530809628,-1.2671644480000004,-3.02482,1.3675908600962796
bpm,with_minutes,ridge,season_holdout_2025_26,1,25,-12.478638314677347,-7.2513034997942,-8.968953269724505,-9.195534,-8.93272,-0.2265807302754939
bpm,with_minutes,ridge,season_holdout_2025_26,2,25,-7.152675367177574,-4.986350028744534,-5.958930091889056,-4.20933548,-4.59608,1.7495946118890549
bpm,with_minutes,ridge,season_holdout_2025_26,3,24,-4.96908870271345,-3.526612567058969,-4.178527094405214,-4.0728505833333335,-3.84842,0.10567651107188018
bpm,with_minutes,ridge,season_holdout_2025_26,4,25,-3.4891540560076972,-2.46335469102441,-2.942424269838288,-3.7341552,-4.68373,-0.7917309301617118
bpm,with_minutes,ridge,season_holdout_2025_26,5,24,-2.455788773380239,-1.9802776578537902,-2.1819828305074003,-2.263178133333333,-2.4831149999999997,-0.08119530282593296
bpm,with_minutes,ridge,season_holdout_2025_26,6,25,-1.9723742194860758,-1.2882953834040536,-1.5999725219055854,-3.70771932,-2.95049,-2.1077467980944147
bpm,with_minutes,ridge,season_holdout_2025_26,7,24,-1.2256564941650208,-0.5620002956048353,-0.9169996520108151,-1.8812352083333332,-1.7279200000000001,-0.9642355563225182
bpm,with_minutes,ridge,season_holdout_2025_26,8,25,-0.5398194557594556,0.31656525019646065,-0.13492411653151382,-0.48122354000000006,0.200821,-0.34629942346848613
bpm,with_minutes,ridge,season_holdout_2025_26,9,24,0.3345606926304274,1.4137822240417073,0.8497066124367523,-0.1616553958333334,-0.6020369999999999,-1.0113620082700856
bpm,with_minutes,ridge,season_holdout_2025_26,10,25,1.4258075832700032,7.016720938106105,2.691534357675808,1.3054693592000002,1.12094,-1.3860649984758078
bpm,with_minutes,elasticnet,season_holdout_2025_26,1,25,-12.218027861746362,-7.296014275407165,-8.907563642004703,-9.195534,-8.93272,-0.2879703579952977
bpm,with_minutes,elasticnet,season_holdout_2025_26,2,25,-7.155317945058886,-4.852683457411095,-5.909905214321336,-4.12093368,-4.59608,1.7889715343213368
bpm,with_minutes,elasticnet,season_holdout_2025_26,3,24,-4.7527266176416685,-3.393896556173409,-4.060720432517628,-3.6454249583333334,-3.74015,0.4152954741842944
bpm,with_minutes,elasticnet,season_holdout_2025_26,4,25,-3.3529974552684916,-2.4486394731216383,-2.86513995535119,-3.7300248,-4.62938,-0.8648848446488104
bpm,with_minutes,elasticnet,season_holdout_2025_26,5,24,-2.4437772156512008,-1.8445266894073198,-2.1735077416287276,-2.6610319666666666,-2.85529,-0.48752422503793874
bpm,with_minutes,elasticnet,season_holdout_2025_26,6,25,-1.8116874241169787,-1.2558439565508221,-1.5494932404590358,-3.8776284400000005,-2.95049,-2.328135199540964
bpm,with_minutes,elasticnet,season_holdout_2025_26,7,24,-1.2408837867783027,-0.46243806004059174,-0.8755112711122619,-1.6144048333333334,-1.546105,-0.7388935622210714
bpm,with_minutes,elasticnet,season_holdout_2025_26,8,25,-0.460018890074563,0.26987601931194183,-0.1565251674971491,-0.8469613400000003,-0.197483,-0.6904361725028509
bpm,with_minutes,elasticnet,season_holdout_2025_26,9,24,0.33181070601231744,1.3873308649254086,0.8024061435527896,-0.37209722916666665,-0.6020369999999999,-1.174503372719456
bpm,with_minutes,elasticnet,season_holdout_2025_26,10,25,1.5089702558795235,6.838057050310455,2.5936080045081975,1.6660621591999998,1.94258,-0.9275458453081977
bpm,with_minutes,random_forest,season_holdout_2025_26,1,25,-14.712197886599863,-4.409673174831891,-9.032845541629653,-6.2579568000000005,-5.58257,2.7748887416296526
bpm,with_minutes,random_forest,season_holdout_2025_26,2,25,-4.3842221516011275,-3.134020148492928,-3.7238775840391685,-4.97848348,-4.59608,-1.2546058959608317
bpm,with_minutes,random_forest,season_holdout_2025_26,3,24,-3.1171260702086285,-2.715416285800613,-2.8828080198626314,-4.176199250000001,-3.80849,-1.2933912301373687
bpm,with_minutes,random_forest,season_holdout_2025_26,4,25,-2.7116669659144117,-2.4044310192960707,-2.5723844521213,-3.763521888,-4.12497,-1.1911374358787001
bpm,with_minutes,random_forest,season_holdout_2025_26,5,24,-2.3782339117074924,-1.9579861781420558,-2.1376072220828646,-3.5016247916666665,-3.35198,-1.364017569583802
bpm,with_minutes,random_forest,season_holdout_2025_26,6,25,-1.9463043676591285,-1.5949295162867987,-1.797024835023339,-3.5100282,-3.24334,-1.7130033649766607
bpm,with_minutes,random_forest,season_holdout_2025_26,7,24,-1.5811114516131726,-1.1875172097367293,-1.3518954339224554,-2.6163649374999998,-2.696275,-1.2644695035775444
bpm,with_minutes,random_forest,season_holdout_2025_26,8,25,-1.1685487279768447,-0.3854738245808516,-0.7264218635512657,-0.9419792,-1.32424,-0.21555733644873443
bpm,with_minutes,random_forest,season_holdout_2025_26,9,24,-0.3753103435394266,0.3942521545118543,0.006160698539380419,-0.63380398,-0.28188675,-0.6399646785393805
bpm,with_minutes,random_forest,season_holdout_2025_26,10,25,0.4283720861810295,2.6480580068053055,1.3300134831864177,1.87658208,2.24083,0.5465685968135824
bpm,with_minutes,extra_trees,season_holdout_2025_26,1,25,-14.708411827226179,-4.883671106351189,-8.34937834525214,-5.79143448,-5.27795,2.5579438652521396
bpm,with_minutes,extra_trees,season_holdout_2025_26,2,25,-4.820600820910713,-3.4699726563690474,-3.9849821326804755,-4.84835708,-4.06416,-0.8633749473195246
bpm,with_minutes,extra_trees,season_holdout_2025_26,3,24,-3.4603996688720233,-2.665391907680357,-2.9957125124113095,-5.987409583333334,-5.7296,-2.9916970709220236
bpm,with_minutes,extra_trees,season_holdout_2025_26,4,25,-2.627304710514282,-2.2303547790077376,-2.412509862987,-3.4868767199999997,-3.83588,-1.0743668570130003
bpm,with_minutes,extra_trees,season_holdout_2025_26,5,24,-2.223838667309524,-1.919099363948811,-2.0525502819597468,-4.080566375,-3.934195,-2.0280160930402533
bpm,with_minutes,extra_trees,season_holdout_2025_26,6,25,-1.9110267155845222,-1.591087554502381,-1.744468620331262,-2.63202916,-2.81539,-0.8875605396687379
bpm,with_minutes,extra_trees,season_holdout_2025_26,7,24,-1.572496352334524,-1.1292616807827387,-1.3336023317314734,-2.5259526125000002,-2.9450849999999997,-1.1923502807685267
bpm,with_minutes,extra_trees,season_holdout_2025_26,8,25,-1.1270729637601185,-0.4436312398065479,-0.8244219293335714,-1.12282888,-1.32424,-0.29840695066642875
bpm,with_minutes,extra_trees,season_holdout_2025_26,9,24,-0.4303663220124995,0.4098143830369048,-0.1301502425971974,-0.13436993833333333,-0.07868725,-0.0042196957361358796
bpm,with_minutes,extra_trees,season_holdout_2025_26,10,25,0.5467844765863091,4.291383300193447,1.8747809361564025,2.03443216,1.69414,0.1596512238435973
bpm,with_minutes,gradient_boosting,season_holdout_2025_26,1,25,-21.217467419615154,-4.6844418963244285,-8.362791342200218,-6.393039519999999,-5.9927,1.9697518222002173
bpm,with_minutes,gradient_boosting,season_holdout_2025_26,2,25,-4.669746485956666,-3.57707175019472,-4.011434455193539,-4.288896,-3.70607,-0.2774615448064607
bpm,with_minutes,gradient_boosting,season_holdout_2025_26,3,24,-3.575395481047209,-2.842022538462981,-3.1490370026697705,-4.267997875,-3.84842,-1.1189608723302293
bpm,with_minutes,gradient_boosting,season_holdout_2025_26,4,25,-2.816479350723124,-2.4345288659259077,-2.5935681460808833,-4.005196559999999,-3.92982,-1.4116284139191169
bpm,with_minutes,gradient_boosting,season_holdout_2025_26,5,24,-2.419997442572723,-1.9312749376249212,-2.1680241316890108,-3.99619905,-4.39423,-1.8281749183109888
bpm,with_minutes,gradient_boosting,season_holdout_2025_26,6,25,-1.9205157866167082,-1.5967215578817548,-1.7671067713164306,-3.9232158,-4.12542,-2.156109028683569
bpm,with_minutes,gradient_boosting,season_holdout_2025_26,7,24,-1.577353256925185,-1.0488230937348588,-1.348531569547158,-2.6544191875,-2.71588,-1.305887617952842
bpm,with_minutes,gradient_boosting,season_holdout_2025_26,8,25,-1.0483879647359733,-0.3711367266979109,-0.7439097973276374,-0.8725454,0.161403,-0.12863560267236265
bpm,with_minutes,gradient_boosting,season_holdout_2025_26,9,24,-0.3672220091783239,0.7597109848650129,0.15233612138389174,-0.14840418750000003,-0.29643074999999997,-0.30074030888389186
bpm,with_minutes,gradient_boosting,season_holdout_2025_26,10,25,0.8393087224375003,4.708085708321793,2.02348884215205,2.0409720391999997,2.02618,0.01748319704794994
bpm,with_minutes,hist_gradient_boosting,season_holdout_2025_26,1,25,-20.135995079611348,-4.927845293220283,-8.439265508092861,-5.92221792,-5.27795,2.517047588092861
bpm,with_minutes,hist_gradient_boosting,season_holdout_2025_26,2,25,-4.763731968434912,-3.3733302892611583,-4.028319624751894,-4.705426800000001,-3.62629,-0.6771071752481052
bpm,with_minutes,hist_gradient_boosting,season_holdout_2025_26,3,24,-3.368302581730487,-2.7982945208505474,-3.101672128689754,-3.7918809166666665,-2.8364000000000003,-0.6902087879769127
bpm,with_minutes,hist_gradient_boosting,season_holdout_2025_26,4,25,-2.791031120048787,-2.261110432160356,-2.4956984592898195,-5.09469676,-4.78276,-2.5989983007101807
bpm,with_minutes,hist_gradient_boosting,season_holdout_2025_26,5,24,-2.2464256623614283,-1.8140168250697322,-2.021274402697251,-2.4138227166666666,-2.897205,-0.392548313969416
bpm,with_minutes,hist_gradient_boosting,season_holdout_2025_26,6,25,-1.783096068935964,-1.3606714247465213,-1.5989331266870197,-1.49342398,-2.88558,0.10550914668701977
bpm,with_minutes,hist_gradient_boosting,season_holdout_2025_26,7,24,-1.3315474940883925,-0.6783897704886078,-1.0099281338376092,-3.313560729166666,-2.67937,-2.3036325953290575
bpm,with_minutes,hist_gradient_boosting,season_holdout_2025_26,8,25,-0.6364016350298073,0.3723146858400284,-0.14522406254711834,-1.4652626408000002,-1.14827,-1.3200385782528818
bpm,with_minutes,hist_gradient_boosting,season_holdout_2025_26,9,24,0.37689419416071285,1.384891625976957,0.8838017068162601,-0.8360684083333333,-0.33508150000000003,-1.7198701151495932
bpm,with_minutes,hist_gradient_boosting,season_holdout_2025_26,10,25,1.40112256433036,3.9571126119902496,2.2989993888377724,0.5558868319999999,2.19143,-1.7431125568377726
bpm,with_minutes,knn,season_holdout_2025_26,1,25,-9.23058763250863,-4.629403982308694,-5.8506279759320545,-5.31988752,-4.59052,0.5307404559320531
bpm,with_minutes,knn,season_holdout_2025_26,2,25,-4.598856221816289,-3.255585639067554,-3.7511909074812384,-4.71691152,-4.75019,-0.9657206125187622
bpm,with_minutes,knn,season_holdout_2025_26,3,24,-3.243979870067242,-2.751534929990874,-2.9793032905500723,-4.709122041666666,-4.278695,-1.7298187511165952
bpm,with_minutes,knn,season_holdout_2025_26,4,25,-2.745881980387453,-2.3217189929797106,-2.5322752532718806,-3.3833378400000003,-3.00459,-0.8510625867281191
bpm,with_minutes,knn,season_holdout_2025_26,5,24,-2.3036436144205013,-1.8682645008266545,-2.1173799711944543,-2.7697130083333334,-2.658675,-0.6523330371388791
bpm,with_minutes,knn,season_holdout_2025_26,6,25,-1.865906667554157,-1.5444928275380505,-1.726267285138992,-2.504286744,-1.83551,-0.7780194588610082
bpm,with_minutes,knn,season_holdout_2025_26,7,24,-1.5167781327697551,-1.1797157941741374,-1.3226309443384188,-1.2197503125,-2.1079849999999998,0.10288063183841856
bpm,with_minutes,knn,season_holdout_2025_26,8,25,-1.122223345346879,-0.6442222387371002,-0.9178513857827072,-1.8457380399999999,-2.51948,-0.9278866542172928
bpm,with_minutes,knn,season_holdout_2025_26,9,24,-0.6040792599758795,0.2044625386723929,-0.22045940380424453,-1.0266997125,-0.6092010000000001,-0.8062403086957556
bpm,with_minutes,knn,season_holdout_2025_26,10,25,0.325588111004432,2.80700433582515,1.1624948276851266,-0.9598253928,-0.014545,-2.122320220485127
bpm,with_minutes,svr_rbf,season_holdout_2025_26,1,25,-7.49857138282077,-4.427966294678225,-5.425407707987875,-7.2696035199999995,-8.70551,-1.8441958120121231
bpm,with_minutes,svr_rbf,season_holdout_2025_26,2,25,-4.37900270782837,-3.2270931679186274,-3.705203586545927,-3.90725636,-4.06416,-0.20205277345407288
bpm,with_minutes,svr_rbf,season_holdout_2025_26,3,24,-3.2152013769625567,-2.7067809050318026,-2.939405547000075,-5.770753541666667,-5.215339999999999,-2.831347994666592
bpm,with_minutes,svr_rbf,season_holdout_2025_26,4,25,-2.705226267703459,-2.3050595776162837,-2.4864160577299956,-2.24133192,-1.98186,0.2450841377299958
bpm,with_minutes,svr_rbf,season_holdout_2025_26,5,24,-2.2987594233120596,-1.7726528170317766,-2.0403712809684205,-3.3043493416666663,-2.78981,-1.2639780606982465
bpm,with_minutes,svr_rbf,season_holdout_2025_26,6,25,-1.7552892184803204,-1.394487359942939,-1.534506425088724,-2.56419378,-3.24815,-1.029687354911276
bpm,with_minutes,svr_rbf,season_holdout_2025_26,7,24,-1.3313525224430278,-0.9552935381844401,-1.16035455812634,-1.4479119583333337,-2.03438,-0.2875574002069934
bpm,with_minutes,svr_rbf,season_holdout_2025_26,8,25,-0.9433989450049575,-0.3935441492299956,-0.7020094707865587,-1.5300691919999998,-0.41908,-0.8280597212134411
bpm,with_minutes,svr_rbf,season_holdout_2025_26,9,24,-0.39346617934361894,0.17216249969755548,-0.10319345242451478,-0.6833701041666668,-0.5409537499999999,-0.580176651742152
bpm,with_minutes,svr_rbf,season_holdout_2025_26,10,25,0.18719278026214425,3.0461243506975597,0.9874159362215387,0.20432359120000002,-0.00417102,-0.7830923450215388
