version,run_id,k,scaling_mode,z_score_basis,sample_size,feature_set,method,init,rss_per_row,rss_per_row_per_feature,feature_count,excluded_features,archetype_id,rows,share,d1_rows,d2_rows,mean_membership_weight,top_z_features,bottom_z_features,feature,archetype_z
role_only_no_height,k6__division_zscore__role_only_no_height__method-nnls__init-uniform__ninit-1,6,division_zscore,"z-score within division, then recombined",3000,role_only_no_height,nnls,uniform,0.2677347352386173,0.024339521385328845,11,height_inches|mins_per_game|eFG|three_pct|ft_pct,1,309,0.103,166,143,0.456535662591947,ast_tov=3.61; three_share=1.83; three_pa_per_100_team_poss=0.65; stl_pct=0.48; ast_pct=-0.02,tov_pct=-2.10; usg=-1.93; FTR=-1.50; drb_pct=-1.13; orb_pct=-1.06,usg,-1.934054133073586
role_only_no_height,k6__division_zscore__role_only_no_height__method-nnls__init-uniform__ninit-1,6,division_zscore,"z-score within division, then recombined",3000,role_only_no_height,nnls,uniform,0.2677347352386173,0.024339521385328845,11,height_inches|mins_per_game|eFG|three_pct|ft_pct,2,415,0.1383333333333333,223,192,0.4794788410924968,FTR=3.56; orb_pct=0.65; tov_pct=0.49; drb_pct=-0.45; blk_pct=-0.49,three_share=-1.41; three_pa_per_100_team_poss=-1.38; usg=-1.22; ast_pct=-1.20; ast_tov=-1.03,usg,-1.222633056395638
role_only_no_height,k6__division_zscore__role_only_no_height__method-nnls__init-uniform__ninit-1,6,division_zscore,"z-score within division, then recombined",3000,role_only_no_height,nnls,uniform,0.2677347352386173,0.024339521385328845,11,height_inches|mins_per_game|eFG|three_pct|ft_pct,3,800,0.2666666666666666,433,367,0.505250294172251,ast_pct=2.70; usg=2.10; stl_pct=1.74; ast_tov=0.74; FTR=0.70,orb_pct=-0.75; blk_pct=-0.63; three_share=-0.38; drb_pct=-0.30; three_pa_per_100_team_poss=0.11,usg,2.09537077255151
role_only_no_height,k6__division_zscore__role_only_no_height__method-nnls__init-uniform__ninit-1,6,division_zscore,"z-score within division, then recombined",3000,role_only_no_height,nnls,uniform,0.2677347352386173,0.024339521385328845,11,height_inches|mins_per_game|eFG|three_pct|ft_pct,4,262,0.0873333333333333,135,127,0.4408056532664042,tov_pct=3.80; blk_pct=-0.10; stl_pct=-0.11; ast_pct=-0.43; ast_tov=-0.43,usg=-1.99; FTR=-1.77; three_pa_per_100_team_poss=-1.14; orb_pct=-0.97; three_share=-0.78,usg,-1.994433928117493
role_only_no_height,k6__division_zscore__role_only_no_height__method-nnls__init-uniform__ninit-1,6,division_zscore,"z-score within division, then recombined",3000,role_only_no_height,nnls,uniform,0.2677347352386173,0.024339521385328845,11,height_inches|mins_per_game|eFG|three_pct|ft_pct,5,702,0.234,382,320,0.462743349163797,three_pa_per_100_team_poss=2.47; three_share=2.14; usg=0.44; blk_pct=-0.46; drb_pct=-0.85,tov_pct=-1.66; FTR=-1.52; stl_pct=-1.45; ast_tov=-1.40; ast_pct=-1.37,usg,0.4403632774170289
role_only_no_height,k6__division_zscore__role_only_no_height__method-nnls__init-uniform__ninit-1,6,division_zscore,"z-score within division, then recombined",3000,role_only_no_height,nnls,uniform,0.2677347352386173,0.024339521385328845,11,height_inches|mins_per_game|eFG|three_pct|ft_pct,6,512,0.1706666666666666,289,223,0.4625975811723234,blk_pct=3.64; orb_pct=2.93; drb_pct=2.72; usg=0.59; FTR=-0.34,three_share=-1.55; three_pa_per_100_team_poss=-1.45; ast_tov=-0.95; tov_pct=-0.91; ast_pct=-0.81,usg,0.589052108361005
role_only_no_height,k7__division_zscore__role_only_no_height__method-nnls__init-aa_plus_plus__ninit-1,7,division_zscore,"z-score within division, then recombined",3000,role_only_no_height,nnls,aa_plus_plus,0.238495041324195,0.021681367393108636,11,height_inches|mins_per_game|eFG|three_pct|ft_pct,1,294,0.098,161,133,0.4389883262975242,ast_tov=3.61; three_share=2.21; three_pa_per_100_team_poss=1.08; stl_pct=0.69; ast_pct=-0.21,tov_pct=-2.22; usg=-1.87; FTR=-1.81; drb_pct=-1.35; orb_pct=-1.04,usg,-1.8699821944256445
role_only_no_height,k7__division_zscore__role_only_no_height__method-nnls__init-aa_plus_plus__ninit-1,7,division_zscore,"z-score within division, then recombined",3000,role_only_no_height,nnls,aa_plus_plus,0.238495041324195,0.021681367393108636,11,height_inches|mins_per_game|eFG|three_pct|ft_pct,2,673,0.2243333333333333,362,311,0.4457061235878949,three_pa_per_100_team_poss=2.48; three_share=2.10; usg=0.66; blk_pct=-0.39; drb_pct=-0.86,tov_pct=-1.73; stl_pct=-1.70; ast_tov=-1.40; FTR=-1.38; ast_pct=-1.36,usg,0.6646422587023244
role_only_no_height,k7__division_zscore__role_only_no_height__method-nnls__init-aa_plus_plus__ninit-1,7,division_zscore,"z-score within division, then recombined",3000,role_only_no_height,nnls,aa_plus_plus,0.238495041324195,0.021681367393108636,11,height_inches|mins_per_game|eFG|three_pct|ft_pct,3,163,0.0543333333333333,94,69,0.380094578821913,stl_pct=3.24; orb_pct=2.93; drb_pct=1.47; blk_pct=0.61; FTR=0.41,three_share=-1.55; ast_tov=-1.50; three_pa_per_100_team_poss=-1.45; ast_pct=-1.36; tov_pct=0.02,usg,0.0305796469295435
role_only_no_height,k7__division_zscore__role_only_no_height__method-nnls__init-aa_plus_plus__ninit-1,7,division_zscore,"z-score within division, then recombined",3000,role_only_no_height,nnls,aa_plus_plus,0.238495041324195,0.021681367393108636,11,height_inches|mins_per_game|eFG|three_pct|ft_pct,4,450,0.15,252,198,0.4636975661184712,blk_pct=3.47; orb_pct=2.89; drb_pct=2.71; usg=0.78; FTR=-0.14,three_share=-1.55; three_pa_per_100_team_poss=-1.45; ast_tov=-0.96; tov_pct=-0.73; ast_pct=-0.71,usg,0.7791308300512548
role_only_no_height,k7__division_zscore__role_only_no_height__method-nnls__init-aa_plus_plus__ninit-1,7,division_zscore,"z-score within division, then recombined",3000,role_only_no_height,nnls,aa_plus_plus,0.238495041324195,0.021681367393108636,11,height_inches|mins_per_game|eFG|three_pct|ft_pct,5,320,0.1066666666666666,168,152,0.4237211426671816,tov_pct=3.75; blk_pct=-0.07; stl_pct=-0.20; ast_pct=-0.25; ast_tov=-0.40,usg=-1.95; FTR=-1.71; orb_pct=-1.05; three_pa_per_100_team_poss=-1.03; drb_pct=-0.56,usg,-1.9477860306753303
role_only_no_height,k7__division_zscore__role_only_no_height__method-nnls__init-aa_plus_plus__ninit-1,7,division_zscore,"z-score within division, then recombined",3000,role_only_no_height,nnls,aa_plus_plus,0.238495041324195,0.021681367393108636,11,height_inches|mins_per_game|eFG|three_pct|ft_pct,6,770,0.2566666666666666,413,357,0.4917715389137663,ast_pct=2.83; usg=2.25; stl_pct=1.15; ast_tov=1.03; FTR=0.75,orb_pct=-0.77; blk_pct=-0.67; drb_pct=-0.37; three_share=-0.35; tov_pct=-0.14,usg,2.2497523852644665
role_only_no_height,k7__division_zscore__role_only_no_height__method-nnls__init-aa_plus_plus__ninit-1,7,division_zscore,"z-score within division, then recombined",3000,role_only_no_height,nnls,aa_plus_plus,0.238495041324195,0.021681367393108636,11,height_inches|mins_per_game|eFG|three_pct|ft_pct,7,330,0.11,178,152,0.464452747318702,FTR=3.56; tov_pct=0.56; orb_pct=0.43; blk_pct=-0.50; ast_tov=-0.53,usg=-1.68; three_pa_per_100_team_poss=-1.33; stl_pct=-1.31; three_share=-1.24; ast_pct=-1.16,usg,-1.6810892379996527
role_only_no_height,k8__division_zscore__role_only_no_height__method-nnls__init-furthest_sum__ninit-1,8,division_zscore,"z-score within division, then recombined",3000,role_only_no_height,nnls,furthest_sum,0.2143388262200273,0.0194853478381843,11,height_inches|mins_per_game|eFG|three_pct|ft_pct,1,174,0.058,96,78,0.4213632291929584,FTR=3.42; tov_pct=3.33; drb_pct=0.74; orb_pct=0.16; blk_pct=-0.02,usg=-1.72; stl_pct=-1.48; ast_pct=-1.36; ast_tov=-1.25; three_pa_per_100_team_poss=-1.11,usg,-1.7243195480649895
role_only_no_height,k8__division_zscore__role_only_no_height__method-nnls__init-furthest_sum__ninit-1,8,division_zscore,"z-score within division, then recombined",3000,role_only_no_height,nnls,furthest_sum,0.2143388262200273,0.0194853478381843,11,height_inches|mins_per_game|eFG|three_pct|ft_pct,2,471,0.157,263,208,0.443455908590321,ast_pct=2.96; usg=2.48; FTR=0.57; ast_tov=0.40; three_pa_per_100_team_poss=0.35,orb_pct=-0.74; blk_pct=-0.73; drb_pct=-0.46; three_share=-0.44; stl_pct=-0.13,usg,2.4793338680649315
role_only_no_height,k8__division_zscore__role_only_no_height__method-nnls__init-furthest_sum__ninit-1,8,division_zscore,"z-score within division, then recombined",3000,role_only_no_height,nnls,furthest_sum,0.2143388262200273,0.0194853478381843,11,height_inches|mins_per_game|eFG|three_pct|ft_pct,3,99,0.033,49,50,0.3615147922957086,ast_tov=3.61; FTR=3.56; three_share=0.52; ast_pct=-0.06; orb_pct=-0.36,tov_pct=-2.33; usg=-2.19; drb_pct=-1.90; three_pa_per_100_team_poss=-1.22; stl_pct=-0.91,usg,-2.1934469825864187
role_only_no_height,k8__division_zscore__role_only_no_height__method-nnls__init-furthest_sum__ninit-1,8,division_zscore,"z-score within division, then recombined",3000,role_only_no_height,nnls,furthest_sum,0.2143388262200273,0.0194853478381843,11,height_inches|mins_per_game|eFG|three_pct|ft_pct,4,996,0.332,554,442,0.4510370126653587,three_pa_per_100_team_poss=2.47; three_share=2.21; usg=0.11; blk_pct=-0.63; orb_pct=-0.87,FTR=-1.82; tov_pct=-1.75; stl_pct=-1.57; ast_pct=-1.42; ast_tov=-1.33,usg,0.108957763403417
role_only_no_height,k8__division_zscore__role_only_no_height__method-nnls__init-furthest_sum__ninit-1,8,division_zscore,"z-score within division, then recombined",3000,role_only_no_height,nnls,furthest_sum,0.2143388262200273,0.0194853478381843,11,height_inches|mins_per_game|eFG|three_pct|ft_pct,5,295,0.0983333333333333,159,136,0.3951614789419916,stl_pct=3.50; usg=1.83; FTR=1.54; orb_pct=0.89; tov_pct=0.69,three_share=-1.46; three_pa_per_100_team_poss=-1.35; ast_tov=-0.82; drb_pct=-0.80; blk_pct=-0.21,usg,1.8279043865924711
role_only_no_height,k8__division_zscore__role_only_no_height__method-nnls__init-furthest_sum__ninit-1,8,division_zscore,"z-score within division, then recombined",3000,role_only_no_height,nnls,furthest_sum,0.2143388262200273,0.0194853478381843,11,height_inches|mins_per_game|eFG|three_pct|ft_pct,6,582,0.194,317,265,0.4426284154009009,blk_pct=3.64; orb_pct=2.93; drb_pct=2.72; usg=0.58; FTR=-0.34,three_share=-1.55; three_pa_per_100_team_poss=-1.45; ast_tov=-0.95; tov_pct=-0.91; ast_pct=-0.82,usg,0.5834840156883699
role_only_no_height,k8__division_zscore__role_only_no_height__method-nnls__init-furthest_sum__ninit-1,8,division_zscore,"z-score within division, then recombined",3000,role_only_no_height,nnls,furthest_sum,0.2143388262200273,0.0194853478381843,11,height_inches|mins_per_game|eFG|three_pct|ft_pct,7,197,0.0656666666666666,98,99,0.377781054808435,ast_tov=3.32; ast_pct=3.03; three_share=2.02; stl_pct=1.68; drb_pct=1.50,FTR=-1.95; orb_pct=-1.35; usg=-1.20; blk_pct=-0.90; tov_pct=0.96,usg,-1.1989237553999754
role_only_no_height,k8__division_zscore__role_only_no_height__method-nnls__init-furthest_sum__ninit-1,8,division_zscore,"z-score within division, then recombined",3000,role_only_no_height,nnls,furthest_sum,0.2143388262200273,0.0194853478381843,11,height_inches|mins_per_game|eFG|three_pct|ft_pct,8,186,0.062,92,94,0.3914937703684024,tov_pct=3.92; blk_pct=0.40; stl_pct=0.04; drb_pct=-0.79; ast_tov=-0.81,usg=-2.12; FTR=-1.95; three_share=-1.58; three_pa_per_100_team_poss=-1.47; orb_pct=-1.07,usg,-2.1166932492262944
role_only_height_025,k6__division_zscore__role_only_height_025__method-nnls__init-aa_plus_plus__ninit-1,6,division_zscore,"z-score within division, then recombined",3000,role_only_height_025,nnls,aa_plus_plus,0.2951314491359655,0.024594287427997127,12,mins_per_game|eFG|three_pct|ft_pct,1,764,0.2546666666666666,412,352,0.5077027320443918,ast_pct=2.65; usg=2.15; stl_pct=1.83; ast_tov=0.67; FTR=0.59,height_inches=-1.41; orb_pct=-0.79; blk_pct=-0.57; drb_pct=-0.28; three_share=-0.28,usg,2.149813007314874
role_only_height_025,k6__division_zscore__role_only_height_025__method-nnls__init-aa_plus_plus__ninit-1,6,division_zscore,"z-score within division, then recombined",3000,role_only_height_025,nnls,aa_plus_plus,0.2951314491359655,0.024594287427997127,12,mins_per_game|eFG|three_pct|ft_pct,2,342,0.114,180,162,0.4838557509063565,FTR=3.56; tov_pct=0.55; orb_pct=0.42; height_inches=0.24; stl_pct=-0.47,usg=-1.46; three_pa_per_100_team_poss=-1.38; three_share=-1.32; ast_pct=-1.19; ast_tov=-0.89,usg,-1.4573117132958924
role_only_height_025,k6__division_zscore__role_only_height_025__method-nnls__init-aa_plus_plus__ninit-1,6,division_zscore,"z-score within division, then recombined",3000,role_only_height_025,nnls,aa_plus_plus,0.2951314491359655,0.024594287427997127,12,mins_per_game|eFG|three_pct|ft_pct,3,668,0.2226666666666666,366,302,0.4623177469876054,three_pa_per_100_team_poss=2.47; three_share=2.16; usg=0.33; height_inches=0.12; blk_pct=-0.46,tov_pct=-1.67; FTR=-1.58; ast_tov=-1.41; ast_pct=-1.39; stl_pct=-1.34,usg,0.3315811691598785
role_only_height_025,k6__division_zscore__role_only_height_025__method-nnls__init-aa_plus_plus__ninit-1,6,division_zscore,"z-score within division, then recombined",3000,role_only_height_025,nnls,aa_plus_plus,0.2951314491359655,0.024594287427997127,12,mins_per_game|eFG|three_pct|ft_pct,4,655,0.2183333333333333,368,287,0.4864090659074885,blk_pct=3.08; drb_pct=2.72; orb_pct=2.64; height_inches=1.84; usg=1.04,three_share=-1.56; three_pa_per_100_team_poss=-1.45; ast_tov=-1.08; stl_pct=-0.79; ast_pct=-0.78,usg,1.0373381345555923
role_only_height_025,k6__division_zscore__role_only_height_025__method-nnls__init-aa_plus_plus__ninit-1,6,division_zscore,"z-score within division, then recombined",3000,role_only_height_025,nnls,aa_plus_plus,0.2951314491359655,0.024594287427997127,12,mins_per_game|eFG|three_pct|ft_pct,5,338,0.1126666666666666,178,160,0.4604329118378568,ast_tov=3.57; three_share=2.01; three_pa_per_100_team_poss=0.77; stl_pct=0.09; ast_pct=0.04,tov_pct=-1.91; usg=-1.81; FTR=-1.49; drb_pct=-1.22; orb_pct=-1.07,usg,-1.8066861550667508
role_only_height_025,k6__division_zscore__role_only_height_025__method-nnls__init-aa_plus_plus__ninit-1,6,division_zscore,"z-score within division, then recombined",3000,role_only_height_025,nnls,aa_plus_plus,0.2951314491359655,0.024594287427997127,12,mins_per_game|eFG|three_pct|ft_pct,6,233,0.0776666666666666,124,109,0.4381247388587916,tov_pct=3.84; blk_pct=-0.01; stl_pct=-0.05; ast_tov=-0.51; ast_pct=-0.57,usg=-2.03; FTR=-1.82; three_pa_per_100_team_poss=-1.23; three_share=-0.98; orb_pct=-0.97,usg,-2.029245434645323
role_only_height_025,k7__division_zscore__role_only_height_025__method-nnls__init-furthest_sum__ninit-1,7,division_zscore,"z-score within division, then recombined",3000,role_only_height_025,nnls,furthest_sum,0.263311535831513,0.021942627985959418,12,mins_per_game|eFG|three_pct|ft_pct,1,226,0.0753333333333333,115,111,0.417672088169587,tov_pct=3.88; blk_pct=0.10; stl_pct=0.02; ast_tov=-0.61; drb_pct=-0.63,usg=-2.08; FTR=-1.88; three_pa_per_100_team_poss=-1.34; three_share=-1.26; orb_pct=-0.97,usg,-2.075899225618381
role_only_height_025,k7__division_zscore__role_only_height_025__method-nnls__init-furthest_sum__ninit-1,7,division_zscore,"z-score within division, then recombined",3000,role_only_height_025,nnls,furthest_sum,0.263311535831513,0.021942627985959418,12,mins_per_game|eFG|three_pct|ft_pct,2,295,0.0983333333333333,158,137,0.4357850920342563,ast_tov=3.61; three_share=2.21; three_pa_per_100_team_poss=1.01; stl_pct=0.60; ast_pct=-0.21,tov_pct=-2.15; usg=-1.89; FTR=-1.82; drb_pct=-1.31; orb_pct=-1.04,usg,-1.890660013645567
role_only_height_025,k7__division_zscore__role_only_height_025__method-nnls__init-furthest_sum__ninit-1,7,division_zscore,"z-score within division, then recombined",3000,role_only_height_025,nnls,furthest_sum,0.263311535831513,0.021942627985959418,12,mins_per_game|eFG|three_pct|ft_pct,3,330,0.11,173,157,0.4644667356808276,FTR=3.56; tov_pct=0.53; orb_pct=0.47; height_inches=0.24; blk_pct=-0.52,usg=-1.70; three_share=-1.41; three_pa_per_100_team_poss=-1.39; ast_pct=-1.19; stl_pct=-1.08,usg,-1.701512990724143
role_only_height_025,k7__division_zscore__role_only_height_025__method-nnls__init-furthest_sum__ninit-1,7,division_zscore,"z-score within division, then recombined",3000,role_only_height_025,nnls,furthest_sum,0.263311535831513,0.021942627985959418,12,mins_per_game|eFG|three_pct|ft_pct,4,685,0.2283333333333333,382,303,0.4756498660866816,blk_pct=3.01; drb_pct=2.72; orb_pct=2.66; height_inches=1.88; usg=1.16,three_share=-1.56; three_pa_per_100_team_poss=-1.45; ast_tov=-1.05; stl_pct=-0.85; tov_pct=-0.73,usg,1.1583218220115277
role_only_height_025,k7__division_zscore__role_only_height_025__method-nnls__init-furthest_sum__ninit-1,7,division_zscore,"z-score within division, then recombined",3000,role_only_height_025,nnls,furthest_sum,0.263311535831513,0.021942627985959418,12,mins_per_game|eFG|three_pct|ft_pct,5,413,0.1376666666666666,247,166,0.4565209745922705,ast_pct=3.02; usg=1.94; ast_tov=1.43; three_pa_per_100_team_poss=0.23; tov_pct=0.16,height_inches=-1.46; orb_pct=-1.04; drb_pct=-0.65; blk_pct=-0.60; stl_pct=-0.43,usg,1.938079179971456
role_only_height_025,k7__division_zscore__role_only_height_025__method-nnls__init-furthest_sum__ninit-1,7,division_zscore,"z-score within division, then recombined",3000,role_only_height_025,nnls,furthest_sum,0.263311535831513,0.021942627985959418,12,mins_per_game|eFG|three_pct|ft_pct,6,678,0.226,365,313,0.4478373137453988,three_pa_per_100_team_poss=2.48; three_share=2.14; usg=0.49; height_inches=-0.10; blk_pct=-0.44,tov_pct=-1.73; stl_pct=-1.56; FTR=-1.51; ast_tov=-1.40; ast_pct=-1.37,usg,0.4858346671594158
role_only_height_025,k7__division_zscore__role_only_height_025__method-nnls__init-furthest_sum__ninit-1,7,division_zscore,"z-score within division, then recombined",3000,role_only_height_025,nnls,furthest_sum,0.263311535831513,0.021942627985959418,12,mins_per_game|eFG|three_pct|ft_pct,7,373,0.1243333333333333,188,185,0.4477413622519844,stl_pct=3.49; ast_pct=1.68; usg=1.54; FTR=0.84; tov_pct=0.49,height_inches=-1.37; orb_pct=-0.44; blk_pct=-0.38; three_share=-0.31; drb_pct=-0.21,usg,1.5424685864155625
role_only_height_025,k8__division_zscore__role_only_height_025__method-nnls__init-furthest_first__ninit-1,8,division_zscore,"z-score within division, then recombined",3000,role_only_height_025,nnls,furthest_first,0.2447094773685976,0.020392456447383134,12,mins_per_game|eFG|three_pct|ft_pct,1,766,0.2553333333333333,411,355,0.4782242069768341,blk_pct=2.78; drb_pct=2.72; orb_pct=2.61; height_inches=2.02; usg=1.09,three_share=-1.56; three_pa_per_100_team_poss=-1.46; ast_tov=-1.11; stl_pct=-0.88; ast_pct=-0.74,usg,1.0877730203009053
role_only_height_025,k8__division_zscore__role_only_height_025__method-nnls__init-furthest_first__ninit-1,8,division_zscore,"z-score within division, then recombined",3000,role_only_height_025,nnls,furthest_first,0.2447094773685976,0.020392456447383134,12,mins_per_game|eFG|three_pct|ft_pct,2,386,0.1286666666666666,228,158,0.4493649554366586,ast_pct=3.02; usg=2.17; ast_tov=1.11; three_pa_per_100_team_poss=0.13; tov_pct=0.10,height_inches=-1.40; orb_pct=-1.03; blk_pct=-0.64; drb_pct=-0.59; three_share=-0.49,usg,2.1725791929747396
role_only_height_025,k8__division_zscore__role_only_height_025__method-nnls__init-furthest_first__ninit-1,8,division_zscore,"z-score within division, then recombined",3000,role_only_height_025,nnls,furthest_first,0.2447094773685976,0.020392456447383134,12,mins_per_game|eFG|three_pct|ft_pct,3,343,0.1143333333333333,170,173,0.4309408019064346,stl_pct=3.53; usg=1.76; ast_pct=1.11; FTR=0.85; tov_pct=0.37,height_inches=-1.01; drb_pct=-0.78; three_share=-0.54; blk_pct=-0.41; ast_tov=-0.26,usg,1.762417787441501
role_only_height_025,k8__division_zscore__role_only_height_025__method-nnls__init-furthest_first__ninit-1,8,division_zscore,"z-score within division, then recombined",3000,role_only_height_025,nnls,furthest_first,0.2447094773685976,0.020392456447383134,12,mins_per_game|eFG|three_pct|ft_pct,4,180,0.06,87,93,0.3891629696383583,tov_pct=3.94; blk_pct=0.49; stl_pct=0.07; height_inches=-0.49; drb_pct=-0.82,usg=-2.13; FTR=-1.95; three_share=-1.60; three_pa_per_100_team_poss=-1.47; orb_pct=-1.11,usg,-2.132583820220393
role_only_height_025,k8__division_zscore__role_only_height_025__method-nnls__init-furthest_first__ninit-1,8,division_zscore,"z-score within division, then recombined",3000,role_only_height_025,nnls,furthest_first,0.2447094773685976,0.020392456447383134,12,mins_per_game|eFG|three_pct|ft_pct,5,101,0.0336666666666666,54,47,0.3613966317042416,ast_tov=3.61; FTR=3.56; three_share=0.52; height_inches=0.18; ast_pct=-0.06,tov_pct=-2.33; usg=-2.19; drb_pct=-1.90; three_pa_per_100_team_poss=-1.22; stl_pct=-0.91,usg,-2.193446982385732
role_only_height_025,k8__division_zscore__role_only_height_025__method-nnls__init-furthest_first__ninit-1,8,division_zscore,"z-score within division, then recombined",3000,role_only_height_025,nnls,furthest_first,0.2447094773685976,0.020392456447383134,12,mins_per_game|eFG|three_pct|ft_pct,6,955,0.3183333333333333,530,425,0.449595980804347,three_pa_per_100_team_poss=2.47; three_share=2.22; usg=0.15; height_inches=-0.12; blk_pct=-0.71,FTR=-1.82; tov_pct=-1.79; stl_pct=-1.61; ast_pct=-1.40; ast_tov=-1.34,usg,0.1536126522228146
role_only_height_025,k8__division_zscore__role_only_height_025__method-nnls__init-furthest_first__ninit-1,8,division_zscore,"z-score within division, then recombined",3000,role_only_height_025,nnls,furthest_first,0.2447094773685976,0.020392456447383134,12,mins_per_game|eFG|three_pct|ft_pct,7,163,0.0543333333333333,95,68,0.4262992627745987,FTR=3.41; tov_pct=3.24; height_inches=0.65; drb_pct=0.13; orb_pct=0.07,usg=-1.41; ast_tov=-1.35; ast_pct=-1.21; three_pa_per_100_team_poss=-1.09; stl_pct=-0.95,usg,-1.4095485866603867
role_only_height_025,k8__division_zscore__role_only_height_025__method-nnls__init-furthest_first__ninit-1,8,division_zscore,"z-score within division, then recombined",3000,role_only_height_025,nnls,furthest_first,0.2447094773685976,0.020392456447383134,12,mins_per_game|eFG|three_pct|ft_pct,8,106,0.0353333333333333,53,53,0.3601115726474856,ast_tov=3.32; ast_pct=3.03; three_share=2.13; drb_pct=2.09; stl_pct=1.69,FTR=-1.95; orb_pct=-1.51; usg=-1.33; blk_pct=-0.90; height_inches=-0.05,usg,-1.3274062743825408
quality_lite_no_height,k6__division_zscore__quality_lite_no_height__method-nnls__init-aa_plus_plus__ninit-1,6,division_zscore,"z-score within division, then recombined",3000,quality_lite_no_height,nnls,aa_plus_plus,0.3318744542043277,0.023705318157451978,14,height_inches|mins_per_game,1,839,0.2796666666666667,465,374,0.4819226714238443,three_pa_per_100_team_poss=2.47; three_share=1.97; ft_pct=0.74; three_pct=0.68; eFG=0.47,tov_pct=-1.51; ast_pct=-1.38; ast_tov=-1.30; FTR=-1.17; stl_pct=-0.92,usg,0.4330351576492014
quality_lite_no_height,k6__division_zscore__quality_lite_no_height__method-nnls__init-aa_plus_plus__ninit-1,6,division_zscore,"z-score within division, then recombined",3000,quality_lite_no_height,nnls,aa_plus_plus,0.3318744542043277,0.023705318157451978,14,height_inches|mins_per_game,2,210,0.07,106,104,0.4407402226984385,tov_pct=3.78; stl_pct=-0.12; blk_pct=-0.13; ast_pct=-0.39; ast_tov=-0.44,ft_pct=-3.01; eFG=-2.10; usg=-1.92; FTR=-1.75; three_pa_per_100_team_poss=-1.21,usg,-1.921737015159864
quality_lite_no_height,k6__division_zscore__quality_lite_no_height__method-nnls__init-aa_plus_plus__ninit-1,6,division_zscore,"z-score within division, then recombined",3000,quality_lite_no_height,nnls,aa_plus_plus,0.3318744542043277,0.023705318157451978,14,height_inches|mins_per_game,3,459,0.153,256,203,0.4720511160361476,blk_pct=3.64; orb_pct=2.92; drb_pct=2.71; eFG=0.64; usg=0.51,three_pct=-1.93; three_share=-1.55; three_pa_per_100_team_poss=-1.45; ast_tov=-1.02; ast_pct=-0.89,usg,0.513325050336971
quality_lite_no_height,k6__division_zscore__quality_lite_no_height__method-nnls__init-aa_plus_plus__ninit-1,6,division_zscore,"z-score within division, then recombined",3000,quality_lite_no_height,nnls,aa_plus_plus,0.3318744542043277,0.023705318157451978,14,height_inches|mins_per_game,4,742,0.2473333333333333,404,338,0.5061546064784389,ast_pct=2.68; usg=2.23; stl_pct=1.71; ft_pct=0.73; FTR=0.51,orb_pct=-0.73; blk_pct=-0.54; three_share=-0.35; eFG=-0.26; drb_pct=-0.23,usg,2.2300078761673903
quality_lite_no_height,k6__division_zscore__quality_lite_no_height__method-nnls__init-aa_plus_plus__ninit-1,6,division_zscore,"z-score within division, then recombined",3000,quality_lite_no_height,nnls,aa_plus_plus,0.3318744542043277,0.023705318157451978,14,height_inches|mins_per_game,5,385,0.1283333333333333,207,178,0.4905553136314093,FTR=3.54; orb_pct=0.68; tov_pct=0.54; eFG=0.35; drb_pct=-0.29,three_pct=-1.58; three_pa_per_100_team_poss=-1.32; three_share=-1.23; ast_pct=-1.21; usg=-1.21,usg,-1.20647909013916
quality_lite_no_height,k6__division_zscore__quality_lite_no_height__method-nnls__init-aa_plus_plus__ninit-1,6,division_zscore,"z-score within division, then recombined",3000,quality_lite_no_height,nnls,aa_plus_plus,0.3318744542043277,0.023705318157451978,14,height_inches|mins_per_game,6,365,0.1216666666666666,190,175,0.4750526939685237,ast_tov=3.61; three_share=1.39; three_pa_per_100_team_poss=0.62; three_pct=0.46; ast_pct=0.34,tov_pct=-1.81; usg=-1.64; drb_pct=-1.04; orb_pct=-1.01; FTR=-0.97,usg,-1.6407209240271925
quality_lite_no_height,k7__division_zscore__quality_lite_no_height__method-nnls__init-uniform__ninit-1,7,division_zscore,"z-score within division, then recombined",3000,quality_lite_no_height,nnls,uniform,0.3057733967215648,0.0218409569086832,14,height_inches|mins_per_game,1,410,0.1366666666666666,223,187,0.4745940911079103,FTR=3.55; orb_pct=0.95; eFG=0.61; tov_pct=0.42; blk_pct=-0.15,three_pct=-1.71; three_pa_per_100_team_poss=-1.36; usg=-1.32; three_share=-1.32; ast_pct=-1.15,usg,-1.323681239947813
quality_lite_no_height,k7__division_zscore__quality_lite_no_height__method-nnls__init-uniform__ninit-1,7,division_zscore,"z-score within division, then recombined",3000,quality_lite_no_height,nnls,uniform,0.3057733967215648,0.0218409569086832,14,height_inches|mins_per_game,2,836,0.2786666666666667,458,378,0.4601655417019247,three_pa_per_100_team_poss=2.44; three_share=1.96; ft_pct=0.84; three_pct=0.69; usg=0.59,tov_pct=-1.62; ast_tov=-1.34; stl_pct=-1.33; ast_pct=-1.32; FTR=-0.98,usg,0.5937897486028602
quality_lite_no_height,k7__division_zscore__quality_lite_no_height__method-nnls__init-uniform__ninit-1,7,division_zscore,"z-score within division, then recombined",3000,quality_lite_no_height,nnls,uniform,0.3057733967215648,0.0218409569086832,14,height_inches|mins_per_game,3,389,0.1296666666666666,219,170,0.4576771015188351,blk_pct=3.93; orb_pct=2.92; drb_pct=2.71; eFG=0.49; usg=0.05,three_pct=-1.93; three_share=-1.55; three_pa_per_100_team_poss=-1.45; ast_pct=-1.16; ast_tov=-1.08,usg,0.0543106362620683
quality_lite_no_height,k7__division_zscore__quality_lite_no_height__method-nnls__init-uniform__ninit-1,7,division_zscore,"z-score within division, then recombined",3000,quality_lite_no_height,nnls,uniform,0.3057733967215648,0.0218409569086832,14,height_inches|mins_per_game,4,335,0.1116666666666666,174,161,0.469291657365989,ast_tov=3.61; three_share=1.69; three_pa_per_100_team_poss=0.96; three_pct=0.46; stl_pct=0.38,tov_pct=-1.85; usg=-1.57; drb_pct=-1.20; FTR=-1.19; orb_pct=-0.99,usg,-1.5703174007848342
quality_lite_no_height,k7__division_zscore__quality_lite_no_height__method-nnls__init-uniform__ninit-1,7,division_zscore,"z-score within division, then recombined",3000,quality_lite_no_height,nnls,uniform,0.3057733967215648,0.0218409569086832,14,height_inches|mins_per_game,5,339,0.113,178,161,0.4399483238331194,stl_pct=3.47; usg=1.59; ast_pct=1.55; FTR=0.80; three_pct=0.51,drb_pct=-0.83; orb_pct=-0.69; blk_pct=-0.57; eFG=-0.42; three_share=-0.10,usg,1.585542650386896
quality_lite_no_height,k7__division_zscore__quality_lite_no_height__method-nnls__init-uniform__ninit-1,7,division_zscore,"z-score within division, then recombined",3000,quality_lite_no_height,nnls,uniform,0.3057733967215648,0.0218409569086832,14,height_inches|mins_per_game,6,224,0.0746666666666666,112,112,0.4250744613967529,tov_pct=3.79; stl_pct=-0.11; blk_pct=-0.11; ast_pct=-0.42; ast_tov=-0.45,ft_pct=-3.10; eFG=-2.15; usg=-1.94; FTR=-1.76; three_pct=-1.24,usg,-1.9433157178297915
quality_lite_no_height,k7__division_zscore__quality_lite_no_height__method-nnls__init-uniform__ninit-1,7,division_zscore,"z-score within division, then recombined",3000,quality_lite_no_height,nnls,uniform,0.3057733967215648,0.0218409569086832,14,height_inches|mins_per_game,7,467,0.1556666666666666,264,203,0.4500973109087519,ast_pct=3.02; usg=2.12; ast_tov=1.05; ft_pct=0.66; FTR=0.21,orb_pct=-0.76; three_share=-0.65; blk_pct=-0.58; stl_pct=-0.30; three_pa_per_100_team_poss=-0.18,usg,2.121565992159995
quality_lite_no_height,k8__division_zscore__quality_lite_no_height__method-nnls__init-uniform__ninit-1,8,division_zscore,"z-score within division, then recombined",3000,quality_lite_no_height,nnls,uniform,0.2783043367516002,0.019878881196542873,14,height_inches|mins_per_game,1,241,0.0803333333333333,113,128,0.435758447968365,stl_pct=3.42; FTR=2.22; tov_pct=1.44; ast_pct=1.32; usg=0.93,three_share=-0.62; three_pa_per_100_team_poss=-0.58; orb_pct=-0.51; drb_pct=-0.47; blk_pct=-0.27,usg,0.9302163439412792
quality_lite_no_height,k8__division_zscore__quality_lite_no_height__method-nnls__init-uniform__ninit-1,8,division_zscore,"z-score within division, then recombined",3000,quality_lite_no_height,nnls,uniform,0.2783043367516002,0.019878881196542873,14,height_inches|mins_per_game,2,189,0.063,107,82,0.4564765187094199,FTR=3.56; tov_pct=0.65; orb_pct=0.39; eFG=0.32; blk_pct=0.30,usg=-2.08; three_pct=-1.70; stl_pct=-1.67; three_pa_per_100_team_poss=-1.33; three_share=-1.23,usg,-2.077021766781044
quality_lite_no_height,k8__division_zscore__quality_lite_no_height__method-nnls__init-uniform__ninit-1,8,division_zscore,"z-score within division, then recombined",3000,quality_lite_no_height,nnls,uniform,0.2783043367516002,0.019878881196542873,14,height_inches|mins_per_game,3,488,0.1626666666666666,284,204,0.454393699196468,ast_pct=3.03; usg=2.02; ast_tov=1.49; ft_pct=1.05; three_pa_per_100_team_poss=0.45,orb_pct=-0.98; drb_pct=-0.65; blk_pct=-0.59; FTR=-0.46; stl_pct=-0.40,usg,2.023247352730891
quality_lite_no_height,k8__division_zscore__quality_lite_no_height__method-nnls__init-uniform__ninit-1,8,division_zscore,"z-score within division, then recombined",3000,quality_lite_no_height,nnls,uniform,0.2783043367516002,0.019878881196542873,14,height_inches|mins_per_game,4,247,0.0823333333333333,144,103,0.482946233677228,blk_pct=4.02; orb_pct=2.28; drb_pct=2.05; eFG=1.12; tov_pct=-0.29,three_pct=-1.94; three_share=-1.55; three_pa_per_100_team_poss=-1.45; ast_pct=-1.13; ast_tov=-1.12,usg,-0.3573796322625
quality_lite_no_height,k8__division_zscore__quality_lite_no_height__method-nnls__init-uniform__ninit-1,8,division_zscore,"z-score within division, then recombined",3000,quality_lite_no_height,nnls,uniform,0.2783043367516002,0.019878881196542873,14,height_inches|mins_per_game,5,929,0.3096666666666666,517,412,0.4733175390766912,three_pa_per_100_team_poss=2.49; three_share=1.97; ft_pct=0.87; three_pct=0.64; usg=0.44,tov_pct=-1.48; ast_pct=-1.35; FTR=-1.23; ast_tov=-1.19; orb_pct=-0.85,usg,0.4448671863639285
quality_lite_no_height,k8__division_zscore__quality_lite_no_height__method-nnls__init-uniform__ninit-1,8,division_zscore,"z-score within division, then recombined",3000,quality_lite_no_height,nnls,uniform,0.2783043367516002,0.019878881196542873,14,height_inches|mins_per_game,6,279,0.093,143,136,0.468210645804107,ast_tov=3.59; three_share=1.56; three_pa_per_100_team_poss=0.77; three_pct=0.49; stl_pct=0.38,tov_pct=-1.89; usg=-1.64; FTR=-1.16; drb_pct=-1.11; orb_pct=-0.95,usg,-1.6433463798593355
quality_lite_no_height,k8__division_zscore__quality_lite_no_height__method-nnls__init-uniform__ninit-1,8,division_zscore,"z-score within division, then recombined",3000,quality_lite_no_height,nnls,uniform,0.2783043367516002,0.019878881196542873,14,height_inches|mins_per_game,7,199,0.0663333333333333,95,104,0.416259482813419,tov_pct=3.81; stl_pct=0.02; ast_tov=-0.24; drb_pct=-0.34; ast_pct=-0.55,ft_pct=-3.27; eFG=-2.36; usg=-1.99; FTR=-1.80; three_pct=-1.45,usg,-1.9901698111905777
quality_lite_no_height,k8__division_zscore__quality_lite_no_height__method-nnls__init-uniform__ninit-1,8,division_zscore,"z-score within division, then recombined",3000,quality_lite_no_height,nnls,uniform,0.2783043367516002,0.019878881196542873,14,height_inches|mins_per_game,8,428,0.1426666666666666,225,203,0.4376478601277311,orb_pct=2.78; drb_pct=2.65; FTR=1.72; usg=1.37; blk_pct=0.73,three_share=-1.31; three_pa_per_100_team_poss=-1.19; ast_tov=-1.02; tov_pct=-0.76; ast_pct=-0.66,usg,1.3685422635718951
quality_lite_height_025,k6__division_zscore__quality_lite_height_025__method-nnls__init-uniform__ninit-1,6,division_zscore,"z-score within division, then recombined",3000,quality_lite_height_025,nnls,uniform,0.3613318451462657,0.024088789676417713,15,mins_per_game,1,391,0.1303333333333333,203,188,0.4777166882017243,ast_tov=3.59; three_share=1.42; three_pa_per_100_team_poss=0.75; three_pct=0.49; ast_pct=0.40,tov_pct=-1.67; usg=-1.48; drb_pct=-1.14; FTR=-1.05; orb_pct=-0.97,usg,-1.4844810825214163
quality_lite_height_025,k6__division_zscore__quality_lite_height_025__method-nnls__init-uniform__ninit-1,6,division_zscore,"z-score within division, then recombined",3000,quality_lite_height_025,nnls,uniform,0.3613318451462657,0.024088789676417713,15,mins_per_game,2,326,0.1086666666666666,172,154,0.4943497310566704,FTR=3.52; tov_pct=0.75; orb_pct=0.52; height_inches=0.33; eFG=0.23,three_pct=-1.55; usg=-1.42; three_pa_per_100_team_poss=-1.31; three_share=-1.25; ast_pct=-1.19,usg,-1.4211658612401046
quality_lite_height_025,k6__division_zscore__quality_lite_height_025__method-nnls__init-uniform__ninit-1,6,division_zscore,"z-score within division, then recombined",3000,quality_lite_height_025,nnls,uniform,0.3613318451462657,0.024088789676417713,15,mins_per_game,3,697,0.2323333333333333,378,319,0.5064797994274349,ast_pct=2.65; usg=2.21; stl_pct=1.82; ft_pct=0.87; FTR=0.53,height_inches=-1.49; orb_pct=-0.79; blk_pct=-0.56; eFG=-0.27; drb_pct=-0.27,usg,2.2149682437205342
quality_lite_height_025,k6__division_zscore__quality_lite_height_025__method-nnls__init-uniform__ninit-1,6,division_zscore,"z-score within division, then recombined",3000,quality_lite_height_025,nnls,uniform,0.3613318451462657,0.024088789676417713,15,mins_per_game,4,184,0.0613333333333333,98,86,0.4379973419907649,tov_pct=3.82; blk_pct=-0.03; stl_pct=-0.04; ast_tov=-0.53; ast_pct=-0.56,ft_pct=-3.26; eFG=-2.36; usg=-1.99; FTR=-1.80; three_pct=-1.44,usg,-1.9858422645230591
quality_lite_height_025,k6__division_zscore__quality_lite_height_025__method-nnls__init-uniform__ninit-1,6,division_zscore,"z-score within division, then recombined",3000,quality_lite_height_025,nnls,uniform,0.3613318451462657,0.024088789676417713,15,mins_per_game,5,803,0.2676666666666666,443,360,0.480580169897724,three_pa_per_100_team_poss=2.48; three_share=1.98; ft_pct=0.71; three_pct=0.67; usg=0.50,tov_pct=-1.54; ast_pct=-1.33; ast_tov=-1.24; FTR=-1.18; stl_pct=-0.95,usg,0.4983964163221626
quality_lite_height_025,k6__division_zscore__quality_lite_height_025__method-nnls__init-uniform__ninit-1,6,division_zscore,"z-score within division, then recombined",3000,quality_lite_height_025,nnls,uniform,0.3613318451462657,0.024088789676417713,15,mins_per_game,6,599,0.1996666666666666,334,265,0.4881832539556246,blk_pct=3.07; drb_pct=2.70; orb_pct=2.65; height_inches=1.84; usg=1.04,three_pct=-1.94; three_share=-1.56; three_pa_per_100_team_poss=-1.45; ast_tov=-1.06; stl_pct=-0.79,usg,1.0422701972629649
quality_lite_height_025,k7__division_zscore__quality_lite_height_025__method-nnls__init-furthest_first__ninit-1,7,division_zscore,"z-score within division, then recombined",3000,quality_lite_height_025,nnls,furthest_first,0.3332879083767823,0.022219193891785487,15,mins_per_game,1,398,0.1326666666666666,205,193,0.4805340497010158,ast_tov=3.61; three_share=1.24; three_pa_per_100_team_poss=0.62; ast_pct=0.62; three_pct=0.56,tov_pct=-1.50; usg=-1.35; drb_pct=-1.08; orb_pct=-0.97; FTR=-0.89,usg,-1.347272173794201
quality_lite_height_025,k7__division_zscore__quality_lite_height_025__method-nnls__init-furthest_first__ninit-1,7,division_zscore,"z-score within division, then recombined",3000,quality_lite_height_025,nnls,furthest_first,0.3332879083767823,0.022219193891785487,15,mins_per_game,2,222,0.074,127,95,0.5051952142821888,blk_pct=4.04; height_inches=1.77; orb_pct=1.71; eFG=1.28; drb_pct=0.94,three_pct=-1.99; three_share=-1.52; three_pa_per_100_team_poss=-1.42; ast_tov=-1.29; ast_pct=-1.28,usg,-0.7260799063529914
quality_lite_height_025,k7__division_zscore__quality_lite_height_025__method-nnls__init-furthest_first__ninit-1,7,division_zscore,"z-score within division, then recombined",3000,quality_lite_height_025,nnls,furthest_first,0.3332879083767823,0.022219193891785487,15,mins_per_game,3,273,0.091,147,126,0.4735424091120179,FTR=3.53; tov_pct=0.94; orb_pct=0.11; height_inches=-0.00; eFG=-0.04,usg=-1.66; three_pct=-1.58; three_pa_per_100_team_poss=-1.30; ast_pct=-1.28; three_share=-1.16,usg,-1.661717500446532
quality_lite_height_025,k7__division_zscore__quality_lite_height_025__method-nnls__init-furthest_first__ninit-1,7,division_zscore,"z-score within division, then recombined",3000,quality_lite_height_025,nnls,furthest_first,0.3332879083767823,0.022219193891785487,15,mins_per_game,4,175,0.0583333333333333,92,83,0.4269945695100422,tov_pct=3.83; stl_pct=0.05; ast_tov=-0.21; drb_pct=-0.34; ast_pct=-0.56,ft_pct=-3.37; eFG=-2.40; usg=-2.00; FTR=-1.81; three_pct=-1.47,usg,-2.0020810881072237
quality_lite_height_025,k7__division_zscore__quality_lite_height_025__method-nnls__init-furthest_first__ninit-1,7,division_zscore,"z-score within division, then recombined",3000,quality_lite_height_025,nnls,furthest_first,0.3332879083767823,0.022219193891785487,15,mins_per_game,5,854,0.2846666666666667,482,372,0.4805535786718281,three_pa_per_100_team_poss=2.48; three_share=2.02; ft_pct=0.65; three_pct=0.63; eFG=0.40,tov_pct=-1.55; FTR=-1.32; ast_pct=-1.31; ast_tov=-1.13; stl_pct=-0.81,usg,0.3842526981604399
quality_lite_height_025,k7__division_zscore__quality_lite_height_025__method-nnls__init-furthest_first__ninit-1,7,division_zscore,"z-score within division, then recombined",3000,quality_lite_height_025,nnls,furthest_first,0.3332879083767823,0.022219193891785487,15,mins_per_game,6,593,0.1976666666666666,321,272,0.4906332213699976,ast_pct=2.50; stl_pct=2.28; usg=2.21; ft_pct=1.07; three_pa_per_100_team_poss=0.48,height_inches=-1.63; orb_pct=-0.88; blk_pct=-0.46; drb_pct=-0.41; eFG=-0.26,usg,2.2147635207144796
quality_lite_height_025,k7__division_zscore__quality_lite_height_025__method-nnls__init-furthest_first__ninit-1,7,division_zscore,"z-score within division, then recombined",3000,quality_lite_height_025,nnls,furthest_first,0.3332879083767823,0.022219193891785487,15,mins_per_game,7,485,0.1616666666666666,254,231,0.4543727744579504,orb_pct=2.80; drb_pct=2.70; usg=2.00; height_inches=1.69; blk_pct=1.51,three_share=-1.45; three_pa_per_100_team_poss=-1.33; three_pct=-0.82; stl_pct=-0.70; ast_tov=-0.62,usg,1.9951046886753092
quality_lite_height_025,k8__division_zscore__quality_lite_height_025__method-nnls__init-aa_plus_plus__ninit-1,8,division_zscore,"z-score within division, then recombined",3000,quality_lite_height_025,nnls,aa_plus_plus,0.3103732990195132,0.02069155326796755,15,mins_per_game,1,911,0.3036666666666666,501,410,0.4645766389877503,three_pa_per_100_team_poss=2.49; three_share=2.00; ft_pct=0.81; three_pct=0.68; usg=0.53,tov_pct=-1.58; ast_pct=-1.29; FTR=-1.23; ast_tov=-1.22; stl_pct=-0.94,usg,0.5278464505437253
quality_lite_height_025,k8__division_zscore__quality_lite_height_025__method-nnls__init-aa_plus_plus__ninit-1,8,division_zscore,"z-score within division, then recombined",3000,quality_lite_height_025,nnls,aa_plus_plus,0.3103732990195132,0.02069155326796755,15,mins_per_game,2,173,0.0576666666666666,93,80,0.4312188994505668,FTR=3.56; orb_pct=0.15; stl_pct=0.09; height_inches=-0.22; blk_pct=-0.68,three_pct=-1.93; ast_pct=-1.40; three_pa_per_100_team_poss=-1.32; three_share=-1.27; ft_pct=-1.23,usg,-1.0050698199177377
quality_lite_height_025,k8__division_zscore__quality_lite_height_025__method-nnls__init-aa_plus_plus__ninit-1,8,division_zscore,"z-score within division, then recombined",3000,quality_lite_height_025,nnls,aa_plus_plus,0.3103732990195132,0.02069155326796755,15,mins_per_game,3,296,0.0986666666666666,150,146,0.4639393315254951,ast_tov=3.60; three_share=1.74; three_pa_per_100_team_poss=1.00; three_pct=0.46; stl_pct=0.45,tov_pct=-1.88; usg=-1.58; FTR=-1.29; drb_pct=-1.25; orb_pct=-0.99,usg,-1.5815143191076269
quality_lite_height_025,k8__division_zscore__quality_lite_height_025__method-nnls__init-aa_plus_plus__ninit-1,8,division_zscore,"z-score within division, then recombined",3000,quality_lite_height_025,nnls,aa_plus_plus,0.3103732990195132,0.02069155326796755,15,mins_per_game,4,318,0.106,160,158,0.4405207440516877,stl_pct=3.44; ast_pct=1.70; usg=1.64; FTR=0.62; tov_pct=0.39,height_inches=-1.04; three_share=-0.55; blk_pct=-0.38; eFG=-0.18; orb_pct=-0.15,usg,1.6398913002967752
quality_lite_height_025,k8__division_zscore__quality_lite_height_025__method-nnls__init-aa_plus_plus__ninit-1,8,division_zscore,"z-score within division, then recombined",3000,quality_lite_height_025,nnls,aa_plus_plus,0.3103732990195132,0.02069155326796755,15,mins_per_game,5,394,0.1313333333333333,234,160,0.45240876322191,ast_pct=3.01; usg=2.09; ast_tov=1.48; ft_pct=0.91; three_pct=0.57,height_inches=-1.79; drb_pct=-0.90; orb_pct=-0.86; blk_pct=-0.64; FTR=-0.42,usg,2.086076596147109
quality_lite_height_025,k8__division_zscore__quality_lite_height_025__method-nnls__init-aa_plus_plus__ninit-1,8,division_zscore,"z-score within division, then recombined",3000,quality_lite_height_025,nnls,aa_plus_plus,0.3103732990195132,0.02069155326796755,15,mins_per_game,6,128,0.0426666666666666,67,61,0.4026688218899011,tov_pct=3.94; blk_pct=0.28; stl_pct=0.10; height_inches=-0.53; drb_pct=-0.72,ft_pct=-3.97; eFG=-3.17; usg=-2.13; three_pct=-2.08; FTR=-1.95,usg,-2.1325838201537595
quality_lite_height_025,k8__division_zscore__quality_lite_height_025__method-nnls__init-aa_plus_plus__ninit-1,8,division_zscore,"z-score within division, then recombined",3000,quality_lite_height_025,nnls,aa_plus_plus,0.3103732990195132,0.02069155326796755,15,mins_per_game,7,706,0.2353333333333333,390,316,0.4885986109697126,blk_pct=2.87; orb_pct=2.65; drb_pct=2.60; height_inches=1.99; eFG=1.26,three_pct=-1.81; three_share=-1.55; three_pa_per_100_team_poss=-1.45; ast_tov=-1.03; stl_pct=-1.01,usg,0.9112304104385692
quality_lite_height_025,k8__division_zscore__quality_lite_height_025__method-nnls__init-aa_plus_plus__ninit-1,8,division_zscore,"z-score within division, then recombined",3000,quality_lite_height_025,nnls,aa_plus_plus,0.3103732990195132,0.02069155326796755,15,mins_per_game,8,74,0.0246666666666666,33,41,0.3686186568139477,tov_pct=3.57; FTR=3.10; eFG=2.23; three_pct=1.57; ast_pct=1.12,usg=-1.60; orb_pct=-1.51; stl_pct=-1.25; three_pa_per_100_team_poss=-1.13; height_inches=-1.04,usg,-1.5973780246355207
role_only_no_height,k6__division_zscore__role_only_no_height__method-nnls__init-uniform__ninit-1,6,division_zscore,"z-score within division, then recombined",3000,role_only_no_height,nnls,uniform,0.2677347352386173,0.024339521385328845,11,height_inches|mins_per_game|eFG|three_pct|ft_pct,1,309,0.103,166,143,0.456535662591947,ast_tov=3.61; three_share=1.83; three_pa_per_100_team_poss=0.65; stl_pct=0.48; ast_pct=-0.02,tov_pct=-2.10; usg=-1.93; FTR=-1.50; drb_pct=-1.13; orb_pct=-1.06,ast_pct,-0.0247471379972056
role_only_no_height,k6__division_zscore__role_only_no_height__method-nnls__init-uniform__ninit-1,6,division_zscore,"z-score within division, then recombined",3000,role_only_no_height,nnls,uniform,0.2677347352386173,0.024339521385328845,11,height_inches|mins_per_game|eFG|three_pct|ft_pct,2,415,0.1383333333333333,223,192,0.4794788410924968,FTR=3.56; orb_pct=0.65; tov_pct=0.49; drb_pct=-0.45; blk_pct=-0.49,three_share=-1.41; three_pa_per_100_team_poss=-1.38; usg=-1.22; ast_pct=-1.20; ast_tov=-1.03,ast_pct,-1.2002312886773556
role_only_no_height,k6__division_zscore__role_only_no_height__method-nnls__init-uniform__ninit-1,6,division_zscore,"z-score within division, then recombined",3000,role_only_no_height,nnls,uniform,0.2677347352386173,0.024339521385328845,11,height_inches|mins_per_game|eFG|three_pct|ft_pct,3,800,0.2666666666666666,433,367,0.505250294172251,ast_pct=2.70; usg=2.10; stl_pct=1.74; ast_tov=0.74; FTR=0.70,orb_pct=-0.75; blk_pct=-0.63; three_share=-0.38; drb_pct=-0.30; three_pa_per_100_team_poss=0.11,ast_pct,2.695033591485618
role_only_no_height,k6__division_zscore__role_only_no_height__method-nnls__init-uniform__ninit-1,6,division_zscore,"z-score within division, then recombined",3000,role_only_no_height,nnls,uniform,0.2677347352386173,0.024339521385328845,11,height_inches|mins_per_game|eFG|three_pct|ft_pct,4,262,0.0873333333333333,135,127,0.4408056532664042,tov_pct=3.80; blk_pct=-0.10; stl_pct=-0.11; ast_pct=-0.43; ast_tov=-0.43,usg=-1.99; FTR=-1.77; three_pa_per_100_team_poss=-1.14; orb_pct=-0.97; three_share=-0.78,ast_pct,-0.4292980656006077
role_only_no_height,k6__division_zscore__role_only_no_height__method-nnls__init-uniform__ninit-1,6,division_zscore,"z-score within division, then recombined",3000,role_only_no_height,nnls,uniform,0.2677347352386173,0.024339521385328845,11,height_inches|mins_per_game|eFG|three_pct|ft_pct,5,702,0.234,382,320,0.462743349163797,three_pa_per_100_team_poss=2.47; three_share=2.14; usg=0.44; blk_pct=-0.46; drb_pct=-0.85,tov_pct=-1.66; FTR=-1.52; stl_pct=-1.45; ast_tov=-1.40; ast_pct=-1.37,ast_pct,-1.3747634602537204
role_only_no_height,k6__division_zscore__role_only_no_height__method-nnls__init-uniform__ninit-1,6,division_zscore,"z-score within division, then recombined",3000,role_only_no_height,nnls,uniform,0.2677347352386173,0.024339521385328845,11,height_inches|mins_per_game|eFG|three_pct|ft_pct,6,512,0.1706666666666666,289,223,0.4625975811723234,blk_pct=3.64; orb_pct=2.93; drb_pct=2.72; usg=0.59; FTR=-0.34,three_share=-1.55; three_pa_per_100_team_poss=-1.45; ast_tov=-0.95; tov_pct=-0.91; ast_pct=-0.81,ast_pct,-0.8121370189668856
role_only_no_height,k7__division_zscore__role_only_no_height__method-nnls__init-aa_plus_plus__ninit-1,7,division_zscore,"z-score within division, then recombined",3000,role_only_no_height,nnls,aa_plus_plus,0.238495041324195,0.021681367393108636,11,height_inches|mins_per_game|eFG|three_pct|ft_pct,1,294,0.098,161,133,0.4389883262975242,ast_tov=3.61; three_share=2.21; three_pa_per_100_team_poss=1.08; stl_pct=0.69; ast_pct=-0.21,tov_pct=-2.22; usg=-1.87; FTR=-1.81; drb_pct=-1.35; orb_pct=-1.04,ast_pct,-0.2139297223721239
role_only_no_height,k7__division_zscore__role_only_no_height__method-nnls__init-aa_plus_plus__ninit-1,7,division_zscore,"z-score within division, then recombined",3000,role_only_no_height,nnls,aa_plus_plus,0.238495041324195,0.021681367393108636,11,height_inches|mins_per_game|eFG|three_pct|ft_pct,2,673,0.2243333333333333,362,311,0.4457061235878949,three_pa_per_100_team_poss=2.48; three_share=2.10; usg=0.66; blk_pct=-0.39; drb_pct=-0.86,tov_pct=-1.73; stl_pct=-1.70; ast_tov=-1.40; FTR=-1.38; ast_pct=-1.36,ast_pct,-1.3566915963825423
role_only_no_height,k7__division_zscore__role_only_no_height__method-nnls__init-aa_plus_plus__ninit-1,7,division_zscore,"z-score within division, then recombined",3000,role_only_no_height,nnls,aa_plus_plus,0.238495041324195,0.021681367393108636,11,height_inches|mins_per_game|eFG|three_pct|ft_pct,3,163,0.0543333333333333,94,69,0.380094578821913,stl_pct=3.24; orb_pct=2.93; drb_pct=1.47; blk_pct=0.61; FTR=0.41,three_share=-1.55; ast_tov=-1.50; three_pa_per_100_team_poss=-1.45; ast_pct=-1.36; tov_pct=0.02,ast_pct,-1.3610998495223892
role_only_no_height,k7__division_zscore__role_only_no_height__method-nnls__init-aa_plus_plus__ninit-1,7,division_zscore,"z-score within division, then recombined",3000,role_only_no_height,nnls,aa_plus_plus,0.238495041324195,0.021681367393108636,11,height_inches|mins_per_game|eFG|three_pct|ft_pct,4,450,0.15,252,198,0.4636975661184712,blk_pct=3.47; orb_pct=2.89; drb_pct=2.71; usg=0.78; FTR=-0.14,three_share=-1.55; three_pa_per_100_team_poss=-1.45; ast_tov=-0.96; tov_pct=-0.73; ast_pct=-0.71,ast_pct,-0.7130979897273169
role_only_no_height,k7__division_zscore__role_only_no_height__method-nnls__init-aa_plus_plus__ninit-1,7,division_zscore,"z-score within division, then recombined",3000,role_only_no_height,nnls,aa_plus_plus,0.238495041324195,0.021681367393108636,11,height_inches|mins_per_game|eFG|three_pct|ft_pct,5,320,0.1066666666666666,168,152,0.4237211426671816,tov_pct=3.75; blk_pct=-0.07; stl_pct=-0.20; ast_pct=-0.25; ast_tov=-0.40,usg=-1.95; FTR=-1.71; orb_pct=-1.05; three_pa_per_100_team_poss=-1.03; drb_pct=-0.56,ast_pct,-0.2460359588412715
role_only_no_height,k7__division_zscore__role_only_no_height__method-nnls__init-aa_plus_plus__ninit-1,7,division_zscore,"z-score within division, then recombined",3000,role_only_no_height,nnls,aa_plus_plus,0.238495041324195,0.021681367393108636,11,height_inches|mins_per_game|eFG|three_pct|ft_pct,6,770,0.2566666666666666,413,357,0.4917715389137663,ast_pct=2.83; usg=2.25; stl_pct=1.15; ast_tov=1.03; FTR=0.75,orb_pct=-0.77; blk_pct=-0.67; drb_pct=-0.37; three_share=-0.35; tov_pct=-0.14,ast_pct,2.8264315079793825
role_only_no_height,k7__division_zscore__role_only_no_height__method-nnls__init-aa_plus_plus__ninit-1,7,division_zscore,"z-score within division, then recombined",3000,role_only_no_height,nnls,aa_plus_plus,0.238495041324195,0.021681367393108636,11,height_inches|mins_per_game|eFG|three_pct|ft_pct,7,330,0.11,178,152,0.464452747318702,FTR=3.56; tov_pct=0.56; orb_pct=0.43; blk_pct=-0.50; ast_tov=-0.53,usg=-1.68; three_pa_per_100_team_poss=-1.33; stl_pct=-1.31; three_share=-1.24; ast_pct=-1.16,ast_pct,-1.1620111415078356
role_only_no_height,k8__division_zscore__role_only_no_height__method-nnls__init-furthest_sum__ninit-1,8,division_zscore,"z-score within division, then recombined",3000,role_only_no_height,nnls,furthest_sum,0.2143388262200273,0.0194853478381843,11,height_inches|mins_per_game|eFG|three_pct|ft_pct,1,174,0.058,96,78,0.4213632291929584,FTR=3.42; tov_pct=3.33; drb_pct=0.74; orb_pct=0.16; blk_pct=-0.02,usg=-1.72; stl_pct=-1.48; ast_pct=-1.36; ast_tov=-1.25; three_pa_per_100_team_poss=-1.11,ast_pct,-1.357371178791912
role_only_no_height,k8__division_zscore__role_only_no_height__method-nnls__init-furthest_sum__ninit-1,8,division_zscore,"z-score within division, then recombined",3000,role_only_no_height,nnls,furthest_sum,0.2143388262200273,0.0194853478381843,11,height_inches|mins_per_game|eFG|three_pct|ft_pct,2,471,0.157,263,208,0.443455908590321,ast_pct=2.96; usg=2.48; FTR=0.57; ast_tov=0.40; three_pa_per_100_team_poss=0.35,orb_pct=-0.74; blk_pct=-0.73; drb_pct=-0.46; three_share=-0.44; stl_pct=-0.13,ast_pct,2.9615645175819103
role_only_no_height,k8__division_zscore__role_only_no_height__method-nnls__init-furthest_sum__ninit-1,8,division_zscore,"z-score within division, then recombined",3000,role_only_no_height,nnls,furthest_sum,0.2143388262200273,0.0194853478381843,11,height_inches|mins_per_game|eFG|three_pct|ft_pct,3,99,0.033,49,50,0.3615147922957086,ast_tov=3.61; FTR=3.56; three_share=0.52; ast_pct=-0.06; orb_pct=-0.36,tov_pct=-2.33; usg=-2.19; drb_pct=-1.90; three_pa_per_100_team_poss=-1.22; stl_pct=-0.91,ast_pct,-0.0611077692612885
role_only_no_height,k8__division_zscore__role_only_no_height__method-nnls__init-furthest_sum__ninit-1,8,division_zscore,"z-score within division, then recombined",3000,role_only_no_height,nnls,furthest_sum,0.2143388262200273,0.0194853478381843,11,height_inches|mins_per_game|eFG|three_pct|ft_pct,4,996,0.332,554,442,0.4510370126653587,three_pa_per_100_team_poss=2.47; three_share=2.21; usg=0.11; blk_pct=-0.63; orb_pct=-0.87,FTR=-1.82; tov_pct=-1.75; stl_pct=-1.57; ast_pct=-1.42; ast_tov=-1.33,ast_pct,-1.4170767821076389
role_only_no_height,k8__division_zscore__role_only_no_height__method-nnls__init-furthest_sum__ninit-1,8,division_zscore,"z-score within division, then recombined",3000,role_only_no_height,nnls,furthest_sum,0.2143388262200273,0.0194853478381843,11,height_inches|mins_per_game|eFG|three_pct|ft_pct,5,295,0.0983333333333333,159,136,0.3951614789419916,stl_pct=3.50; usg=1.83; FTR=1.54; orb_pct=0.89; tov_pct=0.69,three_share=-1.46; three_pa_per_100_team_poss=-1.35; ast_tov=-0.82; drb_pct=-0.80; blk_pct=-0.21,ast_pct,-0.0136219914218134
role_only_no_height,k8__division_zscore__role_only_no_height__method-nnls__init-furthest_sum__ninit-1,8,division_zscore,"z-score within division, then recombined",3000,role_only_no_height,nnls,furthest_sum,0.2143388262200273,0.0194853478381843,11,height_inches|mins_per_game|eFG|three_pct|ft_pct,6,582,0.194,317,265,0.4426284154009009,blk_pct=3.64; orb_pct=2.93; drb_pct=2.72; usg=0.58; FTR=-0.34,three_share=-1.55; three_pa_per_100_team_poss=-1.45; ast_tov=-0.95; tov_pct=-0.91; ast_pct=-0.82,ast_pct,-0.8153561760004175
role_only_no_height,k8__division_zscore__role_only_no_height__method-nnls__init-furthest_sum__ninit-1,8,division_zscore,"z-score within division, then recombined",3000,role_only_no_height,nnls,furthest_sum,0.2143388262200273,0.0194853478381843,11,height_inches|mins_per_game|eFG|three_pct|ft_pct,7,197,0.0656666666666666,98,99,0.377781054808435,ast_tov=3.32; ast_pct=3.03; three_share=2.02; stl_pct=1.68; drb_pct=1.50,FTR=-1.95; orb_pct=-1.35; usg=-1.20; blk_pct=-0.90; tov_pct=0.96,ast_pct,3.0284158256543496
role_only_no_height,k8__division_zscore__role_only_no_height__method-nnls__init-furthest_sum__ninit-1,8,division_zscore,"z-score within division, then recombined",3000,role_only_no_height,nnls,furthest_sum,0.2143388262200273,0.0194853478381843,11,height_inches|mins_per_game|eFG|three_pct|ft_pct,8,186,0.062,92,94,0.3914937703684024,tov_pct=3.92; blk_pct=0.40; stl_pct=0.04; drb_pct=-0.79; ast_tov=-0.81,usg=-2.12; FTR=-1.95; three_share=-1.58; three_pa_per_100_team_poss=-1.47; orb_pct=-1.07,ast_pct,-0.9432030653793504
role_only_height_025,k6__division_zscore__role_only_height_025__method-nnls__init-aa_plus_plus__ninit-1,6,division_zscore,"z-score within division, then recombined",3000,role_only_height_025,nnls,aa_plus_plus,0.2951314491359655,0.024594287427997127,12,mins_per_game|eFG|three_pct|ft_pct,1,764,0.2546666666666666,412,352,0.5077027320443918,ast_pct=2.65; usg=2.15; stl_pct=1.83; ast_tov=0.67; FTR=0.59,height_inches=-1.41; orb_pct=-0.79; blk_pct=-0.57; drb_pct=-0.28; three_share=-0.28,ast_pct,2.6537096729308476
role_only_height_025,k6__division_zscore__role_only_height_025__method-nnls__init-aa_plus_plus__ninit-1,6,division_zscore,"z-score within division, then recombined",3000,role_only_height_025,nnls,aa_plus_plus,0.2951314491359655,0.024594287427997127,12,mins_per_game|eFG|three_pct|ft_pct,2,342,0.114,180,162,0.4838557509063565,FTR=3.56; tov_pct=0.55; orb_pct=0.42; height_inches=0.24; stl_pct=-0.47,usg=-1.46; three_pa_per_100_team_poss=-1.38; three_share=-1.32; ast_pct=-1.19; ast_tov=-0.89,ast_pct,-1.1919425533077752
role_only_height_025,k6__division_zscore__role_only_height_025__method-nnls__init-aa_plus_plus__ninit-1,6,division_zscore,"z-score within division, then recombined",3000,role_only_height_025,nnls,aa_plus_plus,0.2951314491359655,0.024594287427997127,12,mins_per_game|eFG|three_pct|ft_pct,3,668,0.2226666666666666,366,302,0.4623177469876054,three_pa_per_100_team_poss=2.47; three_share=2.16; usg=0.33; height_inches=0.12; blk_pct=-0.46,tov_pct=-1.67; FTR=-1.58; ast_tov=-1.41; ast_pct=-1.39; stl_pct=-1.34,ast_pct,-1.388158398024002
role_only_height_025,k6__division_zscore__role_only_height_025__method-nnls__init-aa_plus_plus__ninit-1,6,division_zscore,"z-score within division, then recombined",3000,role_only_height_025,nnls,aa_plus_plus,0.2951314491359655,0.024594287427997127,12,mins_per_game|eFG|three_pct|ft_pct,4,655,0.2183333333333333,368,287,0.4864090659074885,blk_pct=3.08; drb_pct=2.72; orb_pct=2.64; height_inches=1.84; usg=1.04,three_share=-1.56; three_pa_per_100_team_poss=-1.45; ast_tov=-1.08; stl_pct=-0.79; ast_pct=-0.78,ast_pct,-0.778131977611056
role_only_height_025,k6__division_zscore__role_only_height_025__method-nnls__init-aa_plus_plus__ninit-1,6,division_zscore,"z-score within division, then recombined",3000,role_only_height_025,nnls,aa_plus_plus,0.2951314491359655,0.024594287427997127,12,mins_per_game|eFG|three_pct|ft_pct,5,338,0.1126666666666666,178,160,0.4604329118378568,ast_tov=3.57; three_share=2.01; three_pa_per_100_team_poss=0.77; stl_pct=0.09; ast_pct=0.04,tov_pct=-1.91; usg=-1.81; FTR=-1.49; drb_pct=-1.22; orb_pct=-1.07,ast_pct,0.0390945917880403
role_only_height_025,k6__division_zscore__role_only_height_025__method-nnls__init-aa_plus_plus__ninit-1,6,division_zscore,"z-score within division, then recombined",3000,role_only_height_025,nnls,aa_plus_plus,0.2951314491359655,0.024594287427997127,12,mins_per_game|eFG|three_pct|ft_pct,6,233,0.0776666666666666,124,109,0.4381247388587916,tov_pct=3.84; blk_pct=-0.01; stl_pct=-0.05; ast_tov=-0.51; ast_pct=-0.57,usg=-2.03; FTR=-1.82; three_pa_per_100_team_poss=-1.23; three_share=-0.98; orb_pct=-0.97,ast_pct,-0.5671189110892291
role_only_height_025,k7__division_zscore__role_only_height_025__method-nnls__init-furthest_sum__ninit-1,7,division_zscore,"z-score within division, then recombined",3000,role_only_height_025,nnls,furthest_sum,0.263311535831513,0.021942627985959418,12,mins_per_game|eFG|three_pct|ft_pct,1,226,0.0753333333333333,115,111,0.417672088169587,tov_pct=3.88; blk_pct=0.10; stl_pct=0.02; ast_tov=-0.61; drb_pct=-0.63,usg=-2.08; FTR=-1.88; three_pa_per_100_team_poss=-1.34; three_share=-1.26; orb_pct=-0.97,ast_pct,-0.7518457600230717
role_only_height_025,k7__division_zscore__role_only_height_025__method-nnls__init-furthest_sum__ninit-1,7,division_zscore,"z-score within division, then recombined",3000,role_only_height_025,nnls,furthest_sum,0.263311535831513,0.021942627985959418,12,mins_per_game|eFG|three_pct|ft_pct,2,295,0.0983333333333333,158,137,0.4357850920342563,ast_tov=3.61; three_share=2.21; three_pa_per_100_team_poss=1.01; stl_pct=0.60; ast_pct=-0.21,tov_pct=-2.15; usg=-1.89; FTR=-1.82; drb_pct=-1.31; orb_pct=-1.04,ast_pct,-0.2110506797563074
role_only_height_025,k7__division_zscore__role_only_height_025__method-nnls__init-furthest_sum__ninit-1,7,division_zscore,"z-score within division, then recombined",3000,role_only_height_025,nnls,furthest_sum,0.263311535831513,0.021942627985959418,12,mins_per_game|eFG|three_pct|ft_pct,3,330,0.11,173,157,0.4644667356808276,FTR=3.56; tov_pct=0.53; orb_pct=0.47; height_inches=0.24; blk_pct=-0.52,usg=-1.70; three_share=-1.41; three_pa_per_100_team_poss=-1.39; ast_pct=-1.19; stl_pct=-1.08,ast_pct,-1.1868435434876663
role_only_height_025,k7__division_zscore__role_only_height_025__method-nnls__init-furthest_sum__ninit-1,7,division_zscore,"z-score within division, then recombined",3000,role_only_height_025,nnls,furthest_sum,0.263311535831513,0.021942627985959418,12,mins_per_game|eFG|three_pct|ft_pct,4,685,0.2283333333333333,382,303,0.4756498660866816,blk_pct=3.01; drb_pct=2.72; orb_pct=2.66; height_inches=1.88; usg=1.16,three_share=-1.56; three_pa_per_100_team_poss=-1.45; ast_tov=-1.05; stl_pct=-0.85; tov_pct=-0.73,ast_pct,-0.6930012147534172
role_only_height_025,k7__division_zscore__role_only_height_025__method-nnls__init-furthest_sum__ninit-1,7,division_zscore,"z-score within division, then recombined",3000,role_only_height_025,nnls,furthest_sum,0.263311535831513,0.021942627985959418,12,mins_per_game|eFG|three_pct|ft_pct,5,413,0.1376666666666666,247,166,0.4565209745922705,ast_pct=3.02; usg=1.94; ast_tov=1.43; three_pa_per_100_team_poss=0.23; tov_pct=0.16,height_inches=-1.46; orb_pct=-1.04; drb_pct=-0.65; blk_pct=-0.60; stl_pct=-0.43,ast_pct,3.0238055601000484
role_only_height_025,k7__division_zscore__role_only_height_025__method-nnls__init-furthest_sum__ninit-1,7,division_zscore,"z-score within division, then recombined",3000,role_only_height_025,nnls,furthest_sum,0.263311535831513,0.021942627985959418,12,mins_per_game|eFG|three_pct|ft_pct,6,678,0.226,365,313,0.4478373137453988,three_pa_per_100_team_poss=2.48; three_share=2.14; usg=0.49; height_inches=-0.10; blk_pct=-0.44,tov_pct=-1.73; stl_pct=-1.56; FTR=-1.51; ast_tov=-1.40; ast_pct=-1.37,ast_pct,-1.3715948942270892
role_only_height_025,k7__division_zscore__role_only_height_025__method-nnls__init-furthest_sum__ninit-1,7,division_zscore,"z-score within division, then recombined",3000,role_only_height_025,nnls,furthest_sum,0.263311535831513,0.021942627985959418,12,mins_per_game|eFG|three_pct|ft_pct,7,373,0.1243333333333333,188,185,0.4477413622519844,stl_pct=3.49; ast_pct=1.68; usg=1.54; FTR=0.84; tov_pct=0.49,height_inches=-1.37; orb_pct=-0.44; blk_pct=-0.38; three_share=-0.31; drb_pct=-0.21,ast_pct,1.6777026847304064
role_only_height_025,k8__division_zscore__role_only_height_025__method-nnls__init-furthest_first__ninit-1,8,division_zscore,"z-score within division, then recombined",3000,role_only_height_025,nnls,furthest_first,0.2447094773685976,0.020392456447383134,12,mins_per_game|eFG|three_pct|ft_pct,1,766,0.2553333333333333,411,355,0.4782242069768341,blk_pct=2.78; drb_pct=2.72; orb_pct=2.61; height_inches=2.02; usg=1.09,three_share=-1.56; three_pa_per_100_team_poss=-1.46; ast_tov=-1.11; stl_pct=-0.88; ast_pct=-0.74,ast_pct,-0.7405461539944309
role_only_height_025,k8__division_zscore__role_only_height_025__method-nnls__init-furthest_first__ninit-1,8,division_zscore,"z-score within division, then recombined",3000,role_only_height_025,nnls,furthest_first,0.2447094773685976,0.020392456447383134,12,mins_per_game|eFG|three_pct|ft_pct,2,386,0.1286666666666666,228,158,0.4493649554366586,ast_pct=3.02; usg=2.17; ast_tov=1.11; three_pa_per_100_team_poss=0.13; tov_pct=0.10,height_inches=-1.40; orb_pct=-1.03; blk_pct=-0.64; drb_pct=-0.59; three_share=-0.49,ast_pct,3.0230213289161347
role_only_height_025,k8__division_zscore__role_only_height_025__method-nnls__init-furthest_first__ninit-1,8,division_zscore,"z-score within division, then recombined",3000,role_only_height_025,nnls,furthest_first,0.2447094773685976,0.020392456447383134,12,mins_per_game|eFG|three_pct|ft_pct,3,343,0.1143333333333333,170,173,0.4309408019064346,stl_pct=3.53; usg=1.76; ast_pct=1.11; FTR=0.85; tov_pct=0.37,height_inches=-1.01; drb_pct=-0.78; three_share=-0.54; blk_pct=-0.41; ast_tov=-0.26,ast_pct,1.1147925290438114
role_only_height_025,k8__division_zscore__role_only_height_025__method-nnls__init-furthest_first__ninit-1,8,division_zscore,"z-score within division, then recombined",3000,role_only_height_025,nnls,furthest_first,0.2447094773685976,0.020392456447383134,12,mins_per_game|eFG|three_pct|ft_pct,4,180,0.06,87,93,0.3891629696383583,tov_pct=3.94; blk_pct=0.49; stl_pct=0.07; height_inches=-0.49; drb_pct=-0.82,usg=-2.13; FTR=-1.95; three_share=-1.60; three_pa_per_100_team_poss=-1.47; orb_pct=-1.11,ast_pct,-0.9787399260111886
role_only_height_025,k8__division_zscore__role_only_height_025__method-nnls__init-furthest_first__ninit-1,8,division_zscore,"z-score within division, then recombined",3000,role_only_height_025,nnls,furthest_first,0.2447094773685976,0.020392456447383134,12,mins_per_game|eFG|three_pct|ft_pct,5,101,0.0336666666666666,54,47,0.3613966317042416,ast_tov=3.61; FTR=3.56; three_share=0.52; height_inches=0.18; ast_pct=-0.06,tov_pct=-2.33; usg=-2.19; drb_pct=-1.90; three_pa_per_100_team_poss=-1.22; stl_pct=-0.91,ast_pct,-0.0611077692556982
role_only_height_025,k8__division_zscore__role_only_height_025__method-nnls__init-furthest_first__ninit-1,8,division_zscore,"z-score within division, then recombined",3000,role_only_height_025,nnls,furthest_first,0.2447094773685976,0.020392456447383134,12,mins_per_game|eFG|three_pct|ft_pct,6,955,0.3183333333333333,530,425,0.449595980804347,three_pa_per_100_team_poss=2.47; three_share=2.22; usg=0.15; height_inches=-0.12; blk_pct=-0.71,FTR=-1.82; tov_pct=-1.79; stl_pct=-1.61; ast_pct=-1.40; ast_tov=-1.34,ast_pct,-1.4034908945028783
role_only_height_025,k8__division_zscore__role_only_height_025__method-nnls__init-furthest_first__ninit-1,8,division_zscore,"z-score within division, then recombined",3000,role_only_height_025,nnls,furthest_first,0.2447094773685976,0.020392456447383134,12,mins_per_game|eFG|three_pct|ft_pct,7,163,0.0543333333333333,95,68,0.4262992627745987,FTR=3.41; tov_pct=3.24; height_inches=0.65; drb_pct=0.13; orb_pct=0.07,usg=-1.41; ast_tov=-1.35; ast_pct=-1.21; three_pa_per_100_team_poss=-1.09; stl_pct=-0.95,ast_pct,-1.2101025753237422
role_only_height_025,k8__division_zscore__role_only_height_025__method-nnls__init-furthest_first__ninit-1,8,division_zscore,"z-score within division, then recombined",3000,role_only_height_025,nnls,furthest_first,0.2447094773685976,0.020392456447383134,12,mins_per_game|eFG|three_pct|ft_pct,8,106,0.0353333333333333,53,53,0.3601115726474856,ast_tov=3.32; ast_pct=3.03; three_share=2.13; drb_pct=2.09; stl_pct=1.69,FTR=-1.95; orb_pct=-1.51; usg=-1.33; blk_pct=-0.90; height_inches=-0.05,ast_pct,3.028415827443437
quality_lite_no_height,k6__division_zscore__quality_lite_no_height__method-nnls__init-aa_plus_plus__ninit-1,6,division_zscore,"z-score within division, then recombined",3000,quality_lite_no_height,nnls,aa_plus_plus,0.3318744542043277,0.023705318157451978,14,height_inches|mins_per_game,1,839,0.2796666666666667,465,374,0.4819226714238443,three_pa_per_100_team_poss=2.47; three_share=1.97; ft_pct=0.74; three_pct=0.68; eFG=0.47,tov_pct=-1.51; ast_pct=-1.38; ast_tov=-1.30; FTR=-1.17; stl_pct=-0.92,ast_pct,-1.378954870642621
quality_lite_no_height,k6__division_zscore__quality_lite_no_height__method-nnls__init-aa_plus_plus__ninit-1,6,division_zscore,"z-score within division, then recombined",3000,quality_lite_no_height,nnls,aa_plus_plus,0.3318744542043277,0.023705318157451978,14,height_inches|mins_per_game,2,210,0.07,106,104,0.4407402226984385,tov_pct=3.78; stl_pct=-0.12; blk_pct=-0.13; ast_pct=-0.39; ast_tov=-0.44,ft_pct=-3.01; eFG=-2.10; usg=-1.92; FTR=-1.75; three_pa_per_100_team_poss=-1.21,ast_pct,-0.3925266018617646
quality_lite_no_height,k6__division_zscore__quality_lite_no_height__method-nnls__init-aa_plus_plus__ninit-1,6,division_zscore,"z-score within division, then recombined",3000,quality_lite_no_height,nnls,aa_plus_plus,0.3318744542043277,0.023705318157451978,14,height_inches|mins_per_game,3,459,0.153,256,203,0.4720511160361476,blk_pct=3.64; orb_pct=2.92; drb_pct=2.71; eFG=0.64; usg=0.51,three_pct=-1.93; three_share=-1.55; three_pa_per_100_team_poss=-1.45; ast_tov=-1.02; ast_pct=-0.89,ast_pct,-0.8895941001879192
quality_lite_no_height,k6__division_zscore__quality_lite_no_height__method-nnls__init-aa_plus_plus__ninit-1,6,division_zscore,"z-score within division, then recombined",3000,quality_lite_no_height,nnls,aa_plus_plus,0.3318744542043277,0.023705318157451978,14,height_inches|mins_per_game,4,742,0.2473333333333333,404,338,0.5061546064784389,ast_pct=2.68; usg=2.23; stl_pct=1.71; ft_pct=0.73; FTR=0.51,orb_pct=-0.73; blk_pct=-0.54; three_share=-0.35; eFG=-0.26; drb_pct=-0.23,ast_pct,2.679762720898102
quality_lite_no_height,k6__division_zscore__quality_lite_no_height__method-nnls__init-aa_plus_plus__ninit-1,6,division_zscore,"z-score within division, then recombined",3000,quality_lite_no_height,nnls,aa_plus_plus,0.3318744542043277,0.023705318157451978,14,height_inches|mins_per_game,5,385,0.1283333333333333,207,178,0.4905553136314093,FTR=3.54; orb_pct=0.68; tov_pct=0.54; eFG=0.35; drb_pct=-0.29,three_pct=-1.58; three_pa_per_100_team_poss=-1.32; three_share=-1.23; ast_pct=-1.21; usg=-1.21,ast_pct,-1.2075433088529817
quality_lite_no_height,k6__division_zscore__quality_lite_no_height__method-nnls__init-aa_plus_plus__ninit-1,6,division_zscore,"z-score within division, then recombined",3000,quality_lite_no_height,nnls,aa_plus_plus,0.3318744542043277,0.023705318157451978,14,height_inches|mins_per_game,6,365,0.1216666666666666,190,175,0.4750526939685237,ast_tov=3.61; three_share=1.39; three_pa_per_100_team_poss=0.62; three_pct=0.46; ast_pct=0.34,tov_pct=-1.81; usg=-1.64; drb_pct=-1.04; orb_pct=-1.01; FTR=-0.97,ast_pct,0.3424552704333736
quality_lite_no_height,k7__division_zscore__quality_lite_no_height__method-nnls__init-uniform__ninit-1,7,division_zscore,"z-score within division, then recombined",3000,quality_lite_no_height,nnls,uniform,0.3057733967215648,0.0218409569086832,14,height_inches|mins_per_game,1,410,0.1366666666666666,223,187,0.4745940911079103,FTR=3.55; orb_pct=0.95; eFG=0.61; tov_pct=0.42; blk_pct=-0.15,three_pct=-1.71; three_pa_per_100_team_poss=-1.36; usg=-1.32; three_share=-1.32; ast_pct=-1.15,ast_pct,-1.1536706218780453
quality_lite_no_height,k7__division_zscore__quality_lite_no_height__method-nnls__init-uniform__ninit-1,7,division_zscore,"z-score within division, then recombined",3000,quality_lite_no_height,nnls,uniform,0.3057733967215648,0.0218409569086832,14,height_inches|mins_per_game,2,836,0.2786666666666667,458,378,0.4601655417019247,three_pa_per_100_team_poss=2.44; three_share=1.96; ft_pct=0.84; three_pct=0.69; usg=0.59,tov_pct=-1.62; ast_tov=-1.34; stl_pct=-1.33; ast_pct=-1.32; FTR=-0.98,ast_pct,-1.3181357462161436
quality_lite_no_height,k7__division_zscore__quality_lite_no_height__method-nnls__init-uniform__ninit-1,7,division_zscore,"z-score within division, then recombined",3000,quality_lite_no_height,nnls,uniform,0.3057733967215648,0.0218409569086832,14,height_inches|mins_per_game,3,389,0.1296666666666666,219,170,0.4576771015188351,blk_pct=3.93; orb_pct=2.92; drb_pct=2.71; eFG=0.49; usg=0.05,three_pct=-1.93; three_share=-1.55; three_pa_per_100_team_poss=-1.45; ast_pct=-1.16; ast_tov=-1.08,ast_pct,-1.1622693267182365
quality_lite_no_height,k7__division_zscore__quality_lite_no_height__method-nnls__init-uniform__ninit-1,7,division_zscore,"z-score within division, then recombined",3000,quality_lite_no_height,nnls,uniform,0.3057733967215648,0.0218409569086832,14,height_inches|mins_per_game,4,335,0.1116666666666666,174,161,0.469291657365989,ast_tov=3.61; three_share=1.69; three_pa_per_100_team_poss=0.96; three_pct=0.46; stl_pct=0.38,tov_pct=-1.85; usg=-1.57; drb_pct=-1.20; FTR=-1.19; orb_pct=-0.99,ast_pct,0.2087197061530117
quality_lite_no_height,k7__division_zscore__quality_lite_no_height__method-nnls__init-uniform__ninit-1,7,division_zscore,"z-score within division, then recombined",3000,quality_lite_no_height,nnls,uniform,0.3057733967215648,0.0218409569086832,14,height_inches|mins_per_game,5,339,0.113,178,161,0.4399483238331194,stl_pct=3.47; usg=1.59; ast_pct=1.55; FTR=0.80; three_pct=0.51,drb_pct=-0.83; orb_pct=-0.69; blk_pct=-0.57; eFG=-0.42; three_share=-0.10,ast_pct,1.5506882764645684
quality_lite_no_height,k7__division_zscore__quality_lite_no_height__method-nnls__init-uniform__ninit-1,7,division_zscore,"z-score within division, then recombined",3000,quality_lite_no_height,nnls,uniform,0.3057733967215648,0.0218409569086832,14,height_inches|mins_per_game,6,224,0.0746666666666666,112,112,0.4250744613967529,tov_pct=3.79; stl_pct=-0.11; blk_pct=-0.11; ast_pct=-0.42; ast_tov=-0.45,ft_pct=-3.10; eFG=-2.15; usg=-1.94; FTR=-1.76; three_pct=-1.24,ast_pct,-0.4220184546249078
quality_lite_no_height,k7__division_zscore__quality_lite_no_height__method-nnls__init-uniform__ninit-1,7,division_zscore,"z-score within division, then recombined",3000,quality_lite_no_height,nnls,uniform,0.3057733967215648,0.0218409569086832,14,height_inches|mins_per_game,7,467,0.1556666666666666,264,203,0.4500973109087519,ast_pct=3.02; usg=2.12; ast_tov=1.05; ft_pct=0.66; FTR=0.21,orb_pct=-0.76; three_share=-0.65; blk_pct=-0.58; stl_pct=-0.30; three_pa_per_100_team_poss=-0.18,ast_pct,3.0154452849586724
quality_lite_no_height,k8__division_zscore__quality_lite_no_height__method-nnls__init-uniform__ninit-1,8,division_zscore,"z-score within division, then recombined",3000,quality_lite_no_height,nnls,uniform,0.2783043367516002,0.019878881196542873,14,height_inches|mins_per_game,1,241,0.0803333333333333,113,128,0.435758447968365,stl_pct=3.42; FTR=2.22; tov_pct=1.44; ast_pct=1.32; usg=0.93,three_share=-0.62; three_pa_per_100_team_poss=-0.58; orb_pct=-0.51; drb_pct=-0.47; blk_pct=-0.27,ast_pct,1.3216719065555258
quality_lite_no_height,k8__division_zscore__quality_lite_no_height__method-nnls__init-uniform__ninit-1,8,division_zscore,"z-score within division, then recombined",3000,quality_lite_no_height,nnls,uniform,0.2783043367516002,0.019878881196542873,14,height_inches|mins_per_game,2,189,0.063,107,82,0.4564765187094199,FTR=3.56; tov_pct=0.65; orb_pct=0.39; eFG=0.32; blk_pct=0.30,usg=-2.08; three_pct=-1.70; stl_pct=-1.67; three_pa_per_100_team_poss=-1.33; three_share=-1.23,ast_pct,-1.1777860049568698
quality_lite_no_height,k8__division_zscore__quality_lite_no_height__method-nnls__init-uniform__ninit-1,8,division_zscore,"z-score within division, then recombined",3000,quality_lite_no_height,nnls,uniform,0.2783043367516002,0.019878881196542873,14,height_inches|mins_per_game,3,488,0.1626666666666666,284,204,0.454393699196468,ast_pct=3.03; usg=2.02; ast_tov=1.49; ft_pct=1.05; three_pa_per_100_team_poss=0.45,orb_pct=-0.98; drb_pct=-0.65; blk_pct=-0.59; FTR=-0.46; stl_pct=-0.40,ast_pct,3.0269394146815243
quality_lite_no_height,k8__division_zscore__quality_lite_no_height__method-nnls__init-uniform__ninit-1,8,division_zscore,"z-score within division, then recombined",3000,quality_lite_no_height,nnls,uniform,0.2783043367516002,0.019878881196542873,14,height_inches|mins_per_game,4,247,0.0823333333333333,144,103,0.482946233677228,blk_pct=4.02; orb_pct=2.28; drb_pct=2.05; eFG=1.12; tov_pct=-0.29,three_pct=-1.94; three_share=-1.55; three_pa_per_100_team_poss=-1.45; ast_pct=-1.13; ast_tov=-1.12,ast_pct,-1.1340697632946564
quality_lite_no_height,k8__division_zscore__quality_lite_no_height__method-nnls__init-uniform__ninit-1,8,division_zscore,"z-score within division, then recombined",3000,quality_lite_no_height,nnls,uniform,0.2783043367516002,0.019878881196542873,14,height_inches|mins_per_game,5,929,0.3096666666666666,517,412,0.4733175390766912,three_pa_per_100_team_poss=2.49; three_share=1.97; ft_pct=0.87; three_pct=0.64; usg=0.44,tov_pct=-1.48; ast_pct=-1.35; FTR=-1.23; ast_tov=-1.19; orb_pct=-0.85,ast_pct,-1.351866971282284
quality_lite_no_height,k8__division_zscore__quality_lite_no_height__method-nnls__init-uniform__ninit-1,8,division_zscore,"z-score within division, then recombined",3000,quality_lite_no_height,nnls,uniform,0.2783043367516002,0.019878881196542873,14,height_inches|mins_per_game,6,279,0.093,143,136,0.468210645804107,ast_tov=3.59; three_share=1.56; three_pa_per_100_team_poss=0.77; three_pct=0.49; stl_pct=0.38,tov_pct=-1.89; usg=-1.64; FTR=-1.16; drb_pct=-1.11; orb_pct=-0.95,ast_pct,0.1966996866575599
quality_lite_no_height,k8__division_zscore__quality_lite_no_height__method-nnls__init-uniform__ninit-1,8,division_zscore,"z-score within division, then recombined",3000,quality_lite_no_height,nnls,uniform,0.2783043367516002,0.019878881196542873,14,height_inches|mins_per_game,7,199,0.0663333333333333,95,104,0.416259482813419,tov_pct=3.81; stl_pct=0.02; ast_tov=-0.24; drb_pct=-0.34; ast_pct=-0.55,ft_pct=-3.27; eFG=-2.36; usg=-1.99; FTR=-1.80; three_pct=-1.45,ast_pct,-0.5458034157514395
quality_lite_no_height,k8__division_zscore__quality_lite_no_height__method-nnls__init-uniform__ninit-1,8,division_zscore,"z-score within division, then recombined",3000,quality_lite_no_height,nnls,uniform,0.2783043367516002,0.019878881196542873,14,height_inches|mins_per_game,8,428,0.1426666666666666,225,203,0.4376478601277311,orb_pct=2.78; drb_pct=2.65; FTR=1.72; usg=1.37; blk_pct=0.73,three_share=-1.31; three_pa_per_100_team_poss=-1.19; ast_tov=-1.02; tov_pct=-0.76; ast_pct=-0.66,ast_pct,-0.6642939647480038
quality_lite_height_025,k6__division_zscore__quality_lite_height_025__method-nnls__init-uniform__ninit-1,6,division_zscore,"z-score within division, then recombined",3000,quality_lite_height_025,nnls,uniform,0.3613318451462657,0.024088789676417713,15,mins_per_game,1,391,0.1303333333333333,203,188,0.4777166882017243,ast_tov=3.59; three_share=1.42; three_pa_per_100_team_poss=0.75; three_pct=0.49; ast_pct=0.40,tov_pct=-1.67; usg=-1.48; drb_pct=-1.14; FTR=-1.05; orb_pct=-0.97,ast_pct,0.4017137876139916
quality_lite_height_025,k6__division_zscore__quality_lite_height_025__method-nnls__init-uniform__ninit-1,6,division_zscore,"z-score within division, then recombined",3000,quality_lite_height_025,nnls,uniform,0.3613318451462657,0.024088789676417713,15,mins_per_game,2,326,0.1086666666666666,172,154,0.4943497310566704,FTR=3.52; tov_pct=0.75; orb_pct=0.52; height_inches=0.33; eFG=0.23,three_pct=-1.55; usg=-1.42; three_pa_per_100_team_poss=-1.31; three_share=-1.25; ast_pct=-1.19,ast_pct,-1.1887372663704867
quality_lite_height_025,k6__division_zscore__quality_lite_height_025__method-nnls__init-uniform__ninit-1,6,division_zscore,"z-score within division, then recombined",3000,quality_lite_height_025,nnls,uniform,0.3613318451462657,0.024088789676417713,15,mins_per_game,3,697,0.2323333333333333,378,319,0.5064797994274349,ast_pct=2.65; usg=2.21; stl_pct=1.82; ft_pct=0.87; FTR=0.53,height_inches=-1.49; orb_pct=-0.79; blk_pct=-0.56; eFG=-0.27; drb_pct=-0.27,ast_pct,2.645199032250518
quality_lite_height_025,k6__division_zscore__quality_lite_height_025__method-nnls__init-uniform__ninit-1,6,division_zscore,"z-score within division, then recombined",3000,quality_lite_height_025,nnls,uniform,0.3613318451462657,0.024088789676417713,15,mins_per_game,4,184,0.0613333333333333,98,86,0.4379973419907649,tov_pct=3.82; blk_pct=-0.03; stl_pct=-0.04; ast_tov=-0.53; ast_pct=-0.56,ft_pct=-3.26; eFG=-2.36; usg=-1.99; FTR=-1.80; three_pct=-1.44,ast_pct,-0.5551131014042118
quality_lite_height_025,k6__division_zscore__quality_lite_height_025__method-nnls__init-uniform__ninit-1,6,division_zscore,"z-score within division, then recombined",3000,quality_lite_height_025,nnls,uniform,0.3613318451462657,0.024088789676417713,15,mins_per_game,5,803,0.2676666666666666,443,360,0.480580169897724,three_pa_per_100_team_poss=2.48; three_share=1.98; ft_pct=0.71; three_pct=0.67; usg=0.50,tov_pct=-1.54; ast_pct=-1.33; ast_tov=-1.24; FTR=-1.18; stl_pct=-0.95,ast_pct,-1.3346022354138742
quality_lite_height_025,k6__division_zscore__quality_lite_height_025__method-nnls__init-uniform__ninit-1,6,division_zscore,"z-score within division, then recombined",3000,quality_lite_height_025,nnls,uniform,0.3613318451462657,0.024088789676417713,15,mins_per_game,6,599,0.1996666666666666,334,265,0.4881832539556246,blk_pct=3.07; drb_pct=2.70; orb_pct=2.65; height_inches=1.84; usg=1.04,three_pct=-1.94; three_share=-1.56; three_pa_per_100_team_poss=-1.45; ast_tov=-1.06; stl_pct=-0.79,ast_pct,-0.7533373025078536
quality_lite_height_025,k7__division_zscore__quality_lite_height_025__method-nnls__init-furthest_first__ninit-1,7,division_zscore,"z-score within division, then recombined",3000,quality_lite_height_025,nnls,furthest_first,0.3332879083767823,0.022219193891785487,15,mins_per_game,1,398,0.1326666666666666,205,193,0.4805340497010158,ast_tov=3.61; three_share=1.24; three_pa_per_100_team_poss=0.62; ast_pct=0.62; three_pct=0.56,tov_pct=-1.50; usg=-1.35; drb_pct=-1.08; orb_pct=-0.97; FTR=-0.89,ast_pct,0.6163226049420475
quality_lite_height_025,k7__division_zscore__quality_lite_height_025__method-nnls__init-furthest_first__ninit-1,7,division_zscore,"z-score within division, then recombined",3000,quality_lite_height_025,nnls,furthest_first,0.3332879083767823,0.022219193891785487,15,mins_per_game,2,222,0.074,127,95,0.5051952142821888,blk_pct=4.04; height_inches=1.77; orb_pct=1.71; eFG=1.28; drb_pct=0.94,three_pct=-1.99; three_share=-1.52; three_pa_per_100_team_poss=-1.42; ast_tov=-1.29; ast_pct=-1.28,ast_pct,-1.2818619654110568
quality_lite_height_025,k7__division_zscore__quality_lite_height_025__method-nnls__init-furthest_first__ninit-1,7,division_zscore,"z-score within division, then recombined",3000,quality_lite_height_025,nnls,furthest_first,0.3332879083767823,0.022219193891785487,15,mins_per_game,3,273,0.091,147,126,0.4735424091120179,FTR=3.53; tov_pct=0.94; orb_pct=0.11; height_inches=-0.00; eFG=-0.04,usg=-1.66; three_pct=-1.58; three_pa_per_100_team_poss=-1.30; ast_pct=-1.28; three_share=-1.16,ast_pct,-1.2837164936351242
quality_lite_height_025,k7__division_zscore__quality_lite_height_025__method-nnls__init-furthest_first__ninit-1,7,division_zscore,"z-score within division, then recombined",3000,quality_lite_height_025,nnls,furthest_first,0.3332879083767823,0.022219193891785487,15,mins_per_game,4,175,0.0583333333333333,92,83,0.4269945695100422,tov_pct=3.83; stl_pct=0.05; ast_tov=-0.21; drb_pct=-0.34; ast_pct=-0.56,ft_pct=-3.37; eFG=-2.40; usg=-2.00; FTR=-1.81; three_pct=-1.47,ast_pct,-0.5579823123099352
quality_lite_height_025,k7__division_zscore__quality_lite_height_025__method-nnls__init-furthest_first__ninit-1,7,division_zscore,"z-score within division, then recombined",3000,quality_lite_height_025,nnls,furthest_first,0.3332879083767823,0.022219193891785487,15,mins_per_game,5,854,0.2846666666666667,482,372,0.4805535786718281,three_pa_per_100_team_poss=2.48; three_share=2.02; ft_pct=0.65; three_pct=0.63; eFG=0.40,tov_pct=-1.55; FTR=-1.32; ast_pct=-1.31; ast_tov=-1.13; stl_pct=-0.81,ast_pct,-1.3062954202997952
quality_lite_height_025,k7__division_zscore__quality_lite_height_025__method-nnls__init-furthest_first__ninit-1,7,division_zscore,"z-score within division, then recombined",3000,quality_lite_height_025,nnls,furthest_first,0.3332879083767823,0.022219193891785487,15,mins_per_game,6,593,0.1976666666666666,321,272,0.4906332213699976,ast_pct=2.50; stl_pct=2.28; usg=2.21; ft_pct=1.07; three_pa_per_100_team_poss=0.48,height_inches=-1.63; orb_pct=-0.88; blk_pct=-0.46; drb_pct=-0.41; eFG=-0.26,ast_pct,2.50099923321811
quality_lite_height_025,k7__division_zscore__quality_lite_height_025__method-nnls__init-furthest_first__ninit-1,7,division_zscore,"z-score within division, then recombined",3000,quality_lite_height_025,nnls,furthest_first,0.3332879083767823,0.022219193891785487,15,mins_per_game,7,485,0.1616666666666666,254,231,0.4543727744579504,orb_pct=2.80; drb_pct=2.70; usg=2.00; height_inches=1.69; blk_pct=1.51,three_share=-1.45; three_pa_per_100_team_poss=-1.33; three_pct=-0.82; stl_pct=-0.70; ast_tov=-0.62,ast_pct,0.3935259183253914
quality_lite_height_025,k8__division_zscore__quality_lite_height_025__method-nnls__init-aa_plus_plus__ninit-1,8,division_zscore,"z-score within division, then recombined",3000,quality_lite_height_025,nnls,aa_plus_plus,0.3103732990195132,0.02069155326796755,15,mins_per_game,1,911,0.3036666666666666,501,410,0.4645766389877503,three_pa_per_100_team_poss=2.49; three_share=2.00; ft_pct=0.81; three_pct=0.68; usg=0.53,tov_pct=-1.58; ast_pct=-1.29; FTR=-1.23; ast_tov=-1.22; stl_pct=-0.94,ast_pct,-1.2887871687068289
quality_lite_height_025,k8__division_zscore__quality_lite_height_025__method-nnls__init-aa_plus_plus__ninit-1,8,division_zscore,"z-score within division, then recombined",3000,quality_lite_height_025,nnls,aa_plus_plus,0.3103732990195132,0.02069155326796755,15,mins_per_game,2,173,0.0576666666666666,93,80,0.4312188994505668,FTR=3.56; orb_pct=0.15; stl_pct=0.09; height_inches=-0.22; blk_pct=-0.68,three_pct=-1.93; ast_pct=-1.40; three_pa_per_100_team_poss=-1.32; three_share=-1.27; ft_pct=-1.23,ast_pct,-1.3975493525521816
quality_lite_height_025,k8__division_zscore__quality_lite_height_025__method-nnls__init-aa_plus_plus__ninit-1,8,division_zscore,"z-score within division, then recombined",3000,quality_lite_height_025,nnls,aa_plus_plus,0.3103732990195132,0.02069155326796755,15,mins_per_game,3,296,0.0986666666666666,150,146,0.4639393315254951,ast_tov=3.60; three_share=1.74; three_pa_per_100_team_poss=1.00; three_pct=0.46; stl_pct=0.45,tov_pct=-1.88; usg=-1.58; FTR=-1.29; drb_pct=-1.25; orb_pct=-0.99,ast_pct,0.1628518939342557
quality_lite_height_025,k8__division_zscore__quality_lite_height_025__method-nnls__init-aa_plus_plus__ninit-1,8,division_zscore,"z-score within division, then recombined",3000,quality_lite_height_025,nnls,aa_plus_plus,0.3103732990195132,0.02069155326796755,15,mins_per_game,4,318,0.106,160,158,0.4405207440516877,stl_pct=3.44; ast_pct=1.70; usg=1.64; FTR=0.62; tov_pct=0.39,height_inches=-1.04; three_share=-0.55; blk_pct=-0.38; eFG=-0.18; orb_pct=-0.15,ast_pct,1.7011991346774589
quality_lite_height_025,k8__division_zscore__quality_lite_height_025__method-nnls__init-aa_plus_plus__ninit-1,8,division_zscore,"z-score within division, then recombined",3000,quality_lite_height_025,nnls,aa_plus_plus,0.3103732990195132,0.02069155326796755,15,mins_per_game,5,394,0.1313333333333333,234,160,0.45240876322191,ast_pct=3.01; usg=2.09; ast_tov=1.48; ft_pct=0.91; three_pct=0.57,height_inches=-1.79; drb_pct=-0.90; orb_pct=-0.86; blk_pct=-0.64; FTR=-0.42,ast_pct,3.01346986939683
quality_lite_height_025,k8__division_zscore__quality_lite_height_025__method-nnls__init-aa_plus_plus__ninit-1,8,division_zscore,"z-score within division, then recombined",3000,quality_lite_height_025,nnls,aa_plus_plus,0.3103732990195132,0.02069155326796755,15,mins_per_game,6,128,0.0426666666666666,67,61,0.4026688218899011,tov_pct=3.94; blk_pct=0.28; stl_pct=0.10; height_inches=-0.53; drb_pct=-0.72,ft_pct=-3.97; eFG=-3.17; usg=-2.13; three_pct=-2.08; FTR=-1.95,ast_pct,-0.9766711745445428
quality_lite_height_025,k8__division_zscore__quality_lite_height_025__method-nnls__init-aa_plus_plus__ninit-1,8,division_zscore,"z-score within division, then recombined",3000,quality_lite_height_025,nnls,aa_plus_plus,0.3103732990195132,0.02069155326796755,15,mins_per_game,7,706,0.2353333333333333,390,316,0.4885986109697126,blk_pct=2.87; orb_pct=2.65; drb_pct=2.60; height_inches=1.99; eFG=1.26,three_pct=-1.81; three_share=-1.55; three_pa_per_100_team_poss=-1.45; ast_tov=-1.03; stl_pct=-1.01,ast_pct,-0.5698083754560588
quality_lite_height_025,k8__division_zscore__quality_lite_height_025__method-nnls__init-aa_plus_plus__ninit-1,8,division_zscore,"z-score within division, then recombined",3000,quality_lite_height_025,nnls,aa_plus_plus,0.3103732990195132,0.02069155326796755,15,mins_per_game,8,74,0.0246666666666666,33,41,0.3686186568139477,tov_pct=3.57; FTR=3.10; eFG=2.23; three_pct=1.57; ast_pct=1.12,usg=-1.60; orb_pct=-1.51; stl_pct=-1.25; three_pa_per_100_team_poss=-1.13; height_inches=-1.04,ast_pct,1.117634523684505
role_only_no_height,k6__division_zscore__role_only_no_height__method-nnls__init-uniform__ninit-1,6,division_zscore,"z-score within division, then recombined",3000,role_only_no_height,nnls,uniform,0.2677347352386173,0.024339521385328845,11,height_inches|mins_per_game|eFG|three_pct|ft_pct,1,309,0.103,166,143,0.456535662591947,ast_tov=3.61; three_share=1.83; three_pa_per_100_team_poss=0.65; stl_pct=0.48; ast_pct=-0.02,tov_pct=-2.10; usg=-1.93; FTR=-1.50; drb_pct=-1.13; orb_pct=-1.06,tov_pct,-2.1010596211893833
role_only_no_height,k6__division_zscore__role_only_no_height__method-nnls__init-uniform__ninit-1,6,division_zscore,"z-score within division, then recombined",3000,role_only_no_height,nnls,uniform,0.2677347352386173,0.024339521385328845,11,height_inches|mins_per_game|eFG|three_pct|ft_pct,2,415,0.1383333333333333,223,192,0.4794788410924968,FTR=3.56; orb_pct=0.65; tov_pct=0.49; drb_pct=-0.45; blk_pct=-0.49,three_share=-1.41; three_pa_per_100_team_poss=-1.38; usg=-1.22; ast_pct=-1.20; ast_tov=-1.03,tov_pct,0.4926171932942928
role_only_no_height,k6__division_zscore__role_only_no_height__method-nnls__init-uniform__ninit-1,6,division_zscore,"z-score within division, then recombined",3000,role_only_no_height,nnls,uniform,0.2677347352386173,0.024339521385328845,11,height_inches|mins_per_game|eFG|three_pct|ft_pct,3,800,0.2666666666666666,433,367,0.505250294172251,ast_pct=2.70; usg=2.10; stl_pct=1.74; ast_tov=0.74; FTR=0.70,orb_pct=-0.75; blk_pct=-0.63; three_share=-0.38; drb_pct=-0.30; three_pa_per_100_team_poss=0.11,tov_pct,0.2029305482981827
role_only_no_height,k6__division_zscore__role_only_no_height__method-nnls__init-uniform__ninit-1,6,division_zscore,"z-score within division, then recombined",3000,role_only_no_height,nnls,uniform,0.2677347352386173,0.024339521385328845,11,height_inches|mins_per_game|eFG|three_pct|ft_pct,4,262,0.0873333333333333,135,127,0.4408056532664042,tov_pct=3.80; blk_pct=-0.10; stl_pct=-0.11; ast_pct=-0.43; ast_tov=-0.43,usg=-1.99; FTR=-1.77; three_pa_per_100_team_poss=-1.14; orb_pct=-0.97; three_share=-0.78,tov_pct,3.8013671686541506
role_only_no_height,k6__division_zscore__role_only_no_height__method-nnls__init-uniform__ninit-1,6,division_zscore,"z-score within division, then recombined",3000,role_only_no_height,nnls,uniform,0.2677347352386173,0.024339521385328845,11,height_inches|mins_per_game|eFG|three_pct|ft_pct,5,702,0.234,382,320,0.462743349163797,three_pa_per_100_team_poss=2.47; three_share=2.14; usg=0.44; blk_pct=-0.46; drb_pct=-0.85,tov_pct=-1.66; FTR=-1.52; stl_pct=-1.45; ast_tov=-1.40; ast_pct=-1.37,tov_pct,-1.6613416760857262
role_only_no_height,k6__division_zscore__role_only_no_height__method-nnls__init-uniform__ninit-1,6,division_zscore,"z-score within division, then recombined",3000,role_only_no_height,nnls,uniform,0.2677347352386173,0.024339521385328845,11,height_inches|mins_per_game|eFG|three_pct|ft_pct,6,512,0.1706666666666666,289,223,0.4625975811723234,blk_pct=3.64; orb_pct=2.93; drb_pct=2.72; usg=0.59; FTR=-0.34,three_share=-1.55; three_pa_per_100_team_poss=-1.45; ast_tov=-0.95; tov_pct=-0.91; ast_pct=-0.81,tov_pct,-0.9084274998719806
role_only_no_height,k7__division_zscore__role_only_no_height__method-nnls__init-aa_plus_plus__ninit-1,7,division_zscore,"z-score within division, then recombined",3000,role_only_no_height,nnls,aa_plus_plus,0.238495041324195,0.021681367393108636,11,height_inches|mins_per_game|eFG|three_pct|ft_pct,1,294,0.098,161,133,0.4389883262975242,ast_tov=3.61; three_share=2.21; three_pa_per_100_team_poss=1.08; stl_pct=0.69; ast_pct=-0.21,tov_pct=-2.22; usg=-1.87; FTR=-1.81; drb_pct=-1.35; orb_pct=-1.04,tov_pct,-2.216596199353602
role_only_no_height,k7__division_zscore__role_only_no_height__method-nnls__init-aa_plus_plus__ninit-1,7,division_zscore,"z-score within division, then recombined",3000,role_only_no_height,nnls,aa_plus_plus,0.238495041324195,0.021681367393108636,11,height_inches|mins_per_game|eFG|three_pct|ft_pct,2,673,0.2243333333333333,362,311,0.4457061235878949,three_pa_per_100_team_poss=2.48; three_share=2.10; usg=0.66; blk_pct=-0.39; drb_pct=-0.86,tov_pct=-1.73; stl_pct=-1.70; ast_tov=-1.40; FTR=-1.38; ast_pct=-1.36,tov_pct,-1.7259262992409026
role_only_no_height,k7__division_zscore__role_only_no_height__method-nnls__init-aa_plus_plus__ninit-1,7,division_zscore,"z-score within division, then recombined",3000,role_only_no_height,nnls,aa_plus_plus,0.238495041324195,0.021681367393108636,11,height_inches|mins_per_game|eFG|three_pct|ft_pct,3,163,0.0543333333333333,94,69,0.380094578821913,stl_pct=3.24; orb_pct=2.93; drb_pct=1.47; blk_pct=0.61; FTR=0.41,three_share=-1.55; ast_tov=-1.50; three_pa_per_100_team_poss=-1.45; ast_pct=-1.36; tov_pct=0.02,tov_pct,0.0173649265648479
role_only_no_height,k7__division_zscore__role_only_no_height__method-nnls__init-aa_plus_plus__ninit-1,7,division_zscore,"z-score within division, then recombined",3000,role_only_no_height,nnls,aa_plus_plus,0.238495041324195,0.021681367393108636,11,height_inches|mins_per_game|eFG|three_pct|ft_pct,4,450,0.15,252,198,0.4636975661184712,blk_pct=3.47; orb_pct=2.89; drb_pct=2.71; usg=0.78; FTR=-0.14,three_share=-1.55; three_pa_per_100_team_poss=-1.45; ast_tov=-0.96; tov_pct=-0.73; ast_pct=-0.71,tov_pct,-0.7306457640213537
role_only_no_height,k7__division_zscore__role_only_no_height__method-nnls__init-aa_plus_plus__ninit-1,7,division_zscore,"z-score within division, then recombined",3000,role_only_no_height,nnls,aa_plus_plus,0.238495041324195,0.021681367393108636,11,height_inches|mins_per_game|eFG|three_pct|ft_pct,5,320,0.1066666666666666,168,152,0.4237211426671816,tov_pct=3.75; blk_pct=-0.07; stl_pct=-0.20; ast_pct=-0.25; ast_tov=-0.40,usg=-1.95; FTR=-1.71; orb_pct=-1.05; three_pa_per_100_team_poss=-1.03; drb_pct=-0.56,tov_pct,3.754301107051658
role_only_no_height,k7__division_zscore__role_only_no_height__method-nnls__init-aa_plus_plus__ninit-1,7,division_zscore,"z-score within division, then recombined",3000,role_only_no_height,nnls,aa_plus_plus,0.238495041324195,0.021681367393108636,11,height_inches|mins_per_game|eFG|three_pct|ft_pct,6,770,0.2566666666666666,413,357,0.4917715389137663,ast_pct=2.83; usg=2.25; stl_pct=1.15; ast_tov=1.03; FTR=0.75,orb_pct=-0.77; blk_pct=-0.67; drb_pct=-0.37; three_share=-0.35; tov_pct=-0.14,tov_pct,-0.1412501004368367
role_only_no_height,k7__division_zscore__role_only_no_height__method-nnls__init-aa_plus_plus__ninit-1,7,division_zscore,"z-score within division, then recombined",3000,role_only_no_height,nnls,aa_plus_plus,0.238495041324195,0.021681367393108636,11,height_inches|mins_per_game|eFG|three_pct|ft_pct,7,330,0.11,178,152,0.464452747318702,FTR=3.56; tov_pct=0.56; orb_pct=0.43; blk_pct=-0.50; ast_tov=-0.53,usg=-1.68; three_pa_per_100_team_poss=-1.33; stl_pct=-1.31; three_share=-1.24; ast_pct=-1.16,tov_pct,0.5640313273090518
role_only_no_height,k8__division_zscore__role_only_no_height__method-nnls__init-furthest_sum__ninit-1,8,division_zscore,"z-score within division, then recombined",3000,role_only_no_height,nnls,furthest_sum,0.2143388262200273,0.0194853478381843,11,height_inches|mins_per_game|eFG|three_pct|ft_pct,1,174,0.058,96,78,0.4213632291929584,FTR=3.42; tov_pct=3.33; drb_pct=0.74; orb_pct=0.16; blk_pct=-0.02,usg=-1.72; stl_pct=-1.48; ast_pct=-1.36; ast_tov=-1.25; three_pa_per_100_team_poss=-1.11,tov_pct,3.3252341893368
role_only_no_height,k8__division_zscore__role_only_no_height__method-nnls__init-furthest_sum__ninit-1,8,division_zscore,"z-score within division, then recombined",3000,role_only_no_height,nnls,furthest_sum,0.2143388262200273,0.0194853478381843,11,height_inches|mins_per_game|eFG|three_pct|ft_pct,2,471,0.157,263,208,0.443455908590321,ast_pct=2.96; usg=2.48; FTR=0.57; ast_tov=0.40; three_pa_per_100_team_poss=0.35,orb_pct=-0.74; blk_pct=-0.73; drb_pct=-0.46; three_share=-0.44; stl_pct=-0.13,tov_pct,-0.0764997104790936
role_only_no_height,k8__division_zscore__role_only_no_height__method-nnls__init-furthest_sum__ninit-1,8,division_zscore,"z-score within division, then recombined",3000,role_only_no_height,nnls,furthest_sum,0.2143388262200273,0.0194853478381843,11,height_inches|mins_per_game|eFG|three_pct|ft_pct,3,99,0.033,49,50,0.3615147922957086,ast_tov=3.61; FTR=3.56; three_share=0.52; ast_pct=-0.06; orb_pct=-0.36,tov_pct=-2.33; usg=-2.19; drb_pct=-1.90; three_pa_per_100_team_poss=-1.22; stl_pct=-0.91,tov_pct,-2.3278744791736226
role_only_no_height,k8__division_zscore__role_only_no_height__method-nnls__init-furthest_sum__ninit-1,8,division_zscore,"z-score within division, then recombined",3000,role_only_no_height,nnls,furthest_sum,0.2143388262200273,0.0194853478381843,11,height_inches|mins_per_game|eFG|three_pct|ft_pct,4,996,0.332,554,442,0.4510370126653587,three_pa_per_100_team_poss=2.47; three_share=2.21; usg=0.11; blk_pct=-0.63; orb_pct=-0.87,FTR=-1.82; tov_pct=-1.75; stl_pct=-1.57; ast_pct=-1.42; ast_tov=-1.33,tov_pct,-1.7495467517367538
role_only_no_height,k8__division_zscore__role_only_no_height__method-nnls__init-furthest_sum__ninit-1,8,division_zscore,"z-score within division, then recombined",3000,role_only_no_height,nnls,furthest_sum,0.2143388262200273,0.0194853478381843,11,height_inches|mins_per_game|eFG|three_pct|ft_pct,5,295,0.0983333333333333,159,136,0.3951614789419916,stl_pct=3.50; usg=1.83; FTR=1.54; orb_pct=0.89; tov_pct=0.69,three_share=-1.46; three_pa_per_100_team_poss=-1.35; ast_tov=-0.82; drb_pct=-0.80; blk_pct=-0.21,tov_pct,0.6855604160372476
role_only_no_height,k8__division_zscore__role_only_no_height__method-nnls__init-furthest_sum__ninit-1,8,division_zscore,"z-score within division, then recombined",3000,role_only_no_height,nnls,furthest_sum,0.2143388262200273,0.0194853478381843,11,height_inches|mins_per_game|eFG|three_pct|ft_pct,6,582,0.194,317,265,0.4426284154009009,blk_pct=3.64; orb_pct=2.93; drb_pct=2.72; usg=0.58; FTR=-0.34,three_share=-1.55; three_pa_per_100_team_poss=-1.45; ast_tov=-0.95; tov_pct=-0.91; ast_pct=-0.82,tov_pct,-0.9092366797827108
role_only_no_height,k8__division_zscore__role_only_no_height__method-nnls__init-furthest_sum__ninit-1,8,division_zscore,"z-score within division, then recombined",3000,role_only_no_height,nnls,furthest_sum,0.2143388262200273,0.0194853478381843,11,height_inches|mins_per_game|eFG|three_pct|ft_pct,7,197,0.0656666666666666,98,99,0.377781054808435,ast_tov=3.32; ast_pct=3.03; three_share=2.02; stl_pct=1.68; drb_pct=1.50,FTR=-1.95; orb_pct=-1.35; usg=-1.20; blk_pct=-0.90; tov_pct=0.96,tov_pct,0.9642477726639496
role_only_no_height,k8__division_zscore__role_only_no_height__method-nnls__init-furthest_sum__ninit-1,8,division_zscore,"z-score within division, then recombined",3000,role_only_no_height,nnls,furthest_sum,0.2143388262200273,0.0194853478381843,11,height_inches|mins_per_game|eFG|three_pct|ft_pct,8,186,0.062,92,94,0.3914937703684024,tov_pct=3.92; blk_pct=0.40; stl_pct=0.04; drb_pct=-0.79; ast_tov=-0.81,usg=-2.12; FTR=-1.95; three_share=-1.58; three_pa_per_100_team_poss=-1.47; orb_pct=-1.07,tov_pct,3.9173647210123663
role_only_height_025,k6__division_zscore__role_only_height_025__method-nnls__init-aa_plus_plus__ninit-1,6,division_zscore,"z-score within division, then recombined",3000,role_only_height_025,nnls,aa_plus_plus,0.2951314491359655,0.024594287427997127,12,mins_per_game|eFG|three_pct|ft_pct,1,764,0.2546666666666666,412,352,0.5077027320443918,ast_pct=2.65; usg=2.15; stl_pct=1.83; ast_tov=0.67; FTR=0.59,height_inches=-1.41; orb_pct=-0.79; blk_pct=-0.57; drb_pct=-0.28; three_share=-0.28,tov_pct,0.1957355298573106
role_only_height_025,k6__division_zscore__role_only_height_025__method-nnls__init-aa_plus_plus__ninit-1,6,division_zscore,"z-score within division, then recombined",3000,role_only_height_025,nnls,aa_plus_plus,0.2951314491359655,0.024594287427997127,12,mins_per_game|eFG|three_pct|ft_pct,2,342,0.114,180,162,0.4838557509063565,FTR=3.56; tov_pct=0.55; orb_pct=0.42; height_inches=0.24; stl_pct=-0.47,usg=-1.46; three_pa_per_100_team_poss=-1.38; three_share=-1.32; ast_pct=-1.19; ast_tov=-0.89,tov_pct,0.5475584523733963
role_only_height_025,k6__division_zscore__role_only_height_025__method-nnls__init-aa_plus_plus__ninit-1,6,division_zscore,"z-score within division, then recombined",3000,role_only_height_025,nnls,aa_plus_plus,0.2951314491359655,0.024594287427997127,12,mins_per_game|eFG|three_pct|ft_pct,3,668,0.2226666666666666,366,302,0.4623177469876054,three_pa_per_100_team_poss=2.47; three_share=2.16; usg=0.33; height_inches=0.12; blk_pct=-0.46,tov_pct=-1.67; FTR=-1.58; ast_tov=-1.41; ast_pct=-1.39; stl_pct=-1.34,tov_pct,-1.6744517076152197
role_only_height_025,k6__division_zscore__role_only_height_025__method-nnls__init-aa_plus_plus__ninit-1,6,division_zscore,"z-score within division, then recombined",3000,role_only_height_025,nnls,aa_plus_plus,0.2951314491359655,0.024594287427997127,12,mins_per_game|eFG|three_pct|ft_pct,4,655,0.2183333333333333,368,287,0.4864090659074885,blk_pct=3.08; drb_pct=2.72; orb_pct=2.64; height_inches=1.84; usg=1.04,three_share=-1.56; three_pa_per_100_team_poss=-1.45; ast_tov=-1.08; stl_pct=-0.79; ast_pct=-0.78,tov_pct,-0.7373794222978809
role_only_height_025,k6__division_zscore__role_only_height_025__method-nnls__init-aa_plus_plus__ninit-1,6,division_zscore,"z-score within division, then recombined",3000,role_only_height_025,nnls,aa_plus_plus,0.2951314491359655,0.024594287427997127,12,mins_per_game|eFG|three_pct|ft_pct,5,338,0.1126666666666666,178,160,0.4604329118378568,ast_tov=3.57; three_share=2.01; three_pa_per_100_team_poss=0.77; stl_pct=0.09; ast_pct=0.04,tov_pct=-1.91; usg=-1.81; FTR=-1.49; drb_pct=-1.22; orb_pct=-1.07,tov_pct,-1.9105847029937857
role_only_height_025,k6__division_zscore__role_only_height_025__method-nnls__init-aa_plus_plus__ninit-1,6,division_zscore,"z-score within division, then recombined",3000,role_only_height_025,nnls,aa_plus_plus,0.2951314491359655,0.024594287427997127,12,mins_per_game|eFG|three_pct|ft_pct,6,233,0.0776666666666666,124,109,0.4381247388587916,tov_pct=3.84; blk_pct=-0.01; stl_pct=-0.05; ast_tov=-0.51; ast_pct=-0.57,usg=-2.03; FTR=-1.82; three_pa_per_100_team_poss=-1.23; three_share=-0.98; orb_pct=-0.97,tov_pct,3.8364907349872057
role_only_height_025,k7__division_zscore__role_only_height_025__method-nnls__init-furthest_sum__ninit-1,7,division_zscore,"z-score within division, then recombined",3000,role_only_height_025,nnls,furthest_sum,0.263311535831513,0.021942627985959418,12,mins_per_game|eFG|three_pct|ft_pct,1,226,0.0753333333333333,115,111,0.417672088169587,tov_pct=3.88; blk_pct=0.10; stl_pct=0.02; ast_tov=-0.61; drb_pct=-0.63,usg=-2.08; FTR=-1.88; three_pa_per_100_team_poss=-1.34; three_share=-1.26; orb_pct=-0.97,tov_pct,3.8835627435255424
role_only_height_025,k7__division_zscore__role_only_height_025__method-nnls__init-furthest_sum__ninit-1,7,division_zscore,"z-score within division, then recombined",3000,role_only_height_025,nnls,furthest_sum,0.263311535831513,0.021942627985959418,12,mins_per_game|eFG|three_pct|ft_pct,2,295,0.0983333333333333,158,137,0.4357850920342563,ast_tov=3.61; three_share=2.21; three_pa_per_100_team_poss=1.01; stl_pct=0.60; ast_pct=-0.21,tov_pct=-2.15; usg=-1.89; FTR=-1.82; drb_pct=-1.31; orb_pct=-1.04,tov_pct,-2.1460533654740326
role_only_height_025,k7__division_zscore__role_only_height_025__method-nnls__init-furthest_sum__ninit-1,7,division_zscore,"z-score within division, then recombined",3000,role_only_height_025,nnls,furthest_sum,0.263311535831513,0.021942627985959418,12,mins_per_game|eFG|three_pct|ft_pct,3,330,0.11,173,157,0.4644667356808276,FTR=3.56; tov_pct=0.53; orb_pct=0.47; height_inches=0.24; blk_pct=-0.52,usg=-1.70; three_share=-1.41; three_pa_per_100_team_poss=-1.39; ast_pct=-1.19; stl_pct=-1.08,tov_pct,0.5326753302484205
role_only_height_025,k7__division_zscore__role_only_height_025__method-nnls__init-furthest_sum__ninit-1,7,division_zscore,"z-score within division, then recombined",3000,role_only_height_025,nnls,furthest_sum,0.263311535831513,0.021942627985959418,12,mins_per_game|eFG|three_pct|ft_pct,4,685,0.2283333333333333,382,303,0.4756498660866816,blk_pct=3.01; drb_pct=2.72; orb_pct=2.66; height_inches=1.88; usg=1.16,three_share=-1.56; three_pa_per_100_team_poss=-1.45; ast_tov=-1.05; stl_pct=-0.85; tov_pct=-0.73,tov_pct,-0.7269392575036868
role_only_height_025,k7__division_zscore__role_only_height_025__method-nnls__init-furthest_sum__ninit-1,7,division_zscore,"z-score within division, then recombined",3000,role_only_height_025,nnls,furthest_sum,0.263311535831513,0.021942627985959418,12,mins_per_game|eFG|three_pct|ft_pct,5,413,0.1376666666666666,247,166,0.4565209745922705,ast_pct=3.02; usg=1.94; ast_tov=1.43; three_pa_per_100_team_poss=0.23; tov_pct=0.16,height_inches=-1.46; orb_pct=-1.04; drb_pct=-0.65; blk_pct=-0.60; stl_pct=-0.43,tov_pct,0.1599242507558798
role_only_height_025,k7__division_zscore__role_only_height_025__method-nnls__init-furthest_sum__ninit-1,7,division_zscore,"z-score within division, then recombined",3000,role_only_height_025,nnls,furthest_sum,0.263311535831513,0.021942627985959418,12,mins_per_game|eFG|three_pct|ft_pct,6,678,0.226,365,313,0.4478373137453988,three_pa_per_100_team_poss=2.48; three_share=2.14; usg=0.49; height_inches=-0.10; blk_pct=-0.44,tov_pct=-1.73; stl_pct=-1.56; FTR=-1.51; ast_tov=-1.40; ast_pct=-1.37,tov_pct,-1.7250456449996068
role_only_height_025,k7__division_zscore__role_only_height_025__method-nnls__init-furthest_sum__ninit-1,7,division_zscore,"z-score within division, then recombined",3000,role_only_height_025,nnls,furthest_sum,0.263311535831513,0.021942627985959418,12,mins_per_game|eFG|three_pct|ft_pct,7,373,0.1243333333333333,188,185,0.4477413622519844,stl_pct=3.49; ast_pct=1.68; usg=1.54; FTR=0.84; tov_pct=0.49,height_inches=-1.37; orb_pct=-0.44; blk_pct=-0.38; three_share=-0.31; drb_pct=-0.21,tov_pct,0.4941328574072958
role_only_height_025,k8__division_zscore__role_only_height_025__method-nnls__init-furthest_first__ninit-1,8,division_zscore,"z-score within division, then recombined",3000,role_only_height_025,nnls,furthest_first,0.2447094773685976,0.020392456447383134,12,mins_per_game|eFG|three_pct|ft_pct,1,766,0.2553333333333333,411,355,0.4782242069768341,blk_pct=2.78; drb_pct=2.72; orb_pct=2.61; height_inches=2.02; usg=1.09,three_share=-1.56; three_pa_per_100_team_poss=-1.46; ast_tov=-1.11; stl_pct=-0.88; ast_pct=-0.74,tov_pct,-0.6770774267855998
role_only_height_025,k8__division_zscore__role_only_height_025__method-nnls__init-furthest_first__ninit-1,8,division_zscore,"z-score within division, then recombined",3000,role_only_height_025,nnls,furthest_first,0.2447094773685976,0.020392456447383134,12,mins_per_game|eFG|three_pct|ft_pct,2,386,0.1286666666666666,228,158,0.4493649554366586,ast_pct=3.02; usg=2.17; ast_tov=1.11; three_pa_per_100_team_poss=0.13; tov_pct=0.10,height_inches=-1.40; orb_pct=-1.03; blk_pct=-0.64; drb_pct=-0.59; three_share=-0.49,tov_pct,0.103179384475987
role_only_height_025,k8__division_zscore__role_only_height_025__method-nnls__init-furthest_first__ninit-1,8,division_zscore,"z-score within division, then recombined",3000,role_only_height_025,nnls,furthest_first,0.2447094773685976,0.020392456447383134,12,mins_per_game|eFG|three_pct|ft_pct,3,343,0.1143333333333333,170,173,0.4309408019064346,stl_pct=3.53; usg=1.76; ast_pct=1.11; FTR=0.85; tov_pct=0.37,height_inches=-1.01; drb_pct=-0.78; three_share=-0.54; blk_pct=-0.41; ast_tov=-0.26,tov_pct,0.3712078557895981
role_only_height_025,k8__division_zscore__role_only_height_025__method-nnls__init-furthest_first__ninit-1,8,division_zscore,"z-score within division, then recombined",3000,role_only_height_025,nnls,furthest_first,0.2447094773685976,0.020392456447383134,12,mins_per_game|eFG|three_pct|ft_pct,4,180,0.06,87,93,0.3891629696383583,tov_pct=3.94; blk_pct=0.49; stl_pct=0.07; height_inches=-0.49; drb_pct=-0.82,usg=-2.13; FTR=-1.95; three_share=-1.60; three_pa_per_100_team_poss=-1.47; orb_pct=-1.11,tov_pct,3.940755474429245
role_only_height_025,k8__division_zscore__role_only_height_025__method-nnls__init-furthest_first__ninit-1,8,division_zscore,"z-score within division, then recombined",3000,role_only_height_025,nnls,furthest_first,0.2447094773685976,0.020392456447383134,12,mins_per_game|eFG|three_pct|ft_pct,5,101,0.0336666666666666,54,47,0.3613966317042416,ast_tov=3.61; FTR=3.56; three_share=0.52; height_inches=0.18; ast_pct=-0.06,tov_pct=-2.33; usg=-2.19; drb_pct=-1.90; three_pa_per_100_team_poss=-1.22; stl_pct=-0.91,tov_pct,-2.3278744789606653
role_only_height_025,k8__division_zscore__role_only_height_025__method-nnls__init-furthest_first__ninit-1,8,division_zscore,"z-score within division, then recombined",3000,role_only_height_025,nnls,furthest_first,0.2447094773685976,0.020392456447383134,12,mins_per_game|eFG|three_pct|ft_pct,6,955,0.3183333333333333,530,425,0.449595980804347,three_pa_per_100_team_poss=2.47; three_share=2.22; usg=0.15; height_inches=-0.12; blk_pct=-0.71,FTR=-1.82; tov_pct=-1.79; stl_pct=-1.61; ast_pct=-1.40; ast_tov=-1.34,tov_pct,-1.7887555153700136
role_only_height_025,k8__division_zscore__role_only_height_025__method-nnls__init-furthest_first__ninit-1,8,division_zscore,"z-score within division, then recombined",3000,role_only_height_025,nnls,furthest_first,0.2447094773685976,0.020392456447383134,12,mins_per_game|eFG|three_pct|ft_pct,7,163,0.0543333333333333,95,68,0.4262992627745987,FTR=3.41; tov_pct=3.24; height_inches=0.65; drb_pct=0.13; orb_pct=0.07,usg=-1.41; ast_tov=-1.35; ast_pct=-1.21; three_pa_per_100_team_poss=-1.09; stl_pct=-0.95,tov_pct,3.2430347736680463
role_only_height_025,k8__division_zscore__role_only_height_025__method-nnls__init-furthest_first__ninit-1,8,division_zscore,"z-score within division, then recombined",3000,role_only_height_025,nnls,furthest_first,0.2447094773685976,0.020392456447383134,12,mins_per_game|eFG|three_pct|ft_pct,8,106,0.0353333333333333,53,53,0.3601115726474856,ast_tov=3.32; ast_pct=3.03; three_share=2.13; drb_pct=2.09; stl_pct=1.69,FTR=-1.95; orb_pct=-1.51; usg=-1.33; blk_pct=-0.90; height_inches=-0.05,tov_pct,1.33306107324954
quality_lite_no_height,k6__division_zscore__quality_lite_no_height__method-nnls__init-aa_plus_plus__ninit-1,6,division_zscore,"z-score within division, then recombined",3000,quality_lite_no_height,nnls,aa_plus_plus,0.3318744542043277,0.023705318157451978,14,height_inches|mins_per_game,1,839,0.2796666666666667,465,374,0.4819226714238443,three_pa_per_100_team_poss=2.47; three_share=1.97; ft_pct=0.74; three_pct=0.68; eFG=0.47,tov_pct=-1.51; ast_pct=-1.38; ast_tov=-1.30; FTR=-1.17; stl_pct=-0.92,tov_pct,-1.5130002809084673
quality_lite_no_height,k6__division_zscore__quality_lite_no_height__method-nnls__init-aa_plus_plus__ninit-1,6,division_zscore,"z-score within division, then recombined",3000,quality_lite_no_height,nnls,aa_plus_plus,0.3318744542043277,0.023705318157451978,14,height_inches|mins_per_game,2,210,0.07,106,104,0.4407402226984385,tov_pct=3.78; stl_pct=-0.12; blk_pct=-0.13; ast_pct=-0.39; ast_tov=-0.44,ft_pct=-3.01; eFG=-2.10; usg=-1.92; FTR=-1.75; three_pa_per_100_team_poss=-1.21,tov_pct,3.781747081338083
quality_lite_no_height,k6__division_zscore__quality_lite_no_height__method-nnls__init-aa_plus_plus__ninit-1,6,division_zscore,"z-score within division, then recombined",3000,quality_lite_no_height,nnls,aa_plus_plus,0.3318744542043277,0.023705318157451978,14,height_inches|mins_per_game,3,459,0.153,256,203,0.4720511160361476,blk_pct=3.64; orb_pct=2.92; drb_pct=2.71; eFG=0.64; usg=0.51,three_pct=-1.93; three_share=-1.55; three_pa_per_100_team_poss=-1.45; ast_tov=-1.02; ast_pct=-0.89,tov_pct,-0.7263234560404138
quality_lite_no_height,k6__division_zscore__quality_lite_no_height__method-nnls__init-aa_plus_plus__ninit-1,6,division_zscore,"z-score within division, then recombined",3000,quality_lite_no_height,nnls,aa_plus_plus,0.3318744542043277,0.023705318157451978,14,height_inches|mins_per_game,4,742,0.2473333333333333,404,338,0.5061546064784389,ast_pct=2.68; usg=2.23; stl_pct=1.71; ft_pct=0.73; FTR=0.51,orb_pct=-0.73; blk_pct=-0.54; three_share=-0.35; eFG=-0.26; drb_pct=-0.23,tov_pct,0.3472942187650385
quality_lite_no_height,k6__division_zscore__quality_lite_no_height__method-nnls__init-aa_plus_plus__ninit-1,6,division_zscore,"z-score within division, then recombined",3000,quality_lite_no_height,nnls,aa_plus_plus,0.3318744542043277,0.023705318157451978,14,height_inches|mins_per_game,5,385,0.1283333333333333,207,178,0.4905553136314093,FTR=3.54; orb_pct=0.68; tov_pct=0.54; eFG=0.35; drb_pct=-0.29,three_pct=-1.58; three_pa_per_100_team_poss=-1.32; three_share=-1.23; ast_pct=-1.21; usg=-1.21,tov_pct,0.5394004243471272
quality_lite_no_height,k6__division_zscore__quality_lite_no_height__method-nnls__init-aa_plus_plus__ninit-1,6,division_zscore,"z-score within division, then recombined",3000,quality_lite_no_height,nnls,aa_plus_plus,0.3318744542043277,0.023705318157451978,14,height_inches|mins_per_game,6,365,0.1216666666666666,190,175,0.4750526939685237,ast_tov=3.61; three_share=1.39; three_pa_per_100_team_poss=0.62; three_pct=0.46; ast_pct=0.34,tov_pct=-1.81; usg=-1.64; drb_pct=-1.04; orb_pct=-1.01; FTR=-0.97,tov_pct,-1.814119019679774
quality_lite_no_height,k7__division_zscore__quality_lite_no_height__method-nnls__init-uniform__ninit-1,7,division_zscore,"z-score within division, then recombined",3000,quality_lite_no_height,nnls,uniform,0.3057733967215648,0.0218409569086832,14,height_inches|mins_per_game,1,410,0.1366666666666666,223,187,0.4745940911079103,FTR=3.55; orb_pct=0.95; eFG=0.61; tov_pct=0.42; blk_pct=-0.15,three_pct=-1.71; three_pa_per_100_team_poss=-1.36; usg=-1.32; three_share=-1.32; ast_pct=-1.15,tov_pct,0.4204769251088396
quality_lite_no_height,k7__division_zscore__quality_lite_no_height__method-nnls__init-uniform__ninit-1,7,division_zscore,"z-score within division, then recombined",3000,quality_lite_no_height,nnls,uniform,0.3057733967215648,0.0218409569086832,14,height_inches|mins_per_game,2,836,0.2786666666666667,458,378,0.4601655417019247,three_pa_per_100_team_poss=2.44; three_share=1.96; ft_pct=0.84; three_pct=0.69; usg=0.59,tov_pct=-1.62; ast_tov=-1.34; stl_pct=-1.33; ast_pct=-1.32; FTR=-0.98,tov_pct,-1.6156083773028005
quality_lite_no_height,k7__division_zscore__quality_lite_no_height__method-nnls__init-uniform__ninit-1,7,division_zscore,"z-score within division, then recombined",3000,quality_lite_no_height,nnls,uniform,0.3057733967215648,0.0218409569086832,14,height_inches|mins_per_game,3,389,0.1296666666666666,219,170,0.4576771015188351,blk_pct=3.93; orb_pct=2.92; drb_pct=2.71; eFG=0.49; usg=0.05,three_pct=-1.93; three_share=-1.55; three_pa_per_100_team_poss=-1.45; ast_pct=-1.16; ast_tov=-1.08,tov_pct,-0.7511745773517116
quality_lite_no_height,k7__division_zscore__quality_lite_no_height__method-nnls__init-uniform__ninit-1,7,division_zscore,"z-score within division, then recombined",3000,quality_lite_no_height,nnls,uniform,0.3057733967215648,0.0218409569086832,14,height_inches|mins_per_game,4,335,0.1116666666666666,174,161,0.469291657365989,ast_tov=3.61; three_share=1.69; three_pa_per_100_team_poss=0.96; three_pct=0.46; stl_pct=0.38,tov_pct=-1.85; usg=-1.57; drb_pct=-1.20; FTR=-1.19; orb_pct=-0.99,tov_pct,-1.8491798550414251
quality_lite_no_height,k7__division_zscore__quality_lite_no_height__method-nnls__init-uniform__ninit-1,7,division_zscore,"z-score within division, then recombined",3000,quality_lite_no_height,nnls,uniform,0.3057733967215648,0.0218409569086832,14,height_inches|mins_per_game,5,339,0.113,178,161,0.4399483238331194,stl_pct=3.47; usg=1.59; ast_pct=1.55; FTR=0.80; three_pct=0.51,drb_pct=-0.83; orb_pct=-0.69; blk_pct=-0.57; eFG=-0.42; three_share=-0.10,tov_pct,0.4320782715746492
quality_lite_no_height,k7__division_zscore__quality_lite_no_height__method-nnls__init-uniform__ninit-1,7,division_zscore,"z-score within division, then recombined",3000,quality_lite_no_height,nnls,uniform,0.3057733967215648,0.0218409569086832,14,height_inches|mins_per_game,6,224,0.0746666666666666,112,112,0.4250744613967529,tov_pct=3.79; stl_pct=-0.11; blk_pct=-0.11; ast_pct=-0.42; ast_tov=-0.45,ft_pct=-3.10; eFG=-2.15; usg=-1.94; FTR=-1.76; three_pct=-1.24,tov_pct,3.791552194071547
quality_lite_no_height,k7__division_zscore__quality_lite_no_height__method-nnls__init-uniform__ninit-1,7,division_zscore,"z-score within division, then recombined",3000,quality_lite_no_height,nnls,uniform,0.3057733967215648,0.0218409569086832,14,height_inches|mins_per_game,7,467,0.1556666666666666,264,203,0.4500973109087519,ast_pct=3.02; usg=2.12; ast_tov=1.05; ft_pct=0.66; FTR=0.21,orb_pct=-0.76; three_share=-0.65; blk_pct=-0.58; stl_pct=-0.30; three_pa_per_100_team_poss=-0.18,tov_pct,0.1783460658506006
quality_lite_no_height,k8__division_zscore__quality_lite_no_height__method-nnls__init-uniform__ninit-1,8,division_zscore,"z-score within division, then recombined",3000,quality_lite_no_height,nnls,uniform,0.2783043367516002,0.019878881196542873,14,height_inches|mins_per_game,1,241,0.0803333333333333,113,128,0.435758447968365,stl_pct=3.42; FTR=2.22; tov_pct=1.44; ast_pct=1.32; usg=0.93,three_share=-0.62; three_pa_per_100_team_poss=-0.58; orb_pct=-0.51; drb_pct=-0.47; blk_pct=-0.27,tov_pct,1.4421593509598716
quality_lite_no_height,k8__division_zscore__quality_lite_no_height__method-nnls__init-uniform__ninit-1,8,division_zscore,"z-score within division, then recombined",3000,quality_lite_no_height,nnls,uniform,0.2783043367516002,0.019878881196542873,14,height_inches|mins_per_game,2,189,0.063,107,82,0.4564765187094199,FTR=3.56; tov_pct=0.65; orb_pct=0.39; eFG=0.32; blk_pct=0.30,usg=-2.08; three_pct=-1.70; stl_pct=-1.67; three_pa_per_100_team_poss=-1.33; three_share=-1.23,tov_pct,0.6542983930052615
quality_lite_no_height,k8__division_zscore__quality_lite_no_height__method-nnls__init-uniform__ninit-1,8,division_zscore,"z-score within division, then recombined",3000,quality_lite_no_height,nnls,uniform,0.2783043367516002,0.019878881196542873,14,height_inches|mins_per_game,3,488,0.1626666666666666,284,204,0.454393699196468,ast_pct=3.03; usg=2.02; ast_tov=1.49; ft_pct=1.05; three_pa_per_100_team_poss=0.45,orb_pct=-0.98; drb_pct=-0.65; blk_pct=-0.59; FTR=-0.46; stl_pct=-0.40,tov_pct,-0.1074292765132148
quality_lite_no_height,k8__division_zscore__quality_lite_no_height__method-nnls__init-uniform__ninit-1,8,division_zscore,"z-score within division, then recombined",3000,quality_lite_no_height,nnls,uniform,0.2783043367516002,0.019878881196542873,14,height_inches|mins_per_game,4,247,0.0823333333333333,144,103,0.482946233677228,blk_pct=4.02; orb_pct=2.28; drb_pct=2.05; eFG=1.12; tov_pct=-0.29,three_pct=-1.94; three_share=-1.55; three_pa_per_100_team_poss=-1.45; ast_pct=-1.13; ast_tov=-1.12,tov_pct,-0.2853379084270866
quality_lite_no_height,k8__division_zscore__quality_lite_no_height__method-nnls__init-uniform__ninit-1,8,division_zscore,"z-score within division, then recombined",3000,quality_lite_no_height,nnls,uniform,0.2783043367516002,0.019878881196542873,14,height_inches|mins_per_game,5,929,0.3096666666666666,517,412,0.4733175390766912,three_pa_per_100_team_poss=2.49; three_share=1.97; ft_pct=0.87; three_pct=0.64; usg=0.44,tov_pct=-1.48; ast_pct=-1.35; FTR=-1.23; ast_tov=-1.19; orb_pct=-0.85,tov_pct,-1.475428900030666
quality_lite_no_height,k8__division_zscore__quality_lite_no_height__method-nnls__init-uniform__ninit-1,8,division_zscore,"z-score within division, then recombined",3000,quality_lite_no_height,nnls,uniform,0.2783043367516002,0.019878881196542873,14,height_inches|mins_per_game,6,279,0.093,143,136,0.468210645804107,ast_tov=3.59; three_share=1.56; three_pa_per_100_team_poss=0.77; three_pct=0.49; stl_pct=0.38,tov_pct=-1.89; usg=-1.64; FTR=-1.16; drb_pct=-1.11; orb_pct=-0.95,tov_pct,-1.890010423069328
quality_lite_no_height,k8__division_zscore__quality_lite_no_height__method-nnls__init-uniform__ninit-1,8,division_zscore,"z-score within division, then recombined",3000,quality_lite_no_height,nnls,uniform,0.2783043367516002,0.019878881196542873,14,height_inches|mins_per_game,7,199,0.0663333333333333,95,104,0.416259482813419,tov_pct=3.81; stl_pct=0.02; ast_tov=-0.24; drb_pct=-0.34; ast_pct=-0.55,ft_pct=-3.27; eFG=-2.36; usg=-1.99; FTR=-1.80; three_pct=-1.45,tov_pct,3.8097704970445383
quality_lite_no_height,k8__division_zscore__quality_lite_no_height__method-nnls__init-uniform__ninit-1,8,division_zscore,"z-score within division, then recombined",3000,quality_lite_no_height,nnls,uniform,0.2783043367516002,0.019878881196542873,14,height_inches|mins_per_game,8,428,0.1426666666666666,225,203,0.4376478601277311,orb_pct=2.78; drb_pct=2.65; FTR=1.72; usg=1.37; blk_pct=0.73,three_share=-1.31; three_pa_per_100_team_poss=-1.19; ast_tov=-1.02; tov_pct=-0.76; ast_pct=-0.66,tov_pct,-0.762686502297833
quality_lite_height_025,k6__division_zscore__quality_lite_height_025__method-nnls__init-uniform__ninit-1,6,division_zscore,"z-score within division, then recombined",3000,quality_lite_height_025,nnls,uniform,0.3613318451462657,0.024088789676417713,15,mins_per_game,1,391,0.1303333333333333,203,188,0.4777166882017243,ast_tov=3.59; three_share=1.42; three_pa_per_100_team_poss=0.75; three_pct=0.49; ast_pct=0.40,tov_pct=-1.67; usg=-1.48; drb_pct=-1.14; FTR=-1.05; orb_pct=-0.97,tov_pct,-1.667341935539646
quality_lite_height_025,k6__division_zscore__quality_lite_height_025__method-nnls__init-uniform__ninit-1,6,division_zscore,"z-score within division, then recombined",3000,quality_lite_height_025,nnls,uniform,0.3613318451462657,0.024088789676417713,15,mins_per_game,2,326,0.1086666666666666,172,154,0.4943497310566704,FTR=3.52; tov_pct=0.75; orb_pct=0.52; height_inches=0.33; eFG=0.23,three_pct=-1.55; usg=-1.42; three_pa_per_100_team_poss=-1.31; three_share=-1.25; ast_pct=-1.19,tov_pct,0.7473587716291342
quality_lite_height_025,k6__division_zscore__quality_lite_height_025__method-nnls__init-uniform__ninit-1,6,division_zscore,"z-score within division, then recombined",3000,quality_lite_height_025,nnls,uniform,0.3613318451462657,0.024088789676417713,15,mins_per_game,3,697,0.2323333333333333,378,319,0.5064797994274349,ast_pct=2.65; usg=2.21; stl_pct=1.82; ft_pct=0.87; FTR=0.53,height_inches=-1.49; orb_pct=-0.79; blk_pct=-0.56; eFG=-0.27; drb_pct=-0.27,tov_pct,0.2979481837226266
quality_lite_height_025,k6__division_zscore__quality_lite_height_025__method-nnls__init-uniform__ninit-1,6,division_zscore,"z-score within division, then recombined",3000,quality_lite_height_025,nnls,uniform,0.3613318451462657,0.024088789676417713,15,mins_per_game,4,184,0.0613333333333333,98,86,0.4379973419907649,tov_pct=3.82; blk_pct=-0.03; stl_pct=-0.04; ast_tov=-0.53; ast_pct=-0.56,ft_pct=-3.26; eFG=-2.36; usg=-1.99; FTR=-1.80; three_pct=-1.44,tov_pct,3.816076330151146
quality_lite_height_025,k6__division_zscore__quality_lite_height_025__method-nnls__init-uniform__ninit-1,6,division_zscore,"z-score within division, then recombined",3000,quality_lite_height_025,nnls,uniform,0.3613318451462657,0.024088789676417713,15,mins_per_game,5,803,0.2676666666666666,443,360,0.480580169897724,three_pa_per_100_team_poss=2.48; three_share=1.98; ft_pct=0.71; three_pct=0.67; usg=0.50,tov_pct=-1.54; ast_pct=-1.33; ast_tov=-1.24; FTR=-1.18; stl_pct=-0.95,tov_pct,-1.5387816205648954
quality_lite_height_025,k6__division_zscore__quality_lite_height_025__method-nnls__init-uniform__ninit-1,6,division_zscore,"z-score within division, then recombined",3000,quality_lite_height_025,nnls,uniform,0.3613318451462657,0.024088789676417713,15,mins_per_game,6,599,0.1996666666666666,334,265,0.4881832539556246,blk_pct=3.07; drb_pct=2.70; orb_pct=2.65; height_inches=1.84; usg=1.04,three_pct=-1.94; three_share=-1.56; three_pa_per_100_team_poss=-1.45; ast_tov=-1.06; stl_pct=-0.79,tov_pct,-0.727092849676041
quality_lite_height_025,k7__division_zscore__quality_lite_height_025__method-nnls__init-furthest_first__ninit-1,7,division_zscore,"z-score within division, then recombined",3000,quality_lite_height_025,nnls,furthest_first,0.3332879083767823,0.022219193891785487,15,mins_per_game,1,398,0.1326666666666666,205,193,0.4805340497010158,ast_tov=3.61; three_share=1.24; three_pa_per_100_team_poss=0.62; ast_pct=0.62; three_pct=0.56,tov_pct=-1.50; usg=-1.35; drb_pct=-1.08; orb_pct=-0.97; FTR=-0.89,tov_pct,-1.5037262445005295
quality_lite_height_025,k7__division_zscore__quality_lite_height_025__method-nnls__init-furthest_first__ninit-1,7,division_zscore,"z-score within division, then recombined",3000,quality_lite_height_025,nnls,furthest_first,0.3332879083767823,0.022219193891785487,15,mins_per_game,2,222,0.074,127,95,0.5051952142821888,blk_pct=4.04; height_inches=1.77; orb_pct=1.71; eFG=1.28; drb_pct=0.94,three_pct=-1.99; three_share=-1.52; three_pa_per_100_team_poss=-1.42; ast_tov=-1.29; ast_pct=-1.28,tov_pct,0.0255928663784312
quality_lite_height_025,k7__division_zscore__quality_lite_height_025__method-nnls__init-furthest_first__ninit-1,7,division_zscore,"z-score within division, then recombined",3000,quality_lite_height_025,nnls,furthest_first,0.3332879083767823,0.022219193891785487,15,mins_per_game,3,273,0.091,147,126,0.4735424091120179,FTR=3.53; tov_pct=0.94; orb_pct=0.11; height_inches=-0.00; eFG=-0.04,usg=-1.66; three_pct=-1.58; three_pa_per_100_team_poss=-1.30; ast_pct=-1.28; three_share=-1.16,tov_pct,0.936198805694956
quality_lite_height_025,k7__division_zscore__quality_lite_height_025__method-nnls__init-furthest_first__ninit-1,7,division_zscore,"z-score within division, then recombined",3000,quality_lite_height_025,nnls,furthest_first,0.3332879083767823,0.022219193891785487,15,mins_per_game,4,175,0.0583333333333333,92,83,0.4269945695100422,tov_pct=3.83; stl_pct=0.05; ast_tov=-0.21; drb_pct=-0.34; ast_pct=-0.56,ft_pct=-3.37; eFG=-2.40; usg=-2.00; FTR=-1.81; three_pct=-1.47,tov_pct,3.8314269078129426
quality_lite_height_025,k7__division_zscore__quality_lite_height_025__method-nnls__init-furthest_first__ninit-1,7,division_zscore,"z-score within division, then recombined",3000,quality_lite_height_025,nnls,furthest_first,0.3332879083767823,0.022219193891785487,15,mins_per_game,5,854,0.2846666666666667,482,372,0.4805535786718281,three_pa_per_100_team_poss=2.48; three_share=2.02; ft_pct=0.65; three_pct=0.63; eFG=0.40,tov_pct=-1.55; FTR=-1.32; ast_pct=-1.31; ast_tov=-1.13; stl_pct=-0.81,tov_pct,-1.5482905753472502
quality_lite_height_025,k7__division_zscore__quality_lite_height_025__method-nnls__init-furthest_first__ninit-1,7,division_zscore,"z-score within division, then recombined",3000,quality_lite_height_025,nnls,furthest_first,0.3332879083767823,0.022219193891785487,15,mins_per_game,6,593,0.1976666666666666,321,272,0.4906332213699976,ast_pct=2.50; stl_pct=2.28; usg=2.21; ft_pct=1.07; three_pa_per_100_team_poss=0.48,height_inches=-1.63; orb_pct=-0.88; blk_pct=-0.46; drb_pct=-0.41; eFG=-0.26,tov_pct,0.3554655763334032
quality_lite_height_025,k7__division_zscore__quality_lite_height_025__method-nnls__init-furthest_first__ninit-1,7,division_zscore,"z-score within division, then recombined",3000,quality_lite_height_025,nnls,furthest_first,0.3332879083767823,0.022219193891785487,15,mins_per_game,7,485,0.1616666666666666,254,231,0.4543727744579504,orb_pct=2.80; drb_pct=2.70; usg=2.00; height_inches=1.69; blk_pct=1.51,three_share=-1.45; three_pa_per_100_team_poss=-1.33; three_pct=-0.82; stl_pct=-0.70; ast_tov=-0.62,tov_pct,-0.4739804088977991
quality_lite_height_025,k8__division_zscore__quality_lite_height_025__method-nnls__init-aa_plus_plus__ninit-1,8,division_zscore,"z-score within division, then recombined",3000,quality_lite_height_025,nnls,aa_plus_plus,0.3103732990195132,0.02069155326796755,15,mins_per_game,1,911,0.3036666666666666,501,410,0.4645766389877503,three_pa_per_100_team_poss=2.49; three_share=2.00; ft_pct=0.81; three_pct=0.68; usg=0.53,tov_pct=-1.58; ast_pct=-1.29; FTR=-1.23; ast_tov=-1.22; stl_pct=-0.94,tov_pct,-1.5816586880559698
quality_lite_height_025,k8__division_zscore__quality_lite_height_025__method-nnls__init-aa_plus_plus__ninit-1,8,division_zscore,"z-score within division, then recombined",3000,quality_lite_height_025,nnls,aa_plus_plus,0.3103732990195132,0.02069155326796755,15,mins_per_game,2,173,0.0576666666666666,93,80,0.4312188994505668,FTR=3.56; orb_pct=0.15; stl_pct=0.09; height_inches=-0.22; blk_pct=-0.68,three_pct=-1.93; ast_pct=-1.40; three_pa_per_100_team_poss=-1.32; three_share=-1.27; ft_pct=-1.23,tov_pct,-0.7287386806965553
quality_lite_height_025,k8__division_zscore__quality_lite_height_025__method-nnls__init-aa_plus_plus__ninit-1,8,division_zscore,"z-score within division, then recombined",3000,quality_lite_height_025,nnls,aa_plus_plus,0.3103732990195132,0.02069155326796755,15,mins_per_game,3,296,0.0986666666666666,150,146,0.4639393315254951,ast_tov=3.60; three_share=1.74; three_pa_per_100_team_poss=1.00; three_pct=0.46; stl_pct=0.45,tov_pct=-1.88; usg=-1.58; FTR=-1.29; drb_pct=-1.25; orb_pct=-0.99,tov_pct,-1.8765456477431488
quality_lite_height_025,k8__division_zscore__quality_lite_height_025__method-nnls__init-aa_plus_plus__ninit-1,8,division_zscore,"z-score within division, then recombined",3000,quality_lite_height_025,nnls,aa_plus_plus,0.3103732990195132,0.02069155326796755,15,mins_per_game,4,318,0.106,160,158,0.4405207440516877,stl_pct=3.44; ast_pct=1.70; usg=1.64; FTR=0.62; tov_pct=0.39,height_inches=-1.04; three_share=-0.55; blk_pct=-0.38; eFG=-0.18; orb_pct=-0.15,tov_pct,0.3887173502683873
quality_lite_height_025,k8__division_zscore__quality_lite_height_025__method-nnls__init-aa_plus_plus__ninit-1,8,division_zscore,"z-score within division, then recombined",3000,quality_lite_height_025,nnls,aa_plus_plus,0.3103732990195132,0.02069155326796755,15,mins_per_game,5,394,0.1313333333333333,234,160,0.45240876322191,ast_pct=3.01; usg=2.09; ast_tov=1.48; ft_pct=0.91; three_pct=0.57,height_inches=-1.79; drb_pct=-0.90; orb_pct=-0.86; blk_pct=-0.64; FTR=-0.42,tov_pct,-0.4210971141032813
quality_lite_height_025,k8__division_zscore__quality_lite_height_025__method-nnls__init-aa_plus_plus__ninit-1,8,division_zscore,"z-score within division, then recombined",3000,quality_lite_height_025,nnls,aa_plus_plus,0.3103732990195132,0.02069155326796755,15,mins_per_game,6,128,0.0426666666666666,67,61,0.4026688218899011,tov_pct=3.94; blk_pct=0.28; stl_pct=0.10; height_inches=-0.53; drb_pct=-0.72,ft_pct=-3.97; eFG=-3.17; usg=-2.13; three_pct=-2.08; FTR=-1.95,tov_pct,3.940755474306109
quality_lite_height_025,k8__division_zscore__quality_lite_height_025__method-nnls__init-aa_plus_plus__ninit-1,8,division_zscore,"z-score within division, then recombined",3000,quality_lite_height_025,nnls,aa_plus_plus,0.3103732990195132,0.02069155326796755,15,mins_per_game,7,706,0.2353333333333333,390,316,0.4885986109697126,blk_pct=2.87; orb_pct=2.65; drb_pct=2.60; height_inches=1.99; eFG=1.26,three_pct=-1.81; three_share=-1.55; three_pa_per_100_team_poss=-1.45; ast_tov=-1.03; stl_pct=-1.01,tov_pct,-0.4350647773367936
quality_lite_height_025,k8__division_zscore__quality_lite_height_025__method-nnls__init-aa_plus_plus__ninit-1,8,division_zscore,"z-score within division, then recombined",3000,quality_lite_height_025,nnls,aa_plus_plus,0.3103732990195132,0.02069155326796755,15,mins_per_game,8,74,0.0246666666666666,33,41,0.3686186568139477,tov_pct=3.57; FTR=3.10; eFG=2.23; three_pct=1.57; ast_pct=1.12,usg=-1.60; orb_pct=-1.51; stl_pct=-1.25; three_pa_per_100_team_poss=-1.13; height_inches=-1.04,tov_pct,3.57031183753407
role_only_no_height,k6__division_zscore__role_only_no_height__method-nnls__init-uniform__ninit-1,6,division_zscore,"z-score within division, then recombined",3000,role_only_no_height,nnls,uniform,0.2677347352386173,0.024339521385328845,11,height_inches|mins_per_game|eFG|three_pct|ft_pct,1,309,0.103,166,143,0.456535662591947,ast_tov=3.61; three_share=1.83; three_pa_per_100_team_poss=0.65; stl_pct=0.48; ast_pct=-0.02,tov_pct=-2.10; usg=-1.93; FTR=-1.50; drb_pct=-1.13; orb_pct=-1.06,ast_tov,3.6052039258956543
role_only_no_height,k6__division_zscore__role_only_no_height__method-nnls__init-uniform__ninit-1,6,division_zscore,"z-score within division, then recombined",3000,role_only_no_height,nnls,uniform,0.2677347352386173,0.024339521385328845,11,height_inches|mins_per_game|eFG|three_pct|ft_pct,2,415,0.1383333333333333,223,192,0.4794788410924968,FTR=3.56; orb_pct=0.65; tov_pct=0.49; drb_pct=-0.45; blk_pct=-0.49,three_share=-1.41; three_pa_per_100_team_poss=-1.38; usg=-1.22; ast_pct=-1.20; ast_tov=-1.03,ast_tov,-1.0323949628868532
role_only_no_height,k6__division_zscore__role_only_no_height__method-nnls__init-uniform__ninit-1,6,division_zscore,"z-score within division, then recombined",3000,role_only_no_height,nnls,uniform,0.2677347352386173,0.024339521385328845,11,height_inches|mins_per_game|eFG|three_pct|ft_pct,3,800,0.2666666666666666,433,367,0.505250294172251,ast_pct=2.70; usg=2.10; stl_pct=1.74; ast_tov=0.74; FTR=0.70,orb_pct=-0.75; blk_pct=-0.63; three_share=-0.38; drb_pct=-0.30; three_pa_per_100_team_poss=0.11,ast_tov,0.7403121511441746
role_only_no_height,k6__division_zscore__role_only_no_height__method-nnls__init-uniform__ninit-1,6,division_zscore,"z-score within division, then recombined",3000,role_only_no_height,nnls,uniform,0.2677347352386173,0.024339521385328845,11,height_inches|mins_per_game|eFG|three_pct|ft_pct,4,262,0.0873333333333333,135,127,0.4408056532664042,tov_pct=3.80; blk_pct=-0.10; stl_pct=-0.11; ast_pct=-0.43; ast_tov=-0.43,usg=-1.99; FTR=-1.77; three_pa_per_100_team_poss=-1.14; orb_pct=-0.97; three_share=-0.78,ast_tov,-0.4319226805517384
role_only_no_height,k6__division_zscore__role_only_no_height__method-nnls__init-uniform__ninit-1,6,division_zscore,"z-score within division, then recombined",3000,role_only_no_height,nnls,uniform,0.2677347352386173,0.024339521385328845,11,height_inches|mins_per_game|eFG|three_pct|ft_pct,5,702,0.234,382,320,0.462743349163797,three_pa_per_100_team_poss=2.47; three_share=2.14; usg=0.44; blk_pct=-0.46; drb_pct=-0.85,tov_pct=-1.66; FTR=-1.52; stl_pct=-1.45; ast_tov=-1.40; ast_pct=-1.37,ast_tov,-1.402776144092889
role_only_no_height,k6__division_zscore__role_only_no_height__method-nnls__init-uniform__ninit-1,6,division_zscore,"z-score within division, then recombined",3000,role_only_no_height,nnls,uniform,0.2677347352386173,0.024339521385328845,11,height_inches|mins_per_game|eFG|three_pct|ft_pct,6,512,0.1706666666666666,289,223,0.4625975811723234,blk_pct=3.64; orb_pct=2.93; drb_pct=2.72; usg=0.59; FTR=-0.34,three_share=-1.55; three_pa_per_100_team_poss=-1.45; ast_tov=-0.95; tov_pct=-0.91; ast_pct=-0.81,ast_tov,-0.9453981872497516
role_only_no_height,k7__division_zscore__role_only_no_height__method-nnls__init-aa_plus_plus__ninit-1,7,division_zscore,"z-score within division, then recombined",3000,role_only_no_height,nnls,aa_plus_plus,0.238495041324195,0.021681367393108636,11,height_inches|mins_per_game|eFG|three_pct|ft_pct,1,294,0.098,161,133,0.4389883262975242,ast_tov=3.61; three_share=2.21; three_pa_per_100_team_poss=1.08; stl_pct=0.69; ast_pct=-0.21,tov_pct=-2.22; usg=-1.87; FTR=-1.81; drb_pct=-1.35; orb_pct=-1.04,ast_tov,3.605203926563031
role_only_no_height,k7__division_zscore__role_only_no_height__method-nnls__init-aa_plus_plus__ninit-1,7,division_zscore,"z-score within division, then recombined",3000,role_only_no_height,nnls,aa_plus_plus,0.238495041324195,0.021681367393108636,11,height_inches|mins_per_game|eFG|three_pct|ft_pct,2,673,0.2243333333333333,362,311,0.4457061235878949,three_pa_per_100_team_poss=2.48; three_share=2.10; usg=0.66; blk_pct=-0.39; drb_pct=-0.86,tov_pct=-1.73; stl_pct=-1.70; ast_tov=-1.40; FTR=-1.38; ast_pct=-1.36,ast_tov,-1.4002911747197897
role_only_no_height,k7__division_zscore__role_only_no_height__method-nnls__init-aa_plus_plus__ninit-1,7,division_zscore,"z-score within division, then recombined",3000,role_only_no_height,nnls,aa_plus_plus,0.238495041324195,0.021681367393108636,11,height_inches|mins_per_game|eFG|three_pct|ft_pct,3,163,0.0543333333333333,94,69,0.380094578821913,stl_pct=3.24; orb_pct=2.93; drb_pct=1.47; blk_pct=0.61; FTR=0.41,three_share=-1.55; ast_tov=-1.50; three_pa_per_100_team_poss=-1.45; ast_pct=-1.36; tov_pct=0.02,ast_tov,-1.4968435455892524
role_only_no_height,k7__division_zscore__role_only_no_height__method-nnls__init-aa_plus_plus__ninit-1,7,division_zscore,"z-score within division, then recombined",3000,role_only_no_height,nnls,aa_plus_plus,0.238495041324195,0.021681367393108636,11,height_inches|mins_per_game|eFG|three_pct|ft_pct,4,450,0.15,252,198,0.4636975661184712,blk_pct=3.47; orb_pct=2.89; drb_pct=2.71; usg=0.78; FTR=-0.14,three_share=-1.55; three_pa_per_100_team_poss=-1.45; ast_tov=-0.96; tov_pct=-0.73; ast_pct=-0.71,ast_tov,-0.9640958366647258
role_only_no_height,k7__division_zscore__role_only_no_height__method-nnls__init-aa_plus_plus__ninit-1,7,division_zscore,"z-score within division, then recombined",3000,role_only_no_height,nnls,aa_plus_plus,0.238495041324195,0.021681367393108636,11,height_inches|mins_per_game|eFG|three_pct|ft_pct,5,320,0.1066666666666666,168,152,0.4237211426671816,tov_pct=3.75; blk_pct=-0.07; stl_pct=-0.20; ast_pct=-0.25; ast_tov=-0.40,usg=-1.95; FTR=-1.71; orb_pct=-1.05; three_pa_per_100_team_poss=-1.03; drb_pct=-0.56,ast_tov,-0.4038361868679247
role_only_no_height,k7__division_zscore__role_only_no_height__method-nnls__init-aa_plus_plus__ninit-1,7,division_zscore,"z-score within division, then recombined",3000,role_only_no_height,nnls,aa_plus_plus,0.238495041324195,0.021681367393108636,11,height_inches|mins_per_game|eFG|three_pct|ft_pct,6,770,0.2566666666666666,413,357,0.4917715389137663,ast_pct=2.83; usg=2.25; stl_pct=1.15; ast_tov=1.03; FTR=0.75,orb_pct=-0.77; blk_pct=-0.67; drb_pct=-0.37; three_share=-0.35; tov_pct=-0.14,ast_tov,1.0301063314646337
role_only_no_height,k7__division_zscore__role_only_no_height__method-nnls__init-aa_plus_plus__ninit-1,7,division_zscore,"z-score within division, then recombined",3000,role_only_no_height,nnls,aa_plus_plus,0.238495041324195,0.021681367393108636,11,height_inches|mins_per_game|eFG|three_pct|ft_pct,7,330,0.11,178,152,0.464452747318702,FTR=3.56; tov_pct=0.56; orb_pct=0.43; blk_pct=-0.50; ast_tov=-0.53,usg=-1.68; three_pa_per_100_team_poss=-1.33; stl_pct=-1.31; three_share=-1.24; ast_pct=-1.16,ast_tov,-0.5345776460548219
role_only_no_height,k8__division_zscore__role_only_no_height__method-nnls__init-furthest_sum__ninit-1,8,division_zscore,"z-score within division, then recombined",3000,role_only_no_height,nnls,furthest_sum,0.2143388262200273,0.0194853478381843,11,height_inches|mins_per_game|eFG|three_pct|ft_pct,1,174,0.058,96,78,0.4213632291929584,FTR=3.42; tov_pct=3.33; drb_pct=0.74; orb_pct=0.16; blk_pct=-0.02,usg=-1.72; stl_pct=-1.48; ast_pct=-1.36; ast_tov=-1.25; three_pa_per_100_team_poss=-1.11,ast_tov,-1.247386847185697
role_only_no_height,k8__division_zscore__role_only_no_height__method-nnls__init-furthest_sum__ninit-1,8,division_zscore,"z-score within division, then recombined",3000,role_only_no_height,nnls,furthest_sum,0.2143388262200273,0.0194853478381843,11,height_inches|mins_per_game|eFG|three_pct|ft_pct,2,471,0.157,263,208,0.443455908590321,ast_pct=2.96; usg=2.48; FTR=0.57; ast_tov=0.40; three_pa_per_100_team_poss=0.35,orb_pct=-0.74; blk_pct=-0.73; drb_pct=-0.46; three_share=-0.44; stl_pct=-0.13,ast_tov,0.3956564811576193
role_only_no_height,k8__division_zscore__role_only_no_height__method-nnls__init-furthest_sum__ninit-1,8,division_zscore,"z-score within division, then recombined",3000,role_only_no_height,nnls,furthest_sum,0.2143388262200273,0.0194853478381843,11,height_inches|mins_per_game|eFG|three_pct|ft_pct,3,99,0.033,49,50,0.3615147922957086,ast_tov=3.61; FTR=3.56; three_share=0.52; ast_pct=-0.06; orb_pct=-0.36,tov_pct=-2.33; usg=-2.19; drb_pct=-1.90; three_pa_per_100_team_poss=-1.22; stl_pct=-0.91,ast_tov,3.605203930513704
role_only_no_height,k8__division_zscore__role_only_no_height__method-nnls__init-furthest_sum__ninit-1,8,division_zscore,"z-score within division, then recombined",3000,role_only_no_height,nnls,furthest_sum,0.2143388262200273,0.0194853478381843,11,height_inches|mins_per_game|eFG|three_pct|ft_pct,4,996,0.332,554,442,0.4510370126653587,three_pa_per_100_team_poss=2.47; three_share=2.21; usg=0.11; blk_pct=-0.63; orb_pct=-0.87,FTR=-1.82; tov_pct=-1.75; stl_pct=-1.57; ast_pct=-1.42; ast_tov=-1.33,ast_tov,-1.333926884601342
role_only_no_height,k8__division_zscore__role_only_no_height__method-nnls__init-furthest_sum__ninit-1,8,division_zscore,"z-score within division, then recombined",3000,role_only_no_height,nnls,furthest_sum,0.2143388262200273,0.0194853478381843,11,height_inches|mins_per_game|eFG|three_pct|ft_pct,5,295,0.0983333333333333,159,136,0.3951614789419916,stl_pct=3.50; usg=1.83; FTR=1.54; orb_pct=0.89; tov_pct=0.69,three_share=-1.46; three_pa_per_100_team_poss=-1.35; ast_tov=-0.82; drb_pct=-0.80; blk_pct=-0.21,ast_tov,-0.8225404154894216
role_only_no_height,k8__division_zscore__role_only_no_height__method-nnls__init-furthest_sum__ninit-1,8,division_zscore,"z-score within division, then recombined",3000,role_only_no_height,nnls,furthest_sum,0.2143388262200273,0.0194853478381843,11,height_inches|mins_per_game|eFG|three_pct|ft_pct,6,582,0.194,317,265,0.4426284154009009,blk_pct=3.64; orb_pct=2.93; drb_pct=2.72; usg=0.58; FTR=-0.34,three_share=-1.55; three_pa_per_100_team_poss=-1.45; ast_tov=-0.95; tov_pct=-0.91; ast_pct=-0.82,ast_tov,-0.9460183728701288
role_only_no_height,k8__division_zscore__role_only_no_height__method-nnls__init-furthest_sum__ninit-1,8,division_zscore,"z-score within division, then recombined",3000,role_only_no_height,nnls,furthest_sum,0.2143388262200273,0.0194853478381843,11,height_inches|mins_per_game|eFG|three_pct|ft_pct,7,197,0.0656666666666666,98,99,0.377781054808435,ast_tov=3.32; ast_pct=3.03; three_share=2.02; stl_pct=1.68; drb_pct=1.50,FTR=-1.95; orb_pct=-1.35; usg=-1.20; blk_pct=-0.90; tov_pct=0.96,ast_tov,3.318673690182778
role_only_no_height,k8__division_zscore__role_only_no_height__method-nnls__init-furthest_sum__ninit-1,8,division_zscore,"z-score within division, then recombined",3000,role_only_no_height,nnls,furthest_sum,0.2143388262200273,0.0194853478381843,11,height_inches|mins_per_game|eFG|three_pct|ft_pct,8,186,0.062,92,94,0.3914937703684024,tov_pct=3.92; blk_pct=0.40; stl_pct=0.04; drb_pct=-0.79; ast_tov=-0.81,usg=-2.12; FTR=-1.95; three_share=-1.58; three_pa_per_100_team_poss=-1.47; orb_pct=-1.07,ast_tov,-0.8055068130048485
role_only_height_025,k6__division_zscore__role_only_height_025__method-nnls__init-aa_plus_plus__ninit-1,6,division_zscore,"z-score within division, then recombined",3000,role_only_height_025,nnls,aa_plus_plus,0.2951314491359655,0.024594287427997127,12,mins_per_game|eFG|three_pct|ft_pct,1,764,0.2546666666666666,412,352,0.5077027320443918,ast_pct=2.65; usg=2.15; stl_pct=1.83; ast_tov=0.67; FTR=0.59,height_inches=-1.41; orb_pct=-0.79; blk_pct=-0.57; drb_pct=-0.28; three_share=-0.28,ast_tov,0.66842193145988
role_only_height_025,k6__division_zscore__role_only_height_025__method-nnls__init-aa_plus_plus__ninit-1,6,division_zscore,"z-score within division, then recombined",3000,role_only_height_025,nnls,aa_plus_plus,0.2951314491359655,0.024594287427997127,12,mins_per_game|eFG|three_pct|ft_pct,2,342,0.114,180,162,0.4838557509063565,FTR=3.56; tov_pct=0.55; orb_pct=0.42; height_inches=0.24; stl_pct=-0.47,usg=-1.46; three_pa_per_100_team_poss=-1.38; three_share=-1.32; ast_pct=-1.19; ast_tov=-0.89,ast_tov,-0.894127769571939
role_only_height_025,k6__division_zscore__role_only_height_025__method-nnls__init-aa_plus_plus__ninit-1,6,division_zscore,"z-score within division, then recombined",3000,role_only_height_025,nnls,aa_plus_plus,0.2951314491359655,0.024594287427997127,12,mins_per_game|eFG|three_pct|ft_pct,3,668,0.2226666666666666,366,302,0.4623177469876054,three_pa_per_100_team_poss=2.47; three_share=2.16; usg=0.33; height_inches=0.12; blk_pct=-0.46,tov_pct=-1.67; FTR=-1.58; ast_tov=-1.41; ast_pct=-1.39; stl_pct=-1.34,ast_tov,-1.4066667972694429
role_only_height_025,k6__division_zscore__role_only_height_025__method-nnls__init-aa_plus_plus__ninit-1,6,division_zscore,"z-score within division, then recombined",3000,role_only_height_025,nnls,aa_plus_plus,0.2951314491359655,0.024594287427997127,12,mins_per_game|eFG|three_pct|ft_pct,4,655,0.2183333333333333,368,287,0.4864090659074885,blk_pct=3.08; drb_pct=2.72; orb_pct=2.64; height_inches=1.84; usg=1.04,three_share=-1.56; three_pa_per_100_team_poss=-1.45; ast_tov=-1.08; stl_pct=-0.79; ast_pct=-0.78,ast_tov,-1.0761590927479772
role_only_height_025,k6__division_zscore__role_only_height_025__method-nnls__init-aa_plus_plus__ninit-1,6,division_zscore,"z-score within division, then recombined",3000,role_only_height_025,nnls,aa_plus_plus,0.2951314491359655,0.024594287427997127,12,mins_per_game|eFG|three_pct|ft_pct,5,338,0.1126666666666666,178,160,0.4604329118378568,ast_tov=3.57; three_share=2.01; three_pa_per_100_team_poss=0.77; stl_pct=0.09; ast_pct=0.04,tov_pct=-1.91; usg=-1.81; FTR=-1.49; drb_pct=-1.22; orb_pct=-1.07,ast_tov,3.5689114282580214
role_only_height_025,k6__division_zscore__role_only_height_025__method-nnls__init-aa_plus_plus__ninit-1,6,division_zscore,"z-score within division, then recombined",3000,role_only_height_025,nnls,aa_plus_plus,0.2951314491359655,0.024594287427997127,12,mins_per_game|eFG|three_pct|ft_pct,6,233,0.0776666666666666,124,109,0.4381247388587916,tov_pct=3.84; blk_pct=-0.01; stl_pct=-0.05; ast_tov=-0.51; ast_pct=-0.57,usg=-2.03; FTR=-1.82; three_pa_per_100_team_poss=-1.23; three_share=-0.98; orb_pct=-0.97,ast_tov,-0.5076769497010991
role_only_height_025,k7__division_zscore__role_only_height_025__method-nnls__init-furthest_sum__ninit-1,7,division_zscore,"z-score within division, then recombined",3000,role_only_height_025,nnls,furthest_sum,0.263311535831513,0.021942627985959418,12,mins_per_game|eFG|three_pct|ft_pct,1,226,0.0753333333333333,115,111,0.417672088169587,tov_pct=3.88; blk_pct=0.10; stl_pct=0.02; ast_tov=-0.61; drb_pct=-0.63,usg=-2.08; FTR=-1.88; three_pa_per_100_team_poss=-1.34; three_share=-1.26; orb_pct=-0.97,ast_tov,-0.6103232606259466
role_only_height_025,k7__division_zscore__role_only_height_025__method-nnls__init-furthest_sum__ninit-1,7,division_zscore,"z-score within division, then recombined",3000,role_only_height_025,nnls,furthest_sum,0.263311535831513,0.021942627985959418,12,mins_per_game|eFG|three_pct|ft_pct,2,295,0.0983333333333333,158,137,0.4357850920342563,ast_tov=3.61; three_share=2.21; three_pa_per_100_team_poss=1.01; stl_pct=0.60; ast_pct=-0.21,tov_pct=-2.15; usg=-1.89; FTR=-1.82; drb_pct=-1.31; orb_pct=-1.04,ast_tov,3.605203926400271
role_only_height_025,k7__division_zscore__role_only_height_025__method-nnls__init-furthest_sum__ninit-1,7,division_zscore,"z-score within division, then recombined",3000,role_only_height_025,nnls,furthest_sum,0.263311535831513,0.021942627985959418,12,mins_per_game|eFG|three_pct|ft_pct,3,330,0.11,173,157,0.4644667356808276,FTR=3.56; tov_pct=0.53; orb_pct=0.47; height_inches=0.24; blk_pct=-0.52,usg=-1.70; three_share=-1.41; three_pa_per_100_team_poss=-1.39; ast_pct=-1.19; stl_pct=-1.08,ast_tov,-0.6297606119804172
role_only_height_025,k7__division_zscore__role_only_height_025__method-nnls__init-furthest_sum__ninit-1,7,division_zscore,"z-score within division, then recombined",3000,role_only_height_025,nnls,furthest_sum,0.263311535831513,0.021942627985959418,12,mins_per_game|eFG|three_pct|ft_pct,4,685,0.2283333333333333,382,303,0.4756498660866816,blk_pct=3.01; drb_pct=2.72; orb_pct=2.66; height_inches=1.88; usg=1.16,three_share=-1.56; three_pa_per_100_team_poss=-1.45; ast_tov=-1.05; stl_pct=-0.85; tov_pct=-0.73,ast_tov,-1.0504982612688911
role_only_height_025,k7__division_zscore__role_only_height_025__method-nnls__init-furthest_sum__ninit-1,7,division_zscore,"z-score within division, then recombined",3000,role_only_height_025,nnls,furthest_sum,0.263311535831513,0.021942627985959418,12,mins_per_game|eFG|three_pct|ft_pct,5,413,0.1376666666666666,247,166,0.4565209745922705,ast_pct=3.02; usg=1.94; ast_tov=1.43; three_pa_per_100_team_poss=0.23; tov_pct=0.16,height_inches=-1.46; orb_pct=-1.04; drb_pct=-0.65; blk_pct=-0.60; stl_pct=-0.43,ast_tov,1.4328972736038008
role_only_height_025,k7__division_zscore__role_only_height_025__method-nnls__init-furthest_sum__ninit-1,7,division_zscore,"z-score within division, then recombined",3000,role_only_height_025,nnls,furthest_sum,0.263311535831513,0.021942627985959418,12,mins_per_game|eFG|three_pct|ft_pct,6,678,0.226,365,313,0.4478373137453988,three_pa_per_100_team_poss=2.48; three_share=2.14; usg=0.49; height_inches=-0.10; blk_pct=-0.44,tov_pct=-1.73; stl_pct=-1.56; FTR=-1.51; ast_tov=-1.40; ast_pct=-1.37,ast_tov,-1.3990814330209655
role_only_height_025,k7__division_zscore__role_only_height_025__method-nnls__init-furthest_sum__ninit-1,7,division_zscore,"z-score within division, then recombined",3000,role_only_height_025,nnls,furthest_sum,0.263311535831513,0.021942627985959418,12,mins_per_game|eFG|three_pct|ft_pct,7,373,0.1243333333333333,188,185,0.4477413622519844,stl_pct=3.49; ast_pct=1.68; usg=1.54; FTR=0.84; tov_pct=0.49,height_inches=-1.37; orb_pct=-0.44; blk_pct=-0.38; three_share=-0.31; drb_pct=-0.21,ast_tov,0.0376524633671396
role_only_height_025,k8__division_zscore__role_only_height_025__method-nnls__init-furthest_first__ninit-1,8,division_zscore,"z-score within division, then recombined",3000,role_only_height_025,nnls,furthest_first,0.2447094773685976,0.020392456447383134,12,mins_per_game|eFG|three_pct|ft_pct,1,766,0.2553333333333333,411,355,0.4782242069768341,blk_pct=2.78; drb_pct=2.72; orb_pct=2.61; height_inches=2.02; usg=1.09,three_share=-1.56; three_pa_per_100_team_poss=-1.46; ast_tov=-1.11; stl_pct=-0.88; ast_pct=-0.74,ast_tov,-1.1126160366630369
role_only_height_025,k8__division_zscore__role_only_height_025__method-nnls__init-furthest_first__ninit-1,8,division_zscore,"z-score within division, then recombined",3000,role_only_height_025,nnls,furthest_first,0.2447094773685976,0.020392456447383134,12,mins_per_game|eFG|three_pct|ft_pct,2,386,0.1286666666666666,228,158,0.4493649554366586,ast_pct=3.02; usg=2.17; ast_tov=1.11; three_pa_per_100_team_poss=0.13; tov_pct=0.10,height_inches=-1.40; orb_pct=-1.03; blk_pct=-0.64; drb_pct=-0.59; three_share=-0.49,ast_tov,1.1095217008583806
role_only_height_025,k8__division_zscore__role_only_height_025__method-nnls__init-furthest_first__ninit-1,8,division_zscore,"z-score within division, then recombined",3000,role_only_height_025,nnls,furthest_first,0.2447094773685976,0.020392456447383134,12,mins_per_game|eFG|three_pct|ft_pct,3,343,0.1143333333333333,170,173,0.4309408019064346,stl_pct=3.53; usg=1.76; ast_pct=1.11; FTR=0.85; tov_pct=0.37,height_inches=-1.01; drb_pct=-0.78; three_share=-0.54; blk_pct=-0.41; ast_tov=-0.26,ast_tov,-0.2576044118332571
role_only_height_025,k8__division_zscore__role_only_height_025__method-nnls__init-furthest_first__ninit-1,8,division_zscore,"z-score within division, then recombined",3000,role_only_height_025,nnls,furthest_first,0.2447094773685976,0.020392456447383134,12,mins_per_game|eFG|three_pct|ft_pct,4,180,0.06,87,93,0.3891629696383583,tov_pct=3.94; blk_pct=0.49; stl_pct=0.07; height_inches=-0.49; drb_pct=-0.82,usg=-2.13; FTR=-1.95; three_share=-1.60; three_pa_per_100_team_poss=-1.47; orb_pct=-1.11,ast_tov,-0.8617533872639319
role_only_height_025,k8__division_zscore__role_only_height_025__method-nnls__init-furthest_first__ninit-1,8,division_zscore,"z-score within division, then recombined",3000,role_only_height_025,nnls,furthest_first,0.2447094773685976,0.020392456447383134,12,mins_per_game|eFG|three_pct|ft_pct,5,101,0.0336666666666666,54,47,0.3613966317042416,ast_tov=3.61; FTR=3.56; three_share=0.52; height_inches=0.18; ast_pct=-0.06,tov_pct=-2.33; usg=-2.19; drb_pct=-1.90; three_pa_per_100_team_poss=-1.22; stl_pct=-0.91,ast_tov,3.6052039301839103
role_only_height_025,k8__division_zscore__role_only_height_025__method-nnls__init-furthest_first__ninit-1,8,division_zscore,"z-score within division, then recombined",3000,role_only_height_025,nnls,furthest_first,0.2447094773685976,0.020392456447383134,12,mins_per_game|eFG|three_pct|ft_pct,6,955,0.3183333333333333,530,425,0.449595980804347,three_pa_per_100_team_poss=2.47; three_share=2.22; usg=0.15; height_inches=-0.12; blk_pct=-0.71,FTR=-1.82; tov_pct=-1.79; stl_pct=-1.61; ast_pct=-1.40; ast_tov=-1.34,ast_tov,-1.3372297996786393
role_only_height_025,k8__division_zscore__role_only_height_025__method-nnls__init-furthest_first__ninit-1,8,division_zscore,"z-score within division, then recombined",3000,role_only_height_025,nnls,furthest_first,0.2447094773685976,0.020392456447383134,12,mins_per_game|eFG|three_pct|ft_pct,7,163,0.0543333333333333,95,68,0.4262992627745987,FTR=3.41; tov_pct=3.24; height_inches=0.65; drb_pct=0.13; orb_pct=0.07,usg=-1.41; ast_tov=-1.35; ast_pct=-1.21; three_pa_per_100_team_poss=-1.09; stl_pct=-0.95,ast_tov,-1.3501865977263037
role_only_height_025,k8__division_zscore__role_only_height_025__method-nnls__init-furthest_first__ninit-1,8,division_zscore,"z-score within division, then recombined",3000,role_only_height_025,nnls,furthest_first,0.2447094773685976,0.020392456447383134,12,mins_per_game|eFG|three_pct|ft_pct,8,106,0.0353333333333333,53,53,0.3601115726474856,ast_tov=3.32; ast_pct=3.03; three_share=2.13; drb_pct=2.09; stl_pct=1.69,FTR=-1.95; orb_pct=-1.51; usg=-1.33; blk_pct=-0.90; height_inches=-0.05,ast_tov,3.3186736921433444
quality_lite_no_height,k6__division_zscore__quality_lite_no_height__method-nnls__init-aa_plus_plus__ninit-1,6,division_zscore,"z-score within division, then recombined",3000,quality_lite_no_height,nnls,aa_plus_plus,0.3318744542043277,0.023705318157451978,14,height_inches|mins_per_game,1,839,0.2796666666666667,465,374,0.4819226714238443,three_pa_per_100_team_poss=2.47; three_share=1.97; ft_pct=0.74; three_pct=0.68; eFG=0.47,tov_pct=-1.51; ast_pct=-1.38; ast_tov=-1.30; FTR=-1.17; stl_pct=-0.92,ast_tov,-1.299905296634684
quality_lite_no_height,k6__division_zscore__quality_lite_no_height__method-nnls__init-aa_plus_plus__ninit-1,6,division_zscore,"z-score within division, then recombined",3000,quality_lite_no_height,nnls,aa_plus_plus,0.3318744542043277,0.023705318157451978,14,height_inches|mins_per_game,2,210,0.07,106,104,0.4407402226984385,tov_pct=3.78; stl_pct=-0.12; blk_pct=-0.13; ast_pct=-0.39; ast_tov=-0.44,ft_pct=-3.01; eFG=-2.10; usg=-1.92; FTR=-1.75; three_pa_per_100_team_poss=-1.21,ast_tov,-0.4430873091466518
quality_lite_no_height,k6__division_zscore__quality_lite_no_height__method-nnls__init-aa_plus_plus__ninit-1,6,division_zscore,"z-score within division, then recombined",3000,quality_lite_no_height,nnls,aa_plus_plus,0.3318744542043277,0.023705318157451978,14,height_inches|mins_per_game,3,459,0.153,256,203,0.4720511160361476,blk_pct=3.64; orb_pct=2.92; drb_pct=2.71; eFG=0.64; usg=0.51,three_pct=-1.93; three_share=-1.55; three_pa_per_100_team_poss=-1.45; ast_tov=-1.02; ast_pct=-0.89,ast_tov,-1.0152724115439633
quality_lite_no_height,k6__division_zscore__quality_lite_no_height__method-nnls__init-aa_plus_plus__ninit-1,6,division_zscore,"z-score within division, then recombined",3000,quality_lite_no_height,nnls,aa_plus_plus,0.3318744542043277,0.023705318157451978,14,height_inches|mins_per_game,4,742,0.2473333333333333,404,338,0.5061546064784389,ast_pct=2.68; usg=2.23; stl_pct=1.71; ft_pct=0.73; FTR=0.51,orb_pct=-0.73; blk_pct=-0.54; three_share=-0.35; eFG=-0.26; drb_pct=-0.23,ast_tov,0.4076920384565284
quality_lite_no_height,k6__division_zscore__quality_lite_no_height__method-nnls__init-aa_plus_plus__ninit-1,6,division_zscore,"z-score within division, then recombined",3000,quality_lite_no_height,nnls,aa_plus_plus,0.3318744542043277,0.023705318157451978,14,height_inches|mins_per_game,5,385,0.1283333333333333,207,178,0.4905553136314093,FTR=3.54; orb_pct=0.68; tov_pct=0.54; eFG=0.35; drb_pct=-0.29,three_pct=-1.58; three_pa_per_100_team_poss=-1.32; three_share=-1.23; ast_pct=-1.21; usg=-1.21,ast_tov,-1.0963905403684446
quality_lite_no_height,k6__division_zscore__quality_lite_no_height__method-nnls__init-aa_plus_plus__ninit-1,6,division_zscore,"z-score within division, then recombined",3000,quality_lite_no_height,nnls,aa_plus_plus,0.3318744542043277,0.023705318157451978,14,height_inches|mins_per_game,6,365,0.1216666666666666,190,175,0.4750526939685237,ast_tov=3.61; three_share=1.39; three_pa_per_100_team_poss=0.62; three_pct=0.46; ast_pct=0.34,tov_pct=-1.81; usg=-1.64; drb_pct=-1.04; orb_pct=-1.01; FTR=-0.97,ast_tov,3.6052039249245342
quality_lite_no_height,k7__division_zscore__quality_lite_no_height__method-nnls__init-uniform__ninit-1,7,division_zscore,"z-score within division, then recombined",3000,quality_lite_no_height,nnls,uniform,0.3057733967215648,0.0218409569086832,14,height_inches|mins_per_game,1,410,0.1366666666666666,223,187,0.4745940911079103,FTR=3.55; orb_pct=0.95; eFG=0.61; tov_pct=0.42; blk_pct=-0.15,three_pct=-1.71; three_pa_per_100_team_poss=-1.36; usg=-1.32; three_share=-1.32; ast_pct=-1.15,ast_tov,-0.8315509180885552
quality_lite_no_height,k7__division_zscore__quality_lite_no_height__method-nnls__init-uniform__ninit-1,7,division_zscore,"z-score within division, then recombined",3000,quality_lite_no_height,nnls,uniform,0.3057733967215648,0.0218409569086832,14,height_inches|mins_per_game,2,836,0.2786666666666667,458,378,0.4601655417019247,three_pa_per_100_team_poss=2.44; three_share=1.96; ft_pct=0.84; three_pct=0.69; usg=0.59,tov_pct=-1.62; ast_tov=-1.34; stl_pct=-1.33; ast_pct=-1.32; FTR=-0.98,ast_tov,-1.335050468082192
quality_lite_no_height,k7__division_zscore__quality_lite_no_height__method-nnls__init-uniform__ninit-1,7,division_zscore,"z-score within division, then recombined",3000,quality_lite_no_height,nnls,uniform,0.3057733967215648,0.0218409569086832,14,height_inches|mins_per_game,3,389,0.1296666666666666,219,170,0.4576771015188351,blk_pct=3.93; orb_pct=2.92; drb_pct=2.71; eFG=0.49; usg=0.05,three_pct=-1.93; three_share=-1.55; three_pa_per_100_team_poss=-1.45; ast_pct=-1.16; ast_tov=-1.08,ast_tov,-1.0797149209547103
quality_lite_no_height,k7__division_zscore__quality_lite_no_height__method-nnls__init-uniform__ninit-1,7,division_zscore,"z-score within division, then recombined",3000,quality_lite_no_height,nnls,uniform,0.3057733967215648,0.0218409569086832,14,height_inches|mins_per_game,4,335,0.1116666666666666,174,161,0.469291657365989,ast_tov=3.61; three_share=1.69; three_pa_per_100_team_poss=0.96; three_pct=0.46; stl_pct=0.38,tov_pct=-1.85; usg=-1.57; drb_pct=-1.20; FTR=-1.19; orb_pct=-0.99,ast_tov,3.6052039256265664
quality_lite_no_height,k7__division_zscore__quality_lite_no_height__method-nnls__init-uniform__ninit-1,7,division_zscore,"z-score within division, then recombined",3000,quality_lite_no_height,nnls,uniform,0.3057733967215648,0.0218409569086832,14,height_inches|mins_per_game,5,339,0.113,178,161,0.4399483238331194,stl_pct=3.47; usg=1.59; ast_pct=1.55; FTR=0.80; three_pct=0.51,drb_pct=-0.83; orb_pct=-0.69; blk_pct=-0.57; eFG=-0.42; three_share=-0.10,ast_tov,-0.0129338240941905
quality_lite_no_height,k7__division_zscore__quality_lite_no_height__method-nnls__init-uniform__ninit-1,7,division_zscore,"z-score within division, then recombined",3000,quality_lite_no_height,nnls,uniform,0.3057733967215648,0.0218409569086832,14,height_inches|mins_per_game,6,224,0.0746666666666666,112,112,0.4250744613967529,tov_pct=3.79; stl_pct=-0.11; blk_pct=-0.11; ast_pct=-0.42; ast_tov=-0.45,ft_pct=-3.10; eFG=-2.15; usg=-1.94; FTR=-1.76; three_pct=-1.24,ast_tov,-0.4510287839246827
quality_lite_no_height,k7__division_zscore__quality_lite_no_height__method-nnls__init-uniform__ninit-1,7,division_zscore,"z-score within division, then recombined",3000,quality_lite_no_height,nnls,uniform,0.3057733967215648,0.0218409569086832,14,height_inches|mins_per_game,7,467,0.1556666666666666,264,203,0.4500973109087519,ast_pct=3.02; usg=2.12; ast_tov=1.05; ft_pct=0.66; FTR=0.21,orb_pct=-0.76; three_share=-0.65; blk_pct=-0.58; stl_pct=-0.30; three_pa_per_100_team_poss=-0.18,ast_tov,1.0479440604786612
quality_lite_no_height,k8__division_zscore__quality_lite_no_height__method-nnls__init-uniform__ninit-1,8,division_zscore,"z-score within division, then recombined",3000,quality_lite_no_height,nnls,uniform,0.2783043367516002,0.019878881196542873,14,height_inches|mins_per_game,1,241,0.0803333333333333,113,128,0.435758447968365,stl_pct=3.42; FTR=2.22; tov_pct=1.44; ast_pct=1.32; usg=0.93,three_share=-0.62; three_pa_per_100_team_poss=-0.58; orb_pct=-0.51; drb_pct=-0.47; blk_pct=-0.27,ast_tov,-0.0037532965745386
quality_lite_no_height,k8__division_zscore__quality_lite_no_height__method-nnls__init-uniform__ninit-1,8,division_zscore,"z-score within division, then recombined",3000,quality_lite_no_height,nnls,uniform,0.2783043367516002,0.019878881196542873,14,height_inches|mins_per_game,2,189,0.063,107,82,0.4564765187094199,FTR=3.56; tov_pct=0.65; orb_pct=0.39; eFG=0.32; blk_pct=0.30,usg=-2.08; three_pct=-1.70; stl_pct=-1.67; three_pa_per_100_team_poss=-1.33; three_share=-1.23,ast_tov,-0.3155718798434492
quality_lite_no_height,k8__division_zscore__quality_lite_no_height__method-nnls__init-uniform__ninit-1,8,division_zscore,"z-score within division, then recombined",3000,quality_lite_no_height,nnls,uniform,0.2783043367516002,0.019878881196542873,14,height_inches|mins_per_game,3,488,0.1626666666666666,284,204,0.454393699196468,ast_pct=3.03; usg=2.02; ast_tov=1.49; ft_pct=1.05; three_pa_per_100_team_poss=0.45,orb_pct=-0.98; drb_pct=-0.65; blk_pct=-0.59; FTR=-0.46; stl_pct=-0.40,ast_tov,1.4886414036778552
quality_lite_no_height,k8__division_zscore__quality_lite_no_height__method-nnls__init-uniform__ninit-1,8,division_zscore,"z-score within division, then recombined",3000,quality_lite_no_height,nnls,uniform,0.2783043367516002,0.019878881196542873,14,height_inches|mins_per_game,4,247,0.0823333333333333,144,103,0.482946233677228,blk_pct=4.02; orb_pct=2.28; drb_pct=2.05; eFG=1.12; tov_pct=-0.29,three_pct=-1.94; three_share=-1.55; three_pa_per_100_team_poss=-1.45; ast_pct=-1.13; ast_tov=-1.12,ast_tov,-1.117673628997682
quality_lite_no_height,k8__division_zscore__quality_lite_no_height__method-nnls__init-uniform__ninit-1,8,division_zscore,"z-score within division, then recombined",3000,quality_lite_no_height,nnls,uniform,0.2783043367516002,0.019878881196542873,14,height_inches|mins_per_game,5,929,0.3096666666666666,517,412,0.4733175390766912,three_pa_per_100_team_poss=2.49; three_share=1.97; ft_pct=0.87; three_pct=0.64; usg=0.44,tov_pct=-1.48; ast_pct=-1.35; FTR=-1.23; ast_tov=-1.19; orb_pct=-0.85,ast_tov,-1.1866712746954042
quality_lite_no_height,k8__division_zscore__quality_lite_no_height__method-nnls__init-uniform__ninit-1,8,division_zscore,"z-score within division, then recombined",3000,quality_lite_no_height,nnls,uniform,0.2783043367516002,0.019878881196542873,14,height_inches|mins_per_game,6,279,0.093,143,136,0.468210645804107,ast_tov=3.59; three_share=1.56; three_pa_per_100_team_poss=0.77; three_pct=0.49; stl_pct=0.38,tov_pct=-1.89; usg=-1.64; FTR=-1.16; drb_pct=-1.11; orb_pct=-0.95,ast_tov,3.5924314270977935
quality_lite_no_height,k8__division_zscore__quality_lite_no_height__method-nnls__init-uniform__ninit-1,8,division_zscore,"z-score within division, then recombined",3000,quality_lite_no_height,nnls,uniform,0.2783043367516002,0.019878881196542873,14,height_inches|mins_per_game,7,199,0.0663333333333333,95,104,0.416259482813419,tov_pct=3.81; stl_pct=0.02; ast_tov=-0.24; drb_pct=-0.34; ast_pct=-0.55,ft_pct=-3.27; eFG=-2.36; usg=-1.99; FTR=-1.80; three_pct=-1.45,ast_tov,-0.2406308538716303
quality_lite_no_height,k8__division_zscore__quality_lite_no_height__method-nnls__init-uniform__ninit-1,8,division_zscore,"z-score within division, then recombined",3000,quality_lite_no_height,nnls,uniform,0.2783043367516002,0.019878881196542873,14,height_inches|mins_per_game,8,428,0.1426666666666666,225,203,0.4376478601277311,orb_pct=2.78; drb_pct=2.65; FTR=1.72; usg=1.37; blk_pct=0.73,three_share=-1.31; three_pa_per_100_team_poss=-1.19; ast_tov=-1.02; tov_pct=-0.76; ast_pct=-0.66,ast_tov,-1.018279244600197
quality_lite_height_025,k6__division_zscore__quality_lite_height_025__method-nnls__init-uniform__ninit-1,6,division_zscore,"z-score within division, then recombined",3000,quality_lite_height_025,nnls,uniform,0.3613318451462657,0.024088789676417713,15,mins_per_game,1,391,0.1303333333333333,203,188,0.4777166882017243,ast_tov=3.59; three_share=1.42; three_pa_per_100_team_poss=0.75; three_pct=0.49; ast_pct=0.40,tov_pct=-1.67; usg=-1.48; drb_pct=-1.14; FTR=-1.05; orb_pct=-0.97,ast_tov,3.5933933913557405
quality_lite_height_025,k6__division_zscore__quality_lite_height_025__method-nnls__init-uniform__ninit-1,6,division_zscore,"z-score within division, then recombined",3000,quality_lite_height_025,nnls,uniform,0.3613318451462657,0.024088789676417713,15,mins_per_game,2,326,0.1086666666666666,172,154,0.4943497310566704,FTR=3.52; tov_pct=0.75; orb_pct=0.52; height_inches=0.33; eFG=0.23,three_pct=-1.55; usg=-1.42; three_pa_per_100_team_poss=-1.31; three_share=-1.25; ast_pct=-1.19,ast_tov,-0.9899474560474844
quality_lite_height_025,k6__division_zscore__quality_lite_height_025__method-nnls__init-uniform__ninit-1,6,division_zscore,"z-score within division, then recombined",3000,quality_lite_height_025,nnls,uniform,0.3613318451462657,0.024088789676417713,15,mins_per_game,3,697,0.2323333333333333,378,319,0.5064797994274349,ast_pct=2.65; usg=2.21; stl_pct=1.82; ft_pct=0.87; FTR=0.53,height_inches=-1.49; orb_pct=-0.79; blk_pct=-0.56; eFG=-0.27; drb_pct=-0.27,ast_tov,0.4017416421420025
quality_lite_height_025,k6__division_zscore__quality_lite_height_025__method-nnls__init-uniform__ninit-1,6,division_zscore,"z-score within division, then recombined",3000,quality_lite_height_025,nnls,uniform,0.3613318451462657,0.024088789676417713,15,mins_per_game,4,184,0.0613333333333333,98,86,0.4379973419907649,tov_pct=3.82; blk_pct=-0.03; stl_pct=-0.04; ast_tov=-0.53; ast_pct=-0.56,ft_pct=-3.26; eFG=-2.36; usg=-1.99; FTR=-1.80; three_pct=-1.44,ast_tov,-0.5256448608919269
quality_lite_height_025,k6__division_zscore__quality_lite_height_025__method-nnls__init-uniform__ninit-1,6,division_zscore,"z-score within division, then recombined",3000,quality_lite_height_025,nnls,uniform,0.3613318451462657,0.024088789676417713,15,mins_per_game,5,803,0.2676666666666666,443,360,0.480580169897724,three_pa_per_100_team_poss=2.48; three_share=1.98; ft_pct=0.71; three_pct=0.67; usg=0.50,tov_pct=-1.54; ast_pct=-1.33; ast_tov=-1.24; FTR=-1.18; stl_pct=-0.95,ast_tov,-1.2445783234619376
quality_lite_height_025,k6__division_zscore__quality_lite_height_025__method-nnls__init-uniform__ninit-1,6,division_zscore,"z-score within division, then recombined",3000,quality_lite_height_025,nnls,uniform,0.3613318451462657,0.024088789676417713,15,mins_per_game,6,599,0.1996666666666666,334,265,0.4881832539556246,blk_pct=3.07; drb_pct=2.70; orb_pct=2.65; height_inches=1.84; usg=1.04,three_pct=-1.94; three_share=-1.56; three_pa_per_100_team_poss=-1.45; ast_tov=-1.06; stl_pct=-0.79,ast_tov,-1.0608176797178044
quality_lite_height_025,k7__division_zscore__quality_lite_height_025__method-nnls__init-furthest_first__ninit-1,7,division_zscore,"z-score within division, then recombined",3000,quality_lite_height_025,nnls,furthest_first,0.3332879083767823,0.022219193891785487,15,mins_per_game,1,398,0.1326666666666666,205,193,0.4805340497010158,ast_tov=3.61; three_share=1.24; three_pa_per_100_team_poss=0.62; ast_pct=0.62; three_pct=0.56,tov_pct=-1.50; usg=-1.35; drb_pct=-1.08; orb_pct=-0.97; FTR=-0.89,ast_tov,3.6052039248081647
quality_lite_height_025,k7__division_zscore__quality_lite_height_025__method-nnls__init-furthest_first__ninit-1,7,division_zscore,"z-score within division, then recombined",3000,quality_lite_height_025,nnls,furthest_first,0.3332879083767823,0.022219193891785487,15,mins_per_game,2,222,0.074,127,95,0.5051952142821888,blk_pct=4.04; height_inches=1.77; orb_pct=1.71; eFG=1.28; drb_pct=0.94,three_pct=-1.99; three_share=-1.52; three_pa_per_100_team_poss=-1.42; ast_tov=-1.29; ast_pct=-1.28,ast_tov,-1.2860286932798843
quality_lite_height_025,k7__division_zscore__quality_lite_height_025__method-nnls__init-furthest_first__ninit-1,7,division_zscore,"z-score within division, then recombined",3000,quality_lite_height_025,nnls,furthest_first,0.3332879083767823,0.022219193891785487,15,mins_per_game,3,273,0.091,147,126,0.4735424091120179,FTR=3.53; tov_pct=0.94; orb_pct=0.11; height_inches=-0.00; eFG=-0.04,usg=-1.66; three_pct=-1.58; three_pa_per_100_team_poss=-1.30; ast_pct=-1.28; three_share=-1.16,ast_tov,-1.0521985133214156
quality_lite_height_025,k7__division_zscore__quality_lite_height_025__method-nnls__init-furthest_first__ninit-1,7,division_zscore,"z-score within division, then recombined",3000,quality_lite_height_025,nnls,furthest_first,0.3332879083767823,0.022219193891785487,15,mins_per_game,4,175,0.0583333333333333,92,83,0.4269945695100422,tov_pct=3.83; stl_pct=0.05; ast_tov=-0.21; drb_pct=-0.34; ast_pct=-0.56,ft_pct=-3.37; eFG=-2.40; usg=-2.00; FTR=-1.81; three_pct=-1.47,ast_tov,-0.2091479006723336
quality_lite_height_025,k7__division_zscore__quality_lite_height_025__method-nnls__init-furthest_first__ninit-1,7,division_zscore,"z-score within division, then recombined",3000,quality_lite_height_025,nnls,furthest_first,0.3332879083767823,0.022219193891785487,15,mins_per_game,5,854,0.2846666666666667,482,372,0.4805535786718281,three_pa_per_100_team_poss=2.48; three_share=2.02; ft_pct=0.65; three_pct=0.63; eFG=0.40,tov_pct=-1.55; FTR=-1.32; ast_pct=-1.31; ast_tov=-1.13; stl_pct=-0.81,ast_tov,-1.1256328237269986
quality_lite_height_025,k7__division_zscore__quality_lite_height_025__method-nnls__init-furthest_first__ninit-1,7,division_zscore,"z-score within division, then recombined",3000,quality_lite_height_025,nnls,furthest_first,0.3332879083767823,0.022219193891785487,15,mins_per_game,6,593,0.1976666666666666,321,272,0.4906332213699976,ast_pct=2.50; stl_pct=2.28; usg=2.21; ft_pct=1.07; three_pa_per_100_team_poss=0.48,height_inches=-1.63; orb_pct=-0.88; blk_pct=-0.46; drb_pct=-0.41; eFG=-0.26,ast_tov,0.267717288497951
quality_lite_height_025,k7__division_zscore__quality_lite_height_025__method-nnls__init-furthest_first__ninit-1,7,division_zscore,"z-score within division, then recombined",3000,quality_lite_height_025,nnls,furthest_first,0.3332879083767823,0.022219193891785487,15,mins_per_game,7,485,0.1616666666666666,254,231,0.4543727744579504,orb_pct=2.80; drb_pct=2.70; usg=2.00; height_inches=1.69; blk_pct=1.51,three_share=-1.45; three_pa_per_100_team_poss=-1.33; three_pct=-0.82; stl_pct=-0.70; ast_tov=-0.62,ast_tov,-0.6229859203830341
quality_lite_height_025,k8__division_zscore__quality_lite_height_025__method-nnls__init-aa_plus_plus__ninit-1,8,division_zscore,"z-score within division, then recombined",3000,quality_lite_height_025,nnls,aa_plus_plus,0.3103732990195132,0.02069155326796755,15,mins_per_game,1,911,0.3036666666666666,501,410,0.4645766389877503,three_pa_per_100_team_poss=2.49; three_share=2.00; ft_pct=0.81; three_pct=0.68; usg=0.53,tov_pct=-1.58; ast_pct=-1.29; FTR=-1.23; ast_tov=-1.22; stl_pct=-0.94,ast_tov,-1.2192089106884485
quality_lite_height_025,k8__division_zscore__quality_lite_height_025__method-nnls__init-aa_plus_plus__ninit-1,8,division_zscore,"z-score within division, then recombined",3000,quality_lite_height_025,nnls,aa_plus_plus,0.3103732990195132,0.02069155326796755,15,mins_per_game,2,173,0.0576666666666666,93,80,0.4312188994505668,FTR=3.56; orb_pct=0.15; stl_pct=0.09; height_inches=-0.22; blk_pct=-0.68,three_pct=-1.93; ast_pct=-1.40; three_pa_per_100_team_poss=-1.32; three_share=-1.27; ft_pct=-1.23,ast_tov,-1.2019020147184862
quality_lite_height_025,k8__division_zscore__quality_lite_height_025__method-nnls__init-aa_plus_plus__ninit-1,8,division_zscore,"z-score within division, then recombined",3000,quality_lite_height_025,nnls,aa_plus_plus,0.3103732990195132,0.02069155326796755,15,mins_per_game,3,296,0.0986666666666666,150,146,0.4639393315254951,ast_tov=3.60; three_share=1.74; three_pa_per_100_team_poss=1.00; three_pct=0.46; stl_pct=0.45,tov_pct=-1.88; usg=-1.58; FTR=-1.29; drb_pct=-1.25; orb_pct=-0.99,ast_tov,3.598674164451564
quality_lite_height_025,k8__division_zscore__quality_lite_height_025__method-nnls__init-aa_plus_plus__ninit-1,8,division_zscore,"z-score within division, then recombined",3000,quality_lite_height_025,nnls,aa_plus_plus,0.3103732990195132,0.02069155326796755,15,mins_per_game,4,318,0.106,160,158,0.4405207440516877,stl_pct=3.44; ast_pct=1.70; usg=1.64; FTR=0.62; tov_pct=0.39,height_inches=-1.04; three_share=-0.55; blk_pct=-0.38; eFG=-0.18; orb_pct=-0.15,ast_tov,0.0776608205700216
quality_lite_height_025,k8__division_zscore__quality_lite_height_025__method-nnls__init-aa_plus_plus__ninit-1,8,division_zscore,"z-score within division, then recombined",3000,quality_lite_height_025,nnls,aa_plus_plus,0.3103732990195132,0.02069155326796755,15,mins_per_game,5,394,0.1313333333333333,234,160,0.45240876322191,ast_pct=3.01; usg=2.09; ast_tov=1.48; ft_pct=0.91; three_pct=0.57,height_inches=-1.79; drb_pct=-0.90; orb_pct=-0.86; blk_pct=-0.64; FTR=-0.42,ast_tov,1.4803690369580205
quality_lite_height_025,k8__division_zscore__quality_lite_height_025__method-nnls__init-aa_plus_plus__ninit-1,8,division_zscore,"z-score within division, then recombined",3000,quality_lite_height_025,nnls,aa_plus_plus,0.3103732990195132,0.02069155326796755,15,mins_per_game,6,128,0.0426666666666666,67,61,0.4026688218899011,tov_pct=3.94; blk_pct=0.28; stl_pct=0.10; height_inches=-0.53; drb_pct=-0.72,ft_pct=-3.97; eFG=-3.17; usg=-2.13; three_pct=-2.08; FTR=-1.95,ast_tov,-0.7547616118245012
quality_lite_height_025,k8__division_zscore__quality_lite_height_025__method-nnls__init-aa_plus_plus__ninit-1,8,division_zscore,"z-score within division, then recombined",3000,quality_lite_height_025,nnls,aa_plus_plus,0.3103732990195132,0.02069155326796755,15,mins_per_game,7,706,0.2353333333333333,390,316,0.4885986109697126,blk_pct=2.87; orb_pct=2.65; drb_pct=2.60; height_inches=1.99; eFG=1.26,three_pct=-1.81; three_share=-1.55; three_pa_per_100_team_poss=-1.45; ast_tov=-1.03; stl_pct=-1.01,ast_tov,-1.0279202968393877
quality_lite_height_025,k8__division_zscore__quality_lite_height_025__method-nnls__init-aa_plus_plus__ninit-1,8,division_zscore,"z-score within division, then recombined",3000,quality_lite_height_025,nnls,aa_plus_plus,0.3103732990195132,0.02069155326796755,15,mins_per_game,8,74,0.0246666666666666,33,41,0.3686186568139477,tov_pct=3.57; FTR=3.10; eFG=2.23; three_pct=1.57; ast_pct=1.12,usg=-1.60; orb_pct=-1.51; stl_pct=-1.25; three_pa_per_100_team_poss=-1.13; height_inches=-1.04,ast_tov,0.5476631942782655
role_only_no_height,k6__division_zscore__role_only_no_height__method-nnls__init-uniform__ninit-1,6,division_zscore,"z-score within division, then recombined",3000,role_only_no_height,nnls,uniform,0.2677347352386173,0.024339521385328845,11,height_inches|mins_per_game|eFG|three_pct|ft_pct,1,309,0.103,166,143,0.456535662591947,ast_tov=3.61; three_share=1.83; three_pa_per_100_team_poss=0.65; stl_pct=0.48; ast_pct=-0.02,tov_pct=-2.10; usg=-1.93; FTR=-1.50; drb_pct=-1.13; orb_pct=-1.06,FTR,-1.4985510860078644
role_only_no_height,k6__division_zscore__role_only_no_height__method-nnls__init-uniform__ninit-1,6,division_zscore,"z-score within division, then recombined",3000,role_only_no_height,nnls,uniform,0.2677347352386173,0.024339521385328845,11,height_inches|mins_per_game|eFG|three_pct|ft_pct,2,415,0.1383333333333333,223,192,0.4794788410924968,FTR=3.56; orb_pct=0.65; tov_pct=0.49; drb_pct=-0.45; blk_pct=-0.49,three_share=-1.41; three_pa_per_100_team_poss=-1.38; usg=-1.22; ast_pct=-1.20; ast_tov=-1.03,FTR,3.5624833484563783
role_only_no_height,k6__division_zscore__role_only_no_height__method-nnls__init-uniform__ninit-1,6,division_zscore,"z-score within division, then recombined",3000,role_only_no_height,nnls,uniform,0.2677347352386173,0.024339521385328845,11,height_inches|mins_per_game|eFG|three_pct|ft_pct,3,800,0.2666666666666666,433,367,0.505250294172251,ast_pct=2.70; usg=2.10; stl_pct=1.74; ast_tov=0.74; FTR=0.70,orb_pct=-0.75; blk_pct=-0.63; three_share=-0.38; drb_pct=-0.30; three_pa_per_100_team_poss=0.11,FTR,0.7041213918830126
role_only_no_height,k6__division_zscore__role_only_no_height__method-nnls__init-uniform__ninit-1,6,division_zscore,"z-score within division, then recombined",3000,role_only_no_height,nnls,uniform,0.2677347352386173,0.024339521385328845,11,height_inches|mins_per_game|eFG|three_pct|ft_pct,4,262,0.0873333333333333,135,127,0.4408056532664042,tov_pct=3.80; blk_pct=-0.10; stl_pct=-0.11; ast_pct=-0.43; ast_tov=-0.43,usg=-1.99; FTR=-1.77; three_pa_per_100_team_poss=-1.14; orb_pct=-0.97; three_share=-0.78,FTR,-1.773064752585978
role_only_no_height,k6__division_zscore__role_only_no_height__method-nnls__init-uniform__ninit-1,6,division_zscore,"z-score within division, then recombined",3000,role_only_no_height,nnls,uniform,0.2677347352386173,0.024339521385328845,11,height_inches|mins_per_game|eFG|three_pct|ft_pct,5,702,0.234,382,320,0.462743349163797,three_pa_per_100_team_poss=2.47; three_share=2.14; usg=0.44; blk_pct=-0.46; drb_pct=-0.85,tov_pct=-1.66; FTR=-1.52; stl_pct=-1.45; ast_tov=-1.40; ast_pct=-1.37,FTR,-1.521930396287371
role_only_no_height,k6__division_zscore__role_only_no_height__method-nnls__init-uniform__ninit-1,6,division_zscore,"z-score within division, then recombined",3000,role_only_no_height,nnls,uniform,0.2677347352386173,0.024339521385328845,11,height_inches|mins_per_game|eFG|three_pct|ft_pct,6,512,0.1706666666666666,289,223,0.4625975811723234,blk_pct=3.64; orb_pct=2.93; drb_pct=2.72; usg=0.59; FTR=-0.34,three_share=-1.55; three_pa_per_100_team_poss=-1.45; ast_tov=-0.95; tov_pct=-0.91; ast_pct=-0.81,FTR,-0.3377588147846775
role_only_no_height,k7__division_zscore__role_only_no_height__method-nnls__init-aa_plus_plus__ninit-1,7,division_zscore,"z-score within division, then recombined",3000,role_only_no_height,nnls,aa_plus_plus,0.238495041324195,0.021681367393108636,11,height_inches|mins_per_game|eFG|three_pct|ft_pct,1,294,0.098,161,133,0.4389883262975242,ast_tov=3.61; three_share=2.21; three_pa_per_100_team_poss=1.08; stl_pct=0.69; ast_pct=-0.21,tov_pct=-2.22; usg=-1.87; FTR=-1.81; drb_pct=-1.35; orb_pct=-1.04,FTR,-1.807596887614968
role_only_no_height,k7__division_zscore__role_only_no_height__method-nnls__init-aa_plus_plus__ninit-1,7,division_zscore,"z-score within division, then recombined",3000,role_only_no_height,nnls,aa_plus_plus,0.238495041324195,0.021681367393108636,11,height_inches|mins_per_game|eFG|three_pct|ft_pct,2,673,0.2243333333333333,362,311,0.4457061235878949,three_pa_per_100_team_poss=2.48; three_share=2.10; usg=0.66; blk_pct=-0.39; drb_pct=-0.86,tov_pct=-1.73; stl_pct=-1.70; ast_tov=-1.40; FTR=-1.38; ast_pct=-1.36,FTR,-1.3820170444601263
role_only_no_height,k7__division_zscore__role_only_no_height__method-nnls__init-aa_plus_plus__ninit-1,7,division_zscore,"z-score within division, then recombined",3000,role_only_no_height,nnls,aa_plus_plus,0.238495041324195,0.021681367393108636,11,height_inches|mins_per_game|eFG|three_pct|ft_pct,3,163,0.0543333333333333,94,69,0.380094578821913,stl_pct=3.24; orb_pct=2.93; drb_pct=1.47; blk_pct=0.61; FTR=0.41,three_share=-1.55; ast_tov=-1.50; three_pa_per_100_team_poss=-1.45; ast_pct=-1.36; tov_pct=0.02,FTR,0.4055876722035385
role_only_no_height,k7__division_zscore__role_only_no_height__method-nnls__init-aa_plus_plus__ninit-1,7,division_zscore,"z-score within division, then recombined",3000,role_only_no_height,nnls,aa_plus_plus,0.238495041324195,0.021681367393108636,11,height_inches|mins_per_game|eFG|three_pct|ft_pct,4,450,0.15,252,198,0.4636975661184712,blk_pct=3.47; orb_pct=2.89; drb_pct=2.71; usg=0.78; FTR=-0.14,three_share=-1.55; three_pa_per_100_team_poss=-1.45; ast_tov=-0.96; tov_pct=-0.73; ast_pct=-0.71,FTR,-0.1396887576787681
role_only_no_height,k7__division_zscore__role_only_no_height__method-nnls__init-aa_plus_plus__ninit-1,7,division_zscore,"z-score within division, then recombined",3000,role_only_no_height,nnls,aa_plus_plus,0.238495041324195,0.021681367393108636,11,height_inches|mins_per_game|eFG|three_pct|ft_pct,5,320,0.1066666666666666,168,152,0.4237211426671816,tov_pct=3.75; blk_pct=-0.07; stl_pct=-0.20; ast_pct=-0.25; ast_tov=-0.40,usg=-1.95; FTR=-1.71; orb_pct=-1.05; three_pa_per_100_team_poss=-1.03; drb_pct=-0.56,FTR,-1.7129921469607154
role_only_no_height,k7__division_zscore__role_only_no_height__method-nnls__init-aa_plus_plus__ninit-1,7,division_zscore,"z-score within division, then recombined",3000,role_only_no_height,nnls,aa_plus_plus,0.238495041324195,0.021681367393108636,11,height_inches|mins_per_game|eFG|three_pct|ft_pct,6,770,0.2566666666666666,413,357,0.4917715389137663,ast_pct=2.83; usg=2.25; stl_pct=1.15; ast_tov=1.03; FTR=0.75,orb_pct=-0.77; blk_pct=-0.67; drb_pct=-0.37; three_share=-0.35; tov_pct=-0.14,FTR,0.7455000131239059
role_only_no_height,k7__division_zscore__role_only_no_height__method-nnls__init-aa_plus_plus__ninit-1,7,division_zscore,"z-score within division, then recombined",3000,role_only_no_height,nnls,aa_plus_plus,0.238495041324195,0.021681367393108636,11,height_inches|mins_per_game|eFG|three_pct|ft_pct,7,330,0.11,178,152,0.464452747318702,FTR=3.56; tov_pct=0.56; orb_pct=0.43; blk_pct=-0.50; ast_tov=-0.53,usg=-1.68; three_pa_per_100_team_poss=-1.33; stl_pct=-1.31; three_share=-1.24; ast_pct=-1.16,FTR,3.562483349726624
role_only_no_height,k8__division_zscore__role_only_no_height__method-nnls__init-furthest_sum__ninit-1,8,division_zscore,"z-score within division, then recombined",3000,role_only_no_height,nnls,furthest_sum,0.2143388262200273,0.0194853478381843,11,height_inches|mins_per_game|eFG|three_pct|ft_pct,1,174,0.058,96,78,0.4213632291929584,FTR=3.42; tov_pct=3.33; drb_pct=0.74; orb_pct=0.16; blk_pct=-0.02,usg=-1.72; stl_pct=-1.48; ast_pct=-1.36; ast_tov=-1.25; three_pa_per_100_team_poss=-1.11,FTR,3.417152548975721
role_only_no_height,k8__division_zscore__role_only_no_height__method-nnls__init-furthest_sum__ninit-1,8,division_zscore,"z-score within division, then recombined",3000,role_only_no_height,nnls,furthest_sum,0.2143388262200273,0.0194853478381843,11,height_inches|mins_per_game|eFG|three_pct|ft_pct,2,471,0.157,263,208,0.443455908590321,ast_pct=2.96; usg=2.48; FTR=0.57; ast_tov=0.40; three_pa_per_100_team_poss=0.35,orb_pct=-0.74; blk_pct=-0.73; drb_pct=-0.46; three_share=-0.44; stl_pct=-0.13,FTR,0.5709379678842037
role_only_no_height,k8__division_zscore__role_only_no_height__method-nnls__init-furthest_sum__ninit-1,8,division_zscore,"z-score within division, then recombined",3000,role_only_no_height,nnls,furthest_sum,0.2143388262200273,0.0194853478381843,11,height_inches|mins_per_game|eFG|three_pct|ft_pct,3,99,0.033,49,50,0.3615147922957086,ast_tov=3.61; FTR=3.56; three_share=0.52; ast_pct=-0.06; orb_pct=-0.36,tov_pct=-2.33; usg=-2.19; drb_pct=-1.90; three_pa_per_100_team_poss=-1.22; stl_pct=-0.91,FTR,3.562483353295348
role_only_no_height,k8__division_zscore__role_only_no_height__method-nnls__init-furthest_sum__ninit-1,8,division_zscore,"z-score within division, then recombined",3000,role_only_no_height,nnls,furthest_sum,0.2143388262200273,0.0194853478381843,11,height_inches|mins_per_game|eFG|three_pct|ft_pct,4,996,0.332,554,442,0.4510370126653587,three_pa_per_100_team_poss=2.47; three_share=2.21; usg=0.11; blk_pct=-0.63; orb_pct=-0.87,FTR=-1.82; tov_pct=-1.75; stl_pct=-1.57; ast_pct=-1.42; ast_tov=-1.33,FTR,-1.817634907316457
role_only_no_height,k8__division_zscore__role_only_no_height__method-nnls__init-furthest_sum__ninit-1,8,division_zscore,"z-score within division, then recombined",3000,role_only_no_height,nnls,furthest_sum,0.2143388262200273,0.0194853478381843,11,height_inches|mins_per_game|eFG|three_pct|ft_pct,5,295,0.0983333333333333,159,136,0.3951614789419916,stl_pct=3.50; usg=1.83; FTR=1.54; orb_pct=0.89; tov_pct=0.69,three_share=-1.46; three_pa_per_100_team_poss=-1.35; ast_tov=-0.82; drb_pct=-0.80; blk_pct=-0.21,FTR,1.543138774189964
role_only_no_height,k8__division_zscore__role_only_no_height__method-nnls__init-furthest_sum__ninit-1,8,division_zscore,"z-score within division, then recombined",3000,role_only_no_height,nnls,furthest_sum,0.2143388262200273,0.0194853478381843,11,height_inches|mins_per_game|eFG|three_pct|ft_pct,6,582,0.194,317,265,0.4426284154009009,blk_pct=3.64; orb_pct=2.93; drb_pct=2.72; usg=0.58; FTR=-0.34,three_share=-1.55; three_pa_per_100_team_poss=-1.45; ast_tov=-0.95; tov_pct=-0.91; ast_pct=-0.82,FTR,-0.341446828024478
role_only_no_height,k8__division_zscore__role_only_no_height__method-nnls__init-furthest_sum__ninit-1,8,division_zscore,"z-score within division, then recombined",3000,role_only_no_height,nnls,furthest_sum,0.2143388262200273,0.0194853478381843,11,height_inches|mins_per_game|eFG|three_pct|ft_pct,7,197,0.0656666666666666,98,99,0.377781054808435,ast_tov=3.32; ast_pct=3.03; three_share=2.02; stl_pct=1.68; drb_pct=1.50,FTR=-1.95; orb_pct=-1.35; usg=-1.20; blk_pct=-0.90; tov_pct=0.96,FTR,-1.9509725346184137
role_only_no_height,k8__division_zscore__role_only_no_height__method-nnls__init-furthest_sum__ninit-1,8,division_zscore,"z-score within division, then recombined",3000,role_only_no_height,nnls,furthest_sum,0.2143388262200273,0.0194853478381843,11,height_inches|mins_per_game|eFG|three_pct|ft_pct,8,186,0.062,92,94,0.3914937703684024,tov_pct=3.92; blk_pct=0.40; stl_pct=0.04; drb_pct=-0.79; ast_tov=-0.81,usg=-2.12; FTR=-1.95; three_share=-1.58; three_pa_per_100_team_poss=-1.47; orb_pct=-1.07,FTR,-1.948380466370676
role_only_height_025,k6__division_zscore__role_only_height_025__method-nnls__init-aa_plus_plus__ninit-1,6,division_zscore,"z-score within division, then recombined",3000,role_only_height_025,nnls,aa_plus_plus,0.2951314491359655,0.024594287427997127,12,mins_per_game|eFG|three_pct|ft_pct,1,764,0.2546666666666666,412,352,0.5077027320443918,ast_pct=2.65; usg=2.15; stl_pct=1.83; ast_tov=0.67; FTR=0.59,height_inches=-1.41; orb_pct=-0.79; blk_pct=-0.57; drb_pct=-0.28; three_share=-0.28,FTR,0.5879992746099936
role_only_height_025,k6__division_zscore__role_only_height_025__method-nnls__init-aa_plus_plus__ninit-1,6,division_zscore,"z-score within division, then recombined",3000,role_only_height_025,nnls,aa_plus_plus,0.2951314491359655,0.024594287427997127,12,mins_per_game|eFG|three_pct|ft_pct,2,342,0.114,180,162,0.4838557509063565,FTR=3.56; tov_pct=0.55; orb_pct=0.42; height_inches=0.24; stl_pct=-0.47,usg=-1.46; three_pa_per_100_team_poss=-1.38; three_share=-1.32; ast_pct=-1.19; ast_tov=-0.89,FTR,3.562483348924907
role_only_height_025,k6__division_zscore__role_only_height_025__method-nnls__init-aa_plus_plus__ninit-1,6,division_zscore,"z-score within division, then recombined",3000,role_only_height_025,nnls,aa_plus_plus,0.2951314491359655,0.024594287427997127,12,mins_per_game|eFG|three_pct|ft_pct,3,668,0.2226666666666666,366,302,0.4623177469876054,three_pa_per_100_team_poss=2.47; three_share=2.16; usg=0.33; height_inches=0.12; blk_pct=-0.46,tov_pct=-1.67; FTR=-1.58; ast_tov=-1.41; ast_pct=-1.39; stl_pct=-1.34,FTR,-1.5759670343413457
role_only_height_025,k6__division_zscore__role_only_height_025__method-nnls__init-aa_plus_plus__ninit-1,6,division_zscore,"z-score within division, then recombined",3000,role_only_height_025,nnls,aa_plus_plus,0.2951314491359655,0.024594287427997127,12,mins_per_game|eFG|three_pct|ft_pct,4,655,0.2183333333333333,368,287,0.4864090659074885,blk_pct=3.08; drb_pct=2.72; orb_pct=2.64; height_inches=1.84; usg=1.04,three_share=-1.56; three_pa_per_100_team_poss=-1.45; ast_tov=-1.08; stl_pct=-0.79; ast_pct=-0.78,FTR,0.1836220512710253
role_only_height_025,k6__division_zscore__role_only_height_025__method-nnls__init-aa_plus_plus__ninit-1,6,division_zscore,"z-score within division, then recombined",3000,role_only_height_025,nnls,aa_plus_plus,0.2951314491359655,0.024594287427997127,12,mins_per_game|eFG|three_pct|ft_pct,5,338,0.1126666666666666,178,160,0.4604329118378568,ast_tov=3.57; three_share=2.01; three_pa_per_100_team_poss=0.77; stl_pct=0.09; ast_pct=0.04,tov_pct=-1.91; usg=-1.81; FTR=-1.49; drb_pct=-1.22; orb_pct=-1.07,FTR,-1.4910990664767172
role_only_height_025,k6__division_zscore__role_only_height_025__method-nnls__init-aa_plus_plus__ninit-1,6,division_zscore,"z-score within division, then recombined",3000,role_only_height_025,nnls,aa_plus_plus,0.2951314491359655,0.024594287427997127,12,mins_per_game|eFG|three_pct|ft_pct,6,233,0.0776666666666666,124,109,0.4381247388587916,tov_pct=3.84; blk_pct=-0.01; stl_pct=-0.05; ast_tov=-0.51; ast_pct=-0.57,usg=-2.03; FTR=-1.82; three_pa_per_100_team_poss=-1.23; three_share=-0.98; orb_pct=-0.97,FTR,-1.8178945951589145
role_only_height_025,k7__division_zscore__role_only_height_025__method-nnls__init-furthest_sum__ninit-1,7,division_zscore,"z-score within division, then recombined",3000,role_only_height_025,nnls,furthest_sum,0.263311535831513,0.021942627985959418,12,mins_per_game|eFG|three_pct|ft_pct,1,226,0.0753333333333333,115,111,0.417672088169587,tov_pct=3.88; blk_pct=0.10; stl_pct=0.02; ast_tov=-0.61; drb_pct=-0.63,usg=-2.08; FTR=-1.88; three_pa_per_100_team_poss=-1.34; three_share=-1.26; orb_pct=-0.97,FTR,-1.8779747901478483
role_only_height_025,k7__division_zscore__role_only_height_025__method-nnls__init-furthest_sum__ninit-1,7,division_zscore,"z-score within division, then recombined",3000,role_only_height_025,nnls,furthest_sum,0.263311535831513,0.021942627985959418,12,mins_per_game|eFG|three_pct|ft_pct,2,295,0.0983333333333333,158,137,0.4357850920342563,ast_tov=3.61; three_share=2.21; three_pa_per_100_team_poss=1.01; stl_pct=0.60; ast_pct=-0.21,tov_pct=-2.15; usg=-1.89; FTR=-1.82; drb_pct=-1.31; orb_pct=-1.04,FTR,-1.8155331366124356
role_only_height_025,k7__division_zscore__role_only_height_025__method-nnls__init-furthest_sum__ninit-1,7,division_zscore,"z-score within division, then recombined",3000,role_only_height_025,nnls,furthest_sum,0.263311535831513,0.021942627985959418,12,mins_per_game|eFG|three_pct|ft_pct,3,330,0.11,173,157,0.4644667356808276,FTR=3.56; tov_pct=0.53; orb_pct=0.47; height_inches=0.24; blk_pct=-0.52,usg=-1.70; three_share=-1.41; three_pa_per_100_team_poss=-1.39; ast_pct=-1.19; stl_pct=-1.08,FTR,3.562483349357079
role_only_height_025,k7__division_zscore__role_only_height_025__method-nnls__init-furthest_sum__ninit-1,7,division_zscore,"z-score within division, then recombined",3000,role_only_height_025,nnls,furthest_sum,0.263311535831513,0.021942627985959418,12,mins_per_game|eFG|three_pct|ft_pct,4,685,0.2283333333333333,382,303,0.4756498660866816,blk_pct=3.01; drb_pct=2.72; orb_pct=2.66; height_inches=1.88; usg=1.16,three_share=-1.56; three_pa_per_100_team_poss=-1.45; ast_tov=-1.05; stl_pct=-0.85; tov_pct=-0.73,FTR,0.2486182993488399
role_only_height_025,k7__division_zscore__role_only_height_025__method-nnls__init-furthest_sum__ninit-1,7,division_zscore,"z-score within division, then recombined",3000,role_only_height_025,nnls,furthest_sum,0.263311535831513,0.021942627985959418,12,mins_per_game|eFG|three_pct|ft_pct,5,413,0.1376666666666666,247,166,0.4565209745922705,ast_pct=3.02; usg=1.94; ast_tov=1.43; three_pa_per_100_team_poss=0.23; tov_pct=0.16,height_inches=-1.46; orb_pct=-1.04; drb_pct=-0.65; blk_pct=-0.60; stl_pct=-0.43,FTR,-0.2615360018985972
role_only_height_025,k7__division_zscore__role_only_height_025__method-nnls__init-furthest_sum__ninit-1,7,division_zscore,"z-score within division, then recombined",3000,role_only_height_025,nnls,furthest_sum,0.263311535831513,0.021942627985959418,12,mins_per_game|eFG|three_pct|ft_pct,6,678,0.226,365,313,0.4478373137453988,three_pa_per_100_team_poss=2.48; three_share=2.14; usg=0.49; height_inches=-0.10; blk_pct=-0.44,tov_pct=-1.73; stl_pct=-1.56; FTR=-1.51; ast_tov=-1.40; ast_pct=-1.37,FTR,-1.5083221307220118
role_only_height_025,k7__division_zscore__role_only_height_025__method-nnls__init-furthest_sum__ninit-1,7,division_zscore,"z-score within division, then recombined",3000,role_only_height_025,nnls,furthest_sum,0.263311535831513,0.021942627985959418,12,mins_per_game|eFG|three_pct|ft_pct,7,373,0.1243333333333333,188,185,0.4477413622519844,stl_pct=3.49; ast_pct=1.68; usg=1.54; FTR=0.84; tov_pct=0.49,height_inches=-1.37; orb_pct=-0.44; blk_pct=-0.38; three_share=-0.31; drb_pct=-0.21,FTR,0.843074597412982
role_only_height_025,k8__division_zscore__role_only_height_025__method-nnls__init-furthest_first__ninit-1,8,division_zscore,"z-score within division, then recombined",3000,role_only_height_025,nnls,furthest_first,0.2447094773685976,0.020392456447383134,12,mins_per_game|eFG|three_pct|ft_pct,1,766,0.2553333333333333,411,355,0.4782242069768341,blk_pct=2.78; drb_pct=2.72; orb_pct=2.61; height_inches=2.02; usg=1.09,three_share=-1.56; three_pa_per_100_team_poss=-1.46; ast_tov=-1.11; stl_pct=-0.88; ast_pct=-0.74,FTR,0.5206421464848947
role_only_height_025,k8__division_zscore__role_only_height_025__method-nnls__init-furthest_first__ninit-1,8,division_zscore,"z-score within division, then recombined",3000,role_only_height_025,nnls,furthest_first,0.2447094773685976,0.020392456447383134,12,mins_per_game|eFG|three_pct|ft_pct,2,386,0.1286666666666666,228,158,0.4493649554366586,ast_pct=3.02; usg=2.17; ast_tov=1.11; three_pa_per_100_team_poss=0.13; tov_pct=0.10,height_inches=-1.40; orb_pct=-1.03; blk_pct=-0.64; drb_pct=-0.59; three_share=-0.49,FTR,-0.2316313299247959
role_only_height_025,k8__division_zscore__role_only_height_025__method-nnls__init-furthest_first__ninit-1,8,division_zscore,"z-score within division, then recombined",3000,role_only_height_025,nnls,furthest_first,0.2447094773685976,0.020392456447383134,12,mins_per_game|eFG|three_pct|ft_pct,3,343,0.1143333333333333,170,173,0.4309408019064346,stl_pct=3.53; usg=1.76; ast_pct=1.11; FTR=0.85; tov_pct=0.37,height_inches=-1.01; drb_pct=-0.78; three_share=-0.54; blk_pct=-0.41; ast_tov=-0.26,FTR,0.8468610916509839
role_only_height_025,k8__division_zscore__role_only_height_025__method-nnls__init-furthest_first__ninit-1,8,division_zscore,"z-score within division, then recombined",3000,role_only_height_025,nnls,furthest_first,0.2447094773685976,0.020392456447383134,12,mins_per_game|eFG|three_pct|ft_pct,4,180,0.06,87,93,0.3891629696383583,tov_pct=3.94; blk_pct=0.49; stl_pct=0.07; height_inches=-0.49; drb_pct=-0.82,usg=-2.13; FTR=-1.95; three_share=-1.60; three_pa_per_100_team_poss=-1.47; orb_pct=-1.11,FTR,-1.9509725343661315
role_only_height_025,k8__division_zscore__role_only_height_025__method-nnls__init-furthest_first__ninit-1,8,division_zscore,"z-score within division, then recombined",3000,role_only_height_025,nnls,furthest_first,0.2447094773685976,0.020392456447383134,12,mins_per_game|eFG|three_pct|ft_pct,5,101,0.0336666666666666,54,47,0.3613966317042416,ast_tov=3.61; FTR=3.56; three_share=0.52; height_inches=0.18; ast_pct=-0.06,tov_pct=-2.33; usg=-2.19; drb_pct=-1.90; three_pa_per_100_team_poss=-1.22; stl_pct=-0.91,FTR,3.562483352969412
role_only_height_025,k8__division_zscore__role_only_height_025__method-nnls__init-furthest_first__ninit-1,8,division_zscore,"z-score within division, then recombined",3000,role_only_height_025,nnls,furthest_first,0.2447094773685976,0.020392456447383134,12,mins_per_game|eFG|three_pct|ft_pct,6,955,0.3183333333333333,530,425,0.449595980804347,three_pa_per_100_team_poss=2.47; three_share=2.22; usg=0.15; height_inches=-0.12; blk_pct=-0.71,FTR=-1.82; tov_pct=-1.79; stl_pct=-1.61; ast_pct=-1.40; ast_tov=-1.34,FTR,-1.815533135896854
role_only_height_025,k8__division_zscore__role_only_height_025__method-nnls__init-furthest_first__ninit-1,8,division_zscore,"z-score within division, then recombined",3000,role_only_height_025,nnls,furthest_first,0.2447094773685976,0.020392456447383134,12,mins_per_game|eFG|three_pct|ft_pct,7,163,0.0543333333333333,95,68,0.4262992627745987,FTR=3.41; tov_pct=3.24; height_inches=0.65; drb_pct=0.13; orb_pct=0.07,usg=-1.41; ast_tov=-1.35; ast_pct=-1.21; three_pa_per_100_team_poss=-1.09; stl_pct=-0.95,FTR,3.4143720223991676
role_only_height_025,k8__division_zscore__role_only_height_025__method-nnls__init-furthest_first__ninit-1,8,division_zscore,"z-score within division, then recombined",3000,role_only_height_025,nnls,furthest_first,0.2447094773685976,0.020392456447383134,12,mins_per_game|eFG|three_pct|ft_pct,8,106,0.0353333333333333,53,53,0.3601115726474856,ast_tov=3.32; ast_pct=3.03; three_share=2.13; drb_pct=2.09; stl_pct=1.69,FTR=-1.95; orb_pct=-1.51; usg=-1.33; blk_pct=-0.90; height_inches=-0.05,FTR,-1.950972535770985
quality_lite_no_height,k6__division_zscore__quality_lite_no_height__method-nnls__init-aa_plus_plus__ninit-1,6,division_zscore,"z-score within division, then recombined",3000,quality_lite_no_height,nnls,aa_plus_plus,0.3318744542043277,0.023705318157451978,14,height_inches|mins_per_game,1,839,0.2796666666666667,465,374,0.4819226714238443,three_pa_per_100_team_poss=2.47; three_share=1.97; ft_pct=0.74; three_pct=0.68; eFG=0.47,tov_pct=-1.51; ast_pct=-1.38; ast_tov=-1.30; FTR=-1.17; stl_pct=-0.92,FTR,-1.1672494359408192
quality_lite_no_height,k6__division_zscore__quality_lite_no_height__method-nnls__init-aa_plus_plus__ninit-1,6,division_zscore,"z-score within division, then recombined",3000,quality_lite_no_height,nnls,aa_plus_plus,0.3318744542043277,0.023705318157451978,14,height_inches|mins_per_game,2,210,0.07,106,104,0.4407402226984385,tov_pct=3.78; stl_pct=-0.12; blk_pct=-0.13; ast_pct=-0.39; ast_tov=-0.44,ft_pct=-3.01; eFG=-2.10; usg=-1.92; FTR=-1.75; three_pa_per_100_team_poss=-1.21,FTR,-1.7518255435874517
quality_lite_no_height,k6__division_zscore__quality_lite_no_height__method-nnls__init-aa_plus_plus__ninit-1,6,division_zscore,"z-score within division, then recombined",3000,quality_lite_no_height,nnls,aa_plus_plus,0.3318744542043277,0.023705318157451978,14,height_inches|mins_per_game,3,459,0.153,256,203,0.4720511160361476,blk_pct=3.64; orb_pct=2.92; drb_pct=2.71; eFG=0.64; usg=0.51,three_pct=-1.93; three_share=-1.55; three_pa_per_100_team_poss=-1.45; ast_tov=-1.02; ast_pct=-0.89,FTR,-0.2854568132404018
quality_lite_no_height,k6__division_zscore__quality_lite_no_height__method-nnls__init-aa_plus_plus__ninit-1,6,division_zscore,"z-score within division, then recombined",3000,quality_lite_no_height,nnls,aa_plus_plus,0.3318744542043277,0.023705318157451978,14,height_inches|mins_per_game,4,742,0.2473333333333333,404,338,0.5061546064784389,ast_pct=2.68; usg=2.23; stl_pct=1.71; ft_pct=0.73; FTR=0.51,orb_pct=-0.73; blk_pct=-0.54; three_share=-0.35; eFG=-0.26; drb_pct=-0.23,FTR,0.5139630387160491
quality_lite_no_height,k6__division_zscore__quality_lite_no_height__method-nnls__init-aa_plus_plus__ninit-1,6,division_zscore,"z-score within division, then recombined",3000,quality_lite_no_height,nnls,aa_plus_plus,0.3318744542043277,0.023705318157451978,14,height_inches|mins_per_game,5,385,0.1283333333333333,207,178,0.4905553136314093,FTR=3.54; orb_pct=0.68; tov_pct=0.54; eFG=0.35; drb_pct=-0.29,three_pct=-1.58; three_pa_per_100_team_poss=-1.32; three_share=-1.23; ast_pct=-1.21; usg=-1.21,FTR,3.53891255478352
quality_lite_no_height,k6__division_zscore__quality_lite_no_height__method-nnls__init-aa_plus_plus__ninit-1,6,division_zscore,"z-score within division, then recombined",3000,quality_lite_no_height,nnls,aa_plus_plus,0.3318744542043277,0.023705318157451978,14,height_inches|mins_per_game,6,365,0.1216666666666666,190,175,0.4750526939685237,ast_tov=3.61; three_share=1.39; three_pa_per_100_team_poss=0.62; three_pct=0.46; ast_pct=0.34,tov_pct=-1.81; usg=-1.64; drb_pct=-1.04; orb_pct=-1.01; FTR=-0.97,FTR,-0.9724787368875176
quality_lite_no_height,k7__division_zscore__quality_lite_no_height__method-nnls__init-uniform__ninit-1,7,division_zscore,"z-score within division, then recombined",3000,quality_lite_no_height,nnls,uniform,0.3057733967215648,0.0218409569086832,14,height_inches|mins_per_game,1,410,0.1366666666666666,223,187,0.4745940911079103,FTR=3.55; orb_pct=0.95; eFG=0.61; tov_pct=0.42; blk_pct=-0.15,three_pct=-1.71; three_pa_per_100_team_poss=-1.36; usg=-1.32; three_share=-1.32; ast_pct=-1.15,FTR,3.552110749749883
quality_lite_no_height,k7__division_zscore__quality_lite_no_height__method-nnls__init-uniform__ninit-1,7,division_zscore,"z-score within division, then recombined",3000,quality_lite_no_height,nnls,uniform,0.3057733967215648,0.0218409569086832,14,height_inches|mins_per_game,2,836,0.2786666666666667,458,378,0.4601655417019247,three_pa_per_100_team_poss=2.44; three_share=1.96; ft_pct=0.84; three_pct=0.69; usg=0.59,tov_pct=-1.62; ast_tov=-1.34; stl_pct=-1.33; ast_pct=-1.32; FTR=-0.98,FTR,-0.9823453824445368
quality_lite_no_height,k7__division_zscore__quality_lite_no_height__method-nnls__init-uniform__ninit-1,7,division_zscore,"z-score within division, then recombined",3000,quality_lite_no_height,nnls,uniform,0.3057733967215648,0.0218409569086832,14,height_inches|mins_per_game,3,389,0.1296666666666666,219,170,0.4576771015188351,blk_pct=3.93; orb_pct=2.92; drb_pct=2.71; eFG=0.49; usg=0.05,three_pct=-1.93; three_share=-1.55; three_pa_per_100_team_poss=-1.45; ast_pct=-1.16; ast_tov=-1.08,FTR,-0.5672766070186024
quality_lite_no_height,k7__division_zscore__quality_lite_no_height__method-nnls__init-uniform__ninit-1,7,division_zscore,"z-score within division, then recombined",3000,quality_lite_no_height,nnls,uniform,0.3057733967215648,0.0218409569086832,14,height_inches|mins_per_game,4,335,0.1116666666666666,174,161,0.469291657365989,ast_tov=3.61; three_share=1.69; three_pa_per_100_team_poss=0.96; three_pct=0.46; stl_pct=0.38,tov_pct=-1.85; usg=-1.57; drb_pct=-1.20; FTR=-1.19; orb_pct=-0.99,FTR,-1.1925964789243586
quality_lite_no_height,k7__division_zscore__quality_lite_no_height__method-nnls__init-uniform__ninit-1,7,division_zscore,"z-score within division, then recombined",3000,quality_lite_no_height,nnls,uniform,0.3057733967215648,0.0218409569086832,14,height_inches|mins_per_game,5,339,0.113,178,161,0.4399483238331194,stl_pct=3.47; usg=1.59; ast_pct=1.55; FTR=0.80; three_pct=0.51,drb_pct=-0.83; orb_pct=-0.69; blk_pct=-0.57; eFG=-0.42; three_share=-0.10,FTR,0.8028052288050156
quality_lite_no_height,k7__division_zscore__quality_lite_no_height__method-nnls__init-uniform__ninit-1,7,division_zscore,"z-score within division, then recombined",3000,quality_lite_no_height,nnls,uniform,0.3057733967215648,0.0218409569086832,14,height_inches|mins_per_game,6,224,0.0746666666666666,112,112,0.4250744613967529,tov_pct=3.79; stl_pct=-0.11; blk_pct=-0.11; ast_pct=-0.42; ast_tov=-0.45,ft_pct=-3.10; eFG=-2.15; usg=-1.94; FTR=-1.76; three_pct=-1.24,FTR,-1.763493256952888
quality_lite_no_height,k7__division_zscore__quality_lite_no_height__method-nnls__init-uniform__ninit-1,7,division_zscore,"z-score within division, then recombined",3000,quality_lite_no_height,nnls,uniform,0.3057733967215648,0.0218409569086832,14,height_inches|mins_per_game,7,467,0.1556666666666666,264,203,0.4500973109087519,ast_pct=3.02; usg=2.12; ast_tov=1.05; ft_pct=0.66; FTR=0.21,orb_pct=-0.76; three_share=-0.65; blk_pct=-0.58; stl_pct=-0.30; three_pa_per_100_team_poss=-0.18,FTR,0.2086389177158736
quality_lite_no_height,k8__division_zscore__quality_lite_no_height__method-nnls__init-uniform__ninit-1,8,division_zscore,"z-score within division, then recombined",3000,quality_lite_no_height,nnls,uniform,0.2783043367516002,0.019878881196542873,14,height_inches|mins_per_game,1,241,0.0803333333333333,113,128,0.435758447968365,stl_pct=3.42; FTR=2.22; tov_pct=1.44; ast_pct=1.32; usg=0.93,three_share=-0.62; three_pa_per_100_team_poss=-0.58; orb_pct=-0.51; drb_pct=-0.47; blk_pct=-0.27,FTR,2.224551165475795
quality_lite_no_height,k8__division_zscore__quality_lite_no_height__method-nnls__init-uniform__ninit-1,8,division_zscore,"z-score within division, then recombined",3000,quality_lite_no_height,nnls,uniform,0.2783043367516002,0.019878881196542873,14,height_inches|mins_per_game,2,189,0.063,107,82,0.4564765187094199,FTR=3.56; tov_pct=0.65; orb_pct=0.39; eFG=0.32; blk_pct=0.30,usg=-2.08; three_pct=-1.70; stl_pct=-1.67; three_pa_per_100_team_poss=-1.33; three_share=-1.23,FTR,3.5579667654391174
quality_lite_no_height,k8__division_zscore__quality_lite_no_height__method-nnls__init-uniform__ninit-1,8,division_zscore,"z-score within division, then recombined",3000,quality_lite_no_height,nnls,uniform,0.2783043367516002,0.019878881196542873,14,height_inches|mins_per_game,3,488,0.1626666666666666,284,204,0.454393699196468,ast_pct=3.03; usg=2.02; ast_tov=1.49; ft_pct=1.05; three_pa_per_100_team_poss=0.45,orb_pct=-0.98; drb_pct=-0.65; blk_pct=-0.59; FTR=-0.46; stl_pct=-0.40,FTR,-0.4634358873169313
quality_lite_no_height,k8__division_zscore__quality_lite_no_height__method-nnls__init-uniform__ninit-1,8,division_zscore,"z-score within division, then recombined",3000,quality_lite_no_height,nnls,uniform,0.2783043367516002,0.019878881196542873,14,height_inches|mins_per_game,4,247,0.0823333333333333,144,103,0.482946233677228,blk_pct=4.02; orb_pct=2.28; drb_pct=2.05; eFG=1.12; tov_pct=-0.29,three_pct=-1.94; three_share=-1.55; three_pa_per_100_team_poss=-1.45; ast_pct=-1.13; ast_tov=-1.12,FTR,-0.6983375873409863
quality_lite_no_height,k8__division_zscore__quality_lite_no_height__method-nnls__init-uniform__ninit-1,8,division_zscore,"z-score within division, then recombined",3000,quality_lite_no_height,nnls,uniform,0.2783043367516002,0.019878881196542873,14,height_inches|mins_per_game,5,929,0.3096666666666666,517,412,0.4733175390766912,three_pa_per_100_team_poss=2.49; three_share=1.97; ft_pct=0.87; three_pct=0.64; usg=0.44,tov_pct=-1.48; ast_pct=-1.35; FTR=-1.23; ast_tov=-1.19; orb_pct=-0.85,FTR,-1.2266349836315211
quality_lite_no_height,k8__division_zscore__quality_lite_no_height__method-nnls__init-uniform__ninit-1,8,division_zscore,"z-score within division, then recombined",3000,quality_lite_no_height,nnls,uniform,0.2783043367516002,0.019878881196542873,14,height_inches|mins_per_game,6,279,0.093,143,136,0.468210645804107,ast_tov=3.59; three_share=1.56; three_pa_per_100_team_poss=0.77; three_pct=0.49; stl_pct=0.38,tov_pct=-1.89; usg=-1.64; FTR=-1.16; drb_pct=-1.11; orb_pct=-0.95,FTR,-1.15776489913878
quality_lite_no_height,k8__division_zscore__quality_lite_no_height__method-nnls__init-uniform__ninit-1,8,division_zscore,"z-score within division, then recombined",3000,quality_lite_no_height,nnls,uniform,0.2783043367516002,0.019878881196542873,14,height_inches|mins_per_game,7,199,0.0663333333333333,95,104,0.416259482813419,tov_pct=3.81; stl_pct=0.02; ast_tov=-0.24; drb_pct=-0.34; ast_pct=-0.55,ft_pct=-3.27; eFG=-2.36; usg=-1.99; FTR=-1.80; three_pct=-1.45,FTR,-1.80219742674148
quality_lite_no_height,k8__division_zscore__quality_lite_no_height__method-nnls__init-uniform__ninit-1,8,division_zscore,"z-score within division, then recombined",3000,quality_lite_no_height,nnls,uniform,0.2783043367516002,0.019878881196542873,14,height_inches|mins_per_game,8,428,0.1426666666666666,225,203,0.4376478601277311,orb_pct=2.78; drb_pct=2.65; FTR=1.72; usg=1.37; blk_pct=0.73,three_share=-1.31; three_pa_per_100_team_poss=-1.19; ast_tov=-1.02; tov_pct=-0.76; ast_pct=-0.66,FTR,1.72321323936847
quality_lite_height_025,k6__division_zscore__quality_lite_height_025__method-nnls__init-uniform__ninit-1,6,division_zscore,"z-score within division, then recombined",3000,quality_lite_height_025,nnls,uniform,0.3613318451462657,0.024088789676417713,15,mins_per_game,1,391,0.1303333333333333,203,188,0.4777166882017243,ast_tov=3.59; three_share=1.42; three_pa_per_100_team_poss=0.75; three_pct=0.49; ast_pct=0.40,tov_pct=-1.67; usg=-1.48; drb_pct=-1.14; FTR=-1.05; orb_pct=-0.97,FTR,-1.0465811056555991
quality_lite_height_025,k6__division_zscore__quality_lite_height_025__method-nnls__init-uniform__ninit-1,6,division_zscore,"z-score within division, then recombined",3000,quality_lite_height_025,nnls,uniform,0.3613318451462657,0.024088789676417713,15,mins_per_game,2,326,0.1086666666666666,172,154,0.4943497310566704,FTR=3.52; tov_pct=0.75; orb_pct=0.52; height_inches=0.33; eFG=0.23,three_pct=-1.55; usg=-1.42; three_pa_per_100_team_poss=-1.31; three_share=-1.25; ast_pct=-1.19,FTR,3.5208956931227866
quality_lite_height_025,k6__division_zscore__quality_lite_height_025__method-nnls__init-uniform__ninit-1,6,division_zscore,"z-score within division, then recombined",3000,quality_lite_height_025,nnls,uniform,0.3613318451462657,0.024088789676417713,15,mins_per_game,3,697,0.2323333333333333,378,319,0.5064797994274349,ast_pct=2.65; usg=2.21; stl_pct=1.82; ft_pct=0.87; FTR=0.53,height_inches=-1.49; orb_pct=-0.79; blk_pct=-0.56; eFG=-0.27; drb_pct=-0.27,FTR,0.5250623934667962
quality_lite_height_025,k6__division_zscore__quality_lite_height_025__method-nnls__init-uniform__ninit-1,6,division_zscore,"z-score within division, then recombined",3000,quality_lite_height_025,nnls,uniform,0.3613318451462657,0.024088789676417713,15,mins_per_game,4,184,0.0613333333333333,98,86,0.4379973419907649,tov_pct=3.82; blk_pct=-0.03; stl_pct=-0.04; ast_tov=-0.53; ast_pct=-0.56,ft_pct=-3.26; eFG=-2.36; usg=-1.99; FTR=-1.80; three_pct=-1.44,FTR,-1.802200791568037
quality_lite_height_025,k6__division_zscore__quality_lite_height_025__method-nnls__init-uniform__ninit-1,6,division_zscore,"z-score within division, then recombined",3000,quality_lite_height_025,nnls,uniform,0.3613318451462657,0.024088789676417713,15,mins_per_game,5,803,0.2676666666666666,443,360,0.480580169897724,three_pa_per_100_team_poss=2.48; three_share=1.98; ft_pct=0.71; three_pct=0.67; usg=0.50,tov_pct=-1.54; ast_pct=-1.33; ast_tov=-1.24; FTR=-1.18; stl_pct=-0.95,FTR,-1.1826994557306665
quality_lite_height_025,k6__division_zscore__quality_lite_height_025__method-nnls__init-uniform__ninit-1,6,division_zscore,"z-score within division, then recombined",3000,quality_lite_height_025,nnls,uniform,0.3613318451462657,0.024088789676417713,15,mins_per_game,6,599,0.1996666666666666,334,265,0.4881832539556246,blk_pct=3.07; drb_pct=2.70; orb_pct=2.65; height_inches=1.84; usg=1.04,three_pct=-1.94; three_share=-1.56; three_pa_per_100_team_poss=-1.45; ast_tov=-1.06; stl_pct=-0.79,FTR,0.1993387147906707
quality_lite_height_025,k7__division_zscore__quality_lite_height_025__method-nnls__init-furthest_first__ninit-1,7,division_zscore,"z-score within division, then recombined",3000,quality_lite_height_025,nnls,furthest_first,0.3332879083767823,0.022219193891785487,15,mins_per_game,1,398,0.1326666666666666,205,193,0.4805340497010158,ast_tov=3.61; three_share=1.24; three_pa_per_100_team_poss=0.62; ast_pct=0.62; three_pct=0.56,tov_pct=-1.50; usg=-1.35; drb_pct=-1.08; orb_pct=-0.97; FTR=-0.89,FTR,-0.8927340876645616
quality_lite_height_025,k7__division_zscore__quality_lite_height_025__method-nnls__init-furthest_first__ninit-1,7,division_zscore,"z-score within division, then recombined",3000,quality_lite_height_025,nnls,furthest_first,0.3332879083767823,0.022219193891785487,15,mins_per_game,2,222,0.074,127,95,0.5051952142821888,blk_pct=4.04; height_inches=1.77; orb_pct=1.71; eFG=1.28; drb_pct=0.94,three_pct=-1.99; three_share=-1.52; three_pa_per_100_team_poss=-1.42; ast_tov=-1.29; ast_pct=-1.28,FTR,-0.0501700529367602
quality_lite_height_025,k7__division_zscore__quality_lite_height_025__method-nnls__init-furthest_first__ninit-1,7,division_zscore,"z-score within division, then recombined",3000,quality_lite_height_025,nnls,furthest_first,0.3332879083767823,0.022219193891785487,15,mins_per_game,3,273,0.091,147,126,0.4735424091120179,FTR=3.53; tov_pct=0.94; orb_pct=0.11; height_inches=-0.00; eFG=-0.04,usg=-1.66; three_pct=-1.58; three_pa_per_100_team_poss=-1.30; ast_pct=-1.28; three_share=-1.16,FTR,3.5293678216256943
quality_lite_height_025,k7__division_zscore__quality_lite_height_025__method-nnls__init-furthest_first__ninit-1,7,division_zscore,"z-score within division, then recombined",3000,quality_lite_height_025,nnls,furthest_first,0.3332879083767823,0.022219193891785487,15,mins_per_game,4,175,0.0583333333333333,92,83,0.4269945695100422,tov_pct=3.83; stl_pct=0.05; ast_tov=-0.21; drb_pct=-0.34; ast_pct=-0.56,ft_pct=-3.37; eFG=-2.40; usg=-2.00; FTR=-1.81; three_pct=-1.47,FTR,-1.8130128729723276
quality_lite_height_025,k7__division_zscore__quality_lite_height_025__method-nnls__init-furthest_first__ninit-1,7,division_zscore,"z-score within division, then recombined",3000,quality_lite_height_025,nnls,furthest_first,0.3332879083767823,0.022219193891785487,15,mins_per_game,5,854,0.2846666666666667,482,372,0.4805535786718281,three_pa_per_100_team_poss=2.48; three_share=2.02; ft_pct=0.65; three_pct=0.63; eFG=0.40,tov_pct=-1.55; FTR=-1.32; ast_pct=-1.31; ast_tov=-1.13; stl_pct=-0.81,FTR,-1.317819182956418
quality_lite_height_025,k7__division_zscore__quality_lite_height_025__method-nnls__init-furthest_first__ninit-1,7,division_zscore,"z-score within division, then recombined",3000,quality_lite_height_025,nnls,furthest_first,0.3332879083767823,0.022219193891785487,15,mins_per_game,6,593,0.1976666666666666,321,272,0.4906332213699976,ast_pct=2.50; stl_pct=2.28; usg=2.21; ft_pct=1.07; three_pa_per_100_team_poss=0.48,height_inches=-1.63; orb_pct=-0.88; blk_pct=-0.46; drb_pct=-0.41; eFG=-0.26,FTR,0.406487336859289
quality_lite_height_025,k7__division_zscore__quality_lite_height_025__method-nnls__init-furthest_first__ninit-1,7,division_zscore,"z-score within division, then recombined",3000,quality_lite_height_025,nnls,furthest_first,0.3332879083767823,0.022219193891785487,15,mins_per_game,7,485,0.1616666666666666,254,231,0.4543727744579504,orb_pct=2.80; drb_pct=2.70; usg=2.00; height_inches=1.69; blk_pct=1.51,three_share=-1.45; three_pa_per_100_team_poss=-1.33; three_pct=-0.82; stl_pct=-0.70; ast_tov=-0.62,FTR,0.8923171459445046
quality_lite_height_025,k8__division_zscore__quality_lite_height_025__method-nnls__init-aa_plus_plus__ninit-1,8,division_zscore,"z-score within division, then recombined",3000,quality_lite_height_025,nnls,aa_plus_plus,0.3103732990195132,0.02069155326796755,15,mins_per_game,1,911,0.3036666666666666,501,410,0.4645766389877503,three_pa_per_100_team_poss=2.49; three_share=2.00; ft_pct=0.81; three_pct=0.68; usg=0.53,tov_pct=-1.58; ast_pct=-1.29; FTR=-1.23; ast_tov=-1.22; stl_pct=-0.94,FTR,-1.2329083745644558
quality_lite_height_025,k8__division_zscore__quality_lite_height_025__method-nnls__init-aa_plus_plus__ninit-1,8,division_zscore,"z-score within division, then recombined",3000,quality_lite_height_025,nnls,aa_plus_plus,0.3103732990195132,0.02069155326796755,15,mins_per_game,2,173,0.0576666666666666,93,80,0.4312188994505668,FTR=3.56; orb_pct=0.15; stl_pct=0.09; height_inches=-0.22; blk_pct=-0.68,three_pct=-1.93; ast_pct=-1.40; three_pa_per_100_team_poss=-1.32; three_share=-1.27; ft_pct=-1.23,FTR,3.5624833511789618
quality_lite_height_025,k8__division_zscore__quality_lite_height_025__method-nnls__init-aa_plus_plus__ninit-1,8,division_zscore,"z-score within division, then recombined",3000,quality_lite_height_025,nnls,aa_plus_plus,0.3103732990195132,0.02069155326796755,15,mins_per_game,3,296,0.0986666666666666,150,146,0.4639393315254951,ast_tov=3.60; three_share=1.74; three_pa_per_100_team_poss=1.00; three_pct=0.46; stl_pct=0.45,tov_pct=-1.88; usg=-1.58; FTR=-1.29; drb_pct=-1.25; orb_pct=-0.99,FTR,-1.2870554142840356
quality_lite_height_025,k8__division_zscore__quality_lite_height_025__method-nnls__init-aa_plus_plus__ninit-1,8,division_zscore,"z-score within division, then recombined",3000,quality_lite_height_025,nnls,aa_plus_plus,0.3103732990195132,0.02069155326796755,15,mins_per_game,4,318,0.106,160,158,0.4405207440516877,stl_pct=3.44; ast_pct=1.70; usg=1.64; FTR=0.62; tov_pct=0.39,height_inches=-1.04; three_share=-0.55; blk_pct=-0.38; eFG=-0.18; orb_pct=-0.15,FTR,0.6248576703923171
quality_lite_height_025,k8__division_zscore__quality_lite_height_025__method-nnls__init-aa_plus_plus__ninit-1,8,division_zscore,"z-score within division, then recombined",3000,quality_lite_height_025,nnls,aa_plus_plus,0.3103732990195132,0.02069155326796755,15,mins_per_game,5,394,0.1313333333333333,234,160,0.45240876322191,ast_pct=3.01; usg=2.09; ast_tov=1.48; ft_pct=0.91; three_pct=0.57,height_inches=-1.79; drb_pct=-0.90; orb_pct=-0.86; blk_pct=-0.64; FTR=-0.42,FTR,-0.4221510570063912
quality_lite_height_025,k8__division_zscore__quality_lite_height_025__method-nnls__init-aa_plus_plus__ninit-1,8,division_zscore,"z-score within division, then recombined",3000,quality_lite_height_025,nnls,aa_plus_plus,0.3103732990195132,0.02069155326796755,15,mins_per_game,6,128,0.0426666666666666,67,61,0.4026688218899011,tov_pct=3.94; blk_pct=0.28; stl_pct=0.10; height_inches=-0.53; drb_pct=-0.72,ft_pct=-3.97; eFG=-3.17; usg=-2.13; three_pct=-2.08; FTR=-1.95,FTR,-1.9509725343051711
quality_lite_height_025,k8__division_zscore__quality_lite_height_025__method-nnls__init-aa_plus_plus__ninit-1,8,division_zscore,"z-score within division, then recombined",3000,quality_lite_height_025,nnls,aa_plus_plus,0.3103732990195132,0.02069155326796755,15,mins_per_game,7,706,0.2353333333333333,390,316,0.4885986109697126,blk_pct=2.87; orb_pct=2.65; drb_pct=2.60; height_inches=1.99; eFG=1.26,three_pct=-1.81; three_share=-1.55; three_pa_per_100_team_poss=-1.45; ast_tov=-1.03; stl_pct=-1.01,FTR,0.4900695455424876
quality_lite_height_025,k8__division_zscore__quality_lite_height_025__method-nnls__init-aa_plus_plus__ninit-1,8,division_zscore,"z-score within division, then recombined",3000,quality_lite_height_025,nnls,aa_plus_plus,0.3103732990195132,0.02069155326796755,15,mins_per_game,8,74,0.0246666666666666,33,41,0.3686186568139477,tov_pct=3.57; FTR=3.10; eFG=2.23; three_pct=1.57; ast_pct=1.12,usg=-1.60; orb_pct=-1.51; stl_pct=-1.25; three_pa_per_100_team_poss=-1.13; height_inches=-1.04,FTR,3.0974003919309565
role_only_no_height,k6__division_zscore__role_only_no_height__method-nnls__init-uniform__ninit-1,6,division_zscore,"z-score within division, then recombined",3000,role_only_no_height,nnls,uniform,0.2677347352386173,0.024339521385328845,11,height_inches|mins_per_game|eFG|three_pct|ft_pct,1,309,0.103,166,143,0.456535662591947,ast_tov=3.61; three_share=1.83; three_pa_per_100_team_poss=0.65; stl_pct=0.48; ast_pct=-0.02,tov_pct=-2.10; usg=-1.93; FTR=-1.50; drb_pct=-1.13; orb_pct=-1.06,three_share,1.8306908319410664
role_only_no_height,k6__division_zscore__role_only_no_height__method-nnls__init-uniform__ninit-1,6,division_zscore,"z-score within division, then recombined",3000,role_only_no_height,nnls,uniform,0.2677347352386173,0.024339521385328845,11,height_inches|mins_per_game|eFG|three_pct|ft_pct,2,415,0.1383333333333333,223,192,0.4794788410924968,FTR=3.56; orb_pct=0.65; tov_pct=0.49; drb_pct=-0.45; blk_pct=-0.49,three_share=-1.41; three_pa_per_100_team_poss=-1.38; usg=-1.22; ast_pct=-1.20; ast_tov=-1.03,three_share,-1.409642718188303
role_only_no_height,k6__division_zscore__role_only_no_height__method-nnls__init-uniform__ninit-1,6,division_zscore,"z-score within division, then recombined",3000,role_only_no_height,nnls,uniform,0.2677347352386173,0.024339521385328845,11,height_inches|mins_per_game|eFG|three_pct|ft_pct,3,800,0.2666666666666666,433,367,0.505250294172251,ast_pct=2.70; usg=2.10; stl_pct=1.74; ast_tov=0.74; FTR=0.70,orb_pct=-0.75; blk_pct=-0.63; three_share=-0.38; drb_pct=-0.30; three_pa_per_100_team_poss=0.11,three_share,-0.3758288579905088
role_only_no_height,k6__division_zscore__role_only_no_height__method-nnls__init-uniform__ninit-1,6,division_zscore,"z-score within division, then recombined",3000,role_only_no_height,nnls,uniform,0.2677347352386173,0.024339521385328845,11,height_inches|mins_per_game|eFG|three_pct|ft_pct,4,262,0.0873333333333333,135,127,0.4408056532664042,tov_pct=3.80; blk_pct=-0.10; stl_pct=-0.11; ast_pct=-0.43; ast_tov=-0.43,usg=-1.99; FTR=-1.77; three_pa_per_100_team_poss=-1.14; orb_pct=-0.97; three_share=-0.78,three_share,-0.7770154201791952
role_only_no_height,k6__division_zscore__role_only_no_height__method-nnls__init-uniform__ninit-1,6,division_zscore,"z-score within division, then recombined",3000,role_only_no_height,nnls,uniform,0.2677347352386173,0.024339521385328845,11,height_inches|mins_per_game|eFG|three_pct|ft_pct,5,702,0.234,382,320,0.462743349163797,three_pa_per_100_team_poss=2.47; three_share=2.14; usg=0.44; blk_pct=-0.46; drb_pct=-0.85,tov_pct=-1.66; FTR=-1.52; stl_pct=-1.45; ast_tov=-1.40; ast_pct=-1.37,three_share,2.1355864290618234
role_only_no_height,k6__division_zscore__role_only_no_height__method-nnls__init-uniform__ninit-1,6,division_zscore,"z-score within division, then recombined",3000,role_only_no_height,nnls,uniform,0.2677347352386173,0.024339521385328845,11,height_inches|mins_per_game|eFG|three_pct|ft_pct,6,512,0.1706666666666666,289,223,0.4625975811723234,blk_pct=3.64; orb_pct=2.93; drb_pct=2.72; usg=0.59; FTR=-0.34,three_share=-1.55; three_pa_per_100_team_poss=-1.45; ast_tov=-0.95; tov_pct=-0.91; ast_pct=-0.81,three_share,-1.5495117914125347
role_only_no_height,k7__division_zscore__role_only_no_height__method-nnls__init-aa_plus_plus__ninit-1,7,division_zscore,"z-score within division, then recombined",3000,role_only_no_height,nnls,aa_plus_plus,0.238495041324195,0.021681367393108636,11,height_inches|mins_per_game|eFG|three_pct|ft_pct,1,294,0.098,161,133,0.4389883262975242,ast_tov=3.61; three_share=2.21; three_pa_per_100_team_poss=1.08; stl_pct=0.69; ast_pct=-0.21,tov_pct=-2.22; usg=-1.87; FTR=-1.81; drb_pct=-1.35; orb_pct=-1.04,three_share,2.206941454243018
role_only_no_height,k7__division_zscore__role_only_no_height__method-nnls__init-aa_plus_plus__ninit-1,7,division_zscore,"z-score within division, then recombined",3000,role_only_no_height,nnls,aa_plus_plus,0.238495041324195,0.021681367393108636,11,height_inches|mins_per_game|eFG|three_pct|ft_pct,2,673,0.2243333333333333,362,311,0.4457061235878949,three_pa_per_100_team_poss=2.48; three_share=2.10; usg=0.66; blk_pct=-0.39; drb_pct=-0.86,tov_pct=-1.73; stl_pct=-1.70; ast_tov=-1.40; FTR=-1.38; ast_pct=-1.36,three_share,2.097379977673016
role_only_no_height,k7__division_zscore__role_only_no_height__method-nnls__init-aa_plus_plus__ninit-1,7,division_zscore,"z-score within division, then recombined",3000,role_only_no_height,nnls,aa_plus_plus,0.238495041324195,0.021681367393108636,11,height_inches|mins_per_game|eFG|three_pct|ft_pct,3,163,0.0543333333333333,94,69,0.380094578821913,stl_pct=3.24; orb_pct=2.93; drb_pct=1.47; blk_pct=0.61; FTR=0.41,three_share=-1.55; ast_tov=-1.50; three_pa_per_100_team_poss=-1.45; ast_pct=-1.36; tov_pct=0.02,three_share,-1.5495117922629025
role_only_no_height,k7__division_zscore__role_only_no_height__method-nnls__init-aa_plus_plus__ninit-1,7,division_zscore,"z-score within division, then recombined",3000,role_only_no_height,nnls,aa_plus_plus,0.238495041324195,0.021681367393108636,11,height_inches|mins_per_game|eFG|three_pct|ft_pct,4,450,0.15,252,198,0.4636975661184712,blk_pct=3.47; orb_pct=2.89; drb_pct=2.71; usg=0.78; FTR=-0.14,three_share=-1.55; three_pa_per_100_team_poss=-1.45; ast_tov=-0.96; tov_pct=-0.73; ast_pct=-0.71,three_share,-1.5495117916676044
role_only_no_height,k7__division_zscore__role_only_no_height__method-nnls__init-aa_plus_plus__ninit-1,7,division_zscore,"z-score within division, then recombined",3000,role_only_no_height,nnls,aa_plus_plus,0.238495041324195,0.021681367393108636,11,height_inches|mins_per_game|eFG|three_pct|ft_pct,5,320,0.1066666666666666,168,152,0.4237211426671816,tov_pct=3.75; blk_pct=-0.07; stl_pct=-0.20; ast_pct=-0.25; ast_tov=-0.40,usg=-1.95; FTR=-1.71; orb_pct=-1.05; three_pa_per_100_team_poss=-1.03; drb_pct=-0.56,three_share,-0.5004204065624165
role_only_no_height,k7__division_zscore__role_only_no_height__method-nnls__init-aa_plus_plus__ninit-1,7,division_zscore,"z-score within division, then recombined",3000,role_only_no_height,nnls,aa_plus_plus,0.238495041324195,0.021681367393108636,11,height_inches|mins_per_game|eFG|three_pct|ft_pct,6,770,0.2566666666666666,413,357,0.4917715389137663,ast_pct=2.83; usg=2.25; stl_pct=1.15; ast_tov=1.03; FTR=0.75,orb_pct=-0.77; blk_pct=-0.67; drb_pct=-0.37; three_share=-0.35; tov_pct=-0.14,three_share,-0.3456390294603929
role_only_no_height,k7__division_zscore__role_only_no_height__method-nnls__init-aa_plus_plus__ninit-1,7,division_zscore,"z-score within division, then recombined",3000,role_only_no_height,nnls,aa_plus_plus,0.238495041324195,0.021681367393108636,11,height_inches|mins_per_game|eFG|three_pct|ft_pct,7,330,0.11,178,152,0.464452747318702,FTR=3.56; tov_pct=0.56; orb_pct=0.43; blk_pct=-0.50; ast_tov=-0.53,usg=-1.68; three_pa_per_100_team_poss=-1.33; stl_pct=-1.31; three_share=-1.24; ast_pct=-1.16,three_share,-1.2390968683036123
role_only_no_height,k8__division_zscore__role_only_no_height__method-nnls__init-furthest_sum__ninit-1,8,division_zscore,"z-score within division, then recombined",3000,role_only_no_height,nnls,furthest_sum,0.2143388262200273,0.0194853478381843,11,height_inches|mins_per_game|eFG|three_pct|ft_pct,1,174,0.058,96,78,0.4213632291929584,FTR=3.42; tov_pct=3.33; drb_pct=0.74; orb_pct=0.16; blk_pct=-0.02,usg=-1.72; stl_pct=-1.48; ast_pct=-1.36; ast_tov=-1.25; three_pa_per_100_team_poss=-1.11,three_share,-0.6689837264286858
role_only_no_height,k8__division_zscore__role_only_no_height__method-nnls__init-furthest_sum__ninit-1,8,division_zscore,"z-score within division, then recombined",3000,role_only_no_height,nnls,furthest_sum,0.2143388262200273,0.0194853478381843,11,height_inches|mins_per_game|eFG|three_pct|ft_pct,2,471,0.157,263,208,0.443455908590321,ast_pct=2.96; usg=2.48; FTR=0.57; ast_tov=0.40; three_pa_per_100_team_poss=0.35,orb_pct=-0.74; blk_pct=-0.73; drb_pct=-0.46; three_share=-0.44; stl_pct=-0.13,three_share,-0.4373543744267208
role_only_no_height,k8__division_zscore__role_only_no_height__method-nnls__init-furthest_sum__ninit-1,8,division_zscore,"z-score within division, then recombined",3000,role_only_no_height,nnls,furthest_sum,0.2143388262200273,0.0194853478381843,11,height_inches|mins_per_game|eFG|three_pct|ft_pct,3,99,0.033,49,50,0.3615147922957086,ast_tov=3.61; FTR=3.56; three_share=0.52; ast_pct=-0.06; orb_pct=-0.36,tov_pct=-2.33; usg=-2.19; drb_pct=-1.90; three_pa_per_100_team_poss=-1.22; stl_pct=-0.91,three_share,0.5162742644190074
role_only_no_height,k8__division_zscore__role_only_no_height__method-nnls__init-furthest_sum__ninit-1,8,division_zscore,"z-score within division, then recombined",3000,role_only_no_height,nnls,furthest_sum,0.2143388262200273,0.0194853478381843,11,height_inches|mins_per_game|eFG|three_pct|ft_pct,4,996,0.332,554,442,0.4510370126653587,three_pa_per_100_team_poss=2.47; three_share=2.21; usg=0.11; blk_pct=-0.63; orb_pct=-0.87,FTR=-1.82; tov_pct=-1.75; stl_pct=-1.57; ast_pct=-1.42; ast_tov=-1.33,three_share,2.2111528295389253
role_only_no_height,k8__division_zscore__role_only_no_height__method-nnls__init-furthest_sum__ninit-1,8,division_zscore,"z-score within division, then recombined",3000,role_only_no_height,nnls,furthest_sum,0.2143388262200273,0.0194853478381843,11,height_inches|mins_per_game|eFG|three_pct|ft_pct,5,295,0.0983333333333333,159,136,0.3951614789419916,stl_pct=3.50; usg=1.83; FTR=1.54; orb_pct=0.89; tov_pct=0.69,three_share=-1.46; three_pa_per_100_team_poss=-1.35; ast_tov=-0.82; drb_pct=-0.80; blk_pct=-0.21,three_share,-1.458100857269942
role_only_no_height,k8__division_zscore__role_only_no_height__method-nnls__init-furthest_sum__ninit-1,8,division_zscore,"z-score within division, then recombined",3000,role_only_no_height,nnls,furthest_sum,0.2143388262200273,0.0194853478381843,11,height_inches|mins_per_game|eFG|three_pct|ft_pct,6,582,0.194,317,265,0.4426284154009009,blk_pct=3.64; orb_pct=2.93; drb_pct=2.72; usg=0.58; FTR=-0.34,three_share=-1.55; three_pa_per_100_team_poss=-1.45; ast_tov=-0.95; tov_pct=-0.91; ast_pct=-0.82,three_share,-1.54951179164904
role_only_no_height,k8__division_zscore__role_only_no_height__method-nnls__init-furthest_sum__ninit-1,8,division_zscore,"z-score within division, then recombined",3000,role_only_no_height,nnls,furthest_sum,0.2143388262200273,0.0194853478381843,11,height_inches|mins_per_game|eFG|three_pct|ft_pct,7,197,0.0656666666666666,98,99,0.377781054808435,ast_tov=3.32; ast_pct=3.03; three_share=2.02; stl_pct=1.68; drb_pct=1.50,FTR=-1.95; orb_pct=-1.35; usg=-1.20; blk_pct=-0.90; tov_pct=0.96,three_share,2.023192010217415
role_only_no_height,k8__division_zscore__role_only_no_height__method-nnls__init-furthest_sum__ninit-1,8,division_zscore,"z-score within division, then recombined",3000,role_only_no_height,nnls,furthest_sum,0.2143388262200273,0.0194853478381843,11,height_inches|mins_per_game|eFG|three_pct|ft_pct,8,186,0.062,92,94,0.3914937703684024,tov_pct=3.92; blk_pct=0.40; stl_pct=0.04; drb_pct=-0.79; ast_tov=-0.81,usg=-2.12; FTR=-1.95; three_share=-1.58; three_pa_per_100_team_poss=-1.47; orb_pct=-1.07,three_share,-1.582092901300095
role_only_height_025,k6__division_zscore__role_only_height_025__method-nnls__init-aa_plus_plus__ninit-1,6,division_zscore,"z-score within division, then recombined",3000,role_only_height_025,nnls,aa_plus_plus,0.2951314491359655,0.024594287427997127,12,mins_per_game|eFG|three_pct|ft_pct,1,764,0.2546666666666666,412,352,0.5077027320443918,ast_pct=2.65; usg=2.15; stl_pct=1.83; ast_tov=0.67; FTR=0.59,height_inches=-1.41; orb_pct=-0.79; blk_pct=-0.57; drb_pct=-0.28; three_share=-0.28,three_share,-0.2793459093492558
role_only_height_025,k6__division_zscore__role_only_height_025__method-nnls__init-aa_plus_plus__ninit-1,6,division_zscore,"z-score within division, then recombined",3000,role_only_height_025,nnls,aa_plus_plus,0.2951314491359655,0.024594287427997127,12,mins_per_game|eFG|three_pct|ft_pct,2,342,0.114,180,162,0.4838557509063565,FTR=3.56; tov_pct=0.55; orb_pct=0.42; height_inches=0.24; stl_pct=-0.47,usg=-1.46; three_pa_per_100_team_poss=-1.38; three_share=-1.32; ast_pct=-1.19; ast_tov=-0.89,three_share,-1.3207033526438847
role_only_height_025,k6__division_zscore__role_only_height_025__method-nnls__init-aa_plus_plus__ninit-1,6,division_zscore,"z-score within division, then recombined",3000,role_only_height_025,nnls,aa_plus_plus,0.2951314491359655,0.024594287427997127,12,mins_per_game|eFG|three_pct|ft_pct,3,668,0.2226666666666666,366,302,0.4623177469876054,three_pa_per_100_team_poss=2.47; three_share=2.16; usg=0.33; height_inches=0.12; blk_pct=-0.46,tov_pct=-1.67; FTR=-1.58; ast_tov=-1.41; ast_pct=-1.39; stl_pct=-1.34,three_share,2.155071724908914
role_only_height_025,k6__division_zscore__role_only_height_025__method-nnls__init-aa_plus_plus__ninit-1,6,division_zscore,"z-score within division, then recombined",3000,role_only_height_025,nnls,aa_plus_plus,0.2951314491359655,0.024594287427997127,12,mins_per_game|eFG|three_pct|ft_pct,4,655,0.2183333333333333,368,287,0.4864090659074885,blk_pct=3.08; drb_pct=2.72; orb_pct=2.64; height_inches=1.84; usg=1.04,three_share=-1.56; three_pa_per_100_team_poss=-1.45; ast_tov=-1.08; stl_pct=-0.79; ast_pct=-0.78,three_share,-1.5628445188019695
role_only_height_025,k6__division_zscore__role_only_height_025__method-nnls__init-aa_plus_plus__ninit-1,6,division_zscore,"z-score within division, then recombined",3000,role_only_height_025,nnls,aa_plus_plus,0.2951314491359655,0.024594287427997127,12,mins_per_game|eFG|three_pct|ft_pct,5,338,0.1126666666666666,178,160,0.4604329118378568,ast_tov=3.57; three_share=2.01; three_pa_per_100_team_poss=0.77; stl_pct=0.09; ast_pct=0.04,tov_pct=-1.91; usg=-1.81; FTR=-1.49; drb_pct=-1.22; orb_pct=-1.07,three_share,2.005314301639382
role_only_height_025,k6__division_zscore__role_only_height_025__method-nnls__init-aa_plus_plus__ninit-1,6,division_zscore,"z-score within division, then recombined",3000,role_only_height_025,nnls,aa_plus_plus,0.2951314491359655,0.024594287427997127,12,mins_per_game|eFG|three_pct|ft_pct,6,233,0.0776666666666666,124,109,0.4381247388587916,tov_pct=3.84; blk_pct=-0.01; stl_pct=-0.05; ast_tov=-0.51; ast_pct=-0.57,usg=-2.03; FTR=-1.82; three_pa_per_100_team_poss=-1.23; three_share=-0.98; orb_pct=-0.97,three_share,-0.9834274900052068
role_only_height_025,k7__division_zscore__role_only_height_025__method-nnls__init-furthest_sum__ninit-1,7,division_zscore,"z-score within division, then recombined",3000,role_only_height_025,nnls,furthest_sum,0.263311535831513,0.021942627985959418,12,mins_per_game|eFG|three_pct|ft_pct,1,226,0.0753333333333333,115,111,0.417672088169587,tov_pct=3.88; blk_pct=0.10; stl_pct=0.02; ast_tov=-0.61; drb_pct=-0.63,usg=-2.08; FTR=-1.88; three_pa_per_100_team_poss=-1.34; three_share=-1.26; orb_pct=-0.97,three_share,-1.260057445303124
role_only_height_025,k7__division_zscore__role_only_height_025__method-nnls__init-furthest_sum__ninit-1,7,division_zscore,"z-score within division, then recombined",3000,role_only_height_025,nnls,furthest_sum,0.263311535831513,0.021942627985959418,12,mins_per_game|eFG|three_pct|ft_pct,2,295,0.0983333333333333,158,137,0.4357850920342563,ast_tov=3.61; three_share=2.21; three_pa_per_100_team_poss=1.01; stl_pct=0.60; ast_pct=-0.21,tov_pct=-2.15; usg=-1.89; FTR=-1.82; drb_pct=-1.31; orb_pct=-1.04,three_share,2.2136248121723896
role_only_height_025,k7__division_zscore__role_only_height_025__method-nnls__init-furthest_sum__ninit-1,7,division_zscore,"z-score within division, then recombined",3000,role_only_height_025,nnls,furthest_sum,0.263311535831513,0.021942627985959418,12,mins_per_game|eFG|three_pct|ft_pct,3,330,0.11,173,157,0.4644667356808276,FTR=3.56; tov_pct=0.53; orb_pct=0.47; height_inches=0.24; blk_pct=-0.52,usg=-1.70; three_share=-1.41; three_pa_per_100_team_poss=-1.39; ast_pct=-1.19; stl_pct=-1.08,three_share,-1.4108990062892504
role_only_height_025,k7__division_zscore__role_only_height_025__method-nnls__init-furthest_sum__ninit-1,7,division_zscore,"z-score within division, then recombined",3000,role_only_height_025,nnls,furthest_sum,0.263311535831513,0.021942627985959418,12,mins_per_game|eFG|three_pct|ft_pct,4,685,0.2283333333333333,382,303,0.4756498660866816,blk_pct=3.01; drb_pct=2.72; orb_pct=2.66; height_inches=1.88; usg=1.16,three_share=-1.56; three_pa_per_100_team_poss=-1.45; ast_tov=-1.05; stl_pct=-0.85; tov_pct=-0.73,three_share,-1.561945392225544
role_only_height_025,k7__division_zscore__role_only_height_025__method-nnls__init-furthest_sum__ninit-1,7,division_zscore,"z-score within division, then recombined",3000,role_only_height_025,nnls,furthest_sum,0.263311535831513,0.021942627985959418,12,mins_per_game|eFG|three_pct|ft_pct,5,413,0.1376666666666666,247,166,0.4565209745922705,ast_pct=3.02; usg=1.94; ast_tov=1.43; three_pa_per_100_team_poss=0.23; tov_pct=0.16,height_inches=-1.46; orb_pct=-1.04; drb_pct=-0.65; blk_pct=-0.60; stl_pct=-0.43,three_share,-0.3239817333258719
role_only_height_025,k7__division_zscore__role_only_height_025__method-nnls__init-furthest_sum__ninit-1,7,division_zscore,"z-score within division, then recombined",3000,role_only_height_025,nnls,furthest_sum,0.263311535831513,0.021942627985959418,12,mins_per_game|eFG|three_pct|ft_pct,6,678,0.226,365,313,0.4478373137453988,three_pa_per_100_team_poss=2.48; three_share=2.14; usg=0.49; height_inches=-0.10; blk_pct=-0.44,tov_pct=-1.73; stl_pct=-1.56; FTR=-1.51; ast_tov=-1.40; ast_pct=-1.37,three_share,2.1365617682830744
role_only_height_025,k7__division_zscore__role_only_height_025__method-nnls__init-furthest_sum__ninit-1,7,division_zscore,"z-score within division, then recombined",3000,role_only_height_025,nnls,furthest_sum,0.263311535831513,0.021942627985959418,12,mins_per_game|eFG|three_pct|ft_pct,7,373,0.1243333333333333,188,185,0.4477413622519844,stl_pct=3.49; ast_pct=1.68; usg=1.54; FTR=0.84; tov_pct=0.49,height_inches=-1.37; orb_pct=-0.44; blk_pct=-0.38; three_share=-0.31; drb_pct=-0.21,three_share,-0.3060067188575878
role_only_height_025,k8__division_zscore__role_only_height_025__method-nnls__init-furthest_first__ninit-1,8,division_zscore,"z-score within division, then recombined",3000,role_only_height_025,nnls,furthest_first,0.2447094773685976,0.020392456447383134,12,mins_per_game|eFG|three_pct|ft_pct,1,766,0.2553333333333333,411,355,0.4782242069768341,blk_pct=2.78; drb_pct=2.72; orb_pct=2.61; height_inches=2.02; usg=1.09,three_share=-1.56; three_pa_per_100_team_poss=-1.46; ast_tov=-1.11; stl_pct=-0.88; ast_pct=-0.74,three_share,-1.5640315575284165
role_only_height_025,k8__division_zscore__role_only_height_025__method-nnls__init-furthest_first__ninit-1,8,division_zscore,"z-score within division, then recombined",3000,role_only_height_025,nnls,furthest_first,0.2447094773685976,0.020392456447383134,12,mins_per_game|eFG|three_pct|ft_pct,2,386,0.1286666666666666,228,158,0.4493649554366586,ast_pct=3.02; usg=2.17; ast_tov=1.11; three_pa_per_100_team_poss=0.13; tov_pct=0.10,height_inches=-1.40; orb_pct=-1.03; blk_pct=-0.64; drb_pct=-0.59; three_share=-0.49,three_share,-0.4903095265630489
role_only_height_025,k8__division_zscore__role_only_height_025__method-nnls__init-furthest_first__ninit-1,8,division_zscore,"z-score within division, then recombined",3000,role_only_height_025,nnls,furthest_first,0.2447094773685976,0.020392456447383134,12,mins_per_game|eFG|three_pct|ft_pct,3,343,0.1143333333333333,170,173,0.4309408019064346,stl_pct=3.53; usg=1.76; ast_pct=1.11; FTR=0.85; tov_pct=0.37,height_inches=-1.01; drb_pct=-0.78; three_share=-0.54; blk_pct=-0.41; ast_tov=-0.26,three_share,-0.5428299388703721
role_only_height_025,k8__division_zscore__role_only_height_025__method-nnls__init-furthest_first__ninit-1,8,division_zscore,"z-score within division, then recombined",3000,role_only_height_025,nnls,furthest_first,0.2447094773685976,0.020392456447383134,12,mins_per_game|eFG|three_pct|ft_pct,4,180,0.06,87,93,0.3891629696383583,tov_pct=3.94; blk_pct=0.49; stl_pct=0.07; height_inches=-0.49; drb_pct=-0.82,usg=-2.13; FTR=-1.95; three_share=-1.60; three_pa_per_100_team_poss=-1.47; orb_pct=-1.11,three_share,-1.5961642566743452
role_only_height_025,k8__division_zscore__role_only_height_025__method-nnls__init-furthest_first__ninit-1,8,division_zscore,"z-score within division, then recombined",3000,role_only_height_025,nnls,furthest_first,0.2447094773685976,0.020392456447383134,12,mins_per_game|eFG|three_pct|ft_pct,5,101,0.0336666666666666,54,47,0.3613966317042416,ast_tov=3.61; FTR=3.56; three_share=0.52; height_inches=0.18; ast_pct=-0.06,tov_pct=-2.33; usg=-2.19; drb_pct=-1.90; three_pa_per_100_team_poss=-1.22; stl_pct=-0.91,three_share,0.5162742643717753
role_only_height_025,k8__division_zscore__role_only_height_025__method-nnls__init-furthest_first__ninit-1,8,division_zscore,"z-score within division, then recombined",3000,role_only_height_025,nnls,furthest_first,0.2447094773685976,0.020392456447383134,12,mins_per_game|eFG|three_pct|ft_pct,6,955,0.3183333333333333,530,425,0.449595980804347,three_pa_per_100_team_poss=2.47; three_share=2.22; usg=0.15; height_inches=-0.12; blk_pct=-0.71,FTR=-1.82; tov_pct=-1.79; stl_pct=-1.61; ast_pct=-1.40; ast_tov=-1.34,three_share,2.2217836358833303
role_only_height_025,k8__division_zscore__role_only_height_025__method-nnls__init-furthest_first__ninit-1,8,division_zscore,"z-score within division, then recombined",3000,role_only_height_025,nnls,furthest_first,0.2447094773685976,0.020392456447383134,12,mins_per_game|eFG|three_pct|ft_pct,7,163,0.0543333333333333,95,68,0.4262992627745987,FTR=3.41; tov_pct=3.24; height_inches=0.65; drb_pct=0.13; orb_pct=0.07,usg=-1.41; ast_tov=-1.35; ast_pct=-1.21; three_pa_per_100_team_poss=-1.09; stl_pct=-0.95,three_share,-0.7268548450246791
role_only_height_025,k8__division_zscore__role_only_height_025__method-nnls__init-furthest_first__ninit-1,8,division_zscore,"z-score within division, then recombined",3000,role_only_height_025,nnls,furthest_first,0.2447094773685976,0.020392456447383134,12,mins_per_game|eFG|three_pct|ft_pct,8,106,0.0353333333333333,53,53,0.3601115726474856,ast_tov=3.32; ast_pct=3.03; three_share=2.13; drb_pct=2.09; stl_pct=1.69,FTR=-1.95; orb_pct=-1.51; usg=-1.33; blk_pct=-0.90; height_inches=-0.05,three_share,2.129045539041096
quality_lite_no_height,k6__division_zscore__quality_lite_no_height__method-nnls__init-aa_plus_plus__ninit-1,6,division_zscore,"z-score within division, then recombined",3000,quality_lite_no_height,nnls,aa_plus_plus,0.3318744542043277,0.023705318157451978,14,height_inches|mins_per_game,1,839,0.2796666666666667,465,374,0.4819226714238443,three_pa_per_100_team_poss=2.47; three_share=1.97; ft_pct=0.74; three_pct=0.68; eFG=0.47,tov_pct=-1.51; ast_pct=-1.38; ast_tov=-1.30; FTR=-1.17; stl_pct=-0.92,three_share,1.9669731387683191
quality_lite_no_height,k6__division_zscore__quality_lite_no_height__method-nnls__init-aa_plus_plus__ninit-1,6,division_zscore,"z-score within division, then recombined",3000,quality_lite_no_height,nnls,aa_plus_plus,0.3318744542043277,0.023705318157451978,14,height_inches|mins_per_game,2,210,0.07,106,104,0.4407402226984385,tov_pct=3.78; stl_pct=-0.12; blk_pct=-0.13; ast_pct=-0.39; ast_tov=-0.44,ft_pct=-3.01; eFG=-2.10; usg=-1.92; FTR=-1.75; three_pa_per_100_team_poss=-1.21,three_share,-0.9584837535516348
quality_lite_no_height,k6__division_zscore__quality_lite_no_height__method-nnls__init-aa_plus_plus__ninit-1,6,division_zscore,"z-score within division, then recombined",3000,quality_lite_no_height,nnls,aa_plus_plus,0.3318744542043277,0.023705318157451978,14,height_inches|mins_per_game,3,459,0.153,256,203,0.4720511160361476,blk_pct=3.64; orb_pct=2.92; drb_pct=2.71; eFG=0.64; usg=0.51,three_pct=-1.93; three_share=-1.55; three_pa_per_100_team_poss=-1.45; ast_tov=-1.02; ast_pct=-0.89,three_share,-1.5495117913583154
quality_lite_no_height,k6__division_zscore__quality_lite_no_height__method-nnls__init-aa_plus_plus__ninit-1,6,division_zscore,"z-score within division, then recombined",3000,quality_lite_no_height,nnls,aa_plus_plus,0.3318744542043277,0.023705318157451978,14,height_inches|mins_per_game,4,742,0.2473333333333333,404,338,0.5061546064784389,ast_pct=2.68; usg=2.23; stl_pct=1.71; ft_pct=0.73; FTR=0.51,orb_pct=-0.73; blk_pct=-0.54; three_share=-0.35; eFG=-0.26; drb_pct=-0.23,three_share,-0.3452847791576988
quality_lite_no_height,k6__division_zscore__quality_lite_no_height__method-nnls__init-aa_plus_plus__ninit-1,6,division_zscore,"z-score within division, then recombined",3000,quality_lite_no_height,nnls,aa_plus_plus,0.3318744542043277,0.023705318157451978,14,height_inches|mins_per_game,5,385,0.1283333333333333,207,178,0.4905553136314093,FTR=3.54; orb_pct=0.68; tov_pct=0.54; eFG=0.35; drb_pct=-0.29,three_pct=-1.58; three_pa_per_100_team_poss=-1.32; three_share=-1.23; ast_pct=-1.21; usg=-1.21,three_share,-1.2278820543399975
quality_lite_no_height,k6__division_zscore__quality_lite_no_height__method-nnls__init-aa_plus_plus__ninit-1,6,division_zscore,"z-score within division, then recombined",3000,quality_lite_no_height,nnls,aa_plus_plus,0.3318744542043277,0.023705318157451978,14,height_inches|mins_per_game,6,365,0.1216666666666666,190,175,0.4750526939685237,ast_tov=3.61; three_share=1.39; three_pa_per_100_team_poss=0.62; three_pct=0.46; ast_pct=0.34,tov_pct=-1.81; usg=-1.64; drb_pct=-1.04; orb_pct=-1.01; FTR=-0.97,three_share,1.3924506609483218
quality_lite_no_height,k7__division_zscore__quality_lite_no_height__method-nnls__init-uniform__ninit-1,7,division_zscore,"z-score within division, then recombined",3000,quality_lite_no_height,nnls,uniform,0.3057733967215648,0.0218409569086832,14,height_inches|mins_per_game,1,410,0.1366666666666666,223,187,0.4745940911079103,FTR=3.55; orb_pct=0.95; eFG=0.61; tov_pct=0.42; blk_pct=-0.15,three_pct=-1.71; three_pa_per_100_team_poss=-1.36; usg=-1.32; three_share=-1.32; ast_pct=-1.15,three_share,-1.3234673281595553
quality_lite_no_height,k7__division_zscore__quality_lite_no_height__method-nnls__init-uniform__ninit-1,7,division_zscore,"z-score within division, then recombined",3000,quality_lite_no_height,nnls,uniform,0.3057733967215648,0.0218409569086832,14,height_inches|mins_per_game,2,836,0.2786666666666667,458,378,0.4601655417019247,three_pa_per_100_team_poss=2.44; three_share=1.96; ft_pct=0.84; three_pct=0.69; usg=0.59,tov_pct=-1.62; ast_tov=-1.34; stl_pct=-1.33; ast_pct=-1.32; FTR=-0.98,three_share,1.957104764576442
quality_lite_no_height,k7__division_zscore__quality_lite_no_height__method-nnls__init-uniform__ninit-1,7,division_zscore,"z-score within division, then recombined",3000,quality_lite_no_height,nnls,uniform,0.3057733967215648,0.0218409569086832,14,height_inches|mins_per_game,3,389,0.1296666666666666,219,170,0.4576771015188351,blk_pct=3.93; orb_pct=2.92; drb_pct=2.71; eFG=0.49; usg=0.05,three_pct=-1.93; three_share=-1.55; three_pa_per_100_team_poss=-1.45; ast_pct=-1.16; ast_tov=-1.08,three_share,-1.549511791767536
quality_lite_no_height,k7__division_zscore__quality_lite_no_height__method-nnls__init-uniform__ninit-1,7,division_zscore,"z-score within division, then recombined",3000,quality_lite_no_height,nnls,uniform,0.3057733967215648,0.0218409569086832,14,height_inches|mins_per_game,4,335,0.1116666666666666,174,161,0.469291657365989,ast_tov=3.61; three_share=1.69; three_pa_per_100_team_poss=0.96; three_pct=0.46; stl_pct=0.38,tov_pct=-1.85; usg=-1.57; drb_pct=-1.20; FTR=-1.19; orb_pct=-0.99,three_share,1.6888203611578685
quality_lite_no_height,k7__division_zscore__quality_lite_no_height__method-nnls__init-uniform__ninit-1,7,division_zscore,"z-score within division, then recombined",3000,quality_lite_no_height,nnls,uniform,0.3057733967215648,0.0218409569086832,14,height_inches|mins_per_game,5,339,0.113,178,161,0.4399483238331194,stl_pct=3.47; usg=1.59; ast_pct=1.55; FTR=0.80; three_pct=0.51,drb_pct=-0.83; orb_pct=-0.69; blk_pct=-0.57; eFG=-0.42; three_share=-0.10,three_share,-0.10399863677499
quality_lite_no_height,k7__division_zscore__quality_lite_no_height__method-nnls__init-uniform__ninit-1,7,division_zscore,"z-score within division, then recombined",3000,quality_lite_no_height,nnls,uniform,0.3057733967215648,0.0218409569086832,14,height_inches|mins_per_game,6,224,0.0746666666666666,112,112,0.4250744613967529,tov_pct=3.79; stl_pct=-0.11; blk_pct=-0.11; ast_pct=-0.42; ast_tov=-0.45,ft_pct=-3.10; eFG=-2.15; usg=-1.94; FTR=-1.76; three_pct=-1.24,three_share,-0.9500057253113044
quality_lite_no_height,k7__division_zscore__quality_lite_no_height__method-nnls__init-uniform__ninit-1,7,division_zscore,"z-score within division, then recombined",3000,quality_lite_no_height,nnls,uniform,0.3057733967215648,0.0218409569086832,14,height_inches|mins_per_game,7,467,0.1556666666666666,264,203,0.4500973109087519,ast_pct=3.02; usg=2.12; ast_tov=1.05; ft_pct=0.66; FTR=0.21,orb_pct=-0.76; three_share=-0.65; blk_pct=-0.58; stl_pct=-0.30; three_pa_per_100_team_poss=-0.18,three_share,-0.6542632044391511
quality_lite_no_height,k8__division_zscore__quality_lite_no_height__method-nnls__init-uniform__ninit-1,8,division_zscore,"z-score within division, then recombined",3000,quality_lite_no_height,nnls,uniform,0.2783043367516002,0.019878881196542873,14,height_inches|mins_per_game,1,241,0.0803333333333333,113,128,0.435758447968365,stl_pct=3.42; FTR=2.22; tov_pct=1.44; ast_pct=1.32; usg=0.93,three_share=-0.62; three_pa_per_100_team_poss=-0.58; orb_pct=-0.51; drb_pct=-0.47; blk_pct=-0.27,three_share,-0.6242217858515747
quality_lite_no_height,k8__division_zscore__quality_lite_no_height__method-nnls__init-uniform__ninit-1,8,division_zscore,"z-score within division, then recombined",3000,quality_lite_no_height,nnls,uniform,0.2783043367516002,0.019878881196542873,14,height_inches|mins_per_game,2,189,0.063,107,82,0.4564765187094199,FTR=3.56; tov_pct=0.65; orb_pct=0.39; eFG=0.32; blk_pct=0.30,usg=-2.08; three_pct=-1.70; stl_pct=-1.67; three_pa_per_100_team_poss=-1.33; three_share=-1.23,three_share,-1.2273616723979262
quality_lite_no_height,k8__division_zscore__quality_lite_no_height__method-nnls__init-uniform__ninit-1,8,division_zscore,"z-score within division, then recombined",3000,quality_lite_no_height,nnls,uniform,0.2783043367516002,0.019878881196542873,14,height_inches|mins_per_game,3,488,0.1626666666666666,284,204,0.454393699196468,ast_pct=3.03; usg=2.02; ast_tov=1.49; ft_pct=1.05; three_pa_per_100_team_poss=0.45,orb_pct=-0.98; drb_pct=-0.65; blk_pct=-0.59; FTR=-0.46; stl_pct=-0.40,three_share,-0.2852825894144012
quality_lite_no_height,k8__division_zscore__quality_lite_no_height__method-nnls__init-uniform__ninit-1,8,division_zscore,"z-score within division, then recombined",3000,quality_lite_no_height,nnls,uniform,0.2783043367516002,0.019878881196542873,14,height_inches|mins_per_game,4,247,0.0823333333333333,144,103,0.482946233677228,blk_pct=4.02; orb_pct=2.28; drb_pct=2.05; eFG=1.12; tov_pct=-0.29,three_pct=-1.94; three_share=-1.55; three_pa_per_100_team_poss=-1.45; ast_pct=-1.13; ast_tov=-1.12,three_share,-1.5530142664061548
quality_lite_no_height,k8__division_zscore__quality_lite_no_height__method-nnls__init-uniform__ninit-1,8,division_zscore,"z-score within division, then recombined",3000,quality_lite_no_height,nnls,uniform,0.2783043367516002,0.019878881196542873,14,height_inches|mins_per_game,5,929,0.3096666666666666,517,412,0.4733175390766912,three_pa_per_100_team_poss=2.49; three_share=1.97; ft_pct=0.87; three_pct=0.64; usg=0.44,tov_pct=-1.48; ast_pct=-1.35; FTR=-1.23; ast_tov=-1.19; orb_pct=-0.85,three_share,1.9730332607560368
quality_lite_no_height,k8__division_zscore__quality_lite_no_height__method-nnls__init-uniform__ninit-1,8,division_zscore,"z-score within division, then recombined",3000,quality_lite_no_height,nnls,uniform,0.2783043367516002,0.019878881196542873,14,height_inches|mins_per_game,6,279,0.093,143,136,0.468210645804107,ast_tov=3.59; three_share=1.56; three_pa_per_100_team_poss=0.77; three_pct=0.49; stl_pct=0.38,tov_pct=-1.89; usg=-1.64; FTR=-1.16; drb_pct=-1.11; orb_pct=-0.95,three_share,1.5644255378029357
quality_lite_no_height,k8__division_zscore__quality_lite_no_height__method-nnls__init-uniform__ninit-1,8,division_zscore,"z-score within division, then recombined",3000,quality_lite_no_height,nnls,uniform,0.2783043367516002,0.019878881196542873,14,height_inches|mins_per_game,7,199,0.0663333333333333,95,104,0.416259482813419,tov_pct=3.81; stl_pct=0.02; ast_tov=-0.24; drb_pct=-0.34; ast_pct=-0.55,ft_pct=-3.27; eFG=-2.36; usg=-1.99; FTR=-1.80; three_pct=-1.45,three_share,-1.0667500175714373
quality_lite_no_height,k8__division_zscore__quality_lite_no_height__method-nnls__init-uniform__ninit-1,8,division_zscore,"z-score within division, then recombined",3000,quality_lite_no_height,nnls,uniform,0.2783043367516002,0.019878881196542873,14,height_inches|mins_per_game,8,428,0.1426666666666666,225,203,0.4376478601277311,orb_pct=2.78; drb_pct=2.65; FTR=1.72; usg=1.37; blk_pct=0.73,three_share=-1.31; three_pa_per_100_team_poss=-1.19; ast_tov=-1.02; tov_pct=-0.76; ast_pct=-0.66,three_share,-1.3087395895481029
quality_lite_height_025,k6__division_zscore__quality_lite_height_025__method-nnls__init-uniform__ninit-1,6,division_zscore,"z-score within division, then recombined",3000,quality_lite_height_025,nnls,uniform,0.3613318451462657,0.024088789676417713,15,mins_per_game,1,391,0.1303333333333333,203,188,0.4777166882017243,ast_tov=3.59; three_share=1.42; three_pa_per_100_team_poss=0.75; three_pct=0.49; ast_pct=0.40,tov_pct=-1.67; usg=-1.48; drb_pct=-1.14; FTR=-1.05; orb_pct=-0.97,three_share,1.4177424575468458
quality_lite_height_025,k6__division_zscore__quality_lite_height_025__method-nnls__init-uniform__ninit-1,6,division_zscore,"z-score within division, then recombined",3000,quality_lite_height_025,nnls,uniform,0.3613318451462657,0.024088789676417713,15,mins_per_game,2,326,0.1086666666666666,172,154,0.4943497310566704,FTR=3.52; tov_pct=0.75; orb_pct=0.52; height_inches=0.33; eFG=0.23,three_pct=-1.55; usg=-1.42; three_pa_per_100_team_poss=-1.31; three_share=-1.25; ast_pct=-1.19,three_share,-1.2537508087124845
quality_lite_height_025,k6__division_zscore__quality_lite_height_025__method-nnls__init-uniform__ninit-1,6,division_zscore,"z-score within division, then recombined",3000,quality_lite_height_025,nnls,uniform,0.3613318451462657,0.024088789676417713,15,mins_per_game,3,697,0.2323333333333333,378,319,0.5064797994274349,ast_pct=2.65; usg=2.21; stl_pct=1.82; ft_pct=0.87; FTR=0.53,height_inches=-1.49; orb_pct=-0.79; blk_pct=-0.56; eFG=-0.27; drb_pct=-0.27,three_share,-0.2126560372989678
quality_lite_height_025,k6__division_zscore__quality_lite_height_025__method-nnls__init-uniform__ninit-1,6,division_zscore,"z-score within division, then recombined",3000,quality_lite_height_025,nnls,uniform,0.3613318451462657,0.024088789676417713,15,mins_per_game,4,184,0.0613333333333333,98,86,0.4379973419907649,tov_pct=3.82; blk_pct=-0.03; stl_pct=-0.04; ast_tov=-0.53; ast_pct=-0.56,ft_pct=-3.26; eFG=-2.36; usg=-1.99; FTR=-1.80; three_pct=-1.44,three_share,-1.0481051188246748
quality_lite_height_025,k6__division_zscore__quality_lite_height_025__method-nnls__init-uniform__ninit-1,6,division_zscore,"z-score within division, then recombined",3000,quality_lite_height_025,nnls,uniform,0.3613318451462657,0.024088789676417713,15,mins_per_game,5,803,0.2676666666666666,443,360,0.480580169897724,three_pa_per_100_team_poss=2.48; three_share=1.98; ft_pct=0.71; three_pct=0.67; usg=0.50,tov_pct=-1.54; ast_pct=-1.33; ast_tov=-1.24; FTR=-1.18; stl_pct=-0.95,three_share,1.9804535654756872
quality_lite_height_025,k6__division_zscore__quality_lite_height_025__method-nnls__init-uniform__ninit-1,6,division_zscore,"z-score within division, then recombined",3000,quality_lite_height_025,nnls,uniform,0.3613318451462657,0.024088789676417713,15,mins_per_game,6,599,0.1996666666666666,334,265,0.4881832539556246,blk_pct=3.07; drb_pct=2.70; orb_pct=2.65; height_inches=1.84; usg=1.04,three_pct=-1.94; three_share=-1.56; three_pa_per_100_team_poss=-1.45; ast_tov=-1.06; stl_pct=-0.79,three_share,-1.5617306579686732
quality_lite_height_025,k7__division_zscore__quality_lite_height_025__method-nnls__init-furthest_first__ninit-1,7,division_zscore,"z-score within division, then recombined",3000,quality_lite_height_025,nnls,furthest_first,0.3332879083767823,0.022219193891785487,15,mins_per_game,1,398,0.1326666666666666,205,193,0.4805340497010158,ast_tov=3.61; three_share=1.24; three_pa_per_100_team_poss=0.62; ast_pct=0.62; three_pct=0.56,tov_pct=-1.50; usg=-1.35; drb_pct=-1.08; orb_pct=-0.97; FTR=-0.89,three_share,1.2410001027146849
quality_lite_height_025,k7__division_zscore__quality_lite_height_025__method-nnls__init-furthest_first__ninit-1,7,division_zscore,"z-score within division, then recombined",3000,quality_lite_height_025,nnls,furthest_first,0.3332879083767823,0.022219193891785487,15,mins_per_game,2,222,0.074,127,95,0.5051952142821888,blk_pct=4.04; height_inches=1.77; orb_pct=1.71; eFG=1.28; drb_pct=0.94,three_pct=-1.99; three_share=-1.52; three_pa_per_100_team_poss=-1.42; ast_tov=-1.29; ast_pct=-1.28,three_share,-1.522829749439261
quality_lite_height_025,k7__division_zscore__quality_lite_height_025__method-nnls__init-furthest_first__ninit-1,7,division_zscore,"z-score within division, then recombined",3000,quality_lite_height_025,nnls,furthest_first,0.3332879083767823,0.022219193891785487,15,mins_per_game,3,273,0.091,147,126,0.4735424091120179,FTR=3.53; tov_pct=0.94; orb_pct=0.11; height_inches=-0.00; eFG=-0.04,usg=-1.66; three_pct=-1.58; three_pa_per_100_team_poss=-1.30; ast_pct=-1.28; three_share=-1.16,three_share,-1.160754890903453
quality_lite_height_025,k7__division_zscore__quality_lite_height_025__method-nnls__init-furthest_first__ninit-1,7,division_zscore,"z-score within division, then recombined",3000,quality_lite_height_025,nnls,furthest_first,0.3332879083767823,0.022219193891785487,15,mins_per_game,4,175,0.0583333333333333,92,83,0.4269945695100422,tov_pct=3.83; stl_pct=0.05; ast_tov=-0.21; drb_pct=-0.34; ast_pct=-0.56,ft_pct=-3.37; eFG=-2.40; usg=-2.00; FTR=-1.81; three_pct=-1.47,three_share,-1.0770863933466284
quality_lite_height_025,k7__division_zscore__quality_lite_height_025__method-nnls__init-furthest_first__ninit-1,7,division_zscore,"z-score within division, then recombined",3000,quality_lite_height_025,nnls,furthest_first,0.3332879083767823,0.022219193891785487,15,mins_per_game,5,854,0.2846666666666667,482,372,0.4805535786718281,three_pa_per_100_team_poss=2.48; three_share=2.02; ft_pct=0.65; three_pct=0.63; eFG=0.40,tov_pct=-1.55; FTR=-1.32; ast_pct=-1.31; ast_tov=-1.13; stl_pct=-0.81,three_share,2.018791006611088
quality_lite_height_025,k7__division_zscore__quality_lite_height_025__method-nnls__init-furthest_first__ninit-1,7,division_zscore,"z-score within division, then recombined",3000,quality_lite_height_025,nnls,furthest_first,0.3332879083767823,0.022219193891785487,15,mins_per_game,6,593,0.1976666666666666,321,272,0.4906332213699976,ast_pct=2.50; stl_pct=2.28; usg=2.21; ft_pct=1.07; three_pa_per_100_team_poss=0.48,height_inches=-1.63; orb_pct=-0.88; blk_pct=-0.46; drb_pct=-0.41; eFG=-0.26,three_share,-0.0673687856235978
quality_lite_height_025,k7__division_zscore__quality_lite_height_025__method-nnls__init-furthest_first__ninit-1,7,division_zscore,"z-score within division, then recombined",3000,quality_lite_height_025,nnls,furthest_first,0.3332879083767823,0.022219193891785487,15,mins_per_game,7,485,0.1616666666666666,254,231,0.4543727744579504,orb_pct=2.80; drb_pct=2.70; usg=2.00; height_inches=1.69; blk_pct=1.51,three_share=-1.45; three_pa_per_100_team_poss=-1.33; three_pct=-0.82; stl_pct=-0.70; ast_tov=-0.62,three_share,-1.4488254019319378
quality_lite_height_025,k8__division_zscore__quality_lite_height_025__method-nnls__init-aa_plus_plus__ninit-1,8,division_zscore,"z-score within division, then recombined",3000,quality_lite_height_025,nnls,aa_plus_plus,0.3103732990195132,0.02069155326796755,15,mins_per_game,1,911,0.3036666666666666,501,410,0.4645766389877503,three_pa_per_100_team_poss=2.49; three_share=2.00; ft_pct=0.81; three_pct=0.68; usg=0.53,tov_pct=-1.58; ast_pct=-1.29; FTR=-1.23; ast_tov=-1.22; stl_pct=-0.94,three_share,2.004674957401093
quality_lite_height_025,k8__division_zscore__quality_lite_height_025__method-nnls__init-aa_plus_plus__ninit-1,8,division_zscore,"z-score within division, then recombined",3000,quality_lite_height_025,nnls,aa_plus_plus,0.3103732990195132,0.02069155326796755,15,mins_per_game,2,173,0.0576666666666666,93,80,0.4312188994505668,FTR=3.56; orb_pct=0.15; stl_pct=0.09; height_inches=-0.22; blk_pct=-0.68,three_pct=-1.93; ast_pct=-1.40; three_pa_per_100_team_poss=-1.32; three_share=-1.27; ft_pct=-1.23,three_share,-1.267328708548626
quality_lite_height_025,k8__division_zscore__quality_lite_height_025__method-nnls__init-aa_plus_plus__ninit-1,8,division_zscore,"z-score within division, then recombined",3000,quality_lite_height_025,nnls,aa_plus_plus,0.3103732990195132,0.02069155326796755,15,mins_per_game,3,296,0.0986666666666666,150,146,0.4639393315254951,ast_tov=3.60; three_share=1.74; three_pa_per_100_team_poss=1.00; three_pct=0.46; stl_pct=0.45,tov_pct=-1.88; usg=-1.58; FTR=-1.29; drb_pct=-1.25; orb_pct=-0.99,three_share,1.7423336372142282
quality_lite_height_025,k8__division_zscore__quality_lite_height_025__method-nnls__init-aa_plus_plus__ninit-1,8,division_zscore,"z-score within division, then recombined",3000,quality_lite_height_025,nnls,aa_plus_plus,0.3103732990195132,0.02069155326796755,15,mins_per_game,4,318,0.106,160,158,0.4405207440516877,stl_pct=3.44; ast_pct=1.70; usg=1.64; FTR=0.62; tov_pct=0.39,height_inches=-1.04; three_share=-0.55; blk_pct=-0.38; eFG=-0.18; orb_pct=-0.15,three_share,-0.549987211146274
quality_lite_height_025,k8__division_zscore__quality_lite_height_025__method-nnls__init-aa_plus_plus__ninit-1,8,division_zscore,"z-score within division, then recombined",3000,quality_lite_height_025,nnls,aa_plus_plus,0.3103732990195132,0.02069155326796755,15,mins_per_game,5,394,0.1313333333333333,234,160,0.45240876322191,ast_pct=3.01; usg=2.09; ast_tov=1.48; ft_pct=0.91; three_pct=0.57,height_inches=-1.79; drb_pct=-0.90; orb_pct=-0.86; blk_pct=-0.64; FTR=-0.42,three_share,-0.255435392548751
quality_lite_height_025,k8__division_zscore__quality_lite_height_025__method-nnls__init-aa_plus_plus__ninit-1,8,division_zscore,"z-score within division, then recombined",3000,quality_lite_height_025,nnls,aa_plus_plus,0.3103732990195132,0.02069155326796755,15,mins_per_game,6,128,0.0426666666666666,67,61,0.4026688218899011,tov_pct=3.94; blk_pct=0.28; stl_pct=0.10; height_inches=-0.53; drb_pct=-0.72,ft_pct=-3.97; eFG=-3.17; usg=-2.13; three_pct=-2.08; FTR=-1.95,three_share,-1.5961642566244671
quality_lite_height_025,k8__division_zscore__quality_lite_height_025__method-nnls__init-aa_plus_plus__ninit-1,8,division_zscore,"z-score within division, then recombined",3000,quality_lite_height_025,nnls,aa_plus_plus,0.3103732990195132,0.02069155326796755,15,mins_per_game,7,706,0.2353333333333333,390,316,0.4885986109697126,blk_pct=2.87; orb_pct=2.65; drb_pct=2.60; height_inches=1.99; eFG=1.26,three_pct=-1.81; three_share=-1.55; three_pa_per_100_team_poss=-1.45; ast_tov=-1.03; stl_pct=-1.01,three_share,-1.55031584988295
quality_lite_height_025,k8__division_zscore__quality_lite_height_025__method-nnls__init-aa_plus_plus__ninit-1,8,division_zscore,"z-score within division, then recombined",3000,quality_lite_height_025,nnls,aa_plus_plus,0.3103732990195132,0.02069155326796755,15,mins_per_game,8,74,0.0246666666666666,33,41,0.3686186568139477,tov_pct=3.57; FTR=3.10; eFG=2.23; three_pct=1.57; ast_pct=1.12,usg=-1.60; orb_pct=-1.51; stl_pct=-1.25; three_pa_per_100_team_poss=-1.13; height_inches=-1.04,three_share,-0.1639213766438126
role_only_no_height,k6__division_zscore__role_only_no_height__method-nnls__init-uniform__ninit-1,6,division_zscore,"z-score within division, then recombined",3000,role_only_no_height,nnls,uniform,0.2677347352386173,0.024339521385328845,11,height_inches|mins_per_game|eFG|three_pct|ft_pct,1,309,0.103,166,143,0.456535662591947,ast_tov=3.61; three_share=1.83; three_pa_per_100_team_poss=0.65; stl_pct=0.48; ast_pct=-0.02,tov_pct=-2.10; usg=-1.93; FTR=-1.50; drb_pct=-1.13; orb_pct=-1.06,three_pa_per_100_team_poss,0.6470169921259094
role_only_no_height,k6__division_zscore__role_only_no_height__method-nnls__init-uniform__ninit-1,6,division_zscore,"z-score within division, then recombined",3000,role_only_no_height,nnls,uniform,0.2677347352386173,0.024339521385328845,11,height_inches|mins_per_game|eFG|three_pct|ft_pct,2,415,0.1383333333333333,223,192,0.4794788410924968,FTR=3.56; orb_pct=0.65; tov_pct=0.49; drb_pct=-0.45; blk_pct=-0.49,three_share=-1.41; three_pa_per_100_team_poss=-1.38; usg=-1.22; ast_pct=-1.20; ast_tov=-1.03,three_pa_per_100_team_poss,-1.3839115049601496
role_only_no_height,k6__division_zscore__role_only_no_height__method-nnls__init-uniform__ninit-1,6,division_zscore,"z-score within division, then recombined",3000,role_only_no_height,nnls,uniform,0.2677347352386173,0.024339521385328845,11,height_inches|mins_per_game|eFG|three_pct|ft_pct,3,800,0.2666666666666666,433,367,0.505250294172251,ast_pct=2.70; usg=2.10; stl_pct=1.74; ast_tov=0.74; FTR=0.70,orb_pct=-0.75; blk_pct=-0.63; three_share=-0.38; drb_pct=-0.30; three_pa_per_100_team_poss=0.11,three_pa_per_100_team_poss,0.1089170684240342
role_only_no_height,k6__division_zscore__role_only_no_height__method-nnls__init-uniform__ninit-1,6,division_zscore,"z-score within division, then recombined",3000,role_only_no_height,nnls,uniform,0.2677347352386173,0.024339521385328845,11,height_inches|mins_per_game|eFG|three_pct|ft_pct,4,262,0.0873333333333333,135,127,0.4408056532664042,tov_pct=3.80; blk_pct=-0.10; stl_pct=-0.11; ast_pct=-0.43; ast_tov=-0.43,usg=-1.99; FTR=-1.77; three_pa_per_100_team_poss=-1.14; orb_pct=-0.97; three_share=-0.78,three_pa_per_100_team_poss,-1.1413839202482297
role_only_no_height,k6__division_zscore__role_only_no_height__method-nnls__init-uniform__ninit-1,6,division_zscore,"z-score within division, then recombined",3000,role_only_no_height,nnls,uniform,0.2677347352386173,0.024339521385328845,11,height_inches|mins_per_game|eFG|three_pct|ft_pct,5,702,0.234,382,320,0.462743349163797,three_pa_per_100_team_poss=2.47; three_share=2.14; usg=0.44; blk_pct=-0.46; drb_pct=-0.85,tov_pct=-1.66; FTR=-1.52; stl_pct=-1.45; ast_tov=-1.40; ast_pct=-1.37,three_pa_per_100_team_poss,2.4691739877385825
role_only_no_height,k6__division_zscore__role_only_no_height__method-nnls__init-uniform__ninit-1,6,division_zscore,"z-score within division, then recombined",3000,role_only_no_height,nnls,uniform,0.2677347352386173,0.024339521385328845,11,height_inches|mins_per_game|eFG|three_pct|ft_pct,6,512,0.1706666666666666,289,223,0.4625975811723234,blk_pct=3.64; orb_pct=2.93; drb_pct=2.72; usg=0.59; FTR=-0.34,three_share=-1.55; three_pa_per_100_team_poss=-1.45; ast_tov=-0.95; tov_pct=-0.91; ast_pct=-0.81,three_pa_per_100_team_poss,-1.4475592882179509
role_only_no_height,k7__division_zscore__role_only_no_height__method-nnls__init-aa_plus_plus__ninit-1,7,division_zscore,"z-score within division, then recombined",3000,role_only_no_height,nnls,aa_plus_plus,0.238495041324195,0.021681367393108636,11,height_inches|mins_per_game|eFG|three_pct|ft_pct,1,294,0.098,161,133,0.4389883262975242,ast_tov=3.61; three_share=2.21; three_pa_per_100_team_poss=1.08; stl_pct=0.69; ast_pct=-0.21,tov_pct=-2.22; usg=-1.87; FTR=-1.81; drb_pct=-1.35; orb_pct=-1.04,three_pa_per_100_team_poss,1.0767346774430644
role_only_no_height,k7__division_zscore__role_only_no_height__method-nnls__init-aa_plus_plus__ninit-1,7,division_zscore,"z-score within division, then recombined",3000,role_only_no_height,nnls,aa_plus_plus,0.238495041324195,0.021681367393108636,11,height_inches|mins_per_game|eFG|three_pct|ft_pct,2,673,0.2243333333333333,362,311,0.4457061235878949,three_pa_per_100_team_poss=2.48; three_share=2.10; usg=0.66; blk_pct=-0.39; drb_pct=-0.86,tov_pct=-1.73; stl_pct=-1.70; ast_tov=-1.40; FTR=-1.38; ast_pct=-1.36,three_pa_per_100_team_poss,2.4837015377783085
role_only_no_height,k7__division_zscore__role_only_no_height__method-nnls__init-aa_plus_plus__ninit-1,7,division_zscore,"z-score within division, then recombined",3000,role_only_no_height,nnls,aa_plus_plus,0.238495041324195,0.021681367393108636,11,height_inches|mins_per_game|eFG|three_pct|ft_pct,3,163,0.0543333333333333,94,69,0.380094578821913,stl_pct=3.24; orb_pct=2.93; drb_pct=1.47; blk_pct=0.61; FTR=0.41,three_share=-1.55; ast_tov=-1.50; three_pa_per_100_team_poss=-1.45; ast_pct=-1.36; tov_pct=0.02,three_pa_per_100_team_poss,-1.447559289012337
role_only_no_height,k7__division_zscore__role_only_no_height__method-nnls__init-aa_plus_plus__ninit-1,7,division_zscore,"z-score within division, then recombined",3000,role_only_no_height,nnls,aa_plus_plus,0.238495041324195,0.021681367393108636,11,height_inches|mins_per_game|eFG|three_pct|ft_pct,4,450,0.15,252,198,0.4636975661184712,blk_pct=3.47; orb_pct=2.89; drb_pct=2.71; usg=0.78; FTR=-0.14,three_share=-1.55; three_pa_per_100_team_poss=-1.45; ast_tov=-0.96; tov_pct=-0.73; ast_pct=-0.71,three_pa_per_100_team_poss,-1.4475592884562123
role_only_no_height,k7__division_zscore__role_only_no_height__method-nnls__init-aa_plus_plus__ninit-1,7,division_zscore,"z-score within division, then recombined",3000,role_only_no_height,nnls,aa_plus_plus,0.238495041324195,0.021681367393108636,11,height_inches|mins_per_game|eFG|three_pct|ft_pct,5,320,0.1066666666666666,168,152,0.4237211426671816,tov_pct=3.75; blk_pct=-0.07; stl_pct=-0.20; ast_pct=-0.25; ast_tov=-0.40,usg=-1.95; FTR=-1.71; orb_pct=-1.05; three_pa_per_100_team_poss=-1.03; drb_pct=-0.56,three_pa_per_100_team_poss,-1.0292348654843628
role_only_no_height,k7__division_zscore__role_only_no_height__method-nnls__init-aa_plus_plus__ninit-1,7,division_zscore,"z-score within division, then recombined",3000,role_only_no_height,nnls,aa_plus_plus,0.238495041324195,0.021681367393108636,11,height_inches|mins_per_game|eFG|three_pct|ft_pct,6,770,0.2566666666666666,413,357,0.4917715389137663,ast_pct=2.83; usg=2.25; stl_pct=1.15; ast_tov=1.03; FTR=0.75,orb_pct=-0.77; blk_pct=-0.67; drb_pct=-0.37; three_share=-0.35; tov_pct=-0.14,three_pa_per_100_team_poss,0.1925418896592301
role_only_no_height,k7__division_zscore__role_only_no_height__method-nnls__init-aa_plus_plus__ninit-1,7,division_zscore,"z-score within division, then recombined",3000,role_only_no_height,nnls,aa_plus_plus,0.238495041324195,0.021681367393108636,11,height_inches|mins_per_game|eFG|three_pct|ft_pct,7,330,0.11,178,152,0.464452747318702,FTR=3.56; tov_pct=0.56; orb_pct=0.43; blk_pct=-0.50; ast_tov=-0.53,usg=-1.68; three_pa_per_100_team_poss=-1.33; stl_pct=-1.31; three_share=-1.24; ast_pct=-1.16,three_pa_per_100_team_poss,-1.329152289385333
role_only_no_height,k8__division_zscore__role_only_no_height__method-nnls__init-furthest_sum__ninit-1,8,division_zscore,"z-score within division, then recombined",3000,role_only_no_height,nnls,furthest_sum,0.2143388262200273,0.0194853478381843,11,height_inches|mins_per_game|eFG|three_pct|ft_pct,1,174,0.058,96,78,0.4213632291929584,FTR=3.42; tov_pct=3.33; drb_pct=0.74; orb_pct=0.16; blk_pct=-0.02,usg=-1.72; stl_pct=-1.48; ast_pct=-1.36; ast_tov=-1.25; three_pa_per_100_team_poss=-1.11,three_pa_per_100_team_poss,-1.1088491122365691
role_only_no_height,k8__division_zscore__role_only_no_height__method-nnls__init-furthest_sum__ninit-1,8,division_zscore,"z-score within division, then recombined",3000,role_only_no_height,nnls,furthest_sum,0.2143388262200273,0.0194853478381843,11,height_inches|mins_per_game|eFG|three_pct|ft_pct,2,471,0.157,263,208,0.443455908590321,ast_pct=2.96; usg=2.48; FTR=0.57; ast_tov=0.40; three_pa_per_100_team_poss=0.35,orb_pct=-0.74; blk_pct=-0.73; drb_pct=-0.46; three_share=-0.44; stl_pct=-0.13,three_pa_per_100_team_poss,0.3481343494656699
role_only_no_height,k8__division_zscore__role_only_no_height__method-nnls__init-furthest_sum__ninit-1,8,division_zscore,"z-score within division, then recombined",3000,role_only_no_height,nnls,furthest_sum,0.2143388262200273,0.0194853478381843,11,height_inches|mins_per_game|eFG|three_pct|ft_pct,3,99,0.033,49,50,0.3615147922957086,ast_tov=3.61; FTR=3.56; three_share=0.52; ast_pct=-0.06; orb_pct=-0.36,tov_pct=-2.33; usg=-2.19; drb_pct=-1.90; three_pa_per_100_team_poss=-1.22; stl_pct=-0.91,three_pa_per_100_team_poss,-1.218785739700424
role_only_no_height,k8__division_zscore__role_only_no_height__method-nnls__init-furthest_sum__ninit-1,8,division_zscore,"z-score within division, then recombined",3000,role_only_no_height,nnls,furthest_sum,0.2143388262200273,0.0194853478381843,11,height_inches|mins_per_game|eFG|three_pct|ft_pct,4,996,0.332,554,442,0.4510370126653587,three_pa_per_100_team_poss=2.47; three_share=2.21; usg=0.11; blk_pct=-0.63; orb_pct=-0.87,FTR=-1.82; tov_pct=-1.75; stl_pct=-1.57; ast_pct=-1.42; ast_tov=-1.33,three_pa_per_100_team_poss,2.4723870359549087
role_only_no_height,k8__division_zscore__role_only_no_height__method-nnls__init-furthest_sum__ninit-1,8,division_zscore,"z-score within division, then recombined",3000,role_only_no_height,nnls,furthest_sum,0.2143388262200273,0.0194853478381843,11,height_inches|mins_per_game|eFG|three_pct|ft_pct,5,295,0.0983333333333333,159,136,0.3951614789419916,stl_pct=3.50; usg=1.83; FTR=1.54; orb_pct=0.89; tov_pct=0.69,three_share=-1.46; three_pa_per_100_team_poss=-1.35; ast_tov=-0.82; drb_pct=-0.80; blk_pct=-0.21,three_pa_per_100_team_poss,-1.3456600930761449
role_only_no_height,k8__division_zscore__role_only_no_height__method-nnls__init-furthest_sum__ninit-1,8,division_zscore,"z-score within division, then recombined",3000,role_only_no_height,nnls,furthest_sum,0.2143388262200273,0.0194853478381843,11,height_inches|mins_per_game|eFG|three_pct|ft_pct,6,582,0.194,317,265,0.4426284154009009,blk_pct=3.64; orb_pct=2.93; drb_pct=2.72; usg=0.58; FTR=-0.34,three_share=-1.55; three_pa_per_100_team_poss=-1.45; ast_tov=-0.95; tov_pct=-0.91; ast_pct=-0.82,three_pa_per_100_team_poss,-1.4475592884388728
role_only_no_height,k8__division_zscore__role_only_no_height__method-nnls__init-furthest_sum__ninit-1,8,division_zscore,"z-score within division, then recombined",3000,role_only_no_height,nnls,furthest_sum,0.2143388262200273,0.0194853478381843,11,height_inches|mins_per_game|eFG|three_pct|ft_pct,7,197,0.0656666666666666,98,99,0.377781054808435,ast_tov=3.32; ast_pct=3.03; three_share=2.02; stl_pct=1.68; drb_pct=1.50,FTR=-1.95; orb_pct=-1.35; usg=-1.20; blk_pct=-0.90; tov_pct=0.96,three_pa_per_100_team_poss,1.1472840486331246
role_only_no_height,k8__division_zscore__role_only_no_height__method-nnls__init-furthest_sum__ninit-1,8,division_zscore,"z-score within division, then recombined",3000,role_only_no_height,nnls,furthest_sum,0.2143388262200273,0.0194853478381843,11,height_inches|mins_per_game|eFG|three_pct|ft_pct,8,186,0.062,92,94,0.3914937703684024,tov_pct=3.92; blk_pct=0.40; stl_pct=0.04; drb_pct=-0.79; ast_tov=-0.81,usg=-2.12; FTR=-1.95; three_share=-1.58; three_pa_per_100_team_poss=-1.47; orb_pct=-1.07,three_pa_per_100_team_poss,-1.4664534262667737
role_only_height_025,k6__division_zscore__role_only_height_025__method-nnls__init-aa_plus_plus__ninit-1,6,division_zscore,"z-score within division, then recombined",3000,role_only_height_025,nnls,aa_plus_plus,0.2951314491359655,0.024594287427997127,12,mins_per_game|eFG|three_pct|ft_pct,1,764,0.2546666666666666,412,352,0.5077027320443918,ast_pct=2.65; usg=2.15; stl_pct=1.83; ast_tov=0.67; FTR=0.59,height_inches=-1.41; orb_pct=-0.79; blk_pct=-0.57; drb_pct=-0.28; three_share=-0.28,three_pa_per_100_team_poss,0.2290516145775264
role_only_height_025,k6__division_zscore__role_only_height_025__method-nnls__init-aa_plus_plus__ninit-1,6,division_zscore,"z-score within division, then recombined",3000,role_only_height_025,nnls,aa_plus_plus,0.2951314491359655,0.024594287427997127,12,mins_per_game|eFG|three_pct|ft_pct,2,342,0.114,180,162,0.4838557509063565,FTR=3.56; tov_pct=0.55; orb_pct=0.42; height_inches=0.24; stl_pct=-0.47,usg=-1.46; three_pa_per_100_team_poss=-1.38; three_share=-1.32; ast_pct=-1.19; ast_tov=-0.89,three_pa_per_100_team_poss,-1.3772869858306092
role_only_height_025,k6__division_zscore__role_only_height_025__method-nnls__init-aa_plus_plus__ninit-1,6,division_zscore,"z-score within division, then recombined",3000,role_only_height_025,nnls,aa_plus_plus,0.2951314491359655,0.024594287427997127,12,mins_per_game|eFG|three_pct|ft_pct,3,668,0.2226666666666666,366,302,0.4623177469876054,three_pa_per_100_team_poss=2.47; three_share=2.16; usg=0.33; height_inches=0.12; blk_pct=-0.46,tov_pct=-1.67; FTR=-1.58; ast_tov=-1.41; ast_pct=-1.39; stl_pct=-1.34,three_pa_per_100_team_poss,2.47226432417429
role_only_height_025,k6__division_zscore__role_only_height_025__method-nnls__init-aa_plus_plus__ninit-1,6,division_zscore,"z-score within division, then recombined",3000,role_only_height_025,nnls,aa_plus_plus,0.2951314491359655,0.024594287427997127,12,mins_per_game|eFG|three_pct|ft_pct,4,655,0.2183333333333333,368,287,0.4864090659074885,blk_pct=3.08; drb_pct=2.72; orb_pct=2.64; height_inches=1.84; usg=1.04,three_share=-1.56; three_pa_per_100_team_poss=-1.45; ast_tov=-1.08; stl_pct=-0.79; ast_pct=-0.78,three_pa_per_100_team_poss,-1.4549781255286
role_only_height_025,k6__division_zscore__role_only_height_025__method-nnls__init-aa_plus_plus__ninit-1,6,division_zscore,"z-score within division, then recombined",3000,role_only_height_025,nnls,aa_plus_plus,0.2951314491359655,0.024594287427997127,12,mins_per_game|eFG|three_pct|ft_pct,5,338,0.1126666666666666,178,160,0.4604329118378568,ast_tov=3.57; three_share=2.01; three_pa_per_100_team_poss=0.77; stl_pct=0.09; ast_pct=0.04,tov_pct=-1.91; usg=-1.81; FTR=-1.49; drb_pct=-1.22; orb_pct=-1.07,three_pa_per_100_team_poss,0.7661695371010361
role_only_height_025,k6__division_zscore__role_only_height_025__method-nnls__init-aa_plus_plus__ninit-1,6,division_zscore,"z-score within division, then recombined",3000,role_only_height_025,nnls,aa_plus_plus,0.2951314491359655,0.024594287427997127,12,mins_per_game|eFG|three_pct|ft_pct,6,233,0.0776666666666666,124,109,0.4381247388587916,tov_pct=3.84; blk_pct=-0.01; stl_pct=-0.05; ast_tov=-0.51; ast_pct=-0.57,usg=-2.03; FTR=-1.82; three_pa_per_100_team_poss=-1.23; three_share=-0.98; orb_pct=-0.97,three_pa_per_100_team_poss,-1.2250763854372058
role_only_height_025,k7__division_zscore__role_only_height_025__method-nnls__init-furthest_sum__ninit-1,7,division_zscore,"z-score within division, then recombined",3000,role_only_height_025,nnls,furthest_sum,0.263311535831513,0.021942627985959418,12,mins_per_game|eFG|three_pct|ft_pct,1,226,0.0753333333333333,115,111,0.417672088169587,tov_pct=3.88; blk_pct=0.10; stl_pct=0.02; ast_tov=-0.61; drb_pct=-0.63,usg=-2.08; FTR=-1.88; three_pa_per_100_team_poss=-1.34; three_share=-1.26; orb_pct=-0.97,three_pa_per_100_team_poss,-1.3372396080263105
role_only_height_025,k7__division_zscore__role_only_height_025__method-nnls__init-furthest_sum__ninit-1,7,division_zscore,"z-score within division, then recombined",3000,role_only_height_025,nnls,furthest_sum,0.263311535831513,0.021942627985959418,12,mins_per_game|eFG|three_pct|ft_pct,2,295,0.0983333333333333,158,137,0.4357850920342563,ast_tov=3.61; three_share=2.21; three_pa_per_100_team_poss=1.01; stl_pct=0.60; ast_pct=-0.21,tov_pct=-2.15; usg=-1.89; FTR=-1.82; drb_pct=-1.31; orb_pct=-1.04,three_pa_per_100_team_poss,1.010186353878874
role_only_height_025,k7__division_zscore__role_only_height_025__method-nnls__init-furthest_sum__ninit-1,7,division_zscore,"z-score within division, then recombined",3000,role_only_height_025,nnls,furthest_sum,0.263311535831513,0.021942627985959418,12,mins_per_game|eFG|three_pct|ft_pct,3,330,0.11,173,157,0.4644667356808276,FTR=3.56; tov_pct=0.53; orb_pct=0.47; height_inches=0.24; blk_pct=-0.52,usg=-1.70; three_share=-1.41; three_pa_per_100_team_poss=-1.39; ast_pct=-1.19; stl_pct=-1.08,three_pa_per_100_team_poss,-1.3908519712987883
role_only_height_025,k7__division_zscore__role_only_height_025__method-nnls__init-furthest_sum__ninit-1,7,division_zscore,"z-score within division, then recombined",3000,role_only_height_025,nnls,furthest_sum,0.263311535831513,0.021942627985959418,12,mins_per_game|eFG|three_pct|ft_pct,4,685,0.2283333333333333,382,303,0.4756498660866816,blk_pct=3.01; drb_pct=2.72; orb_pct=2.66; height_inches=1.88; usg=1.16,three_share=-1.56; three_pa_per_100_team_poss=-1.45; ast_tov=-1.05; stl_pct=-0.85; tov_pct=-0.73,three_pa_per_100_team_poss,-1.4544778172976598
role_only_height_025,k7__division_zscore__role_only_height_025__method-nnls__init-furthest_sum__ninit-1,7,division_zscore,"z-score within division, then recombined",3000,role_only_height_025,nnls,furthest_sum,0.263311535831513,0.021942627985959418,12,mins_per_game|eFG|three_pct|ft_pct,5,413,0.1376666666666666,247,166,0.4565209745922705,ast_pct=3.02; usg=1.94; ast_tov=1.43; three_pa_per_100_team_poss=0.23; tov_pct=0.16,height_inches=-1.46; orb_pct=-1.04; drb_pct=-0.65; blk_pct=-0.60; stl_pct=-0.43,three_pa_per_100_team_poss,0.2344419542915921
role_only_height_025,k7__division_zscore__role_only_height_025__method-nnls__init-furthest_sum__ninit-1,7,division_zscore,"z-score within division, then recombined",3000,role_only_height_025,nnls,furthest_sum,0.263311535831513,0.021942627985959418,12,mins_per_game|eFG|three_pct|ft_pct,6,678,0.226,365,313,0.4478373137453988,three_pa_per_100_team_poss=2.48; three_share=2.14; usg=0.49; height_inches=-0.10; blk_pct=-0.44,tov_pct=-1.73; stl_pct=-1.56; FTR=-1.51; ast_tov=-1.40; ast_pct=-1.37,three_pa_per_100_team_poss,2.477780830778167
role_only_height_025,k7__division_zscore__role_only_height_025__method-nnls__init-furthest_sum__ninit-1,7,division_zscore,"z-score within division, then recombined",3000,role_only_height_025,nnls,furthest_sum,0.263311535831513,0.021942627985959418,12,mins_per_game|eFG|three_pct|ft_pct,7,373,0.1243333333333333,188,185,0.4477413622519844,stl_pct=3.49; ast_pct=1.68; usg=1.54; FTR=0.84; tov_pct=0.49,height_inches=-1.37; orb_pct=-0.44; blk_pct=-0.38; three_share=-0.31; drb_pct=-0.21,three_pa_per_100_team_poss,0.1951161712302094
role_only_height_025,k8__division_zscore__role_only_height_025__method-nnls__init-furthest_first__ninit-1,8,division_zscore,"z-score within division, then recombined",3000,role_only_height_025,nnls,furthest_first,0.2447094773685976,0.020392456447383134,12,mins_per_game|eFG|three_pct|ft_pct,1,766,0.2553333333333333,411,355,0.4782242069768341,blk_pct=2.78; drb_pct=2.72; orb_pct=2.61; height_inches=2.02; usg=1.09,three_share=-1.56; three_pa_per_100_team_poss=-1.46; ast_tov=-1.11; stl_pct=-0.88; ast_pct=-0.74,three_pa_per_100_team_poss,-1.455638639191203
role_only_height_025,k8__division_zscore__role_only_height_025__method-nnls__init-furthest_first__ninit-1,8,division_zscore,"z-score within division, then recombined",3000,role_only_height_025,nnls,furthest_first,0.2447094773685976,0.020392456447383134,12,mins_per_game|eFG|three_pct|ft_pct,2,386,0.1286666666666666,228,158,0.4493649554366586,ast_pct=3.02; usg=2.17; ast_tov=1.11; three_pa_per_100_team_poss=0.13; tov_pct=0.10,height_inches=-1.40; orb_pct=-1.03; blk_pct=-0.64; drb_pct=-0.59; three_share=-0.49,three_pa_per_100_team_poss,0.1315519984627962
role_only_height_025,k8__division_zscore__role_only_height_025__method-nnls__init-furthest_first__ninit-1,8,division_zscore,"z-score within division, then recombined",3000,role_only_height_025,nnls,furthest_first,0.2447094773685976,0.020392456447383134,12,mins_per_game|eFG|three_pct|ft_pct,3,343,0.1143333333333333,170,173,0.4309408019064346,stl_pct=3.53; usg=1.76; ast_pct=1.11; FTR=0.85; tov_pct=0.37,height_inches=-1.01; drb_pct=-0.78; three_share=-0.54; blk_pct=-0.41; ast_tov=-0.26,three_pa_per_100_team_poss,-0.0720395018579764
role_only_height_025,k8__division_zscore__role_only_height_025__method-nnls__init-furthest_first__ninit-1,8,division_zscore,"z-score within division, then recombined",3000,role_only_height_025,nnls,furthest_first,0.2447094773685976,0.020392456447383134,12,mins_per_game|eFG|three_pct|ft_pct,4,180,0.06,87,93,0.3891629696383583,tov_pct=3.94; blk_pct=0.49; stl_pct=0.07; height_inches=-0.49; drb_pct=-0.82,usg=-2.13; FTR=-1.95; three_share=-1.60; three_pa_per_100_team_poss=-1.47; orb_pct=-1.11,three_pa_per_100_team_poss,-1.4735184973971522
role_only_height_025,k8__division_zscore__role_only_height_025__method-nnls__init-furthest_first__ninit-1,8,division_zscore,"z-score within division, then recombined",3000,role_only_height_025,nnls,furthest_first,0.2447094773685976,0.020392456447383134,12,mins_per_game|eFG|three_pct|ft_pct,5,101,0.0336666666666666,54,47,0.3613966317042416,ast_tov=3.61; FTR=3.56; three_share=0.52; height_inches=0.18; ast_pct=-0.06,tov_pct=-2.33; usg=-2.19; drb_pct=-1.90; three_pa_per_100_team_poss=-1.22; stl_pct=-0.91,three_pa_per_100_team_poss,-1.218785739588918
role_only_height_025,k8__division_zscore__role_only_height_025__method-nnls__init-furthest_first__ninit-1,8,division_zscore,"z-score within division, then recombined",3000,role_only_height_025,nnls,furthest_first,0.2447094773685976,0.020392456447383134,12,mins_per_game|eFG|three_pct|ft_pct,6,955,0.3183333333333333,530,425,0.449595980804347,three_pa_per_100_team_poss=2.47; three_share=2.22; usg=0.15; height_inches=-0.12; blk_pct=-0.71,FTR=-1.82; tov_pct=-1.79; stl_pct=-1.61; ast_pct=-1.40; ast_tov=-1.34,three_pa_per_100_team_poss,2.465840677114844
role_only_height_025,k8__division_zscore__role_only_height_025__method-nnls__init-furthest_first__ninit-1,8,division_zscore,"z-score within division, then recombined",3000,role_only_height_025,nnls,furthest_first,0.2447094773685976,0.020392456447383134,12,mins_per_game|eFG|three_pct|ft_pct,7,163,0.0543333333333333,95,68,0.4262992627745987,FTR=3.41; tov_pct=3.24; height_inches=0.65; drb_pct=0.13; orb_pct=0.07,usg=-1.41; ast_tov=-1.35; ast_pct=-1.21; three_pa_per_100_team_poss=-1.09; stl_pct=-0.95,three_pa_per_100_team_poss,-1.0878422995436252
role_only_height_025,k8__division_zscore__role_only_height_025__method-nnls__init-furthest_first__ninit-1,8,division_zscore,"z-score within division, then recombined",3000,role_only_height_025,nnls,furthest_first,0.2447094773685976,0.020392456447383134,12,mins_per_game|eFG|three_pct|ft_pct,8,106,0.0353333333333333,53,53,0.3601115726474856,ast_tov=3.32; ast_pct=3.03; three_share=2.13; drb_pct=2.09; stl_pct=1.69,FTR=-1.95; orb_pct=-1.51; usg=-1.33; blk_pct=-0.90; height_inches=-0.05,three_pa_per_100_team_poss,1.0869918535515806
quality_lite_no_height,k6__division_zscore__quality_lite_no_height__method-nnls__init-aa_plus_plus__ninit-1,6,division_zscore,"z-score within division, then recombined",3000,quality_lite_no_height,nnls,aa_plus_plus,0.3318744542043277,0.023705318157451978,14,height_inches|mins_per_game,1,839,0.2796666666666667,465,374,0.4819226714238443,three_pa_per_100_team_poss=2.47; three_share=1.97; ft_pct=0.74; three_pct=0.68; eFG=0.47,tov_pct=-1.51; ast_pct=-1.38; ast_tov=-1.30; FTR=-1.17; stl_pct=-0.92,three_pa_per_100_team_poss,2.471082394888531
quality_lite_no_height,k6__division_zscore__quality_lite_no_height__method-nnls__init-aa_plus_plus__ninit-1,6,division_zscore,"z-score within division, then recombined",3000,quality_lite_no_height,nnls,aa_plus_plus,0.3318744542043277,0.023705318157451978,14,height_inches|mins_per_game,2,210,0.07,106,104,0.4407402226984385,tov_pct=3.78; stl_pct=-0.12; blk_pct=-0.13; ast_pct=-0.39; ast_tov=-0.44,ft_pct=-3.01; eFG=-2.10; usg=-1.92; FTR=-1.75; three_pa_per_100_team_poss=-1.21,three_pa_per_100_team_poss,-1.21090015933255
quality_lite_no_height,k6__division_zscore__quality_lite_no_height__method-nnls__init-aa_plus_plus__ninit-1,6,division_zscore,"z-score within division, then recombined",3000,quality_lite_no_height,nnls,aa_plus_plus,0.3318744542043277,0.023705318157451978,14,height_inches|mins_per_game,3,459,0.153,256,203,0.4720511160361476,blk_pct=3.64; orb_pct=2.92; drb_pct=2.71; eFG=0.64; usg=0.51,three_pct=-1.93; three_share=-1.55; three_pa_per_100_team_poss=-1.45; ast_tov=-1.02; ast_pct=-0.89,three_pa_per_100_team_poss,-1.447559288167261
quality_lite_no_height,k6__division_zscore__quality_lite_no_height__method-nnls__init-aa_plus_plus__ninit-1,6,division_zscore,"z-score within division, then recombined",3000,quality_lite_no_height,nnls,aa_plus_plus,0.3318744542043277,0.023705318157451978,14,height_inches|mins_per_game,4,742,0.2473333333333333,404,338,0.5061546064784389,ast_pct=2.68; usg=2.23; stl_pct=1.71; ft_pct=0.73; FTR=0.51,orb_pct=-0.73; blk_pct=-0.54; three_share=-0.35; eFG=-0.26; drb_pct=-0.23,three_pa_per_100_team_poss,0.1451105660751211
quality_lite_no_height,k6__division_zscore__quality_lite_no_height__method-nnls__init-aa_plus_plus__ninit-1,6,division_zscore,"z-score within division, then recombined",3000,quality_lite_no_height,nnls,aa_plus_plus,0.3318744542043277,0.023705318157451978,14,height_inches|mins_per_game,5,385,0.1283333333333333,207,178,0.4905553136314093,FTR=3.54; orb_pct=0.68; tov_pct=0.54; eFG=0.35; drb_pct=-0.29,three_pct=-1.58; three_pa_per_100_team_poss=-1.32; three_share=-1.23; ast_pct=-1.21; usg=-1.21,three_pa_per_100_team_poss,-1.321759990573364
quality_lite_no_height,k6__division_zscore__quality_lite_no_height__method-nnls__init-aa_plus_plus__ninit-1,6,division_zscore,"z-score within division, then recombined",3000,quality_lite_no_height,nnls,aa_plus_plus,0.3318744542043277,0.023705318157451978,14,height_inches|mins_per_game,6,365,0.1216666666666666,190,175,0.4750526939685237,ast_tov=3.61; three_share=1.39; three_pa_per_100_team_poss=0.62; three_pct=0.46; ast_pct=0.34,tov_pct=-1.81; usg=-1.64; drb_pct=-1.04; orb_pct=-1.01; FTR=-0.97,three_pa_per_100_team_poss,0.6218269397311194
quality_lite_no_height,k7__division_zscore__quality_lite_no_height__method-nnls__init-uniform__ninit-1,7,division_zscore,"z-score within division, then recombined",3000,quality_lite_no_height,nnls,uniform,0.3057733967215648,0.0218409569086832,14,height_inches|mins_per_game,1,410,0.1366666666666666,223,187,0.4745940911079103,FTR=3.55; orb_pct=0.95; eFG=0.61; tov_pct=0.42; blk_pct=-0.15,three_pct=-1.71; three_pa_per_100_team_poss=-1.36; usg=-1.32; three_share=-1.32; ast_pct=-1.15,three_pa_per_100_team_poss,-1.358673288490614
quality_lite_no_height,k7__division_zscore__quality_lite_no_height__method-nnls__init-uniform__ninit-1,7,division_zscore,"z-score within division, then recombined",3000,quality_lite_no_height,nnls,uniform,0.3057733967215648,0.0218409569086832,14,height_inches|mins_per_game,2,836,0.2786666666666667,458,378,0.4601655417019247,three_pa_per_100_team_poss=2.44; three_share=1.96; ft_pct=0.84; three_pct=0.69; usg=0.59,tov_pct=-1.62; ast_tov=-1.34; stl_pct=-1.33; ast_pct=-1.32; FTR=-0.98,three_pa_per_100_team_poss,2.4418633174259767
quality_lite_no_height,k7__division_zscore__quality_lite_no_height__method-nnls__init-uniform__ninit-1,7,division_zscore,"z-score within division, then recombined",3000,quality_lite_no_height,nnls,uniform,0.3057733967215648,0.0218409569086832,14,height_inches|mins_per_game,3,389,0.1296666666666666,219,170,0.4576771015188351,blk_pct=3.93; orb_pct=2.92; drb_pct=2.71; eFG=0.49; usg=0.05,three_pct=-1.93; three_share=-1.55; three_pa_per_100_team_poss=-1.45; ast_pct=-1.16; ast_tov=-1.08,three_pa_per_100_team_poss,-1.447559288549564
quality_lite_no_height,k7__division_zscore__quality_lite_no_height__method-nnls__init-uniform__ninit-1,7,division_zscore,"z-score within division, then recombined",3000,quality_lite_no_height,nnls,uniform,0.3057733967215648,0.0218409569086832,14,height_inches|mins_per_game,4,335,0.1116666666666666,174,161,0.469291657365989,ast_tov=3.61; three_share=1.69; three_pa_per_100_team_poss=0.96; three_pct=0.46; stl_pct=0.38,tov_pct=-1.85; usg=-1.57; drb_pct=-1.20; FTR=-1.19; orb_pct=-0.99,three_pa_per_100_team_poss,0.957546956923155
quality_lite_no_height,k7__division_zscore__quality_lite_no_height__method-nnls__init-uniform__ninit-1,7,division_zscore,"z-score within division, then recombined",3000,quality_lite_no_height,nnls,uniform,0.3057733967215648,0.0218409569086832,14,height_inches|mins_per_game,5,339,0.113,178,161,0.4399483238331194,stl_pct=3.47; usg=1.59; ast_pct=1.55; FTR=0.80; three_pct=0.51,drb_pct=-0.83; orb_pct=-0.69; blk_pct=-0.57; eFG=-0.42; three_share=-0.10,three_pa_per_100_team_poss,0.3959313618005562
quality_lite_no_height,k7__division_zscore__quality_lite_no_height__method-nnls__init-uniform__ninit-1,7,division_zscore,"z-score within division, then recombined",3000,quality_lite_no_height,nnls,uniform,0.3057733967215648,0.0218409569086832,14,height_inches|mins_per_game,6,224,0.0746666666666666,112,112,0.4250744613967529,tov_pct=3.79; stl_pct=-0.11; blk_pct=-0.11; ast_pct=-0.42; ast_tov=-0.45,ft_pct=-3.10; eFG=-2.15; usg=-1.94; FTR=-1.76; three_pct=-1.24,three_pa_per_100_team_poss,-1.2083674706396923
quality_lite_no_height,k7__division_zscore__quality_lite_no_height__method-nnls__init-uniform__ninit-1,7,division_zscore,"z-score within division, then recombined",3000,quality_lite_no_height,nnls,uniform,0.3057733967215648,0.0218409569086832,14,height_inches|mins_per_game,7,467,0.1556666666666666,264,203,0.4500973109087519,ast_pct=3.02; usg=2.12; ast_tov=1.05; ft_pct=0.66; FTR=0.21,orb_pct=-0.76; three_share=-0.65; blk_pct=-0.58; stl_pct=-0.30; three_pa_per_100_team_poss=-0.18,three_pa_per_100_team_poss,-0.1816384635517447
quality_lite_no_height,k8__division_zscore__quality_lite_no_height__method-nnls__init-uniform__ninit-1,8,division_zscore,"z-score within division, then recombined",3000,quality_lite_no_height,nnls,uniform,0.2783043367516002,0.019878881196542873,14,height_inches|mins_per_game,1,241,0.0803333333333333,113,128,0.435758447968365,stl_pct=3.42; FTR=2.22; tov_pct=1.44; ast_pct=1.32; usg=0.93,three_share=-0.62; three_pa_per_100_team_poss=-0.58; orb_pct=-0.51; drb_pct=-0.47; blk_pct=-0.27,three_pa_per_100_team_poss,-0.5773931491556384
quality_lite_no_height,k8__division_zscore__quality_lite_no_height__method-nnls__init-uniform__ninit-1,8,division_zscore,"z-score within division, then recombined",3000,quality_lite_no_height,nnls,uniform,0.2783043367516002,0.019878881196542873,14,height_inches|mins_per_game,2,189,0.063,107,82,0.4564765187094199,FTR=3.56; tov_pct=0.65; orb_pct=0.39; eFG=0.32; blk_pct=0.30,usg=-2.08; three_pct=-1.70; stl_pct=-1.67; three_pa_per_100_team_poss=-1.33; three_share=-1.23,three_pa_per_100_team_poss,-1.334929783141313
quality_lite_no_height,k8__division_zscore__quality_lite_no_height__method-nnls__init-uniform__ninit-1,8,division_zscore,"z-score within division, then recombined",3000,quality_lite_no_height,nnls,uniform,0.2783043367516002,0.019878881196542873,14,height_inches|mins_per_game,3,488,0.1626666666666666,284,204,0.454393699196468,ast_pct=3.03; usg=2.02; ast_tov=1.49; ft_pct=1.05; three_pa_per_100_team_poss=0.45,orb_pct=-0.98; drb_pct=-0.65; blk_pct=-0.59; FTR=-0.46; stl_pct=-0.40,three_pa_per_100_team_poss,0.4496398003120009
quality_lite_no_height,k8__division_zscore__quality_lite_no_height__method-nnls__init-uniform__ninit-1,8,division_zscore,"z-score within division, then recombined",3000,quality_lite_no_height,nnls,uniform,0.2783043367516002,0.019878881196542873,14,height_inches|mins_per_game,4,247,0.0823333333333333,144,103,0.482946233677228,blk_pct=4.02; orb_pct=2.28; drb_pct=2.05; eFG=1.12; tov_pct=-0.29,three_pct=-1.94; three_share=-1.55; three_pa_per_100_team_poss=-1.45; ast_pct=-1.13; ast_tov=-1.12,three_pa_per_100_team_poss,-1.4495081988102607
quality_lite_no_height,k8__division_zscore__quality_lite_no_height__method-nnls__init-uniform__ninit-1,8,division_zscore,"z-score within division, then recombined",3000,quality_lite_no_height,nnls,uniform,0.2783043367516002,0.019878881196542873,14,height_inches|mins_per_game,5,929,0.3096666666666666,517,412,0.4733175390766912,three_pa_per_100_team_poss=2.49; three_share=1.97; ft_pct=0.87; three_pct=0.64; usg=0.44,tov_pct=-1.48; ast_pct=-1.35; FTR=-1.23; ast_tov=-1.19; orb_pct=-0.85,three_pa_per_100_team_poss,2.4914464938099643
quality_lite_no_height,k8__division_zscore__quality_lite_no_height__method-nnls__init-uniform__ninit-1,8,division_zscore,"z-score within division, then recombined",3000,quality_lite_no_height,nnls,uniform,0.2783043367516002,0.019878881196542873,14,height_inches|mins_per_game,6,279,0.093,143,136,0.468210645804107,ast_tov=3.59; three_share=1.56; three_pa_per_100_team_poss=0.77; three_pct=0.49; stl_pct=0.38,tov_pct=-1.89; usg=-1.64; FTR=-1.16; drb_pct=-1.11; orb_pct=-0.95,three_pa_per_100_team_poss,0.7691801387794797
quality_lite_no_height,k8__division_zscore__quality_lite_no_height__method-nnls__init-uniform__ninit-1,8,division_zscore,"z-score within division, then recombined",3000,quality_lite_no_height,nnls,uniform,0.2783043367516002,0.019878881196542873,14,height_inches|mins_per_game,7,199,0.0663333333333333,95,104,0.416259482813419,tov_pct=3.81; stl_pct=0.02; ast_tov=-0.24; drb_pct=-0.34; ast_pct=-0.55,ft_pct=-3.27; eFG=-2.36; usg=-1.99; FTR=-1.80; three_pct=-1.45,three_pa_per_100_team_poss,-1.2568065479927524
quality_lite_no_height,k8__division_zscore__quality_lite_no_height__method-nnls__init-uniform__ninit-1,8,division_zscore,"z-score within division, then recombined",3000,quality_lite_no_height,nnls,uniform,0.2783043367516002,0.019878881196542873,14,height_inches|mins_per_game,8,428,0.1426666666666666,225,203,0.4376478601277311,orb_pct=2.78; drb_pct=2.65; FTR=1.72; usg=1.37; blk_pct=0.73,three_share=-1.31; three_pa_per_100_team_poss=-1.19; ast_tov=-1.02; tov_pct=-0.76; ast_pct=-0.66,three_pa_per_100_team_poss,-1.1929976787623011
quality_lite_height_025,k6__division_zscore__quality_lite_height_025__method-nnls__init-uniform__ninit-1,6,division_zscore,"z-score within division, then recombined",3000,quality_lite_height_025,nnls,uniform,0.3613318451462657,0.024088789676417713,15,mins_per_game,1,391,0.1303333333333333,203,188,0.4777166882017243,ast_tov=3.59; three_share=1.42; three_pa_per_100_team_poss=0.75; three_pct=0.49; ast_pct=0.40,tov_pct=-1.67; usg=-1.48; drb_pct=-1.14; FTR=-1.05; orb_pct=-0.97,three_pa_per_100_team_poss,0.7549925401421
quality_lite_height_025,k6__division_zscore__quality_lite_height_025__method-nnls__init-uniform__ninit-1,6,division_zscore,"z-score within division, then recombined",3000,quality_lite_height_025,nnls,uniform,0.3613318451462657,0.024088789676417713,15,mins_per_game,2,326,0.1086666666666666,172,154,0.4943497310566704,FTR=3.52; tov_pct=0.75; orb_pct=0.52; height_inches=0.33; eFG=0.23,three_pct=-1.55; usg=-1.42; three_pa_per_100_team_poss=-1.31; three_share=-1.25; ast_pct=-1.19,three_pa_per_100_team_poss,-1.3147303221476352
quality_lite_height_025,k6__division_zscore__quality_lite_height_025__method-nnls__init-uniform__ninit-1,6,division_zscore,"z-score within division, then recombined",3000,quality_lite_height_025,nnls,uniform,0.3613318451462657,0.024088789676417713,15,mins_per_game,3,697,0.2323333333333333,378,319,0.5064797994274349,ast_pct=2.65; usg=2.21; stl_pct=1.82; ft_pct=0.87; FTR=0.53,height_inches=-1.49; orb_pct=-0.79; blk_pct=-0.56; eFG=-0.27; drb_pct=-0.27,three_pa_per_100_team_poss,0.3125443904674329
quality_lite_height_025,k6__division_zscore__quality_lite_height_025__method-nnls__init-uniform__ninit-1,6,division_zscore,"z-score within division, then recombined",3000,quality_lite_height_025,nnls,uniform,0.3613318451462657,0.024088789676417713,15,mins_per_game,4,184,0.0613333333333333,98,86,0.4379973419907649,tov_pct=3.82; blk_pct=-0.03; stl_pct=-0.04; ast_tov=-0.53; ast_pct=-0.56,ft_pct=-3.26; eFG=-2.36; usg=-1.99; FTR=-1.80; three_pct=-1.44,three_pa_per_100_team_poss,-1.2472040059142666
quality_lite_height_025,k6__division_zscore__quality_lite_height_025__method-nnls__init-uniform__ninit-1,6,division_zscore,"z-score within division, then recombined",3000,quality_lite_height_025,nnls,uniform,0.3613318451462657,0.024088789676417713,15,mins_per_game,5,803,0.2676666666666666,443,360,0.480580169897724,three_pa_per_100_team_poss=2.48; three_share=1.98; ft_pct=0.71; three_pct=0.67; usg=0.50,tov_pct=-1.54; ast_pct=-1.33; ast_tov=-1.24; FTR=-1.18; stl_pct=-0.95,three_pa_per_100_team_poss,2.4763613571967493
quality_lite_height_025,k6__division_zscore__quality_lite_height_025__method-nnls__init-uniform__ninit-1,6,division_zscore,"z-score within division, then recombined",3000,quality_lite_height_025,nnls,uniform,0.3613318451462657,0.024088789676417713,15,mins_per_game,6,599,0.1996666666666666,334,265,0.4881832539556246,blk_pct=3.07; drb_pct=2.70; orb_pct=2.65; height_inches=1.84; usg=1.04,three_pct=-1.94; three_share=-1.56; three_pa_per_100_team_poss=-1.45; ast_tov=-1.06; stl_pct=-0.79,three_pa_per_100_team_poss,-1.4542624816290994
quality_lite_height_025,k7__division_zscore__quality_lite_height_025__method-nnls__init-furthest_first__ninit-1,7,division_zscore,"z-score within division, then recombined",3000,quality_lite_height_025,nnls,furthest_first,0.3332879083767823,0.022219193891785487,15,mins_per_game,1,398,0.1326666666666666,205,193,0.4805340497010158,ast_tov=3.61; three_share=1.24; three_pa_per_100_team_poss=0.62; ast_pct=0.62; three_pct=0.56,tov_pct=-1.50; usg=-1.35; drb_pct=-1.08; orb_pct=-0.97; FTR=-0.89,three_pa_per_100_team_poss,0.6178327378272034
quality_lite_height_025,k7__division_zscore__quality_lite_height_025__method-nnls__init-furthest_first__ninit-1,7,division_zscore,"z-score within division, then recombined",3000,quality_lite_height_025,nnls,furthest_first,0.3332879083767823,0.022219193891785487,15,mins_per_game,2,222,0.074,127,95,0.5051952142821888,blk_pct=4.04; height_inches=1.77; orb_pct=1.71; eFG=1.28; drb_pct=0.94,three_pct=-1.99; three_share=-1.52; three_pa_per_100_team_poss=-1.42; ast_tov=-1.29; ast_pct=-1.28,three_pa_per_100_team_poss,-1.4165687642956402
quality_lite_height_025,k7__division_zscore__quality_lite_height_025__method-nnls__init-furthest_first__ninit-1,7,division_zscore,"z-score within division, then recombined",3000,quality_lite_height_025,nnls,furthest_first,0.3332879083767823,0.022219193891785487,15,mins_per_game,3,273,0.091,147,126,0.4735424091120179,FTR=3.53; tov_pct=0.94; orb_pct=0.11; height_inches=-0.00; eFG=-0.04,usg=-1.66; three_pct=-1.58; three_pa_per_100_team_poss=-1.30; ast_pct=-1.28; three_share=-1.16,three_pa_per_100_team_poss,-1.2976764981577291
quality_lite_height_025,k7__division_zscore__quality_lite_height_025__method-nnls__init-furthest_first__ninit-1,7,division_zscore,"z-score within division, then recombined",3000,quality_lite_height_025,nnls,furthest_first,0.3332879083767823,0.022219193891785487,15,mins_per_game,4,175,0.0583333333333333,92,83,0.4269945695100422,tov_pct=3.83; stl_pct=0.05; ast_tov=-0.21; drb_pct=-0.34; ast_pct=-0.56,ft_pct=-3.37; eFG=-2.40; usg=-2.00; FTR=-1.81; three_pct=-1.47,three_pa_per_100_team_poss,-1.261362155960939
quality_lite_height_025,k7__division_zscore__quality_lite_height_025__method-nnls__init-furthest_first__ninit-1,7,division_zscore,"z-score within division, then recombined",3000,quality_lite_height_025,nnls,furthest_first,0.3332879083767823,0.022219193891785487,15,mins_per_game,5,854,0.2846666666666667,482,372,0.4805535786718281,three_pa_per_100_team_poss=2.48; three_share=2.02; ft_pct=0.65; three_pct=0.63; eFG=0.40,tov_pct=-1.55; FTR=-1.32; ast_pct=-1.31; ast_tov=-1.13; stl_pct=-0.81,three_pa_per_100_team_poss,2.4848140695107843
quality_lite_height_025,k7__division_zscore__quality_lite_height_025__method-nnls__init-furthest_first__ninit-1,7,division_zscore,"z-score within division, then recombined",3000,quality_lite_height_025,nnls,furthest_first,0.3332879083767823,0.022219193891785487,15,mins_per_game,6,593,0.1976666666666666,321,272,0.4906332213699976,ast_pct=2.50; stl_pct=2.28; usg=2.21; ft_pct=1.07; three_pa_per_100_team_poss=0.48,height_inches=-1.63; orb_pct=-0.88; blk_pct=-0.46; drb_pct=-0.41; eFG=-0.26,three_pa_per_100_team_poss,0.4842381616017105
quality_lite_height_025,k7__division_zscore__quality_lite_height_025__method-nnls__init-furthest_first__ninit-1,7,division_zscore,"z-score within division, then recombined",3000,quality_lite_height_025,nnls,furthest_first,0.3332879083767823,0.022219193891785487,15,mins_per_game,7,485,0.1616666666666666,254,231,0.4543727744579504,orb_pct=2.80; drb_pct=2.70; usg=2.00; height_inches=1.69; blk_pct=1.51,three_share=-1.45; three_pa_per_100_team_poss=-1.33; three_pct=-0.82; stl_pct=-0.70; ast_tov=-0.62,three_pa_per_100_team_poss,-1.3281324359263502
quality_lite_height_025,k8__division_zscore__quality_lite_height_025__method-nnls__init-aa_plus_plus__ninit-1,8,division_zscore,"z-score within division, then recombined",3000,quality_lite_height_025,nnls,aa_plus_plus,0.3103732990195132,0.02069155326796755,15,mins_per_game,1,911,0.3036666666666666,501,410,0.4645766389877503,three_pa_per_100_team_poss=2.49; three_share=2.00; ft_pct=0.81; three_pct=0.68; usg=0.53,tov_pct=-1.58; ast_pct=-1.29; FTR=-1.23; ast_tov=-1.22; stl_pct=-0.94,three_pa_per_100_team_poss,2.4876901190087657
quality_lite_height_025,k8__division_zscore__quality_lite_height_025__method-nnls__init-aa_plus_plus__ninit-1,8,division_zscore,"z-score within division, then recombined",3000,quality_lite_height_025,nnls,aa_plus_plus,0.3103732990195132,0.02069155326796755,15,mins_per_game,2,173,0.0576666666666666,93,80,0.4312188994505668,FTR=3.56; orb_pct=0.15; stl_pct=0.09; height_inches=-0.22; blk_pct=-0.68,three_pct=-1.93; ast_pct=-1.40; three_pa_per_100_team_poss=-1.32; three_share=-1.27; ft_pct=-1.23,three_pa_per_100_team_poss,-1.3223675113827456
quality_lite_height_025,k8__division_zscore__quality_lite_height_025__method-nnls__init-aa_plus_plus__ninit-1,8,division_zscore,"z-score within division, then recombined",3000,quality_lite_height_025,nnls,aa_plus_plus,0.3103732990195132,0.02069155326796755,15,mins_per_game,3,296,0.0986666666666666,150,146,0.4639393315254951,ast_tov=3.60; three_share=1.74; three_pa_per_100_team_poss=1.00; three_pct=0.46; stl_pct=0.45,tov_pct=-1.88; usg=-1.58; FTR=-1.29; drb_pct=-1.25; orb_pct=-0.99,three_pa_per_100_team_poss,1.0007035442618422
quality_lite_height_025,k8__division_zscore__quality_lite_height_025__method-nnls__init-aa_plus_plus__ninit-1,8,division_zscore,"z-score within division, then recombined",3000,quality_lite_height_025,nnls,aa_plus_plus,0.3103732990195132,0.02069155326796755,15,mins_per_game,4,318,0.106,160,158,0.4405207440516877,stl_pct=3.44; ast_pct=1.70; usg=1.64; FTR=0.62; tov_pct=0.39,height_inches=-1.04; three_share=-0.55; blk_pct=-0.38; eFG=-0.18; orb_pct=-0.15,three_pa_per_100_team_poss,-0.1275612646009558
quality_lite_height_025,k8__division_zscore__quality_lite_height_025__method-nnls__init-aa_plus_plus__ninit-1,8,division_zscore,"z-score within division, then recombined",3000,quality_lite_height_025,nnls,aa_plus_plus,0.3103732990195132,0.02069155326796755,15,mins_per_game,5,394,0.1313333333333333,234,160,0.45240876322191,ast_pct=3.01; usg=2.09; ast_tov=1.48; ft_pct=0.91; three_pct=0.57,height_inches=-1.79; drb_pct=-0.90; orb_pct=-0.86; blk_pct=-0.64; FTR=-0.42,three_pa_per_100_team_poss,0.5436350943731927
quality_lite_height_025,k8__division_zscore__quality_lite_height_025__method-nnls__init-aa_plus_plus__ninit-1,8,division_zscore,"z-score within division, then recombined",3000,quality_lite_height_025,nnls,aa_plus_plus,0.3103732990195132,0.02069155326796755,15,mins_per_game,6,128,0.0426666666666666,67,61,0.4026688218899011,tov_pct=3.94; blk_pct=0.28; stl_pct=0.10; height_inches=-0.53; drb_pct=-0.72,ft_pct=-3.97; eFG=-3.17; usg=-2.13; three_pct=-2.08; FTR=-1.95,three_pa_per_100_team_poss,-1.4735184973511104
quality_lite_height_025,k8__division_zscore__quality_lite_height_025__method-nnls__init-aa_plus_plus__ninit-1,8,division_zscore,"z-score within division, then recombined",3000,quality_lite_height_025,nnls,aa_plus_plus,0.3103732990195132,0.02069155326796755,15,mins_per_game,7,706,0.2353333333333333,390,316,0.4885986109697126,blk_pct=2.87; orb_pct=2.65; drb_pct=2.60; height_inches=1.99; eFG=1.26,three_pct=-1.81; three_share=-1.55; three_pa_per_100_team_poss=-1.45; ast_tov=-1.03; stl_pct=-1.01,three_pa_per_100_team_poss,-1.447615711059655
quality_lite_height_025,k8__division_zscore__quality_lite_height_025__method-nnls__init-aa_plus_plus__ninit-1,8,division_zscore,"z-score within division, then recombined",3000,quality_lite_height_025,nnls,aa_plus_plus,0.3103732990195132,0.02069155326796755,15,mins_per_game,8,74,0.0246666666666666,33,41,0.3686186568139477,tov_pct=3.57; FTR=3.10; eFG=2.23; three_pct=1.57; ast_pct=1.12,usg=-1.60; orb_pct=-1.51; stl_pct=-1.25; three_pa_per_100_team_poss=-1.13; height_inches=-1.04,three_pa_per_100_team_poss,-1.1342871110522228
role_only_no_height,k6__division_zscore__role_only_no_height__method-nnls__init-uniform__ninit-1,6,division_zscore,"z-score within division, then recombined",3000,role_only_no_height,nnls,uniform,0.2677347352386173,0.024339521385328845,11,height_inches|mins_per_game|eFG|three_pct|ft_pct,1,309,0.103,166,143,0.456535662591947,ast_tov=3.61; three_share=1.83; three_pa_per_100_team_poss=0.65; stl_pct=0.48; ast_pct=-0.02,tov_pct=-2.10; usg=-1.93; FTR=-1.50; drb_pct=-1.13; orb_pct=-1.06,orb_pct,-1.0554092152446422
role_only_no_height,k6__division_zscore__role_only_no_height__method-nnls__init-uniform__ninit-1,6,division_zscore,"z-score within division, then recombined",3000,role_only_no_height,nnls,uniform,0.2677347352386173,0.024339521385328845,11,height_inches|mins_per_game|eFG|three_pct|ft_pct,2,415,0.1383333333333333,223,192,0.4794788410924968,FTR=3.56; orb_pct=0.65; tov_pct=0.49; drb_pct=-0.45; blk_pct=-0.49,three_share=-1.41; three_pa_per_100_team_poss=-1.38; usg=-1.22; ast_pct=-1.20; ast_tov=-1.03,orb_pct,0.6494537852907535
role_only_no_height,k6__division_zscore__role_only_no_height__method-nnls__init-uniform__ninit-1,6,division_zscore,"z-score within division, then recombined",3000,role_only_no_height,nnls,uniform,0.2677347352386173,0.024339521385328845,11,height_inches|mins_per_game|eFG|three_pct|ft_pct,3,800,0.2666666666666666,433,367,0.505250294172251,ast_pct=2.70; usg=2.10; stl_pct=1.74; ast_tov=0.74; FTR=0.70,orb_pct=-0.75; blk_pct=-0.63; three_share=-0.38; drb_pct=-0.30; three_pa_per_100_team_poss=0.11,orb_pct,-0.7504861349516863
role_only_no_height,k6__division_zscore__role_only_no_height__method-nnls__init-uniform__ninit-1,6,division_zscore,"z-score within division, then recombined",3000,role_only_no_height,nnls,uniform,0.2677347352386173,0.024339521385328845,11,height_inches|mins_per_game|eFG|three_pct|ft_pct,4,262,0.0873333333333333,135,127,0.4408056532664042,tov_pct=3.80; blk_pct=-0.10; stl_pct=-0.11; ast_pct=-0.43; ast_tov=-0.43,usg=-1.99; FTR=-1.77; three_pa_per_100_team_poss=-1.14; orb_pct=-0.97; three_share=-0.78,orb_pct,-0.9710488875062632
role_only_no_height,k6__division_zscore__role_only_no_height__method-nnls__init-uniform__ninit-1,6,division_zscore,"z-score within division, then recombined",3000,role_only_no_height,nnls,uniform,0.2677347352386173,0.024339521385328845,11,height_inches|mins_per_game|eFG|three_pct|ft_pct,5,702,0.234,382,320,0.462743349163797,three_pa_per_100_team_poss=2.47; three_share=2.14; usg=0.44; blk_pct=-0.46; drb_pct=-0.85,tov_pct=-1.66; FTR=-1.52; stl_pct=-1.45; ast_tov=-1.40; ast_pct=-1.37,orb_pct,-0.9319955020531908
role_only_no_height,k6__division_zscore__role_only_no_height__method-nnls__init-uniform__ninit-1,6,division_zscore,"z-score within division, then recombined",3000,role_only_no_height,nnls,uniform,0.2677347352386173,0.024339521385328845,11,height_inches|mins_per_game|eFG|three_pct|ft_pct,6,512,0.1706666666666666,289,223,0.4625975811723234,blk_pct=3.64; orb_pct=2.93; drb_pct=2.72; usg=0.59; FTR=-0.34,three_share=-1.55; three_pa_per_100_team_poss=-1.45; ast_tov=-0.95; tov_pct=-0.91; ast_pct=-0.81,orb_pct,2.926857551228898
role_only_no_height,k7__division_zscore__role_only_no_height__method-nnls__init-aa_plus_plus__ninit-1,7,division_zscore,"z-score within division, then recombined",3000,role_only_no_height,nnls,aa_plus_plus,0.238495041324195,0.021681367393108636,11,height_inches|mins_per_game|eFG|three_pct|ft_pct,1,294,0.098,161,133,0.4389883262975242,ast_tov=3.61; three_share=2.21; three_pa_per_100_team_poss=1.08; stl_pct=0.69; ast_pct=-0.21,tov_pct=-2.22; usg=-1.87; FTR=-1.81; drb_pct=-1.35; orb_pct=-1.04,orb_pct,-1.0448731352984704
role_only_no_height,k7__division_zscore__role_only_no_height__method-nnls__init-aa_plus_plus__ninit-1,7,division_zscore,"z-score within division, then recombined",3000,role_only_no_height,nnls,aa_plus_plus,0.238495041324195,0.021681367393108636,11,height_inches|mins_per_game|eFG|three_pct|ft_pct,2,673,0.2243333333333333,362,311,0.4457061235878949,three_pa_per_100_team_poss=2.48; three_share=2.10; usg=0.66; blk_pct=-0.39; drb_pct=-0.86,tov_pct=-1.73; stl_pct=-1.70; ast_tov=-1.40; FTR=-1.38; ast_pct=-1.36,orb_pct,-0.9026252171418442
role_only_no_height,k7__division_zscore__role_only_no_height__method-nnls__init-aa_plus_plus__ninit-1,7,division_zscore,"z-score within division, then recombined",3000,role_only_no_height,nnls,aa_plus_plus,0.238495041324195,0.021681367393108636,11,height_inches|mins_per_game|eFG|three_pct|ft_pct,3,163,0.0543333333333333,94,69,0.380094578821913,stl_pct=3.24; orb_pct=2.93; drb_pct=1.47; blk_pct=0.61; FTR=0.41,three_share=-1.55; ast_tov=-1.50; three_pa_per_100_team_poss=-1.45; ast_pct=-1.36; tov_pct=0.02,orb_pct,2.92685755283509
role_only_no_height,k7__division_zscore__role_only_no_height__method-nnls__init-aa_plus_plus__ninit-1,7,division_zscore,"z-score within division, then recombined",3000,role_only_no_height,nnls,aa_plus_plus,0.238495041324195,0.021681367393108636,11,height_inches|mins_per_game|eFG|three_pct|ft_pct,4,450,0.15,252,198,0.4636975661184712,blk_pct=3.47; orb_pct=2.89; drb_pct=2.71; usg=0.78; FTR=-0.14,three_share=-1.55; three_pa_per_100_team_poss=-1.45; ast_tov=-0.96; tov_pct=-0.73; ast_pct=-0.71,orb_pct,2.894933528358571
role_only_no_height,k7__division_zscore__role_only_no_height__method-nnls__init-aa_plus_plus__ninit-1,7,division_zscore,"z-score within division, then recombined",3000,role_only_no_height,nnls,aa_plus_plus,0.238495041324195,0.021681367393108636,11,height_inches|mins_per_game|eFG|three_pct|ft_pct,5,320,0.1066666666666666,168,152,0.4237211426671816,tov_pct=3.75; blk_pct=-0.07; stl_pct=-0.20; ast_pct=-0.25; ast_tov=-0.40,usg=-1.95; FTR=-1.71; orb_pct=-1.05; three_pa_per_100_team_poss=-1.03; drb_pct=-0.56,orb_pct,-1.0480258380580003
role_only_no_height,k7__division_zscore__role_only_no_height__method-nnls__init-aa_plus_plus__ninit-1,7,division_zscore,"z-score within division, then recombined",3000,role_only_no_height,nnls,aa_plus_plus,0.238495041324195,0.021681367393108636,11,height_inches|mins_per_game|eFG|three_pct|ft_pct,6,770,0.2566666666666666,413,357,0.4917715389137663,ast_pct=2.83; usg=2.25; stl_pct=1.15; ast_tov=1.03; FTR=0.75,orb_pct=-0.77; blk_pct=-0.67; drb_pct=-0.37; three_share=-0.35; tov_pct=-0.14,orb_pct,-0.7701912642685755
role_only_no_height,k7__division_zscore__role_only_no_height__method-nnls__init-aa_plus_plus__ninit-1,7,division_zscore,"z-score within division, then recombined",3000,role_only_no_height,nnls,aa_plus_plus,0.238495041324195,0.021681367393108636,11,height_inches|mins_per_game|eFG|three_pct|ft_pct,7,330,0.11,178,152,0.464452747318702,FTR=3.56; tov_pct=0.56; orb_pct=0.43; blk_pct=-0.50; ast_tov=-0.53,usg=-1.68; three_pa_per_100_team_poss=-1.33; stl_pct=-1.31; three_share=-1.24; ast_pct=-1.16,orb_pct,0.4327107793897785
role_only_no_height,k8__division_zscore__role_only_no_height__method-nnls__init-furthest_sum__ninit-1,8,division_zscore,"z-score within division, then recombined",3000,role_only_no_height,nnls,furthest_sum,0.2143388262200273,0.0194853478381843,11,height_inches|mins_per_game|eFG|three_pct|ft_pct,1,174,0.058,96,78,0.4213632291929584,FTR=3.42; tov_pct=3.33; drb_pct=0.74; orb_pct=0.16; blk_pct=-0.02,usg=-1.72; stl_pct=-1.48; ast_pct=-1.36; ast_tov=-1.25; three_pa_per_100_team_poss=-1.11,orb_pct,0.1585421837237481
role_only_no_height,k8__division_zscore__role_only_no_height__method-nnls__init-furthest_sum__ninit-1,8,division_zscore,"z-score within division, then recombined",3000,role_only_no_height,nnls,furthest_sum,0.2143388262200273,0.0194853478381843,11,height_inches|mins_per_game|eFG|three_pct|ft_pct,2,471,0.157,263,208,0.443455908590321,ast_pct=2.96; usg=2.48; FTR=0.57; ast_tov=0.40; three_pa_per_100_team_poss=0.35,orb_pct=-0.74; blk_pct=-0.73; drb_pct=-0.46; three_share=-0.44; stl_pct=-0.13,orb_pct,-0.7439793905735711
role_only_no_height,k8__division_zscore__role_only_no_height__method-nnls__init-furthest_sum__ninit-1,8,division_zscore,"z-score within division, then recombined",3000,role_only_no_height,nnls,furthest_sum,0.2143388262200273,0.0194853478381843,11,height_inches|mins_per_game|eFG|three_pct|ft_pct,3,99,0.033,49,50,0.3615147922957086,ast_tov=3.61; FTR=3.56; three_share=0.52; ast_pct=-0.06; orb_pct=-0.36,tov_pct=-2.33; usg=-2.19; drb_pct=-1.90; three_pa_per_100_team_poss=-1.22; stl_pct=-0.91,orb_pct,-0.3640168252915187
role_only_no_height,k8__division_zscore__role_only_no_height__method-nnls__init-furthest_sum__ninit-1,8,division_zscore,"z-score within division, then recombined",3000,role_only_no_height,nnls,furthest_sum,0.2143388262200273,0.0194853478381843,11,height_inches|mins_per_game|eFG|three_pct|ft_pct,4,996,0.332,554,442,0.4510370126653587,three_pa_per_100_team_poss=2.47; three_share=2.21; usg=0.11; blk_pct=-0.63; orb_pct=-0.87,FTR=-1.82; tov_pct=-1.75; stl_pct=-1.57; ast_pct=-1.42; ast_tov=-1.33,orb_pct,-0.8662525664615939
role_only_no_height,k8__division_zscore__role_only_no_height__method-nnls__init-furthest_sum__ninit-1,8,division_zscore,"z-score within division, then recombined",3000,role_only_no_height,nnls,furthest_sum,0.2143388262200273,0.0194853478381843,11,height_inches|mins_per_game|eFG|three_pct|ft_pct,5,295,0.0983333333333333,159,136,0.3951614789419916,stl_pct=3.50; usg=1.83; FTR=1.54; orb_pct=0.89; tov_pct=0.69,three_share=-1.46; three_pa_per_100_team_poss=-1.35; ast_tov=-0.82; drb_pct=-0.80; blk_pct=-0.21,orb_pct,0.888137576719514
role_only_no_height,k8__division_zscore__role_only_no_height__method-nnls__init-furthest_sum__ninit-1,8,division_zscore,"z-score within division, then recombined",3000,role_only_no_height,nnls,furthest_sum,0.2143388262200273,0.0194853478381843,11,height_inches|mins_per_game|eFG|three_pct|ft_pct,6,582,0.194,317,265,0.4426284154009009,blk_pct=3.64; orb_pct=2.93; drb_pct=2.72; usg=0.58; FTR=-0.34,three_share=-1.55; three_pa_per_100_team_poss=-1.45; ast_tov=-0.95; tov_pct=-0.91; ast_pct=-0.82,orb_pct,2.9268575516755733
role_only_no_height,k8__division_zscore__role_only_no_height__method-nnls__init-furthest_sum__ninit-1,8,division_zscore,"z-score within division, then recombined",3000,role_only_no_height,nnls,furthest_sum,0.2143388262200273,0.0194853478381843,11,height_inches|mins_per_game|eFG|three_pct|ft_pct,7,197,0.0656666666666666,98,99,0.377781054808435,ast_tov=3.32; ast_pct=3.03; three_share=2.02; stl_pct=1.68; drb_pct=1.50,FTR=-1.95; orb_pct=-1.35; usg=-1.20; blk_pct=-0.90; tov_pct=0.96,orb_pct,-1.3500353164043573
role_only_no_height,k8__division_zscore__role_only_no_height__method-nnls__init-furthest_sum__ninit-1,8,division_zscore,"z-score within division, then recombined",3000,role_only_no_height,nnls,furthest_sum,0.2143388262200273,0.0194853478381843,11,height_inches|mins_per_game|eFG|three_pct|ft_pct,8,186,0.062,92,94,0.3914937703684024,tov_pct=3.92; blk_pct=0.40; stl_pct=0.04; drb_pct=-0.79; ast_tov=-0.81,usg=-2.12; FTR=-1.95; three_share=-1.58; three_pa_per_100_team_poss=-1.47; orb_pct=-1.07,orb_pct,-1.0651859191647153
role_only_height_025,k6__division_zscore__role_only_height_025__method-nnls__init-aa_plus_plus__ninit-1,6,division_zscore,"z-score within division, then recombined",3000,role_only_height_025,nnls,aa_plus_plus,0.2951314491359655,0.024594287427997127,12,mins_per_game|eFG|three_pct|ft_pct,1,764,0.2546666666666666,412,352,0.5077027320443918,ast_pct=2.65; usg=2.15; stl_pct=1.83; ast_tov=0.67; FTR=0.59,height_inches=-1.41; orb_pct=-0.79; blk_pct=-0.57; drb_pct=-0.28; three_share=-0.28,orb_pct,-0.7895169493697277
role_only_height_025,k6__division_zscore__role_only_height_025__method-nnls__init-aa_plus_plus__ninit-1,6,division_zscore,"z-score within division, then recombined",3000,role_only_height_025,nnls,aa_plus_plus,0.2951314491359655,0.024594287427997127,12,mins_per_game|eFG|three_pct|ft_pct,2,342,0.114,180,162,0.4838557509063565,FTR=3.56; tov_pct=0.55; orb_pct=0.42; height_inches=0.24; stl_pct=-0.47,usg=-1.46; three_pa_per_100_team_poss=-1.38; three_share=-1.32; ast_pct=-1.19; ast_tov=-0.89,orb_pct,0.4235497103854294
role_only_height_025,k6__division_zscore__role_only_height_025__method-nnls__init-aa_plus_plus__ninit-1,6,division_zscore,"z-score within division, then recombined",3000,role_only_height_025,nnls,aa_plus_plus,0.2951314491359655,0.024594287427997127,12,mins_per_game|eFG|three_pct|ft_pct,3,668,0.2226666666666666,366,302,0.4623177469876054,three_pa_per_100_team_poss=2.47; three_share=2.16; usg=0.33; height_inches=0.12; blk_pct=-0.46,tov_pct=-1.67; FTR=-1.58; ast_tov=-1.41; ast_pct=-1.39; stl_pct=-1.34,orb_pct,-0.936294822230796
role_only_height_025,k6__division_zscore__role_only_height_025__method-nnls__init-aa_plus_plus__ninit-1,6,division_zscore,"z-score within division, then recombined",3000,role_only_height_025,nnls,aa_plus_plus,0.2951314491359655,0.024594287427997127,12,mins_per_game|eFG|three_pct|ft_pct,4,655,0.2183333333333333,368,287,0.4864090659074885,blk_pct=3.08; drb_pct=2.72; orb_pct=2.64; height_inches=1.84; usg=1.04,three_share=-1.56; three_pa_per_100_team_poss=-1.45; ast_tov=-1.08; stl_pct=-0.79; ast_pct=-0.78,orb_pct,2.6391274356751344
role_only_height_025,k6__division_zscore__role_only_height_025__method-nnls__init-aa_plus_plus__ninit-1,6,division_zscore,"z-score within division, then recombined",3000,role_only_height_025,nnls,aa_plus_plus,0.2951314491359655,0.024594287427997127,12,mins_per_game|eFG|three_pct|ft_pct,5,338,0.1126666666666666,178,160,0.4604329118378568,ast_tov=3.57; three_share=2.01; three_pa_per_100_team_poss=0.77; stl_pct=0.09; ast_pct=0.04,tov_pct=-1.91; usg=-1.81; FTR=-1.49; drb_pct=-1.22; orb_pct=-1.07,orb_pct,-1.0697857108538578
role_only_height_025,k6__division_zscore__role_only_height_025__method-nnls__init-aa_plus_plus__ninit-1,6,division_zscore,"z-score within division, then recombined",3000,role_only_height_025,nnls,aa_plus_plus,0.2951314491359655,0.024594287427997127,12,mins_per_game|eFG|three_pct|ft_pct,6,233,0.0776666666666666,124,109,0.4381247388587916,tov_pct=3.84; blk_pct=-0.01; stl_pct=-0.05; ast_tov=-0.51; ast_pct=-0.57,usg=-2.03; FTR=-1.82; three_pa_per_100_team_poss=-1.23; three_share=-0.98; orb_pct=-0.97,orb_pct,-0.971781065602926
role_only_height_025,k7__division_zscore__role_only_height_025__method-nnls__init-furthest_sum__ninit-1,7,division_zscore,"z-score within division, then recombined",3000,role_only_height_025,nnls,furthest_sum,0.263311535831513,0.021942627985959418,12,mins_per_game|eFG|three_pct|ft_pct,1,226,0.0753333333333333,115,111,0.417672088169587,tov_pct=3.88; blk_pct=0.10; stl_pct=0.02; ast_tov=-0.61; drb_pct=-0.63,usg=-2.08; FTR=-1.88; three_pa_per_100_team_poss=-1.34; three_share=-1.26; orb_pct=-0.97,orb_pct,-0.9739532907154056
role_only_height_025,k7__division_zscore__role_only_height_025__method-nnls__init-furthest_sum__ninit-1,7,division_zscore,"z-score within division, then recombined",3000,role_only_height_025,nnls,furthest_sum,0.263311535831513,0.021942627985959418,12,mins_per_game|eFG|three_pct|ft_pct,2,295,0.0983333333333333,158,137,0.4357850920342563,ast_tov=3.61; three_share=2.21; three_pa_per_100_team_poss=1.01; stl_pct=0.60; ast_pct=-0.21,tov_pct=-2.15; usg=-1.89; FTR=-1.82; drb_pct=-1.31; orb_pct=-1.04,orb_pct,-1.0445444140748743
role_only_height_025,k7__division_zscore__role_only_height_025__method-nnls__init-furthest_sum__ninit-1,7,division_zscore,"z-score within division, then recombined",3000,role_only_height_025,nnls,furthest_sum,0.263311535831513,0.021942627985959418,12,mins_per_game|eFG|three_pct|ft_pct,3,330,0.11,173,157,0.4644667356808276,FTR=3.56; tov_pct=0.53; orb_pct=0.47; height_inches=0.24; blk_pct=-0.52,usg=-1.70; three_share=-1.41; three_pa_per_100_team_poss=-1.39; ast_pct=-1.19; stl_pct=-1.08,orb_pct,0.4671461151656296
role_only_height_025,k7__division_zscore__role_only_height_025__method-nnls__init-furthest_sum__ninit-1,7,division_zscore,"z-score within division, then recombined",3000,role_only_height_025,nnls,furthest_sum,0.263311535831513,0.021942627985959418,12,mins_per_game|eFG|three_pct|ft_pct,4,685,0.2283333333333333,382,303,0.4756498660866816,blk_pct=3.01; drb_pct=2.72; orb_pct=2.66; height_inches=1.88; usg=1.16,three_share=-1.56; three_pa_per_100_team_poss=-1.45; ast_tov=-1.05; stl_pct=-0.85; tov_pct=-0.73,orb_pct,2.658531254535697
role_only_height_025,k7__division_zscore__role_only_height_025__method-nnls__init-furthest_sum__ninit-1,7,division_zscore,"z-score within division, then recombined",3000,role_only_height_025,nnls,furthest_sum,0.263311535831513,0.021942627985959418,12,mins_per_game|eFG|three_pct|ft_pct,5,413,0.1376666666666666,247,166,0.4565209745922705,ast_pct=3.02; usg=1.94; ast_tov=1.43; three_pa_per_100_team_poss=0.23; tov_pct=0.16,height_inches=-1.46; orb_pct=-1.04; drb_pct=-0.65; blk_pct=-0.60; stl_pct=-0.43,orb_pct,-1.0405349220638915
role_only_height_025,k7__division_zscore__role_only_height_025__method-nnls__init-furthest_sum__ninit-1,7,division_zscore,"z-score within division, then recombined",3000,role_only_height_025,nnls,furthest_sum,0.263311535831513,0.021942627985959418,12,mins_per_game|eFG|three_pct|ft_pct,6,678,0.226,365,313,0.4478373137453988,three_pa_per_100_team_poss=2.48; three_share=2.14; usg=0.49; height_inches=-0.10; blk_pct=-0.44,tov_pct=-1.73; stl_pct=-1.56; FTR=-1.51; ast_tov=-1.40; ast_pct=-1.37,orb_pct,-0.915899752978191
role_only_height_025,k7__division_zscore__role_only_height_025__method-nnls__init-furthest_sum__ninit-1,7,division_zscore,"z-score within division, then recombined",3000,role_only_height_025,nnls,furthest_sum,0.263311535831513,0.021942627985959418,12,mins_per_game|eFG|three_pct|ft_pct,7,373,0.1243333333333333,188,185,0.4477413622519844,stl_pct=3.49; ast_pct=1.68; usg=1.54; FTR=0.84; tov_pct=0.49,height_inches=-1.37; orb_pct=-0.44; blk_pct=-0.38; three_share=-0.31; drb_pct=-0.21,orb_pct,-0.4382348037220537
role_only_height_025,k8__division_zscore__role_only_height_025__method-nnls__init-furthest_first__ninit-1,8,division_zscore,"z-score within division, then recombined",3000,role_only_height_025,nnls,furthest_first,0.2447094773685976,0.020392456447383134,12,mins_per_game|eFG|three_pct|ft_pct,1,766,0.2553333333333333,411,355,0.4782242069768341,blk_pct=2.78; drb_pct=2.72; orb_pct=2.61; height_inches=2.02; usg=1.09,three_share=-1.56; three_pa_per_100_team_poss=-1.46; ast_tov=-1.11; stl_pct=-0.88; ast_pct=-0.74,orb_pct,2.613510268796922
role_only_height_025,k8__division_zscore__role_only_height_025__method-nnls__init-furthest_first__ninit-1,8,division_zscore,"z-score within division, then recombined",3000,role_only_height_025,nnls,furthest_first,0.2447094773685976,0.020392456447383134,12,mins_per_game|eFG|three_pct|ft_pct,2,386,0.1286666666666666,228,158,0.4493649554366586,ast_pct=3.02; usg=2.17; ast_tov=1.11; three_pa_per_100_team_poss=0.13; tov_pct=0.10,height_inches=-1.40; orb_pct=-1.03; blk_pct=-0.64; drb_pct=-0.59; three_share=-0.49,orb_pct,-1.026979157192325
role_only_height_025,k8__division_zscore__role_only_height_025__method-nnls__init-furthest_first__ninit-1,8,division_zscore,"z-score within division, then recombined",3000,role_only_height_025,nnls,furthest_first,0.2447094773685976,0.020392456447383134,12,mins_per_game|eFG|three_pct|ft_pct,3,343,0.1143333333333333,170,173,0.4309408019064346,stl_pct=3.53; usg=1.76; ast_pct=1.11; FTR=0.85; tov_pct=0.37,height_inches=-1.01; drb_pct=-0.78; three_share=-0.54; blk_pct=-0.41; ast_tov=-0.26,orb_pct,-0.2443583098398251
role_only_height_025,k8__division_zscore__role_only_height_025__method-nnls__init-furthest_first__ninit-1,8,division_zscore,"z-score within division, then recombined",3000,role_only_height_025,nnls,furthest_first,0.2447094773685976,0.020392456447383134,12,mins_per_game|eFG|three_pct|ft_pct,4,180,0.06,87,93,0.3891629696383583,tov_pct=3.94; blk_pct=0.49; stl_pct=0.07; height_inches=-0.49; drb_pct=-0.82,usg=-2.13; FTR=-1.95; three_share=-1.60; three_pa_per_100_team_poss=-1.47; orb_pct=-1.11,orb_pct,-1.1111294271210626
role_only_height_025,k8__division_zscore__role_only_height_025__method-nnls__init-furthest_first__ninit-1,8,division_zscore,"z-score within division, then recombined",3000,role_only_height_025,nnls,furthest_first,0.2447094773685976,0.020392456447383134,12,mins_per_game|eFG|three_pct|ft_pct,5,101,0.0336666666666666,54,47,0.3613966317042416,ast_tov=3.61; FTR=3.56; three_share=0.52; height_inches=0.18; ast_pct=-0.06,tov_pct=-2.33; usg=-2.19; drb_pct=-1.90; three_pa_per_100_team_poss=-1.22; stl_pct=-0.91,orb_pct,-0.3640168252582168
role_only_height_025,k8__division_zscore__role_only_height_025__method-nnls__init-furthest_first__ninit-1,8,division_zscore,"z-score within division, then recombined",3000,role_only_height_025,nnls,furthest_first,0.2447094773685976,0.020392456447383134,12,mins_per_game|eFG|three_pct|ft_pct,6,955,0.3183333333333333,530,425,0.449595980804347,three_pa_per_100_team_poss=2.47; three_share=2.22; usg=0.15; height_inches=-0.12; blk_pct=-0.71,FTR=-1.82; tov_pct=-1.79; stl_pct=-1.61; ast_pct=-1.40; ast_tov=-1.34,orb_pct,-0.8351513093768796
role_only_height_025,k8__division_zscore__role_only_height_025__method-nnls__init-furthest_first__ninit-1,8,division_zscore,"z-score within division, then recombined",3000,role_only_height_025,nnls,furthest_first,0.2447094773685976,0.020392456447383134,12,mins_per_game|eFG|three_pct|ft_pct,7,163,0.0543333333333333,95,68,0.4262992627745987,FTR=3.41; tov_pct=3.24; height_inches=0.65; drb_pct=0.13; orb_pct=0.07,usg=-1.41; ast_tov=-1.35; ast_pct=-1.21; three_pa_per_100_team_poss=-1.09; stl_pct=-0.95,orb_pct,0.0740245571572317
role_only_height_025,k8__division_zscore__role_only_height_025__method-nnls__init-furthest_first__ninit-1,8,division_zscore,"z-score within division, then recombined",3000,role_only_height_025,nnls,furthest_first,0.2447094773685976,0.020392456447383134,12,mins_per_game|eFG|three_pct|ft_pct,8,106,0.0353333333333333,53,53,0.3601115726474856,ast_tov=3.32; ast_pct=3.03; three_share=2.13; drb_pct=2.09; stl_pct=1.69,FTR=-1.95; orb_pct=-1.51; usg=-1.33; blk_pct=-0.90; height_inches=-0.05,orb_pct,-1.5053052842181842
quality_lite_no_height,k6__division_zscore__quality_lite_no_height__method-nnls__init-aa_plus_plus__ninit-1,6,division_zscore,"z-score within division, then recombined",3000,quality_lite_no_height,nnls,aa_plus_plus,0.3318744542043277,0.023705318157451978,14,height_inches|mins_per_game,1,839,0.2796666666666667,465,374,0.4819226714238443,three_pa_per_100_team_poss=2.47; three_share=1.97; ft_pct=0.74; three_pct=0.68; eFG=0.47,tov_pct=-1.51; ast_pct=-1.38; ast_tov=-1.30; FTR=-1.17; stl_pct=-0.92,orb_pct,-0.6548258381728059
quality_lite_no_height,k6__division_zscore__quality_lite_no_height__method-nnls__init-aa_plus_plus__ninit-1,6,division_zscore,"z-score within division, then recombined",3000,quality_lite_no_height,nnls,aa_plus_plus,0.3318744542043277,0.023705318157451978,14,height_inches|mins_per_game,2,210,0.07,106,104,0.4407402226984385,tov_pct=3.78; stl_pct=-0.12; blk_pct=-0.13; ast_pct=-0.39; ast_tov=-0.44,ft_pct=-3.01; eFG=-2.10; usg=-1.92; FTR=-1.75; three_pa_per_100_team_poss=-1.21,orb_pct,-0.9622662668363732
quality_lite_no_height,k6__division_zscore__quality_lite_no_height__method-nnls__init-aa_plus_plus__ninit-1,6,division_zscore,"z-score within division, then recombined",3000,quality_lite_no_height,nnls,aa_plus_plus,0.3318744542043277,0.023705318157451978,14,height_inches|mins_per_game,3,459,0.153,256,203,0.4720511160361476,blk_pct=3.64; orb_pct=2.92; drb_pct=2.71; eFG=0.64; usg=0.51,three_pct=-1.93; three_share=-1.55; three_pa_per_100_team_poss=-1.45; ast_tov=-1.02; ast_pct=-0.89,orb_pct,2.9193059434583186
quality_lite_no_height,k6__division_zscore__quality_lite_no_height__method-nnls__init-aa_plus_plus__ninit-1,6,division_zscore,"z-score within division, then recombined",3000,quality_lite_no_height,nnls,aa_plus_plus,0.3318744542043277,0.023705318157451978,14,height_inches|mins_per_game,4,742,0.2473333333333333,404,338,0.5061546064784389,ast_pct=2.68; usg=2.23; stl_pct=1.71; ft_pct=0.73; FTR=0.51,orb_pct=-0.73; blk_pct=-0.54; three_share=-0.35; eFG=-0.26; drb_pct=-0.23,orb_pct,-0.7291766625868271
quality_lite_no_height,k6__division_zscore__quality_lite_no_height__method-nnls__init-aa_plus_plus__ninit-1,6,division_zscore,"z-score within division, then recombined",3000,quality_lite_no_height,nnls,aa_plus_plus,0.3318744542043277,0.023705318157451978,14,height_inches|mins_per_game,5,385,0.1283333333333333,207,178,0.4905553136314093,FTR=3.54; orb_pct=0.68; tov_pct=0.54; eFG=0.35; drb_pct=-0.29,three_pct=-1.58; three_pa_per_100_team_poss=-1.32; three_share=-1.23; ast_pct=-1.21; usg=-1.21,orb_pct,0.6818484183497161
quality_lite_no_height,k6__division_zscore__quality_lite_no_height__method-nnls__init-aa_plus_plus__ninit-1,6,division_zscore,"z-score within division, then recombined",3000,quality_lite_no_height,nnls,aa_plus_plus,0.3318744542043277,0.023705318157451978,14,height_inches|mins_per_game,6,365,0.1216666666666666,190,175,0.4750526939685237,ast_tov=3.61; three_share=1.39; three_pa_per_100_team_poss=0.62; three_pct=0.46; ast_pct=0.34,tov_pct=-1.81; usg=-1.64; drb_pct=-1.04; orb_pct=-1.01; FTR=-0.97,orb_pct,-1.0089101391684494
quality_lite_no_height,k7__division_zscore__quality_lite_no_height__method-nnls__init-uniform__ninit-1,7,division_zscore,"z-score within division, then recombined",3000,quality_lite_no_height,nnls,uniform,0.3057733967215648,0.0218409569086832,14,height_inches|mins_per_game,1,410,0.1366666666666666,223,187,0.4745940911079103,FTR=3.55; orb_pct=0.95; eFG=0.61; tov_pct=0.42; blk_pct=-0.15,three_pct=-1.71; three_pa_per_100_team_poss=-1.36; usg=-1.32; three_share=-1.32; ast_pct=-1.15,orb_pct,0.946063770924171
quality_lite_no_height,k7__division_zscore__quality_lite_no_height__method-nnls__init-uniform__ninit-1,7,division_zscore,"z-score within division, then recombined",3000,quality_lite_no_height,nnls,uniform,0.3057733967215648,0.0218409569086832,14,height_inches|mins_per_game,2,836,0.2786666666666667,458,378,0.4601655417019247,three_pa_per_100_team_poss=2.44; three_share=1.96; ft_pct=0.84; three_pct=0.69; usg=0.59,tov_pct=-1.62; ast_tov=-1.34; stl_pct=-1.33; ast_pct=-1.32; FTR=-0.98,orb_pct,-0.5486156432765661
quality_lite_no_height,k7__division_zscore__quality_lite_no_height__method-nnls__init-uniform__ninit-1,7,division_zscore,"z-score within division, then recombined",3000,quality_lite_no_height,nnls,uniform,0.3057733967215648,0.0218409569086832,14,height_inches|mins_per_game,3,389,0.1296666666666666,219,170,0.4576771015188351,blk_pct=3.93; orb_pct=2.92; drb_pct=2.71; eFG=0.49; usg=0.05,three_pct=-1.93; three_share=-1.55; three_pa_per_100_team_poss=-1.45; ast_pct=-1.16; ast_tov=-1.08,orb_pct,2.9176691922045292
quality_lite_no_height,k7__division_zscore__quality_lite_no_height__method-nnls__init-uniform__ninit-1,7,division_zscore,"z-score within division, then recombined",3000,quality_lite_no_height,nnls,uniform,0.3057733967215648,0.0218409569086832,14,height_inches|mins_per_game,4,335,0.1116666666666666,174,161,0.469291657365989,ast_tov=3.61; three_share=1.69; three_pa_per_100_team_poss=0.96; three_pct=0.46; stl_pct=0.38,tov_pct=-1.85; usg=-1.57; drb_pct=-1.20; FTR=-1.19; orb_pct=-0.99,orb_pct,-0.9934319854863586
quality_lite_no_height,k7__division_zscore__quality_lite_no_height__method-nnls__init-uniform__ninit-1,7,division_zscore,"z-score within division, then recombined",3000,quality_lite_no_height,nnls,uniform,0.3057733967215648,0.0218409569086832,14,height_inches|mins_per_game,5,339,0.113,178,161,0.4399483238331194,stl_pct=3.47; usg=1.59; ast_pct=1.55; FTR=0.80; three_pct=0.51,drb_pct=-0.83; orb_pct=-0.69; blk_pct=-0.57; eFG=-0.42; three_share=-0.10,orb_pct,-0.6914125319102679
quality_lite_no_height,k7__division_zscore__quality_lite_no_height__method-nnls__init-uniform__ninit-1,7,division_zscore,"z-score within division, then recombined",3000,quality_lite_no_height,nnls,uniform,0.3057733967215648,0.0218409569086832,14,height_inches|mins_per_game,6,224,0.0746666666666666,112,112,0.4250744613967529,tov_pct=3.79; stl_pct=-0.11; blk_pct=-0.11; ast_pct=-0.42; ast_tov=-0.45,ft_pct=-3.10; eFG=-2.15; usg=-1.94; FTR=-1.76; three_pct=-1.24,orb_pct,-0.9629616347972456
quality_lite_no_height,k7__division_zscore__quality_lite_no_height__method-nnls__init-uniform__ninit-1,7,division_zscore,"z-score within division, then recombined",3000,quality_lite_no_height,nnls,uniform,0.3057733967215648,0.0218409569086832,14,height_inches|mins_per_game,7,467,0.1556666666666666,264,203,0.4500973109087519,ast_pct=3.02; usg=2.12; ast_tov=1.05; ft_pct=0.66; FTR=0.21,orb_pct=-0.76; three_share=-0.65; blk_pct=-0.58; stl_pct=-0.30; three_pa_per_100_team_poss=-0.18,orb_pct,-0.7582587412843687
quality_lite_no_height,k8__division_zscore__quality_lite_no_height__method-nnls__init-uniform__ninit-1,8,division_zscore,"z-score within division, then recombined",3000,quality_lite_no_height,nnls,uniform,0.2783043367516002,0.019878881196542873,14,height_inches|mins_per_game,1,241,0.0803333333333333,113,128,0.435758447968365,stl_pct=3.42; FTR=2.22; tov_pct=1.44; ast_pct=1.32; usg=0.93,three_share=-0.62; three_pa_per_100_team_poss=-0.58; orb_pct=-0.51; drb_pct=-0.47; blk_pct=-0.27,orb_pct,-0.5136659041578621
quality_lite_no_height,k8__division_zscore__quality_lite_no_height__method-nnls__init-uniform__ninit-1,8,division_zscore,"z-score within division, then recombined",3000,quality_lite_no_height,nnls,uniform,0.2783043367516002,0.019878881196542873,14,height_inches|mins_per_game,2,189,0.063,107,82,0.4564765187094199,FTR=3.56; tov_pct=0.65; orb_pct=0.39; eFG=0.32; blk_pct=0.30,usg=-2.08; three_pct=-1.70; stl_pct=-1.67; three_pa_per_100_team_poss=-1.33; three_share=-1.23,orb_pct,0.3921655341430032
quality_lite_no_height,k8__division_zscore__quality_lite_no_height__method-nnls__init-uniform__ninit-1,8,division_zscore,"z-score within division, then recombined",3000,quality_lite_no_height,nnls,uniform,0.2783043367516002,0.019878881196542873,14,height_inches|mins_per_game,3,488,0.1626666666666666,284,204,0.454393699196468,ast_pct=3.03; usg=2.02; ast_tov=1.49; ft_pct=1.05; three_pa_per_100_team_poss=0.45,orb_pct=-0.98; drb_pct=-0.65; blk_pct=-0.59; FTR=-0.46; stl_pct=-0.40,orb_pct,-0.9842492399510328
quality_lite_no_height,k8__division_zscore__quality_lite_no_height__method-nnls__init-uniform__ninit-1,8,division_zscore,"z-score within division, then recombined",3000,quality_lite_no_height,nnls,uniform,0.2783043367516002,0.019878881196542873,14,height_inches|mins_per_game,4,247,0.0823333333333333,144,103,0.482946233677228,blk_pct=4.02; orb_pct=2.28; drb_pct=2.05; eFG=1.12; tov_pct=-0.29,three_pct=-1.94; three_share=-1.55; three_pa_per_100_team_poss=-1.45; ast_pct=-1.13; ast_tov=-1.12,orb_pct,2.2824362603410986
quality_lite_no_height,k8__division_zscore__quality_lite_no_height__method-nnls__init-uniform__ninit-1,8,division_zscore,"z-score within division, then recombined",3000,quality_lite_no_height,nnls,uniform,0.2783043367516002,0.019878881196542873,14,height_inches|mins_per_game,5,929,0.3096666666666666,517,412,0.4733175390766912,three_pa_per_100_team_poss=2.49; three_share=1.97; ft_pct=0.87; three_pct=0.64; usg=0.44,tov_pct=-1.48; ast_pct=-1.35; FTR=-1.23; ast_tov=-1.19; orb_pct=-0.85,orb_pct,-0.8536928169199395
quality_lite_no_height,k8__division_zscore__quality_lite_no_height__method-nnls__init-uniform__ninit-1,8,division_zscore,"z-score within division, then recombined",3000,quality_lite_no_height,nnls,uniform,0.2783043367516002,0.019878881196542873,14,height_inches|mins_per_game,6,279,0.093,143,136,0.468210645804107,ast_tov=3.59; three_share=1.56; three_pa_per_100_team_poss=0.77; three_pct=0.49; stl_pct=0.38,tov_pct=-1.89; usg=-1.64; FTR=-1.16; drb_pct=-1.11; orb_pct=-0.95,orb_pct,-0.9534557820005344
quality_lite_no_height,k8__division_zscore__quality_lite_no_height__method-nnls__init-uniform__ninit-1,8,division_zscore,"z-score within division, then recombined",3000,quality_lite_no_height,nnls,uniform,0.2783043367516002,0.019878881196542873,14,height_inches|mins_per_game,7,199,0.0663333333333333,95,104,0.416259482813419,tov_pct=3.81; stl_pct=0.02; ast_tov=-0.24; drb_pct=-0.34; ast_pct=-0.55,ft_pct=-3.27; eFG=-2.36; usg=-1.99; FTR=-1.80; three_pct=-1.45,orb_pct,-0.6327354619931169
quality_lite_no_height,k8__division_zscore__quality_lite_no_height__method-nnls__init-uniform__ninit-1,8,division_zscore,"z-score within division, then recombined",3000,quality_lite_no_height,nnls,uniform,0.2783043367516002,0.019878881196542873,14,height_inches|mins_per_game,8,428,0.1426666666666666,225,203,0.4376478601277311,orb_pct=2.78; drb_pct=2.65; FTR=1.72; usg=1.37; blk_pct=0.73,three_share=-1.31; three_pa_per_100_team_poss=-1.19; ast_tov=-1.02; tov_pct=-0.76; ast_pct=-0.66,orb_pct,2.781222642159592
quality_lite_height_025,k6__division_zscore__quality_lite_height_025__method-nnls__init-uniform__ninit-1,6,division_zscore,"z-score within division, then recombined",3000,quality_lite_height_025,nnls,uniform,0.3613318451462657,0.024088789676417713,15,mins_per_game,1,391,0.1303333333333333,203,188,0.4777166882017243,ast_tov=3.59; three_share=1.42; three_pa_per_100_team_poss=0.75; three_pct=0.49; ast_pct=0.40,tov_pct=-1.67; usg=-1.48; drb_pct=-1.14; FTR=-1.05; orb_pct=-0.97,orb_pct,-0.9677576131606278
quality_lite_height_025,k6__division_zscore__quality_lite_height_025__method-nnls__init-uniform__ninit-1,6,division_zscore,"z-score within division, then recombined",3000,quality_lite_height_025,nnls,uniform,0.3613318451462657,0.024088789676417713,15,mins_per_game,2,326,0.1086666666666666,172,154,0.4943497310566704,FTR=3.52; tov_pct=0.75; orb_pct=0.52; height_inches=0.33; eFG=0.23,three_pct=-1.55; usg=-1.42; three_pa_per_100_team_poss=-1.31; three_share=-1.25; ast_pct=-1.19,orb_pct,0.5225109888443977
quality_lite_height_025,k6__division_zscore__quality_lite_height_025__method-nnls__init-uniform__ninit-1,6,division_zscore,"z-score within division, then recombined",3000,quality_lite_height_025,nnls,uniform,0.3613318451462657,0.024088789676417713,15,mins_per_game,3,697,0.2323333333333333,378,319,0.5064797994274349,ast_pct=2.65; usg=2.21; stl_pct=1.82; ft_pct=0.87; FTR=0.53,height_inches=-1.49; orb_pct=-0.79; blk_pct=-0.56; eFG=-0.27; drb_pct=-0.27,orb_pct,-0.7919606209666324
quality_lite_height_025,k6__division_zscore__quality_lite_height_025__method-nnls__init-uniform__ninit-1,6,division_zscore,"z-score within division, then recombined",3000,quality_lite_height_025,nnls,uniform,0.3613318451462657,0.024088789676417713,15,mins_per_game,4,184,0.0613333333333333,98,86,0.4379973419907649,tov_pct=3.82; blk_pct=-0.03; stl_pct=-0.04; ast_tov=-0.53; ast_pct=-0.56,ft_pct=-3.26; eFG=-2.36; usg=-1.99; FTR=-1.80; three_pct=-1.44,orb_pct,-0.9577563092442536
quality_lite_height_025,k6__division_zscore__quality_lite_height_025__method-nnls__init-uniform__ninit-1,6,division_zscore,"z-score within division, then recombined",3000,quality_lite_height_025,nnls,uniform,0.3613318451462657,0.024088789676417713,15,mins_per_game,5,803,0.2676666666666666,443,360,0.480580169897724,three_pa_per_100_team_poss=2.48; three_share=1.98; ft_pct=0.71; three_pct=0.67; usg=0.50,tov_pct=-1.54; ast_pct=-1.33; ast_tov=-1.24; FTR=-1.18; stl_pct=-0.95,orb_pct,-0.665418521785345
quality_lite_height_025,k6__division_zscore__quality_lite_height_025__method-nnls__init-uniform__ninit-1,6,division_zscore,"z-score within division, then recombined",3000,quality_lite_height_025,nnls,uniform,0.3613318451462657,0.024088789676417713,15,mins_per_game,6,599,0.1996666666666666,334,265,0.4881832539556246,blk_pct=3.07; drb_pct=2.70; orb_pct=2.65; height_inches=1.84; usg=1.04,three_pct=-1.94; three_share=-1.56; three_pa_per_100_team_poss=-1.45; ast_tov=-1.06; stl_pct=-0.79,orb_pct,2.65216647081266
quality_lite_height_025,k7__division_zscore__quality_lite_height_025__method-nnls__init-furthest_first__ninit-1,7,division_zscore,"z-score within division, then recombined",3000,quality_lite_height_025,nnls,furthest_first,0.3332879083767823,0.022219193891785487,15,mins_per_game,1,398,0.1326666666666666,205,193,0.4805340497010158,ast_tov=3.61; three_share=1.24; three_pa_per_100_team_poss=0.62; ast_pct=0.62; three_pct=0.56,tov_pct=-1.50; usg=-1.35; drb_pct=-1.08; orb_pct=-0.97; FTR=-0.89,orb_pct,-0.971653539346902
quality_lite_height_025,k7__division_zscore__quality_lite_height_025__method-nnls__init-furthest_first__ninit-1,7,division_zscore,"z-score within division, then recombined",3000,quality_lite_height_025,nnls,furthest_first,0.3332879083767823,0.022219193891785487,15,mins_per_game,2,222,0.074,127,95,0.5051952142821888,blk_pct=4.04; height_inches=1.77; orb_pct=1.71; eFG=1.28; drb_pct=0.94,three_pct=-1.99; three_share=-1.52; three_pa_per_100_team_poss=-1.42; ast_tov=-1.29; ast_pct=-1.28,orb_pct,1.7051020722711228
quality_lite_height_025,k7__division_zscore__quality_lite_height_025__method-nnls__init-furthest_first__ninit-1,7,division_zscore,"z-score within division, then recombined",3000,quality_lite_height_025,nnls,furthest_first,0.3332879083767823,0.022219193891785487,15,mins_per_game,3,273,0.091,147,126,0.4735424091120179,FTR=3.53; tov_pct=0.94; orb_pct=0.11; height_inches=-0.00; eFG=-0.04,usg=-1.66; three_pct=-1.58; three_pa_per_100_team_poss=-1.30; ast_pct=-1.28; three_share=-1.16,orb_pct,0.1073827667004718
quality_lite_height_025,k7__division_zscore__quality_lite_height_025__method-nnls__init-furthest_first__ninit-1,7,division_zscore,"z-score within division, then recombined",3000,quality_lite_height_025,nnls,furthest_first,0.3332879083767823,0.022219193891785487,15,mins_per_game,4,175,0.0583333333333333,92,83,0.4269945695100422,tov_pct=3.83; stl_pct=0.05; ast_tov=-0.21; drb_pct=-0.34; ast_pct=-0.56,ft_pct=-3.37; eFG=-2.40; usg=-2.00; FTR=-1.81; three_pct=-1.47,orb_pct,-0.6392165293258073
quality_lite_height_025,k7__division_zscore__quality_lite_height_025__method-nnls__init-furthest_first__ninit-1,7,division_zscore,"z-score within division, then recombined",3000,quality_lite_height_025,nnls,furthest_first,0.3332879083767823,0.022219193891785487,15,mins_per_game,5,854,0.2846666666666667,482,372,0.4805535786718281,three_pa_per_100_team_poss=2.48; three_share=2.02; ft_pct=0.65; three_pct=0.63; eFG=0.40,tov_pct=-1.55; FTR=-1.32; ast_pct=-1.31; ast_tov=-1.13; stl_pct=-0.81,orb_pct,-0.7952689614829573
quality_lite_height_025,k7__division_zscore__quality_lite_height_025__method-nnls__init-furthest_first__ninit-1,7,division_zscore,"z-score within division, then recombined",3000,quality_lite_height_025,nnls,furthest_first,0.3332879083767823,0.022219193891785487,15,mins_per_game,6,593,0.1976666666666666,321,272,0.4906332213699976,ast_pct=2.50; stl_pct=2.28; usg=2.21; ft_pct=1.07; three_pa_per_100_team_poss=0.48,height_inches=-1.63; orb_pct=-0.88; blk_pct=-0.46; drb_pct=-0.41; eFG=-0.26,orb_pct,-0.8844131959811345
quality_lite_height_025,k7__division_zscore__quality_lite_height_025__method-nnls__init-furthest_first__ninit-1,7,division_zscore,"z-score within division, then recombined",3000,quality_lite_height_025,nnls,furthest_first,0.3332879083767823,0.022219193891785487,15,mins_per_game,7,485,0.1616666666666666,254,231,0.4543727744579504,orb_pct=2.80; drb_pct=2.70; usg=2.00; height_inches=1.69; blk_pct=1.51,three_share=-1.45; three_pa_per_100_team_poss=-1.33; three_pct=-0.82; stl_pct=-0.70; ast_tov=-0.62,orb_pct,2.8032118675624615
quality_lite_height_025,k8__division_zscore__quality_lite_height_025__method-nnls__init-aa_plus_plus__ninit-1,8,division_zscore,"z-score within division, then recombined",3000,quality_lite_height_025,nnls,aa_plus_plus,0.3103732990195132,0.02069155326796755,15,mins_per_game,1,911,0.3036666666666666,501,410,0.4645766389877503,three_pa_per_100_team_poss=2.49; three_share=2.00; ft_pct=0.81; three_pct=0.68; usg=0.53,tov_pct=-1.58; ast_pct=-1.29; FTR=-1.23; ast_tov=-1.22; stl_pct=-0.94,orb_pct,-0.6195516870716505
quality_lite_height_025,k8__division_zscore__quality_lite_height_025__method-nnls__init-aa_plus_plus__ninit-1,8,division_zscore,"z-score within division, then recombined",3000,quality_lite_height_025,nnls,aa_plus_plus,0.3103732990195132,0.02069155326796755,15,mins_per_game,2,173,0.0576666666666666,93,80,0.4312188994505668,FTR=3.56; orb_pct=0.15; stl_pct=0.09; height_inches=-0.22; blk_pct=-0.68,three_pct=-1.93; ast_pct=-1.40; three_pa_per_100_team_poss=-1.32; three_share=-1.27; ft_pct=-1.23,orb_pct,0.1523047400296224
quality_lite_height_025,k8__division_zscore__quality_lite_height_025__method-nnls__init-aa_plus_plus__ninit-1,8,division_zscore,"z-score within division, then recombined",3000,quality_lite_height_025,nnls,aa_plus_plus,0.3103732990195132,0.02069155326796755,15,mins_per_game,3,296,0.0986666666666666,150,146,0.4639393315254951,ast_tov=3.60; three_share=1.74; three_pa_per_100_team_poss=1.00; three_pct=0.46; stl_pct=0.45,tov_pct=-1.88; usg=-1.58; FTR=-1.29; drb_pct=-1.25; orb_pct=-0.99,orb_pct,-0.986579444715624
quality_lite_height_025,k8__division_zscore__quality_lite_height_025__method-nnls__init-aa_plus_plus__ninit-1,8,division_zscore,"z-score within division, then recombined",3000,quality_lite_height_025,nnls,aa_plus_plus,0.3103732990195132,0.02069155326796755,15,mins_per_game,4,318,0.106,160,158,0.4405207440516877,stl_pct=3.44; ast_pct=1.70; usg=1.64; FTR=0.62; tov_pct=0.39,height_inches=-1.04; three_share=-0.55; blk_pct=-0.38; eFG=-0.18; orb_pct=-0.15,orb_pct,-0.1493356356625513
quality_lite_height_025,k8__division_zscore__quality_lite_height_025__method-nnls__init-aa_plus_plus__ninit-1,8,division_zscore,"z-score within division, then recombined",3000,quality_lite_height_025,nnls,aa_plus_plus,0.3103732990195132,0.02069155326796755,15,mins_per_game,5,394,0.1313333333333333,234,160,0.45240876322191,ast_pct=3.01; usg=2.09; ast_tov=1.48; ft_pct=0.91; three_pct=0.57,height_inches=-1.79; drb_pct=-0.90; orb_pct=-0.86; blk_pct=-0.64; FTR=-0.42,orb_pct,-0.8636664275298496
quality_lite_height_025,k8__division_zscore__quality_lite_height_025__method-nnls__init-aa_plus_plus__ninit-1,8,division_zscore,"z-score within division, then recombined",3000,quality_lite_height_025,nnls,aa_plus_plus,0.3103732990195132,0.02069155326796755,15,mins_per_game,6,128,0.0426666666666666,67,61,0.4026688218899011,tov_pct=3.94; blk_pct=0.28; stl_pct=0.10; height_inches=-0.53; drb_pct=-0.72,ft_pct=-3.97; eFG=-3.17; usg=-2.13; three_pct=-2.08; FTR=-1.95,orb_pct,-0.9975326588744736
quality_lite_height_025,k8__division_zscore__quality_lite_height_025__method-nnls__init-aa_plus_plus__ninit-1,8,division_zscore,"z-score within division, then recombined",3000,quality_lite_height_025,nnls,aa_plus_plus,0.3103732990195132,0.02069155326796755,15,mins_per_game,7,706,0.2353333333333333,390,316,0.4885986109697126,blk_pct=2.87; orb_pct=2.65; drb_pct=2.60; height_inches=1.99; eFG=1.26,three_pct=-1.81; three_share=-1.55; three_pa_per_100_team_poss=-1.45; ast_tov=-1.03; stl_pct=-1.01,orb_pct,2.647641815093259
quality_lite_height_025,k8__division_zscore__quality_lite_height_025__method-nnls__init-aa_plus_plus__ninit-1,8,division_zscore,"z-score within division, then recombined",3000,quality_lite_height_025,nnls,aa_plus_plus,0.3103732990195132,0.02069155326796755,15,mins_per_game,8,74,0.0246666666666666,33,41,0.3686186568139477,tov_pct=3.57; FTR=3.10; eFG=2.23; three_pct=1.57; ast_pct=1.12,usg=-1.60; orb_pct=-1.51; stl_pct=-1.25; three_pa_per_100_team_poss=-1.13; height_inches=-1.04,orb_pct,-1.5053052835279248
role_only_no_height,k6__division_zscore__role_only_no_height__method-nnls__init-uniform__ninit-1,6,division_zscore,"z-score within division, then recombined",3000,role_only_no_height,nnls,uniform,0.2677347352386173,0.024339521385328845,11,height_inches|mins_per_game|eFG|three_pct|ft_pct,1,309,0.103,166,143,0.456535662591947,ast_tov=3.61; three_share=1.83; three_pa_per_100_team_poss=0.65; stl_pct=0.48; ast_pct=-0.02,tov_pct=-2.10; usg=-1.93; FTR=-1.50; drb_pct=-1.13; orb_pct=-1.06,drb_pct,-1.1345802320564355
role_only_no_height,k6__division_zscore__role_only_no_height__method-nnls__init-uniform__ninit-1,6,division_zscore,"z-score within division, then recombined",3000,role_only_no_height,nnls,uniform,0.2677347352386173,0.024339521385328845,11,height_inches|mins_per_game|eFG|three_pct|ft_pct,2,415,0.1383333333333333,223,192,0.4794788410924968,FTR=3.56; orb_pct=0.65; tov_pct=0.49; drb_pct=-0.45; blk_pct=-0.49,three_share=-1.41; three_pa_per_100_team_poss=-1.38; usg=-1.22; ast_pct=-1.20; ast_tov=-1.03,drb_pct,-0.454557741159983
role_only_no_height,k6__division_zscore__role_only_no_height__method-nnls__init-uniform__ninit-1,6,division_zscore,"z-score within division, then recombined",3000,role_only_no_height,nnls,uniform,0.2677347352386173,0.024339521385328845,11,height_inches|mins_per_game|eFG|three_pct|ft_pct,3,800,0.2666666666666666,433,367,0.505250294172251,ast_pct=2.70; usg=2.10; stl_pct=1.74; ast_tov=0.74; FTR=0.70,orb_pct=-0.75; blk_pct=-0.63; three_share=-0.38; drb_pct=-0.30; three_pa_per_100_team_poss=0.11,drb_pct,-0.2958030941399113
role_only_no_height,k6__division_zscore__role_only_no_height__method-nnls__init-uniform__ninit-1,6,division_zscore,"z-score within division, then recombined",3000,role_only_no_height,nnls,uniform,0.2677347352386173,0.024339521385328845,11,height_inches|mins_per_game|eFG|three_pct|ft_pct,4,262,0.0873333333333333,135,127,0.4408056532664042,tov_pct=3.80; blk_pct=-0.10; stl_pct=-0.11; ast_pct=-0.43; ast_tov=-0.43,usg=-1.99; FTR=-1.77; three_pa_per_100_team_poss=-1.14; orb_pct=-0.97; three_share=-0.78,drb_pct,-0.5402964195615917
role_only_no_height,k6__division_zscore__role_only_no_height__method-nnls__init-uniform__ninit-1,6,division_zscore,"z-score within division, then recombined",3000,role_only_no_height,nnls,uniform,0.2677347352386173,0.024339521385328845,11,height_inches|mins_per_game|eFG|three_pct|ft_pct,5,702,0.234,382,320,0.462743349163797,three_pa_per_100_team_poss=2.47; three_share=2.14; usg=0.44; blk_pct=-0.46; drb_pct=-0.85,tov_pct=-1.66; FTR=-1.52; stl_pct=-1.45; ast_tov=-1.40; ast_pct=-1.37,drb_pct,-0.8499099431520858
role_only_no_height,k6__division_zscore__role_only_no_height__method-nnls__init-uniform__ninit-1,6,division_zscore,"z-score within division, then recombined",3000,role_only_no_height,nnls,uniform,0.2677347352386173,0.024339521385328845,11,height_inches|mins_per_game|eFG|three_pct|ft_pct,6,512,0.1706666666666666,289,223,0.4625975811723234,blk_pct=3.64; orb_pct=2.93; drb_pct=2.72; usg=0.59; FTR=-0.34,three_share=-1.55; three_pa_per_100_team_poss=-1.45; ast_tov=-0.95; tov_pct=-0.91; ast_pct=-0.81,drb_pct,2.719123946479557
role_only_no_height,k7__division_zscore__role_only_no_height__method-nnls__init-aa_plus_plus__ninit-1,7,division_zscore,"z-score within division, then recombined",3000,role_only_no_height,nnls,aa_plus_plus,0.238495041324195,0.021681367393108636,11,height_inches|mins_per_game|eFG|three_pct|ft_pct,1,294,0.098,161,133,0.4389883262975242,ast_tov=3.61; three_share=2.21; three_pa_per_100_team_poss=1.08; stl_pct=0.69; ast_pct=-0.21,tov_pct=-2.22; usg=-1.87; FTR=-1.81; drb_pct=-1.35; orb_pct=-1.04,drb_pct,-1.3451850028798769
role_only_no_height,k7__division_zscore__role_only_no_height__method-nnls__init-aa_plus_plus__ninit-1,7,division_zscore,"z-score within division, then recombined",3000,role_only_no_height,nnls,aa_plus_plus,0.238495041324195,0.021681367393108636,11,height_inches|mins_per_game|eFG|three_pct|ft_pct,2,673,0.2243333333333333,362,311,0.4457061235878949,three_pa_per_100_team_poss=2.48; three_share=2.10; usg=0.66; blk_pct=-0.39; drb_pct=-0.86,tov_pct=-1.73; stl_pct=-1.70; ast_tov=-1.40; FTR=-1.38; ast_pct=-1.36,drb_pct,-0.8578821533424944
role_only_no_height,k7__division_zscore__role_only_no_height__method-nnls__init-aa_plus_plus__ninit-1,7,division_zscore,"z-score within division, then recombined",3000,role_only_no_height,nnls,aa_plus_plus,0.238495041324195,0.021681367393108636,11,height_inches|mins_per_game|eFG|three_pct|ft_pct,3,163,0.0543333333333333,94,69,0.380094578821913,stl_pct=3.24; orb_pct=2.93; drb_pct=1.47; blk_pct=0.61; FTR=0.41,three_share=-1.55; ast_tov=-1.50; three_pa_per_100_team_poss=-1.45; ast_pct=-1.36; tov_pct=0.02,drb_pct,1.472686951046043
role_only_no_height,k7__division_zscore__role_only_no_height__method-nnls__init-aa_plus_plus__ninit-1,7,division_zscore,"z-score within division, then recombined",3000,role_only_no_height,nnls,aa_plus_plus,0.238495041324195,0.021681367393108636,11,height_inches|mins_per_game|eFG|three_pct|ft_pct,4,450,0.15,252,198,0.4636975661184712,blk_pct=3.47; orb_pct=2.89; drb_pct=2.71; usg=0.78; FTR=-0.14,three_share=-1.55; three_pa_per_100_team_poss=-1.45; ast_tov=-0.96; tov_pct=-0.73; ast_pct=-0.71,drb_pct,2.707355185176581
role_only_no_height,k7__division_zscore__role_only_no_height__method-nnls__init-aa_plus_plus__ninit-1,7,division_zscore,"z-score within division, then recombined",3000,role_only_no_height,nnls,aa_plus_plus,0.238495041324195,0.021681367393108636,11,height_inches|mins_per_game|eFG|three_pct|ft_pct,5,320,0.1066666666666666,168,152,0.4237211426671816,tov_pct=3.75; blk_pct=-0.07; stl_pct=-0.20; ast_pct=-0.25; ast_tov=-0.40,usg=-1.95; FTR=-1.71; orb_pct=-1.05; three_pa_per_100_team_poss=-1.03; drb_pct=-0.56,drb_pct,-0.5554660073265661
role_only_no_height,k7__division_zscore__role_only_no_height__method-nnls__init-aa_plus_plus__ninit-1,7,division_zscore,"z-score within division, then recombined",3000,role_only_no_height,nnls,aa_plus_plus,0.238495041324195,0.021681367393108636,11,height_inches|mins_per_game|eFG|three_pct|ft_pct,6,770,0.2566666666666666,413,357,0.4917715389137663,ast_pct=2.83; usg=2.25; stl_pct=1.15; ast_tov=1.03; FTR=0.75,orb_pct=-0.77; blk_pct=-0.67; drb_pct=-0.37; three_share=-0.35; tov_pct=-0.14,drb_pct,-0.372378325984441
role_only_no_height,k7__division_zscore__role_only_no_height__method-nnls__init-aa_plus_plus__ninit-1,7,division_zscore,"z-score within division, then recombined",3000,role_only_no_height,nnls,aa_plus_plus,0.238495041324195,0.021681367393108636,11,height_inches|mins_per_game|eFG|three_pct|ft_pct,7,330,0.11,178,152,0.464452747318702,FTR=3.56; tov_pct=0.56; orb_pct=0.43; blk_pct=-0.50; ast_tov=-0.53,usg=-1.68; three_pa_per_100_team_poss=-1.33; stl_pct=-1.31; three_share=-1.24; ast_pct=-1.16,drb_pct,-0.7976321334269486
role_only_no_height,k8__division_zscore__role_only_no_height__method-nnls__init-furthest_sum__ninit-1,8,division_zscore,"z-score within division, then recombined",3000,role_only_no_height,nnls,furthest_sum,0.2143388262200273,0.0194853478381843,11,height_inches|mins_per_game|eFG|three_pct|ft_pct,1,174,0.058,96,78,0.4213632291929584,FTR=3.42; tov_pct=3.33; drb_pct=0.74; orb_pct=0.16; blk_pct=-0.02,usg=-1.72; stl_pct=-1.48; ast_pct=-1.36; ast_tov=-1.25; three_pa_per_100_team_poss=-1.11,drb_pct,0.7435802840489382
role_only_no_height,k8__division_zscore__role_only_no_height__method-nnls__init-furthest_sum__ninit-1,8,division_zscore,"z-score within division, then recombined",3000,role_only_no_height,nnls,furthest_sum,0.2143388262200273,0.0194853478381843,11,height_inches|mins_per_game|eFG|three_pct|ft_pct,2,471,0.157,263,208,0.443455908590321,ast_pct=2.96; usg=2.48; FTR=0.57; ast_tov=0.40; three_pa_per_100_team_poss=0.35,orb_pct=-0.74; blk_pct=-0.73; drb_pct=-0.46; three_share=-0.44; stl_pct=-0.13,drb_pct,-0.46210161976316
role_only_no_height,k8__division_zscore__role_only_no_height__method-nnls__init-furthest_sum__ninit-1,8,division_zscore,"z-score within division, then recombined",3000,role_only_no_height,nnls,furthest_sum,0.2143388262200273,0.0194853478381843,11,height_inches|mins_per_game|eFG|three_pct|ft_pct,3,99,0.033,49,50,0.3615147922957086,ast_tov=3.61; FTR=3.56; three_share=0.52; ast_pct=-0.06; orb_pct=-0.36,tov_pct=-2.33; usg=-2.19; drb_pct=-1.90; three_pa_per_100_team_poss=-1.22; stl_pct=-0.91,drb_pct,-1.900112717545068
role_only_no_height,k8__division_zscore__role_only_no_height__method-nnls__init-furthest_sum__ninit-1,8,division_zscore,"z-score within division, then recombined",3000,role_only_no_height,nnls,furthest_sum,0.2143388262200273,0.0194853478381843,11,height_inches|mins_per_game|eFG|three_pct|ft_pct,4,996,0.332,554,442,0.4510370126653587,three_pa_per_100_team_poss=2.47; three_share=2.21; usg=0.11; blk_pct=-0.63; orb_pct=-0.87,FTR=-1.82; tov_pct=-1.75; stl_pct=-1.57; ast_pct=-1.42; ast_tov=-1.33,drb_pct,-1.048552873161348
role_only_no_height,k8__division_zscore__role_only_no_height__method-nnls__init-furthest_sum__ninit-1,8,division_zscore,"z-score within division, then recombined",3000,role_only_no_height,nnls,furthest_sum,0.2143388262200273,0.0194853478381843,11,height_inches|mins_per_game|eFG|three_pct|ft_pct,5,295,0.0983333333333333,159,136,0.3951614789419916,stl_pct=3.50; usg=1.83; FTR=1.54; orb_pct=0.89; tov_pct=0.69,three_share=-1.46; three_pa_per_100_team_poss=-1.35; ast_tov=-0.82; drb_pct=-0.80; blk_pct=-0.21,drb_pct,-0.7951084817799571
role_only_no_height,k8__division_zscore__role_only_no_height__method-nnls__init-furthest_sum__ninit-1,8,division_zscore,"z-score within division, then recombined",3000,role_only_no_height,nnls,furthest_sum,0.2143388262200273,0.0194853478381843,11,height_inches|mins_per_game|eFG|three_pct|ft_pct,6,582,0.194,317,265,0.4426284154009009,blk_pct=3.64; orb_pct=2.93; drb_pct=2.72; usg=0.58; FTR=-0.34,three_share=-1.55; three_pa_per_100_team_poss=-1.45; ast_tov=-0.95; tov_pct=-0.91; ast_pct=-0.82,drb_pct,2.7191239468945447
role_only_no_height,k8__division_zscore__role_only_no_height__method-nnls__init-furthest_sum__ninit-1,8,division_zscore,"z-score within division, then recombined",3000,role_only_no_height,nnls,furthest_sum,0.2143388262200273,0.0194853478381843,11,height_inches|mins_per_game|eFG|three_pct|ft_pct,7,197,0.0656666666666666,98,99,0.377781054808435,ast_tov=3.32; ast_pct=3.03; three_share=2.02; stl_pct=1.68; drb_pct=1.50,FTR=-1.95; orb_pct=-1.35; usg=-1.20; blk_pct=-0.90; tov_pct=0.96,drb_pct,1.4995228330566046
role_only_no_height,k8__division_zscore__role_only_no_height__method-nnls__init-furthest_sum__ninit-1,8,division_zscore,"z-score within division, then recombined",3000,role_only_no_height,nnls,furthest_sum,0.2143388262200273,0.0194853478381843,11,height_inches|mins_per_game|eFG|three_pct|ft_pct,8,186,0.062,92,94,0.3914937703684024,tov_pct=3.92; blk_pct=0.40; stl_pct=0.04; drb_pct=-0.79; ast_tov=-0.81,usg=-2.12; FTR=-1.95; three_share=-1.58; three_pa_per_100_team_poss=-1.47; orb_pct=-1.07,drb_pct,-0.7881064230801564
role_only_height_025,k6__division_zscore__role_only_height_025__method-nnls__init-aa_plus_plus__ninit-1,6,division_zscore,"z-score within division, then recombined",3000,role_only_height_025,nnls,aa_plus_plus,0.2951314491359655,0.024594287427997127,12,mins_per_game|eFG|three_pct|ft_pct,1,764,0.2546666666666666,412,352,0.5077027320443918,ast_pct=2.65; usg=2.15; stl_pct=1.83; ast_tov=0.67; FTR=0.59,height_inches=-1.41; orb_pct=-0.79; blk_pct=-0.57; drb_pct=-0.28; three_share=-0.28,drb_pct,-0.2825986044349873
role_only_height_025,k6__division_zscore__role_only_height_025__method-nnls__init-aa_plus_plus__ninit-1,6,division_zscore,"z-score within division, then recombined",3000,role_only_height_025,nnls,aa_plus_plus,0.2951314491359655,0.024594287427997127,12,mins_per_game|eFG|three_pct|ft_pct,2,342,0.114,180,162,0.4838557509063565,FTR=3.56; tov_pct=0.55; orb_pct=0.42; height_inches=0.24; stl_pct=-0.47,usg=-1.46; three_pa_per_100_team_poss=-1.38; three_share=-1.32; ast_pct=-1.19; ast_tov=-0.89,drb_pct,-0.5010268918976459
role_only_height_025,k6__division_zscore__role_only_height_025__method-nnls__init-aa_plus_plus__ninit-1,6,division_zscore,"z-score within division, then recombined",3000,role_only_height_025,nnls,aa_plus_plus,0.2951314491359655,0.024594287427997127,12,mins_per_game|eFG|three_pct|ft_pct,3,668,0.2226666666666666,366,302,0.4623177469876054,three_pa_per_100_team_poss=2.47; three_share=2.16; usg=0.33; height_inches=0.12; blk_pct=-0.46,tov_pct=-1.67; FTR=-1.58; ast_tov=-1.41; ast_pct=-1.39; stl_pct=-1.34,drb_pct,-0.8152481428783139
role_only_height_025,k6__division_zscore__role_only_height_025__method-nnls__init-aa_plus_plus__ninit-1,6,division_zscore,"z-score within division, then recombined",3000,role_only_height_025,nnls,aa_plus_plus,0.2951314491359655,0.024594287427997127,12,mins_per_game|eFG|three_pct|ft_pct,4,655,0.2183333333333333,368,287,0.4864090659074885,blk_pct=3.08; drb_pct=2.72; orb_pct=2.64; height_inches=1.84; usg=1.04,three_share=-1.56; three_pa_per_100_team_poss=-1.45; ast_tov=-1.08; stl_pct=-0.79; ast_pct=-0.78,drb_pct,2.7242315011225933
role_only_height_025,k6__division_zscore__role_only_height_025__method-nnls__init-aa_plus_plus__ninit-1,6,division_zscore,"z-score within division, then recombined",3000,role_only_height_025,nnls,aa_plus_plus,0.2951314491359655,0.024594287427997127,12,mins_per_game|eFG|three_pct|ft_pct,5,338,0.1126666666666666,178,160,0.4604329118378568,ast_tov=3.57; three_share=2.01; three_pa_per_100_team_poss=0.77; stl_pct=0.09; ast_pct=0.04,tov_pct=-1.91; usg=-1.81; FTR=-1.49; drb_pct=-1.22; orb_pct=-1.07,drb_pct,-1.2206437015227178
role_only_height_025,k6__division_zscore__role_only_height_025__method-nnls__init-aa_plus_plus__ninit-1,6,division_zscore,"z-score within division, then recombined",3000,role_only_height_025,nnls,aa_plus_plus,0.2951314491359655,0.024594287427997127,12,mins_per_game|eFG|three_pct|ft_pct,6,233,0.0776666666666666,124,109,0.4381247388587916,tov_pct=3.84; blk_pct=-0.01; stl_pct=-0.05; ast_tov=-0.51; ast_pct=-0.57,usg=-2.03; FTR=-1.82; three_pa_per_100_team_poss=-1.23; three_share=-0.98; orb_pct=-0.97,drb_pct,-0.5796745813650902
role_only_height_025,k7__division_zscore__role_only_height_025__method-nnls__init-furthest_sum__ninit-1,7,division_zscore,"z-score within division, then recombined",3000,role_only_height_025,nnls,furthest_sum,0.263311535831513,0.021942627985959418,12,mins_per_game|eFG|three_pct|ft_pct,1,226,0.0753333333333333,115,111,0.417672088169587,tov_pct=3.88; blk_pct=0.10; stl_pct=0.02; ast_tov=-0.61; drb_pct=-0.63,usg=-2.08; FTR=-1.88; three_pa_per_100_team_poss=-1.34; three_share=-1.26; orb_pct=-0.97,drb_pct,-0.6334864033901468
role_only_height_025,k7__division_zscore__role_only_height_025__method-nnls__init-furthest_sum__ninit-1,7,division_zscore,"z-score within division, then recombined",3000,role_only_height_025,nnls,furthest_sum,0.263311535831513,0.021942627985959418,12,mins_per_game|eFG|three_pct|ft_pct,2,295,0.0983333333333333,158,137,0.4357850920342563,ast_tov=3.61; three_share=2.21; three_pa_per_100_team_poss=1.01; stl_pct=0.60; ast_pct=-0.21,tov_pct=-2.15; usg=-1.89; FTR=-1.82; drb_pct=-1.31; orb_pct=-1.04,drb_pct,-1.313565378428546
role_only_height_025,k7__division_zscore__role_only_height_025__method-nnls__init-furthest_sum__ninit-1,7,division_zscore,"z-score within division, then recombined",3000,role_only_height_025,nnls,furthest_sum,0.263311535831513,0.021942627985959418,12,mins_per_game|eFG|three_pct|ft_pct,3,330,0.11,173,157,0.4644667356808276,FTR=3.56; tov_pct=0.53; orb_pct=0.47; height_inches=0.24; blk_pct=-0.52,usg=-1.70; three_share=-1.41; three_pa_per_100_team_poss=-1.39; ast_pct=-1.19; stl_pct=-1.08,drb_pct,-0.6284069746838837
role_only_height_025,k7__division_zscore__role_only_height_025__method-nnls__init-furthest_sum__ninit-1,7,division_zscore,"z-score within division, then recombined",3000,role_only_height_025,nnls,furthest_sum,0.263311535831513,0.021942627985959418,12,mins_per_game|eFG|three_pct|ft_pct,4,685,0.2283333333333333,382,303,0.4756498660866816,blk_pct=3.01; drb_pct=2.72; orb_pct=2.66; height_inches=1.88; usg=1.16,three_share=-1.56; three_pa_per_100_team_poss=-1.45; ast_tov=-1.05; stl_pct=-0.85; tov_pct=-0.73,drb_pct,2.7238870602568266
role_only_height_025,k7__division_zscore__role_only_height_025__method-nnls__init-furthest_sum__ninit-1,7,division_zscore,"z-score within division, then recombined",3000,role_only_height_025,nnls,furthest_sum,0.263311535831513,0.021942627985959418,12,mins_per_game|eFG|three_pct|ft_pct,5,413,0.1376666666666666,247,166,0.4565209745922705,ast_pct=3.02; usg=1.94; ast_tov=1.43; three_pa_per_100_team_poss=0.23; tov_pct=0.16,height_inches=-1.46; orb_pct=-1.04; drb_pct=-0.65; blk_pct=-0.60; stl_pct=-0.43,drb_pct,-0.6471908592141334
role_only_height_025,k7__division_zscore__role_only_height_025__method-nnls__init-furthest_sum__ninit-1,7,division_zscore,"z-score within division, then recombined",3000,role_only_height_025,nnls,furthest_sum,0.263311535831513,0.021942627985959418,12,mins_per_game|eFG|three_pct|ft_pct,6,678,0.226,365,313,0.4478373137453988,three_pa_per_100_team_poss=2.48; three_share=2.14; usg=0.49; height_inches=-0.10; blk_pct=-0.44,tov_pct=-1.73; stl_pct=-1.56; FTR=-1.51; ast_tov=-1.40; ast_pct=-1.37,drb_pct,-0.897585356889929
role_only_height_025,k7__division_zscore__role_only_height_025__method-nnls__init-furthest_sum__ninit-1,7,division_zscore,"z-score within division, then recombined",3000,role_only_height_025,nnls,furthest_sum,0.263311535831513,0.021942627985959418,12,mins_per_game|eFG|three_pct|ft_pct,7,373,0.1243333333333333,188,185,0.4477413622519844,stl_pct=3.49; ast_pct=1.68; usg=1.54; FTR=0.84; tov_pct=0.49,height_inches=-1.37; orb_pct=-0.44; blk_pct=-0.38; three_share=-0.31; drb_pct=-0.21,drb_pct,-0.2054062349912797
role_only_height_025,k8__division_zscore__role_only_height_025__method-nnls__init-furthest_first__ninit-1,8,division_zscore,"z-score within division, then recombined",3000,role_only_height_025,nnls,furthest_first,0.2447094773685976,0.020392456447383134,12,mins_per_game|eFG|three_pct|ft_pct,1,766,0.2553333333333333,411,355,0.4782242069768341,blk_pct=2.78; drb_pct=2.72; orb_pct=2.61; height_inches=2.02; usg=1.09,three_share=-1.56; three_pa_per_100_team_poss=-1.46; ast_tov=-1.11; stl_pct=-0.88; ast_pct=-0.74,drb_pct,2.724686237058673
role_only_height_025,k8__division_zscore__role_only_height_025__method-nnls__init-furthest_first__ninit-1,8,division_zscore,"z-score within division, then recombined",3000,role_only_height_025,nnls,furthest_first,0.2447094773685976,0.020392456447383134,12,mins_per_game|eFG|three_pct|ft_pct,2,386,0.1286666666666666,228,158,0.4493649554366586,ast_pct=3.02; usg=2.17; ast_tov=1.11; three_pa_per_100_team_poss=0.13; tov_pct=0.10,height_inches=-1.40; orb_pct=-1.03; blk_pct=-0.64; drb_pct=-0.59; three_share=-0.49,drb_pct,-0.5882833516539863
role_only_height_025,k8__division_zscore__role_only_height_025__method-nnls__init-furthest_first__ninit-1,8,division_zscore,"z-score within division, then recombined",3000,role_only_height_025,nnls,furthest_first,0.2447094773685976,0.020392456447383134,12,mins_per_game|eFG|three_pct|ft_pct,3,343,0.1143333333333333,170,173,0.4309408019064346,stl_pct=3.53; usg=1.76; ast_pct=1.11; FTR=0.85; tov_pct=0.37,height_inches=-1.01; drb_pct=-0.78; three_share=-0.54; blk_pct=-0.41; ast_tov=-0.26,drb_pct,-0.7820237586594272
role_only_height_025,k8__division_zscore__role_only_height_025__method-nnls__init-furthest_first__ninit-1,8,division_zscore,"z-score within division, then recombined",3000,role_only_height_025,nnls,furthest_first,0.2447094773685976,0.020392456447383134,12,mins_per_game|eFG|three_pct|ft_pct,4,180,0.06,87,93,0.3891629696383583,tov_pct=3.94; blk_pct=0.49; stl_pct=0.07; height_inches=-0.49; drb_pct=-0.82,usg=-2.13; FTR=-1.95; three_share=-1.60; three_pa_per_100_team_poss=-1.47; orb_pct=-1.11,drb_pct,-0.8161107142438373
role_only_height_025,k8__division_zscore__role_only_height_025__method-nnls__init-furthest_first__ninit-1,8,division_zscore,"z-score within division, then recombined",3000,role_only_height_025,nnls,furthest_first,0.2447094773685976,0.020392456447383134,12,mins_per_game|eFG|three_pct|ft_pct,5,101,0.0336666666666666,54,47,0.3613966317042416,ast_tov=3.61; FTR=3.56; three_share=0.52; height_inches=0.18; ast_pct=-0.06,tov_pct=-2.33; usg=-2.19; drb_pct=-1.90; three_pa_per_100_team_poss=-1.22; stl_pct=-0.91,drb_pct,-1.9001127173712216
role_only_height_025,k8__division_zscore__role_only_height_025__method-nnls__init-furthest_first__ninit-1,8,division_zscore,"z-score within division, then recombined",3000,role_only_height_025,nnls,furthest_first,0.2447094773685976,0.020392456447383134,12,mins_per_game|eFG|three_pct|ft_pct,6,955,0.3183333333333333,530,425,0.449595980804347,three_pa_per_100_team_poss=2.47; three_share=2.22; usg=0.15; height_inches=-0.12; blk_pct=-0.71,FTR=-1.82; tov_pct=-1.79; stl_pct=-1.61; ast_pct=-1.40; ast_tov=-1.34,drb_pct,-1.107177513143531
role_only_height_025,k8__division_zscore__role_only_height_025__method-nnls__init-furthest_first__ninit-1,8,division_zscore,"z-score within division, then recombined",3000,role_only_height_025,nnls,furthest_first,0.2447094773685976,0.020392456447383134,12,mins_per_game|eFG|three_pct|ft_pct,7,163,0.0543333333333333,95,68,0.4262992627745987,FTR=3.41; tov_pct=3.24; height_inches=0.65; drb_pct=0.13; orb_pct=0.07,usg=-1.41; ast_tov=-1.35; ast_pct=-1.21; three_pa_per_100_team_poss=-1.09; stl_pct=-0.95,drb_pct,0.1324298916974903
role_only_height_025,k8__division_zscore__role_only_height_025__method-nnls__init-furthest_first__ninit-1,8,division_zscore,"z-score within division, then recombined",3000,role_only_height_025,nnls,furthest_first,0.2447094773685976,0.020392456447383134,12,mins_per_game|eFG|three_pct|ft_pct,8,106,0.0353333333333333,53,53,0.3601115726474856,ast_tov=3.32; ast_pct=3.03; three_share=2.13; drb_pct=2.09; stl_pct=1.69,FTR=-1.95; orb_pct=-1.51; usg=-1.33; blk_pct=-0.90; height_inches=-0.05,drb_pct,2.085901476695641
quality_lite_no_height,k6__division_zscore__quality_lite_no_height__method-nnls__init-aa_plus_plus__ninit-1,6,division_zscore,"z-score within division, then recombined",3000,quality_lite_no_height,nnls,aa_plus_plus,0.3318744542043277,0.023705318157451978,14,height_inches|mins_per_game,1,839,0.2796666666666667,465,374,0.4819226714238443,three_pa_per_100_team_poss=2.47; three_share=1.97; ft_pct=0.74; three_pct=0.68; eFG=0.47,tov_pct=-1.51; ast_pct=-1.38; ast_tov=-1.30; FTR=-1.17; stl_pct=-0.92,drb_pct,-0.5108822288174125
quality_lite_no_height,k6__division_zscore__quality_lite_no_height__method-nnls__init-aa_plus_plus__ninit-1,6,division_zscore,"z-score within division, then recombined",3000,quality_lite_no_height,nnls,aa_plus_plus,0.3318744542043277,0.023705318157451978,14,height_inches|mins_per_game,2,210,0.07,106,104,0.4407402226984385,tov_pct=3.78; stl_pct=-0.12; blk_pct=-0.13; ast_pct=-0.39; ast_tov=-0.44,ft_pct=-3.01; eFG=-2.10; usg=-1.92; FTR=-1.75; three_pa_per_100_team_poss=-1.21,drb_pct,-0.6342236924888053
quality_lite_no_height,k6__division_zscore__quality_lite_no_height__method-nnls__init-aa_plus_plus__ninit-1,6,division_zscore,"z-score within division, then recombined",3000,quality_lite_no_height,nnls,aa_plus_plus,0.3318744542043277,0.023705318157451978,14,height_inches|mins_per_game,3,459,0.153,256,203,0.4720511160361476,blk_pct=3.64; orb_pct=2.92; drb_pct=2.71; eFG=0.64; usg=0.51,three_pct=-1.93; three_share=-1.55; three_pa_per_100_team_poss=-1.45; ast_tov=-1.02; ast_pct=-0.89,drb_pct,2.711327584276499
quality_lite_no_height,k6__division_zscore__quality_lite_no_height__method-nnls__init-aa_plus_plus__ninit-1,6,division_zscore,"z-score within division, then recombined",3000,quality_lite_no_height,nnls,aa_plus_plus,0.3318744542043277,0.023705318157451978,14,height_inches|mins_per_game,4,742,0.2473333333333333,404,338,0.5061546064784389,ast_pct=2.68; usg=2.23; stl_pct=1.71; ft_pct=0.73; FTR=0.51,orb_pct=-0.73; blk_pct=-0.54; three_share=-0.35; eFG=-0.26; drb_pct=-0.23,drb_pct,-0.2284895933330923
quality_lite_no_height,k6__division_zscore__quality_lite_no_height__method-nnls__init-aa_plus_plus__ninit-1,6,division_zscore,"z-score within division, then recombined",3000,quality_lite_no_height,nnls,aa_plus_plus,0.3318744542043277,0.023705318157451978,14,height_inches|mins_per_game,5,385,0.1283333333333333,207,178,0.4905553136314093,FTR=3.54; orb_pct=0.68; tov_pct=0.54; eFG=0.35; drb_pct=-0.29,three_pct=-1.58; three_pa_per_100_team_poss=-1.32; three_share=-1.23; ast_pct=-1.21; usg=-1.21,drb_pct,-0.2931438461836056
quality_lite_no_height,k6__division_zscore__quality_lite_no_height__method-nnls__init-aa_plus_plus__ninit-1,6,division_zscore,"z-score within division, then recombined",3000,quality_lite_no_height,nnls,aa_plus_plus,0.3318744542043277,0.023705318157451978,14,height_inches|mins_per_game,6,365,0.1216666666666666,190,175,0.4750526939685237,ast_tov=3.61; three_share=1.39; three_pa_per_100_team_poss=0.62; three_pct=0.46; ast_pct=0.34,tov_pct=-1.81; usg=-1.64; drb_pct=-1.04; orb_pct=-1.01; FTR=-0.97,drb_pct,-1.0387821094952256
quality_lite_no_height,k7__division_zscore__quality_lite_no_height__method-nnls__init-uniform__ninit-1,7,division_zscore,"z-score within division, then recombined",3000,quality_lite_no_height,nnls,uniform,0.3057733967215648,0.0218409569086832,14,height_inches|mins_per_game,1,410,0.1366666666666666,223,187,0.4745940911079103,FTR=3.55; orb_pct=0.95; eFG=0.61; tov_pct=0.42; blk_pct=-0.15,three_pct=-1.71; three_pa_per_100_team_poss=-1.36; usg=-1.32; three_share=-1.32; ast_pct=-1.15,drb_pct,-0.1680824281930769
quality_lite_no_height,k7__division_zscore__quality_lite_no_height__method-nnls__init-uniform__ninit-1,7,division_zscore,"z-score within division, then recombined",3000,quality_lite_no_height,nnls,uniform,0.3057733967215648,0.0218409569086832,14,height_inches|mins_per_game,2,836,0.2786666666666667,458,378,0.4601655417019247,three_pa_per_100_team_poss=2.44; three_share=1.96; ft_pct=0.84; three_pct=0.69; usg=0.59,tov_pct=-1.62; ast_tov=-1.34; stl_pct=-1.33; ast_pct=-1.32; FTR=-0.98,drb_pct,-0.3613162616732044
quality_lite_no_height,k7__division_zscore__quality_lite_no_height__method-nnls__init-uniform__ninit-1,7,division_zscore,"z-score within division, then recombined",3000,quality_lite_no_height,nnls,uniform,0.3057733967215648,0.0218409569086832,14,height_inches|mins_per_game,3,389,0.1296666666666666,219,170,0.4576771015188351,blk_pct=3.93; orb_pct=2.92; drb_pct=2.71; eFG=0.49; usg=0.05,three_pct=-1.93; three_share=-1.55; three_pa_per_100_team_poss=-1.45; ast_pct=-1.16; ast_tov=-1.08,drb_pct,2.709637784353194
quality_lite_no_height,k7__division_zscore__quality_lite_no_height__method-nnls__init-uniform__ninit-1,7,division_zscore,"z-score within division, then recombined",3000,quality_lite_no_height,nnls,uniform,0.3057733967215648,0.0218409569086832,14,height_inches|mins_per_game,4,335,0.1116666666666666,174,161,0.469291657365989,ast_tov=3.61; three_share=1.69; three_pa_per_100_team_poss=0.96; three_pct=0.46; stl_pct=0.38,tov_pct=-1.85; usg=-1.57; drb_pct=-1.20; FTR=-1.19; orb_pct=-0.99,drb_pct,-1.2005363948293857
quality_lite_no_height,k7__division_zscore__quality_lite_no_height__method-nnls__init-uniform__ninit-1,7,division_zscore,"z-score within division, then recombined",3000,quality_lite_no_height,nnls,uniform,0.3057733967215648,0.0218409569086832,14,height_inches|mins_per_game,5,339,0.113,178,161,0.4399483238331194,stl_pct=3.47; usg=1.59; ast_pct=1.55; FTR=0.80; three_pct=0.51,drb_pct=-0.83; orb_pct=-0.69; blk_pct=-0.57; eFG=-0.42; three_share=-0.10,drb_pct,-0.8312276545534916
quality_lite_no_height,k7__division_zscore__quality_lite_no_height__method-nnls__init-uniform__ninit-1,7,division_zscore,"z-score within division, then recombined",3000,quality_lite_no_height,nnls,uniform,0.3057733967215648,0.0218409569086832,14,height_inches|mins_per_game,6,224,0.0746666666666666,112,112,0.4250744613967529,tov_pct=3.79; stl_pct=-0.11; blk_pct=-0.11; ast_pct=-0.42; ast_tov=-0.45,ft_pct=-3.10; eFG=-2.15; usg=-1.94; FTR=-1.76; three_pct=-1.24,drb_pct,-0.6181991389931804
quality_lite_no_height,k7__division_zscore__quality_lite_no_height__method-nnls__init-uniform__ninit-1,7,division_zscore,"z-score within division, then recombined",3000,quality_lite_no_height,nnls,uniform,0.3057733967215648,0.0218409569086832,14,height_inches|mins_per_game,7,467,0.1556666666666666,264,203,0.4500973109087519,ast_pct=3.02; usg=2.12; ast_tov=1.05; ft_pct=0.66; FTR=0.21,orb_pct=-0.76; three_share=-0.65; blk_pct=-0.58; stl_pct=-0.30; three_pa_per_100_team_poss=-0.18,drb_pct,0.2082896683599645
quality_lite_no_height,k8__division_zscore__quality_lite_no_height__method-nnls__init-uniform__ninit-1,8,division_zscore,"z-score within division, then recombined",3000,quality_lite_no_height,nnls,uniform,0.2783043367516002,0.019878881196542873,14,height_inches|mins_per_game,1,241,0.0803333333333333,113,128,0.435758447968365,stl_pct=3.42; FTR=2.22; tov_pct=1.44; ast_pct=1.32; usg=0.93,three_share=-0.62; three_pa_per_100_team_poss=-0.58; orb_pct=-0.51; drb_pct=-0.47; blk_pct=-0.27,drb_pct,-0.4748406247333038
quality_lite_no_height,k8__division_zscore__quality_lite_no_height__method-nnls__init-uniform__ninit-1,8,division_zscore,"z-score within division, then recombined",3000,quality_lite_no_height,nnls,uniform,0.2783043367516002,0.019878881196542873,14,height_inches|mins_per_game,2,189,0.063,107,82,0.4564765187094199,FTR=3.56; tov_pct=0.65; orb_pct=0.39; eFG=0.32; blk_pct=0.30,usg=-2.08; three_pct=-1.70; stl_pct=-1.67; three_pa_per_100_team_poss=-1.33; three_share=-1.23,drb_pct,-1.1304213745625782
quality_lite_no_height,k8__division_zscore__quality_lite_no_height__method-nnls__init-uniform__ninit-1,8,division_zscore,"z-score within division, then recombined",3000,quality_lite_no_height,nnls,uniform,0.2783043367516002,0.019878881196542873,14,height_inches|mins_per_game,3,488,0.1626666666666666,284,204,0.454393699196468,ast_pct=3.03; usg=2.02; ast_tov=1.49; ft_pct=1.05; three_pa_per_100_team_poss=0.45,orb_pct=-0.98; drb_pct=-0.65; blk_pct=-0.59; FTR=-0.46; stl_pct=-0.40,drb_pct,-0.6464315514890431
quality_lite_no_height,k8__division_zscore__quality_lite_no_height__method-nnls__init-uniform__ninit-1,8,division_zscore,"z-score within division, then recombined",3000,quality_lite_no_height,nnls,uniform,0.2783043367516002,0.019878881196542873,14,height_inches|mins_per_game,4,247,0.0823333333333333,144,103,0.482946233677228,blk_pct=4.02; orb_pct=2.28; drb_pct=2.05; eFG=1.12; tov_pct=-0.29,three_pct=-1.94; three_share=-1.55; three_pa_per_100_team_poss=-1.45; ast_pct=-1.13; ast_tov=-1.12,drb_pct,2.0538529398679457
quality_lite_no_height,k8__division_zscore__quality_lite_no_height__method-nnls__init-uniform__ninit-1,8,division_zscore,"z-score within division, then recombined",3000,quality_lite_no_height,nnls,uniform,0.2783043367516002,0.019878881196542873,14,height_inches|mins_per_game,5,929,0.3096666666666666,517,412,0.4733175390766912,three_pa_per_100_team_poss=2.49; three_share=1.97; ft_pct=0.87; three_pct=0.64; usg=0.44,tov_pct=-1.48; ast_pct=-1.35; FTR=-1.23; ast_tov=-1.19; orb_pct=-0.85,drb_pct,-0.6685094313095311
quality_lite_no_height,k8__division_zscore__quality_lite_no_height__method-nnls__init-uniform__ninit-1,8,division_zscore,"z-score within division, then recombined",3000,quality_lite_no_height,nnls,uniform,0.2783043367516002,0.019878881196542873,14,height_inches|mins_per_game,6,279,0.093,143,136,0.468210645804107,ast_tov=3.59; three_share=1.56; three_pa_per_100_team_poss=0.77; three_pct=0.49; stl_pct=0.38,tov_pct=-1.89; usg=-1.64; FTR=-1.16; drb_pct=-1.11; orb_pct=-0.95,drb_pct,-1.1122545346900388
quality_lite_no_height,k8__division_zscore__quality_lite_no_height__method-nnls__init-uniform__ninit-1,8,division_zscore,"z-score within division, then recombined",3000,quality_lite_no_height,nnls,uniform,0.2783043367516002,0.019878881196542873,14,height_inches|mins_per_game,7,199,0.0663333333333333,95,104,0.416259482813419,tov_pct=3.81; stl_pct=0.02; ast_tov=-0.24; drb_pct=-0.34; ast_pct=-0.55,ft_pct=-3.27; eFG=-2.36; usg=-1.99; FTR=-1.80; three_pct=-1.45,drb_pct,-0.3442300588491288
quality_lite_no_height,k8__division_zscore__quality_lite_no_height__method-nnls__init-uniform__ninit-1,8,division_zscore,"z-score within division, then recombined",3000,quality_lite_no_height,nnls,uniform,0.2783043367516002,0.019878881196542873,14,height_inches|mins_per_game,8,428,0.1426666666666666,225,203,0.4376478601277311,orb_pct=2.78; drb_pct=2.65; FTR=1.72; usg=1.37; blk_pct=0.73,three_share=-1.31; three_pa_per_100_team_poss=-1.19; ast_tov=-1.02; tov_pct=-0.76; ast_pct=-0.66,drb_pct,2.6469866677909777
quality_lite_height_025,k6__division_zscore__quality_lite_height_025__method-nnls__init-uniform__ninit-1,6,division_zscore,"z-score within division, then recombined",3000,quality_lite_height_025,nnls,uniform,0.3613318451462657,0.024088789676417713,15,mins_per_game,1,391,0.1303333333333333,203,188,0.4777166882017243,ast_tov=3.59; three_share=1.42; three_pa_per_100_team_poss=0.75; three_pct=0.49; ast_pct=0.40,tov_pct=-1.67; usg=-1.48; drb_pct=-1.14; FTR=-1.05; orb_pct=-0.97,drb_pct,-1.1434587028940677
quality_lite_height_025,k6__division_zscore__quality_lite_height_025__method-nnls__init-uniform__ninit-1,6,division_zscore,"z-score within division, then recombined",3000,quality_lite_height_025,nnls,uniform,0.3613318451462657,0.024088789676417713,15,mins_per_game,2,326,0.1086666666666666,172,154,0.4943497310566704,FTR=3.52; tov_pct=0.75; orb_pct=0.52; height_inches=0.33; eFG=0.23,three_pct=-1.55; usg=-1.42; three_pa_per_100_team_poss=-1.31; three_share=-1.25; ast_pct=-1.19,drb_pct,-0.4167661537821232
quality_lite_height_025,k6__division_zscore__quality_lite_height_025__method-nnls__init-uniform__ninit-1,6,division_zscore,"z-score within division, then recombined",3000,quality_lite_height_025,nnls,uniform,0.3613318451462657,0.024088789676417713,15,mins_per_game,3,697,0.2323333333333333,378,319,0.5064797994274349,ast_pct=2.65; usg=2.21; stl_pct=1.82; ft_pct=0.87; FTR=0.53,height_inches=-1.49; orb_pct=-0.79; blk_pct=-0.56; eFG=-0.27; drb_pct=-0.27,drb_pct,-0.2716899885340692
quality_lite_height_025,k6__division_zscore__quality_lite_height_025__method-nnls__init-uniform__ninit-1,6,division_zscore,"z-score within division, then recombined",3000,quality_lite_height_025,nnls,uniform,0.3613318451462657,0.024088789676417713,15,mins_per_game,4,184,0.0613333333333333,98,86,0.4379973419907649,tov_pct=3.82; blk_pct=-0.03; stl_pct=-0.04; ast_tov=-0.53; ast_pct=-0.56,ft_pct=-3.26; eFG=-2.36; usg=-1.99; FTR=-1.80; three_pct=-1.44,drb_pct,-0.6045626908593732
quality_lite_height_025,k6__division_zscore__quality_lite_height_025__method-nnls__init-uniform__ninit-1,6,division_zscore,"z-score within division, then recombined",3000,quality_lite_height_025,nnls,uniform,0.3613318451462657,0.024088789676417713,15,mins_per_game,5,803,0.2676666666666666,443,360,0.480580169897724,three_pa_per_100_team_poss=2.48; three_share=1.98; ft_pct=0.71; three_pct=0.67; usg=0.50,tov_pct=-1.54; ast_pct=-1.33; ast_tov=-1.24; FTR=-1.18; stl_pct=-0.95,drb_pct,-0.5356855808324227
quality_lite_height_025,k6__division_zscore__quality_lite_height_025__method-nnls__init-uniform__ninit-1,6,division_zscore,"z-score within division, then recombined",3000,quality_lite_height_025,nnls,uniform,0.3613318451462657,0.024088789676417713,15,mins_per_game,6,599,0.1996666666666666,334,265,0.4881832539556246,blk_pct=3.07; drb_pct=2.70; orb_pct=2.65; height_inches=1.84; usg=1.04,three_pct=-1.94; three_share=-1.56; three_pa_per_100_team_poss=-1.45; ast_tov=-1.06; stl_pct=-0.79,drb_pct,2.6980912974822737
quality_lite_height_025,k7__division_zscore__quality_lite_height_025__method-nnls__init-furthest_first__ninit-1,7,division_zscore,"z-score within division, then recombined",3000,quality_lite_height_025,nnls,furthest_first,0.3332879083767823,0.022219193891785487,15,mins_per_game,1,398,0.1326666666666666,205,193,0.4805340497010158,ast_tov=3.61; three_share=1.24; three_pa_per_100_team_poss=0.62; ast_pct=0.62; three_pct=0.56,tov_pct=-1.50; usg=-1.35; drb_pct=-1.08; orb_pct=-0.97; FTR=-0.89,drb_pct,-1.0762801128427608
quality_lite_height_025,k7__division_zscore__quality_lite_height_025__method-nnls__init-furthest_first__ninit-1,7,division_zscore,"z-score within division, then recombined",3000,quality_lite_height_025,nnls,furthest_first,0.3332879083767823,0.022219193891785487,15,mins_per_game,2,222,0.074,127,95,0.5051952142821888,blk_pct=4.04; height_inches=1.77; orb_pct=1.71; eFG=1.28; drb_pct=0.94,three_pct=-1.99; three_share=-1.52; three_pa_per_100_team_poss=-1.42; ast_tov=-1.29; ast_pct=-1.28,drb_pct,0.9429627089089396
quality_lite_height_025,k7__division_zscore__quality_lite_height_025__method-nnls__init-furthest_first__ninit-1,7,division_zscore,"z-score within division, then recombined",3000,quality_lite_height_025,nnls,furthest_first,0.3332879083767823,0.022219193891785487,15,mins_per_game,3,273,0.091,147,126,0.4735424091120179,FTR=3.53; tov_pct=0.94; orb_pct=0.11; height_inches=-0.00; eFG=-0.04,usg=-1.66; three_pct=-1.58; three_pa_per_100_team_poss=-1.30; ast_pct=-1.28; three_share=-1.16,drb_pct,-0.7340407380578904
quality_lite_height_025,k7__division_zscore__quality_lite_height_025__method-nnls__init-furthest_first__ninit-1,7,division_zscore,"z-score within division, then recombined",3000,quality_lite_height_025,nnls,furthest_first,0.3332879083767823,0.022219193891785487,15,mins_per_game,4,175,0.0583333333333333,92,83,0.4269945695100422,tov_pct=3.83; stl_pct=0.05; ast_tov=-0.21; drb_pct=-0.34; ast_pct=-0.56,ft_pct=-3.37; eFG=-2.40; usg=-2.00; FTR=-1.81; three_pct=-1.47,drb_pct,-0.3355186191542332
quality_lite_height_025,k7__division_zscore__quality_lite_height_025__method-nnls__init-furthest_first__ninit-1,7,division_zscore,"z-score within division, then recombined",3000,quality_lite_height_025,nnls,furthest_first,0.3332879083767823,0.022219193891785487,15,mins_per_game,5,854,0.2846666666666667,482,372,0.4805535786718281,three_pa_per_100_team_poss=2.48; three_share=2.02; ft_pct=0.65; three_pct=0.63; eFG=0.40,tov_pct=-1.55; FTR=-1.32; ast_pct=-1.31; ast_tov=-1.13; stl_pct=-0.81,drb_pct,-0.6368057878100636
quality_lite_height_025,k7__division_zscore__quality_lite_height_025__method-nnls__init-furthest_first__ninit-1,7,division_zscore,"z-score within division, then recombined",3000,quality_lite_height_025,nnls,furthest_first,0.3332879083767823,0.022219193891785487,15,mins_per_game,6,593,0.1976666666666666,321,272,0.4906332213699976,ast_pct=2.50; stl_pct=2.28; usg=2.21; ft_pct=1.07; three_pa_per_100_team_poss=0.48,height_inches=-1.63; orb_pct=-0.88; blk_pct=-0.46; drb_pct=-0.41; eFG=-0.26,drb_pct,-0.4074410761600086
quality_lite_height_025,k7__division_zscore__quality_lite_height_025__method-nnls__init-furthest_first__ninit-1,7,division_zscore,"z-score within division, then recombined",3000,quality_lite_height_025,nnls,furthest_first,0.3332879083767823,0.022219193891785487,15,mins_per_game,7,485,0.1616666666666666,254,231,0.4543727744579504,orb_pct=2.80; drb_pct=2.70; usg=2.00; height_inches=1.69; blk_pct=1.51,three_share=-1.45; three_pa_per_100_team_poss=-1.33; three_pct=-0.82; stl_pct=-0.70; ast_tov=-0.62,drb_pct,2.702029533824704
quality_lite_height_025,k8__division_zscore__quality_lite_height_025__method-nnls__init-aa_plus_plus__ninit-1,8,division_zscore,"z-score within division, then recombined",3000,quality_lite_height_025,nnls,aa_plus_plus,0.3103732990195132,0.02069155326796755,15,mins_per_game,1,911,0.3036666666666666,501,410,0.4645766389877503,three_pa_per_100_team_poss=2.49; three_share=2.00; ft_pct=0.81; three_pct=0.68; usg=0.53,tov_pct=-1.58; ast_pct=-1.29; FTR=-1.23; ast_tov=-1.22; stl_pct=-0.94,drb_pct,-0.4295982847808778
quality_lite_height_025,k8__division_zscore__quality_lite_height_025__method-nnls__init-aa_plus_plus__ninit-1,8,division_zscore,"z-score within division, then recombined",3000,quality_lite_height_025,nnls,aa_plus_plus,0.3103732990195132,0.02069155326796755,15,mins_per_game,2,173,0.0576666666666666,93,80,0.4312188994505668,FTR=3.56; orb_pct=0.15; stl_pct=0.09; height_inches=-0.22; blk_pct=-0.68,three_pct=-1.93; ast_pct=-1.40; three_pa_per_100_team_poss=-1.32; three_share=-1.27; ft_pct=-1.23,drb_pct,-0.9872496430232012
quality_lite_height_025,k8__division_zscore__quality_lite_height_025__method-nnls__init-aa_plus_plus__ninit-1,8,division_zscore,"z-score within division, then recombined",3000,quality_lite_height_025,nnls,aa_plus_plus,0.3103732990195132,0.02069155326796755,15,mins_per_game,3,296,0.0986666666666666,150,146,0.4639393315254951,ast_tov=3.60; three_share=1.74; three_pa_per_100_team_poss=1.00; three_pct=0.46; stl_pct=0.45,tov_pct=-1.88; usg=-1.58; FTR=-1.29; drb_pct=-1.25; orb_pct=-0.99,drb_pct,-1.248432889028596
quality_lite_height_025,k8__division_zscore__quality_lite_height_025__method-nnls__init-aa_plus_plus__ninit-1,8,division_zscore,"z-score within division, then recombined",3000,quality_lite_height_025,nnls,aa_plus_plus,0.3103732990195132,0.02069155326796755,15,mins_per_game,4,318,0.106,160,158,0.4405207440516877,stl_pct=3.44; ast_pct=1.70; usg=1.64; FTR=0.62; tov_pct=0.39,height_inches=-1.04; three_share=-0.55; blk_pct=-0.38; eFG=-0.18; orb_pct=-0.15,drb_pct,0.1580110906150088
quality_lite_height_025,k8__division_zscore__quality_lite_height_025__method-nnls__init-aa_plus_plus__ninit-1,8,division_zscore,"z-score within division, then recombined",3000,quality_lite_height_025,nnls,aa_plus_plus,0.3103732990195132,0.02069155326796755,15,mins_per_game,5,394,0.1313333333333333,234,160,0.45240876322191,ast_pct=3.01; usg=2.09; ast_tov=1.48; ft_pct=0.91; three_pct=0.57,height_inches=-1.79; drb_pct=-0.90; orb_pct=-0.86; blk_pct=-0.64; FTR=-0.42,drb_pct,-0.8982005765997059
quality_lite_height_025,k8__division_zscore__quality_lite_height_025__method-nnls__init-aa_plus_plus__ninit-1,8,division_zscore,"z-score within division, then recombined",3000,quality_lite_height_025,nnls,aa_plus_plus,0.3103732990195132,0.02069155326796755,15,mins_per_game,6,128,0.0426666666666666,67,61,0.4026688218899011,tov_pct=3.94; blk_pct=0.28; stl_pct=0.10; height_inches=-0.53; drb_pct=-0.72,ft_pct=-3.97; eFG=-3.17; usg=-2.13; three_pct=-2.08; FTR=-1.95,drb_pct,-0.717116375928984
quality_lite_height_025,k8__division_zscore__quality_lite_height_025__method-nnls__init-aa_plus_plus__ninit-1,8,division_zscore,"z-score within division, then recombined",3000,quality_lite_height_025,nnls,aa_plus_plus,0.3103732990195132,0.02069155326796755,15,mins_per_game,7,706,0.2353333333333333,390,316,0.4885986109697126,blk_pct=2.87; orb_pct=2.65; drb_pct=2.60; height_inches=1.99; eFG=1.26,three_pct=-1.81; three_share=-1.55; three_pa_per_100_team_poss=-1.45; ast_tov=-1.03; stl_pct=-1.01,drb_pct,2.600884310209518
quality_lite_height_025,k8__division_zscore__quality_lite_height_025__method-nnls__init-aa_plus_plus__ninit-1,8,division_zscore,"z-score within division, then recombined",3000,quality_lite_height_025,nnls,aa_plus_plus,0.3103732990195132,0.02069155326796755,15,mins_per_game,8,74,0.0246666666666666,33,41,0.3686186568139477,tov_pct=3.57; FTR=3.10; eFG=2.23; three_pct=1.57; ast_pct=1.12,usg=-1.60; orb_pct=-1.51; stl_pct=-1.25; three_pa_per_100_team_poss=-1.13; height_inches=-1.04,drb_pct,0.4996138901335556
role_only_no_height,k6__division_zscore__role_only_no_height__method-nnls__init-uniform__ninit-1,6,division_zscore,"z-score within division, then recombined",3000,role_only_no_height,nnls,uniform,0.2677347352386173,0.024339521385328845,11,height_inches|mins_per_game|eFG|three_pct|ft_pct,1,309,0.103,166,143,0.456535662591947,ast_tov=3.61; three_share=1.83; three_pa_per_100_team_poss=0.65; stl_pct=0.48; ast_pct=-0.02,tov_pct=-2.10; usg=-1.93; FTR=-1.50; drb_pct=-1.13; orb_pct=-1.06,stl_pct,0.478939474407658
role_only_no_height,k6__division_zscore__role_only_no_height__method-nnls__init-uniform__ninit-1,6,division_zscore,"z-score within division, then recombined",3000,role_only_no_height,nnls,uniform,0.2677347352386173,0.024339521385328845,11,height_inches|mins_per_game|eFG|three_pct|ft_pct,2,415,0.1383333333333333,223,192,0.4794788410924968,FTR=3.56; orb_pct=0.65; tov_pct=0.49; drb_pct=-0.45; blk_pct=-0.49,three_share=-1.41; three_pa_per_100_team_poss=-1.38; usg=-1.22; ast_pct=-1.20; ast_tov=-1.03,stl_pct,-0.5699039505247658
role_only_no_height,k6__division_zscore__role_only_no_height__method-nnls__init-uniform__ninit-1,6,division_zscore,"z-score within division, then recombined",3000,role_only_no_height,nnls,uniform,0.2677347352386173,0.024339521385328845,11,height_inches|mins_per_game|eFG|three_pct|ft_pct,3,800,0.2666666666666666,433,367,0.505250294172251,ast_pct=2.70; usg=2.10; stl_pct=1.74; ast_tov=0.74; FTR=0.70,orb_pct=-0.75; blk_pct=-0.63; three_share=-0.38; drb_pct=-0.30; three_pa_per_100_team_poss=0.11,stl_pct,1.7362675032370225
role_only_no_height,k6__division_zscore__role_only_no_height__method-nnls__init-uniform__ninit-1,6,division_zscore,"z-score within division, then recombined",3000,role_only_no_height,nnls,uniform,0.2677347352386173,0.024339521385328845,11,height_inches|mins_per_game|eFG|three_pct|ft_pct,4,262,0.0873333333333333,135,127,0.4408056532664042,tov_pct=3.80; blk_pct=-0.10; stl_pct=-0.11; ast_pct=-0.43; ast_tov=-0.43,usg=-1.99; FTR=-1.77; three_pa_per_100_team_poss=-1.14; orb_pct=-0.97; three_share=-0.78,stl_pct,-0.1050735723792082
role_only_no_height,k6__division_zscore__role_only_no_height__method-nnls__init-uniform__ninit-1,6,division_zscore,"z-score within division, then recombined",3000,role_only_no_height,nnls,uniform,0.2677347352386173,0.024339521385328845,11,height_inches|mins_per_game|eFG|three_pct|ft_pct,5,702,0.234,382,320,0.462743349163797,three_pa_per_100_team_poss=2.47; three_share=2.14; usg=0.44; blk_pct=-0.46; drb_pct=-0.85,tov_pct=-1.66; FTR=-1.52; stl_pct=-1.45; ast_tov=-1.40; ast_pct=-1.37,stl_pct,-1.4464626704832504
role_only_no_height,k6__division_zscore__role_only_no_height__method-nnls__init-uniform__ninit-1,6,division_zscore,"z-score within division, then recombined",3000,role_only_no_height,nnls,uniform,0.2677347352386173,0.024339521385328845,11,height_inches|mins_per_game|eFG|three_pct|ft_pct,6,512,0.1706666666666666,289,223,0.4625975811723234,blk_pct=3.64; orb_pct=2.93; drb_pct=2.72; usg=0.59; FTR=-0.34,three_share=-1.55; three_pa_per_100_team_poss=-1.45; ast_tov=-0.95; tov_pct=-0.91; ast_pct=-0.81,stl_pct,-0.5145323954947832
role_only_no_height,k7__division_zscore__role_only_no_height__method-nnls__init-aa_plus_plus__ninit-1,7,division_zscore,"z-score within division, then recombined",3000,role_only_no_height,nnls,aa_plus_plus,0.238495041324195,0.021681367393108636,11,height_inches|mins_per_game|eFG|three_pct|ft_pct,1,294,0.098,161,133,0.4389883262975242,ast_tov=3.61; three_share=2.21; three_pa_per_100_team_poss=1.08; stl_pct=0.69; ast_pct=-0.21,tov_pct=-2.22; usg=-1.87; FTR=-1.81; drb_pct=-1.35; orb_pct=-1.04,stl_pct,0.6857373917703825
role_only_no_height,k7__division_zscore__role_only_no_height__method-nnls__init-aa_plus_plus__ninit-1,7,division_zscore,"z-score within division, then recombined",3000,role_only_no_height,nnls,aa_plus_plus,0.238495041324195,0.021681367393108636,11,height_inches|mins_per_game|eFG|three_pct|ft_pct,2,673,0.2243333333333333,362,311,0.4457061235878949,three_pa_per_100_team_poss=2.48; three_share=2.10; usg=0.66; blk_pct=-0.39; drb_pct=-0.86,tov_pct=-1.73; stl_pct=-1.70; ast_tov=-1.40; FTR=-1.38; ast_pct=-1.36,stl_pct,-1.7018156953738504
role_only_no_height,k7__division_zscore__role_only_no_height__method-nnls__init-aa_plus_plus__ninit-1,7,division_zscore,"z-score within division, then recombined",3000,role_only_no_height,nnls,aa_plus_plus,0.238495041324195,0.021681367393108636,11,height_inches|mins_per_game|eFG|three_pct|ft_pct,3,163,0.0543333333333333,94,69,0.380094578821913,stl_pct=3.24; orb_pct=2.93; drb_pct=1.47; blk_pct=0.61; FTR=0.41,three_share=-1.55; ast_tov=-1.50; three_pa_per_100_team_poss=-1.45; ast_pct=-1.36; tov_pct=0.02,stl_pct,3.2443099430022504
role_only_no_height,k7__division_zscore__role_only_no_height__method-nnls__init-aa_plus_plus__ninit-1,7,division_zscore,"z-score within division, then recombined",3000,role_only_no_height,nnls,aa_plus_plus,0.238495041324195,0.021681367393108636,11,height_inches|mins_per_game|eFG|three_pct|ft_pct,4,450,0.15,252,198,0.4636975661184712,blk_pct=3.47; orb_pct=2.89; drb_pct=2.71; usg=0.78; FTR=-0.14,three_share=-1.55; three_pa_per_100_team_poss=-1.45; ast_tov=-0.96; tov_pct=-0.73; ast_pct=-0.71,stl_pct,-0.6848621207972158
role_only_no_height,k7__division_zscore__role_only_no_height__method-nnls__init-aa_plus_plus__ninit-1,7,division_zscore,"z-score within division, then recombined",3000,role_only_no_height,nnls,aa_plus_plus,0.238495041324195,0.021681367393108636,11,height_inches|mins_per_game|eFG|three_pct|ft_pct,5,320,0.1066666666666666,168,152,0.4237211426671816,tov_pct=3.75; blk_pct=-0.07; stl_pct=-0.20; ast_pct=-0.25; ast_tov=-0.40,usg=-1.95; FTR=-1.71; orb_pct=-1.05; three_pa_per_100_team_poss=-1.03; drb_pct=-0.56,stl_pct,-0.2023758731725495
role_only_no_height,k7__division_zscore__role_only_no_height__method-nnls__init-aa_plus_plus__ninit-1,7,division_zscore,"z-score within division, then recombined",3000,role_only_no_height,nnls,aa_plus_plus,0.238495041324195,0.021681367393108636,11,height_inches|mins_per_game|eFG|three_pct|ft_pct,6,770,0.2566666666666666,413,357,0.4917715389137663,ast_pct=2.83; usg=2.25; stl_pct=1.15; ast_tov=1.03; FTR=0.75,orb_pct=-0.77; blk_pct=-0.67; drb_pct=-0.37; three_share=-0.35; tov_pct=-0.14,stl_pct,1.1523256273114493
role_only_no_height,k7__division_zscore__role_only_no_height__method-nnls__init-aa_plus_plus__ninit-1,7,division_zscore,"z-score within division, then recombined",3000,role_only_no_height,nnls,aa_plus_plus,0.238495041324195,0.021681367393108636,11,height_inches|mins_per_game|eFG|three_pct|ft_pct,7,330,0.11,178,152,0.464452747318702,FTR=3.56; tov_pct=0.56; orb_pct=0.43; blk_pct=-0.50; ast_tov=-0.53,usg=-1.68; three_pa_per_100_team_poss=-1.33; stl_pct=-1.31; three_share=-1.24; ast_pct=-1.16,stl_pct,-1.3140527902819448
role_only_no_height,k8__division_zscore__role_only_no_height__method-nnls__init-furthest_sum__ninit-1,8,division_zscore,"z-score within division, then recombined",3000,role_only_no_height,nnls,furthest_sum,0.2143388262200273,0.0194853478381843,11,height_inches|mins_per_game|eFG|three_pct|ft_pct,1,174,0.058,96,78,0.4213632291929584,FTR=3.42; tov_pct=3.33; drb_pct=0.74; orb_pct=0.16; blk_pct=-0.02,usg=-1.72; stl_pct=-1.48; ast_pct=-1.36; ast_tov=-1.25; three_pa_per_100_team_poss=-1.11,stl_pct,-1.482447186657773
role_only_no_height,k8__division_zscore__role_only_no_height__method-nnls__init-furthest_sum__ninit-1,8,division_zscore,"z-score within division, then recombined",3000,role_only_no_height,nnls,furthest_sum,0.2143388262200273,0.0194853478381843,11,height_inches|mins_per_game|eFG|three_pct|ft_pct,2,471,0.157,263,208,0.443455908590321,ast_pct=2.96; usg=2.48; FTR=0.57; ast_tov=0.40; three_pa_per_100_team_poss=0.35,orb_pct=-0.74; blk_pct=-0.73; drb_pct=-0.46; three_share=-0.44; stl_pct=-0.13,stl_pct,-0.1271401953170722
role_only_no_height,k8__division_zscore__role_only_no_height__method-nnls__init-furthest_sum__ninit-1,8,division_zscore,"z-score within division, then recombined",3000,role_only_no_height,nnls,furthest_sum,0.2143388262200273,0.0194853478381843,11,height_inches|mins_per_game|eFG|three_pct|ft_pct,3,99,0.033,49,50,0.3615147922957086,ast_tov=3.61; FTR=3.56; three_share=0.52; ast_pct=-0.06; orb_pct=-0.36,tov_pct=-2.33; usg=-2.19; drb_pct=-1.90; three_pa_per_100_team_poss=-1.22; stl_pct=-0.91,stl_pct,-0.9143558452484124
role_only_no_height,k8__division_zscore__role_only_no_height__method-nnls__init-furthest_sum__ninit-1,8,division_zscore,"z-score within division, then recombined",3000,role_only_no_height,nnls,furthest_sum,0.2143388262200273,0.0194853478381843,11,height_inches|mins_per_game|eFG|three_pct|ft_pct,4,996,0.332,554,442,0.4510370126653587,three_pa_per_100_team_poss=2.47; three_share=2.21; usg=0.11; blk_pct=-0.63; orb_pct=-0.87,FTR=-1.82; tov_pct=-1.75; stl_pct=-1.57; ast_pct=-1.42; ast_tov=-1.33,stl_pct,-1.5674551830585648
role_only_no_height,k8__division_zscore__role_only_no_height__method-nnls__init-furthest_sum__ninit-1,8,division_zscore,"z-score within division, then recombined",3000,role_only_no_height,nnls,furthest_sum,0.2143388262200273,0.0194853478381843,11,height_inches|mins_per_game|eFG|three_pct|ft_pct,5,295,0.0983333333333333,159,136,0.3951614789419916,stl_pct=3.50; usg=1.83; FTR=1.54; orb_pct=0.89; tov_pct=0.69,three_share=-1.46; three_pa_per_100_team_poss=-1.35; ast_tov=-0.82; drb_pct=-0.80; blk_pct=-0.21,stl_pct,3.4992081390068255
role_only_no_height,k8__division_zscore__role_only_no_height__method-nnls__init-furthest_sum__ninit-1,8,division_zscore,"z-score within division, then recombined",3000,role_only_no_height,nnls,furthest_sum,0.2143388262200273,0.0194853478381843,11,height_inches|mins_per_game|eFG|three_pct|ft_pct,6,582,0.194,317,265,0.4426284154009009,blk_pct=3.64; orb_pct=2.93; drb_pct=2.72; usg=0.58; FTR=-0.34,three_share=-1.55; three_pa_per_100_team_poss=-1.45; ast_tov=-0.95; tov_pct=-0.91; ast_pct=-0.82,stl_pct,-0.5116082548037816
role_only_no_height,k8__division_zscore__role_only_no_height__method-nnls__init-furthest_sum__ninit-1,8,division_zscore,"z-score within division, then recombined",3000,role_only_no_height,nnls,furthest_sum,0.2143388262200273,0.0194853478381843,11,height_inches|mins_per_game|eFG|three_pct|ft_pct,7,197,0.0656666666666666,98,99,0.377781054808435,ast_tov=3.32; ast_pct=3.03; three_share=2.02; stl_pct=1.68; drb_pct=1.50,FTR=-1.95; orb_pct=-1.35; usg=-1.20; blk_pct=-0.90; tov_pct=0.96,stl_pct,1.679760237128795
role_only_no_height,k8__division_zscore__role_only_no_height__method-nnls__init-furthest_sum__ninit-1,8,division_zscore,"z-score within division, then recombined",3000,role_only_no_height,nnls,furthest_sum,0.2143388262200273,0.0194853478381843,11,height_inches|mins_per_game|eFG|three_pct|ft_pct,8,186,0.062,92,94,0.3914937703684024,tov_pct=3.92; blk_pct=0.40; stl_pct=0.04; drb_pct=-0.79; ast_tov=-0.81,usg=-2.12; FTR=-1.95; three_share=-1.58; three_pa_per_100_team_poss=-1.47; orb_pct=-1.07,stl_pct,0.0360324472919228
role_only_height_025,k6__division_zscore__role_only_height_025__method-nnls__init-aa_plus_plus__ninit-1,6,division_zscore,"z-score within division, then recombined",3000,role_only_height_025,nnls,aa_plus_plus,0.2951314491359655,0.024594287427997127,12,mins_per_game|eFG|three_pct|ft_pct,1,764,0.2546666666666666,412,352,0.5077027320443918,ast_pct=2.65; usg=2.15; stl_pct=1.83; ast_tov=0.67; FTR=0.59,height_inches=-1.41; orb_pct=-0.79; blk_pct=-0.57; drb_pct=-0.28; three_share=-0.28,stl_pct,1.8261423413004765
role_only_height_025,k6__division_zscore__role_only_height_025__method-nnls__init-aa_plus_plus__ninit-1,6,division_zscore,"z-score within division, then recombined",3000,role_only_height_025,nnls,aa_plus_plus,0.2951314491359655,0.024594287427997127,12,mins_per_game|eFG|three_pct|ft_pct,2,342,0.114,180,162,0.4838557509063565,FTR=3.56; tov_pct=0.55; orb_pct=0.42; height_inches=0.24; stl_pct=-0.47,usg=-1.46; three_pa_per_100_team_poss=-1.38; three_share=-1.32; ast_pct=-1.19; ast_tov=-0.89,stl_pct,-0.4720636999204193
role_only_height_025,k6__division_zscore__role_only_height_025__method-nnls__init-aa_plus_plus__ninit-1,6,division_zscore,"z-score within division, then recombined",3000,role_only_height_025,nnls,aa_plus_plus,0.2951314491359655,0.024594287427997127,12,mins_per_game|eFG|three_pct|ft_pct,3,668,0.2226666666666666,366,302,0.4623177469876054,three_pa_per_100_team_poss=2.47; three_share=2.16; usg=0.33; height_inches=0.12; blk_pct=-0.46,tov_pct=-1.67; FTR=-1.58; ast_tov=-1.41; ast_pct=-1.39; stl_pct=-1.34,stl_pct,-1.3418420656877657
role_only_height_025,k6__division_zscore__role_only_height_025__method-nnls__init-aa_plus_plus__ninit-1,6,division_zscore,"z-score within division, then recombined",3000,role_only_height_025,nnls,aa_plus_plus,0.2951314491359655,0.024594287427997127,12,mins_per_game|eFG|three_pct|ft_pct,4,655,0.2183333333333333,368,287,0.4864090659074885,blk_pct=3.08; drb_pct=2.72; orb_pct=2.64; height_inches=1.84; usg=1.04,three_share=-1.56; three_pa_per_100_team_poss=-1.45; ast_tov=-1.08; stl_pct=-0.79; ast_pct=-0.78,stl_pct,-0.7886872105533393
role_only_height_025,k6__division_zscore__role_only_height_025__method-nnls__init-aa_plus_plus__ninit-1,6,division_zscore,"z-score within division, then recombined",3000,role_only_height_025,nnls,aa_plus_plus,0.2951314491359655,0.024594287427997127,12,mins_per_game|eFG|three_pct|ft_pct,5,338,0.1126666666666666,178,160,0.4604329118378568,ast_tov=3.57; three_share=2.01; three_pa_per_100_team_poss=0.77; stl_pct=0.09; ast_pct=0.04,tov_pct=-1.91; usg=-1.81; FTR=-1.49; drb_pct=-1.22; orb_pct=-1.07,stl_pct,0.0928790544049027
role_only_height_025,k6__division_zscore__role_only_height_025__method-nnls__init-aa_plus_plus__ninit-1,6,division_zscore,"z-score within division, then recombined",3000,role_only_height_025,nnls,aa_plus_plus,0.2951314491359655,0.024594287427997127,12,mins_per_game|eFG|three_pct|ft_pct,6,233,0.0776666666666666,124,109,0.4381247388587916,tov_pct=3.84; blk_pct=-0.01; stl_pct=-0.05; ast_tov=-0.51; ast_pct=-0.57,usg=-2.03; FTR=-1.82; three_pa_per_100_team_poss=-1.23; three_share=-0.98; orb_pct=-0.97,stl_pct,-0.0511051009551131
role_only_height_025,k7__division_zscore__role_only_height_025__method-nnls__init-furthest_sum__ninit-1,7,division_zscore,"z-score within division, then recombined",3000,role_only_height_025,nnls,furthest_sum,0.263311535831513,0.021942627985959418,12,mins_per_game|eFG|three_pct|ft_pct,1,226,0.0753333333333333,115,111,0.417672088169587,tov_pct=3.88; blk_pct=0.10; stl_pct=0.02; ast_tov=-0.61; drb_pct=-0.63,usg=-2.08; FTR=-1.88; three_pa_per_100_team_poss=-1.34; three_share=-1.26; orb_pct=-0.97,stl_pct,0.0208408493464805
role_only_height_025,k7__division_zscore__role_only_height_025__method-nnls__init-furthest_sum__ninit-1,7,division_zscore,"z-score within division, then recombined",3000,role_only_height_025,nnls,furthest_sum,0.263311535831513,0.021942627985959418,12,mins_per_game|eFG|three_pct|ft_pct,2,295,0.0983333333333333,158,137,0.4357850920342563,ast_tov=3.61; three_share=2.21; three_pa_per_100_team_poss=1.01; stl_pct=0.60; ast_pct=-0.21,tov_pct=-2.15; usg=-1.89; FTR=-1.82; drb_pct=-1.31; orb_pct=-1.04,stl_pct,0.604544325503236
role_only_height_025,k7__division_zscore__role_only_height_025__method-nnls__init-furthest_sum__ninit-1,7,division_zscore,"z-score within division, then recombined",3000,role_only_height_025,nnls,furthest_sum,0.263311535831513,0.021942627985959418,12,mins_per_game|eFG|three_pct|ft_pct,3,330,0.11,173,157,0.4644667356808276,FTR=3.56; tov_pct=0.53; orb_pct=0.47; height_inches=0.24; blk_pct=-0.52,usg=-1.70; three_share=-1.41; three_pa_per_100_team_poss=-1.39; ast_pct=-1.19; stl_pct=-1.08,stl_pct,-1.0807276984331484
role_only_height_025,k7__division_zscore__role_only_height_025__method-nnls__init-furthest_sum__ninit-1,7,division_zscore,"z-score within division, then recombined",3000,role_only_height_025,nnls,furthest_sum,0.263311535831513,0.021942627985959418,12,mins_per_game|eFG|three_pct|ft_pct,4,685,0.2283333333333333,382,303,0.4756498660866816,blk_pct=3.01; drb_pct=2.72; orb_pct=2.66; height_inches=1.88; usg=1.16,three_share=-1.56; three_pa_per_100_team_poss=-1.45; ast_tov=-1.05; stl_pct=-0.85; tov_pct=-0.73,stl_pct,-0.8496109815413878
role_only_height_025,k7__division_zscore__role_only_height_025__method-nnls__init-furthest_sum__ninit-1,7,division_zscore,"z-score within division, then recombined",3000,role_only_height_025,nnls,furthest_sum,0.263311535831513,0.021942627985959418,12,mins_per_game|eFG|three_pct|ft_pct,5,413,0.1376666666666666,247,166,0.4565209745922705,ast_pct=3.02; usg=1.94; ast_tov=1.43; three_pa_per_100_team_poss=0.23; tov_pct=0.16,height_inches=-1.46; orb_pct=-1.04; drb_pct=-0.65; blk_pct=-0.60; stl_pct=-0.43,stl_pct,-0.4314797030343538
role_only_height_025,k7__division_zscore__role_only_height_025__method-nnls__init-furthest_sum__ninit-1,7,division_zscore,"z-score within division, then recombined",3000,role_only_height_025,nnls,furthest_sum,0.263311535831513,0.021942627985959418,12,mins_per_game|eFG|three_pct|ft_pct,6,678,0.226,365,313,0.4478373137453988,three_pa_per_100_team_poss=2.48; three_share=2.14; usg=0.49; height_inches=-0.10; blk_pct=-0.44,tov_pct=-1.73; stl_pct=-1.56; FTR=-1.51; ast_tov=-1.40; ast_pct=-1.37,stl_pct,-1.5640713691246309
role_only_height_025,k7__division_zscore__role_only_height_025__method-nnls__init-furthest_sum__ninit-1,7,division_zscore,"z-score within division, then recombined",3000,role_only_height_025,nnls,furthest_sum,0.263311535831513,0.021942627985959418,12,mins_per_game|eFG|three_pct|ft_pct,7,373,0.1243333333333333,188,185,0.4477413622519844,stl_pct=3.49; ast_pct=1.68; usg=1.54; FTR=0.84; tov_pct=0.49,height_inches=-1.37; orb_pct=-0.44; blk_pct=-0.38; three_share=-0.31; drb_pct=-0.21,stl_pct,3.493854296063412
role_only_height_025,k8__division_zscore__role_only_height_025__method-nnls__init-furthest_first__ninit-1,8,division_zscore,"z-score within division, then recombined",3000,role_only_height_025,nnls,furthest_first,0.2447094773685976,0.020392456447383134,12,mins_per_game|eFG|three_pct|ft_pct,1,766,0.2553333333333333,411,355,0.4782242069768341,blk_pct=2.78; drb_pct=2.72; orb_pct=2.61; height_inches=2.02; usg=1.09,three_share=-1.56; three_pa_per_100_team_poss=-1.46; ast_tov=-1.11; stl_pct=-0.88; ast_pct=-0.74,stl_pct,-0.8815265319205123
role_only_height_025,k8__division_zscore__role_only_height_025__method-nnls__init-furthest_first__ninit-1,8,division_zscore,"z-score within division, then recombined",3000,role_only_height_025,nnls,furthest_first,0.2447094773685976,0.020392456447383134,12,mins_per_game|eFG|three_pct|ft_pct,2,386,0.1286666666666666,228,158,0.4493649554366586,ast_pct=3.02; usg=2.17; ast_tov=1.11; three_pa_per_100_team_poss=0.13; tov_pct=0.10,height_inches=-1.40; orb_pct=-1.03; blk_pct=-0.64; drb_pct=-0.59; three_share=-0.49,stl_pct,-0.3123086772924791
role_only_height_025,k8__division_zscore__role_only_height_025__method-nnls__init-furthest_first__ninit-1,8,division_zscore,"z-score within division, then recombined",3000,role_only_height_025,nnls,furthest_first,0.2447094773685976,0.020392456447383134,12,mins_per_game|eFG|three_pct|ft_pct,3,343,0.1143333333333333,170,173,0.4309408019064346,stl_pct=3.53; usg=1.76; ast_pct=1.11; FTR=0.85; tov_pct=0.37,height_inches=-1.01; drb_pct=-0.78; three_share=-0.54; blk_pct=-0.41; ast_tov=-0.26,stl_pct,3.53132951547597
role_only_height_025,k8__division_zscore__role_only_height_025__method-nnls__init-furthest_first__ninit-1,8,division_zscore,"z-score within division, then recombined",3000,role_only_height_025,nnls,furthest_first,0.2447094773685976,0.020392456447383134,12,mins_per_game|eFG|three_pct|ft_pct,4,180,0.06,87,93,0.3891629696383583,tov_pct=3.94; blk_pct=0.49; stl_pct=0.07; height_inches=-0.49; drb_pct=-0.82,usg=-2.13; FTR=-1.95; three_share=-1.60; three_pa_per_100_team_poss=-1.47; orb_pct=-1.11,stl_pct,0.0651395134294651
role_only_height_025,k8__division_zscore__role_only_height_025__method-nnls__init-furthest_first__ninit-1,8,division_zscore,"z-score within division, then recombined",3000,role_only_height_025,nnls,furthest_first,0.2447094773685976,0.020392456447383134,12,mins_per_game|eFG|three_pct|ft_pct,5,101,0.0336666666666666,54,47,0.3613966317042416,ast_tov=3.61; FTR=3.56; three_share=0.52; height_inches=0.18; ast_pct=-0.06,tov_pct=-2.33; usg=-2.19; drb_pct=-1.90; three_pa_per_100_team_poss=-1.22; stl_pct=-0.91,stl_pct,-0.9143558451647668
role_only_height_025,k8__division_zscore__role_only_height_025__method-nnls__init-furthest_first__ninit-1,8,division_zscore,"z-score within division, then recombined",3000,role_only_height_025,nnls,furthest_first,0.2447094773685976,0.020392456447383134,12,mins_per_game|eFG|three_pct|ft_pct,6,955,0.3183333333333333,530,425,0.449595980804347,three_pa_per_100_team_poss=2.47; three_share=2.22; usg=0.15; height_inches=-0.12; blk_pct=-0.71,FTR=-1.82; tov_pct=-1.79; stl_pct=-1.61; ast_pct=-1.40; ast_tov=-1.34,stl_pct,-1.6074668078891416
role_only_height_025,k8__division_zscore__role_only_height_025__method-nnls__init-furthest_first__ninit-1,8,division_zscore,"z-score within division, then recombined",3000,role_only_height_025,nnls,furthest_first,0.2447094773685976,0.020392456447383134,12,mins_per_game|eFG|three_pct|ft_pct,7,163,0.0543333333333333,95,68,0.4262992627745987,FTR=3.41; tov_pct=3.24; height_inches=0.65; drb_pct=0.13; orb_pct=0.07,usg=-1.41; ast_tov=-1.35; ast_pct=-1.21; three_pa_per_100_team_poss=-1.09; stl_pct=-0.95,stl_pct,-0.9465383796670602
role_only_height_025,k8__division_zscore__role_only_height_025__method-nnls__init-furthest_first__ninit-1,8,division_zscore,"z-score within division, then recombined",3000,role_only_height_025,nnls,furthest_first,0.2447094773685976,0.020392456447383134,12,mins_per_game|eFG|three_pct|ft_pct,8,106,0.0353333333333333,53,53,0.3601115726474856,ast_tov=3.32; ast_pct=3.03; three_share=2.13; drb_pct=2.09; stl_pct=1.69,FTR=-1.95; orb_pct=-1.51; usg=-1.33; blk_pct=-0.90; height_inches=-0.05,stl_pct,1.685073635903295
quality_lite_no_height,k6__division_zscore__quality_lite_no_height__method-nnls__init-aa_plus_plus__ninit-1,6,division_zscore,"z-score within division, then recombined",3000,quality_lite_no_height,nnls,aa_plus_plus,0.3318744542043277,0.023705318157451978,14,height_inches|mins_per_game,1,839,0.2796666666666667,465,374,0.4819226714238443,three_pa_per_100_team_poss=2.47; three_share=1.97; ft_pct=0.74; three_pct=0.68; eFG=0.47,tov_pct=-1.51; ast_pct=-1.38; ast_tov=-1.30; FTR=-1.17; stl_pct=-0.92,stl_pct,-0.9223703308226834
quality_lite_no_height,k6__division_zscore__quality_lite_no_height__method-nnls__init-aa_plus_plus__ninit-1,6,division_zscore,"z-score within division, then recombined",3000,quality_lite_no_height,nnls,aa_plus_plus,0.3318744542043277,0.023705318157451978,14,height_inches|mins_per_game,2,210,0.07,106,104,0.4407402226984385,tov_pct=3.78; stl_pct=-0.12; blk_pct=-0.13; ast_pct=-0.39; ast_tov=-0.44,ft_pct=-3.01; eFG=-2.10; usg=-1.92; FTR=-1.75; three_pa_per_100_team_poss=-1.21,stl_pct,-0.1175312223682474
quality_lite_no_height,k6__division_zscore__quality_lite_no_height__method-nnls__init-aa_plus_plus__ninit-1,6,division_zscore,"z-score within division, then recombined",3000,quality_lite_no_height,nnls,aa_plus_plus,0.3318744542043277,0.023705318157451978,14,height_inches|mins_per_game,3,459,0.153,256,203,0.4720511160361476,blk_pct=3.64; orb_pct=2.92; drb_pct=2.71; eFG=0.64; usg=0.51,three_pct=-1.93; three_share=-1.55; three_pa_per_100_team_poss=-1.45; ast_tov=-1.02; ast_pct=-0.89,stl_pct,-0.5499792237196282
quality_lite_no_height,k6__division_zscore__quality_lite_no_height__method-nnls__init-aa_plus_plus__ninit-1,6,division_zscore,"z-score within division, then recombined",3000,quality_lite_no_height,nnls,aa_plus_plus,0.3318744542043277,0.023705318157451978,14,height_inches|mins_per_game,4,742,0.2473333333333333,404,338,0.5061546064784389,ast_pct=2.68; usg=2.23; stl_pct=1.71; ft_pct=0.73; FTR=0.51,orb_pct=-0.73; blk_pct=-0.54; three_share=-0.35; eFG=-0.26; drb_pct=-0.23,stl_pct,1.7096077139029586
quality_lite_no_height,k6__division_zscore__quality_lite_no_height__method-nnls__init-aa_plus_plus__ninit-1,6,division_zscore,"z-score within division, then recombined",3000,quality_lite_no_height,nnls,aa_plus_plus,0.3318744542043277,0.023705318157451978,14,height_inches|mins_per_game,5,385,0.1283333333333333,207,178,0.4905553136314093,FTR=3.54; orb_pct=0.68; tov_pct=0.54; eFG=0.35; drb_pct=-0.29,three_pct=-1.58; three_pa_per_100_team_poss=-1.32; three_share=-1.23; ast_pct=-1.21; usg=-1.21,stl_pct,-0.4889608352890355
quality_lite_no_height,k6__division_zscore__quality_lite_no_height__method-nnls__init-aa_plus_plus__ninit-1,6,division_zscore,"z-score within division, then recombined",3000,quality_lite_no_height,nnls,aa_plus_plus,0.3318744542043277,0.023705318157451978,14,height_inches|mins_per_game,6,365,0.1216666666666666,190,175,0.4750526939685237,ast_tov=3.61; three_share=1.39; three_pa_per_100_team_poss=0.62; three_pct=0.46; ast_pct=0.34,tov_pct=-1.81; usg=-1.64; drb_pct=-1.04; orb_pct=-1.01; FTR=-0.97,stl_pct,0.2700384798811016
quality_lite_no_height,k7__division_zscore__quality_lite_no_height__method-nnls__init-uniform__ninit-1,7,division_zscore,"z-score within division, then recombined",3000,quality_lite_no_height,nnls,uniform,0.3057733967215648,0.0218409569086832,14,height_inches|mins_per_game,1,410,0.1366666666666666,223,187,0.4745940911079103,FTR=3.55; orb_pct=0.95; eFG=0.61; tov_pct=0.42; blk_pct=-0.15,three_pct=-1.71; three_pa_per_100_team_poss=-1.36; usg=-1.32; three_share=-1.32; ast_pct=-1.15,stl_pct,-0.8966767088800406
quality_lite_no_height,k7__division_zscore__quality_lite_no_height__method-nnls__init-uniform__ninit-1,7,division_zscore,"z-score within division, then recombined",3000,quality_lite_no_height,nnls,uniform,0.3057733967215648,0.0218409569086832,14,height_inches|mins_per_game,2,836,0.2786666666666667,458,378,0.4601655417019247,three_pa_per_100_team_poss=2.44; three_share=1.96; ft_pct=0.84; three_pct=0.69; usg=0.59,tov_pct=-1.62; ast_tov=-1.34; stl_pct=-1.33; ast_pct=-1.32; FTR=-0.98,stl_pct,-1.332813993011206
quality_lite_no_height,k7__division_zscore__quality_lite_no_height__method-nnls__init-uniform__ninit-1,7,division_zscore,"z-score within division, then recombined",3000,quality_lite_no_height,nnls,uniform,0.3057733967215648,0.0218409569086832,14,height_inches|mins_per_game,3,389,0.1296666666666666,219,170,0.4576771015188351,blk_pct=3.93; orb_pct=2.92; drb_pct=2.71; eFG=0.49; usg=0.05,three_pct=-1.93; three_share=-1.55; three_pa_per_100_team_poss=-1.45; ast_pct=-1.16; ast_tov=-1.08,stl_pct,-0.3252255258651913
quality_lite_no_height,k7__division_zscore__quality_lite_no_height__method-nnls__init-uniform__ninit-1,7,division_zscore,"z-score within division, then recombined",3000,quality_lite_no_height,nnls,uniform,0.3057733967215648,0.0218409569086832,14,height_inches|mins_per_game,4,335,0.1116666666666666,174,161,0.469291657365989,ast_tov=3.61; three_share=1.69; three_pa_per_100_team_poss=0.96; three_pct=0.46; stl_pct=0.38,tov_pct=-1.85; usg=-1.57; drb_pct=-1.20; FTR=-1.19; orb_pct=-0.99,stl_pct,0.3829986944360458
quality_lite_no_height,k7__division_zscore__quality_lite_no_height__method-nnls__init-uniform__ninit-1,7,division_zscore,"z-score within division, then recombined",3000,quality_lite_no_height,nnls,uniform,0.3057733967215648,0.0218409569086832,14,height_inches|mins_per_game,5,339,0.113,178,161,0.4399483238331194,stl_pct=3.47; usg=1.59; ast_pct=1.55; FTR=0.80; three_pct=0.51,drb_pct=-0.83; orb_pct=-0.69; blk_pct=-0.57; eFG=-0.42; three_share=-0.10,stl_pct,3.4697831569855775
quality_lite_no_height,k7__division_zscore__quality_lite_no_height__method-nnls__init-uniform__ninit-1,7,division_zscore,"z-score within division, then recombined",3000,quality_lite_no_height,nnls,uniform,0.3057733967215648,0.0218409569086832,14,height_inches|mins_per_game,6,224,0.0746666666666666,112,112,0.4250744613967529,tov_pct=3.79; stl_pct=-0.11; blk_pct=-0.11; ast_pct=-0.42; ast_tov=-0.45,ft_pct=-3.10; eFG=-2.15; usg=-1.94; FTR=-1.76; three_pct=-1.24,stl_pct,-0.1059649391267194
quality_lite_no_height,k7__division_zscore__quality_lite_no_height__method-nnls__init-uniform__ninit-1,7,division_zscore,"z-score within division, then recombined",3000,quality_lite_no_height,nnls,uniform,0.3057733967215648,0.0218409569086832,14,height_inches|mins_per_game,7,467,0.1556666666666666,264,203,0.4500973109087519,ast_pct=3.02; usg=2.12; ast_tov=1.05; ft_pct=0.66; FTR=0.21,orb_pct=-0.76; three_share=-0.65; blk_pct=-0.58; stl_pct=-0.30; three_pa_per_100_team_poss=-0.18,stl_pct,-0.3043628715875034
quality_lite_no_height,k8__division_zscore__quality_lite_no_height__method-nnls__init-uniform__ninit-1,8,division_zscore,"z-score within division, then recombined",3000,quality_lite_no_height,nnls,uniform,0.2783043367516002,0.019878881196542873,14,height_inches|mins_per_game,1,241,0.0803333333333333,113,128,0.435758447968365,stl_pct=3.42; FTR=2.22; tov_pct=1.44; ast_pct=1.32; usg=0.93,three_share=-0.62; three_pa_per_100_team_poss=-0.58; orb_pct=-0.51; drb_pct=-0.47; blk_pct=-0.27,stl_pct,3.4222561294511995
quality_lite_no_height,k8__division_zscore__quality_lite_no_height__method-nnls__init-uniform__ninit-1,8,division_zscore,"z-score within division, then recombined",3000,quality_lite_no_height,nnls,uniform,0.2783043367516002,0.019878881196542873,14,height_inches|mins_per_game,2,189,0.063,107,82,0.4564765187094199,FTR=3.56; tov_pct=0.65; orb_pct=0.39; eFG=0.32; blk_pct=0.30,usg=-2.08; three_pct=-1.70; stl_pct=-1.67; three_pa_per_100_team_poss=-1.33; three_share=-1.23,stl_pct,-1.6713082121576803
quality_lite_no_height,k8__division_zscore__quality_lite_no_height__method-nnls__init-uniform__ninit-1,8,division_zscore,"z-score within division, then recombined",3000,quality_lite_no_height,nnls,uniform,0.2783043367516002,0.019878881196542873,14,height_inches|mins_per_game,3,488,0.1626666666666666,284,204,0.454393699196468,ast_pct=3.03; usg=2.02; ast_tov=1.49; ft_pct=1.05; three_pa_per_100_team_poss=0.45,orb_pct=-0.98; drb_pct=-0.65; blk_pct=-0.59; FTR=-0.46; stl_pct=-0.40,stl_pct,-0.4031253996105721
quality_lite_no_height,k8__division_zscore__quality_lite_no_height__method-nnls__init-uniform__ninit-1,8,division_zscore,"z-score within division, then recombined",3000,quality_lite_no_height,nnls,uniform,0.2783043367516002,0.019878881196542873,14,height_inches|mins_per_game,4,247,0.0823333333333333,144,103,0.482946233677228,blk_pct=4.02; orb_pct=2.28; drb_pct=2.05; eFG=1.12; tov_pct=-0.29,three_pct=-1.94; three_share=-1.55; three_pa_per_100_team_poss=-1.45; ast_pct=-1.13; ast_tov=-1.12,stl_pct,-0.5429366878066878
quality_lite_no_height,k8__division_zscore__quality_lite_no_height__method-nnls__init-uniform__ninit-1,8,division_zscore,"z-score within division, then recombined",3000,quality_lite_no_height,nnls,uniform,0.2783043367516002,0.019878881196542873,14,height_inches|mins_per_game,5,929,0.3096666666666666,517,412,0.4733175390766912,three_pa_per_100_team_poss=2.49; three_share=1.97; ft_pct=0.87; three_pct=0.64; usg=0.44,tov_pct=-1.48; ast_pct=-1.35; FTR=-1.23; ast_tov=-1.19; orb_pct=-0.85,stl_pct,-0.6893296186477225
quality_lite_no_height,k8__division_zscore__quality_lite_no_height__method-nnls__init-uniform__ninit-1,8,division_zscore,"z-score within division, then recombined",3000,quality_lite_no_height,nnls,uniform,0.2783043367516002,0.019878881196542873,14,height_inches|mins_per_game,6,279,0.093,143,136,0.468210645804107,ast_tov=3.59; three_share=1.56; three_pa_per_100_team_poss=0.77; three_pct=0.49; stl_pct=0.38,tov_pct=-1.89; usg=-1.64; FTR=-1.16; drb_pct=-1.11; orb_pct=-0.95,stl_pct,0.3756123664074616
quality_lite_no_height,k8__division_zscore__quality_lite_no_height__method-nnls__init-uniform__ninit-1,8,division_zscore,"z-score within division, then recombined",3000,quality_lite_no_height,nnls,uniform,0.2783043367516002,0.019878881196542873,14,height_inches|mins_per_game,7,199,0.0663333333333333,95,104,0.416259482813419,tov_pct=3.81; stl_pct=0.02; ast_tov=-0.24; drb_pct=-0.34; ast_pct=-0.55,ft_pct=-3.27; eFG=-2.36; usg=-1.99; FTR=-1.80; three_pct=-1.45,stl_pct,0.019984427540429
quality_lite_no_height,k8__division_zscore__quality_lite_no_height__method-nnls__init-uniform__ninit-1,8,division_zscore,"z-score within division, then recombined",3000,quality_lite_no_height,nnls,uniform,0.2783043367516002,0.019878881196542873,14,height_inches|mins_per_game,8,428,0.1426666666666666,225,203,0.4376478601277311,orb_pct=2.78; drb_pct=2.65; FTR=1.72; usg=1.37; blk_pct=0.73,three_share=-1.31; three_pa_per_100_team_poss=-1.19; ast_tov=-1.02; tov_pct=-0.76; ast_pct=-0.66,stl_pct,-0.404432056488785
quality_lite_height_025,k6__division_zscore__quality_lite_height_025__method-nnls__init-uniform__ninit-1,6,division_zscore,"z-score within division, then recombined",3000,quality_lite_height_025,nnls,uniform,0.3613318451462657,0.024088789676417713,15,mins_per_game,1,391,0.1303333333333333,203,188,0.4777166882017243,ast_tov=3.59; three_share=1.42; three_pa_per_100_team_poss=0.75; three_pct=0.49; ast_pct=0.40,tov_pct=-1.67; usg=-1.48; drb_pct=-1.14; FTR=-1.05; orb_pct=-0.97,stl_pct,0.2300065829078384
quality_lite_height_025,k6__division_zscore__quality_lite_height_025__method-nnls__init-uniform__ninit-1,6,division_zscore,"z-score within division, then recombined",3000,quality_lite_height_025,nnls,uniform,0.3613318451462657,0.024088789676417713,15,mins_per_game,2,326,0.1086666666666666,172,154,0.4943497310566704,FTR=3.52; tov_pct=0.75; orb_pct=0.52; height_inches=0.33; eFG=0.23,three_pct=-1.55; usg=-1.42; three_pa_per_100_team_poss=-1.31; three_share=-1.25; ast_pct=-1.19,stl_pct,-0.4937712981928731
quality_lite_height_025,k6__division_zscore__quality_lite_height_025__method-nnls__init-uniform__ninit-1,6,division_zscore,"z-score within division, then recombined",3000,quality_lite_height_025,nnls,uniform,0.3613318451462657,0.024088789676417713,15,mins_per_game,3,697,0.2323333333333333,378,319,0.5064797994274349,ast_pct=2.65; usg=2.21; stl_pct=1.82; ft_pct=0.87; FTR=0.53,height_inches=-1.49; orb_pct=-0.79; blk_pct=-0.56; eFG=-0.27; drb_pct=-0.27,stl_pct,1.8237088130568249
quality_lite_height_025,k6__division_zscore__quality_lite_height_025__method-nnls__init-uniform__ninit-1,6,division_zscore,"z-score within division, then recombined",3000,quality_lite_height_025,nnls,uniform,0.3613318451462657,0.024088789676417713,15,mins_per_game,4,184,0.0613333333333333,98,86,0.4379973419907649,tov_pct=3.82; blk_pct=-0.03; stl_pct=-0.04; ast_tov=-0.53; ast_pct=-0.56,ft_pct=-3.26; eFG=-2.36; usg=-1.99; FTR=-1.80; three_pct=-1.44,stl_pct,-0.0446710083405295
quality_lite_height_025,k6__division_zscore__quality_lite_height_025__method-nnls__init-uniform__ninit-1,6,division_zscore,"z-score within division, then recombined",3000,quality_lite_height_025,nnls,uniform,0.3613318451462657,0.024088789676417713,15,mins_per_game,5,803,0.2676666666666666,443,360,0.480580169897724,three_pa_per_100_team_poss=2.48; three_share=1.98; ft_pct=0.71; three_pct=0.67; usg=0.50,tov_pct=-1.54; ast_pct=-1.33; ast_tov=-1.24; FTR=-1.18; stl_pct=-0.95,stl_pct,-0.9543710673037812
quality_lite_height_025,k6__division_zscore__quality_lite_height_025__method-nnls__init-uniform__ninit-1,6,division_zscore,"z-score within division, then recombined",3000,quality_lite_height_025,nnls,uniform,0.3613318451462657,0.024088789676417713,15,mins_per_game,6,599,0.1996666666666666,334,265,0.4881832539556246,blk_pct=3.07; drb_pct=2.70; orb_pct=2.65; height_inches=1.84; usg=1.04,three_pct=-1.94; three_share=-1.56; three_pa_per_100_team_poss=-1.45; ast_tov=-1.06; stl_pct=-0.79,stl_pct,-0.7946631581692705
quality_lite_height_025,k7__division_zscore__quality_lite_height_025__method-nnls__init-furthest_first__ninit-1,7,division_zscore,"z-score within division, then recombined",3000,quality_lite_height_025,nnls,furthest_first,0.3332879083767823,0.022219193891785487,15,mins_per_game,1,398,0.1326666666666666,205,193,0.4805340497010158,ast_tov=3.61; three_share=1.24; three_pa_per_100_team_poss=0.62; ast_pct=0.62; three_pct=0.56,tov_pct=-1.50; usg=-1.35; drb_pct=-1.08; orb_pct=-0.97; FTR=-0.89,stl_pct,-0.0659516549432089
quality_lite_height_025,k7__division_zscore__quality_lite_height_025__method-nnls__init-furthest_first__ninit-1,7,division_zscore,"z-score within division, then recombined",3000,quality_lite_height_025,nnls,furthest_first,0.3332879083767823,0.022219193891785487,15,mins_per_game,2,222,0.074,127,95,0.5051952142821888,blk_pct=4.04; height_inches=1.77; orb_pct=1.71; eFG=1.28; drb_pct=0.94,three_pct=-1.99; three_share=-1.52; three_pa_per_100_team_poss=-1.42; ast_tov=-1.29; ast_pct=-1.28,stl_pct,-0.0948909467054239
quality_lite_height_025,k7__division_zscore__quality_lite_height_025__method-nnls__init-furthest_first__ninit-1,7,division_zscore,"z-score within division, then recombined",3000,quality_lite_height_025,nnls,furthest_first,0.3332879083767823,0.022219193891785487,15,mins_per_game,3,273,0.091,147,126,0.4735424091120179,FTR=3.53; tov_pct=0.94; orb_pct=0.11; height_inches=-0.00; eFG=-0.04,usg=-1.66; three_pct=-1.58; three_pa_per_100_team_poss=-1.30; ast_pct=-1.28; three_share=-1.16,stl_pct,-0.702864396137794
quality_lite_height_025,k7__division_zscore__quality_lite_height_025__method-nnls__init-furthest_first__ninit-1,7,division_zscore,"z-score within division, then recombined",3000,quality_lite_height_025,nnls,furthest_first,0.3332879083767823,0.022219193891785487,15,mins_per_game,4,175,0.0583333333333333,92,83,0.4269945695100422,tov_pct=3.83; stl_pct=0.05; ast_tov=-0.21; drb_pct=-0.34; ast_pct=-0.56,ft_pct=-3.37; eFG=-2.40; usg=-2.00; FTR=-1.81; three_pct=-1.47,stl_pct,0.0539001721636503
quality_lite_height_025,k7__division_zscore__quality_lite_height_025__method-nnls__init-furthest_first__ninit-1,7,division_zscore,"z-score within division, then recombined",3000,quality_lite_height_025,nnls,furthest_first,0.3332879083767823,0.022219193891785487,15,mins_per_game,5,854,0.2846666666666667,482,372,0.4805535786718281,three_pa_per_100_team_poss=2.48; three_share=2.02; ft_pct=0.65; three_pct=0.63; eFG=0.40,tov_pct=-1.55; FTR=-1.32; ast_pct=-1.31; ast_tov=-1.13; stl_pct=-0.81,stl_pct,-0.808685410894833
quality_lite_height_025,k7__division_zscore__quality_lite_height_025__method-nnls__init-furthest_first__ninit-1,7,division_zscore,"z-score within division, then recombined",3000,quality_lite_height_025,nnls,furthest_first,0.3332879083767823,0.022219193891785487,15,mins_per_game,6,593,0.1976666666666666,321,272,0.4906332213699976,ast_pct=2.50; stl_pct=2.28; usg=2.21; ft_pct=1.07; three_pa_per_100_team_poss=0.48,height_inches=-1.63; orb_pct=-0.88; blk_pct=-0.46; drb_pct=-0.41; eFG=-0.26,stl_pct,2.284327686390294
quality_lite_height_025,k7__division_zscore__quality_lite_height_025__method-nnls__init-furthest_first__ninit-1,7,division_zscore,"z-score within division, then recombined",3000,quality_lite_height_025,nnls,furthest_first,0.3332879083767823,0.022219193891785487,15,mins_per_game,7,485,0.1616666666666666,254,231,0.4543727744579504,orb_pct=2.80; drb_pct=2.70; usg=2.00; height_inches=1.69; blk_pct=1.51,three_share=-1.45; three_pa_per_100_team_poss=-1.33; three_pct=-0.82; stl_pct=-0.70; ast_tov=-0.62,stl_pct,-0.7022721642074611
quality_lite_height_025,k8__division_zscore__quality_lite_height_025__method-nnls__init-aa_plus_plus__ninit-1,8,division_zscore,"z-score within division, then recombined",3000,quality_lite_height_025,nnls,aa_plus_plus,0.3103732990195132,0.02069155326796755,15,mins_per_game,1,911,0.3036666666666666,501,410,0.4645766389877503,three_pa_per_100_team_poss=2.49; three_share=2.00; ft_pct=0.81; three_pct=0.68; usg=0.53,tov_pct=-1.58; ast_pct=-1.29; FTR=-1.23; ast_tov=-1.22; stl_pct=-0.94,stl_pct,-0.939994251738391
quality_lite_height_025,k8__division_zscore__quality_lite_height_025__method-nnls__init-aa_plus_plus__ninit-1,8,division_zscore,"z-score within division, then recombined",3000,quality_lite_height_025,nnls,aa_plus_plus,0.3103732990195132,0.02069155326796755,15,mins_per_game,2,173,0.0576666666666666,93,80,0.4312188994505668,FTR=3.56; orb_pct=0.15; stl_pct=0.09; height_inches=-0.22; blk_pct=-0.68,three_pct=-1.93; ast_pct=-1.40; three_pa_per_100_team_poss=-1.32; three_share=-1.27; ft_pct=-1.23,stl_pct,0.089847510198603
quality_lite_height_025,k8__division_zscore__quality_lite_height_025__method-nnls__init-aa_plus_plus__ninit-1,8,division_zscore,"z-score within division, then recombined",3000,quality_lite_height_025,nnls,aa_plus_plus,0.3103732990195132,0.02069155326796755,15,mins_per_game,3,296,0.0986666666666666,150,146,0.4639393315254951,ast_tov=3.60; three_share=1.74; three_pa_per_100_team_poss=1.00; three_pct=0.46; stl_pct=0.45,tov_pct=-1.88; usg=-1.58; FTR=-1.29; drb_pct=-1.25; orb_pct=-0.99,stl_pct,0.4534062863893418
quality_lite_height_025,k8__division_zscore__quality_lite_height_025__method-nnls__init-aa_plus_plus__ninit-1,8,division_zscore,"z-score within division, then recombined",3000,quality_lite_height_025,nnls,aa_plus_plus,0.3103732990195132,0.02069155326796755,15,mins_per_game,4,318,0.106,160,158,0.4405207440516877,stl_pct=3.44; ast_pct=1.70; usg=1.64; FTR=0.62; tov_pct=0.39,height_inches=-1.04; three_share=-0.55; blk_pct=-0.38; eFG=-0.18; orb_pct=-0.15,stl_pct,3.4397765189613425
quality_lite_height_025,k8__division_zscore__quality_lite_height_025__method-nnls__init-aa_plus_plus__ninit-1,8,division_zscore,"z-score within division, then recombined",3000,quality_lite_height_025,nnls,aa_plus_plus,0.3103732990195132,0.02069155326796755,15,mins_per_game,5,394,0.1313333333333333,234,160,0.45240876322191,ast_pct=3.01; usg=2.09; ast_tov=1.48; ft_pct=0.91; three_pct=0.57,height_inches=-1.79; drb_pct=-0.90; orb_pct=-0.86; blk_pct=-0.64; FTR=-0.42,stl_pct,-0.1775870916286185
quality_lite_height_025,k8__division_zscore__quality_lite_height_025__method-nnls__init-aa_plus_plus__ninit-1,8,division_zscore,"z-score within division, then recombined",3000,quality_lite_height_025,nnls,aa_plus_plus,0.3103732990195132,0.02069155326796755,15,mins_per_game,6,128,0.0426666666666666,67,61,0.4026688218899011,tov_pct=3.94; blk_pct=0.28; stl_pct=0.10; height_inches=-0.53; drb_pct=-0.72,ft_pct=-3.97; eFG=-3.17; usg=-2.13; three_pct=-2.08; FTR=-1.95,stl_pct,0.1015447161389126
quality_lite_height_025,k8__division_zscore__quality_lite_height_025__method-nnls__init-aa_plus_plus__ninit-1,8,division_zscore,"z-score within division, then recombined",3000,quality_lite_height_025,nnls,aa_plus_plus,0.3103732990195132,0.02069155326796755,15,mins_per_game,7,706,0.2353333333333333,390,316,0.4885986109697126,blk_pct=2.87; orb_pct=2.65; drb_pct=2.60; height_inches=1.99; eFG=1.26,three_pct=-1.81; three_share=-1.55; three_pa_per_100_team_poss=-1.45; ast_tov=-1.03; stl_pct=-1.01,stl_pct,-1.008165413423015
quality_lite_height_025,k8__division_zscore__quality_lite_height_025__method-nnls__init-aa_plus_plus__ninit-1,8,division_zscore,"z-score within division, then recombined",3000,quality_lite_height_025,nnls,aa_plus_plus,0.3103732990195132,0.02069155326796755,15,mins_per_game,8,74,0.0246666666666666,33,41,0.3686186568139477,tov_pct=3.57; FTR=3.10; eFG=2.23; three_pct=1.57; ast_pct=1.12,usg=-1.60; orb_pct=-1.51; stl_pct=-1.25; three_pa_per_100_team_poss=-1.13; height_inches=-1.04,stl_pct,-1.2518519957301617
role_only_no_height,k6__division_zscore__role_only_no_height__method-nnls__init-uniform__ninit-1,6,division_zscore,"z-score within division, then recombined",3000,role_only_no_height,nnls,uniform,0.2677347352386173,0.024339521385328845,11,height_inches|mins_per_game|eFG|three_pct|ft_pct,1,309,0.103,166,143,0.456535662591947,ast_tov=3.61; three_share=1.83; three_pa_per_100_team_poss=0.65; stl_pct=0.48; ast_pct=-0.02,tov_pct=-2.10; usg=-1.93; FTR=-1.50; drb_pct=-1.13; orb_pct=-1.06,blk_pct,-0.80300193048362
role_only_no_height,k6__division_zscore__role_only_no_height__method-nnls__init-uniform__ninit-1,6,division_zscore,"z-score within division, then recombined",3000,role_only_no_height,nnls,uniform,0.2677347352386173,0.024339521385328845,11,height_inches|mins_per_game|eFG|three_pct|ft_pct,2,415,0.1383333333333333,223,192,0.4794788410924968,FTR=3.56; orb_pct=0.65; tov_pct=0.49; drb_pct=-0.45; blk_pct=-0.49,three_share=-1.41; three_pa_per_100_team_poss=-1.38; usg=-1.22; ast_pct=-1.20; ast_tov=-1.03,blk_pct,-0.4946127326489778
role_only_no_height,k6__division_zscore__role_only_no_height__method-nnls__init-uniform__ninit-1,6,division_zscore,"z-score within division, then recombined",3000,role_only_no_height,nnls,uniform,0.2677347352386173,0.024339521385328845,11,height_inches|mins_per_game|eFG|three_pct|ft_pct,3,800,0.2666666666666666,433,367,0.505250294172251,ast_pct=2.70; usg=2.10; stl_pct=1.74; ast_tov=0.74; FTR=0.70,orb_pct=-0.75; blk_pct=-0.63; three_share=-0.38; drb_pct=-0.30; three_pa_per_100_team_poss=0.11,blk_pct,-0.6252298185579798
role_only_no_height,k6__division_zscore__role_only_no_height__method-nnls__init-uniform__ninit-1,6,division_zscore,"z-score within division, then recombined",3000,role_only_no_height,nnls,uniform,0.2677347352386173,0.024339521385328845,11,height_inches|mins_per_game|eFG|three_pct|ft_pct,4,262,0.0873333333333333,135,127,0.4408056532664042,tov_pct=3.80; blk_pct=-0.10; stl_pct=-0.11; ast_pct=-0.43; ast_tov=-0.43,usg=-1.99; FTR=-1.77; three_pa_per_100_team_poss=-1.14; orb_pct=-0.97; three_share=-0.78,blk_pct,-0.0958921295224284
role_only_no_height,k6__division_zscore__role_only_no_height__method-nnls__init-uniform__ninit-1,6,division_zscore,"z-score within division, then recombined",3000,role_only_no_height,nnls,uniform,0.2677347352386173,0.024339521385328845,11,height_inches|mins_per_game|eFG|three_pct|ft_pct,5,702,0.234,382,320,0.462743349163797,three_pa_per_100_team_poss=2.47; three_share=2.14; usg=0.44; blk_pct=-0.46; drb_pct=-0.85,tov_pct=-1.66; FTR=-1.52; stl_pct=-1.45; ast_tov=-1.40; ast_pct=-1.37,blk_pct,-0.4617406971025853
role_only_no_height,k6__division_zscore__role_only_no_height__method-nnls__init-uniform__ninit-1,6,division_zscore,"z-score within division, then recombined",3000,role_only_no_height,nnls,uniform,0.2677347352386173,0.024339521385328845,11,height_inches|mins_per_game|eFG|three_pct|ft_pct,6,512,0.1706666666666666,289,223,0.4625975811723234,blk_pct=3.64; orb_pct=2.93; drb_pct=2.72; usg=0.59; FTR=-0.34,three_share=-1.55; three_pa_per_100_team_poss=-1.45; ast_tov=-0.95; tov_pct=-0.91; ast_pct=-0.81,blk_pct,3.638585139581581
role_only_no_height,k7__division_zscore__role_only_no_height__method-nnls__init-aa_plus_plus__ninit-1,7,division_zscore,"z-score within division, then recombined",3000,role_only_no_height,nnls,aa_plus_plus,0.238495041324195,0.021681367393108636,11,height_inches|mins_per_game|eFG|three_pct|ft_pct,1,294,0.098,161,133,0.4389883262975242,ast_tov=3.61; three_share=2.21; three_pa_per_100_team_poss=1.08; stl_pct=0.69; ast_pct=-0.21,tov_pct=-2.22; usg=-1.87; FTR=-1.81; drb_pct=-1.35; orb_pct=-1.04,blk_pct,-0.8883574311921193
role_only_no_height,k7__division_zscore__role_only_no_height__method-nnls__init-aa_plus_plus__ninit-1,7,division_zscore,"z-score within division, then recombined",3000,role_only_no_height,nnls,aa_plus_plus,0.238495041324195,0.021681367393108636,11,height_inches|mins_per_game|eFG|three_pct|ft_pct,2,673,0.2243333333333333,362,311,0.4457061235878949,three_pa_per_100_team_poss=2.48; three_share=2.10; usg=0.66; blk_pct=-0.39; drb_pct=-0.86,tov_pct=-1.73; stl_pct=-1.70; ast_tov=-1.40; FTR=-1.38; ast_pct=-1.36,blk_pct,-0.3850710246589505
role_only_no_height,k7__division_zscore__role_only_no_height__method-nnls__init-aa_plus_plus__ninit-1,7,division_zscore,"z-score within division, then recombined",3000,role_only_no_height,nnls,aa_plus_plus,0.238495041324195,0.021681367393108636,11,height_inches|mins_per_game|eFG|three_pct|ft_pct,3,163,0.0543333333333333,94,69,0.380094578821913,stl_pct=3.24; orb_pct=2.93; drb_pct=1.47; blk_pct=0.61; FTR=0.41,three_share=-1.55; ast_tov=-1.50; three_pa_per_100_team_poss=-1.45; ast_pct=-1.36; tov_pct=0.02,blk_pct,0.6149046272828271
role_only_no_height,k7__division_zscore__role_only_no_height__method-nnls__init-aa_plus_plus__ninit-1,7,division_zscore,"z-score within division, then recombined",3000,role_only_no_height,nnls,aa_plus_plus,0.238495041324195,0.021681367393108636,11,height_inches|mins_per_game|eFG|three_pct|ft_pct,4,450,0.15,252,198,0.4636975661184712,blk_pct=3.47; orb_pct=2.89; drb_pct=2.71; usg=0.78; FTR=-0.14,three_share=-1.55; three_pa_per_100_team_poss=-1.45; ast_tov=-0.96; tov_pct=-0.73; ast_pct=-0.71,blk_pct,3.4689793860111044
role_only_no_height,k7__division_zscore__role_only_no_height__method-nnls__init-aa_plus_plus__ninit-1,7,division_zscore,"z-score within division, then recombined",3000,role_only_no_height,nnls,aa_plus_plus,0.238495041324195,0.021681367393108636,11,height_inches|mins_per_game|eFG|three_pct|ft_pct,5,320,0.1066666666666666,168,152,0.4237211426671816,tov_pct=3.75; blk_pct=-0.07; stl_pct=-0.20; ast_pct=-0.25; ast_tov=-0.40,usg=-1.95; FTR=-1.71; orb_pct=-1.05; three_pa_per_100_team_poss=-1.03; drb_pct=-0.56,blk_pct,-0.0652331150417615
role_only_no_height,k7__division_zscore__role_only_no_height__method-nnls__init-aa_plus_plus__ninit-1,7,division_zscore,"z-score within division, then recombined",3000,role_only_no_height,nnls,aa_plus_plus,0.238495041324195,0.021681367393108636,11,height_inches|mins_per_game|eFG|three_pct|ft_pct,6,770,0.2566666666666666,413,357,0.4917715389137663,ast_pct=2.83; usg=2.25; stl_pct=1.15; ast_tov=1.03; FTR=0.75,orb_pct=-0.77; blk_pct=-0.67; drb_pct=-0.37; three_share=-0.35; tov_pct=-0.14,blk_pct,-0.6739689661569503
role_only_no_height,k7__division_zscore__role_only_no_height__method-nnls__init-aa_plus_plus__ninit-1,7,division_zscore,"z-score within division, then recombined",3000,role_only_no_height,nnls,aa_plus_plus,0.238495041324195,0.021681367393108636,11,height_inches|mins_per_game|eFG|three_pct|ft_pct,7,330,0.11,178,152,0.464452747318702,FTR=3.56; tov_pct=0.56; orb_pct=0.43; blk_pct=-0.50; ast_tov=-0.53,usg=-1.68; three_pa_per_100_team_poss=-1.33; stl_pct=-1.31; three_share=-1.24; ast_pct=-1.16,blk_pct,-0.5013191126789797
role_only_no_height,k8__division_zscore__role_only_no_height__method-nnls__init-furthest_sum__ninit-1,8,division_zscore,"z-score within division, then recombined",3000,role_only_no_height,nnls,furthest_sum,0.2143388262200273,0.0194853478381843,11,height_inches|mins_per_game|eFG|three_pct|ft_pct,1,174,0.058,96,78,0.4213632291929584,FTR=3.42; tov_pct=3.33; drb_pct=0.74; orb_pct=0.16; blk_pct=-0.02,usg=-1.72; stl_pct=-1.48; ast_pct=-1.36; ast_tov=-1.25; three_pa_per_100_team_poss=-1.11,blk_pct,-0.0168696333787946
role_only_no_height,k8__division_zscore__role_only_no_height__method-nnls__init-furthest_sum__ninit-1,8,division_zscore,"z-score within division, then recombined",3000,role_only_no_height,nnls,furthest_sum,0.2143388262200273,0.0194853478381843,11,height_inches|mins_per_game|eFG|three_pct|ft_pct,2,471,0.157,263,208,0.443455908590321,ast_pct=2.96; usg=2.48; FTR=0.57; ast_tov=0.40; three_pa_per_100_team_poss=0.35,orb_pct=-0.74; blk_pct=-0.73; drb_pct=-0.46; three_share=-0.44; stl_pct=-0.13,blk_pct,-0.7312974677634071
role_only_no_height,k8__division_zscore__role_only_no_height__method-nnls__init-furthest_sum__ninit-1,8,division_zscore,"z-score within division, then recombined",3000,role_only_no_height,nnls,furthest_sum,0.2143388262200273,0.0194853478381843,11,height_inches|mins_per_game|eFG|three_pct|ft_pct,3,99,0.033,49,50,0.3615147922957086,ast_tov=3.61; FTR=3.56; three_share=0.52; ast_pct=-0.06; orb_pct=-0.36,tov_pct=-2.33; usg=-2.19; drb_pct=-1.90; three_pa_per_100_team_poss=-1.22; stl_pct=-0.91,blk_pct,-0.8906493427692228
role_only_no_height,k8__division_zscore__role_only_no_height__method-nnls__init-furthest_sum__ninit-1,8,division_zscore,"z-score within division, then recombined",3000,role_only_no_height,nnls,furthest_sum,0.2143388262200273,0.0194853478381843,11,height_inches|mins_per_game|eFG|three_pct|ft_pct,4,996,0.332,554,442,0.4510370126653587,three_pa_per_100_team_poss=2.47; three_share=2.21; usg=0.11; blk_pct=-0.63; orb_pct=-0.87,FTR=-1.82; tov_pct=-1.75; stl_pct=-1.57; ast_pct=-1.42; ast_tov=-1.33,blk_pct,-0.6318670256647954
role_only_no_height,k8__division_zscore__role_only_no_height__method-nnls__init-furthest_sum__ninit-1,8,division_zscore,"z-score within division, then recombined",3000,role_only_no_height,nnls,furthest_sum,0.2143388262200273,0.0194853478381843,11,height_inches|mins_per_game|eFG|three_pct|ft_pct,5,295,0.0983333333333333,159,136,0.3951614789419916,stl_pct=3.50; usg=1.83; FTR=1.54; orb_pct=0.89; tov_pct=0.69,three_share=-1.46; three_pa_per_100_team_poss=-1.35; ast_tov=-0.82; drb_pct=-0.80; blk_pct=-0.21,blk_pct,-0.2109866520674227
role_only_no_height,k8__division_zscore__role_only_no_height__method-nnls__init-furthest_sum__ninit-1,8,division_zscore,"z-score within division, then recombined",3000,role_only_no_height,nnls,furthest_sum,0.2143388262200273,0.0194853478381843,11,height_inches|mins_per_game|eFG|three_pct|ft_pct,6,582,0.194,317,265,0.4426284154009009,blk_pct=3.64; orb_pct=2.93; drb_pct=2.72; usg=0.58; FTR=-0.34,three_share=-1.55; three_pa_per_100_team_poss=-1.45; ast_tov=-0.95; tov_pct=-0.91; ast_pct=-0.82,blk_pct,3.6423079871665505
role_only_no_height,k8__division_zscore__role_only_no_height__method-nnls__init-furthest_sum__ninit-1,8,division_zscore,"z-score within division, then recombined",3000,role_only_no_height,nnls,furthest_sum,0.2143388262200273,0.0194853478381843,11,height_inches|mins_per_game|eFG|three_pct|ft_pct,7,197,0.0656666666666666,98,99,0.377781054808435,ast_tov=3.32; ast_pct=3.03; three_share=2.02; stl_pct=1.68; drb_pct=1.50,FTR=-1.95; orb_pct=-1.35; usg=-1.20; blk_pct=-0.90; tov_pct=0.96,blk_pct,-0.9049894310772324
role_only_no_height,k8__division_zscore__role_only_no_height__method-nnls__init-furthest_sum__ninit-1,8,division_zscore,"z-score within division, then recombined",3000,role_only_no_height,nnls,furthest_sum,0.2143388262200273,0.0194853478381843,11,height_inches|mins_per_game|eFG|three_pct|ft_pct,8,186,0.062,92,94,0.3914937703684024,tov_pct=3.92; blk_pct=0.40; stl_pct=0.04; drb_pct=-0.79; ast_tov=-0.81,usg=-2.12; FTR=-1.95; three_share=-1.58; three_pa_per_100_team_poss=-1.47; orb_pct=-1.07,blk_pct,0.3994207690732536
role_only_height_025,k6__division_zscore__role_only_height_025__method-nnls__init-aa_plus_plus__ninit-1,6,division_zscore,"z-score within division, then recombined",3000,role_only_height_025,nnls,aa_plus_plus,0.2951314491359655,0.024594287427997127,12,mins_per_game|eFG|three_pct|ft_pct,1,764,0.2546666666666666,412,352,0.5077027320443918,ast_pct=2.65; usg=2.15; stl_pct=1.83; ast_tov=0.67; FTR=0.59,height_inches=-1.41; orb_pct=-0.79; blk_pct=-0.57; drb_pct=-0.28; three_share=-0.28,blk_pct,-0.5672342343940645
role_only_height_025,k6__division_zscore__role_only_height_025__method-nnls__init-aa_plus_plus__ninit-1,6,division_zscore,"z-score within division, then recombined",3000,role_only_height_025,nnls,aa_plus_plus,0.2951314491359655,0.024594287427997127,12,mins_per_game|eFG|three_pct|ft_pct,2,342,0.114,180,162,0.4838557509063565,FTR=3.56; tov_pct=0.55; orb_pct=0.42; height_inches=0.24; stl_pct=-0.47,usg=-1.46; three_pa_per_100_team_poss=-1.38; three_share=-1.32; ast_pct=-1.19; ast_tov=-0.89,blk_pct,-0.5518598587274441
role_only_height_025,k6__division_zscore__role_only_height_025__method-nnls__init-aa_plus_plus__ninit-1,6,division_zscore,"z-score within division, then recombined",3000,role_only_height_025,nnls,aa_plus_plus,0.2951314491359655,0.024594287427997127,12,mins_per_game|eFG|three_pct|ft_pct,3,668,0.2226666666666666,366,302,0.4623177469876054,three_pa_per_100_team_poss=2.47; three_share=2.16; usg=0.33; height_inches=0.12; blk_pct=-0.46,tov_pct=-1.67; FTR=-1.58; ast_tov=-1.41; ast_pct=-1.39; stl_pct=-1.34,blk_pct,-0.460216922562927
role_only_height_025,k6__division_zscore__role_only_height_025__method-nnls__init-aa_plus_plus__ninit-1,6,division_zscore,"z-score within division, then recombined",3000,role_only_height_025,nnls,aa_plus_plus,0.2951314491359655,0.024594287427997127,12,mins_per_game|eFG|three_pct|ft_pct,4,655,0.2183333333333333,368,287,0.4864090659074885,blk_pct=3.08; drb_pct=2.72; orb_pct=2.64; height_inches=1.84; usg=1.04,three_share=-1.56; three_pa_per_100_team_poss=-1.45; ast_tov=-1.08; stl_pct=-0.79; ast_pct=-0.78,blk_pct,3.076567777778728
role_only_height_025,k6__division_zscore__role_only_height_025__method-nnls__init-aa_plus_plus__ninit-1,6,division_zscore,"z-score within division, then recombined",3000,role_only_height_025,nnls,aa_plus_plus,0.2951314491359655,0.024594287427997127,12,mins_per_game|eFG|three_pct|ft_pct,5,338,0.1126666666666666,178,160,0.4604329118378568,ast_tov=3.57; three_share=2.01; three_pa_per_100_team_poss=0.77; stl_pct=0.09; ast_pct=0.04,tov_pct=-1.91; usg=-1.81; FTR=-1.49; drb_pct=-1.22; orb_pct=-1.07,blk_pct,-0.8353754125584923
role_only_height_025,k6__division_zscore__role_only_height_025__method-nnls__init-aa_plus_plus__ninit-1,6,division_zscore,"z-score within division, then recombined",3000,role_only_height_025,nnls,aa_plus_plus,0.2951314491359655,0.024594287427997127,12,mins_per_game|eFG|three_pct|ft_pct,6,233,0.0776666666666666,124,109,0.4381247388587916,tov_pct=3.84; blk_pct=-0.01; stl_pct=-0.05; ast_tov=-0.51; ast_pct=-0.57,usg=-2.03; FTR=-1.82; three_pa_per_100_team_poss=-1.23; three_share=-0.98; orb_pct=-0.97,blk_pct,-0.0112284232260597
role_only_height_025,k7__division_zscore__role_only_height_025__method-nnls__init-furthest_sum__ninit-1,7,division_zscore,"z-score within division, then recombined",3000,role_only_height_025,nnls,furthest_sum,0.263311535831513,0.021942627985959418,12,mins_per_game|eFG|three_pct|ft_pct,1,226,0.0753333333333333,115,111,0.417672088169587,tov_pct=3.88; blk_pct=0.10; stl_pct=0.02; ast_tov=-0.61; drb_pct=-0.63,usg=-2.08; FTR=-1.88; three_pa_per_100_team_poss=-1.34; three_share=-1.26; orb_pct=-0.97,blk_pct,0.1044380139403026
role_only_height_025,k7__division_zscore__role_only_height_025__method-nnls__init-furthest_sum__ninit-1,7,division_zscore,"z-score within division, then recombined",3000,role_only_height_025,nnls,furthest_sum,0.263311535831513,0.021942627985959418,12,mins_per_game|eFG|three_pct|ft_pct,2,295,0.0983333333333333,158,137,0.4357850920342563,ast_tov=3.61; three_share=2.21; three_pa_per_100_team_poss=1.01; stl_pct=0.60; ast_pct=-0.21,tov_pct=-2.15; usg=-1.89; FTR=-1.82; drb_pct=-1.31; orb_pct=-1.04,blk_pct,-0.8906493417530272
role_only_height_025,k7__division_zscore__role_only_height_025__method-nnls__init-furthest_sum__ninit-1,7,division_zscore,"z-score within division, then recombined",3000,role_only_height_025,nnls,furthest_sum,0.263311535831513,0.021942627985959418,12,mins_per_game|eFG|three_pct|ft_pct,3,330,0.11,173,157,0.4644667356808276,FTR=3.56; tov_pct=0.53; orb_pct=0.47; height_inches=0.24; blk_pct=-0.52,usg=-1.70; three_share=-1.41; three_pa_per_100_team_poss=-1.39; ast_pct=-1.19; stl_pct=-1.08,blk_pct,-0.5172276103281247
role_only_height_025,k7__division_zscore__role_only_height_025__method-nnls__init-furthest_sum__ninit-1,7,division_zscore,"z-score within division, then recombined",3000,role_only_height_025,nnls,furthest_sum,0.263311535831513,0.021942627985959418,12,mins_per_game|eFG|three_pct|ft_pct,4,685,0.2283333333333333,382,303,0.4756498660866816,blk_pct=3.01; drb_pct=2.72; orb_pct=2.66; height_inches=1.88; usg=1.16,three_share=-1.56; three_pa_per_100_team_poss=-1.45; ast_tov=-1.05; stl_pct=-0.85; tov_pct=-0.73,blk_pct,3.01336595920609
role_only_height_025,k7__division_zscore__role_only_height_025__method-nnls__init-furthest_sum__ninit-1,7,division_zscore,"z-score within division, then recombined",3000,role_only_height_025,nnls,furthest_sum,0.263311535831513,0.021942627985959418,12,mins_per_game|eFG|three_pct|ft_pct,5,413,0.1376666666666666,247,166,0.4565209745922705,ast_pct=3.02; usg=1.94; ast_tov=1.43; three_pa_per_100_team_poss=0.23; tov_pct=0.16,height_inches=-1.46; orb_pct=-1.04; drb_pct=-0.65; blk_pct=-0.60; stl_pct=-0.43,blk_pct,-0.6022824998070435
role_only_height_025,k7__division_zscore__role_only_height_025__method-nnls__init-furthest_sum__ninit-1,7,division_zscore,"z-score within division, then recombined",3000,role_only_height_025,nnls,furthest_sum,0.263311535831513,0.021942627985959418,12,mins_per_game|eFG|three_pct|ft_pct,6,678,0.226,365,313,0.4478373137453988,three_pa_per_100_team_poss=2.48; three_share=2.14; usg=0.49; height_inches=-0.10; blk_pct=-0.44,tov_pct=-1.73; stl_pct=-1.56; FTR=-1.51; ast_tov=-1.40; ast_pct=-1.37,blk_pct,-0.4447749673131029
role_only_height_025,k7__division_zscore__role_only_height_025__method-nnls__init-furthest_sum__ninit-1,7,division_zscore,"z-score within division, then recombined",3000,role_only_height_025,nnls,furthest_sum,0.263311535831513,0.021942627985959418,12,mins_per_game|eFG|three_pct|ft_pct,7,373,0.1243333333333333,188,185,0.4477413622519844,stl_pct=3.49; ast_pct=1.68; usg=1.54; FTR=0.84; tov_pct=0.49,height_inches=-1.37; orb_pct=-0.44; blk_pct=-0.38; three_share=-0.31; drb_pct=-0.21,blk_pct,-0.3843835612323706
role_only_height_025,k8__division_zscore__role_only_height_025__method-nnls__init-furthest_first__ninit-1,8,division_zscore,"z-score within division, then recombined",3000,role_only_height_025,nnls,furthest_first,0.2447094773685976,0.020392456447383134,12,mins_per_game|eFG|three_pct|ft_pct,1,766,0.2553333333333333,411,355,0.4782242069768341,blk_pct=2.78; drb_pct=2.72; orb_pct=2.61; height_inches=2.02; usg=1.09,three_share=-1.56; three_pa_per_100_team_poss=-1.46; ast_tov=-1.11; stl_pct=-0.88; ast_pct=-0.74,blk_pct,2.780384221052197
role_only_height_025,k8__division_zscore__role_only_height_025__method-nnls__init-furthest_first__ninit-1,8,division_zscore,"z-score within division, then recombined",3000,role_only_height_025,nnls,furthest_first,0.2447094773685976,0.020392456447383134,12,mins_per_game|eFG|three_pct|ft_pct,2,386,0.1286666666666666,228,158,0.4493649554366586,ast_pct=3.02; usg=2.17; ast_tov=1.11; three_pa_per_100_team_poss=0.13; tov_pct=0.10,height_inches=-1.40; orb_pct=-1.03; blk_pct=-0.64; drb_pct=-0.59; three_share=-0.49,blk_pct,-0.6429859285584895
role_only_height_025,k8__division_zscore__role_only_height_025__method-nnls__init-furthest_first__ninit-1,8,division_zscore,"z-score within division, then recombined",3000,role_only_height_025,nnls,furthest_first,0.2447094773685976,0.020392456447383134,12,mins_per_game|eFG|three_pct|ft_pct,3,343,0.1143333333333333,170,173,0.4309408019064346,stl_pct=3.53; usg=1.76; ast_pct=1.11; FTR=0.85; tov_pct=0.37,height_inches=-1.01; drb_pct=-0.78; three_share=-0.54; blk_pct=-0.41; ast_tov=-0.26,blk_pct,-0.4091768813670493
role_only_height_025,k8__division_zscore__role_only_height_025__method-nnls__init-furthest_first__ninit-1,8,division_zscore,"z-score within division, then recombined",3000,role_only_height_025,nnls,furthest_first,0.2447094773685976,0.020392456447383134,12,mins_per_game|eFG|three_pct|ft_pct,4,180,0.06,87,93,0.3891629696383583,tov_pct=3.94; blk_pct=0.49; stl_pct=0.07; height_inches=-0.49; drb_pct=-0.82,usg=-2.13; FTR=-1.95; three_share=-1.60; three_pa_per_100_team_poss=-1.47; orb_pct=-1.11,blk_pct,0.4936717009480876
role_only_height_025,k8__division_zscore__role_only_height_025__method-nnls__init-furthest_first__ninit-1,8,division_zscore,"z-score within division, then recombined",3000,role_only_height_025,nnls,furthest_first,0.2447094773685976,0.020392456447383134,12,mins_per_game|eFG|three_pct|ft_pct,5,101,0.0336666666666666,54,47,0.3613966317042416,ast_tov=3.61; FTR=3.56; three_share=0.52; height_inches=0.18; ast_pct=-0.06,tov_pct=-2.33; usg=-2.19; drb_pct=-1.90; three_pa_per_100_team_poss=-1.22; stl_pct=-0.91,blk_pct,-0.8906493426877652
role_only_height_025,k8__division_zscore__role_only_height_025__method-nnls__init-furthest_first__ninit-1,8,division_zscore,"z-score within division, then recombined",3000,role_only_height_025,nnls,furthest_first,0.2447094773685976,0.020392456447383134,12,mins_per_game|eFG|three_pct|ft_pct,6,955,0.3183333333333333,530,425,0.449595980804347,three_pa_per_100_team_poss=2.47; three_share=2.22; usg=0.15; height_inches=-0.12; blk_pct=-0.71,FTR=-1.82; tov_pct=-1.79; stl_pct=-1.61; ast_pct=-1.40; ast_tov=-1.34,blk_pct,-0.7081579513176623
role_only_height_025,k8__division_zscore__role_only_height_025__method-nnls__init-furthest_first__ninit-1,8,division_zscore,"z-score within division, then recombined",3000,role_only_height_025,nnls,furthest_first,0.2447094773685976,0.020392456447383134,12,mins_per_game|eFG|three_pct|ft_pct,7,163,0.0543333333333333,95,68,0.4262992627745987,FTR=3.41; tov_pct=3.24; height_inches=0.65; drb_pct=0.13; orb_pct=0.07,usg=-1.41; ast_tov=-1.35; ast_pct=-1.21; three_pa_per_100_team_poss=-1.09; stl_pct=-0.95,blk_pct,-0.3682388359601654
role_only_height_025,k8__division_zscore__role_only_height_025__method-nnls__init-furthest_first__ninit-1,8,division_zscore,"z-score within division, then recombined",3000,role_only_height_025,nnls,furthest_first,0.2447094773685976,0.020392456447383134,12,mins_per_game|eFG|three_pct|ft_pct,8,106,0.0353333333333333,53,53,0.3601115726474856,ast_tov=3.32; ast_pct=3.03; three_share=2.13; drb_pct=2.09; stl_pct=1.69,FTR=-1.95; orb_pct=-1.51; usg=-1.33; blk_pct=-0.90; height_inches=-0.05,blk_pct,-0.9049894316118708
quality_lite_no_height,k6__division_zscore__quality_lite_no_height__method-nnls__init-aa_plus_plus__ninit-1,6,division_zscore,"z-score within division, then recombined",3000,quality_lite_no_height,nnls,aa_plus_plus,0.3318744542043277,0.023705318157451978,14,height_inches|mins_per_game,1,839,0.2796666666666667,465,374,0.4819226714238443,three_pa_per_100_team_poss=2.47; three_share=1.97; ft_pct=0.74; three_pct=0.68; eFG=0.47,tov_pct=-1.51; ast_pct=-1.38; ast_tov=-1.30; FTR=-1.17; stl_pct=-0.92,blk_pct,-0.1974971226716563
quality_lite_no_height,k6__division_zscore__quality_lite_no_height__method-nnls__init-aa_plus_plus__ninit-1,6,division_zscore,"z-score within division, then recombined",3000,quality_lite_no_height,nnls,aa_plus_plus,0.3318744542043277,0.023705318157451978,14,height_inches|mins_per_game,2,210,0.07,106,104,0.4407402226984385,tov_pct=3.78; stl_pct=-0.12; blk_pct=-0.13; ast_pct=-0.39; ast_tov=-0.44,ft_pct=-3.01; eFG=-2.10; usg=-1.92; FTR=-1.75; three_pa_per_100_team_poss=-1.21,blk_pct,-0.1324350487158953
quality_lite_no_height,k6__division_zscore__quality_lite_no_height__method-nnls__init-aa_plus_plus__ninit-1,6,division_zscore,"z-score within division, then recombined",3000,quality_lite_no_height,nnls,aa_plus_plus,0.3318744542043277,0.023705318157451978,14,height_inches|mins_per_game,3,459,0.153,256,203,0.4720511160361476,blk_pct=3.64; orb_pct=2.92; drb_pct=2.71; eFG=0.64; usg=0.51,three_pct=-1.93; three_share=-1.55; three_pa_per_100_team_poss=-1.45; ast_tov=-1.02; ast_pct=-0.89,blk_pct,3.637358700472821
quality_lite_no_height,k6__division_zscore__quality_lite_no_height__method-nnls__init-aa_plus_plus__ninit-1,6,division_zscore,"z-score within division, then recombined",3000,quality_lite_no_height,nnls,aa_plus_plus,0.3318744542043277,0.023705318157451978,14,height_inches|mins_per_game,4,742,0.2473333333333333,404,338,0.5061546064784389,ast_pct=2.68; usg=2.23; stl_pct=1.71; ft_pct=0.73; FTR=0.51,orb_pct=-0.73; blk_pct=-0.54; three_share=-0.35; eFG=-0.26; drb_pct=-0.23,blk_pct,-0.544426025552904
quality_lite_no_height,k6__division_zscore__quality_lite_no_height__method-nnls__init-aa_plus_plus__ninit-1,6,division_zscore,"z-score within division, then recombined",3000,quality_lite_no_height,nnls,aa_plus_plus,0.3318744542043277,0.023705318157451978,14,height_inches|mins_per_game,5,385,0.1283333333333333,207,178,0.4905553136314093,FTR=3.54; orb_pct=0.68; tov_pct=0.54; eFG=0.35; drb_pct=-0.29,three_pct=-1.58; three_pa_per_100_team_poss=-1.32; three_share=-1.23; ast_pct=-1.21; usg=-1.21,blk_pct,-0.3616169935399637
quality_lite_no_height,k6__division_zscore__quality_lite_no_height__method-nnls__init-aa_plus_plus__ninit-1,6,division_zscore,"z-score within division, then recombined",3000,quality_lite_no_height,nnls,aa_plus_plus,0.3318744542043277,0.023705318157451978,14,height_inches|mins_per_game,6,365,0.1216666666666666,190,175,0.4750526939685237,ast_tov=3.61; three_share=1.39; three_pa_per_100_team_poss=0.62; three_pct=0.46; ast_pct=0.34,tov_pct=-1.81; usg=-1.64; drb_pct=-1.04; orb_pct=-1.01; FTR=-0.97,blk_pct,-0.6995547295531527
quality_lite_no_height,k7__division_zscore__quality_lite_no_height__method-nnls__init-uniform__ninit-1,7,division_zscore,"z-score within division, then recombined",3000,quality_lite_no_height,nnls,uniform,0.3057733967215648,0.0218409569086832,14,height_inches|mins_per_game,1,410,0.1366666666666666,223,187,0.4745940911079103,FTR=3.55; orb_pct=0.95; eFG=0.61; tov_pct=0.42; blk_pct=-0.15,three_pct=-1.71; three_pa_per_100_team_poss=-1.36; usg=-1.32; three_share=-1.32; ast_pct=-1.15,blk_pct,-0.1466093503658046
quality_lite_no_height,k7__division_zscore__quality_lite_no_height__method-nnls__init-uniform__ninit-1,7,division_zscore,"z-score within division, then recombined",3000,quality_lite_no_height,nnls,uniform,0.3057733967215648,0.0218409569086832,14,height_inches|mins_per_game,2,836,0.2786666666666667,458,378,0.4601655417019247,three_pa_per_100_team_poss=2.44; three_share=1.96; ft_pct=0.84; three_pct=0.69; usg=0.59,tov_pct=-1.62; ast_tov=-1.34; stl_pct=-1.33; ast_pct=-1.32; FTR=-0.98,blk_pct,-0.1136857903777788
quality_lite_no_height,k7__division_zscore__quality_lite_no_height__method-nnls__init-uniform__ninit-1,7,division_zscore,"z-score within division, then recombined",3000,quality_lite_no_height,nnls,uniform,0.3057733967215648,0.0218409569086832,14,height_inches|mins_per_game,3,389,0.1296666666666666,219,170,0.4576771015188351,blk_pct=3.93; orb_pct=2.92; drb_pct=2.71; eFG=0.49; usg=0.05,three_pct=-1.93; three_share=-1.55; three_pa_per_100_team_poss=-1.45; ast_pct=-1.16; ast_tov=-1.08,blk_pct,3.933017625906172
quality_lite_no_height,k7__division_zscore__quality_lite_no_height__method-nnls__init-uniform__ninit-1,7,division_zscore,"z-score within division, then recombined",3000,quality_lite_no_height,nnls,uniform,0.3057733967215648,0.0218409569086832,14,height_inches|mins_per_game,4,335,0.1116666666666666,174,161,0.469291657365989,ast_tov=3.61; three_share=1.69; three_pa_per_100_team_poss=0.96; three_pct=0.46; stl_pct=0.38,tov_pct=-1.85; usg=-1.57; drb_pct=-1.20; FTR=-1.19; orb_pct=-0.99,blk_pct,-0.7678441315140431
quality_lite_no_height,k7__division_zscore__quality_lite_no_height__method-nnls__init-uniform__ninit-1,7,division_zscore,"z-score within division, then recombined",3000,quality_lite_no_height,nnls,uniform,0.3057733967215648,0.0218409569086832,14,height_inches|mins_per_game,5,339,0.113,178,161,0.4399483238331194,stl_pct=3.47; usg=1.59; ast_pct=1.55; FTR=0.80; three_pct=0.51,drb_pct=-0.83; orb_pct=-0.69; blk_pct=-0.57; eFG=-0.42; three_share=-0.10,blk_pct,-0.5705731230080685
quality_lite_no_height,k7__division_zscore__quality_lite_no_height__method-nnls__init-uniform__ninit-1,7,division_zscore,"z-score within division, then recombined",3000,quality_lite_no_height,nnls,uniform,0.3057733967215648,0.0218409569086832,14,height_inches|mins_per_game,6,224,0.0746666666666666,112,112,0.4250744613967529,tov_pct=3.79; stl_pct=-0.11; blk_pct=-0.11; ast_pct=-0.42; ast_tov=-0.45,ft_pct=-3.10; eFG=-2.15; usg=-1.94; FTR=-1.76; three_pct=-1.24,blk_pct,-0.1137348235302147
quality_lite_no_height,k7__division_zscore__quality_lite_no_height__method-nnls__init-uniform__ninit-1,7,division_zscore,"z-score within division, then recombined",3000,quality_lite_no_height,nnls,uniform,0.3057733967215648,0.0218409569086832,14,height_inches|mins_per_game,7,467,0.1556666666666666,264,203,0.4500973109087519,ast_pct=3.02; usg=2.12; ast_tov=1.05; ft_pct=0.66; FTR=0.21,orb_pct=-0.76; three_share=-0.65; blk_pct=-0.58; stl_pct=-0.30; three_pa_per_100_team_poss=-0.18,blk_pct,-0.5755165609764333
quality_lite_no_height,k8__division_zscore__quality_lite_no_height__method-nnls__init-uniform__ninit-1,8,division_zscore,"z-score within division, then recombined",3000,quality_lite_no_height,nnls,uniform,0.2783043367516002,0.019878881196542873,14,height_inches|mins_per_game,1,241,0.0803333333333333,113,128,0.435758447968365,stl_pct=3.42; FTR=2.22; tov_pct=1.44; ast_pct=1.32; usg=0.93,three_share=-0.62; three_pa_per_100_team_poss=-0.58; orb_pct=-0.51; drb_pct=-0.47; blk_pct=-0.27,blk_pct,-0.2702168817057639
quality_lite_no_height,k8__division_zscore__quality_lite_no_height__method-nnls__init-uniform__ninit-1,8,division_zscore,"z-score within division, then recombined",3000,quality_lite_no_height,nnls,uniform,0.2783043367516002,0.019878881196542873,14,height_inches|mins_per_game,2,189,0.063,107,82,0.4564765187094199,FTR=3.56; tov_pct=0.65; orb_pct=0.39; eFG=0.32; blk_pct=0.30,usg=-2.08; three_pct=-1.70; stl_pct=-1.67; three_pa_per_100_team_poss=-1.33; three_share=-1.23,blk_pct,0.3031102739100272
quality_lite_no_height,k8__division_zscore__quality_lite_no_height__method-nnls__init-uniform__ninit-1,8,division_zscore,"z-score within division, then recombined",3000,quality_lite_no_height,nnls,uniform,0.2783043367516002,0.019878881196542873,14,height_inches|mins_per_game,3,488,0.1626666666666666,284,204,0.454393699196468,ast_pct=3.03; usg=2.02; ast_tov=1.49; ft_pct=1.05; three_pa_per_100_team_poss=0.45,orb_pct=-0.98; drb_pct=-0.65; blk_pct=-0.59; FTR=-0.46; stl_pct=-0.40,blk_pct,-0.5897726981287635
quality_lite_no_height,k8__division_zscore__quality_lite_no_height__method-nnls__init-uniform__ninit-1,8,division_zscore,"z-score within division, then recombined",3000,quality_lite_no_height,nnls,uniform,0.2783043367516002,0.019878881196542873,14,height_inches|mins_per_game,4,247,0.0823333333333333,144,103,0.482946233677228,blk_pct=4.02; orb_pct=2.28; drb_pct=2.05; eFG=1.12; tov_pct=-0.29,three_pct=-1.94; three_share=-1.55; three_pa_per_100_team_poss=-1.45; ast_pct=-1.13; ast_tov=-1.12,blk_pct,4.017325348648048
quality_lite_no_height,k8__division_zscore__quality_lite_no_height__method-nnls__init-uniform__ninit-1,8,division_zscore,"z-score within division, then recombined",3000,quality_lite_no_height,nnls,uniform,0.2783043367516002,0.019878881196542873,14,height_inches|mins_per_game,5,929,0.3096666666666666,517,412,0.4733175390766912,three_pa_per_100_team_poss=2.49; three_share=1.97; ft_pct=0.87; three_pct=0.64; usg=0.44,tov_pct=-1.48; ast_pct=-1.35; FTR=-1.23; ast_tov=-1.19; orb_pct=-0.85,blk_pct,-0.2444039317815499
quality_lite_no_height,k8__division_zscore__quality_lite_no_height__method-nnls__init-uniform__ninit-1,8,division_zscore,"z-score within division, then recombined",3000,quality_lite_no_height,nnls,uniform,0.2783043367516002,0.019878881196542873,14,height_inches|mins_per_game,6,279,0.093,143,136,0.468210645804107,ast_tov=3.59; three_share=1.56; three_pa_per_100_team_poss=0.77; three_pct=0.49; stl_pct=0.38,tov_pct=-1.89; usg=-1.64; FTR=-1.16; drb_pct=-1.11; orb_pct=-0.95,blk_pct,-0.7497129157223036
quality_lite_no_height,k8__division_zscore__quality_lite_no_height__method-nnls__init-uniform__ninit-1,8,division_zscore,"z-score within division, then recombined",3000,quality_lite_no_height,nnls,uniform,0.2783043367516002,0.019878881196542873,14,height_inches|mins_per_game,7,199,0.0663333333333333,95,104,0.416259482813419,tov_pct=3.81; stl_pct=0.02; ast_tov=-0.24; drb_pct=-0.34; ast_pct=-0.55,ft_pct=-3.27; eFG=-2.36; usg=-1.99; FTR=-1.80; three_pct=-1.45,blk_pct,-0.5757613328738111
quality_lite_no_height,k8__division_zscore__quality_lite_no_height__method-nnls__init-uniform__ninit-1,8,division_zscore,"z-score within division, then recombined",3000,quality_lite_no_height,nnls,uniform,0.2783043367516002,0.019878881196542873,14,height_inches|mins_per_game,8,428,0.1426666666666666,225,203,0.4376478601277311,orb_pct=2.78; drb_pct=2.65; FTR=1.72; usg=1.37; blk_pct=0.73,three_share=-1.31; three_pa_per_100_team_poss=-1.19; ast_tov=-1.02; tov_pct=-0.76; ast_pct=-0.66,blk_pct,0.7271785999062468
quality_lite_height_025,k6__division_zscore__quality_lite_height_025__method-nnls__init-uniform__ninit-1,6,division_zscore,"z-score within division, then recombined",3000,quality_lite_height_025,nnls,uniform,0.3613318451462657,0.024088789676417713,15,mins_per_game,1,391,0.1303333333333333,203,188,0.4777166882017243,ast_tov=3.59; three_share=1.42; three_pa_per_100_team_poss=0.75; three_pct=0.49; ast_pct=0.40,tov_pct=-1.67; usg=-1.48; drb_pct=-1.14; FTR=-1.05; orb_pct=-0.97,blk_pct,-0.7138627836047868
quality_lite_height_025,k6__division_zscore__quality_lite_height_025__method-nnls__init-uniform__ninit-1,6,division_zscore,"z-score within division, then recombined",3000,quality_lite_height_025,nnls,uniform,0.3613318451462657,0.024088789676417713,15,mins_per_game,2,326,0.1086666666666666,172,154,0.4943497310566704,FTR=3.52; tov_pct=0.75; orb_pct=0.52; height_inches=0.33; eFG=0.23,three_pct=-1.55; usg=-1.42; three_pa_per_100_team_poss=-1.31; three_share=-1.25; ast_pct=-1.19,blk_pct,-0.3055776592538247
quality_lite_height_025,k6__division_zscore__quality_lite_height_025__method-nnls__init-uniform__ninit-1,6,division_zscore,"z-score within division, then recombined",3000,quality_lite_height_025,nnls,uniform,0.3613318451462657,0.024088789676417713,15,mins_per_game,3,697,0.2323333333333333,378,319,0.5064797994274349,ast_pct=2.65; usg=2.21; stl_pct=1.82; ft_pct=0.87; FTR=0.53,height_inches=-1.49; orb_pct=-0.79; blk_pct=-0.56; eFG=-0.27; drb_pct=-0.27,blk_pct,-0.5584519804083405
quality_lite_height_025,k6__division_zscore__quality_lite_height_025__method-nnls__init-uniform__ninit-1,6,division_zscore,"z-score within division, then recombined",3000,quality_lite_height_025,nnls,uniform,0.3613318451462657,0.024088789676417713,15,mins_per_game,4,184,0.0613333333333333,98,86,0.4379973419907649,tov_pct=3.82; blk_pct=-0.03; stl_pct=-0.04; ast_tov=-0.53; ast_pct=-0.56,ft_pct=-3.26; eFG=-2.36; usg=-1.99; FTR=-1.80; three_pct=-1.44,blk_pct,-0.0256993973902506
quality_lite_height_025,k6__division_zscore__quality_lite_height_025__method-nnls__init-uniform__ninit-1,6,division_zscore,"z-score within division, then recombined",3000,quality_lite_height_025,nnls,uniform,0.3613318451462657,0.024088789676417713,15,mins_per_game,5,803,0.2676666666666666,443,360,0.480580169897724,three_pa_per_100_team_poss=2.48; three_share=1.98; ft_pct=0.71; three_pct=0.67; usg=0.50,tov_pct=-1.54; ast_pct=-1.33; ast_tov=-1.24; FTR=-1.18; stl_pct=-0.95,blk_pct,-0.2115729053790292
quality_lite_height_025,k6__division_zscore__quality_lite_height_025__method-nnls__init-uniform__ninit-1,6,division_zscore,"z-score within division, then recombined",3000,quality_lite_height_025,nnls,uniform,0.3613318451462657,0.024088789676417713,15,mins_per_game,6,599,0.1996666666666666,334,265,0.4881832539556246,blk_pct=3.07; drb_pct=2.70; orb_pct=2.65; height_inches=1.84; usg=1.04,three_pct=-1.94; three_share=-1.56; three_pa_per_100_team_poss=-1.45; ast_tov=-1.06; stl_pct=-0.79,blk_pct,3.072543612853518
quality_lite_height_025,k7__division_zscore__quality_lite_height_025__method-nnls__init-furthest_first__ninit-1,7,division_zscore,"z-score within division, then recombined",3000,quality_lite_height_025,nnls,furthest_first,0.3332879083767823,0.022219193891785487,15,mins_per_game,1,398,0.1326666666666666,205,193,0.4805340497010158,ast_tov=3.61; three_share=1.24; three_pa_per_100_team_poss=0.62; ast_pct=0.62; three_pct=0.56,tov_pct=-1.50; usg=-1.35; drb_pct=-1.08; orb_pct=-0.97; FTR=-0.89,blk_pct,-0.6857561867236855
quality_lite_height_025,k7__division_zscore__quality_lite_height_025__method-nnls__init-furthest_first__ninit-1,7,division_zscore,"z-score within division, then recombined",3000,quality_lite_height_025,nnls,furthest_first,0.3332879083767823,0.022219193891785487,15,mins_per_game,2,222,0.074,127,95,0.5051952142821888,blk_pct=4.04; height_inches=1.77; orb_pct=1.71; eFG=1.28; drb_pct=0.94,three_pct=-1.99; three_share=-1.52; three_pa_per_100_team_poss=-1.42; ast_tov=-1.29; ast_pct=-1.28,blk_pct,4.04274855441852
quality_lite_height_025,k7__division_zscore__quality_lite_height_025__method-nnls__init-furthest_first__ninit-1,7,division_zscore,"z-score within division, then recombined",3000,quality_lite_height_025,nnls,furthest_first,0.3332879083767823,0.022219193891785487,15,mins_per_game,3,273,0.091,147,126,0.4735424091120179,FTR=3.53; tov_pct=0.94; orb_pct=0.11; height_inches=-0.00; eFG=-0.04,usg=-1.66; three_pct=-1.58; three_pa_per_100_team_poss=-1.30; ast_pct=-1.28; three_share=-1.16,blk_pct,-0.2900302496216541
quality_lite_height_025,k7__division_zscore__quality_lite_height_025__method-nnls__init-furthest_first__ninit-1,7,division_zscore,"z-score within division, then recombined",3000,quality_lite_height_025,nnls,furthest_first,0.3332879083767823,0.022219193891785487,15,mins_per_game,4,175,0.0583333333333333,92,83,0.4269945695100422,tov_pct=3.83; stl_pct=0.05; ast_tov=-0.21; drb_pct=-0.34; ast_pct=-0.56,ft_pct=-3.37; eFG=-2.40; usg=-2.00; FTR=-1.81; three_pct=-1.47,blk_pct,-0.6270941512283602
quality_lite_height_025,k7__division_zscore__quality_lite_height_025__method-nnls__init-furthest_first__ninit-1,7,division_zscore,"z-score within division, then recombined",3000,quality_lite_height_025,nnls,furthest_first,0.3332879083767823,0.022219193891785487,15,mins_per_game,5,854,0.2846666666666667,482,372,0.4805535786718281,three_pa_per_100_team_poss=2.48; three_share=2.02; ft_pct=0.65; three_pct=0.63; eFG=0.40,tov_pct=-1.55; FTR=-1.32; ast_pct=-1.31; ast_tov=-1.13; stl_pct=-0.81,blk_pct,-0.3133575264731617
quality_lite_height_025,k7__division_zscore__quality_lite_height_025__method-nnls__init-furthest_first__ninit-1,7,division_zscore,"z-score within division, then recombined",3000,quality_lite_height_025,nnls,furthest_first,0.3332879083767823,0.022219193891785487,15,mins_per_game,6,593,0.1976666666666666,321,272,0.4906332213699976,ast_pct=2.50; stl_pct=2.28; usg=2.21; ft_pct=1.07; three_pa_per_100_team_poss=0.48,height_inches=-1.63; orb_pct=-0.88; blk_pct=-0.46; drb_pct=-0.41; eFG=-0.26,blk_pct,-0.4631685337091345
quality_lite_height_025,k7__division_zscore__quality_lite_height_025__method-nnls__init-furthest_first__ninit-1,7,division_zscore,"z-score within division, then recombined",3000,quality_lite_height_025,nnls,furthest_first,0.3332879083767823,0.022219193891785487,15,mins_per_game,7,485,0.1616666666666666,254,231,0.4543727744579504,orb_pct=2.80; drb_pct=2.70; usg=2.00; height_inches=1.69; blk_pct=1.51,three_share=-1.45; three_pa_per_100_team_poss=-1.33; three_pct=-0.82; stl_pct=-0.70; ast_tov=-0.62,blk_pct,1.5084218465850932
quality_lite_height_025,k8__division_zscore__quality_lite_height_025__method-nnls__init-aa_plus_plus__ninit-1,8,division_zscore,"z-score within division, then recombined",3000,quality_lite_height_025,nnls,aa_plus_plus,0.3103732990195132,0.02069155326796755,15,mins_per_game,1,911,0.3036666666666666,501,410,0.4645766389877503,three_pa_per_100_team_poss=2.49; three_share=2.00; ft_pct=0.81; three_pct=0.68; usg=0.53,tov_pct=-1.58; ast_pct=-1.29; FTR=-1.23; ast_tov=-1.22; stl_pct=-0.94,blk_pct,-0.164716764225686
quality_lite_height_025,k8__division_zscore__quality_lite_height_025__method-nnls__init-aa_plus_plus__ninit-1,8,division_zscore,"z-score within division, then recombined",3000,quality_lite_height_025,nnls,aa_plus_plus,0.3103732990195132,0.02069155326796755,15,mins_per_game,2,173,0.0576666666666666,93,80,0.4312188994505668,FTR=3.56; orb_pct=0.15; stl_pct=0.09; height_inches=-0.22; blk_pct=-0.68,three_pct=-1.93; ast_pct=-1.40; three_pa_per_100_team_poss=-1.32; three_share=-1.27; ft_pct=-1.23,blk_pct,-0.6759157816546654
quality_lite_height_025,k8__division_zscore__quality_lite_height_025__method-nnls__init-aa_plus_plus__ninit-1,8,division_zscore,"z-score within division, then recombined",3000,quality_lite_height_025,nnls,aa_plus_plus,0.3103732990195132,0.02069155326796755,15,mins_per_game,3,296,0.0986666666666666,150,146,0.4639393315254951,ast_tov=3.60; three_share=1.74; three_pa_per_100_team_poss=1.00; three_pct=0.46; stl_pct=0.45,tov_pct=-1.88; usg=-1.58; FTR=-1.29; drb_pct=-1.25; orb_pct=-0.99,blk_pct,-0.7812903671952279
quality_lite_height_025,k8__division_zscore__quality_lite_height_025__method-nnls__init-aa_plus_plus__ninit-1,8,division_zscore,"z-score within division, then recombined",3000,quality_lite_height_025,nnls,aa_plus_plus,0.3103732990195132,0.02069155326796755,15,mins_per_game,4,318,0.106,160,158,0.4405207440516877,stl_pct=3.44; ast_pct=1.70; usg=1.64; FTR=0.62; tov_pct=0.39,height_inches=-1.04; three_share=-0.55; blk_pct=-0.38; eFG=-0.18; orb_pct=-0.15,blk_pct,-0.3778746511554426
quality_lite_height_025,k8__division_zscore__quality_lite_height_025__method-nnls__init-aa_plus_plus__ninit-1,8,division_zscore,"z-score within division, then recombined",3000,quality_lite_height_025,nnls,aa_plus_plus,0.3103732990195132,0.02069155326796755,15,mins_per_game,5,394,0.1313333333333333,234,160,0.45240876322191,ast_pct=3.01; usg=2.09; ast_tov=1.48; ft_pct=0.91; three_pct=0.57,height_inches=-1.79; drb_pct=-0.90; orb_pct=-0.86; blk_pct=-0.64; FTR=-0.42,blk_pct,-0.6426245737217567
quality_lite_height_025,k8__division_zscore__quality_lite_height_025__method-nnls__init-aa_plus_plus__ninit-1,8,division_zscore,"z-score within division, then recombined",3000,quality_lite_height_025,nnls,aa_plus_plus,0.3103732990195132,0.02069155326796755,15,mins_per_game,6,128,0.0426666666666666,67,61,0.4026688218899011,tov_pct=3.94; blk_pct=0.28; stl_pct=0.10; height_inches=-0.53; drb_pct=-0.72,ft_pct=-3.97; eFG=-3.17; usg=-2.13; three_pct=-2.08; FTR=-1.95,blk_pct,0.2836821929410755
quality_lite_height_025,k8__division_zscore__quality_lite_height_025__method-nnls__init-aa_plus_plus__ninit-1,8,division_zscore,"z-score within division, then recombined",3000,quality_lite_height_025,nnls,aa_plus_plus,0.3103732990195132,0.02069155326796755,15,mins_per_game,7,706,0.2353333333333333,390,316,0.4885986109697126,blk_pct=2.87; orb_pct=2.65; drb_pct=2.60; height_inches=1.99; eFG=1.26,three_pct=-1.81; three_share=-1.55; three_pa_per_100_team_poss=-1.45; ast_tov=-1.03; stl_pct=-1.01,blk_pct,2.8721955829488044
quality_lite_height_025,k8__division_zscore__quality_lite_height_025__method-nnls__init-aa_plus_plus__ninit-1,8,division_zscore,"z-score within division, then recombined",3000,quality_lite_height_025,nnls,aa_plus_plus,0.3103732990195132,0.02069155326796755,15,mins_per_game,8,74,0.0246666666666666,33,41,0.3686186568139477,tov_pct=3.57; FTR=3.10; eFG=2.23; three_pct=1.57; ast_pct=1.12,usg=-1.60; orb_pct=-1.51; stl_pct=-1.25; three_pa_per_100_team_poss=-1.13; height_inches=-1.04,blk_pct,-0.9049894311968872
role_only_height_025,k6__division_zscore__role_only_height_025__method-nnls__init-aa_plus_plus__ninit-1,6,division_zscore,"z-score within division, then recombined",3000,role_only_height_025,nnls,aa_plus_plus,0.2951314491359655,0.024594287427997127,12,mins_per_game|eFG|three_pct|ft_pct,1,764,0.2546666666666666,412,352,0.5077027320443918,ast_pct=2.65; usg=2.15; stl_pct=1.83; ast_tov=0.67; FTR=0.59,height_inches=-1.41; orb_pct=-0.79; blk_pct=-0.57; drb_pct=-0.28; three_share=-0.28,height_inches,-1.405508490504926
role_only_height_025,k6__division_zscore__role_only_height_025__method-nnls__init-aa_plus_plus__ninit-1,6,division_zscore,"z-score within division, then recombined",3000,role_only_height_025,nnls,aa_plus_plus,0.2951314491359655,0.024594287427997127,12,mins_per_game|eFG|three_pct|ft_pct,2,342,0.114,180,162,0.4838557509063565,FTR=3.56; tov_pct=0.55; orb_pct=0.42; height_inches=0.24; stl_pct=-0.47,usg=-1.46; three_pa_per_100_team_poss=-1.38; three_share=-1.32; ast_pct=-1.19; ast_tov=-0.89,height_inches,0.2422667108937211
role_only_height_025,k6__division_zscore__role_only_height_025__method-nnls__init-aa_plus_plus__ninit-1,6,division_zscore,"z-score within division, then recombined",3000,role_only_height_025,nnls,aa_plus_plus,0.2951314491359655,0.024594287427997127,12,mins_per_game|eFG|three_pct|ft_pct,3,668,0.2226666666666666,366,302,0.4623177469876054,three_pa_per_100_team_poss=2.47; three_share=2.16; usg=0.33; height_inches=0.12; blk_pct=-0.46,tov_pct=-1.67; FTR=-1.58; ast_tov=-1.41; ast_pct=-1.39; stl_pct=-1.34,height_inches,0.1174393731896693
role_only_height_025,k6__division_zscore__role_only_height_025__method-nnls__init-aa_plus_plus__ninit-1,6,division_zscore,"z-score within division, then recombined",3000,role_only_height_025,nnls,aa_plus_plus,0.2951314491359655,0.024594287427997127,12,mins_per_game|eFG|three_pct|ft_pct,4,655,0.2183333333333333,368,287,0.4864090659074885,blk_pct=3.08; drb_pct=2.72; orb_pct=2.64; height_inches=1.84; usg=1.04,three_share=-1.56; three_pa_per_100_team_poss=-1.45; ast_tov=-1.08; stl_pct=-0.79; ast_pct=-0.78,height_inches,1.8356104265849424
role_only_height_025,k6__division_zscore__role_only_height_025__method-nnls__init-aa_plus_plus__ninit-1,6,division_zscore,"z-score within division, then recombined",3000,role_only_height_025,nnls,aa_plus_plus,0.2951314491359655,0.024594287427997127,12,mins_per_game|eFG|three_pct|ft_pct,5,338,0.1126666666666666,178,160,0.4604329118378568,ast_tov=3.57; three_share=2.01; three_pa_per_100_team_poss=0.77; stl_pct=0.09; ast_pct=0.04,tov_pct=-1.91; usg=-1.81; FTR=-1.49; drb_pct=-1.22; orb_pct=-1.07,height_inches,-0.7671397129408213
role_only_height_025,k6__division_zscore__role_only_height_025__method-nnls__init-aa_plus_plus__ninit-1,6,division_zscore,"z-score within division, then recombined",3000,role_only_height_025,nnls,aa_plus_plus,0.2951314491359655,0.024594287427997127,12,mins_per_game|eFG|three_pct|ft_pct,6,233,0.0776666666666666,124,109,0.4381247388587916,tov_pct=3.84; blk_pct=-0.01; stl_pct=-0.05; ast_tov=-0.51; ast_pct=-0.57,usg=-2.03; FTR=-1.82; three_pa_per_100_team_poss=-1.23; three_share=-0.98; orb_pct=-0.97,height_inches,-0.7818711700282563
role_only_height_025,k7__division_zscore__role_only_height_025__method-nnls__init-furthest_sum__ninit-1,7,division_zscore,"z-score within division, then recombined",3000,role_only_height_025,nnls,furthest_sum,0.263311535831513,0.021942627985959418,12,mins_per_game|eFG|three_pct|ft_pct,1,226,0.0753333333333333,115,111,0.417672088169587,tov_pct=3.88; blk_pct=0.10; stl_pct=0.02; ast_tov=-0.61; drb_pct=-0.63,usg=-2.08; FTR=-1.88; three_pa_per_100_team_poss=-1.34; three_share=-1.26; orb_pct=-0.97,height_inches,-0.6694390013763913
role_only_height_025,k7__division_zscore__role_only_height_025__method-nnls__init-furthest_sum__ninit-1,7,division_zscore,"z-score within division, then recombined",3000,role_only_height_025,nnls,furthest_sum,0.263311535831513,0.021942627985959418,12,mins_per_game|eFG|three_pct|ft_pct,2,295,0.0983333333333333,158,137,0.4357850920342563,ast_tov=3.61; three_share=2.21; three_pa_per_100_team_poss=1.01; stl_pct=0.60; ast_pct=-0.21,tov_pct=-2.15; usg=-1.89; FTR=-1.82; drb_pct=-1.31; orb_pct=-1.04,height_inches,-0.5080635944855745
role_only_height_025,k7__division_zscore__role_only_height_025__method-nnls__init-furthest_sum__ninit-1,7,division_zscore,"z-score within division, then recombined",3000,role_only_height_025,nnls,furthest_sum,0.263311535831513,0.021942627985959418,12,mins_per_game|eFG|three_pct|ft_pct,3,330,0.11,173,157,0.4644667356808276,FTR=3.56; tov_pct=0.53; orb_pct=0.47; height_inches=0.24; blk_pct=-0.52,usg=-1.70; three_share=-1.41; three_pa_per_100_team_poss=-1.39; ast_pct=-1.19; stl_pct=-1.08,height_inches,0.2385202801431949
role_only_height_025,k7__division_zscore__role_only_height_025__method-nnls__init-furthest_sum__ninit-1,7,division_zscore,"z-score within division, then recombined",3000,role_only_height_025,nnls,furthest_sum,0.263311535831513,0.021942627985959418,12,mins_per_game|eFG|three_pct|ft_pct,4,685,0.2283333333333333,382,303,0.4756498660866816,blk_pct=3.01; drb_pct=2.72; orb_pct=2.66; height_inches=1.88; usg=1.16,three_share=-1.56; three_pa_per_100_team_poss=-1.45; ast_tov=-1.05; stl_pct=-0.85; tov_pct=-0.73,height_inches,1.8778110692756664
role_only_height_025,k7__division_zscore__role_only_height_025__method-nnls__init-furthest_sum__ninit-1,7,division_zscore,"z-score within division, then recombined",3000,role_only_height_025,nnls,furthest_sum,0.263311535831513,0.021942627985959418,12,mins_per_game|eFG|three_pct|ft_pct,5,413,0.1376666666666666,247,166,0.4565209745922705,ast_pct=3.02; usg=1.94; ast_tov=1.43; three_pa_per_100_team_poss=0.23; tov_pct=0.16,height_inches=-1.46; orb_pct=-1.04; drb_pct=-0.65; blk_pct=-0.60; stl_pct=-0.43,height_inches,-1.4567188328438254
role_only_height_025,k7__division_zscore__role_only_height_025__method-nnls__init-furthest_sum__ninit-1,7,division_zscore,"z-score within division, then recombined",3000,role_only_height_025,nnls,furthest_sum,0.263311535831513,0.021942627985959418,12,mins_per_game|eFG|three_pct|ft_pct,6,678,0.226,365,313,0.4478373137453988,three_pa_per_100_team_poss=2.48; three_share=2.14; usg=0.49; height_inches=-0.10; blk_pct=-0.44,tov_pct=-1.73; stl_pct=-1.56; FTR=-1.51; ast_tov=-1.40; ast_pct=-1.37,height_inches,-0.0992126984478083
role_only_height_025,k7__division_zscore__role_only_height_025__method-nnls__init-furthest_sum__ninit-1,7,division_zscore,"z-score within division, then recombined",3000,role_only_height_025,nnls,furthest_sum,0.263311535831513,0.021942627985959418,12,mins_per_game|eFG|three_pct|ft_pct,7,373,0.1243333333333333,188,185,0.4477413622519844,stl_pct=3.49; ast_pct=1.68; usg=1.54; FTR=0.84; tov_pct=0.49,height_inches=-1.37; orb_pct=-0.44; blk_pct=-0.38; three_share=-0.31; drb_pct=-0.21,height_inches,-1.3676252366486934
role_only_height_025,k8__division_zscore__role_only_height_025__method-nnls__init-furthest_first__ninit-1,8,division_zscore,"z-score within division, then recombined",3000,role_only_height_025,nnls,furthest_first,0.2447094773685976,0.020392456447383134,12,mins_per_game|eFG|three_pct|ft_pct,1,766,0.2553333333333333,411,355,0.4782242069768341,blk_pct=2.78; drb_pct=2.72; orb_pct=2.61; height_inches=2.02; usg=1.09,three_share=-1.56; three_pa_per_100_team_poss=-1.46; ast_tov=-1.11; stl_pct=-0.88; ast_pct=-0.74,height_inches,2.018629927570714
role_only_height_025,k8__division_zscore__role_only_height_025__method-nnls__init-furthest_first__ninit-1,8,division_zscore,"z-score within division, then recombined",3000,role_only_height_025,nnls,furthest_first,0.2447094773685976,0.020392456447383134,12,mins_per_game|eFG|three_pct|ft_pct,2,386,0.1286666666666666,228,158,0.4493649554366586,ast_pct=3.02; usg=2.17; ast_tov=1.11; three_pa_per_100_team_poss=0.13; tov_pct=0.10,height_inches=-1.40; orb_pct=-1.03; blk_pct=-0.64; drb_pct=-0.59; three_share=-0.49,height_inches,-1.4016472080306346
role_only_height_025,k8__division_zscore__role_only_height_025__method-nnls__init-furthest_first__ninit-1,8,division_zscore,"z-score within division, then recombined",3000,role_only_height_025,nnls,furthest_first,0.2447094773685976,0.020392456447383134,12,mins_per_game|eFG|three_pct|ft_pct,3,343,0.1143333333333333,170,173,0.4309408019064346,stl_pct=3.53; usg=1.76; ast_pct=1.11; FTR=0.85; tov_pct=0.37,height_inches=-1.01; drb_pct=-0.78; three_share=-0.54; blk_pct=-0.41; ast_tov=-0.26,height_inches,-1.010922313724154
role_only_height_025,k8__division_zscore__role_only_height_025__method-nnls__init-furthest_first__ninit-1,8,division_zscore,"z-score within division, then recombined",3000,role_only_height_025,nnls,furthest_first,0.2447094773685976,0.020392456447383134,12,mins_per_game|eFG|three_pct|ft_pct,4,180,0.06,87,93,0.3891629696383583,tov_pct=3.94; blk_pct=0.49; stl_pct=0.07; height_inches=-0.49; drb_pct=-0.82,usg=-2.13; FTR=-1.95; three_share=-1.60; three_pa_per_100_team_poss=-1.47; orb_pct=-1.11,height_inches,-0.4943058677653672
role_only_height_025,k8__division_zscore__role_only_height_025__method-nnls__init-furthest_first__ninit-1,8,division_zscore,"z-score within division, then recombined",3000,role_only_height_025,nnls,furthest_first,0.2447094773685976,0.020392456447383134,12,mins_per_game|eFG|three_pct|ft_pct,5,101,0.0336666666666666,54,47,0.3613966317042416,ast_tov=3.61; FTR=3.56; three_share=0.52; height_inches=0.18; ast_pct=-0.06,tov_pct=-2.33; usg=-2.19; drb_pct=-1.90; three_pa_per_100_team_poss=-1.22; stl_pct=-0.91,height_inches,0.1816897790517463
role_only_height_025,k8__division_zscore__role_only_height_025__method-nnls__init-furthest_first__ninit-1,8,division_zscore,"z-score within division, then recombined",3000,role_only_height_025,nnls,furthest_first,0.2447094773685976,0.020392456447383134,12,mins_per_game|eFG|three_pct|ft_pct,6,955,0.3183333333333333,530,425,0.449595980804347,three_pa_per_100_team_poss=2.47; three_share=2.22; usg=0.15; height_inches=-0.12; blk_pct=-0.71,FTR=-1.82; tov_pct=-1.79; stl_pct=-1.61; ast_pct=-1.40; ast_tov=-1.34,height_inches,-0.1170889685532009
role_only_height_025,k8__division_zscore__role_only_height_025__method-nnls__init-furthest_first__ninit-1,8,division_zscore,"z-score within division, then recombined",3000,role_only_height_025,nnls,furthest_first,0.2447094773685976,0.020392456447383134,12,mins_per_game|eFG|three_pct|ft_pct,7,163,0.0543333333333333,95,68,0.4262992627745987,FTR=3.41; tov_pct=3.24; height_inches=0.65; drb_pct=0.13; orb_pct=0.07,usg=-1.41; ast_tov=-1.35; ast_pct=-1.21; three_pa_per_100_team_poss=-1.09; stl_pct=-0.95,height_inches,0.6460320361547435
role_only_height_025,k8__division_zscore__role_only_height_025__method-nnls__init-furthest_first__ninit-1,8,division_zscore,"z-score within division, then recombined",3000,role_only_height_025,nnls,furthest_first,0.2447094773685976,0.020392456447383134,12,mins_per_game|eFG|three_pct|ft_pct,8,106,0.0353333333333333,53,53,0.3601115726474856,ast_tov=3.32; ast_pct=3.03; three_share=2.13; drb_pct=2.09; stl_pct=1.69,FTR=-1.95; orb_pct=-1.51; usg=-1.33; blk_pct=-0.90; height_inches=-0.05,height_inches,-0.0518690739845947
quality_lite_height_025,k6__division_zscore__quality_lite_height_025__method-nnls__init-uniform__ninit-1,6,division_zscore,"z-score within division, then recombined",3000,quality_lite_height_025,nnls,uniform,0.3613318451462657,0.024088789676417713,15,mins_per_game,1,391,0.1303333333333333,203,188,0.4777166882017243,ast_tov=3.59; three_share=1.42; three_pa_per_100_team_poss=0.75; three_pct=0.49; ast_pct=0.40,tov_pct=-1.67; usg=-1.48; drb_pct=-1.14; FTR=-1.05; orb_pct=-0.97,height_inches,-0.8879499906813161
quality_lite_height_025,k6__division_zscore__quality_lite_height_025__method-nnls__init-uniform__ninit-1,6,division_zscore,"z-score within division, then recombined",3000,quality_lite_height_025,nnls,uniform,0.3613318451462657,0.024088789676417713,15,mins_per_game,2,326,0.1086666666666666,172,154,0.4943497310566704,FTR=3.52; tov_pct=0.75; orb_pct=0.52; height_inches=0.33; eFG=0.23,three_pct=-1.55; usg=-1.42; three_pa_per_100_team_poss=-1.31; three_share=-1.25; ast_pct=-1.19,height_inches,0.3307656637391906
quality_lite_height_025,k6__division_zscore__quality_lite_height_025__method-nnls__init-uniform__ninit-1,6,division_zscore,"z-score within division, then recombined",3000,quality_lite_height_025,nnls,uniform,0.3613318451462657,0.024088789676417713,15,mins_per_game,3,697,0.2323333333333333,378,319,0.5064797994274349,ast_pct=2.65; usg=2.21; stl_pct=1.82; ft_pct=0.87; FTR=0.53,height_inches=-1.49; orb_pct=-0.79; blk_pct=-0.56; eFG=-0.27; drb_pct=-0.27,height_inches,-1.4874340284306489
quality_lite_height_025,k6__division_zscore__quality_lite_height_025__method-nnls__init-uniform__ninit-1,6,division_zscore,"z-score within division, then recombined",3000,quality_lite_height_025,nnls,uniform,0.3613318451462657,0.024088789676417713,15,mins_per_game,4,184,0.0613333333333333,98,86,0.4379973419907649,tov_pct=3.82; blk_pct=-0.03; stl_pct=-0.04; ast_tov=-0.53; ast_pct=-0.56,ft_pct=-3.26; eFG=-2.36; usg=-1.99; FTR=-1.80; three_pct=-1.44,height_inches,-0.7934538889337497
quality_lite_height_025,k6__division_zscore__quality_lite_height_025__method-nnls__init-uniform__ninit-1,6,division_zscore,"z-score within division, then recombined",3000,quality_lite_height_025,nnls,uniform,0.3613318451462657,0.024088789676417713,15,mins_per_game,5,803,0.2676666666666666,443,360,0.480580169897724,three_pa_per_100_team_poss=2.48; three_share=1.98; ft_pct=0.71; three_pct=0.67; usg=0.50,tov_pct=-1.54; ast_pct=-1.33; ast_tov=-1.24; FTR=-1.18; stl_pct=-0.95,height_inches,0.4609642494643829
quality_lite_height_025,k6__division_zscore__quality_lite_height_025__method-nnls__init-uniform__ninit-1,6,division_zscore,"z-score within division, then recombined",3000,quality_lite_height_025,nnls,uniform,0.3613318451462657,0.024088789676417713,15,mins_per_game,6,599,0.1996666666666666,334,265,0.4881832539556246,blk_pct=3.07; drb_pct=2.70; orb_pct=2.65; height_inches=1.84; usg=1.04,three_pct=-1.94; three_share=-1.56; three_pa_per_100_team_poss=-1.45; ast_tov=-1.06; stl_pct=-0.79,height_inches,1.8368373906183049
quality_lite_height_025,k7__division_zscore__quality_lite_height_025__method-nnls__init-furthest_first__ninit-1,7,division_zscore,"z-score within division, then recombined",3000,quality_lite_height_025,nnls,furthest_first,0.3332879083767823,0.022219193891785487,15,mins_per_game,1,398,0.1326666666666666,205,193,0.4805340497010158,ast_tov=3.61; three_share=1.24; three_pa_per_100_team_poss=0.62; ast_pct=0.62; three_pct=0.56,tov_pct=-1.50; usg=-1.35; drb_pct=-1.08; orb_pct=-0.97; FTR=-0.89,height_inches,-0.8537128503575269
quality_lite_height_025,k7__division_zscore__quality_lite_height_025__method-nnls__init-furthest_first__ninit-1,7,division_zscore,"z-score within division, then recombined",3000,quality_lite_height_025,nnls,furthest_first,0.3332879083767823,0.022219193891785487,15,mins_per_game,2,222,0.074,127,95,0.5051952142821888,blk_pct=4.04; height_inches=1.77; orb_pct=1.71; eFG=1.28; drb_pct=0.94,three_pct=-1.99; three_share=-1.52; three_pa_per_100_team_poss=-1.42; ast_tov=-1.29; ast_pct=-1.28,height_inches,1.7702772017907489
quality_lite_height_025,k7__division_zscore__quality_lite_height_025__method-nnls__init-furthest_first__ninit-1,7,division_zscore,"z-score within division, then recombined",3000,quality_lite_height_025,nnls,furthest_first,0.3332879083767823,0.022219193891785487,15,mins_per_game,3,273,0.091,147,126,0.4735424091120179,FTR=3.53; tov_pct=0.94; orb_pct=0.11; height_inches=-0.00; eFG=-0.04,usg=-1.66; three_pct=-1.58; three_pa_per_100_team_poss=-1.30; ast_pct=-1.28; three_share=-1.16,height_inches,-0.0002834688005028
quality_lite_height_025,k7__division_zscore__quality_lite_height_025__method-nnls__init-furthest_first__ninit-1,7,division_zscore,"z-score within division, then recombined",3000,quality_lite_height_025,nnls,furthest_first,0.3332879083767823,0.022219193891785487,15,mins_per_game,4,175,0.0583333333333333,92,83,0.4269945695100422,tov_pct=3.83; stl_pct=0.05; ast_tov=-0.21; drb_pct=-0.34; ast_pct=-0.56,ft_pct=-3.37; eFG=-2.40; usg=-2.00; FTR=-1.81; three_pct=-1.47,height_inches,-0.8813953632257393
quality_lite_height_025,k7__division_zscore__quality_lite_height_025__method-nnls__init-furthest_first__ninit-1,7,division_zscore,"z-score within division, then recombined",3000,quality_lite_height_025,nnls,furthest_first,0.3332879083767823,0.022219193891785487,15,mins_per_game,5,854,0.2846666666666667,482,372,0.4805535786718281,three_pa_per_100_team_poss=2.48; three_share=2.02; ft_pct=0.65; three_pct=0.63; eFG=0.40,tov_pct=-1.55; FTR=-1.32; ast_pct=-1.31; ast_tov=-1.13; stl_pct=-0.81,height_inches,0.3397556055836701
quality_lite_height_025,k7__division_zscore__quality_lite_height_025__method-nnls__init-furthest_first__ninit-1,7,division_zscore,"z-score within division, then recombined",3000,quality_lite_height_025,nnls,furthest_first,0.3332879083767823,0.022219193891785487,15,mins_per_game,6,593,0.1976666666666666,321,272,0.4906332213699976,ast_pct=2.50; stl_pct=2.28; usg=2.21; ft_pct=1.07; three_pa_per_100_team_poss=0.48,height_inches=-1.63; orb_pct=-0.88; blk_pct=-0.46; drb_pct=-0.41; eFG=-0.26,height_inches,-1.6253327116272964
quality_lite_height_025,k7__division_zscore__quality_lite_height_025__method-nnls__init-furthest_first__ninit-1,7,division_zscore,"z-score within division, then recombined",3000,quality_lite_height_025,nnls,furthest_first,0.3332879083767823,0.022219193891785487,15,mins_per_game,7,485,0.1616666666666666,254,231,0.4543727744579504,orb_pct=2.80; drb_pct=2.70; usg=2.00; height_inches=1.69; blk_pct=1.51,three_share=-1.45; three_pa_per_100_team_poss=-1.33; three_pct=-0.82; stl_pct=-0.70; ast_tov=-0.62,height_inches,1.6917173445718354
quality_lite_height_025,k8__division_zscore__quality_lite_height_025__method-nnls__init-aa_plus_plus__ninit-1,8,division_zscore,"z-score within division, then recombined",3000,quality_lite_height_025,nnls,aa_plus_plus,0.3103732990195132,0.02069155326796755,15,mins_per_game,1,911,0.3036666666666666,501,410,0.4645766389877503,three_pa_per_100_team_poss=2.49; three_share=2.00; ft_pct=0.81; three_pct=0.68; usg=0.53,tov_pct=-1.58; ast_pct=-1.29; FTR=-1.23; ast_tov=-1.22; stl_pct=-0.94,height_inches,0.4905929323344742
quality_lite_height_025,k8__division_zscore__quality_lite_height_025__method-nnls__init-aa_plus_plus__ninit-1,8,division_zscore,"z-score within division, then recombined",3000,quality_lite_height_025,nnls,aa_plus_plus,0.3103732990195132,0.02069155326796755,15,mins_per_game,2,173,0.0576666666666666,93,80,0.4312188994505668,FTR=3.56; orb_pct=0.15; stl_pct=0.09; height_inches=-0.22; blk_pct=-0.68,three_pct=-1.93; ast_pct=-1.40; three_pa_per_100_team_poss=-1.32; three_share=-1.27; ft_pct=-1.23,height_inches,-0.2222144605298671
quality_lite_height_025,k8__division_zscore__quality_lite_height_025__method-nnls__init-aa_plus_plus__ninit-1,8,division_zscore,"z-score within division, then recombined",3000,quality_lite_height_025,nnls,aa_plus_plus,0.3103732990195132,0.02069155326796755,15,mins_per_game,3,296,0.0986666666666666,150,146,0.4639393315254951,ast_tov=3.60; three_share=1.74; three_pa_per_100_team_poss=1.00; three_pct=0.46; stl_pct=0.45,tov_pct=-1.88; usg=-1.58; FTR=-1.29; drb_pct=-1.25; orb_pct=-0.99,height_inches,-0.8448616136631852
quality_lite_height_025,k8__division_zscore__quality_lite_height_025__method-nnls__init-aa_plus_plus__ninit-1,8,division_zscore,"z-score within division, then recombined",3000,quality_lite_height_025,nnls,aa_plus_plus,0.3103732990195132,0.02069155326796755,15,mins_per_game,4,318,0.106,160,158,0.4405207440516877,stl_pct=3.44; ast_pct=1.70; usg=1.64; FTR=0.62; tov_pct=0.39,height_inches=-1.04; three_share=-0.55; blk_pct=-0.38; eFG=-0.18; orb_pct=-0.15,height_inches,-1.0421172507242646
quality_lite_height_025,k8__division_zscore__quality_lite_height_025__method-nnls__init-aa_plus_plus__ninit-1,8,division_zscore,"z-score within division, then recombined",3000,quality_lite_height_025,nnls,aa_plus_plus,0.3103732990195132,0.02069155326796755,15,mins_per_game,5,394,0.1313333333333333,234,160,0.45240876322191,ast_pct=3.01; usg=2.09; ast_tov=1.48; ft_pct=0.91; three_pct=0.57,height_inches=-1.79; drb_pct=-0.90; orb_pct=-0.86; blk_pct=-0.64; FTR=-0.42,height_inches,-1.791452374177119
quality_lite_height_025,k8__division_zscore__quality_lite_height_025__method-nnls__init-aa_plus_plus__ninit-1,8,division_zscore,"z-score within division, then recombined",3000,quality_lite_height_025,nnls,aa_plus_plus,0.3103732990195132,0.02069155326796755,15,mins_per_game,6,128,0.0426666666666666,67,61,0.4026688218899011,tov_pct=3.94; blk_pct=0.28; stl_pct=0.10; height_inches=-0.53; drb_pct=-0.72,ft_pct=-3.97; eFG=-3.17; usg=-2.13; three_pct=-2.08; FTR=-1.95,height_inches,-0.5268367002390891
quality_lite_height_025,k8__division_zscore__quality_lite_height_025__method-nnls__init-aa_plus_plus__ninit-1,8,division_zscore,"z-score within division, then recombined",3000,quality_lite_height_025,nnls,aa_plus_plus,0.3103732990195132,0.02069155326796755,15,mins_per_game,7,706,0.2353333333333333,390,316,0.4885986109697126,blk_pct=2.87; orb_pct=2.65; drb_pct=2.60; height_inches=1.99; eFG=1.26,three_pct=-1.81; three_share=-1.55; three_pa_per_100_team_poss=-1.45; ast_tov=-1.03; stl_pct=-1.01,height_inches,1.9880779640688675
quality_lite_height_025,k8__division_zscore__quality_lite_height_025__method-nnls__init-aa_plus_plus__ninit-1,8,division_zscore,"z-score within division, then recombined",3000,quality_lite_height_025,nnls,aa_plus_plus,0.3103732990195132,0.02069155326796755,15,mins_per_game,8,74,0.0246666666666666,33,41,0.3686186568139477,tov_pct=3.57; FTR=3.10; eFG=2.23; three_pct=1.57; ast_pct=1.12,usg=-1.60; orb_pct=-1.51; stl_pct=-1.25; three_pa_per_100_team_poss=-1.13; height_inches=-1.04,height_inches,-1.0405377246169756
quality_lite_no_height,k6__division_zscore__quality_lite_no_height__method-nnls__init-aa_plus_plus__ninit-1,6,division_zscore,"z-score within division, then recombined",3000,quality_lite_no_height,nnls,aa_plus_plus,0.3318744542043277,0.023705318157451978,14,height_inches|mins_per_game,1,839,0.2796666666666667,465,374,0.4819226714238443,three_pa_per_100_team_poss=2.47; three_share=1.97; ft_pct=0.74; three_pct=0.68; eFG=0.47,tov_pct=-1.51; ast_pct=-1.38; ast_tov=-1.30; FTR=-1.17; stl_pct=-0.92,eFG,0.4679681919592747
quality_lite_no_height,k6__division_zscore__quality_lite_no_height__method-nnls__init-aa_plus_plus__ninit-1,6,division_zscore,"z-score within division, then recombined",3000,quality_lite_no_height,nnls,aa_plus_plus,0.3318744542043277,0.023705318157451978,14,height_inches|mins_per_game,2,210,0.07,106,104,0.4407402226984385,tov_pct=3.78; stl_pct=-0.12; blk_pct=-0.13; ast_pct=-0.39; ast_tov=-0.44,ft_pct=-3.01; eFG=-2.10; usg=-1.92; FTR=-1.75; three_pa_per_100_team_poss=-1.21,eFG,-2.102950026472919
quality_lite_no_height,k6__division_zscore__quality_lite_no_height__method-nnls__init-aa_plus_plus__ninit-1,6,division_zscore,"z-score within division, then recombined",3000,quality_lite_no_height,nnls,aa_plus_plus,0.3318744542043277,0.023705318157451978,14,height_inches|mins_per_game,3,459,0.153,256,203,0.4720511160361476,blk_pct=3.64; orb_pct=2.92; drb_pct=2.71; eFG=0.64; usg=0.51,three_pct=-1.93; three_share=-1.55; three_pa_per_100_team_poss=-1.45; ast_tov=-1.02; ast_pct=-0.89,eFG,0.6352639302921681
quality_lite_no_height,k6__division_zscore__quality_lite_no_height__method-nnls__init-aa_plus_plus__ninit-1,6,division_zscore,"z-score within division, then recombined",3000,quality_lite_no_height,nnls,aa_plus_plus,0.3318744542043277,0.023705318157451978,14,height_inches|mins_per_game,4,742,0.2473333333333333,404,338,0.5061546064784389,ast_pct=2.68; usg=2.23; stl_pct=1.71; ft_pct=0.73; FTR=0.51,orb_pct=-0.73; blk_pct=-0.54; three_share=-0.35; eFG=-0.26; drb_pct=-0.23,eFG,-0.2614076508934439
quality_lite_no_height,k6__division_zscore__quality_lite_no_height__method-nnls__init-aa_plus_plus__ninit-1,6,division_zscore,"z-score within division, then recombined",3000,quality_lite_no_height,nnls,aa_plus_plus,0.3318744542043277,0.023705318157451978,14,height_inches|mins_per_game,5,385,0.1283333333333333,207,178,0.4905553136314093,FTR=3.54; orb_pct=0.68; tov_pct=0.54; eFG=0.35; drb_pct=-0.29,three_pct=-1.58; three_pa_per_100_team_poss=-1.32; three_share=-1.23; ast_pct=-1.21; usg=-1.21,eFG,0.3525285156797891
quality_lite_no_height,k6__division_zscore__quality_lite_no_height__method-nnls__init-aa_plus_plus__ninit-1,6,division_zscore,"z-score within division, then recombined",3000,quality_lite_no_height,nnls,aa_plus_plus,0.3318744542043277,0.023705318157451978,14,height_inches|mins_per_game,6,365,0.1216666666666666,190,175,0.4750526939685237,ast_tov=3.61; three_share=1.39; three_pa_per_100_team_poss=0.62; three_pct=0.46; ast_pct=0.34,tov_pct=-1.81; usg=-1.64; drb_pct=-1.04; orb_pct=-1.01; FTR=-0.97,eFG,-0.3088913393095811
quality_lite_no_height,k7__division_zscore__quality_lite_no_height__method-nnls__init-uniform__ninit-1,7,division_zscore,"z-score within division, then recombined",3000,quality_lite_no_height,nnls,uniform,0.3057733967215648,0.0218409569086832,14,height_inches|mins_per_game,1,410,0.1366666666666666,223,187,0.4745940911079103,FTR=3.55; orb_pct=0.95; eFG=0.61; tov_pct=0.42; blk_pct=-0.15,three_pct=-1.71; three_pa_per_100_team_poss=-1.36; usg=-1.32; three_share=-1.32; ast_pct=-1.15,eFG,0.6114403724834567
quality_lite_no_height,k7__division_zscore__quality_lite_no_height__method-nnls__init-uniform__ninit-1,7,division_zscore,"z-score within division, then recombined",3000,quality_lite_no_height,nnls,uniform,0.3057733967215648,0.0218409569086832,14,height_inches|mins_per_game,2,836,0.2786666666666667,458,378,0.4601655417019247,three_pa_per_100_team_poss=2.44; three_share=1.96; ft_pct=0.84; three_pct=0.69; usg=0.59,tov_pct=-1.62; ast_tov=-1.34; stl_pct=-1.33; ast_pct=-1.32; FTR=-0.98,eFG,0.5653469599814769
quality_lite_no_height,k7__division_zscore__quality_lite_no_height__method-nnls__init-uniform__ninit-1,7,division_zscore,"z-score within division, then recombined",3000,quality_lite_no_height,nnls,uniform,0.3057733967215648,0.0218409569086832,14,height_inches|mins_per_game,3,389,0.1296666666666666,219,170,0.4576771015188351,blk_pct=3.93; orb_pct=2.92; drb_pct=2.71; eFG=0.49; usg=0.05,three_pct=-1.93; three_share=-1.55; three_pa_per_100_team_poss=-1.45; ast_pct=-1.16; ast_tov=-1.08,eFG,0.4874661312898147
quality_lite_no_height,k7__division_zscore__quality_lite_no_height__method-nnls__init-uniform__ninit-1,7,division_zscore,"z-score within division, then recombined",3000,quality_lite_no_height,nnls,uniform,0.3057733967215648,0.0218409569086832,14,height_inches|mins_per_game,4,335,0.1116666666666666,174,161,0.469291657365989,ast_tov=3.61; three_share=1.69; three_pa_per_100_team_poss=0.96; three_pct=0.46; stl_pct=0.38,tov_pct=-1.85; usg=-1.57; drb_pct=-1.20; FTR=-1.19; orb_pct=-0.99,eFG,-0.1809281940570025
quality_lite_no_height,k7__division_zscore__quality_lite_no_height__method-nnls__init-uniform__ninit-1,7,division_zscore,"z-score within division, then recombined",3000,quality_lite_no_height,nnls,uniform,0.3057733967215648,0.0218409569086832,14,height_inches|mins_per_game,5,339,0.113,178,161,0.4399483238331194,stl_pct=3.47; usg=1.59; ast_pct=1.55; FTR=0.80; three_pct=0.51,drb_pct=-0.83; orb_pct=-0.69; blk_pct=-0.57; eFG=-0.42; three_share=-0.10,eFG,-0.4177173242185724
quality_lite_no_height,k7__division_zscore__quality_lite_no_height__method-nnls__init-uniform__ninit-1,7,division_zscore,"z-score within division, then recombined",3000,quality_lite_no_height,nnls,uniform,0.3057733967215648,0.0218409569086832,14,height_inches|mins_per_game,6,224,0.0746666666666666,112,112,0.4250744613967529,tov_pct=3.79; stl_pct=-0.11; blk_pct=-0.11; ast_pct=-0.42; ast_tov=-0.45,ft_pct=-3.10; eFG=-2.15; usg=-1.94; FTR=-1.76; three_pct=-1.24,eFG,-2.1471948777656995
quality_lite_no_height,k7__division_zscore__quality_lite_no_height__method-nnls__init-uniform__ninit-1,7,division_zscore,"z-score within division, then recombined",3000,quality_lite_no_height,nnls,uniform,0.3057733967215648,0.0218409569086832,14,height_inches|mins_per_game,7,467,0.1556666666666666,264,203,0.4500973109087519,ast_pct=3.02; usg=2.12; ast_tov=1.05; ft_pct=0.66; FTR=0.21,orb_pct=-0.76; three_share=-0.65; blk_pct=-0.58; stl_pct=-0.30; three_pa_per_100_team_poss=-0.18,eFG,0.1456338878452228
quality_lite_no_height,k8__division_zscore__quality_lite_no_height__method-nnls__init-uniform__ninit-1,8,division_zscore,"z-score within division, then recombined",3000,quality_lite_no_height,nnls,uniform,0.2783043367516002,0.019878881196542873,14,height_inches|mins_per_game,1,241,0.0803333333333333,113,128,0.435758447968365,stl_pct=3.42; FTR=2.22; tov_pct=1.44; ast_pct=1.32; usg=0.93,three_share=-0.62; three_pa_per_100_team_poss=-0.58; orb_pct=-0.51; drb_pct=-0.47; blk_pct=-0.27,eFG,-0.1709729075812611
quality_lite_no_height,k8__division_zscore__quality_lite_no_height__method-nnls__init-uniform__ninit-1,8,division_zscore,"z-score within division, then recombined",3000,quality_lite_no_height,nnls,uniform,0.2783043367516002,0.019878881196542873,14,height_inches|mins_per_game,2,189,0.063,107,82,0.4564765187094199,FTR=3.56; tov_pct=0.65; orb_pct=0.39; eFG=0.32; blk_pct=0.30,usg=-2.08; three_pct=-1.70; stl_pct=-1.67; three_pa_per_100_team_poss=-1.33; three_share=-1.23,eFG,0.319489032241786
quality_lite_no_height,k8__division_zscore__quality_lite_no_height__method-nnls__init-uniform__ninit-1,8,division_zscore,"z-score within division, then recombined",3000,quality_lite_no_height,nnls,uniform,0.2783043367516002,0.019878881196542873,14,height_inches|mins_per_game,3,488,0.1626666666666666,284,204,0.454393699196468,ast_pct=3.03; usg=2.02; ast_tov=1.49; ft_pct=1.05; three_pa_per_100_team_poss=0.45,orb_pct=-0.98; drb_pct=-0.65; blk_pct=-0.59; FTR=-0.46; stl_pct=-0.40,eFG,0.2093295360733952
quality_lite_no_height,k8__division_zscore__quality_lite_no_height__method-nnls__init-uniform__ninit-1,8,division_zscore,"z-score within division, then recombined",3000,quality_lite_no_height,nnls,uniform,0.2783043367516002,0.019878881196542873,14,height_inches|mins_per_game,4,247,0.0823333333333333,144,103,0.482946233677228,blk_pct=4.02; orb_pct=2.28; drb_pct=2.05; eFG=1.12; tov_pct=-0.29,three_pct=-1.94; three_share=-1.55; three_pa_per_100_team_poss=-1.45; ast_pct=-1.13; ast_tov=-1.12,eFG,1.1210909465542984
quality_lite_no_height,k8__division_zscore__quality_lite_no_height__method-nnls__init-uniform__ninit-1,8,division_zscore,"z-score within division, then recombined",3000,quality_lite_no_height,nnls,uniform,0.2783043367516002,0.019878881196542873,14,height_inches|mins_per_game,5,929,0.3096666666666666,517,412,0.4733175390766912,three_pa_per_100_team_poss=2.49; three_share=1.97; ft_pct=0.87; three_pct=0.64; usg=0.44,tov_pct=-1.48; ast_pct=-1.35; FTR=-1.23; ast_tov=-1.19; orb_pct=-0.85,eFG,0.3713245735552246
quality_lite_no_height,k8__division_zscore__quality_lite_no_height__method-nnls__init-uniform__ninit-1,8,division_zscore,"z-score within division, then recombined",3000,quality_lite_no_height,nnls,uniform,0.2783043367516002,0.019878881196542873,14,height_inches|mins_per_game,6,279,0.093,143,136,0.468210645804107,ast_tov=3.59; three_share=1.56; three_pa_per_100_team_poss=0.77; three_pct=0.49; stl_pct=0.38,tov_pct=-1.89; usg=-1.64; FTR=-1.16; drb_pct=-1.11; orb_pct=-0.95,eFG,-0.159235318556434
quality_lite_no_height,k8__division_zscore__quality_lite_no_height__method-nnls__init-uniform__ninit-1,8,division_zscore,"z-score within division, then recombined",3000,quality_lite_no_height,nnls,uniform,0.2783043367516002,0.019878881196542873,14,height_inches|mins_per_game,7,199,0.0663333333333333,95,104,0.416259482813419,tov_pct=3.81; stl_pct=0.02; ast_tov=-0.24; drb_pct=-0.34; ast_pct=-0.55,ft_pct=-3.27; eFG=-2.36; usg=-1.99; FTR=-1.80; three_pct=-1.45,eFG,-2.3641832498862523
quality_lite_no_height,k8__division_zscore__quality_lite_no_height__method-nnls__init-uniform__ninit-1,8,division_zscore,"z-score within division, then recombined",3000,quality_lite_no_height,nnls,uniform,0.2783043367516002,0.019878881196542873,14,height_inches|mins_per_game,8,428,0.1426666666666666,225,203,0.4376478601277311,orb_pct=2.78; drb_pct=2.65; FTR=1.72; usg=1.37; blk_pct=0.73,three_share=-1.31; three_pa_per_100_team_poss=-1.19; ast_tov=-1.02; tov_pct=-0.76; ast_pct=-0.66,eFG,0.5884487514577241
quality_lite_height_025,k6__division_zscore__quality_lite_height_025__method-nnls__init-uniform__ninit-1,6,division_zscore,"z-score within division, then recombined",3000,quality_lite_height_025,nnls,uniform,0.3613318451462657,0.024088789676417713,15,mins_per_game,1,391,0.1303333333333333,203,188,0.4777166882017243,ast_tov=3.59; three_share=1.42; three_pa_per_100_team_poss=0.75; three_pct=0.49; ast_pct=0.40,tov_pct=-1.67; usg=-1.48; drb_pct=-1.14; FTR=-1.05; orb_pct=-0.97,eFG,-0.1688799402040498
quality_lite_height_025,k6__division_zscore__quality_lite_height_025__method-nnls__init-uniform__ninit-1,6,division_zscore,"z-score within division, then recombined",3000,quality_lite_height_025,nnls,uniform,0.3613318451462657,0.024088789676417713,15,mins_per_game,2,326,0.1086666666666666,172,154,0.4943497310566704,FTR=3.52; tov_pct=0.75; orb_pct=0.52; height_inches=0.33; eFG=0.23,three_pct=-1.55; usg=-1.42; three_pa_per_100_team_poss=-1.31; three_share=-1.25; ast_pct=-1.19,eFG,0.2332620242710259
quality_lite_height_025,k6__division_zscore__quality_lite_height_025__method-nnls__init-uniform__ninit-1,6,division_zscore,"z-score within division, then recombined",3000,quality_lite_height_025,nnls,uniform,0.3613318451462657,0.024088789676417713,15,mins_per_game,3,697,0.2323333333333333,378,319,0.5064797994274349,ast_pct=2.65; usg=2.21; stl_pct=1.82; ft_pct=0.87; FTR=0.53,height_inches=-1.49; orb_pct=-0.79; blk_pct=-0.56; eFG=-0.27; drb_pct=-0.27,eFG,-0.2719596420368403
quality_lite_height_025,k6__division_zscore__quality_lite_height_025__method-nnls__init-uniform__ninit-1,6,division_zscore,"z-score within division, then recombined",3000,quality_lite_height_025,nnls,uniform,0.3613318451462657,0.024088789676417713,15,mins_per_game,4,184,0.0613333333333333,98,86,0.4379973419907649,tov_pct=3.82; blk_pct=-0.03; stl_pct=-0.04; ast_tov=-0.53; ast_pct=-0.56,ft_pct=-3.26; eFG=-2.36; usg=-1.99; FTR=-1.80; three_pct=-1.44,eFG,-2.3564000486215524
quality_lite_height_025,k6__division_zscore__quality_lite_height_025__method-nnls__init-uniform__ninit-1,6,division_zscore,"z-score within division, then recombined",3000,quality_lite_height_025,nnls,uniform,0.3613318451462657,0.024088789676417713,15,mins_per_game,5,803,0.2676666666666666,443,360,0.480580169897724,three_pa_per_100_team_poss=2.48; three_share=1.98; ft_pct=0.71; three_pct=0.67; usg=0.50,tov_pct=-1.54; ast_pct=-1.33; ast_tov=-1.24; FTR=-1.18; stl_pct=-0.95,eFG,0.4567774656185058
quality_lite_height_025,k6__division_zscore__quality_lite_height_025__method-nnls__init-uniform__ninit-1,6,division_zscore,"z-score within division, then recombined",3000,quality_lite_height_025,nnls,uniform,0.3613318451462657,0.024088789676417713,15,mins_per_game,6,599,0.1996666666666666,334,265,0.4881832539556246,blk_pct=3.07; drb_pct=2.70; orb_pct=2.65; height_inches=1.84; usg=1.04,three_pct=-1.94; three_share=-1.56; three_pa_per_100_team_poss=-1.45; ast_tov=-1.06; stl_pct=-0.79,eFG,0.9588436465065276
quality_lite_height_025,k7__division_zscore__quality_lite_height_025__method-nnls__init-furthest_first__ninit-1,7,division_zscore,"z-score within division, then recombined",3000,quality_lite_height_025,nnls,furthest_first,0.3332879083767823,0.022219193891785487,15,mins_per_game,1,398,0.1326666666666666,205,193,0.4805340497010158,ast_tov=3.61; three_share=1.24; three_pa_per_100_team_poss=0.62; ast_pct=0.62; three_pct=0.56,tov_pct=-1.50; usg=-1.35; drb_pct=-1.08; orb_pct=-0.97; FTR=-0.89,eFG,-0.0468660103590088
quality_lite_height_025,k7__division_zscore__quality_lite_height_025__method-nnls__init-furthest_first__ninit-1,7,division_zscore,"z-score within division, then recombined",3000,quality_lite_height_025,nnls,furthest_first,0.3332879083767823,0.022219193891785487,15,mins_per_game,2,222,0.074,127,95,0.5051952142821888,blk_pct=4.04; height_inches=1.77; orb_pct=1.71; eFG=1.28; drb_pct=0.94,three_pct=-1.99; three_share=-1.52; three_pa_per_100_team_poss=-1.42; ast_tov=-1.29; ast_pct=-1.28,eFG,1.2842119546275337
quality_lite_height_025,k7__division_zscore__quality_lite_height_025__method-nnls__init-furthest_first__ninit-1,7,division_zscore,"z-score within division, then recombined",3000,quality_lite_height_025,nnls,furthest_first,0.3332879083767823,0.022219193891785487,15,mins_per_game,3,273,0.091,147,126,0.4735424091120179,FTR=3.53; tov_pct=0.94; orb_pct=0.11; height_inches=-0.00; eFG=-0.04,usg=-1.66; three_pct=-1.58; three_pa_per_100_team_poss=-1.30; ast_pct=-1.28; three_share=-1.16,eFG,-0.0402763264715535
quality_lite_height_025,k7__division_zscore__quality_lite_height_025__method-nnls__init-furthest_first__ninit-1,7,division_zscore,"z-score within division, then recombined",3000,quality_lite_height_025,nnls,furthest_first,0.3332879083767823,0.022219193891785487,15,mins_per_game,4,175,0.0583333333333333,92,83,0.4269945695100422,tov_pct=3.83; stl_pct=0.05; ast_tov=-0.21; drb_pct=-0.34; ast_pct=-0.56,ft_pct=-3.37; eFG=-2.40; usg=-2.00; FTR=-1.81; three_pct=-1.47,eFG,-2.3998355854702047
quality_lite_height_025,k7__division_zscore__quality_lite_height_025__method-nnls__init-furthest_first__ninit-1,7,division_zscore,"z-score within division, then recombined",3000,quality_lite_height_025,nnls,furthest_first,0.3332879083767823,0.022219193891785487,15,mins_per_game,5,854,0.2846666666666667,482,372,0.4805535786718281,three_pa_per_100_team_poss=2.48; three_share=2.02; ft_pct=0.65; three_pct=0.63; eFG=0.40,tov_pct=-1.55; FTR=-1.32; ast_pct=-1.31; ast_tov=-1.13; stl_pct=-0.81,eFG,0.4030600111874327
quality_lite_height_025,k7__division_zscore__quality_lite_height_025__method-nnls__init-furthest_first__ninit-1,7,division_zscore,"z-score within division, then recombined",3000,quality_lite_height_025,nnls,furthest_first,0.3332879083767823,0.022219193891785487,15,mins_per_game,6,593,0.1976666666666666,321,272,0.4906332213699976,ast_pct=2.50; stl_pct=2.28; usg=2.21; ft_pct=1.07; three_pa_per_100_team_poss=0.48,height_inches=-1.63; orb_pct=-0.88; blk_pct=-0.46; drb_pct=-0.41; eFG=-0.26,eFG,-0.2550995084746216
quality_lite_height_025,k7__division_zscore__quality_lite_height_025__method-nnls__init-furthest_first__ninit-1,7,division_zscore,"z-score within division, then recombined",3000,quality_lite_height_025,nnls,furthest_first,0.3332879083767823,0.022219193891785487,15,mins_per_game,7,485,0.1616666666666666,254,231,0.4543727744579504,orb_pct=2.80; drb_pct=2.70; usg=2.00; height_inches=1.69; blk_pct=1.51,three_share=-1.45; three_pa_per_100_team_poss=-1.33; three_pct=-0.82; stl_pct=-0.70; ast_tov=-0.62,eFG,0.9358200049232266
quality_lite_height_025,k8__division_zscore__quality_lite_height_025__method-nnls__init-aa_plus_plus__ninit-1,8,division_zscore,"z-score within division, then recombined",3000,quality_lite_height_025,nnls,aa_plus_plus,0.3103732990195132,0.02069155326796755,15,mins_per_game,1,911,0.3036666666666666,501,410,0.4645766389877503,three_pa_per_100_team_poss=2.49; three_share=2.00; ft_pct=0.81; three_pct=0.68; usg=0.53,tov_pct=-1.58; ast_pct=-1.29; FTR=-1.23; ast_tov=-1.22; stl_pct=-0.94,eFG,0.4931366570304286
quality_lite_height_025,k8__division_zscore__quality_lite_height_025__method-nnls__init-aa_plus_plus__ninit-1,8,division_zscore,"z-score within division, then recombined",3000,quality_lite_height_025,nnls,aa_plus_plus,0.3103732990195132,0.02069155326796755,15,mins_per_game,2,173,0.0576666666666666,93,80,0.4312188994505668,FTR=3.56; orb_pct=0.15; stl_pct=0.09; height_inches=-0.22; blk_pct=-0.68,three_pct=-1.93; ast_pct=-1.40; three_pa_per_100_team_poss=-1.32; three_share=-1.27; ft_pct=-1.23,eFG,-0.8495707965926121
quality_lite_height_025,k8__division_zscore__quality_lite_height_025__method-nnls__init-aa_plus_plus__ninit-1,8,division_zscore,"z-score within division, then recombined",3000,quality_lite_height_025,nnls,aa_plus_plus,0.3103732990195132,0.02069155326796755,15,mins_per_game,3,296,0.0986666666666666,150,146,0.4639393315254951,ast_tov=3.60; three_share=1.74; three_pa_per_100_team_poss=1.00; three_pct=0.46; stl_pct=0.45,tov_pct=-1.88; usg=-1.58; FTR=-1.29; drb_pct=-1.25; orb_pct=-0.99,eFG,-0.144902488439905
quality_lite_height_025,k8__division_zscore__quality_lite_height_025__method-nnls__init-aa_plus_plus__ninit-1,8,division_zscore,"z-score within division, then recombined",3000,quality_lite_height_025,nnls,aa_plus_plus,0.3103732990195132,0.02069155326796755,15,mins_per_game,4,318,0.106,160,158,0.4405207440516877,stl_pct=3.44; ast_pct=1.70; usg=1.64; FTR=0.62; tov_pct=0.39,height_inches=-1.04; three_share=-0.55; blk_pct=-0.38; eFG=-0.18; orb_pct=-0.15,eFG,-0.1781912241855345
quality_lite_height_025,k8__division_zscore__quality_lite_height_025__method-nnls__init-aa_plus_plus__ninit-1,8,division_zscore,"z-score within division, then recombined",3000,quality_lite_height_025,nnls,aa_plus_plus,0.3103732990195132,0.02069155326796755,15,mins_per_game,5,394,0.1313333333333333,234,160,0.45240876322191,ast_pct=3.01; usg=2.09; ast_tov=1.48; ft_pct=0.91; three_pct=0.57,height_inches=-1.79; drb_pct=-0.90; orb_pct=-0.86; blk_pct=-0.64; FTR=-0.42,eFG,0.0692085948156307
quality_lite_height_025,k8__division_zscore__quality_lite_height_025__method-nnls__init-aa_plus_plus__ninit-1,8,division_zscore,"z-score within division, then recombined",3000,quality_lite_height_025,nnls,aa_plus_plus,0.3103732990195132,0.02069155326796755,15,mins_per_game,6,128,0.0426666666666666,67,61,0.4026688218899011,tov_pct=3.94; blk_pct=0.28; stl_pct=0.10; height_inches=-0.53; drb_pct=-0.72,ft_pct=-3.97; eFG=-3.17; usg=-2.13; three_pct=-2.08; FTR=-1.95,eFG,-3.1693259766238984
quality_lite_height_025,k8__division_zscore__quality_lite_height_025__method-nnls__init-aa_plus_plus__ninit-1,8,division_zscore,"z-score within division, then recombined",3000,quality_lite_height_025,nnls,aa_plus_plus,0.3103732990195132,0.02069155326796755,15,mins_per_game,7,706,0.2353333333333333,390,316,0.4885986109697126,blk_pct=2.87; orb_pct=2.65; drb_pct=2.60; height_inches=1.99; eFG=1.26,three_pct=-1.81; three_share=-1.55; three_pa_per_100_team_poss=-1.45; ast_tov=-1.03; stl_pct=-1.01,eFG,1.26385774586902
quality_lite_height_025,k8__division_zscore__quality_lite_height_025__method-nnls__init-aa_plus_plus__ninit-1,8,division_zscore,"z-score within division, then recombined",3000,quality_lite_height_025,nnls,aa_plus_plus,0.3103732990195132,0.02069155326796755,15,mins_per_game,8,74,0.0246666666666666,33,41,0.3686186568139477,tov_pct=3.57; FTR=3.10; eFG=2.23; three_pct=1.57; ast_pct=1.12,usg=-1.60; orb_pct=-1.51; stl_pct=-1.25; three_pa_per_100_team_poss=-1.13; height_inches=-1.04,eFG,2.2339450439540167
quality_lite_no_height,k6__division_zscore__quality_lite_no_height__method-nnls__init-aa_plus_plus__ninit-1,6,division_zscore,"z-score within division, then recombined",3000,quality_lite_no_height,nnls,aa_plus_plus,0.3318744542043277,0.023705318157451978,14,height_inches|mins_per_game,1,839,0.2796666666666667,465,374,0.4819226714238443,three_pa_per_100_team_poss=2.47; three_share=1.97; ft_pct=0.74; three_pct=0.68; eFG=0.47,tov_pct=-1.51; ast_pct=-1.38; ast_tov=-1.30; FTR=-1.17; stl_pct=-0.92,three_pct,0.6776782652638255
quality_lite_no_height,k6__division_zscore__quality_lite_no_height__method-nnls__init-aa_plus_plus__ninit-1,6,division_zscore,"z-score within division, then recombined",3000,quality_lite_no_height,nnls,aa_plus_plus,0.3318744542043277,0.023705318157451978,14,height_inches|mins_per_game,2,210,0.07,106,104,0.4407402226984385,tov_pct=3.78; stl_pct=-0.12; blk_pct=-0.13; ast_pct=-0.39; ast_tov=-0.44,ft_pct=-3.01; eFG=-2.10; usg=-1.92; FTR=-1.75; three_pa_per_100_team_poss=-1.21,three_pct,-1.1818344635824662
quality_lite_no_height,k6__division_zscore__quality_lite_no_height__method-nnls__init-aa_plus_plus__ninit-1,6,division_zscore,"z-score within division, then recombined",3000,quality_lite_no_height,nnls,aa_plus_plus,0.3318744542043277,0.023705318157451978,14,height_inches|mins_per_game,3,459,0.153,256,203,0.4720511160361476,blk_pct=3.64; orb_pct=2.92; drb_pct=2.71; eFG=0.64; usg=0.51,three_pct=-1.93; three_share=-1.55; three_pa_per_100_team_poss=-1.45; ast_tov=-1.02; ast_pct=-0.89,three_pct,-1.9281435420879105
quality_lite_no_height,k6__division_zscore__quality_lite_no_height__method-nnls__init-aa_plus_plus__ninit-1,6,division_zscore,"z-score within division, then recombined",3000,quality_lite_no_height,nnls,aa_plus_plus,0.3318744542043277,0.023705318157451978,14,height_inches|mins_per_game,4,742,0.2473333333333333,404,338,0.5061546064784389,ast_pct=2.68; usg=2.23; stl_pct=1.71; ft_pct=0.73; FTR=0.51,orb_pct=-0.73; blk_pct=-0.54; three_share=-0.35; eFG=-0.26; drb_pct=-0.23,three_pct,0.4164786841860279
quality_lite_no_height,k6__division_zscore__quality_lite_no_height__method-nnls__init-aa_plus_plus__ninit-1,6,division_zscore,"z-score within division, then recombined",3000,quality_lite_no_height,nnls,aa_plus_plus,0.3318744542043277,0.023705318157451978,14,height_inches|mins_per_game,5,385,0.1283333333333333,207,178,0.4905553136314093,FTR=3.54; orb_pct=0.68; tov_pct=0.54; eFG=0.35; drb_pct=-0.29,three_pct=-1.58; three_pa_per_100_team_poss=-1.32; three_share=-1.23; ast_pct=-1.21; usg=-1.21,three_pct,-1.582363621540283
quality_lite_no_height,k6__division_zscore__quality_lite_no_height__method-nnls__init-aa_plus_plus__ninit-1,6,division_zscore,"z-score within division, then recombined",3000,quality_lite_no_height,nnls,aa_plus_plus,0.3318744542043277,0.023705318157451978,14,height_inches|mins_per_game,6,365,0.1216666666666666,190,175,0.4750526939685237,ast_tov=3.61; three_share=1.39; three_pa_per_100_team_poss=0.62; three_pct=0.46; ast_pct=0.34,tov_pct=-1.81; usg=-1.64; drb_pct=-1.04; orb_pct=-1.01; FTR=-0.97,three_pct,0.463234174192845
quality_lite_no_height,k7__division_zscore__quality_lite_no_height__method-nnls__init-uniform__ninit-1,7,division_zscore,"z-score within division, then recombined",3000,quality_lite_no_height,nnls,uniform,0.3057733967215648,0.0218409569086832,14,height_inches|mins_per_game,1,410,0.1366666666666666,223,187,0.4745940911079103,FTR=3.55; orb_pct=0.95; eFG=0.61; tov_pct=0.42; blk_pct=-0.15,three_pct=-1.71; three_pa_per_100_team_poss=-1.36; usg=-1.32; three_share=-1.32; ast_pct=-1.15,three_pct,-1.7079654655596246
quality_lite_no_height,k7__division_zscore__quality_lite_no_height__method-nnls__init-uniform__ninit-1,7,division_zscore,"z-score within division, then recombined",3000,quality_lite_no_height,nnls,uniform,0.3057733967215648,0.0218409569086832,14,height_inches|mins_per_game,2,836,0.2786666666666667,458,378,0.4601655417019247,three_pa_per_100_team_poss=2.44; three_share=1.96; ft_pct=0.84; three_pct=0.69; usg=0.59,tov_pct=-1.62; ast_tov=-1.34; stl_pct=-1.33; ast_pct=-1.32; FTR=-0.98,three_pct,0.6938839146507894
quality_lite_no_height,k7__division_zscore__quality_lite_no_height__method-nnls__init-uniform__ninit-1,7,division_zscore,"z-score within division, then recombined",3000,quality_lite_no_height,nnls,uniform,0.3057733967215648,0.0218409569086832,14,height_inches|mins_per_game,3,389,0.1296666666666666,219,170,0.4576771015188351,blk_pct=3.93; orb_pct=2.92; drb_pct=2.71; eFG=0.49; usg=0.05,three_pct=-1.93; three_share=-1.55; three_pa_per_100_team_poss=-1.45; ast_pct=-1.16; ast_tov=-1.08,three_pct,-1.9281435425971851
quality_lite_no_height,k7__division_zscore__quality_lite_no_height__method-nnls__init-uniform__ninit-1,7,division_zscore,"z-score within division, then recombined",3000,quality_lite_no_height,nnls,uniform,0.3057733967215648,0.0218409569086832,14,height_inches|mins_per_game,4,335,0.1116666666666666,174,161,0.469291657365989,ast_tov=3.61; three_share=1.69; three_pa_per_100_team_poss=0.96; three_pct=0.46; stl_pct=0.38,tov_pct=-1.85; usg=-1.57; drb_pct=-1.20; FTR=-1.19; orb_pct=-0.99,three_pct,0.4647823756534887
quality_lite_no_height,k7__division_zscore__quality_lite_no_height__method-nnls__init-uniform__ninit-1,7,division_zscore,"z-score within division, then recombined",3000,quality_lite_no_height,nnls,uniform,0.3057733967215648,0.0218409569086832,14,height_inches|mins_per_game,5,339,0.113,178,161,0.4399483238331194,stl_pct=3.47; usg=1.59; ast_pct=1.55; FTR=0.80; three_pct=0.51,drb_pct=-0.83; orb_pct=-0.69; blk_pct=-0.57; eFG=-0.42; three_share=-0.10,three_pct,0.5057496722091198
quality_lite_no_height,k7__division_zscore__quality_lite_no_height__method-nnls__init-uniform__ninit-1,7,division_zscore,"z-score within division, then recombined",3000,quality_lite_no_height,nnls,uniform,0.3057733967215648,0.0218409569086832,14,height_inches|mins_per_game,6,224,0.0746666666666666,112,112,0.4250744613967529,tov_pct=3.79; stl_pct=-0.11; blk_pct=-0.11; ast_pct=-0.42; ast_tov=-0.45,ft_pct=-3.10; eFG=-2.15; usg=-1.94; FTR=-1.76; three_pct=-1.24,three_pct,-1.2434635263891365
quality_lite_no_height,k7__division_zscore__quality_lite_no_height__method-nnls__init-uniform__ninit-1,7,division_zscore,"z-score within division, then recombined",3000,quality_lite_no_height,nnls,uniform,0.3057733967215648,0.0218409569086832,14,height_inches|mins_per_game,7,467,0.1556666666666666,264,203,0.4500973109087519,ast_pct=3.02; usg=2.12; ast_tov=1.05; ft_pct=0.66; FTR=0.21,orb_pct=-0.76; three_share=-0.65; blk_pct=-0.58; stl_pct=-0.30; three_pa_per_100_team_poss=-0.18,three_pct,0.0426582963250864
quality_lite_no_height,k8__division_zscore__quality_lite_no_height__method-nnls__init-uniform__ninit-1,8,division_zscore,"z-score within division, then recombined",3000,quality_lite_no_height,nnls,uniform,0.2783043367516002,0.019878881196542873,14,height_inches|mins_per_game,1,241,0.0803333333333333,113,128,0.435758447968365,stl_pct=3.42; FTR=2.22; tov_pct=1.44; ast_pct=1.32; usg=0.93,three_share=-0.62; three_pa_per_100_team_poss=-0.58; orb_pct=-0.51; drb_pct=-0.47; blk_pct=-0.27,three_pct,-0.1903895814767899
quality_lite_no_height,k8__division_zscore__quality_lite_no_height__method-nnls__init-uniform__ninit-1,8,division_zscore,"z-score within division, then recombined",3000,quality_lite_no_height,nnls,uniform,0.2783043367516002,0.019878881196542873,14,height_inches|mins_per_game,2,189,0.063,107,82,0.4564765187094199,FTR=3.56; tov_pct=0.65; orb_pct=0.39; eFG=0.32; blk_pct=0.30,usg=-2.08; three_pct=-1.70; stl_pct=-1.67; three_pa_per_100_team_poss=-1.33; three_share=-1.23,three_pct,-1.6965700591510195
quality_lite_no_height,k8__division_zscore__quality_lite_no_height__method-nnls__init-uniform__ninit-1,8,division_zscore,"z-score within division, then recombined",3000,quality_lite_no_height,nnls,uniform,0.2783043367516002,0.019878881196542873,14,height_inches|mins_per_game,3,488,0.1626666666666666,284,204,0.454393699196468,ast_pct=3.03; usg=2.02; ast_tov=1.49; ft_pct=1.05; three_pa_per_100_team_poss=0.45,orb_pct=-0.98; drb_pct=-0.65; blk_pct=-0.59; FTR=-0.46; stl_pct=-0.40,three_pct,0.4238938863269407
quality_lite_no_height,k8__division_zscore__quality_lite_no_height__method-nnls__init-uniform__ninit-1,8,division_zscore,"z-score within division, then recombined",3000,quality_lite_no_height,nnls,uniform,0.2783043367516002,0.019878881196542873,14,height_inches|mins_per_game,4,247,0.0823333333333333,144,103,0.482946233677228,blk_pct=4.02; orb_pct=2.28; drb_pct=2.05; eFG=1.12; tov_pct=-0.29,three_pct=-1.94; three_share=-1.55; three_pa_per_100_team_poss=-1.45; ast_pct=-1.13; ast_tov=-1.12,three_pct,-1.939355429342904
quality_lite_no_height,k8__division_zscore__quality_lite_no_height__method-nnls__init-uniform__ninit-1,8,division_zscore,"z-score within division, then recombined",3000,quality_lite_no_height,nnls,uniform,0.2783043367516002,0.019878881196542873,14,height_inches|mins_per_game,5,929,0.3096666666666666,517,412,0.4733175390766912,three_pa_per_100_team_poss=2.49; three_share=1.97; ft_pct=0.87; three_pct=0.64; usg=0.44,tov_pct=-1.48; ast_pct=-1.35; FTR=-1.23; ast_tov=-1.19; orb_pct=-0.85,three_pct,0.639000476272085
quality_lite_no_height,k8__division_zscore__quality_lite_no_height__method-nnls__init-uniform__ninit-1,8,division_zscore,"z-score within division, then recombined",3000,quality_lite_no_height,nnls,uniform,0.2783043367516002,0.019878881196542873,14,height_inches|mins_per_game,6,279,0.093,143,136,0.468210645804107,ast_tov=3.59; three_share=1.56; three_pa_per_100_team_poss=0.77; three_pct=0.49; stl_pct=0.38,tov_pct=-1.89; usg=-1.64; FTR=-1.16; drb_pct=-1.11; orb_pct=-0.95,three_pct,0.4871015718905769
quality_lite_no_height,k8__division_zscore__quality_lite_no_height__method-nnls__init-uniform__ninit-1,8,division_zscore,"z-score within division, then recombined",3000,quality_lite_no_height,nnls,uniform,0.2783043367516002,0.019878881196542873,14,height_inches|mins_per_game,7,199,0.0663333333333333,95,104,0.416259482813419,tov_pct=3.81; stl_pct=0.02; ast_tov=-0.24; drb_pct=-0.34; ast_pct=-0.55,ft_pct=-3.27; eFG=-2.36; usg=-1.99; FTR=-1.80; three_pct=-1.45,three_pct,-1.451712741509218
quality_lite_no_height,k8__division_zscore__quality_lite_no_height__method-nnls__init-uniform__ninit-1,8,division_zscore,"z-score within division, then recombined",3000,quality_lite_no_height,nnls,uniform,0.2783043367516002,0.019878881196542873,14,height_inches|mins_per_game,8,428,0.1426666666666666,225,203,0.4376478601277311,orb_pct=2.78; drb_pct=2.65; FTR=1.72; usg=1.37; blk_pct=0.73,three_share=-1.31; three_pa_per_100_team_poss=-1.19; ast_tov=-1.02; tov_pct=-0.76; ast_pct=-0.66,three_pct,-0.2107625897656469
quality_lite_height_025,k6__division_zscore__quality_lite_height_025__method-nnls__init-uniform__ninit-1,6,division_zscore,"z-score within division, then recombined",3000,quality_lite_height_025,nnls,uniform,0.3613318451462657,0.024088789676417713,15,mins_per_game,1,391,0.1303333333333333,203,188,0.4777166882017243,ast_tov=3.59; three_share=1.42; three_pa_per_100_team_poss=0.75; three_pct=0.49; ast_pct=0.40,tov_pct=-1.67; usg=-1.48; drb_pct=-1.14; FTR=-1.05; orb_pct=-0.97,three_pct,0.4926266649435001
quality_lite_height_025,k6__division_zscore__quality_lite_height_025__method-nnls__init-uniform__ninit-1,6,division_zscore,"z-score within division, then recombined",3000,quality_lite_height_025,nnls,uniform,0.3613318451462657,0.024088789676417713,15,mins_per_game,2,326,0.1086666666666666,172,154,0.4943497310566704,FTR=3.52; tov_pct=0.75; orb_pct=0.52; height_inches=0.33; eFG=0.23,three_pct=-1.55; usg=-1.42; three_pa_per_100_team_poss=-1.31; three_share=-1.25; ast_pct=-1.19,three_pct,-1.5452156409699247
quality_lite_height_025,k6__division_zscore__quality_lite_height_025__method-nnls__init-uniform__ninit-1,6,division_zscore,"z-score within division, then recombined",3000,quality_lite_height_025,nnls,uniform,0.3613318451462657,0.024088789676417713,15,mins_per_game,3,697,0.2323333333333333,378,319,0.5064797994274349,ast_pct=2.65; usg=2.21; stl_pct=1.82; ft_pct=0.87; FTR=0.53,height_inches=-1.49; orb_pct=-0.79; blk_pct=-0.56; eFG=-0.27; drb_pct=-0.27,three_pct,0.3496780007806794
quality_lite_height_025,k6__division_zscore__quality_lite_height_025__method-nnls__init-uniform__ninit-1,6,division_zscore,"z-score within division, then recombined",3000,quality_lite_height_025,nnls,uniform,0.3613318451462657,0.024088789676417713,15,mins_per_game,4,184,0.0613333333333333,98,86,0.4379973419907649,tov_pct=3.82; blk_pct=-0.03; stl_pct=-0.04; ast_tov=-0.53; ast_pct=-0.56,ft_pct=-3.26; eFG=-2.36; usg=-1.99; FTR=-1.80; three_pct=-1.44,three_pct,-1.440343272369954
quality_lite_height_025,k6__division_zscore__quality_lite_height_025__method-nnls__init-uniform__ninit-1,6,division_zscore,"z-score within division, then recombined",3000,quality_lite_height_025,nnls,uniform,0.3613318451462657,0.024088789676417713,15,mins_per_game,5,803,0.2676666666666666,443,360,0.480580169897724,three_pa_per_100_team_poss=2.48; three_share=1.98; ft_pct=0.71; three_pct=0.67; usg=0.50,tov_pct=-1.54; ast_pct=-1.33; ast_tov=-1.24; FTR=-1.18; stl_pct=-0.95,three_pct,0.6651288549999911
quality_lite_height_025,k6__division_zscore__quality_lite_height_025__method-nnls__init-uniform__ninit-1,6,division_zscore,"z-score within division, then recombined",3000,quality_lite_height_025,nnls,uniform,0.3613318451462657,0.024088789676417713,15,mins_per_game,6,599,0.1996666666666666,334,265,0.4881832539556246,blk_pct=3.07; drb_pct=2.70; orb_pct=2.65; height_inches=1.84; usg=1.04,three_pct=-1.94; three_share=-1.56; three_pa_per_100_team_poss=-1.45; ast_tov=-1.06; stl_pct=-0.79,three_pct,-1.93916668644695
quality_lite_height_025,k7__division_zscore__quality_lite_height_025__method-nnls__init-furthest_first__ninit-1,7,division_zscore,"z-score within division, then recombined",3000,quality_lite_height_025,nnls,furthest_first,0.3332879083767823,0.022219193891785487,15,mins_per_game,1,398,0.1326666666666666,205,193,0.4805340497010158,ast_tov=3.61; three_share=1.24; three_pa_per_100_team_poss=0.62; ast_pct=0.62; three_pct=0.56,tov_pct=-1.50; usg=-1.35; drb_pct=-1.08; orb_pct=-0.97; FTR=-0.89,three_pct,0.5594428839408807
quality_lite_height_025,k7__division_zscore__quality_lite_height_025__method-nnls__init-furthest_first__ninit-1,7,division_zscore,"z-score within division, then recombined",3000,quality_lite_height_025,nnls,furthest_first,0.3332879083767823,0.022219193891785487,15,mins_per_game,2,222,0.074,127,95,0.5051952142821888,blk_pct=4.04; height_inches=1.77; orb_pct=1.71; eFG=1.28; drb_pct=0.94,three_pct=-1.99; three_share=-1.52; three_pa_per_100_team_poss=-1.42; ast_tov=-1.29; ast_pct=-1.28,three_pct,-1.992699200211075
quality_lite_height_025,k7__division_zscore__quality_lite_height_025__method-nnls__init-furthest_first__ninit-1,7,division_zscore,"z-score within division, then recombined",3000,quality_lite_height_025,nnls,furthest_first,0.3332879083767823,0.022219193891785487,15,mins_per_game,3,273,0.091,147,126,0.4735424091120179,FTR=3.53; tov_pct=0.94; orb_pct=0.11; height_inches=-0.00; eFG=-0.04,usg=-1.66; three_pct=-1.58; three_pa_per_100_team_poss=-1.30; ast_pct=-1.28; three_share=-1.16,three_pct,-1.5760104345423378
quality_lite_height_025,k7__division_zscore__quality_lite_height_025__method-nnls__init-furthest_first__ninit-1,7,division_zscore,"z-score within division, then recombined",3000,quality_lite_height_025,nnls,furthest_first,0.3332879083767823,0.022219193891785487,15,mins_per_game,4,175,0.0583333333333333,92,83,0.4269945695100422,tov_pct=3.83; stl_pct=0.05; ast_tov=-0.21; drb_pct=-0.34; ast_pct=-0.56,ft_pct=-3.37; eFG=-2.40; usg=-2.00; FTR=-1.81; three_pct=-1.47,three_pct,-1.472462175664475
quality_lite_height_025,k7__division_zscore__quality_lite_height_025__method-nnls__init-furthest_first__ninit-1,7,division_zscore,"z-score within division, then recombined",3000,quality_lite_height_025,nnls,furthest_first,0.3332879083767823,0.022219193891785487,15,mins_per_game,5,854,0.2846666666666667,482,372,0.4805535786718281,three_pa_per_100_team_poss=2.48; three_share=2.02; ft_pct=0.65; three_pct=0.63; eFG=0.40,tov_pct=-1.55; FTR=-1.32; ast_pct=-1.31; ast_tov=-1.13; stl_pct=-0.81,three_pct,0.6287743182467939
quality_lite_height_025,k7__division_zscore__quality_lite_height_025__method-nnls__init-furthest_first__ninit-1,7,division_zscore,"z-score within division, then recombined",3000,quality_lite_height_025,nnls,furthest_first,0.3332879083767823,0.022219193891785487,15,mins_per_game,6,593,0.1976666666666666,321,272,0.4906332213699976,ast_pct=2.50; stl_pct=2.28; usg=2.21; ft_pct=1.07; three_pa_per_100_team_poss=0.48,height_inches=-1.63; orb_pct=-0.88; blk_pct=-0.46; drb_pct=-0.41; eFG=-0.26,three_pct,0.3434069470924874
quality_lite_height_025,k7__division_zscore__quality_lite_height_025__method-nnls__init-furthest_first__ninit-1,7,division_zscore,"z-score within division, then recombined",3000,quality_lite_height_025,nnls,furthest_first,0.3332879083767823,0.022219193891785487,15,mins_per_game,7,485,0.1616666666666666,254,231,0.4543727744579504,orb_pct=2.80; drb_pct=2.70; usg=2.00; height_inches=1.69; blk_pct=1.51,three_share=-1.45; three_pa_per_100_team_poss=-1.33; three_pct=-0.82; stl_pct=-0.70; ast_tov=-0.62,three_pct,-0.8233643621073924
quality_lite_height_025,k8__division_zscore__quality_lite_height_025__method-nnls__init-aa_plus_plus__ninit-1,8,division_zscore,"z-score within division, then recombined",3000,quality_lite_height_025,nnls,aa_plus_plus,0.3103732990195132,0.02069155326796755,15,mins_per_game,1,911,0.3036666666666666,501,410,0.4645766389877503,three_pa_per_100_team_poss=2.49; three_share=2.00; ft_pct=0.81; three_pct=0.68; usg=0.53,tov_pct=-1.58; ast_pct=-1.29; FTR=-1.23; ast_tov=-1.22; stl_pct=-0.94,three_pct,0.6783132447111934
quality_lite_height_025,k8__division_zscore__quality_lite_height_025__method-nnls__init-aa_plus_plus__ninit-1,8,division_zscore,"z-score within division, then recombined",3000,quality_lite_height_025,nnls,aa_plus_plus,0.3103732990195132,0.02069155326796755,15,mins_per_game,2,173,0.0576666666666666,93,80,0.4312188994505668,FTR=3.56; orb_pct=0.15; stl_pct=0.09; height_inches=-0.22; blk_pct=-0.68,three_pct=-1.93; ast_pct=-1.40; three_pa_per_100_team_poss=-1.32; three_share=-1.27; ft_pct=-1.23,three_pct,-1.9281435434942091
quality_lite_height_025,k8__division_zscore__quality_lite_height_025__method-nnls__init-aa_plus_plus__ninit-1,8,division_zscore,"z-score within division, then recombined",3000,quality_lite_height_025,nnls,aa_plus_plus,0.3103732990195132,0.02069155326796755,15,mins_per_game,3,296,0.0986666666666666,150,146,0.4639393315254951,ast_tov=3.60; three_share=1.74; three_pa_per_100_team_poss=1.00; three_pct=0.46; stl_pct=0.45,tov_pct=-1.88; usg=-1.58; FTR=-1.29; drb_pct=-1.25; orb_pct=-0.99,three_pct,0.4620033463777147
quality_lite_height_025,k8__division_zscore__quality_lite_height_025__method-nnls__init-aa_plus_plus__ninit-1,8,division_zscore,"z-score within division, then recombined",3000,quality_lite_height_025,nnls,aa_plus_plus,0.3103732990195132,0.02069155326796755,15,mins_per_game,4,318,0.106,160,158,0.4405207440516877,stl_pct=3.44; ast_pct=1.70; usg=1.64; FTR=0.62; tov_pct=0.39,height_inches=-1.04; three_share=-0.55; blk_pct=-0.38; eFG=-0.18; orb_pct=-0.15,three_pct,0.0764985250023515
quality_lite_height_025,k8__division_zscore__quality_lite_height_025__method-nnls__init-aa_plus_plus__ninit-1,8,division_zscore,"z-score within division, then recombined",3000,quality_lite_height_025,nnls,aa_plus_plus,0.3103732990195132,0.02069155326796755,15,mins_per_game,5,394,0.1313333333333333,234,160,0.45240876322191,ast_pct=3.01; usg=2.09; ast_tov=1.48; ft_pct=0.91; three_pct=0.57,height_inches=-1.79; drb_pct=-0.90; orb_pct=-0.86; blk_pct=-0.64; FTR=-0.42,three_pct,0.5720710897286139
quality_lite_height_025,k8__division_zscore__quality_lite_height_025__method-nnls__init-aa_plus_plus__ninit-1,8,division_zscore,"z-score within division, then recombined",3000,quality_lite_height_025,nnls,aa_plus_plus,0.3103732990195132,0.02069155326796755,15,mins_per_game,6,128,0.0426666666666666,67,61,0.4026688218899011,tov_pct=3.94; blk_pct=0.28; stl_pct=0.10; height_inches=-0.53; drb_pct=-0.72,ft_pct=-3.97; eFG=-3.17; usg=-2.13; three_pct=-2.08; FTR=-1.95,three_pct,-2.0774842775677693
quality_lite_height_025,k8__division_zscore__quality_lite_height_025__method-nnls__init-aa_plus_plus__ninit-1,8,division_zscore,"z-score within division, then recombined",3000,quality_lite_height_025,nnls,aa_plus_plus,0.3103732990195132,0.02069155326796755,15,mins_per_game,7,706,0.2353333333333333,390,316,0.4885986109697126,blk_pct=2.87; orb_pct=2.65; drb_pct=2.60; height_inches=1.99; eFG=1.26,three_pct=-1.81; three_share=-1.55; three_pa_per_100_team_poss=-1.45; ast_tov=-1.03; stl_pct=-1.01,three_pct,-1.8115005967876576
quality_lite_height_025,k8__division_zscore__quality_lite_height_025__method-nnls__init-aa_plus_plus__ninit-1,8,division_zscore,"z-score within division, then recombined",3000,quality_lite_height_025,nnls,aa_plus_plus,0.3103732990195132,0.02069155326796755,15,mins_per_game,8,74,0.0246666666666666,33,41,0.3686186568139477,tov_pct=3.57; FTR=3.10; eFG=2.23; three_pct=1.57; ast_pct=1.12,usg=-1.60; orb_pct=-1.51; stl_pct=-1.25; three_pa_per_100_team_poss=-1.13; height_inches=-1.04,three_pct,1.566985819839516
quality_lite_no_height,k6__division_zscore__quality_lite_no_height__method-nnls__init-aa_plus_plus__ninit-1,6,division_zscore,"z-score within division, then recombined",3000,quality_lite_no_height,nnls,aa_plus_plus,0.3318744542043277,0.023705318157451978,14,height_inches|mins_per_game,1,839,0.2796666666666667,465,374,0.4819226714238443,three_pa_per_100_team_poss=2.47; three_share=1.97; ft_pct=0.74; three_pct=0.68; eFG=0.47,tov_pct=-1.51; ast_pct=-1.38; ast_tov=-1.30; FTR=-1.17; stl_pct=-0.92,ft_pct,0.7362453831973138
quality_lite_no_height,k6__division_zscore__quality_lite_no_height__method-nnls__init-aa_plus_plus__ninit-1,6,division_zscore,"z-score within division, then recombined",3000,quality_lite_no_height,nnls,aa_plus_plus,0.3318744542043277,0.023705318157451978,14,height_inches|mins_per_game,2,210,0.07,106,104,0.4407402226984385,tov_pct=3.78; stl_pct=-0.12; blk_pct=-0.13; ast_pct=-0.39; ast_tov=-0.44,ft_pct=-3.01; eFG=-2.10; usg=-1.92; FTR=-1.75; three_pa_per_100_team_poss=-1.21,ft_pct,-3.009298884683971
quality_lite_no_height,k6__division_zscore__quality_lite_no_height__method-nnls__init-aa_plus_plus__ninit-1,6,division_zscore,"z-score within division, then recombined",3000,quality_lite_no_height,nnls,aa_plus_plus,0.3318744542043277,0.023705318157451978,14,height_inches|mins_per_game,3,459,0.153,256,203,0.4720511160361476,blk_pct=3.64; orb_pct=2.92; drb_pct=2.71; eFG=0.64; usg=0.51,three_pct=-1.93; three_share=-1.55; three_pa_per_100_team_poss=-1.45; ast_tov=-1.02; ast_pct=-0.89,ft_pct,-0.4988887007193703
quality_lite_no_height,k6__division_zscore__quality_lite_no_height__method-nnls__init-aa_plus_plus__ninit-1,6,division_zscore,"z-score within division, then recombined",3000,quality_lite_no_height,nnls,aa_plus_plus,0.3318744542043277,0.023705318157451978,14,height_inches|mins_per_game,4,742,0.2473333333333333,404,338,0.5061546064784389,ast_pct=2.68; usg=2.23; stl_pct=1.71; ft_pct=0.73; FTR=0.51,orb_pct=-0.73; blk_pct=-0.54; three_share=-0.35; eFG=-0.26; drb_pct=-0.23,ft_pct,0.7349699787587828
quality_lite_no_height,k6__division_zscore__quality_lite_no_height__method-nnls__init-aa_plus_plus__ninit-1,6,division_zscore,"z-score within division, then recombined",3000,quality_lite_no_height,nnls,aa_plus_plus,0.3318744542043277,0.023705318157451978,14,height_inches|mins_per_game,5,385,0.1283333333333333,207,178,0.4905553136314093,FTR=3.54; orb_pct=0.68; tov_pct=0.54; eFG=0.35; drb_pct=-0.29,three_pct=-1.58; three_pa_per_100_team_poss=-1.32; three_share=-1.23; ast_pct=-1.21; usg=-1.21,ft_pct,-0.52779869053187
quality_lite_no_height,k6__division_zscore__quality_lite_no_height__method-nnls__init-aa_plus_plus__ninit-1,6,division_zscore,"z-score within division, then recombined",3000,quality_lite_no_height,nnls,aa_plus_plus,0.3318744542043277,0.023705318157451978,14,height_inches|mins_per_game,6,365,0.1216666666666666,190,175,0.4750526939685237,ast_tov=3.61; three_share=1.39; three_pa_per_100_team_poss=0.62; three_pct=0.46; ast_pct=0.34,tov_pct=-1.81; usg=-1.64; drb_pct=-1.04; orb_pct=-1.01; FTR=-0.97,ft_pct,-0.1044042332153723
quality_lite_no_height,k7__division_zscore__quality_lite_no_height__method-nnls__init-uniform__ninit-1,7,division_zscore,"z-score within division, then recombined",3000,quality_lite_no_height,nnls,uniform,0.3057733967215648,0.0218409569086832,14,height_inches|mins_per_game,1,410,0.1366666666666666,223,187,0.4745940911079103,FTR=3.55; orb_pct=0.95; eFG=0.61; tov_pct=0.42; blk_pct=-0.15,three_pct=-1.71; three_pa_per_100_team_poss=-1.36; usg=-1.32; three_share=-1.32; ast_pct=-1.15,ft_pct,-0.6729538151803396
quality_lite_no_height,k7__division_zscore__quality_lite_no_height__method-nnls__init-uniform__ninit-1,7,division_zscore,"z-score within division, then recombined",3000,quality_lite_no_height,nnls,uniform,0.3057733967215648,0.0218409569086832,14,height_inches|mins_per_game,2,836,0.2786666666666667,458,378,0.4601655417019247,three_pa_per_100_team_poss=2.44; three_share=1.96; ft_pct=0.84; three_pct=0.69; usg=0.59,tov_pct=-1.62; ast_tov=-1.34; stl_pct=-1.33; ast_pct=-1.32; FTR=-0.98,ft_pct,0.8377761904789888
quality_lite_no_height,k7__division_zscore__quality_lite_no_height__method-nnls__init-uniform__ninit-1,7,division_zscore,"z-score within division, then recombined",3000,quality_lite_no_height,nnls,uniform,0.3057733967215648,0.0218409569086832,14,height_inches|mins_per_game,3,389,0.1296666666666666,219,170,0.4576771015188351,blk_pct=3.93; orb_pct=2.92; drb_pct=2.71; eFG=0.49; usg=0.05,three_pct=-1.93; three_share=-1.55; three_pa_per_100_team_poss=-1.45; ast_pct=-1.16; ast_tov=-1.08,ft_pct,-0.6862081288471159
quality_lite_no_height,k7__division_zscore__quality_lite_no_height__method-nnls__init-uniform__ninit-1,7,division_zscore,"z-score within division, then recombined",3000,quality_lite_no_height,nnls,uniform,0.3057733967215648,0.0218409569086832,14,height_inches|mins_per_game,4,335,0.1116666666666666,174,161,0.469291657365989,ast_tov=3.61; three_share=1.69; three_pa_per_100_team_poss=0.96; three_pct=0.46; stl_pct=0.38,tov_pct=-1.85; usg=-1.57; drb_pct=-1.20; FTR=-1.19; orb_pct=-0.99,ft_pct,-0.4291689174408324
quality_lite_no_height,k7__division_zscore__quality_lite_no_height__method-nnls__init-uniform__ninit-1,7,division_zscore,"z-score within division, then recombined",3000,quality_lite_no_height,nnls,uniform,0.3057733967215648,0.0218409569086832,14,height_inches|mins_per_game,5,339,0.113,178,161,0.4399483238331194,stl_pct=3.47; usg=1.59; ast_pct=1.55; FTR=0.80; three_pct=0.51,drb_pct=-0.83; orb_pct=-0.69; blk_pct=-0.57; eFG=-0.42; three_share=-0.10,ft_pct,0.332408318214428
quality_lite_no_height,k7__division_zscore__quality_lite_no_height__method-nnls__init-uniform__ninit-1,7,division_zscore,"z-score within division, then recombined",3000,quality_lite_no_height,nnls,uniform,0.3057733967215648,0.0218409569086832,14,height_inches|mins_per_game,6,224,0.0746666666666666,112,112,0.4250744613967529,tov_pct=3.79; stl_pct=-0.11; blk_pct=-0.11; ast_pct=-0.42; ast_tov=-0.45,ft_pct=-3.10; eFG=-2.15; usg=-1.94; FTR=-1.76; three_pct=-1.24,ft_pct,-3.1023498538882395
quality_lite_no_height,k7__division_zscore__quality_lite_no_height__method-nnls__init-uniform__ninit-1,7,division_zscore,"z-score within division, then recombined",3000,quality_lite_no_height,nnls,uniform,0.3057733967215648,0.0218409569086832,14,height_inches|mins_per_game,7,467,0.1556666666666666,264,203,0.4500973109087519,ast_pct=3.02; usg=2.12; ast_tov=1.05; ft_pct=0.66; FTR=0.21,orb_pct=-0.76; three_share=-0.65; blk_pct=-0.58; stl_pct=-0.30; three_pa_per_100_team_poss=-0.18,ft_pct,0.6613644046090431
quality_lite_no_height,k8__division_zscore__quality_lite_no_height__method-nnls__init-uniform__ninit-1,8,division_zscore,"z-score within division, then recombined",3000,quality_lite_no_height,nnls,uniform,0.2783043367516002,0.019878881196542873,14,height_inches|mins_per_game,1,241,0.0803333333333333,113,128,0.435758447968365,stl_pct=3.42; FTR=2.22; tov_pct=1.44; ast_pct=1.32; usg=0.93,three_share=-0.62; three_pa_per_100_team_poss=-0.58; orb_pct=-0.51; drb_pct=-0.47; blk_pct=-0.27,ft_pct,-0.1558878129723498
quality_lite_no_height,k8__division_zscore__quality_lite_no_height__method-nnls__init-uniform__ninit-1,8,division_zscore,"z-score within division, then recombined",3000,quality_lite_no_height,nnls,uniform,0.2783043367516002,0.019878881196542873,14,height_inches|mins_per_game,2,189,0.063,107,82,0.4564765187094199,FTR=3.56; tov_pct=0.65; orb_pct=0.39; eFG=0.32; blk_pct=0.30,usg=-2.08; three_pct=-1.70; stl_pct=-1.67; three_pa_per_100_team_poss=-1.33; three_share=-1.23,ft_pct,-0.9207979002346046
quality_lite_no_height,k8__division_zscore__quality_lite_no_height__method-nnls__init-uniform__ninit-1,8,division_zscore,"z-score within division, then recombined",3000,quality_lite_no_height,nnls,uniform,0.2783043367516002,0.019878881196542873,14,height_inches|mins_per_game,3,488,0.1626666666666666,284,204,0.454393699196468,ast_pct=3.03; usg=2.02; ast_tov=1.49; ft_pct=1.05; three_pa_per_100_team_poss=0.45,orb_pct=-0.98; drb_pct=-0.65; blk_pct=-0.59; FTR=-0.46; stl_pct=-0.40,ft_pct,1.0467174533300825
quality_lite_no_height,k8__division_zscore__quality_lite_no_height__method-nnls__init-uniform__ninit-1,8,division_zscore,"z-score within division, then recombined",3000,quality_lite_no_height,nnls,uniform,0.2783043367516002,0.019878881196542873,14,height_inches|mins_per_game,4,247,0.0823333333333333,144,103,0.482946233677228,blk_pct=4.02; orb_pct=2.28; drb_pct=2.05; eFG=1.12; tov_pct=-0.29,three_pct=-1.94; three_share=-1.55; three_pa_per_100_team_poss=-1.45; ast_pct=-1.13; ast_tov=-1.12,ft_pct,-0.7778809039704154
quality_lite_no_height,k8__division_zscore__quality_lite_no_height__method-nnls__init-uniform__ninit-1,8,division_zscore,"z-score within division, then recombined",3000,quality_lite_no_height,nnls,uniform,0.2783043367516002,0.019878881196542873,14,height_inches|mins_per_game,5,929,0.3096666666666666,517,412,0.4733175390766912,three_pa_per_100_team_poss=2.49; three_share=1.97; ft_pct=0.87; three_pct=0.64; usg=0.44,tov_pct=-1.48; ast_pct=-1.35; FTR=-1.23; ast_tov=-1.19; orb_pct=-0.85,ft_pct,0.8691125276925467
quality_lite_no_height,k8__division_zscore__quality_lite_no_height__method-nnls__init-uniform__ninit-1,8,division_zscore,"z-score within division, then recombined",3000,quality_lite_no_height,nnls,uniform,0.2783043367516002,0.019878881196542873,14,height_inches|mins_per_game,6,279,0.093,143,136,0.468210645804107,ast_tov=3.59; three_share=1.56; three_pa_per_100_team_poss=0.77; three_pct=0.49; stl_pct=0.38,tov_pct=-1.89; usg=-1.64; FTR=-1.16; drb_pct=-1.11; orb_pct=-0.95,ft_pct,-0.731035058092472
quality_lite_no_height,k8__division_zscore__quality_lite_no_height__method-nnls__init-uniform__ninit-1,8,division_zscore,"z-score within division, then recombined",3000,quality_lite_no_height,nnls,uniform,0.2783043367516002,0.019878881196542873,14,height_inches|mins_per_game,7,199,0.0663333333333333,95,104,0.416259482813419,tov_pct=3.81; stl_pct=0.02; ast_tov=-0.24; drb_pct=-0.34; ast_pct=-0.55,ft_pct=-3.27; eFG=-2.36; usg=-1.99; FTR=-1.80; three_pct=-1.45,ft_pct,-3.2655387388964177
quality_lite_no_height,k8__division_zscore__quality_lite_no_height__method-nnls__init-uniform__ninit-1,8,division_zscore,"z-score within division, then recombined",3000,quality_lite_no_height,nnls,uniform,0.2783043367516002,0.019878881196542873,14,height_inches|mins_per_game,8,428,0.1426666666666666,225,203,0.4376478601277311,orb_pct=2.78; drb_pct=2.65; FTR=1.72; usg=1.37; blk_pct=0.73,three_share=-1.31; three_pa_per_100_team_poss=-1.19; ast_tov=-1.02; tov_pct=-0.76; ast_pct=-0.66,ft_pct,0.0531601934700326
quality_lite_height_025,k6__division_zscore__quality_lite_height_025__method-nnls__init-uniform__ninit-1,6,division_zscore,"z-score within division, then recombined",3000,quality_lite_height_025,nnls,uniform,0.3613318451462657,0.024088789676417713,15,mins_per_game,1,391,0.1303333333333333,203,188,0.4777166882017243,ast_tov=3.59; three_share=1.42; three_pa_per_100_team_poss=0.75; three_pct=0.49; ast_pct=0.40,tov_pct=-1.67; usg=-1.48; drb_pct=-1.14; FTR=-1.05; orb_pct=-0.97,ft_pct,0.0438604241959508
quality_lite_height_025,k6__division_zscore__quality_lite_height_025__method-nnls__init-uniform__ninit-1,6,division_zscore,"z-score within division, then recombined",3000,quality_lite_height_025,nnls,uniform,0.3613318451462657,0.024088789676417713,15,mins_per_game,2,326,0.1086666666666666,172,154,0.4943497310566704,FTR=3.52; tov_pct=0.75; orb_pct=0.52; height_inches=0.33; eFG=0.23,three_pct=-1.55; usg=-1.42; three_pa_per_100_team_poss=-1.31; three_share=-1.25; ast_pct=-1.19,ft_pct,-0.7687524829118685
quality_lite_height_025,k6__division_zscore__quality_lite_height_025__method-nnls__init-uniform__ninit-1,6,division_zscore,"z-score within division, then recombined",3000,quality_lite_height_025,nnls,uniform,0.3613318451462657,0.024088789676417713,15,mins_per_game,3,697,0.2323333333333333,378,319,0.5064797994274349,ast_pct=2.65; usg=2.21; stl_pct=1.82; ft_pct=0.87; FTR=0.53,height_inches=-1.49; orb_pct=-0.79; blk_pct=-0.56; eFG=-0.27; drb_pct=-0.27,ft_pct,0.8748986350630688
quality_lite_height_025,k6__division_zscore__quality_lite_height_025__method-nnls__init-uniform__ninit-1,6,division_zscore,"z-score within division, then recombined",3000,quality_lite_height_025,nnls,uniform,0.3613318451462657,0.024088789676417713,15,mins_per_game,4,184,0.0613333333333333,98,86,0.4379973419907649,tov_pct=3.82; blk_pct=-0.03; stl_pct=-0.04; ast_tov=-0.53; ast_pct=-0.56,ft_pct=-3.26; eFG=-2.36; usg=-1.99; FTR=-1.80; three_pct=-1.44,ft_pct,-3.2583901004514098
quality_lite_height_025,k6__division_zscore__quality_lite_height_025__method-nnls__init-uniform__ninit-1,6,division_zscore,"z-score within division, then recombined",3000,quality_lite_height_025,nnls,uniform,0.3613318451462657,0.024088789676417713,15,mins_per_game,5,803,0.2676666666666666,443,360,0.480580169897724,three_pa_per_100_team_poss=2.48; three_share=1.98; ft_pct=0.71; three_pct=0.67; usg=0.50,tov_pct=-1.54; ast_pct=-1.33; ast_tov=-1.24; FTR=-1.18; stl_pct=-0.95,ft_pct,0.7065338005987699
quality_lite_height_025,k6__division_zscore__quality_lite_height_025__method-nnls__init-uniform__ninit-1,6,division_zscore,"z-score within division, then recombined",3000,quality_lite_height_025,nnls,uniform,0.3613318451462657,0.024088789676417713,15,mins_per_game,6,599,0.1996666666666666,334,265,0.4881832539556246,blk_pct=3.07; drb_pct=2.70; orb_pct=2.65; height_inches=1.84; usg=1.04,three_pct=-1.94; three_share=-1.56; three_pa_per_100_team_poss=-1.45; ast_tov=-1.06; stl_pct=-0.79,ft_pct,-0.3101801041586432
quality_lite_height_025,k7__division_zscore__quality_lite_height_025__method-nnls__init-furthest_first__ninit-1,7,division_zscore,"z-score within division, then recombined",3000,quality_lite_height_025,nnls,furthest_first,0.3332879083767823,0.022219193891785487,15,mins_per_game,1,398,0.1326666666666666,205,193,0.4805340497010158,ast_tov=3.61; three_share=1.24; three_pa_per_100_team_poss=0.62; ast_pct=0.62; three_pct=0.56,tov_pct=-1.50; usg=-1.35; drb_pct=-1.08; orb_pct=-0.97; FTR=-0.89,ft_pct,0.0947635082096761
quality_lite_height_025,k7__division_zscore__quality_lite_height_025__method-nnls__init-furthest_first__ninit-1,7,division_zscore,"z-score within division, then recombined",3000,quality_lite_height_025,nnls,furthest_first,0.3332879083767823,0.022219193891785487,15,mins_per_game,2,222,0.074,127,95,0.5051952142821888,blk_pct=4.04; height_inches=1.77; orb_pct=1.71; eFG=1.28; drb_pct=0.94,three_pct=-1.99; three_share=-1.52; three_pa_per_100_team_poss=-1.42; ast_tov=-1.29; ast_pct=-1.28,ft_pct,-0.6138360618380907
quality_lite_height_025,k7__division_zscore__quality_lite_height_025__method-nnls__init-furthest_first__ninit-1,7,division_zscore,"z-score within division, then recombined",3000,quality_lite_height_025,nnls,furthest_first,0.3332879083767823,0.022219193891785487,15,mins_per_game,3,273,0.091,147,126,0.4735424091120179,FTR=3.53; tov_pct=0.94; orb_pct=0.11; height_inches=-0.00; eFG=-0.04,usg=-1.66; three_pct=-1.58; three_pa_per_100_team_poss=-1.30; ast_pct=-1.28; three_share=-1.16,ft_pct,-0.7944571039890295
quality_lite_height_025,k7__division_zscore__quality_lite_height_025__method-nnls__init-furthest_first__ninit-1,7,division_zscore,"z-score within division, then recombined",3000,quality_lite_height_025,nnls,furthest_first,0.3332879083767823,0.022219193891785487,15,mins_per_game,4,175,0.0583333333333333,92,83,0.4269945695100422,tov_pct=3.83; stl_pct=0.05; ast_tov=-0.21; drb_pct=-0.34; ast_pct=-0.56,ft_pct=-3.37; eFG=-2.40; usg=-2.00; FTR=-1.81; three_pct=-1.47,ft_pct,-3.366977516643336
quality_lite_height_025,k7__division_zscore__quality_lite_height_025__method-nnls__init-furthest_first__ninit-1,7,division_zscore,"z-score within division, then recombined",3000,quality_lite_height_025,nnls,furthest_first,0.3332879083767823,0.022219193891785487,15,mins_per_game,5,854,0.2846666666666667,482,372,0.4805535786718281,three_pa_per_100_team_poss=2.48; three_share=2.02; ft_pct=0.65; three_pct=0.63; eFG=0.40,tov_pct=-1.55; FTR=-1.32; ast_pct=-1.31; ast_tov=-1.13; stl_pct=-0.81,ft_pct,0.6517992567363868
quality_lite_height_025,k7__division_zscore__quality_lite_height_025__method-nnls__init-furthest_first__ninit-1,7,division_zscore,"z-score within division, then recombined",3000,quality_lite_height_025,nnls,furthest_first,0.3332879083767823,0.022219193891785487,15,mins_per_game,6,593,0.1976666666666666,321,272,0.4906332213699976,ast_pct=2.50; stl_pct=2.28; usg=2.21; ft_pct=1.07; three_pa_per_100_team_poss=0.48,height_inches=-1.63; orb_pct=-0.88; blk_pct=-0.46; drb_pct=-0.41; eFG=-0.26,ft_pct,1.072427329942241
quality_lite_height_025,k7__division_zscore__quality_lite_height_025__method-nnls__init-furthest_first__ninit-1,7,division_zscore,"z-score within division, then recombined",3000,quality_lite_height_025,nnls,furthest_first,0.3332879083767823,0.022219193891785487,15,mins_per_game,7,485,0.1616666666666666,254,231,0.4543727744579504,orb_pct=2.80; drb_pct=2.70; usg=2.00; height_inches=1.69; blk_pct=1.51,three_share=-1.45; three_pa_per_100_team_poss=-1.33; three_pct=-0.82; stl_pct=-0.70; ast_tov=-0.62,ft_pct,-0.1256074668996041
quality_lite_height_025,k8__division_zscore__quality_lite_height_025__method-nnls__init-aa_plus_plus__ninit-1,8,division_zscore,"z-score within division, then recombined",3000,quality_lite_height_025,nnls,aa_plus_plus,0.3103732990195132,0.02069155326796755,15,mins_per_game,1,911,0.3036666666666666,501,410,0.4645766389877503,three_pa_per_100_team_poss=2.49; three_share=2.00; ft_pct=0.81; three_pct=0.68; usg=0.53,tov_pct=-1.58; ast_pct=-1.29; FTR=-1.23; ast_tov=-1.22; stl_pct=-0.94,ft_pct,0.8114712590816028
quality_lite_height_025,k8__division_zscore__quality_lite_height_025__method-nnls__init-aa_plus_plus__ninit-1,8,division_zscore,"z-score within division, then recombined",3000,quality_lite_height_025,nnls,aa_plus_plus,0.3103732990195132,0.02069155326796755,15,mins_per_game,2,173,0.0576666666666666,93,80,0.4312188994505668,FTR=3.56; orb_pct=0.15; stl_pct=0.09; height_inches=-0.22; blk_pct=-0.68,three_pct=-1.93; ast_pct=-1.40; three_pa_per_100_team_poss=-1.32; three_share=-1.27; ft_pct=-1.23,ft_pct,-1.2287921084073037
quality_lite_height_025,k8__division_zscore__quality_lite_height_025__method-nnls__init-aa_plus_plus__ninit-1,8,division_zscore,"z-score within division, then recombined",3000,quality_lite_height_025,nnls,aa_plus_plus,0.3103732990195132,0.02069155326796755,15,mins_per_game,3,296,0.0986666666666666,150,146,0.4639393315254951,ast_tov=3.60; three_share=1.74; three_pa_per_100_team_poss=1.00; three_pct=0.46; stl_pct=0.45,tov_pct=-1.88; usg=-1.58; FTR=-1.29; drb_pct=-1.25; orb_pct=-0.99,ft_pct,-0.7680438730574248
quality_lite_height_025,k8__division_zscore__quality_lite_height_025__method-nnls__init-aa_plus_plus__ninit-1,8,division_zscore,"z-score within division, then recombined",3000,quality_lite_height_025,nnls,aa_plus_plus,0.3103732990195132,0.02069155326796755,15,mins_per_game,4,318,0.106,160,158,0.4405207440516877,stl_pct=3.44; ast_pct=1.70; usg=1.64; FTR=0.62; tov_pct=0.39,height_inches=-1.04; three_share=-0.55; blk_pct=-0.38; eFG=-0.18; orb_pct=-0.15,ft_pct,0.0205973936094232
quality_lite_height_025,k8__division_zscore__quality_lite_height_025__method-nnls__init-aa_plus_plus__ninit-1,8,division_zscore,"z-score within division, then recombined",3000,quality_lite_height_025,nnls,aa_plus_plus,0.3103732990195132,0.02069155326796755,15,mins_per_game,5,394,0.1313333333333333,234,160,0.45240876322191,ast_pct=3.01; usg=2.09; ast_tov=1.48; ft_pct=0.91; three_pct=0.57,height_inches=-1.79; drb_pct=-0.90; orb_pct=-0.86; blk_pct=-0.64; FTR=-0.42,ft_pct,0.9126925212882994
quality_lite_height_025,k8__division_zscore__quality_lite_height_025__method-nnls__init-aa_plus_plus__ninit-1,8,division_zscore,"z-score within division, then recombined",3000,quality_lite_height_025,nnls,aa_plus_plus,0.3103732990195132,0.02069155326796755,15,mins_per_game,6,128,0.0426666666666666,67,61,0.4026688218899011,tov_pct=3.94; blk_pct=0.28; stl_pct=0.10; height_inches=-0.53; drb_pct=-0.72,ft_pct=-3.97; eFG=-3.17; usg=-2.13; three_pct=-2.08; FTR=-1.95,ft_pct,-3.9723473192046974
quality_lite_height_025,k8__division_zscore__quality_lite_height_025__method-nnls__init-aa_plus_plus__ninit-1,8,division_zscore,"z-score within division, then recombined",3000,quality_lite_height_025,nnls,aa_plus_plus,0.3103732990195132,0.02069155326796755,15,mins_per_game,7,706,0.2353333333333333,390,316,0.4885986109697126,blk_pct=2.87; orb_pct=2.65; drb_pct=2.60; height_inches=1.99; eFG=1.26,three_pct=-1.81; three_share=-1.55; three_pa_per_100_team_poss=-1.45; ast_tov=-1.03; stl_pct=-1.01,ft_pct,-0.2739405924774126
quality_lite_height_025,k8__division_zscore__quality_lite_height_025__method-nnls__init-aa_plus_plus__ninit-1,8,division_zscore,"z-score within division, then recombined",3000,quality_lite_height_025,nnls,aa_plus_plus,0.3103732990195132,0.02069155326796755,15,mins_per_game,8,74,0.0246666666666666,33,41,0.3686186568139477,tov_pct=3.57; FTR=3.10; eFG=2.23; three_pct=1.57; ast_pct=1.12,usg=-1.60; orb_pct=-1.51; stl_pct=-1.25; three_pa_per_100_team_poss=-1.13; height_inches=-1.04,ft_pct,-0.2575437716941823
