target,regime,model,split,bucket,n,pred_min,pred_max,pred_mean,actual_mean,actual_median,bias_actual_minus_pred
rapm,no_minutes,mean,season_holdout_2025_26,1,17,-0.9322233009708738,-0.9322233009708738,-0.9322233009708738,-1.8670882352941176,-1.9366,-0.9348649343232438
rapm,no_minutes,mean,season_holdout_2025_26,2,16,-0.9322233009708738,-0.9322233009708738,-0.9322233009708738,-1.15988125,-1.11165,-0.22765794902912626
rapm,no_minutes,mean,season_holdout_2025_26,3,16,-0.9322233009708738,-0.9322233009708738,-0.9322233009708738,-1.9519375,-1.2818,-1.0197141990291265
rapm,no_minutes,mean,season_holdout_2025_26,4,16,-0.9322233009708738,-0.9322233009708738,-0.9322233009708738,-0.97895,-1.0061499999999999,-0.046726699029126184
rapm,no_minutes,mean,season_holdout_2025_26,5,17,-0.9322233009708738,-0.9322233009708738,-0.9322233009708738,-0.8904588235294117,-0.5549999999999999,0.041764477441462
rapm,no_minutes,mean,season_holdout_2025_26,6,16,-0.9322233009708738,-0.9322233009708738,-0.9322233009708738,-1.21095625,-1.02345,-0.2787329490291264
rapm,no_minutes,mean,season_holdout_2025_26,7,16,-0.9322233009708738,-0.9322233009708738,-0.9322233009708738,-0.8199750000000001,-0.5120499999999999,0.11224830097087372
rapm,no_minutes,mean,season_holdout_2025_26,8,16,-0.9322233009708738,-0.9322233009708738,-0.9322233009708738,-0.4182124999999998,-0.29335,0.5140108009708737
rapm,no_minutes,mean,season_holdout_2025_26,9,16,-0.9322233009708738,-0.9322233009708738,-0.9322233009708738,-2.26744375,-2.8295000000000003,-1.3352204490291264
rapm,no_minutes,mean,season_holdout_2025_26,10,17,-0.9322233009708738,-0.9322233009708738,-0.9322233009708738,-0.5115235294117647,-0.1426,0.42069977155910887
rapm,no_minutes,ridge,season_holdout_2025_26,1,17,-3.7352706538190077,-2.578848521958971,-2.9336417135039548,-3.4088176470588234,-3.3228999999999997,-0.4751759335548686
rapm,no_minutes,ridge,season_holdout_2025_26,2,16,-2.481493143892168,-1.898206163424793,-2.2196370592182753,-1.0814,-0.81985,1.1382370592182753
rapm,no_minutes,ridge,season_holdout_2025_26,3,16,-1.8389703772616204,-1.511315084227477,-1.6779271335946124,-2.5155250000000002,-2.8535,-0.8375978664053874
rapm,no_minutes,ridge,season_holdout_2025_26,4,16,-1.5021881087104947,-1.3364176386332618,-1.4415087045931305,-1.26325625,-1.28695,0.1782524545931305
rapm,no_minutes,ridge,season_holdout_2025_26,5,17,-1.3302693148951634,-1.0709743755641021,-1.2112244608964924,-1.9923647058823528,-1.4952,-0.7811402449858604
rapm,no_minutes,ridge,season_holdout_2025_26,6,16,-1.0686333881757435,-0.9222164039560335,-0.9722411284561638,-1.11994375,-0.7351,-0.14770262154383618
rapm,no_minutes,ridge,season_holdout_2025_26,7,16,-0.8908127959819025,-0.47952156948026037,-0.6944683820645485,-0.7201312499999999,-0.7212,-0.02566286793545136
rapm,no_minutes,ridge,season_holdout_2025_26,8,16,-0.4012242071642802,0.12470861538495726,-0.08191744659079217,-1.3970937499999998,-1.1271499999999999,-1.3151763034092079
rapm,no_minutes,ridge,season_holdout_2025_26,9,16,0.15539813214425535,0.8619019439641213,0.6554652707959944,0.09113750000000004,0.30025,-0.5643277707959944
rapm,no_minutes,ridge,season_holdout_2025_26,10,17,1.0379942258690171,4.593344724934548,1.9061080570378115,1.3780941176470587,1.1831,-0.5280139393907528
rapm,no_minutes,elasticnet,season_holdout_2025_26,1,17,-3.719068015581092,-2.514754477619532,-2.8565712183073453,-3.4088176470588234,-3.3228999999999997,-0.5522464287514784
rapm,no_minutes,elasticnet,season_holdout_2025_26,2,16,-2.454165931498277,-1.8580755743959863,-2.180584183723992,-1.507525,-1.1622999999999999,0.6730591837239921
rapm,no_minutes,elasticnet,season_holdout_2025_26,3,16,-1.85755305345526,-1.5231930493499788,-1.6490862841981435,-1.5692,-1.02345,0.0798862841981437
rapm,no_minutes,elasticnet,season_holdout_2025_26,4,16,-1.5203407848773787,-1.3105232210230056,-1.416344610892478,-2.12395625,-2.459,-0.7076116391075218
rapm,no_minutes,elasticnet,season_holdout_2025_26,5,17,-1.3093443093286097,-1.0858198242896684,-1.1933753107005334,-1.1642588235294118,-0.8238,0.02911648717112165
rapm,no_minutes,elasticnet,season_holdout_2025_26,6,16,-1.0666295587856998,-0.8430674635392438,-0.9547723363563914,-1.2784499999999999,-0.4394,-0.3236776636436088
rapm,no_minutes,elasticnet,season_holdout_2025_26,7,16,-0.8422842208412495,-0.34178030732068854,-0.6669436516903948,-2.0461875000000003,-1.875,-1.3792438483096054
rapm,no_minutes,elasticnet,season_holdout_2025_26,8,16,-0.32751323467907656,0.12932692510324084,-0.10837312520030334,-0.58915625,-1.0542,-0.4807831247996967
rapm,no_minutes,elasticnet,season_holdout_2025_26,9,16,0.1336534974801632,0.9749586703887408,0.6102112757549042,0.09103749999999994,0.30025,-0.5191737757549042
rapm,no_minutes,elasticnet,season_holdout_2025_26,10,17,0.9775824247018862,4.564542571230071,1.8716616162602797,1.5073764705882353,1.1831,-0.3642851456720444
rapm,no_minutes,random_forest,season_holdout_2025_26,1,17,-2.7150475606615396,-1.9163124119181676,-2.1925036606420276,-1.6511529411764705,-1.1455,0.5413507194655568
rapm,no_minutes,random_forest,season_holdout_2025_26,2,16,-1.862673063949633,-1.6501883182536288,-1.764198381520256,-2.3683,-3.1337,-0.6041016184797441
rapm,no_minutes,random_forest,season_holdout_2025_26,3,16,-1.6470787085046887,-1.5691326721518075,-1.611144046461406,-2.28153125,-2.3643,-0.670387203538594
rapm,no_minutes,random_forest,season_holdout_2025_26,4,16,-1.5633799324785942,-1.3260741102239875,-1.4571822578937184,-2.4527125,-2.02185,-0.9955302421062816
rapm,no_minutes,random_forest,season_holdout_2025_26,5,17,-1.3147391844440282,-1.073900900228244,-1.2037380757065763,-1.2494235294117648,-1.5754,-0.04568545370518873
rapm,no_minutes,random_forest,season_holdout_2025_26,6,16,-1.0425162881988925,-0.8916234267278063,-0.9581606383018033,-1.27203125,-1.2568,-0.31387061169819674
rapm,no_minutes,random_forest,season_holdout_2025_26,7,16,-0.8856246669116019,-0.6363149572657325,-0.7544861901702451,-1.5092375,-1.0002,-0.754751309829755
rapm,no_minutes,random_forest,season_holdout_2025_26,8,16,-0.6272232297350606,-0.16525180045814955,-0.38486488884186315,-0.64540625,-0.50135,-0.2605413611581369
rapm,no_minutes,random_forest,season_holdout_2025_26,9,16,-0.1597552577456041,0.38602097619810716,0.12006988317630995,-0.51570625,-0.32599999999999996,-0.6357761331763101
rapm,no_minutes,random_forest,season_holdout_2025_26,10,17,0.3901007840320338,2.841946988916927,1.1813271077220373,1.7374529411764705,1.5322,0.5561258334544334
rapm,no_minutes,extra_trees,season_holdout_2025_26,1,17,-3.0841120624999996,-2.3131290434523835,-2.6047981140056025,-1.9879411764705883,-2.686,0.6168569375350141
rapm,no_minutes,extra_trees,season_holdout_2025_26,2,16,-2.260120913095237,-2.1031753952380954,-2.1792399150669644,-1.33823125,-0.8487,0.8410086650669644
rapm,no_minutes,extra_trees,season_holdout_2025_26,3,16,-2.1016379773809537,-1.8542721315476192,-1.9744374581845237,-3.0171125,-3.2501,-1.0426750418154762
rapm,no_minutes,extra_trees,season_holdout_2025_26,4,16,-1.8290324922619043,-1.6267536380952397,-1.7456622386718759,-1.72630625,-1.42665,0.019355988671875657
rapm,no_minutes,extra_trees,season_holdout_2025_26,5,17,-1.6197270970238096,-1.3284833261904772,-1.4508798394432771,-1.5161058823529412,-1.0457999999999998,-0.06522604290966402
rapm,no_minutes,extra_trees,season_holdout_2025_26,6,16,-1.3107466744047624,-1.1491955422619053,-1.2313398948474705,-1.9726374999999998,-1.1018000000000001,-0.7412976051525294
rapm,no_minutes,extra_trees,season_holdout_2025_26,7,16,-1.0790747988095244,-0.7141033505952376,-0.8898727105654762,-1.4344999999999999,-1.2191,-0.5446272894345238
rapm,no_minutes,extra_trees,season_holdout_2025_26,8,16,-0.7104593107142857,-0.20265251309523793,-0.4978631648065475,-1.0956375,-0.69025,-0.5977743351934524
rapm,no_minutes,extra_trees,season_holdout_2025_26,9,16,-0.19572790357142852,0.8583153285714283,0.2697874921688987,-0.14274374999999995,0.3858999999999999,-0.4125312421688989
rapm,no_minutes,extra_trees,season_holdout_2025_26,10,17,1.2547268892857137,4.60088538333334,2.681911124439776,2.0418588235294117,1.5322,-0.6400523009103644
rapm,no_minutes,gradient_boosting,season_holdout_2025_26,1,17,-3.2390233838165887,-2.2267131614788718,-2.523405634915273,-2.741335294117647,-3.2727,-0.2179296592023738
rapm,no_minutes,gradient_boosting,season_holdout_2025_26,2,16,-2.2011327071923783,-1.9605725227096447,-2.0858791547505975,-2.2971375,-2.6505,-0.21125834524940268
rapm,no_minutes,gradient_boosting,season_holdout_2025_26,3,16,-1.9594979734659754,-1.6011340384215076,-1.7695645574687477,-1.4805374999999998,-1.2732999999999999,0.2890270574687479
rapm,no_minutes,gradient_boosting,season_holdout_2025_26,4,16,-1.5990885588135215,-1.3375435905805404,-1.4837152142767704,-1.89374375,-2.7802,-0.4100285357232294
rapm,no_minutes,gradient_boosting,season_holdout_2025_26,5,17,-1.312148086870005,-1.1302238050186275,-1.2291922363392291,-2.204582352941177,-1.2348,-0.975390116601947
rapm,no_minutes,gradient_boosting,season_holdout_2025_26,6,16,-1.116570777377878,-0.8497364212816769,-0.9838339561687651,-1.1661875,-0.77285,-0.18235354383123503
rapm,no_minutes,gradient_boosting,season_holdout_2025_26,7,16,-0.8340586121388605,-0.4161419608163063,-0.6462630772867648,-1.2390812499999997,-1.42355,-0.5928181727132352
rapm,no_minutes,gradient_boosting,season_holdout_2025_26,8,16,-0.4011529283263802,0.12357029288761628,-0.17156526981024378,-0.9874562499999999,-1.017,-0.8158909801897563
rapm,no_minutes,gradient_boosting,season_holdout_2025_26,9,16,0.2169638105045256,0.7391337210972956,0.5029785194934713,0.9311875000000001,0.80635,0.42820898050652856
rapm,no_minutes,gradient_boosting,season_holdout_2025_26,10,17,0.7561106656438895,4.198138608851192,2.314320794040629,1.0421176470588236,1.3295,-1.2722031469818056
rapm,no_minutes,hist_gradient_boosting,season_holdout_2025_26,1,17,-4.096075237518703,-2.56960292382655,-2.9363678569226606,-2.1041176470588234,-2.9276,0.8322502098638372
rapm,no_minutes,hist_gradient_boosting,season_holdout_2025_26,2,16,-2.47935438802786,-2.123485458384054,-2.2918779120867736,-2.7151187500000002,-2.7449500000000002,-0.42324083791322636
rapm,no_minutes,hist_gradient_boosting,season_holdout_2025_26,3,16,-2.1224079260333806,-1.7256448436441203,-1.9101345846972915,-1.4867000000000001,-0.95855,0.4234345846972912
rapm,no_minutes,hist_gradient_boosting,season_holdout_2025_26,4,16,-1.7243640301616288,-1.3315228001100916,-1.4870479610316303,-0.69738125,-1.00955,0.7896667110316302
rapm,no_minutes,hist_gradient_boosting,season_holdout_2025_26,5,17,-1.3126900724681265,-1.0308442607081663,-1.1468861951370837,-1.4747529411764706,-1.2788,-0.3278667460393871
rapm,no_minutes,hist_gradient_boosting,season_holdout_2025_26,6,16,-1.023140057842976,-0.5364432249345955,-0.8029347351653717,-1.4104875,-1.1171499999999999,-0.6075527648346283
rapm,no_minutes,hist_gradient_boosting,season_holdout_2025_26,7,16,-0.5246351258696699,-0.20556604942801873,-0.3343340076481318,-0.3021937499999999,0.25044999999999995,0.03214025764813183
rapm,no_minutes,hist_gradient_boosting,season_holdout_2025_26,8,16,-0.18490119334142252,0.2686597444835739,0.04825653214851324,-2.01913125,-1.93975,-2.067387782148513
rapm,no_minutes,hist_gradient_boosting,season_holdout_2025_26,9,16,0.30383822327266646,0.7779556056563371,0.5165639902204187,0.060162499999999966,-0.05774999999999997,-0.45640149022041865
rapm,no_minutes,hist_gradient_boosting,season_holdout_2025_26,10,17,0.8080944847644164,3.4904117521413593,1.6281862503396873,0.0872058823529412,0.1485,-1.5409803679867462
rapm,no_minutes,knn,season_holdout_2025_26,1,17,-2.6407903809568363,-1.8262633585843941,-2.097810014447902,-1.3078411764705882,-1.7649,0.7899688379773133
rapm,no_minutes,knn,season_holdout_2025_26,2,16,-1.8184883599187067,-1.698731331705674,-1.746709813545505,-2.75319375,-3.39525,-1.006483936454495
rapm,no_minutes,knn,season_holdout_2025_26,3,16,-1.6929784970206088,-1.526175055405475,-1.6100510539581558,-1.2130625,-0.569,0.3969885539581559
rapm,no_minutes,knn,season_holdout_2025_26,4,16,-1.5039657652005969,-1.3235825674775947,-1.409197579707735,-1.7273,-1.3301500000000002,-0.3181024202922649
rapm,no_minutes,knn,season_holdout_2025_26,5,17,-1.3206870113298455,-1.1265363629386096,-1.2134555215968013,-1.6155058823529411,-0.9272,-0.4020503607561397
rapm,no_minutes,knn,season_holdout_2025_26,6,16,-1.1012846971942125,-0.9275418760213231,-1.0188105951645725,-1.5549,-1.365,-0.5360894048354273
rapm,no_minutes,knn,season_holdout_2025_26,7,16,-0.9239671457478864,-0.7324391977026599,-0.8339115278447964,-1.02050625,-0.70975,-0.18659472215520365
rapm,no_minutes,knn,season_holdout_2025_26,8,16,-0.7128538765959469,-0.3839576718157447,-0.574694376920498,-1.7351687500000001,-1.27525,-1.160474373079502
rapm,no_minutes,knn,season_holdout_2025_26,9,16,-0.3735984991729,0.12828323566603098,-0.18926392032047046,0.016124999999999973,0.36379999999999996,0.20538892032047049
rapm,no_minutes,knn,season_holdout_2025_26,10,17,0.21086391115603478,1.4468966148873097,0.8046563823119035,0.7654764705882353,0.962,-0.03917991172366818
rapm,no_minutes,svr_rbf,season_holdout_2025_26,1,17,-2.4536129979010366,-1.7684037636224192,-2.100122790796468,-1.6025470588235298,-2.686,0.4975757319729387
rapm,no_minutes,svr_rbf,season_holdout_2025_26,2,16,-1.7608558697918335,-1.5585594931767979,-1.6636574739876049,-2.3882874999999997,-3.19175,-0.7246300260123949
rapm,no_minutes,svr_rbf,season_holdout_2025_26,3,16,-1.5543497049453086,-1.3749686755669557,-1.477490706722805,-1.3357375,-0.7535499999999999,0.14175320672280484
rapm,no_minutes,svr_rbf,season_holdout_2025_26,4,16,-1.371834125446676,-1.1190330054172148,-1.250252204478056,-1.47781875,-2.0959000000000003,-0.22756654552194405
rapm,no_minutes,svr_rbf,season_holdout_2025_26,5,17,-1.095044376855709,-0.9330320022974247,-1.027660569588765,-1.9289,-1.8734,-0.9012394304112348
rapm,no_minutes,svr_rbf,season_holdout_2025_26,6,16,-0.9254653198940848,-0.780984314903308,-0.8450476252054224,-2.2897875,-1.2732999999999999,-1.4447398747945772
rapm,no_minutes,svr_rbf,season_holdout_2025_26,7,16,-0.7744481799765406,-0.5626209337726233,-0.6795591672091201,-1.53851875,-1.27525,-0.8589595827908798
rapm,no_minutes,svr_rbf,season_holdout_2025_26,8,16,-0.5513897789370088,-0.18934293136920832,-0.37600677149246087,-0.1816125,-0.23870000000000002,0.19439427149246094
rapm,no_minutes,svr_rbf,season_holdout_2025_26,9,16,-0.18270851572821556,0.6621041017428652,0.19938434539414648,-0.4945500000000001,0.012600000000000042,-0.6939343453941464
rapm,no_minutes,svr_rbf,season_holdout_2025_26,10,17,0.7698230417142372,3.000519398712488,1.2656202098111162,1.1084529411764705,1.0206,-0.15716726863464553
rapm,with_minutes,mean,season_holdout_2025_26,1,17,-0.9322233009708738,-0.9322233009708738,-0.9322233009708738,-1.8670882352941176,-1.9366,-0.9348649343232438
rapm,with_minutes,mean,season_holdout_2025_26,2,16,-0.9322233009708738,-0.9322233009708738,-0.9322233009708738,-1.15988125,-1.11165,-0.22765794902912626
rapm,with_minutes,mean,season_holdout_2025_26,3,16,-0.9322233009708738,-0.9322233009708738,-0.9322233009708738,-1.9519375,-1.2818,-1.0197141990291265
rapm,with_minutes,mean,season_holdout_2025_26,4,16,-0.9322233009708738,-0.9322233009708738,-0.9322233009708738,-0.97895,-1.0061499999999999,-0.046726699029126184
rapm,with_minutes,mean,season_holdout_2025_26,5,17,-0.9322233009708738,-0.9322233009708738,-0.9322233009708738,-0.8904588235294117,-0.5549999999999999,0.041764477441462
rapm,with_minutes,mean,season_holdout_2025_26,6,16,-0.9322233009708738,-0.9322233009708738,-0.9322233009708738,-1.21095625,-1.02345,-0.2787329490291264
rapm,with_minutes,mean,season_holdout_2025_26,7,16,-0.9322233009708738,-0.9322233009708738,-0.9322233009708738,-0.8199750000000001,-0.5120499999999999,0.11224830097087372
rapm,with_minutes,mean,season_holdout_2025_26,8,16,-0.9322233009708738,-0.9322233009708738,-0.9322233009708738,-0.4182124999999998,-0.29335,0.5140108009708737
rapm,with_minutes,mean,season_holdout_2025_26,9,16,-0.9322233009708738,-0.9322233009708738,-0.9322233009708738,-2.26744375,-2.8295000000000003,-1.3352204490291264
rapm,with_minutes,mean,season_holdout_2025_26,10,17,-0.9322233009708738,-0.9322233009708738,-0.9322233009708738,-0.5115235294117647,-0.1426,0.42069977155910887
rapm,with_minutes,ridge,season_holdout_2025_26,1,17,-3.7804984878617462,-2.604609572600497,-2.9987929634229196,-2.639964705882353,-2.8276,0.3588282575405667
rapm,with_minutes,ridge,season_holdout_2025_26,2,16,-2.597551960690153,-2.111412380834864,-2.38700335300059,-2.5199000000000003,-2.96115,-0.1328966469994099
rapm,with_minutes,ridge,season_holdout_2025_26,3,16,-2.0946464854899083,-1.5999266595167039,-1.8486762449163923,-1.9076125,-2.32185,-0.05893625508360792
rapm,with_minutes,ridge,season_holdout_2025_26,4,16,-1.5933554988687564,-1.3514264335225201,-1.4572579235144647,-1.70743125,-1.0810000000000002,-0.25017332648553536
rapm,with_minutes,ridge,season_holdout_2025_26,5,17,-1.335261590554734,-1.1350586662152526,-1.226939160998921,-1.735670588235294,-1.7649,-0.5087314272363729
rapm,with_minutes,ridge,season_holdout_2025_26,6,16,-1.1314594804422036,-0.9411708875388282,-1.0243757243733569,-1.671875,-1.3987,-0.6474992756266433
rapm,with_minutes,ridge,season_holdout_2025_26,7,16,-0.9170593015305812,-0.4654241434010203,-0.7389964087768175,-1.2692812500000001,-0.7314,-0.5302848412231824
rapm,with_minutes,ridge,season_holdout_2025_26,8,16,-0.42616409623461105,0.2570379131595676,-0.13319376062206395,-0.040874999999999995,-0.30690000000000006,0.09231876062206396
rapm,with_minutes,ridge,season_holdout_2025_26,9,16,0.3524558535443424,0.961670528020326,0.5967900494499773,-0.33466249999999986,-0.3691,-0.9314525494499772
rapm,with_minutes,ridge,season_holdout_2025_26,10,17,1.0155207069419752,4.487393059046242,1.9455331930090782,1.7129470588235292,1.3295,-0.232586134185549
rapm,with_minutes,elasticnet,season_holdout_2025_26,1,17,-3.7640518104776013,-2.570297830492522,-2.920227725561028,-2.631129411764706,-2.8294,0.28909831379632195
rapm,with_minutes,elasticnet,season_holdout_2025_26,2,16,-2.545752091767888,-2.099591749064723,-2.302150095011345,-2.63300625,-2.4321,-0.3308561549886548
rapm,with_minutes,elasticnet,season_holdout_2025_26,3,16,-2.0949108534595187,-1.5750130195880998,-1.8210406545981455,-1.50928125,-1.26615,0.3117594045981455
rapm,with_minutes,elasticnet,season_holdout_2025_26,4,16,-1.5432198417062906,-1.3138067687757014,-1.4137156797002493,-2.03664375,-2.97675,-0.6229280702997508
rapm,with_minutes,elasticnet,season_holdout_2025_26,5,17,-1.288518288557496,-1.1407990365436156,-1.2076171902369865,-1.421258823529412,-1.4952,-0.2136416332924251
rapm,with_minutes,elasticnet,season_holdout_2025_26,6,16,-1.13819243270959,-0.9046369681383529,-1.0306680657496132,-1.47418125,-1.16085,-0.4435131842503866
rapm,with_minutes,elasticnet,season_holdout_2025_26,7,16,-0.8926982325358354,-0.40880794321424707,-0.706576895702576,-1.3865874999999999,-0.8104499999999999,-0.680010604297424
rapm,with_minutes,elasticnet,season_holdout_2025_26,8,16,-0.3536812137938099,0.11731096616196168,-0.16834236663982738,-0.7426999999999999,-1.4051,-0.5743576333601726
rapm,with_minutes,elasticnet,season_holdout_2025_26,9,16,0.24755081328833184,1.0469605175194747,0.5704444002640947,-0.012687499999999907,-0.04705000000000001,-0.5831319002640947
rapm,with_minutes,elasticnet,season_holdout_2025_26,10,17,1.0868740252178486,4.504525258447141,1.9688530092435963,1.7129470588235292,1.3295,-0.25590595042006686
rapm,with_minutes,random_forest,season_holdout_2025_26,1,17,-3.051503091303879,-2.196776164492107,-2.4337699587548736,-2.019523529411765,-2.686,0.41424642934310923
rapm,with_minutes,random_forest,season_holdout_2025_26,2,16,-2.190179959934161,-2.009551395122239,-2.1265070542732163,-2.72926875,-3.33685,-0.6027616957267841
rapm,with_minutes,random_forest,season_holdout_2025_26,3,16,-1.9747529882265626,-1.8506530020279959,-1.9156944744466897,-1.641475,-1.19015,0.2742194744466897
rapm,with_minutes,random_forest,season_holdout_2025_26,4,16,-1.8394415913260358,-1.6794135177010512,-1.77460944498526,-2.2552875,-2.1332,-0.48067805501474
rapm,with_minutes,random_forest,season_holdout_2025_26,5,17,-1.6560972285148408,-1.3211890796176042,-1.4932922029752809,-1.471705882352941,-1.5754,0.021586320622339814
rapm,with_minutes,random_forest,season_holdout_2025_26,6,16,-1.2750633241321723,-0.907524266863998,-1.0723258744770217,-1.45504375,-0.9736,-0.3827178755229784
rapm,with_minutes,random_forest,season_holdout_2025_26,7,16,-0.8975338667787075,-0.584902346333783,-0.7585344586976935,-2.56895,-2.7619,-1.8104155413023064
rapm,with_minutes,random_forest,season_holdout_2025_26,8,16,-0.5723895112459985,-0.06580369491827612,-0.3015661856280093,0.485525,0.41349999999999987,0.7870911856280093
rapm,with_minutes,random_forest,season_holdout_2025_26,9,16,-0.060538577534475314,0.6068593415234885,0.27952169928753257,0.423875,0.5724,0.1443533007124675
rapm,with_minutes,random_forest,season_holdout_2025_26,10,17,0.6261716546092184,2.9031700383131556,1.4128606248071696,1.1005294117647058,1.1831,-0.3123312130424637
rapm,with_minutes,extra_trees,season_holdout_2025_26,1,17,-2.8614320392857167,-2.362449630952381,-2.5846002123599447,-2.1637058823529407,-2.7411,0.4208943300070033
rapm,with_minutes,extra_trees,season_holdout_2025_26,2,16,-2.346531017261906,-2.1318783327380952,-2.226758109170387,-1.7186124999999999,-1.2732999999999999,0.5081456091703871
rapm,with_minutes,extra_trees,season_holdout_2025_26,3,16,-2.1270561925595235,-1.881254371428573,-2.0192727768973215,-2.94581875,-3.09035,-0.9265459731026786
rapm,with_minutes,extra_trees,season_holdout_2025_26,4,16,-1.8509282166666667,-1.660677633928573,-1.7650935509300596,-3.04601875,-3.4326,-1.2809251990699404
rapm,with_minutes,extra_trees,season_holdout_2025_26,5,17,-1.6363247190476196,-1.5161541994047618,-1.5763788702380954,-0.7858588235294118,-0.8736000000000002,0.7905200467086835
rapm,with_minutes,extra_trees,season_holdout_2025_26,6,16,-1.513295527380953,-1.162586163095237,-1.32177789015997,-1.86728125,-1.48555,-0.5455033598400301
rapm,with_minutes,extra_trees,season_holdout_2025_26,7,16,-1.144329019642858,-0.7906668696428568,-0.9665236192150295,-0.9482500000000001,-1.44245,0.018273619215029485
rapm,with_minutes,extra_trees,season_holdout_2025_26,8,16,-0.7805949392857152,0.04010399523809527,-0.35557512254464285,-0.9424250000000001,-0.9569,-0.5868498774553571
rapm,with_minutes,extra_trees,season_holdout_2025_26,9,16,0.09228747202380971,0.5970691029761906,0.2850719563616072,-0.03457500000000002,0.28864999999999996,-0.3196469563616072
rapm,with_minutes,extra_trees,season_holdout_2025_26,10,17,0.8006230452380954,4.373381456547623,2.5027372521008413,2.2175529411764705,1.9787,-0.2851843109243704
rapm,with_minutes,gradient_boosting,season_holdout_2025_26,1,17,-3.398947545827035,-2.3281165045136083,-2.639220865883207,-1.553135294117647,-1.3581,1.0860855717655598
rapm,with_minutes,gradient_boosting,season_holdout_2025_26,2,16,-2.313594305840948,-2.034752485718193,-2.1466638251043006,-3.0931812499999998,-3.22935,-0.9465174248956991
rapm,with_minutes,gradient_boosting,season_holdout_2025_26,3,16,-2.0238447478778028,-1.8119651329595616,-1.9183699836039936,-2.3648375,-1.7682,-0.4464675163960067
rapm,with_minutes,gradient_boosting,season_holdout_2025_26,4,16,-1.7974388978038285,-1.5378487207274634,-1.6624948774859165,-1.18429375,-1.1271499999999999,0.47820112748591637
rapm,with_minutes,gradient_boosting,season_holdout_2025_26,5,17,-1.520853513471675,-1.2841045096712114,-1.4193207317355405,-2.1106647058823533,-1.6243,-0.6913439741468127
rapm,with_minutes,gradient_boosting,season_holdout_2025_26,6,16,-1.2762343348816594,-0.9634918707935599,-1.1336240160648599,-1.1180937499999999,-1.1532,0.01553026606485991
rapm,with_minutes,gradient_boosting,season_holdout_2025_26,7,16,-0.958187316691549,-0.4012854058032839,-0.7341034575523111,-1.6124312500000002,-1.98595,-0.878327792447689
rapm,with_minutes,gradient_boosting,season_holdout_2025_26,8,16,-0.3611034342100024,0.2485056076867969,-0.0766881564508247,-1.44980625,-0.93045,-1.3731180935491754
rapm,with_minutes,gradient_boosting,season_holdout_2025_26,9,16,0.25567973559901913,0.851301134676349,0.5326616443886488,0.8355874999999999,0.41349999999999987,0.3029258556113512
rapm,with_minutes,gradient_boosting,season_holdout_2025_26,10,17,1.1039247973108257,8.734260507308374,2.585513917510512,1.505035294117647,1.1831,-1.0804786233928656
rapm,with_minutes,hist_gradient_boosting,season_holdout_2025_26,1,17,-4.630880293508758,-2.769444251392176,-3.3798985874252034,-2.188305882352941,-1.9366,1.1915927050722621
rapm,with_minutes,hist_gradient_boosting,season_holdout_2025_26,2,16,-2.7610715771105916,-2.2884496115887853,-2.487610097834737,-1.7351375,-2.7577,0.7524725978347366
rapm,with_minutes,hist_gradient_boosting,season_holdout_2025_26,3,16,-2.270973491525943,-1.9398817396965533,-2.1079930740486326,-2.06075,-1.745,0.047243074048632344
rapm,with_minutes,hist_gradient_boosting,season_holdout_2025_26,4,16,-1.926552232935168,-1.5180172583504086,-1.7408007839015829,-1.61965,-1.2732999999999999,0.121150783901583
rapm,with_minutes,hist_gradient_boosting,season_holdout_2025_26,5,17,-1.5000348786893531,-1.115257375523922,-1.2863610848593925,-1.5353058823529413,-1.2717,-0.24894479749354861
rapm,with_minutes,hist_gradient_boosting,season_holdout_2025_26,6,16,-1.0822946607331725,-0.6654763444470294,-0.8660155355471051,-1.4163062499999997,-0.75895,-0.5502907144528948
rapm,with_minutes,hist_gradient_boosting,season_holdout_2025_26,7,16,-0.6592186479449257,-0.23707316790288652,-0.4506112065223562,-0.6557124999999999,-0.39479999999999993,-0.20510129347764372
rapm,with_minutes,hist_gradient_boosting,season_holdout_2025_26,8,16,-0.17297589533963678,-0.026350390790550352,-0.11623370169526796,-0.85109375,-0.6974499999999999,-0.734860048304732
rapm,with_minutes,hist_gradient_boosting,season_holdout_2025_26,9,16,0.045282292284147305,0.6177740452369114,0.2820365107068267,-1.0890875,-0.40325,-1.371124010706827
rapm,with_minutes,hist_gradient_boosting,season_holdout_2025_26,10,17,0.6462632468740955,3.750002911903804,1.344661386180031,1.038429411764706,1.1831,-0.3062319744153252
rapm,with_minutes,knn,season_holdout_2025_26,1,17,-2.7115662998759715,-1.9293014307575596,-2.1431618784069038,-1.9651764705882353,-2.7411,0.1779854078186687
rapm,with_minutes,knn,season_holdout_2025_26,2,16,-1.925851535415718,-1.776870446950352,-1.8513704410187346,-1.5482500000000001,-2.16575,0.3031204410187346
rapm,with_minutes,knn,season_holdout_2025_26,3,16,-1.762632561961465,-1.6484099455403098,-1.7066143872756934,-2.08425625,-2.63865,-0.37764186272430644
rapm,with_minutes,knn,season_holdout_2025_26,4,16,-1.6242908278675596,-1.3715818194647305,-1.517476065811943,-2.297025,-1.9318,-0.7795489341880568
rapm,with_minutes,knn,season_holdout_2025_26,5,17,-1.3519104365877006,-1.2246523208678493,-1.3057688683086421,-1.0137235294117648,-0.8238,0.2920453388968775
rapm,with_minutes,knn,season_holdout_2025_26,6,16,-1.2039019968924896,-0.9651704181601484,-1.077001793773296,-2.81034375,-2.4051,-1.733341956226704
rapm,with_minutes,knn,season_holdout_2025_26,7,16,-0.9558711728407066,-0.7642472143820319,-0.8468531330411925,0.36630625000000006,0.19479999999999995,1.2131593830411926
rapm,with_minutes,knn,season_holdout_2025_26,8,16,-0.761723218653218,-0.5301399576160765,-0.6454754397048323,-1.5134874999999999,-1.27525,-0.8680120602951678
rapm,with_minutes,knn,season_holdout_2025_26,9,16,-0.5262460976398687,0.08456208581581019,-0.20402694791478493,-0.010756250000000023,0.3858999999999999,0.1932706979147849
rapm,with_minutes,knn,season_holdout_2025_26,10,17,0.10955462078438521,1.3916261391210647,0.6812226188794596,0.7361411764705882,0.2643,0.0549185575911286
rapm,with_minutes,svr_rbf,season_holdout_2025_26,1,17,-2.8436032626599204,-1.9435517065818901,-2.262213815815324,-2.370182352941176,-2.8276,-0.10796853712585233
rapm,with_minutes,svr_rbf,season_holdout_2025_26,2,16,-1.910973350296557,-1.6143610143864926,-1.7611097986793998,-2.2529500000000002,-2.51575,-0.49184020132060025
rapm,with_minutes,svr_rbf,season_holdout_2025_26,3,16,-1.6037547106206809,-1.4903194930202295,-1.5415622672962954,-1.5161625,-1.4611999999999998,0.025399767296295506
rapm,with_minutes,svr_rbf,season_holdout_2025_26,4,16,-1.4758013564911936,-1.2755143298191745,-1.4019783169521078,-2.3214125,-3.0387500000000003,-0.9194341830478924
rapm,with_minutes,svr_rbf,season_holdout_2025_26,5,17,-1.2636960307730405,-1.0134070277795466,-1.1372206776588774,-0.6178411764705882,0.0373,0.5193795011882891
rapm,with_minutes,svr_rbf,season_holdout_2025_26,6,16,-1.0123572206922131,-0.8697100041082788,-0.9462911200838561,-1.83585625,-1.26615,-0.889565129916144
rapm,with_minutes,svr_rbf,season_holdout_2025_26,7,16,-0.8645971208687613,-0.5996564781367146,-0.7260189226217865,-1.6221375,-1.4515500000000001,-0.8961185773782133
rapm,with_minutes,svr_rbf,season_holdout_2025_26,8,16,-0.5445737662145941,-0.1724741807643848,-0.3472414303720237,-0.5301312499999999,-0.39479999999999993,-0.18288981962797626
rapm,with_minutes,svr_rbf,season_holdout_2025_26,9,16,-0.1289645582691511,0.444520739807596,0.11919292791536384,-0.18791249999999993,-0.02595,-0.30710542791536377
rapm,with_minutes,svr_rbf,season_holdout_2025_26,10,17,0.5299405017744566,3.42359860148956,1.2622303004920032,1.0923235294117646,0.962,-0.16990677108023863
bpr,no_minutes,mean,season_holdout_2025_26,1,17,0.24116504854368936,0.24116504854368936,0.24116504854368936,-0.8447058823529412,-1.21,-1.0858709308966308
bpr,no_minutes,mean,season_holdout_2025_26,2,16,0.24116504854368936,0.24116504854368936,0.24116504854368936,-0.396875,-0.505,-0.6380400485436895
bpr,no_minutes,mean,season_holdout_2025_26,3,16,0.24116504854368936,0.24116504854368936,0.24116504854368936,-0.41000000000000003,-0.37,-0.6511650485436895
bpr,no_minutes,mean,season_holdout_2025_26,4,16,0.24116504854368936,0.24116504854368936,0.24116504854368936,0.5350000000000001,0.86,0.29383495145631067
bpr,no_minutes,mean,season_holdout_2025_26,5,16,0.24116504854368936,0.24116504854368936,0.24116504854368936,0.74625,0.895,0.5050849514563105
bpr,no_minutes,mean,season_holdout_2025_26,6,16,0.24116504854368936,0.24116504854368936,0.24116504854368936,-0.125,-0.22499999999999998,-0.36616504854368936
bpr,no_minutes,mean,season_holdout_2025_26,7,16,0.24116504854368936,0.24116504854368936,0.24116504854368936,0.45562500000000006,0.8,0.21445995145631067
bpr,no_minutes,mean,season_holdout_2025_26,8,16,0.24116504854368936,0.24116504854368936,0.24116504854368936,0.7474999999999999,0.495,0.5063349514563106
bpr,no_minutes,mean,season_holdout_2025_26,9,16,0.24116504854368936,0.24116504854368936,0.24116504854368936,-0.12562500000000001,-0.55,-0.36679004854368935
bpr,no_minutes,mean,season_holdout_2025_26,10,17,0.24116504854368936,0.24116504854368936,0.24116504854368936,0.05999999999999989,-0.2,-0.18116504854368945
bpr,no_minutes,ridge,season_holdout_2025_26,1,17,-1.98820014826653,-0.7746114630929963,-1.1635880708177955,-1.493529411764706,-1.62,-0.3299413409469105
bpr,no_minutes,ridge,season_holdout_2025_26,2,16,-0.7593879679574518,-0.5553453795299133,-0.6476495651201191,-1.064375,-1.415,-0.4167254348798809
bpr,no_minutes,ridge,season_holdout_2025_26,3,16,-0.5294583288660479,-0.21021621645634547,-0.40350752275600377,-0.6625000000000001,-0.715,-0.2589924772439962
bpr,no_minutes,ridge,season_holdout_2025_26,4,16,-0.2048910232122737,0.035996389079272495,-0.0885860291642731,-1.03375,-1.0350000000000001,-0.9451639708357269
bpr,no_minutes,ridge,season_holdout_2025_26,5,16,0.03809192763856317,0.2756521674711536,0.1416145803044777,-0.12812499999999996,-0.3,-0.26973958030447764
bpr,no_minutes,ridge,season_holdout_2025_26,6,16,0.32145180707232823,0.5358083799911526,0.44213751351269204,0.425625,0.49,-0.016512513512692006
bpr,no_minutes,ridge,season_holdout_2025_26,7,16,0.5446028615895726,0.889936320779214,0.6934733990629878,0.27375000000000005,0.685,-0.4197233990629878
bpr,no_minutes,ridge,season_holdout_2025_26,8,16,0.9107011997150766,1.1957675547270403,1.0085598358748111,0.8724999999999999,0.99,-0.13605983587481102
bpr,no_minutes,ridge,season_holdout_2025_26,9,16,1.2815285555767715,1.6662198584568835,1.5365093970045067,1.9056250000000001,1.68,0.3691156029954935
bpr,no_minutes,ridge,season_holdout_2025_26,10,17,1.6842612887130024,4.632680170573898,2.6184202862559527,1.4976470588235296,1.4,-1.1207732274324236
bpr,no_minutes,elasticnet,season_holdout_2025_26,1,17,-1.6364687691527164,-0.7214967146285436,-1.0794473886978069,-0.9964705882352942,-1.25,0.08297680046251307
bpr,no_minutes,elasticnet,season_holdout_2025_26,2,16,-0.7147673545496795,-0.42653596567713437,-0.5635444044199476,-1.3318750000000001,-1.585,-0.7683305955800525
bpr,no_minutes,elasticnet,season_holdout_2025_26,3,16,-0.42274842186783523,-0.20757979843084873,-0.33034951411957036,-1.1306249999999998,-1.0,-0.8002754858804297
bpr,no_minutes,elasticnet,season_holdout_2025_26,4,16,-0.20090756199643778,-0.003347039846892441,-0.09420161521888792,-0.77875,-0.715,-0.684548384781112
bpr,no_minutes,elasticnet,season_holdout_2025_26,5,16,0.04199433262956198,0.2296785204953138,0.13132083730162844,-0.051249999999999934,-0.24999999999999997,-0.18257083730162843
bpr,no_minutes,elasticnet,season_holdout_2025_26,6,16,0.25352645023155995,0.5351308897521924,0.4176884037354927,-0.16937500000000005,0.03499999999999999,-0.5870634037354928
bpr,no_minutes,elasticnet,season_holdout_2025_26,7,16,0.5418789844577391,0.871182810282825,0.7122563876426962,1.1593749999999998,1.125,0.44711861235730377
bpr,no_minutes,elasticnet,season_holdout_2025_26,8,16,0.9126473858635553,1.2436982984258382,1.0488207423152855,0.77125,0.77,-0.27757074231528556
bpr,no_minutes,elasticnet,season_holdout_2025_26,9,16,1.2814883177069931,1.7304413064738131,1.5320327596053978,1.4775,1.49,-0.054532759605397704
bpr,no_minutes,elasticnet,season_holdout_2025_26,10,17,1.7387535417159123,4.859280051521036,2.6620454898664714,1.6052941176470588,1.67,-1.0567513722194124
bpr,no_minutes,random_forest,season_holdout_2025_26,1,17,-1.2345697040867634,-0.5466646904810876,-0.7672222310094573,-1.2576470588235293,-1.25,-0.49042482781407215
bpr,no_minutes,random_forest,season_holdout_2025_26,2,16,-0.525594351802201,-0.3532919035151941,-0.4509234269588087,-0.99625,-1.2850000000000001,-0.5453265730411914
bpr,no_minutes,random_forest,season_holdout_2025_26,3,16,-0.34750684089119976,-0.2125577496808745,-0.2870499120897392,-1.0631249999999999,-0.95,-0.7760750879102609
bpr,no_minutes,random_forest,season_holdout_2025_26,4,16,-0.21171681167076403,-0.06162630204762556,-0.1392746368549308,-1.201875,-1.225,-1.0626003631450693
bpr,no_minutes,random_forest,season_holdout_2025_26,5,16,-0.04319706658666409,0.12206564751833138,0.04315238516088908,0.28875,0.39,0.2455976148391109
bpr,no_minutes,random_forest,season_holdout_2025_26,6,16,0.14188522270492665,0.4025136954018205,0.2840063352295481,0.20999999999999994,0.685,-0.07400633522954819
bpr,no_minutes,random_forest,season_holdout_2025_26,7,16,0.4053801340326341,0.5219936909965033,0.4661415613732496,0.4574999999999999,0.73,-0.008641561373249618
bpr,no_minutes,random_forest,season_holdout_2025_26,8,16,0.5883533756521255,0.8079189461518871,0.695045759429366,0.39812500000000006,0.285,-0.29692075942936597
bpr,no_minutes,random_forest,season_holdout_2025_26,9,16,0.8487452733377735,1.2452193428311238,0.9808356372090392,1.5662500000000001,1.5150000000000001,0.5854143627909608
bpr,no_minutes,random_forest,season_holdout_2025_26,10,17,1.3095226792577703,3.156223831413685,1.9338093837514228,2.1364705882352943,2.24,0.2026612044838713
bpr,no_minutes,extra_trees,season_holdout_2025_26,1,17,-1.3296324404761897,-0.6733290476190474,-0.9325450070028009,-1.6994117647058824,-1.97,-0.7668667577030814
bpr,no_minutes,extra_trees,season_holdout_2025_26,2,16,-0.6638625595238095,-0.46087053571428577,-0.5793209988839284,-1.153125,-1.0899999999999999,-0.5738040011160715
bpr,no_minutes,extra_trees,season_holdout_2025_26,3,16,-0.43595017857142837,-0.3111857142857144,-0.36813987165178563,-0.395,-0.895,-0.0268601283482143
bpr,no_minutes,extra_trees,season_holdout_2025_26,4,16,-0.2952650595238095,-0.1553249404761903,-0.22398353794642856,-0.51625,-0.045,-0.29226646205357143
bpr,no_minutes,extra_trees,season_holdout_2025_26,5,16,-0.15032279761904774,0.08991886904761906,-0.026278764880952394,-0.145,0.11000000000000001,-0.11872123511904761
bpr,no_minutes,extra_trees,season_holdout_2025_26,6,16,0.10717541666666666,0.28867119047619055,0.19577199218749997,-0.25625,-0.015000000000000013,-0.45202199218749994
bpr,no_minutes,extra_trees,season_holdout_2025_26,7,16,0.2894559523809524,0.5264044047619049,0.40642930989583337,-0.195625,-0.045000000000000005,-0.6020543098958333
bpr,no_minutes,extra_trees,season_holdout_2025_26,8,16,0.5492301190476191,0.9641872619047621,0.7457474739583334,1.13625,1.1949999999999998,0.3905025260416666
bpr,no_minutes,extra_trees,season_holdout_2025_26,9,16,1.0007213095238086,1.9554152976190466,1.3690639229910713,1.379375,1.4649999999999999,0.010311077008928582
bpr,no_minutes,extra_trees,season_holdout_2025_26,10,17,1.9993316071428529,3.6539778571428605,2.8066294152661064,2.394705882352941,2.8,-0.4119235329131655
bpr,no_minutes,gradient_boosting,season_holdout_2025_26,1,17,-2.7695386043438903,-0.8948590441279125,-1.2144498796526964,-1.7005882352941177,-1.59,-0.48613835564142116
bpr,no_minutes,gradient_boosting,season_holdout_2025_26,2,16,-0.8384358398781963,-0.5570424667566458,-0.7048983049350093,-1.5175,-1.64,-0.8126016950649906
bpr,no_minutes,gradient_boosting,season_holdout_2025_26,3,16,-0.5492483008677813,-0.33141616654704603,-0.47390845185364483,-1.2806250000000001,-1.395,-0.8067165481463552
bpr,no_minutes,gradient_boosting,season_holdout_2025_26,4,16,-0.3277793262390209,-0.1803612510317365,-0.24749661991902255,-0.49250000000000005,-0.49,-0.24500338008097744
bpr,no_minutes,gradient_boosting,season_holdout_2025_26,5,16,-0.16578461492273788,0.18210839758068872,0.009841389430852528,0.17249999999999993,0.19,0.16265861056914743
bpr,no_minutes,gradient_boosting,season_holdout_2025_26,6,16,0.19343966089745973,0.4271811128707431,0.29960909094628807,0.17874999999999996,0.33499999999999996,-0.12085909094628804
bpr,no_minutes,gradient_boosting,season_holdout_2025_26,7,16,0.4577246792693353,0.6870901279201694,0.5801849302089117,0.824375,0.915,0.2441900697910883
bpr,no_minutes,gradient_boosting,season_holdout_2025_26,8,16,0.6947189676669455,1.0258413051758242,0.8220804997486387,0.84625,1.3199999999999998,0.024169500251361213
bpr,no_minutes,gradient_boosting,season_holdout_2025_26,9,16,1.065004147038592,1.640085476872754,1.3538942393473175,1.6312499999999999,1.5150000000000001,0.2773557606526825
bpr,no_minutes,gradient_boosting,season_holdout_2025_26,10,17,1.645405691113915,3.648159147593882,2.4831352741716577,1.9176470588235295,2.24,-0.5654882153481289
bpr,no_minutes,hist_gradient_boosting,season_holdout_2025_26,1,17,-1.9415397568366077,-1.0945078411547564,-1.3756955516467717,-0.8976470588235295,-1.62,0.4780484928232424
bpr,no_minutes,hist_gradient_boosting,season_holdout_2025_26,2,16,-1.0863918075199708,-0.5113069950607763,-0.787892973429294,-1.3981249999999998,-1.005,-0.6102320265707062
bpr,no_minutes,hist_gradient_boosting,season_holdout_2025_26,3,16,-0.4940017564733869,-0.2716486395483585,-0.381103286770845,-0.37937500000000013,-0.5349999999999999,0.0017282867708449112
bpr,no_minutes,hist_gradient_boosting,season_holdout_2025_26,4,16,-0.22879214771419096,-0.03304424374216871,-0.12843751246657648,0.37562499999999993,0.585,0.5040625124665764
bpr,no_minutes,hist_gradient_boosting,season_holdout_2025_26,5,16,-0.016590485019563665,0.2118501741743141,0.08643184563721526,-0.5250000000000001,-0.865,-0.6114318456372152
bpr,no_minutes,hist_gradient_boosting,season_holdout_2025_26,6,16,0.22932972400296117,0.4961631644129653,0.37398212565718514,0.6325000000000001,0.64,0.25851787434281487
bpr,no_minutes,hist_gradient_boosting,season_holdout_2025_26,7,16,0.5101456500638242,0.8205717557665182,0.6957926250704838,-0.255,0.12,-0.9507926250704838
bpr,no_minutes,hist_gradient_boosting,season_holdout_2025_26,8,16,0.8410278525305211,1.1941448160730663,0.9744123233564652,-0.891875,-0.945,-1.8662873233564654
bpr,no_minutes,hist_gradient_boosting,season_holdout_2025_26,9,16,1.2410391701308083,1.9033557657582634,1.5551663567444174,2.145,2.12,0.5898336432555826
bpr,no_minutes,hist_gradient_boosting,season_holdout_2025_26,10,17,2.002797692284148,3.946567122779981,2.599867913484765,1.7347058823529413,1.93,-0.8651620311318239
bpr,no_minutes,knn,season_holdout_2025_26,1,17,-0.8198946355999219,-0.4861806175932441,-0.5927558230374544,-0.6464705882352941,-1.21,-0.053714765197839735
bpr,no_minutes,knn,season_holdout_2025_26,2,16,-0.48389301426810855,-0.24438849933706136,-0.3897691633417509,-1.5543749999999998,-1.6949999999999998,-1.1646058366582492
bpr,no_minutes,knn,season_holdout_2025_26,3,16,-0.23629278562441888,-0.08494642216165518,-0.17672060642384563,-1.3800000000000001,-1.42,-1.2032793935761543
bpr,no_minutes,knn,season_holdout_2025_26,4,16,-0.0825655751111275,0.02634802353115184,-0.0362919484509418,0.26187499999999997,0.32,0.2981669484509417
bpr,no_minutes,knn,season_holdout_2025_26,5,16,0.029141809016731877,0.2726313934577108,0.13361564371551124,0.848125,0.145,0.7145093562844886
bpr,no_minutes,knn,season_holdout_2025_26,6,16,0.2914741446312913,0.40910077439946313,0.34925912728456715,-0.516875,-0.405,-0.8661341272845672
bpr,no_minutes,knn,season_holdout_2025_26,7,16,0.41792245655636423,0.6614738427648844,0.5428725568453037,0.36000000000000004,0.56,-0.18287255684530376
bpr,no_minutes,knn,season_holdout_2025_26,8,16,0.6800605995680223,0.9036092384051088,0.7972566099082923,0.25000000000000006,0.8300000000000001,-0.5472566099082923
bpr,no_minutes,knn,season_holdout_2025_26,9,16,0.917408003946452,1.4444365578619214,1.1444189200833081,0.85,0.91,-0.2944189200833081
bpr,no_minutes,knn,season_holdout_2025_26,10,17,1.4608597354608266,2.8360915840720957,2.068237340868807,2.034117647058824,2.64,-0.0341196938099832
bpr,no_minutes,svr_rbf,season_holdout_2025_26,1,17,-1.534373572291532,-0.6977399589760718,-0.9381770522144187,-1.1752941176470588,-1.58,-0.2371170654326401
bpr,no_minutes,svr_rbf,season_holdout_2025_26,2,16,-0.5781973148807933,-0.39761776029101936,-0.4928362314452758,-0.9175,-0.855,-0.42466376855472426
bpr,no_minutes,svr_rbf,season_holdout_2025_26,3,16,-0.39489389364324845,-0.16833364359079128,-0.27664326278287044,-0.9181250000000001,-1.3250000000000002,-0.6414817372171295
bpr,no_minutes,svr_rbf,season_holdout_2025_26,4,16,-0.16479166845384474,0.025049508245465923,-0.07434777889397683,-0.06062499999999993,-0.21500000000000002,0.013722778893976884
bpr,no_minutes,svr_rbf,season_holdout_2025_26,5,16,0.029769478904336955,0.2500406714120099,0.12040933700535986,-0.4281250000000001,-1.01,-0.5485343370053599
bpr,no_minutes,svr_rbf,season_holdout_2025_26,6,16,0.27763161396488456,0.4408811353736754,0.3515536508092438,-0.8300000000000001,-0.615,-1.1815536508092437
bpr,no_minutes,svr_rbf,season_holdout_2025_26,7,16,0.4476980389392287,0.7091803608069354,0.5574358639317992,1.2075,1.2349999999999999,0.6500641360682007
bpr,no_minutes,svr_rbf,season_holdout_2025_26,8,16,0.722199581583312,1.0673316374704813,0.8433683252905699,0.7987500000000001,0.9199999999999999,-0.04461832529056989
bpr,no_minutes,svr_rbf,season_holdout_2025_26,9,16,1.0862384255635842,1.5804733529120272,1.2949255249584348,0.7906250000000001,0.94,-0.5043005249584349
bpr,no_minutes,svr_rbf,season_holdout_2025_26,10,17,1.591882479335129,4.0819098351594585,2.1572189094189778,2.0700000000000003,2.24,-0.08721890941897778
bpr,with_minutes,mean,season_holdout_2025_26,1,17,0.24116504854368936,0.24116504854368936,0.24116504854368936,-0.8447058823529412,-1.21,-1.0858709308966308
bpr,with_minutes,mean,season_holdout_2025_26,2,16,0.24116504854368936,0.24116504854368936,0.24116504854368936,-0.396875,-0.505,-0.6380400485436895
bpr,with_minutes,mean,season_holdout_2025_26,3,16,0.24116504854368936,0.24116504854368936,0.24116504854368936,-0.41000000000000003,-0.37,-0.6511650485436895
bpr,with_minutes,mean,season_holdout_2025_26,4,16,0.24116504854368936,0.24116504854368936,0.24116504854368936,0.5350000000000001,0.86,0.29383495145631067
bpr,with_minutes,mean,season_holdout_2025_26,5,16,0.24116504854368936,0.24116504854368936,0.24116504854368936,0.74625,0.895,0.5050849514563105
bpr,with_minutes,mean,season_holdout_2025_26,6,16,0.24116504854368936,0.24116504854368936,0.24116504854368936,-0.125,-0.22499999999999998,-0.36616504854368936
bpr,with_minutes,mean,season_holdout_2025_26,7,16,0.24116504854368936,0.24116504854368936,0.24116504854368936,0.45562500000000006,0.8,0.21445995145631067
bpr,with_minutes,mean,season_holdout_2025_26,8,16,0.24116504854368936,0.24116504854368936,0.24116504854368936,0.7474999999999999,0.495,0.5063349514563106
bpr,with_minutes,mean,season_holdout_2025_26,9,16,0.24116504854368936,0.24116504854368936,0.24116504854368936,-0.12562500000000001,-0.55,-0.36679004854368935
bpr,with_minutes,mean,season_holdout_2025_26,10,17,0.24116504854368936,0.24116504854368936,0.24116504854368936,0.05999999999999989,-0.2,-0.18116504854368945
bpr,with_minutes,ridge,season_holdout_2025_26,1,17,-3.1697068224334397,-1.2705817172426626,-1.8083858989947434,-2.1311764705882354,-1.95,-0.32279057159349195
bpr,with_minutes,ridge,season_holdout_2025_26,2,16,-1.2576752301287795,-0.8120361504634978,-1.0176191935960368,-1.1043749999999999,-0.715,-0.08675580640396324
bpr,with_minutes,ridge,season_holdout_2025_26,3,16,-0.7940216630927165,-0.5345606862439519,-0.6997401206657945,-1.325625,-1.19,-0.6258848793342057
bpr,with_minutes,ridge,season_holdout_2025_26,4,16,-0.5195411035954222,-0.20631847933748393,-0.3380701832482468,0.04562499999999997,-0.22999999999999998,0.38369518324824675
bpr,with_minutes,ridge,season_holdout_2025_26,5,16,-0.17247290568374685,0.13551047977197206,-0.011677100048454365,-0.4468750000000001,0.1,-0.4351978999515456
bpr,with_minutes,ridge,season_holdout_2025_26,6,16,0.13785447239063298,0.6013885216092202,0.32881812239154784,-0.37437499999999996,-0.495,-0.7031931223915477
bpr,with_minutes,ridge,season_holdout_2025_26,7,16,0.6090073053055024,0.8453623017074953,0.7113345248497087,0.8887499999999999,0.64,0.17741547515029127
bpr,with_minutes,ridge,season_holdout_2025_26,8,16,0.9537412716956782,1.3795256092835948,1.1251048360667806,1.04375,1.0150000000000001,-0.08135483606678062
bpr,with_minutes,ridge,season_holdout_2025_26,9,16,1.3929817710198684,2.017247366603229,1.7107985558992778,1.58,1.475,-0.13079855589927755
bpr,with_minutes,ridge,season_holdout_2025_26,10,17,2.0703403219297862,5.213737535998612,2.9339532939283224,2.400588235294118,2.66,-0.5333650586342041
bpr,with_minutes,elasticnet,season_holdout_2025_26,1,17,-2.839748565957547,-1.1102744055837328,-1.7700021810110034,-1.8958823529411768,-1.84,-0.12588017193017323
bpr,with_minutes,elasticnet,season_holdout_2025_26,2,16,-1.0914646519122093,-0.8060401938274835,-0.9386496360578042,-1.221875,-0.715,-0.2832253639421959
bpr,with_minutes,elasticnet,season_holdout_2025_26,3,16,-0.8045123402095635,-0.5096344430208708,-0.6852392839759408,-1.3193749999999997,-1.19,-0.6341357160240593
bpr,with_minutes,elasticnet,season_holdout_2025_26,4,16,-0.49835551456286753,-0.1576737926209335,-0.2901800224181383,0.059999999999999984,0.32,0.3501800224181383
bpr,with_minutes,elasticnet,season_holdout_2025_26,5,16,-0.14386906734726423,0.20232302828506632,0.01234935008173732,-0.6400000000000001,-0.875,-0.6523493500817373
bpr,with_minutes,elasticnet,season_holdout_2025_26,6,16,0.2415766320267385,0.5203815243737686,0.3657148576324062,-0.334375,-0.4,-0.7000898576324063
bpr,with_minutes,elasticnet,season_holdout_2025_26,7,16,0.555619154683249,0.8548278084450173,0.7367097789558472,1.04125,0.8200000000000001,0.3045402210441529
bpr,with_minutes,elasticnet,season_holdout_2025_26,8,16,0.8564106119932047,1.3541247432473713,1.1636886755643279,1.03375,1.0150000000000001,-0.12993867556432798
bpr,with_minutes,elasticnet,season_holdout_2025_26,9,16,1.3735630103260172,2.0750328247327112,1.74694395038136,1.385625,1.44,-0.3613189503813599
bpr,with_minutes,elasticnet,season_holdout_2025_26,10,17,2.0906103560248406,5.138387776311728,3.023664230134128,2.449411764705882,2.66,-0.5742524654282457
bpr,with_minutes,random_forest,season_holdout_2025_26,1,17,-1.4834457046772684,-1.0552460165732966,-1.261213359397911,-1.8394117647058827,-1.95,-0.5781984053079715
bpr,with_minutes,random_forest,season_holdout_2025_26,2,16,-1.0450401821075175,-0.695113902255618,-0.8491006365168791,-1.4743750000000002,-0.965,-0.625274363483121
bpr,with_minutes,random_forest,season_holdout_2025_26,3,16,-0.691070729860417,-0.5296095663058342,-0.6294293090161336,-0.5243749999999999,-0.645,0.10505430901613366
bpr,with_minutes,random_forest,season_holdout_2025_26,4,16,-0.5249481519175268,-0.27845190399877906,-0.4062060501835773,-0.306875,0.25,0.0993310501835773
bpr,with_minutes,random_forest,season_holdout_2025_26,5,16,-0.27008849282661784,0.019896913443990652,-0.13610755870261843,0.339375,0.79,0.47548255870261835
bpr,with_minutes,random_forest,season_holdout_2025_26,6,16,0.020482099112080723,0.3692748004079253,0.19365714440318124,-0.28312499999999996,-0.095,-0.4767821444031813
bpr,with_minutes,random_forest,season_holdout_2025_26,7,16,0.3803269137276122,0.6003808884865137,0.4933794729234139,0.4749999999999999,0.39,-0.01837947292341391
bpr,with_minutes,random_forest,season_holdout_2025_26,8,16,0.6538884976378754,0.902014333964646,0.7521110547956302,0.0625,0.515,-0.6896110547956302
bpr,with_minutes,random_forest,season_holdout_2025_26,9,16,0.9578105695570772,1.625101060363246,1.290200740368848,1.484375,1.44,0.19417425963115212
bpr,with_minutes,random_forest,season_holdout_2025_26,10,17,1.6891509929653694,3.1637610251553996,2.2254002873208107,2.6117647058823534,2.66,0.38636441856154213
bpr,with_minutes,extra_trees,season_holdout_2025_26,1,17,-1.5405459523809528,-1.0916919047619045,-1.278617295168067,-1.9347058823529413,-1.97,-0.6560885871848738
bpr,with_minutes,extra_trees,season_holdout_2025_26,2,16,-1.0711065476190478,-0.7365384523809517,-0.8925934579613093,-1.44875,-1.4449999999999998,-0.5561565420386907
bpr,with_minutes,extra_trees,season_holdout_2025_26,3,16,-0.7184322023809518,-0.46272380952380987,-0.5785940215773809,-0.4025,-0.115,0.1760940215773809
bpr,with_minutes,extra_trees,season_holdout_2025_26,4,16,-0.45801,-0.28768773809523795,-0.3756659281994048,-0.665,-0.705,-0.28933407180059517
bpr,with_minutes,extra_trees,season_holdout_2025_26,5,16,-0.27585244047619006,-0.031649702380952355,-0.16207204613095233,-0.348125,-0.44499999999999995,-0.1860529538690477
bpr,with_minutes,extra_trees,season_holdout_2025_26,6,16,-0.022209107142857135,0.3402864880952379,0.16288166666666667,0.11937499999999998,-0.28500000000000003,-0.043506666666666666
bpr,with_minutes,extra_trees,season_holdout_2025_26,7,16,0.34034845238095246,0.6055558333333333,0.4758041889880952,0.073125,0.16,-0.4026791889880952
bpr,with_minutes,extra_trees,season_holdout_2025_26,8,16,0.6224631547619047,1.0741607142857144,0.8351328645833332,0.47375,0.765,-0.36138286458333324
bpr,with_minutes,extra_trees,season_holdout_2025_26,9,16,1.1745417857142852,1.7674250595238092,1.4315028404017858,2.1849999999999996,1.745,0.7534971595982143
bpr,with_minutes,extra_trees,season_holdout_2025_26,10,17,1.818153571428571,3.691819940476195,2.447289005602242,2.5052941176470584,2.66,0.058005112044817224
bpr,with_minutes,gradient_boosting,season_holdout_2025_26,1,17,-2.1969040704029146,-1.1934369230477497,-1.4942636879495104,-1.9300000000000002,-1.97,-0.43573631205048985
bpr,with_minutes,gradient_boosting,season_holdout_2025_26,2,16,-1.187698807897894,-0.8065849902388479,-1.0114406936261546,-1.28125,-0.97,-0.26980930637384515
bpr,with_minutes,gradient_boosting,season_holdout_2025_26,3,16,-0.8013309936602816,-0.5513652189376725,-0.6896912966991211,-0.785625,-0.625,-0.09593370330087891
bpr,with_minutes,gradient_boosting,season_holdout_2025_26,4,16,-0.5358686438681413,-0.22378796236818127,-0.39123193713979865,-0.9056250000000001,-1.3050000000000002,-0.5143930628602014
bpr,with_minutes,gradient_boosting,season_holdout_2025_26,5,16,-0.20391848460656817,0.030457590543063476,-0.1097182395923658,-0.336875,-0.675,-0.22715676040763413
bpr,with_minutes,gradient_boosting,season_holdout_2025_26,6,16,0.03964053237866866,0.2753484490528642,0.17759321906064812,0.26499999999999996,0.38,0.08740678093935197
bpr,with_minutes,gradient_boosting,season_holdout_2025_26,7,16,0.27618639830599184,0.6355269623258883,0.428569066884348,0.09312499999999996,0.27,-0.33544406688434797
bpr,with_minutes,gradient_boosting,season_holdout_2025_26,8,16,0.6588949119461757,1.248810934214711,0.929233819807556,1.075,1.135,0.14576618019244403
bpr,with_minutes,gradient_boosting,season_holdout_2025_26,9,16,1.2668974081471402,1.8482951060537132,1.5448833697918691,2.45625,2.435,0.9113666302081307
bpr,with_minutes,gradient_boosting,season_holdout_2025_26,10,17,2.0018015459478593,4.642396829319999,2.8982693127341803,1.9423529411764708,1.82,-0.9559163715577095
bpr,with_minutes,hist_gradient_boosting,season_holdout_2025_26,1,17,-2.57400785955552,-1.3094945853646298,-1.6809153530677994,-1.8235294117647056,-1.97,-0.1426140586969065
bpr,with_minutes,hist_gradient_boosting,season_holdout_2025_26,2,16,-1.3053167429387496,-0.948955296526195,-1.1390318841483507,-0.52625,-0.47,0.6127818841483508
bpr,with_minutes,hist_gradient_boosting,season_holdout_2025_26,3,16,-0.9135965355495144,-0.47197729619983425,-0.6843641983963973,-0.7474999999999999,-0.97,-0.06313580160360258
bpr,with_minutes,hist_gradient_boosting,season_holdout_2025_26,4,16,-0.4434010165940644,-0.16815058532543126,-0.27560349390100525,-0.641875,-0.645,-0.36627150609899467
bpr,with_minutes,hist_gradient_boosting,season_holdout_2025_26,5,16,-0.1424917808778608,0.1704658862168424,0.0003252137084084391,-0.2156250000000001,-0.7150000000000001,-0.21595021370840847
bpr,with_minutes,hist_gradient_boosting,season_holdout_2025_26,6,16,0.17211366462253694,0.44536948252504227,0.317377762087882,0.343125,0.37,0.02574723791211797
bpr,with_minutes,hist_gradient_boosting,season_holdout_2025_26,7,16,0.4812709958396371,0.745802698968964,0.6108560707429845,0.378125,0.825,-0.23273107074298457
bpr,with_minutes,hist_gradient_boosting,season_holdout_2025_26,8,16,0.7616303864154201,1.1971471719108466,0.9684567505660575,0.278125,0.07500000000000001,-0.6903317505660574
bpr,with_minutes,hist_gradient_boosting,season_holdout_2025_26,9,16,1.1988965535883198,1.9569512169762173,1.5255450734117482,1.2774999999999999,1.745,-0.24804507341174822
bpr,with_minutes,hist_gradient_boosting,season_holdout_2025_26,10,17,1.9809276674881615,4.637241396409296,2.5398749910291305,2.244705882352941,2.14,-0.2951691086761892
bpr,with_minutes,knn,season_holdout_2025_26,1,17,-1.0940712034668056,-0.552031349821472,-0.7178868626917031,-0.9976470588235294,-2.05,-0.2797601961318263
bpr,with_minutes,knn,season_holdout_2025_26,2,16,-0.5479168679795478,-0.3048448714693981,-0.4195183559015643,-1.6137499999999998,-1.4700000000000002,-1.194231644098436
bpr,with_minutes,knn,season_holdout_2025_26,3,16,-0.29508999827328836,-0.12741393731990655,-0.20866624788505267,-0.821875,-1.245,-0.6132087521149474
bpr,with_minutes,knn,season_holdout_2025_26,4,16,-0.11464383695777029,0.07375607786679444,-0.03128286137315815,-0.474375,-0.019999999999999997,-0.4430921386268418
bpr,with_minutes,knn,season_holdout_2025_26,5,16,0.07714880656749129,0.20447049868283187,0.14126028332635193,-0.13937500000000003,-0.135,-0.2806352833263519
bpr,with_minutes,knn,season_holdout_2025_26,6,16,0.2070548078408516,0.3570861603879232,0.28688434043742683,0.05625000000000002,-0.08,-0.2306343404374269
bpr,with_minutes,knn,season_holdout_2025_26,7,16,0.4015679924135784,0.6279196840458756,0.5403837099394149,1.1356249999999999,0.81,0.5952412900605851
bpr,with_minutes,knn,season_holdout_2025_26,8,16,0.6475222876107373,0.9148123643221746,0.7870700182526866,0.40062500000000006,0.8300000000000001,-0.3864450182526866
bpr,with_minutes,knn,season_holdout_2025_26,9,16,0.941452899873059,1.340877877103168,1.0840386207132442,1.0375,1.25,-0.046538620713244216
bpr,with_minutes,knn,season_holdout_2025_26,10,17,1.5127477095702258,2.8601250249579864,1.9593792574799072,1.950588235294118,2.24,-0.008791022185789121
bpr,with_minutes,svr_rbf,season_holdout_2025_26,1,17,-1.628623496980231,-0.893396984526486,-1.15322680541395,-1.5705882352941178,-1.68,-0.4173614298801675
bpr,with_minutes,svr_rbf,season_holdout_2025_26,2,16,-0.8557772507475858,-0.4395666116103931,-0.5886628482781766,-1.6481250000000003,-1.895,-1.0594621517218235
bpr,with_minutes,svr_rbf,season_holdout_2025_26,3,16,-0.4361428085311656,-0.20208797327874062,-0.3418695227777796,-0.15250000000000002,-0.22,0.18936952277777958
bpr,with_minutes,svr_rbf,season_holdout_2025_26,4,16,-0.17168156113066202,0.07986403317323298,-0.06003276933527562,-0.3937500000000001,-0.875,-0.3337172306647245
bpr,with_minutes,svr_rbf,season_holdout_2025_26,5,16,0.094012835001627,0.19837561016373184,0.15005576205915985,-0.6443749999999999,-0.6799999999999999,-0.7944307620591599
bpr,with_minutes,svr_rbf,season_holdout_2025_26,6,16,0.2095159180175577,0.4128854070686182,0.30216780995599535,0.073125,0.09,-0.2290428099559953
bpr,with_minutes,svr_rbf,season_holdout_2025_26,7,16,0.4302156230928113,0.7598135074611799,0.581528458655323,0.245,0.61,-0.33652845865532305
bpr,with_minutes,svr_rbf,season_holdout_2025_26,8,16,0.8091039891356899,1.0144114617527382,0.9104135222718872,1.1175,1.05,0.20708647772811278
bpr,with_minutes,svr_rbf,season_holdout_2025_26,9,16,1.0314004386770985,1.6544636627038296,1.2689843225260735,1.1275,0.86,-0.14148432252607338
bpr,with_minutes,svr_rbf,season_holdout_2025_26,10,17,1.7117409755132094,4.294873914266414,2.2707154181893543,2.388235294117647,2.24,0.11751987592829316
porpag,no_minutes,mean,season_holdout_2025_26,1,23,1.0154079452456577,1.0154079452456577,1.0154079452456581,0.4846006426086957,0.364153,-0.530807302636962
porpag,no_minutes,mean,season_holdout_2025_26,2,23,1.0154079452456577,1.0154079452456577,1.0154079452456581,0.6084738304347825,0.475843,-0.4069341148108751
porpag,no_minutes,mean,season_holdout_2025_26,3,22,1.0154079452456577,1.0154079452456577,1.0154079452456581,1.070978886363636,0.88567,0.05557094111797867
porpag,no_minutes,mean,season_holdout_2025_26,4,23,1.0154079452456577,1.0154079452456577,1.0154079452456581,0.542700443478261,0.370591,-0.4727075017673968
porpag,no_minutes,mean,season_holdout_2025_26,5,23,1.0154079452456577,1.0154079452456577,1.0154079452456581,1.301959217391304,1.19394,0.28655127214564663
porpag,no_minutes,mean,season_holdout_2025_26,6,22,1.0154079452456577,1.0154079452456577,1.0154079452456581,0.8786277045454546,0.67477,-0.13678024070020314
porpag,no_minutes,mean,season_holdout_2025_26,7,23,1.0154079452456577,1.0154079452456577,1.0154079452456581,0.8848697869565219,0.925762,-0.13053815828913598
porpag,no_minutes,mean,season_holdout_2025_26,8,22,1.0154079452456577,1.0154079452456577,1.0154079452456581,1.3830416727272727,1.16591,0.36763372748161505
porpag,no_minutes,mean,season_holdout_2025_26,9,23,1.0154079452456577,1.0154079452456577,1.0154079452456581,0.6054559434782608,0.440335,-0.4099520017673968
porpag,no_minutes,mean,season_holdout_2025_26,10,23,1.0154079452456577,1.0154079452456577,1.0154079452456581,0.8945372569565216,0.66175,-0.1208706882891359
porpag,no_minutes,ridge,season_holdout_2025_26,1,23,-0.03962605507289796,0.46272482519242963,0.2948607621788434,0.15718898260869563,0.0989096,-0.13767177957014778
porpag,no_minutes,ridge,season_holdout_2025_26,2,23,0.46455794532494543,0.7030201284470153,0.556852323830325,0.5278527565217391,0.244293,-0.028999567308585973
porpag,no_minutes,ridge,season_holdout_2025_26,3,22,0.7245475876924394,0.8820443992480496,0.8037747869068017,0.5278945354545453,0.326841,-0.27588025145225625
porpag,no_minutes,ridge,season_holdout_2025_26,4,23,0.8820696181162369,0.9671228947102822,0.9280280950817705,0.7486249956521739,0.512884,-0.1794030994295966
porpag,no_minutes,ridge,season_holdout_2025_26,5,23,0.9703106113491832,1.084551446549237,1.0233733611111346,0.9776151739130433,0.655691,-0.045758187198091035
porpag,no_minutes,ridge,season_holdout_2025_26,6,22,1.0880186999237755,1.2055465866829467,1.1361568458123263,0.8627819045454547,0.7817685000000001,-0.2733749412668717
porpag,no_minutes,ridge,season_holdout_2025_26,7,23,1.2109382875230952,1.3271574980779697,1.2675716292197698,0.9360353521739132,0.836656,-0.331536277045857
porpag,no_minutes,ridge,season_holdout_2025_26,8,22,1.3304183192059824,1.4369638763555095,1.3805297416580904,1.1729760863636365,1.0644,-0.20755365529445385
porpag,no_minutes,ridge,season_holdout_2025_26,9,23,1.4381951970357587,1.6579832136856631,1.5593961733025063,1.423617330869565,1.43854,-0.13577884243294114
porpag,no_minutes,ridge,season_holdout_2025_26,10,23,1.6605091728243888,2.340549843663606,1.9555705840975335,1.2872236695652173,1.3794,-0.6683469145323163
porpag,no_minutes,elasticnet,season_holdout_2025_26,1,23,0.12993683793278576,0.5832213658249724,0.45658358004214433,0.22975813043478263,0.0989096,-0.2268254496073618
porpag,no_minutes,elasticnet,season_holdout_2025_26,2,23,0.584137135848837,0.7750874186875363,0.6879550363719714,0.516166752173913,0.235853,-0.17178828419805836
porpag,no_minutes,elasticnet,season_holdout_2025_26,3,22,0.7770200820786515,0.8861691557534259,0.8417102981657945,0.49268151272727273,0.28666400000000003,-0.3490287854385218
porpag,no_minutes,elasticnet,season_holdout_2025_26,4,23,0.8869638250904652,0.9876469454525335,0.940930738881929,0.6586407391304349,0.729626,-0.28228999975149427
porpag,no_minutes,elasticnet,season_holdout_2025_26,5,23,1.0037609557093086,1.150899466804376,1.0827207566938692,0.7586219304347825,0.550849,-0.32409882625908676
porpag,no_minutes,elasticnet,season_holdout_2025_26,6,22,1.1592013085045263,1.2496181237760695,1.1969918331970035,1.1027653045454546,0.6959325000000001,-0.09422652865154889
porpag,no_minutes,elasticnet,season_holdout_2025_26,7,23,1.2540750989105593,1.298154753475419,1.2720562504850286,1.2346558352173913,1.07957,-0.037400415267637446
porpag,no_minutes,elasticnet,season_holdout_2025_26,8,22,1.306891248613342,1.4563568989290963,1.3713970860192262,0.8871824045454546,1.001311,-0.48421468147377156
porpag,no_minutes,elasticnet,season_holdout_2025_26,9,23,1.4569591994118065,1.6147848349595495,1.5330113659373978,1.3283547130434783,1.18412,-0.20465665289391985
porpag,no_minutes,elasticnet,season_holdout_2025_26,10,23,1.6395869384916113,2.178898933228742,1.8662673923301671,1.4094607130434782,1.3794,-0.4568066792866886
porpag,no_minutes,random_forest,season_holdout_2025_26,1,23,0.14205287878573716,0.6768761496821816,0.486998596684524,0.5735963652173913,0.244293,0.08659776853286733
porpag,no_minutes,random_forest,season_holdout_2025_26,2,23,0.6859050986034173,0.7819916226034899,0.7269252811401781,0.13069452608695653,-0.107511,-0.5962307550532217
porpag,no_minutes,random_forest,season_holdout_2025_26,3,22,0.7878178678126284,0.9128032871736176,0.8480637214436405,0.5997632045454544,0.3895115,-0.248300516898186
porpag,no_minutes,random_forest,season_holdout_2025_26,4,23,0.9171295575706475,0.994152309356961,0.9574838492901527,0.526822674347826,0.234921,-0.4306611749423266
porpag,no_minutes,random_forest,season_holdout_2025_26,5,23,0.995096285169813,1.117622204424294,1.0626430190033864,0.7994896608695652,0.895064,-0.2631533581338212
porpag,no_minutes,random_forest,season_holdout_2025_26,6,22,1.1185904357502852,1.2245023702032276,1.1728179502767218,0.9797951363636362,0.7682525,-0.19302281391308543
porpag,no_minutes,random_forest,season_holdout_2025_26,7,23,1.2273654858884897,1.3160232351468772,1.2646086989803151,0.7510879565217392,0.729626,-0.5135207424585759
porpag,no_minutes,random_forest,season_holdout_2025_26,8,22,1.3385900961109944,1.4447080481950971,1.3993660370338978,1.3096137945454545,1.28342,-0.08975224248844312
porpag,no_minutes,random_forest,season_holdout_2025_26,9,23,1.4473204882613637,1.6270361741226695,1.5283734613808448,1.4053373913043479,1.19394,-0.12303607007649733
porpag,no_minutes,random_forest,season_holdout_2025_26,10,23,1.6324139884899669,2.194840580297465,1.851523651187079,1.5597631043478262,1.78407,-0.29176054683925284
porpag,no_minutes,extra_trees,season_holdout_2025_26,1,23,0.16495425929563087,0.581864698744941,0.40629256888709664,0.5799868434782609,0.244293,0.17369427459116416
porpag,no_minutes,extra_trees,season_holdout_2025_26,2,23,0.583071931977143,0.8283107985494641,0.7067463223788529,0.16618017,0.00219761,-0.5405661523788529
porpag,no_minutes,extra_trees,season_holdout_2025_26,3,22,0.8310975132017855,0.9504871561054168,0.8908040763405464,0.5226637818181817,0.402244,-0.3681402945223646
porpag,no_minutes,extra_trees,season_holdout_2025_26,4,23,0.9518048637194054,1.0377830752380952,0.9859530197483773,0.4068202956521739,0.268102,-0.5791327240962033
porpag,no_minutes,extra_trees,season_holdout_2025_26,5,23,1.0403499572829764,1.11041655636075,1.071508683127792,0.6769110913043478,0.234921,-0.3945975918234445
porpag,no_minutes,extra_trees,season_holdout_2025_26,6,22,1.1107883892018928,1.1973267541844645,1.1535293765072387,1.0815996136363635,0.9129010000000001,-0.07192976287087505
porpag,no_minutes,extra_trees,season_holdout_2025_26,7,23,1.2047716544711913,1.3075114737956315,1.2586441681848475,0.8271123252173911,0.539972,-0.4315318429674561
porpag,no_minutes,extra_trees,season_holdout_2025_26,8,22,1.3090623531906906,1.4198475153839047,1.3622348214750055,1.3580574909090908,1.27955,-0.0041773305659147586
porpag,no_minutes,extra_trees,season_holdout_2025_26,9,23,1.4209415529080365,1.573206210641666,1.496080058181212,1.4648782173913044,1.3794,-0.031201840789907353
porpag,no_minutes,extra_trees,season_holdout_2025_26,10,23,1.5879811706346403,2.2477488972855473,1.8100611305817573,1.5549343652173917,1.76645,-0.2551267653643655
porpag,no_minutes,gradient_boosting,season_holdout_2025_26,1,23,-0.26146175022268225,0.5136197158850883,0.24414567346323726,0.6275598260869566,0.244293,0.3834141526237192
porpag,no_minutes,gradient_boosting,season_holdout_2025_26,2,23,0.5316905425738554,0.7526710572451273,0.6462811942245363,0.3599095217391305,0.041649,-0.286371672485406
porpag,no_minutes,gradient_boosting,season_holdout_2025_26,3,22,0.7546951597385037,0.8616141271497209,0.8052835470963399,0.6300439272727272,0.541285,-0.17523961982361255
porpag,no_minutes,gradient_boosting,season_holdout_2025_26,4,23,0.8648231185039726,0.9732581457202402,0.9125949173092345,0.5996594782608695,0.539972,-0.31293543904836485
porpag,no_minutes,gradient_boosting,season_holdout_2025_26,5,23,0.974039084915157,1.0977287014336006,1.0461113716885928,0.509128347826087,0.440335,-0.5369830238625058
porpag,no_minutes,gradient_boosting,season_holdout_2025_26,6,22,1.1103411960853238,1.2096879663460354,1.1556854371756626,0.7464058822727272,0.649008,-0.40927955490293527
porpag,no_minutes,gradient_boosting,season_holdout_2025_26,7,23,1.2211514476872674,1.3345366822349836,1.2785440967056516,0.9674839599999999,0.734288,-0.31106013670565175
porpag,no_minutes,gradient_boosting,season_holdout_2025_26,8,22,1.3375195212878828,1.4957863244016618,1.3980463263381233,1.476190177272727,1.40897,0.07814385093460406
porpag,no_minutes,gradient_boosting,season_holdout_2025_26,9,23,1.5386841516184624,1.7454073647581183,1.636255724917669,1.3888883652173911,1.27826,-0.24736735970027746
porpag,no_minutes,gradient_boosting,season_holdout_2025_26,10,23,1.7473252100031322,2.786913127993333,2.1397870261787015,1.3291059739130435,1.76645,-0.8106810522656581
porpag,no_minutes,hist_gradient_boosting,season_holdout_2025_26,1,23,-0.4525526187130705,0.5654961427391226,0.29687708334354657,0.1894646521739131,-0.107511,-0.1074124311696335
porpag,no_minutes,hist_gradient_boosting,season_holdout_2025_26,2,23,0.5807182989989479,0.767132981560171,0.6862362178891334,0.5032428086956522,0.510921,-0.18299340919348114
porpag,no_minutes,hist_gradient_boosting,season_holdout_2025_26,3,22,0.7677901353069246,0.8886784901015209,0.8312833752877574,0.5379734181818182,0.244482,-0.29330995710593927
porpag,no_minutes,hist_gradient_boosting,season_holdout_2025_26,4,23,0.8921885905437339,1.012707268545757,0.9393655880343216,0.21753724782608694,0.0930604,-0.7218283402082346
porpag,no_minutes,hist_gradient_boosting,season_holdout_2025_26,5,23,1.0234970923476183,1.1264287288160175,1.0783960499537821,1.3875933043478261,1.18172,0.3091972543940439
porpag,no_minutes,hist_gradient_boosting,season_holdout_2025_26,6,22,1.1499138023722675,1.2669608148372307,1.2117947256159516,0.8672874545454544,0.7026155000000001,-0.34450727107049706
porpag,no_minutes,hist_gradient_boosting,season_holdout_2025_26,7,23,1.2882387818872325,1.4421341455386392,1.3949983645410473,1.2019526047826086,1.12066,-0.1930457597584385
porpag,no_minutes,hist_gradient_boosting,season_holdout_2025_26,8,22,1.4564310101261038,1.5965854941853264,1.546613132336875,1.1463653681818182,1.19004,-0.40024776415505686
porpag,no_minutes,hist_gradient_boosting,season_holdout_2025_26,9,23,1.6101148965165728,1.8857172809098723,1.740647656938675,0.9596121339130433,0.802858,-0.7810355230256318
porpag,no_minutes,hist_gradient_boosting,season_holdout_2025_26,10,23,1.9029308055462597,2.839017737608833,2.113698774289888,1.6102589130434783,1.3337,-0.5034398612464096
porpag,no_minutes,knn,season_holdout_2025_26,1,23,0.3071865268818071,0.5786149890134419,0.44799264981032894,0.5326330913043479,0.235853,0.08464044149401893
porpag,no_minutes,knn,season_holdout_2025_26,2,23,0.6057551343361891,0.8867449055889872,0.7599418347701173,0.4611604347826087,0.482912,-0.2987813999875087
porpag,no_minutes,knn,season_holdout_2025_26,3,22,0.8939187406936577,1.050774959430085,0.971674522121922,0.33264325045454546,0.042089455,-0.6390312716673764
porpag,no_minutes,knn,season_holdout_2025_26,4,23,1.0509688128498047,1.1526123704315108,1.1002613612819077,0.7312074086956522,0.724635,-0.36905395258625545
porpag,no_minutes,knn,season_holdout_2025_26,5,23,1.1563413008800243,1.2547211597162493,1.2001781229015982,0.9457170730434782,0.910078,-0.25446104985812
porpag,no_minutes,knn,season_holdout_2025_26,6,22,1.2549095650985642,1.312259280976952,1.2887059531261813,0.8732,0.7345980000000001,-0.41550595312618127
porpag,no_minutes,knn,season_holdout_2025_26,7,23,1.3157755298503364,1.437710768938682,1.3822752481013476,0.8724082000000003,0.729626,-0.5098670481013474
porpag,no_minutes,knn,season_holdout_2025_26,8,22,1.4489577735747496,1.5734039932071773,1.5120624029712308,1.1332094954545455,1.015298,-0.37885290751668527
porpag,no_minutes,knn,season_holdout_2025_26,9,23,1.5763384980912203,1.7813979685061565,1.6670004443981536,1.3575245391304347,1.36516,-0.3094759052677187
porpag,no_minutes,knn,season_holdout_2025_26,10,23,1.7845652276625288,2.2879620587544,1.9441202866163418,1.372342086956522,1.49826,-0.5717781996598199
porpag,no_minutes,svr_rbf,season_holdout_2025_26,1,23,-0.031622998536686375,0.5573644950273362,0.3426028846390015,0.34050417391304344,-0.200437,-0.0020987107259580677
porpag,no_minutes,svr_rbf,season_holdout_2025_26,2,23,0.5585310977204059,0.7494737526836632,0.6681563956439942,0.598973352173913,0.234921,-0.06918304347008124
porpag,no_minutes,svr_rbf,season_holdout_2025_26,3,22,0.760169676902137,0.8947836942570416,0.8154840893886462,0.1709880868181818,0.1433845,-0.6444960025704645
porpag,no_minutes,svr_rbf,season_holdout_2025_26,4,23,0.9001584823440737,1.0416887869400902,0.9719704163798231,0.5608535478260869,0.531721,-0.41111686855373597
porpag,no_minutes,svr_rbf,season_holdout_2025_26,5,23,1.0434860978157476,1.163759835390181,1.1042121544193677,1.0361438513043477,0.883703,-0.06806830311501998
porpag,no_minutes,svr_rbf,season_holdout_2025_26,6,22,1.1693369655584547,1.2895485146705337,1.2365068021574883,0.9598819409090908,0.835818,-0.2766248612483972
porpag,no_minutes,svr_rbf,season_holdout_2025_26,7,23,1.2902474056504656,1.3736178132921706,1.3349648321304846,1.2354414,0.910078,-0.09952343213048487
porpag,no_minutes,svr_rbf,season_holdout_2025_26,8,22,1.3809048522016267,1.5243141164172525,1.4510217212425118,1.1559198181818182,1.0675,-0.2951019030606936
porpag,no_minutes,svr_rbf,season_holdout_2025_26,9,23,1.5248854873894104,1.6510947781043268,1.5976126743972163,1.3084976304347826,1.29975,-0.28911504396243376
porpag,no_minutes,svr_rbf,season_holdout_2025_26,10,23,1.6621703309954483,2.534752164371359,1.8522183427950119,1.2425694782608694,1.36516,-0.6096488645341419
porpag,with_minutes,mean,season_holdout_2025_26,1,23,1.0154079452456577,1.0154079452456577,1.0154079452456581,0.4846006426086957,0.364153,-0.530807302636962
porpag,with_minutes,mean,season_holdout_2025_26,2,23,1.0154079452456577,1.0154079452456577,1.0154079452456581,0.6084738304347825,0.475843,-0.4069341148108751
porpag,with_minutes,mean,season_holdout_2025_26,3,22,1.0154079452456577,1.0154079452456577,1.0154079452456581,1.070978886363636,0.88567,0.05557094111797867
porpag,with_minutes,mean,season_holdout_2025_26,4,23,1.0154079452456577,1.0154079452456577,1.0154079452456581,0.542700443478261,0.370591,-0.4727075017673968
porpag,with_minutes,mean,season_holdout_2025_26,5,23,1.0154079452456577,1.0154079452456577,1.0154079452456581,1.301959217391304,1.19394,0.28655127214564663
porpag,with_minutes,mean,season_holdout_2025_26,6,22,1.0154079452456577,1.0154079452456577,1.0154079452456581,0.8786277045454546,0.67477,-0.13678024070020314
porpag,with_minutes,mean,season_holdout_2025_26,7,23,1.0154079452456577,1.0154079452456577,1.0154079452456581,0.8848697869565219,0.925762,-0.13053815828913598
porpag,with_minutes,mean,season_holdout_2025_26,8,22,1.0154079452456577,1.0154079452456577,1.0154079452456581,1.3830416727272727,1.16591,0.36763372748161505
porpag,with_minutes,mean,season_holdout_2025_26,9,23,1.0154079452456577,1.0154079452456577,1.0154079452456581,0.6054559434782608,0.440335,-0.4099520017673968
porpag,with_minutes,mean,season_holdout_2025_26,10,23,1.0154079452456577,1.0154079452456577,1.0154079452456581,0.8945372569565216,0.66175,-0.1208706882891359
porpag,with_minutes,ridge,season_holdout_2025_26,1,23,-1.0394526309176952,-0.18203955358731516,-0.4558279124836427,-0.16635901695652178,-0.336691,0.28946889552712096
porpag,with_minutes,ridge,season_holdout_2025_26,2,23,-0.1688374053853563,0.21438174327791915,0.007569272314847565,0.03960813043478261,0.0930604,0.032038858119935044
porpag,with_minutes,ridge,season_holdout_2025_26,3,22,0.21454629545519066,0.5309223158798906,0.36870421374909534,0.15532784,-0.029764560000000002,-0.21337637374909527
porpag,with_minutes,ridge,season_holdout_2025_26,4,23,0.5600316744799217,0.7492084176209528,0.664297534197803,0.05714640869565218,0.172286,-0.6071511255021509
porpag,with_minutes,ridge,season_holdout_2025_26,5,23,0.7564830283223585,1.0235635238963579,0.8818781494100734,0.5135667173913044,0.488279,-0.36831143201876904
porpag,with_minutes,ridge,season_holdout_2025_26,6,22,1.0342458062425144,1.3011885484423045,1.1926162369752598,1.0405986818181818,1.081705,-0.15201755515707802
porpag,with_minutes,ridge,season_holdout_2025_26,7,23,1.3074852416063516,1.5749489918702624,1.4608388583896932,1.228525439130435,1.08577,-0.23231341925925847
porpag,with_minutes,ridge,season_holdout_2025_26,8,22,1.5809959912007752,1.816710336833467,1.711719107426763,1.6498713,1.7380149999999999,-0.06184780742676305
porpag,with_minutes,ridge,season_holdout_2025_26,9,23,1.8215456498293503,2.136351249227646,1.9777788471955455,1.5851422956521741,1.62666,-0.39263655154337185
porpag,with_minutes,ridge,season_holdout_2025_26,10,23,2.1998571490484298,2.8323259895491963,2.420532608623153,2.5306501782608697,2.40926,0.11011756963771609
porpag,with_minutes,elasticnet,season_holdout_2025_26,1,23,-0.8401199698410386,-0.13715569396406857,-0.3634829568828467,-0.13572832130434784,-0.205128,0.22775463557849887
porpag,with_minutes,elasticnet,season_holdout_2025_26,2,23,-0.1300277576064408,0.24141230274300274,0.0500445792424351,0.04346001739130435,0.0819813,-0.006584561851130747
porpag,with_minutes,elasticnet,season_holdout_2025_26,3,22,0.25686479846660015,0.5228393292214055,0.40419011134839594,0.14254974909090912,0.027243939999999998,-0.2616403622574869
porpag,with_minutes,elasticnet,season_holdout_2025_26,4,23,0.530856452555279,0.7961556471888436,0.6908092288192624,0.24051782608695652,0.274176,-0.450291402732306
porpag,with_minutes,elasticnet,season_holdout_2025_26,5,23,0.803924230616651,1.1044497066460686,0.9506144635046457,0.3378864565217391,0.278466,-0.6127280069829064
porpag,with_minutes,elasticnet,season_holdout_2025_26,6,22,1.1266823413359721,1.3358005066910918,1.227299432848363,1.0634020000000002,1.109465,-0.16389743284836292
porpag,with_minutes,elasticnet,season_holdout_2025_26,7,23,1.344272426604699,1.5996328366694004,1.4778678727434147,1.2471336565217392,1.15445,-0.23073421622167545
porpag,with_minutes,elasticnet,season_holdout_2025_26,8,22,1.6106379459665217,1.8483056276812198,1.7442096805800114,1.5034912545454544,1.497955,-0.2407184260345571
porpag,with_minutes,elasticnet,season_holdout_2025_26,9,23,1.8484706438456606,2.1322097081508606,2.004580562513589,1.7388853478260873,1.85691,-0.26569521468750185
porpag,with_minutes,elasticnet,season_holdout_2025_26,10,23,2.1380477331084387,2.9319150015401485,2.4154393933907228,2.4465515173913044,2.40926,0.031112124000581765
porpag,with_minutes,random_forest,season_holdout_2025_26,1,23,-0.3532065985755451,0.038825676060985186,-0.09113640570276538,-0.33443380000000006,-0.372433,-0.2432973942972346
porpag,with_minutes,random_forest,season_holdout_2025_26,2,23,0.04506071345819612,0.1670414372220229,0.12230651589116612,0.12824598304347828,0.177494,0.005939467152312115
porpag,with_minutes,random_forest,season_holdout_2025_26,3,22,0.1671504630605079,0.3965653303502994,0.2908565620432292,0.15227352181818182,0.1702325,-0.13858304022504733
porpag,with_minutes,random_forest,season_holdout_2025_26,4,23,0.40034605643830573,0.5994139164024027,0.4915311906710453,0.24400813913043476,0.240444,-0.24752305154061044
porpag,with_minutes,random_forest,season_holdout_2025_26,5,23,0.6099211932195707,0.8447096599476548,0.7421998161324473,0.6875499173913043,0.550849,-0.05464989874114281
porpag,with_minutes,random_forest,season_holdout_2025_26,6,22,0.8490649408046156,1.091216165985339,0.9698897698598856,1.1460385454545454,1.1820149999999998,0.17614877559465977
porpag,with_minutes,random_forest,season_holdout_2025_26,7,23,1.0953084221392941,1.3190703271528894,1.1997312127426063,1.2034602217391304,1.30053,0.003729008996524102
porpag,with_minutes,random_forest,season_holdout_2025_26,8,22,1.3347481420498222,1.731178685364374,1.539318328232296,1.6829412636363636,1.845555,0.1436229354040675
porpag,with_minutes,random_forest,season_holdout_2025_26,9,23,1.7510484119585825,2.0003668061031075,1.8788189655010812,1.4727739826086954,1.62666,-0.4060449828923852
porpag,with_minutes,random_forest,season_holdout_2025_26,10,23,2.07783369250282,3.0737881332917523,2.54282116763858,2.2571095695652175,2.3958,-0.28571159807336244
porpag,with_minutes,extra_trees,season_holdout_2025_26,1,23,-0.303997718258869,0.07819672143723816,-0.03971295534437733,-0.08704447782608696,-0.107511,-0.04733152248170961
porpag,with_minutes,extra_trees,season_holdout_2025_26,2,23,0.08689213142239285,0.28528203224335724,0.1816218089581589,-0.03398201739130435,-0.0951073,-0.2156038263494632
porpag,with_minutes,extra_trees,season_holdout_2025_26,3,22,0.2865821723307263,0.42100101712261945,0.3603433168937835,0.046569986363636365,0.022529799999999996,-0.31377333053014717
porpag,with_minutes,extra_trees,season_holdout_2025_26,4,23,0.4224322369438687,0.568919829659762,0.5081179441298578,0.30880041652173906,0.274176,-0.19931752760811855
porpag,with_minutes,extra_trees,season_holdout_2025_26,5,23,0.5812360574041193,0.8526493181439408,0.7365674950605452,0.4488890043478261,0.49812,-0.28767849071271917
porpag,with_minutes,extra_trees,season_holdout_2025_26,6,22,0.8537148371947616,1.1017804498980943,0.9935912099773713,1.2668721363636364,1.2893949999999998,0.27328092638626517
porpag,with_minutes,extra_trees,season_holdout_2025_26,7,23,1.1063137808757135,1.327057752829762,1.2163340707189547,1.3481697434782607,1.49826,0.13183567275930613
porpag,with_minutes,extra_trees,season_holdout_2025_26,8,22,1.3378769666559527,1.7571757739261895,1.560740286177725,1.3353254,1.2164549999999998,-0.22541488617772484
porpag,with_minutes,extra_trees,season_holdout_2025_26,9,23,1.7581844491554768,2.1844341776008336,1.9258122063894205,1.658744856521739,1.78407,-0.2670673498676813
porpag,with_minutes,extra_trees,season_holdout_2025_26,10,23,2.2084783893928557,2.9564916647833352,2.396248145186387,2.3331663913043483,2.39672,-0.06308175388203913
porpag,with_minutes,gradient_boosting,season_holdout_2025_26,1,23,-0.5986244472568023,-0.018388517301460083,-0.24312563661708442,-0.18539884347826086,-0.205128,0.05772679313882354
porpag,with_minutes,gradient_boosting,season_holdout_2025_26,2,23,-0.017431047748253735,0.19422085441056022,0.08084480861704291,-0.008429260434782603,-0.107511,-0.08927406905182549
porpag,with_minutes,gradient_boosting,season_holdout_2025_26,3,22,0.19747394590951386,0.34699475688748566,0.2644491560488172,0.12243165818181817,0.09044545,-0.14201749786699905
porpag,with_minutes,gradient_boosting,season_holdout_2025_26,4,23,0.350769164949504,0.593529219045769,0.4875292939144174,0.3960680304347826,0.39011,-0.09146126347963478
porpag,with_minutes,gradient_boosting,season_holdout_2025_26,5,23,0.5966544951572705,0.8692656779226756,0.707726273530266,0.6672253043478262,0.510921,-0.04050096918243986
porpag,with_minutes,gradient_boosting,season_holdout_2025_26,6,22,0.8699694142210667,1.0637219059771064,0.9749910481176546,0.9042041909090911,0.9129010000000001,-0.07078685720856347
porpag,with_minutes,gradient_boosting,season_holdout_2025_26,7,23,1.0647010639435395,1.376029919651759,1.2209096670851183,1.249292047826087,1.29975,0.02838238074096861
porpag,with_minutes,gradient_boosting,season_holdout_2025_26,8,22,1.3822919817353976,1.6649031444097184,1.5405302968663632,1.6757051363636366,1.809135,0.13517483949727327
porpag,with_minutes,gradient_boosting,season_holdout_2025_26,9,23,1.687327638416893,2.112483647313566,1.8190834266997626,1.5341146260869565,1.85691,-0.28496880061280594
porpag,with_minutes,gradient_boosting,season_holdout_2025_26,10,23,2.112703177224791,3.8285597220205667,2.649254413348767,2.2726278304347827,2.3958,-0.3766265829139848
porpag,with_minutes,hist_gradient_boosting,season_holdout_2025_26,1,23,-0.4790797273040855,0.039355405271798836,-0.15870828696946876,-0.1423388343478261,-0.107511,0.01636945262164271
porpag,with_minutes,hist_gradient_boosting,season_holdout_2025_26,2,23,0.05497300875645654,0.2270095541843616,0.1389211760529854,-0.19001598260869573,-0.335422,-0.3289371586616811
porpag,with_minutes,hist_gradient_boosting,season_holdout_2025_26,3,22,0.23311615217440304,0.420526228934535,0.30840044246791193,0.19325865,0.2804185,-0.11514179246791198
porpag,with_minutes,hist_gradient_boosting,season_holdout_2025_26,4,23,0.4206039175915095,0.6219569980891875,0.53359559722778,0.4030185469565218,0.325167,-0.13057705027125846
porpag,with_minutes,hist_gradient_boosting,season_holdout_2025_26,5,23,0.6693772291069272,0.847661544201005,0.7590818184366771,0.5982096,0.539972,-0.16087221843667712
porpag,with_minutes,hist_gradient_boosting,season_holdout_2025_26,6,22,0.8645843668557384,1.143411681878256,1.0100503878194056,1.291706777272727,1.293965,0.2816563894533216
porpag,with_minutes,hist_gradient_boosting,season_holdout_2025_26,7,23,1.149342363947788,1.4317739498027229,1.3052136044290552,1.3508963521739128,1.49826,0.04568274774485756
porpag,with_minutes,hist_gradient_boosting,season_holdout_2025_26,8,22,1.4384769941184385,1.671540765898137,1.567836858810015,1.5505294909090908,1.3399649999999999,-0.017307367900924422
porpag,with_minutes,hist_gradient_boosting,season_holdout_2025_26,9,23,1.6721990584148563,2.187777147940417,1.9389180767880732,1.4520198086956524,1.78407,-0.486898268092421
porpag,with_minutes,hist_gradient_boosting,season_holdout_2025_26,10,23,2.287981130023146,3.236806905814371,2.7427896411621346,2.1350412652173913,2.07723,-0.6077483759447431
porpag,with_minutes,knn,season_holdout_2025_26,1,23,0.0519304721046133,0.503838674153682,0.3889605467512222,0.19362564347826086,-0.194476,-0.19533490327296124
porpag,with_minutes,knn,season_holdout_2025_26,2,23,0.513072308035769,0.770714662366562,0.659928593073961,0.41201415260869567,0.235853,-0.2479144404652653
porpag,with_minutes,knn,season_holdout_2025_26,3,22,0.7714299357211893,0.9509665297124326,0.873180892418354,0.26437696818181816,0.22896899999999998,-0.6088039242365356
porpag,with_minutes,knn,season_holdout_2025_26,4,23,0.9525819793213818,1.1386886624570036,1.0607182615624529,0.6555882695652173,0.539972,-0.40512999199723543
porpag,with_minutes,knn,season_holdout_2025_26,5,23,1.1386928058401302,1.248363023795728,1.1941101159158827,0.5426721304347826,0.682231,-0.6514379854810999
porpag,with_minutes,knn,season_holdout_2025_26,6,22,1.2489184434771394,1.31851567784765,1.2842444071531458,0.7330661945454547,0.6637105000000001,-0.5511782126076911
porpag,with_minutes,knn,season_holdout_2025_26,7,23,1.324591717928897,1.44392812258602,1.3972926980229066,0.9640472478260868,0.786965,-0.43324545019681937
porpag,with_minutes,knn,season_holdout_2025_26,8,22,1.4615635773177842,1.6098348275400627,1.544678700560776,1.2519962636363635,1.2893949999999998,-0.29268243692441226
porpag,with_minutes,knn,season_holdout_2025_26,9,23,1.6100436490006378,1.819905563817864,1.724394252254065,1.6595718260869565,1.87876,-0.06482242616710857
porpag,with_minutes,knn,season_holdout_2025_26,10,23,1.8260168422905727,2.3774483380210985,1.9946705252333585,1.9311906521739128,1.78407,-0.06347987305944543
porpag,with_minutes,svr_rbf,season_holdout_2025_26,1,23,-0.5913075469509498,0.18533418344794006,-0.07294014357342639,-0.27231885608695655,-0.372433,-0.19937871251353012
porpag,with_minutes,svr_rbf,season_holdout_2025_26,2,23,0.19124663041928536,0.48274302085089915,0.38040335031275063,0.1522007782608695,0.0930604,-0.2282025720518811
porpag,with_minutes,svr_rbf,season_holdout_2025_26,3,22,0.4900785078917385,0.6670468102550509,0.5692653433823165,0.18542854545454546,0.2423685,-0.38383679792777115
porpag,with_minutes,svr_rbf,season_holdout_2025_26,4,23,0.6805240311051814,0.8174601097346353,0.7567206649170607,0.6242290730434782,0.49812,-0.13249159187358248
porpag,with_minutes,svr_rbf,season_holdout_2025_26,5,23,0.8249872850283035,0.9679506537513407,0.8957630146213,0.9490123434782609,0.900807,0.05324932885696092
porpag,with_minutes,svr_rbf,season_holdout_2025_26,6,22,0.9774377853291711,1.204759858700962,1.0878894107338697,0.42928451363636366,0.409149,-0.6586048970975061
porpag,with_minutes,svr_rbf,season_holdout_2025_26,7,23,1.2221194143355905,1.4158216079531978,1.343931578920452,1.246066347826087,1.3794,-0.09786523109436505
porpag,with_minutes,svr_rbf,season_holdout_2025_26,8,22,1.4242581829514913,1.578227903618479,1.5010048560529314,1.456543590909091,1.403965,-0.04446126514384068
porpag,with_minutes,svr_rbf,season_holdout_2025_26,9,23,1.5900822193189748,1.885852392522761,1.7079672530837,1.576239234782609,1.62666,-0.13172801830109138
porpag,with_minutes,svr_rbf,season_holdout_2025_26,10,23,1.8893237100432057,2.635164567202768,2.08721085185118,2.2537167,2.14099,0.16650584814881994
bpm,no_minutes,mean,season_holdout_2025_26,1,25,-2.63475530809628,-2.63475530809628,-2.63475530809628,-4.098754976,-3.12295,-1.4639996679037202
bpm,no_minutes,mean,season_holdout_2025_26,2,25,-2.63475530809628,-2.63475530809628,-2.63475530809628,-4.241910359999999,-3.07338,-1.6071550519037203
bpm,no_minutes,mean,season_holdout_2025_26,3,24,-2.63475530809628,-2.63475530809628,-2.63475530809628,-2.628972125,-2.6353099999999996,0.005783183096279713
bpm,no_minutes,mean,season_holdout_2025_26,4,25,-2.63475530809628,-2.63475530809628,-2.63475530809628,-3.6387495847999998,-2.23411,-1.00399427670372
bpm,no_minutes,mean,season_holdout_2025_26,5,24,-2.63475530809628,-2.63475530809628,-2.63475530809628,-0.805064125,-1.379375,1.8296911830962799
bpm,no_minutes,mean,season_holdout_2025_26,6,25,-2.63475530809628,-2.63475530809628,-2.63475530809628,-1.9070828,-2.30097,0.7276725080962798
bpm,no_minutes,mean,season_holdout_2025_26,7,24,-2.63475530809628,-2.63475530809628,-2.63475530809628,-3.6496943749999997,-3.5755850000000002,-1.0149390669037202
bpm,no_minutes,mean,season_holdout_2025_26,8,25,-2.63475530809628,-2.63475530809628,-2.63475530809628,-1.9746547199999998,-1.86566,0.6601005880962798
bpm,no_minutes,mean,season_holdout_2025_26,9,24,-2.63475530809628,-2.63475530809628,-2.63475530809628,-4.309960875000001,-4.0774,-1.6752055669037205
bpm,no_minutes,mean,season_holdout_2025_26,10,25,-2.63475530809628,-2.63475530809628,-2.63475530809628,-1.2671644480000004,-3.02482,1.3675908600962796
bpm,no_minutes,ridge,season_holdout_2025_26,1,25,-8.92262579340624,-5.00790721379509,-6.135492904242553,-5.234214,-4.84156,0.9012789042425529
bpm,no_minutes,ridge,season_holdout_2025_26,2,25,-4.981313857815705,-4.043887036402257,-4.4670581496006925,-3.10109212,-2.50697,1.3659660296006928
bpm,no_minutes,ridge,season_holdout_2025_26,3,24,-4.024371004665493,-3.5025149011586,-3.734808008515381,-2.6785606875000005,-2.68788,1.056247321015381
bpm,no_minutes,ridge,season_holdout_2025_26,4,25,-3.48256623248999,-2.908018093770046,-3.1835486886908884,-3.67135312,-3.81127,-0.48780443130911216
bpm,no_minutes,ridge,season_holdout_2025_26,5,24,-2.8860480526741252,-2.3492540242176903,-2.578250061919315,-1.6462905291666665,-2.206815,0.9319595327526486
bpm,no_minutes,ridge,season_holdout_2025_26,6,25,-2.330226003943105,-1.794561814012782,-2.0699285622034846,-3.7590882,-3.24815,-1.6891596377965155
bpm,no_minutes,ridge,season_holdout_2025_26,7,24,-1.732575974869071,-1.246375118551912,-1.5077090795802153,-3.1200298583333335,-3.0925399999999996,-1.6123207787531182
bpm,no_minutes,ridge,season_holdout_2025_26,8,25,-1.2101693949336676,-0.5757359310565717,-0.8926757329912176,-1.809486512,-0.689262,-0.9168107790087823
bpm,no_minutes,ridge,season_holdout_2025_26,9,24,-0.5550688235028693,0.1283525190950514,-0.21289602560357354,-2.9217,-2.52475,-2.7088039743964267
bpm,no_minutes,ridge,season_holdout_2025_26,10,25,0.19259114072222383,3.9901162979387523,1.3810177735584779,-0.5391089448000002,0.0735654,-1.920126718358478
bpm,no_minutes,elasticnet,season_holdout_2025_26,1,25,-8.283999468797436,-4.765961266373116,-5.779556527884232,-5.039471600000001,-4.19238,0.7400849278842316
bpm,no_minutes,elasticnet,season_holdout_2025_26,2,25,-4.75457807153427,-3.806683557870736,-4.24550976217796,-3.50086972,-2.50697,0.7446400421779599
bpm,no_minutes,elasticnet,season_holdout_2025_26,3,24,-3.7823273638392885,-3.1974215449620718,-3.484011351018724,-2.4359898125,-2.68788,1.0480215385187241
bpm,no_minutes,elasticnet,season_holdout_2025_26,4,25,-3.1968040355883423,-2.622071779038752,-2.9315224694220463,-2.142855888,-3.58101,0.7886665814220463
bpm,no_minutes,elasticnet,season_holdout_2025_26,5,24,-2.6191451131695955,-2.2241996350721274,-2.4255033227809295,-3.856098104166667,-3.097265,-1.4305947813857374
bpm,no_minutes,elasticnet,season_holdout_2025_26,6,25,-2.1745275321333786,-1.7575578552960942,-1.9594403245687138,-3.4373887439999997,-3.02482,-1.4779484194312855
bpm,no_minutes,elasticnet,season_holdout_2025_26,7,24,-1.7537295843775564,-1.0671797391849134,-1.4307839243851168,-2.611110958333333,-2.813175,-1.1803270339482166
bpm,no_minutes,elasticnet,season_holdout_2025_26,8,25,-1.0646880172361888,-0.5375486395646849,-0.8328042978149814,-1.6873012319999998,-1.50402,-0.8544969341850185
bpm,no_minutes,elasticnet,season_holdout_2025_26,9,24,-0.5251601502577206,0.035635096357175655,-0.22477619492701054,-3.5158542500000003,-2.841755,-3.291078055072989
bpm,no_minutes,elasticnet,season_holdout_2025_26,10,25,0.1933414839578118,3.706427377421102,1.3368860449964037,-0.33608254480000016,0.146804,-1.672968589796404
bpm,no_minutes,random_forest,season_holdout_2025_26,1,25,-8.03870766507438,-4.389645496822195,-5.474773648199919,-5.01266808,-3.70607,0.46210556819991955
bpm,no_minutes,random_forest,season_holdout_2025_26,2,25,-4.376681017269897,-3.6530725715312076,-4.014620420868212,-3.0561469800000003,-2.88558,0.9584734408682115
bpm,no_minutes,random_forest,season_holdout_2025_26,3,24,-3.626877456364861,-2.9070002631310605,-3.25836398409951,-4.04045275,-3.9804250000000003,-0.7820887659004899
bpm,no_minutes,random_forest,season_holdout_2025_26,4,25,-2.890094654901879,-2.5516526816217624,-2.7226221719485157,-3.18041988,-4.10558,-0.45779770805148456
bpm,no_minutes,random_forest,season_holdout_2025_26,5,24,-2.5398946418650716,-2.1895482285511996,-2.3518054810272417,-3.6620847083333334,-3.40553,-1.3102792273060915
bpm,no_minutes,random_forest,season_holdout_2025_26,6,25,-2.1835114783671243,-1.7703874031610574,-1.9449189854836288,-3.0763414079999993,-2.68576,-1.1314224225163714
bpm,no_minutes,random_forest,season_holdout_2025_26,7,24,-1.754435608544063,-1.3652755270196544,-1.560544659224215,-2.3761314375,-2.91043,-0.815586778275785
bpm,no_minutes,random_forest,season_holdout_2025_26,8,25,-1.3469126435086218,-0.8339549141683491,-1.1328301029544563,-1.9570213120000002,-2.23411,-0.8241912090455438
bpm,no_minutes,random_forest,season_holdout_2025_26,9,24,-0.8003441625811517,-0.167642487040621,-0.5353963022435929,-0.7647900258333333,0.341161,-0.22939372358974028
bpm,no_minutes,random_forest,season_holdout_2025_26,10,25,-0.1296309218024529,2.189842634804256,0.5447104640896127,-1.373942504,-0.689262,-1.9186529680896127
bpm,no_minutes,extra_trees,season_holdout_2025_26,1,25,-9.860947208217256,-4.616042838221431,-6.148556764469927,-4.8393295,-4.74225,1.309227264469926
bpm,no_minutes,extra_trees,season_holdout_2025_26,2,25,-4.565965233845239,-3.7640148205297606,-4.090255965814786,-2.6358806720000008,-2.15127,1.454375293814786
bpm,no_minutes,extra_trees,season_holdout_2025_26,3,24,-3.688646362493452,-2.9440794363303566,-3.274030056720163,-3.708342875,-2.9281800000000002,-0.4343128182798364
bpm,no_minutes,extra_trees,season_holdout_2025_26,4,25,-2.94201393117976,-2.5248539939196464,-2.7649872753541898,-3.8457702800000004,-3.83588,-1.08078300464581
bpm,no_minutes,extra_trees,season_holdout_2025_26,5,24,-2.5182958506130957,-2.170700099946427,-2.3272655193000005,-3.8180844999999994,-3.7253600000000002,-1.4908189806999996
bpm,no_minutes,extra_trees,season_holdout_2025_26,6,25,-2.1520877963654756,-1.781255438736904,-1.9846868089354286,-3.4271688399999993,-3.70022,-1.4424820310645716
bpm,no_minutes,extra_trees,season_holdout_2025_26,7,24,-1.7565833209136903,-1.4204677305589277,-1.589930398710293,-3.1117730291666668,-3.199935,-1.5218426304563737
bpm,no_minutes,extra_trees,season_holdout_2025_26,8,25,-1.4181681414619043,-0.6602793043952379,-1.0219094466775476,-1.9425362000000002,-2.68576,-0.9206267533224525
bpm,no_minutes,extra_trees,season_holdout_2025_26,9,24,-0.6560431401160721,-0.04849411789940481,-0.34088624047003974,0.07902733249999994,-0.47746,0.4199135729700397
bpm,no_minutes,extra_trees,season_holdout_2025_26,10,25,0.03145917763095242,2.9904500301125,0.7788028820029286,-1.2387690880000002,0.0735654,-2.017571970002929
bpm,no_minutes,gradient_boosting,season_holdout_2025_26,1,25,-9.569618554405622,-5.390025020593859,-6.444779904514041,-3.2319804,-3.37505,3.2127995045140403
bpm,no_minutes,gradient_boosting,season_holdout_2025_26,2,25,-5.283768182171863,-3.7410255790026414,-4.348180252039369,-4.03032298,-2.45926,0.3178572720393691
bpm,no_minutes,gradient_boosting,season_holdout_2025_26,3,24,-3.7227120258892707,-3.103206686544085,-3.4012554000858306,-3.9016292500000005,-2.34912,-0.5003738499141694
bpm,no_minutes,gradient_boosting,season_holdout_2025_26,4,25,-3.0747386774223475,-2.530167924182765,-2.7447713393832953,-4.36211416,-4.06416,-1.6173428206167049
bpm,no_minutes,gradient_boosting,season_holdout_2025_26,5,24,-2.5267245479120533,-1.981830534619761,-2.240930689971323,-4.085857458333333,-3.7773649999999996,-1.8449267683620105
bpm,no_minutes,gradient_boosting,season_holdout_2025_26,6,25,-1.9710921124893737,-1.657655738531122,-1.7751739368987256,-1.80234556,-1.8675,-0.02717162310127428
bpm,no_minutes,gradient_boosting,season_holdout_2025_26,7,24,-1.6467048103606745,-1.183098693446153,-1.396680175696347,-2.695219145833333,-2.925075,-1.2985389701369865
bpm,no_minutes,gradient_boosting,season_holdout_2025_26,8,25,-1.1513417251084992,-0.5106445145260726,-0.7860120728772322,-3.730893704,-3.7368,-2.9448816311227675
bpm,no_minutes,gradient_boosting,season_holdout_2025_26,9,24,-0.4860953146642994,0.22662367536670833,-0.17718435432866986,-0.5806663333333332,-1.469265,-0.4034819790046636
bpm,no_minutes,gradient_boosting,season_holdout_2025_26,10,25,0.2432926557354245,5.747408446773251,1.1485577777301281,-0.0957666247999999,-0.00417102,-1.2443244025301283
bpm,no_minutes,hist_gradient_boosting,season_holdout_2025_26,1,25,-11.449939443497325,-5.668039418375957,-6.964553141627857,-4.59559036,-3.12295,2.368962781627857
bpm,no_minutes,hist_gradient_boosting,season_holdout_2025_26,2,25,-5.432170755662583,-4.1982719769739525,-4.732762925684756,-2.7143574999999998,-3.62629,2.018405425684756
bpm,no_minutes,hist_gradient_boosting,season_holdout_2025_26,3,24,-3.9977055830467734,-2.979566066181504,-3.561430360897979,-2.57858175,-2.706805,0.982848610897979
bpm,no_minutes,hist_gradient_boosting,season_holdout_2025_26,4,25,-2.9635759507455854,-2.39707392946378,-2.7182231432683763,-3.7034645400000006,-3.91676,-0.9852413967316241
bpm,no_minutes,hist_gradient_boosting,season_holdout_2025_26,5,24,-2.376051213941185,-1.9040848317553454,-2.1256381493993475,-4.2542275,-3.640615,-2.1285893506006524
bpm,no_minutes,hist_gradient_boosting,season_holdout_2025_26,6,25,-1.88712186622327,-1.2534517322716794,-1.5962520133586013,-3.46640136,-4.10558,-1.8701493466413985
bpm,no_minutes,hist_gradient_boosting,season_holdout_2025_26,7,24,-1.2400840719231903,-0.699487155469831,-0.9994668429433619,-0.7616282583333334,-0.70469,0.23783858461002857
bpm,no_minutes,hist_gradient_boosting,season_holdout_2025_26,8,25,-0.6916072256720683,-0.17498813878277417,-0.45668966305115893,-1.5910586719999997,-2.23411,-1.1343690089488412
bpm,no_minutes,hist_gradient_boosting,season_holdout_2025_26,9,24,-0.12502795942301903,0.6286132835904786,0.1853563662472957,-2.6898418425000004,-2.4974849999999997,-2.875198208747296
bpm,no_minutes,hist_gradient_boosting,season_holdout_2025_26,10,25,0.6751225369431684,3.8621376056359242,1.7148098713419642,-2.12248012,-2.30097,-3.8372899913419642
bpm,no_minutes,knn,season_holdout_2025_26,1,25,-8.099556671571852,-4.404552218990523,-5.472247480215101,-3.5431674799999997,-3.34439,1.9290800002150994
bpm,no_minutes,knn,season_holdout_2025_26,2,25,-4.403039335019506,-3.5317883127731693,-3.9568881759636634,-3.6162043800000006,-4.06416,0.34068379596366327
bpm,no_minutes,knn,season_holdout_2025_26,3,24,-3.42855799440961,-2.9303860259127523,-3.1273051607162423,-3.1289366666666667,-3.337615,-0.0016315059504240503
bpm,no_minutes,knn,season_holdout_2025_26,4,25,-2.8998569355055808,-2.5233130846207206,-2.7092458749047577,-3.8977201200000002,-3.24334,-1.1884742450952428
bpm,no_minutes,knn,season_holdout_2025_26,5,24,-2.500315779405612,-2.173526938281707,-2.3125184536408523,-3.8871219166666666,-2.66369,-1.5746034630258146
bpm,no_minutes,knn,season_holdout_2025_26,6,25,-2.168445826485661,-1.7346879823095265,-1.9809884737582784,-2.53825404,-1.92159,-0.5572655662417219
bpm,no_minutes,knn,season_holdout_2025_26,7,24,-1.729216539330584,-1.2911997978082597,-1.505603221162488,-2.8071067833333334,-2.8025900000000004,-1.3015035621708455
bpm,no_minutes,knn,season_holdout_2025_26,8,25,-1.268067019330624,-0.6071786625598787,-0.98072073742923,-3.79906474,-3.31529,-2.81834400257077
bpm,no_minutes,knn,season_holdout_2025_26,9,24,-0.5913220893931683,0.07708646387195801,-0.27275722701347344,-0.2047857258333334,0.01964159,0.06797150118014005
bpm,no_minutes,knn,season_holdout_2025_26,10,25,0.08853530021451231,2.135067003922841,0.8511829159498207,-1.04501692,-1.14827,-1.8961998359498207
bpm,no_minutes,svr_rbf,season_holdout_2025_26,1,25,-4.871161870302292,-3.2472661530451443,-3.7435743595712294,-4.92650232,-4.59052,-1.18292796042877
bpm,no_minutes,svr_rbf,season_holdout_2025_26,2,25,-3.2062616455476194,-2.5610976419233413,-2.8323226972239524,-4.79874968,-4.75019,-1.9664269827760474
bpm,no_minutes,svr_rbf,season_holdout_2025_26,3,24,-2.556654317149473,-2.2929591541643664,-2.411315064237678,-2.9402138333333334,-2.67937,-0.5288987690956555
bpm,no_minutes,svr_rbf,season_holdout_2025_26,4,25,-2.27881299467123,-1.9603334182585437,-2.1121030534734655,-3.436938528,-2.14717,-1.3248354745265347
bpm,no_minutes,svr_rbf,season_holdout_2025_26,5,24,-1.950773103651253,-1.7210767385092234,-1.848254144936039,-3.4537793124999996,-3.979825,-1.6055251675639608
bpm,no_minutes,svr_rbf,season_holdout_2025_26,6,25,-1.7092915476910648,-1.2653669828178762,-1.4585086168492751,-2.9022853,-3.12295,-1.4437766831507246
bpm,no_minutes,svr_rbf,season_holdout_2025_26,7,24,-1.2509914410990053,-0.8970502770990814,-1.0452470231916087,-1.039370375,-0.1358415,0.0058766481916085285
bpm,no_minutes,svr_rbf,season_holdout_2025_26,8,25,-0.8815274956914179,-0.43796044187480354,-0.6632803987722208,-2.360581112,-1.92159,-1.697300713227779
bpm,no_minutes,svr_rbf,season_holdout_2025_26,9,24,-0.43777288350041355,0.20267998370082863,-0.17128944676350935,-2.0549062758333334,-1.9218600000000001,-1.883616829069824
bpm,no_minutes,svr_rbf,season_holdout_2025_26,10,25,0.2809540029432931,2.690121831213786,1.0507483426323687,-0.5324647840000001,0.0735654,-1.5832131266323688
bpm,with_minutes,mean,season_holdout_2025_26,1,25,-2.63475530809628,-2.63475530809628,-2.63475530809628,-4.098754976,-3.12295,-1.4639996679037202
bpm,with_minutes,mean,season_holdout_2025_26,2,25,-2.63475530809628,-2.63475530809628,-2.63475530809628,-4.241910359999999,-3.07338,-1.6071550519037203
bpm,with_minutes,mean,season_holdout_2025_26,3,24,-2.63475530809628,-2.63475530809628,-2.63475530809628,-2.628972125,-2.6353099999999996,0.005783183096279713
bpm,with_minutes,mean,season_holdout_2025_26,4,25,-2.63475530809628,-2.63475530809628,-2.63475530809628,-3.6387495847999998,-2.23411,-1.00399427670372
bpm,with_minutes,mean,season_holdout_2025_26,5,24,-2.63475530809628,-2.63475530809628,-2.63475530809628,-0.805064125,-1.379375,1.8296911830962799
bpm,with_minutes,mean,season_holdout_2025_26,6,25,-2.63475530809628,-2.63475530809628,-2.63475530809628,-1.9070828,-2.30097,0.7276725080962798
bpm,with_minutes,mean,season_holdout_2025_26,7,24,-2.63475530809628,-2.63475530809628,-2.63475530809628,-3.6496943749999997,-3.5755850000000002,-1.0149390669037202
bpm,with_minutes,mean,season_holdout_2025_26,8,25,-2.63475530809628,-2.63475530809628,-2.63475530809628,-1.9746547199999998,-1.86566,0.6601005880962798
bpm,with_minutes,mean,season_holdout_2025_26,9,24,-2.63475530809628,-2.63475530809628,-2.63475530809628,-4.309960875000001,-4.0774,-1.6752055669037205
bpm,with_minutes,mean,season_holdout_2025_26,10,25,-2.63475530809628,-2.63475530809628,-2.63475530809628,-1.2671644480000004,-3.02482,1.3675908600962796
bpm,with_minutes,ridge,season_holdout_2025_26,1,25,-12.410768866950864,-7.126497763713143,-8.95565824791282,-8.4943748,-8.70551,0.4612834479128201
bpm,with_minutes,ridge,season_holdout_2025_26,2,25,-6.992905035940295,-4.900842105924864,-5.936238537717749,-4.85128728,-4.75019,1.0849512577177491
bpm,with_minutes,ridge,season_holdout_2025_26,3,24,-4.800539861759624,-3.6982275867139145,-4.218698697502236,-4.163357875,-3.99046,0.05534082250223549
bpm,with_minutes,ridge,season_holdout_2025_26,4,25,-3.640064430187764,-2.4323136925833975,-2.980285422539649,-3.830808,-4.14722,-0.8505225774603516
bpm,with_minutes,ridge,season_holdout_2025_26,5,24,-2.401233977858881,-1.8440404816912461,-2.144591619114221,-3.4107706333333336,-4.158675000000001,-1.2661790142191125
bpm,with_minutes,ridge,season_holdout_2025_26,6,25,-1.797022637491703,-1.211387517778272,-1.479136504634892,-2.3506429200000003,-2.35576,-0.8715064153651083
bpm,with_minutes,ridge,season_holdout_2025_26,7,24,-1.195566977276842,-0.4286860046918788,-0.8417917871315518,-2.2960987916666666,-2.37654,-1.4543070045351147
bpm,with_minutes,ridge,season_holdout_2025_26,8,25,-0.418065789788598,0.47536556516257056,-0.06432857496430161,-0.23256263999999993,0.200821,-0.16823406503569832
bpm,with_minutes,ridge,season_holdout_2025_26,9,24,0.5051125823982963,1.6906294881146997,1.0342732994278985,-0.17584791666666674,-0.623745,-1.2101212160945651
bpm,with_minutes,ridge,season_holdout_2025_26,10,25,1.6966846855796063,7.438126150198283,2.7865039165095498,1.3376471192,1.12094,-1.44885679730955
bpm,with_minutes,elasticnet,season_holdout_2025_26,1,25,-12.156728211637205,-7.115326571293153,-8.90055632737497,-8.633977199999999,-8.70551,0.2665791273749706
bpm,with_minutes,elasticnet,season_holdout_2025_26,2,25,-7.080050222036893,-4.925967644030418,-5.890868804908636,-4.62403248,-4.75019,1.266836324908635
bpm,with_minutes,elasticnet,season_holdout_2025_26,3,24,-4.845866693959247,-3.506517288562738,-4.1294685725224625,-3.7979474583333332,-3.80849,0.33152111418912883
bpm,with_minutes,elasticnet,season_holdout_2025_26,4,25,-3.4752030915900205,-2.463081600239684,-2.8573457345405893,-3.7290236000000005,-4.2475,-0.8716778654594103
bpm,with_minutes,elasticnet,season_holdout_2025_26,5,24,-2.462429307091012,-1.8231074398216087,-2.094843045428196,-3.1050960083333337,-3.189795,-1.0102529629051373
bpm,with_minutes,elasticnet,season_holdout_2025_26,6,25,-1.8220993045965048,-1.1776328097620739,-1.474593094727315,-2.5732797599999997,-2.50697,-1.0986866652726852
bpm,with_minutes,elasticnet,season_holdout_2025_26,7,24,-1.1313959173561337,-0.4786265328499437,-0.7740712937998543,-2.3372562916666664,-1.546105,-1.5631849978668122
bpm,with_minutes,elasticnet,season_holdout_2025_26,8,25,-0.45559697719349557,0.3363224633405888,-0.09083644015869329,-0.73001384,0.0663625,-0.6391773998413066
bpm,with_minutes,elasticnet,season_holdout_2025_26,9,24,0.3788289041520019,1.779354824683663,0.9909597933405078,-0.2990767083333333,0.008820500000000009,-1.2900365016738413
bpm,with_minutes,elasticnet,season_holdout_2025_26,10,25,1.783814797818455,7.2262968982346925,2.7348922343500157,1.3818675592,1.36303,-1.353024675150016
bpm,with_minutes,random_forest,season_holdout_2025_26,1,25,-14.816657729749808,-4.396280274269331,-9.43506349645381,-5.9047796,-5.58257,3.5302838964538097
bpm,with_minutes,random_forest,season_holdout_2025_26,2,25,-4.355638786169532,-3.2075109192215723,-3.735815208999802,-4.973495880000001,-4.74225,-1.2376806710001984
bpm,with_minutes,random_forest,season_holdout_2025_26,3,24,-3.2010386672505704,-2.7564423409866112,-2.9433603705919538,-4.249138416666667,-3.973295,-1.3057780460747128
bpm,with_minutes,random_forest,season_holdout_2025_26,4,25,-2.7452356764886674,-2.400406807761305,-2.5898352570418917,-4.143126688,-3.92982,-1.5532914309581083
bpm,with_minutes,random_forest,season_holdout_2025_26,5,24,-2.392409562189873,-2.057449933659976,-2.2201510555925763,-3.638454708333333,-3.4678899999999997,-1.4183036527407573
bpm,with_minutes,random_forest,season_holdout_2025_26,6,25,-2.056262639293796,-1.6260301990135466,-1.8114080454841335,-2.60835418,-2.88558,-0.7969461345158665
bpm,with_minutes,random_forest,season_holdout_2025_26,7,24,-1.583936528404964,-1.267423234362454,-1.4461267611356838,-3.5512458749999998,-2.97754,-2.105119113864317
bpm,with_minutes,random_forest,season_holdout_2025_26,8,25,-1.182191241030669,-0.39658579925471005,-0.7655054161320303,-0.48735976000000003,-0.122741,0.27814565613203024
bpm,with_minutes,random_forest,season_holdout_2025_26,9,24,-0.39336318512303486,0.4501844914599937,-0.00960358582529904,-0.6337450216666666,-0.29643074999999997,-0.6241414358413676
bpm,with_minutes,random_forest,season_holdout_2025_26,10,25,0.46713085214834005,2.5267819399941924,1.370182511681379,1.64053604,1.64966,0.27035352831862064
bpm,with_minutes,extra_trees,season_holdout_2025_26,1,25,-14.214951271708335,-4.9888420873428565,-8.553707686921548,-6.36026032,-5.58257,2.193447366921549
bpm,with_minutes,extra_trees,season_holdout_2025_26,2,25,-4.936076051196426,-3.296156383773811,-3.9811497220665477,-4.724694080000001,-4.74225,-0.7435443579334521
bpm,with_minutes,extra_trees,season_holdout_2025_26,3,24,-3.294202757583337,-2.5543936503845224,-2.9442060841783237,-4.695140791666667,-3.94217,-1.7509347074883432
bpm,with_minutes,extra_trees,season_holdout_2025_26,4,25,-2.524089676092859,-2.1770015511261893,-2.3512955574526906,-4.0899602,-4.12542,-1.7386646425473093
bpm,with_minutes,extra_trees,season_holdout_2025_26,5,24,-2.1702336246333345,-1.9528458694119055,-2.050081236394941,-4.149511375,-3.625825,-2.0994301386050593
bpm,with_minutes,extra_trees,season_holdout_2025_26,6,25,-1.9335534448773795,-1.5643814528357138,-1.7506136178385956,-3.294488848,-4.12497,-1.5438752301614045
bpm,with_minutes,extra_trees,season_holdout_2025_26,7,24,-1.5541328909999992,-1.1451609777065477,-1.397349248109623,-2.1379955625,-2.324965,-0.7406463143903771
bpm,with_minutes,extra_trees,season_holdout_2025_26,8,25,-1.1274552827369042,-0.5692637681613099,-0.863541851305119,-0.98857104,-1.26001,-0.12502918869488103
bpm,with_minutes,extra_trees,season_holdout_2025_26,9,24,-0.5654335671863094,0.7206181573559521,-0.10157432720617558,-0.18714977166666666,-0.019402259999999998,-0.0855754444604911
bpm,with_minutes,extra_trees,season_holdout_2025_26,10,25,0.7327738522375001,4.391727812101191,1.9959489129324752,2.1147193599999996,1.94258,0.11877044706752482
bpm,with_minutes,gradient_boosting,season_holdout_2025_26,1,25,-18.671865632637214,-4.899436832824512,-8.96871772534695,-6.186045119999999,-5.9927,2.782672605346951
bpm,with_minutes,gradient_boosting,season_holdout_2025_26,2,25,-4.798735087269823,-3.3885346104053244,-3.94668214266955,-4.6576623999999995,-3.85451,-0.7109802573304497
bpm,with_minutes,gradient_boosting,season_holdout_2025_26,3,24,-3.3825689107935424,-2.7793372948955333,-3.136411246071886,-4.898512333333334,-3.99046,-1.7621010872614473
bpm,with_minutes,gradient_boosting,season_holdout_2025_26,4,25,-2.7576113171429455,-2.3525241289972074,-2.5414725682679293,-4.66974288,-4.14176,-2.12827031173207
bpm,with_minutes,gradient_boosting,season_holdout_2025_26,5,24,-2.3489863615117583,-1.9502859651122202,-2.1261501335281205,-3.9071454791666667,-4.1698,-1.7809953456385468
bpm,with_minutes,gradient_boosting,season_holdout_2025_26,6,25,-1.9470856827698182,-1.6174760573137599,-1.7736354751168535,-3.7549146079999995,-3.24815,-1.9812791328831465
bpm,with_minutes,gradient_boosting,season_holdout_2025_26,7,24,-1.593139714419003,-1.1769718304936554,-1.387858719647684,-1.7205448749999999,-1.973015,-0.33268615535231594
bpm,with_minutes,gradient_boosting,season_holdout_2025_26,8,25,-1.1606422209921148,-0.5126694546986679,-0.8201145202081161,-1.1125118600000001,-1.3965,-0.29239733979188376
bpm,with_minutes,gradient_boosting,season_holdout_2025_26,9,24,-0.46568607559824216,0.6059670036596424,0.10016393286003794,1.0192729325,1.47051,0.9191089996399621
bpm,with_minutes,gradient_boosting,season_holdout_2025_26,10,25,0.640359074955575,3.394291323244627,1.807648393026373,1.441268704,1.12094,-0.36637968902637286
bpm,with_minutes,hist_gradient_boosting,season_holdout_2025_26,1,25,-18.532822452701666,-4.7127809945483845,-8.720267786250247,-5.9168136,-5.58257,2.803454186250246
bpm,with_minutes,hist_gradient_boosting,season_holdout_2025_26,2,25,-4.600774249833653,-3.5187303059165713,-4.0808984724842565,-5.26529792,-4.62938,-1.1843994475157436
bpm,with_minutes,hist_gradient_boosting,season_holdout_2025_26,3,24,-3.41258358994257,-2.8716392449330104,-3.1386657110832807,-2.5261425833333333,-2.904355,0.612523127749947
bpm,with_minutes,hist_gradient_boosting,season_holdout_2025_26,4,25,-2.8522693692150627,-2.2100648338927527,-2.545513355394482,-3.9348966080000003,-3.91676,-1.389383252605518
bpm,with_minutes,hist_gradient_boosting,season_holdout_2025_26,5,24,-2.189778200913432,-1.692380249143096,-1.9806009735474497,-3.305064625,-2.765895,-1.3244636514525503
bpm,with_minutes,hist_gradient_boosting,season_holdout_2025_26,6,25,-1.692289362751694,-1.0321367390039526,-1.3747543947234788,-3.5315303599999996,-3.24815,-2.156775965276521
bpm,with_minutes,hist_gradient_boosting,season_holdout_2025_26,7,24,-1.029104559155771,-0.6622004357026361,-0.8531072381843726,-2.131507979166667,-2.38895,-1.2784007409822944
bpm,with_minutes,hist_gradient_boosting,season_holdout_2025_26,8,25,-0.6161305508641762,0.14435582916744627,-0.22756291541764326,-1.3176431408000002,-0.851152,-1.0900802253823567
bpm,with_minutes,hist_gradient_boosting,season_holdout_2025_26,9,24,0.17881988069393986,1.126469314838282,0.6712202257711882,-2.001687441666667,-0.514324,-2.6729076674378547
bpm,with_minutes,hist_gradient_boosting,season_holdout_2025_26,10,25,1.191922445424969,4.3682392064565025,2.1718771715438985,1.465747424,2.19143,-0.7061297475438981
bpm,with_minutes,knn,season_holdout_2025_26,1,25,-9.071563899154853,-4.1393255995988465,-5.525003328976517,-4.8297951999999995,-4.75019,0.6952081289765171
bpm,with_minutes,knn,season_holdout_2025_26,2,25,-4.139020658282865,-3.1183955393237457,-3.5120929298442984,-5.3381039999999995,-4.59052,-1.8260110701557013
bpm,with_minutes,knn,season_holdout_2025_26,3,24,-3.0416964726717413,-2.552432443010064,-2.801271184540422,-3.7647298333333334,-3.762575,-0.9634586487929114
bpm,with_minutes,knn,season_holdout_2025_26,4,25,-2.5421126264423015,-2.14190219727627,-2.314827626842653,-4.12770508,-4.19238,-1.8128774531573466
bpm,with_minutes,knn,season_holdout_2025_26,5,24,-2.0626323478949935,-1.7482349405160642,-1.8904765928786762,-3.228725883333334,-1.851505,-1.338249290454657
bpm,with_minutes,knn,season_holdout_2025_26,6,25,-1.7305382956124917,-1.3507877723525452,-1.5412289791238445,-1.9317294399999998,-1.86566,-0.3905004608761555
bpm,with_minutes,knn,season_holdout_2025_26,7,24,-1.3142026278280183,-1.0976453149769263,-1.2229613930636478,-2.26790665,-2.618415,-1.0449452569363522
bpm,with_minutes,knn,season_holdout_2025_26,8,25,-1.0871639363451886,-0.48718366117833123,-0.7744735441139396,-1.2723605999999998,-2.51948,-0.4978870558860606
bpm,with_minutes,knn,season_holdout_2025_26,9,24,-0.48660297789414014,0.2687918580939475,-0.14564573365898073,-1.4611086916666665,-1.228895,-1.315462958007686
bpm,with_minutes,knn,season_holdout_2025_26,10,25,0.29420924428582007,2.369512244544486,1.1441548014716911,-0.27299419280000004,-0.00417102,-1.4171489942716915
bpm,with_minutes,svr_rbf,season_holdout_2025_26,1,25,-7.439971006935886,-4.218764313367268,-5.215528057994775,-6.957393519999999,-7.38058,-1.7418654620052254
bpm,with_minutes,svr_rbf,season_holdout_2025_26,2,25,-4.2027752314285145,-3.1778705176584037,-3.664548943430781,-4.779192,-4.75019,-1.1146430565692191
bpm,with_minutes,svr_rbf,season_holdout_2025_26,3,24,-3.1331118334781696,-2.7032919501258554,-2.912485006562686,-3.9192847500000005,-3.333095,-1.0067997434373142
bpm,with_minutes,svr_rbf,season_holdout_2025_26,4,25,-2.701442426652643,-2.2179833278257126,-2.432147671527636,-3.8141515200000002,-2.87676,-1.382003848472364
bpm,with_minutes,svr_rbf,season_holdout_2025_26,5,24,-2.197061638198429,-1.8555828800823673,-2.0440521173740236,-3.019617258333333,-2.61741,-0.97556514095931
bpm,with_minutes,svr_rbf,season_holdout_2025_26,6,25,-1.8385849760637674,-1.4731780147533795,-1.6512870133417856,-1.8708336600000002,-1.96417,-0.2195466466582144
bpm,with_minutes,svr_rbf,season_holdout_2025_26,7,24,-1.4508079929747395,-1.0226188416863053,-1.2607395840490974,-2.1343941666666666,-2.846965,-0.873654582617569
bpm,with_minutes,svr_rbf,season_holdout_2025_26,8,25,-0.9846958760996001,-0.3236310355980798,-0.6730930030609753,-1.8979095919999998,-1.3965,-1.2248165889390248
bpm,with_minutes,svr_rbf,season_holdout_2025_26,9,24,-0.32353529701949535,0.07174127801525199,-0.13285259633117916,0.043214062500000004,0.6114824999999999,0.17606665883117914
bpm,with_minutes,svr_rbf,season_holdout_2025_26,10,25,0.09852097680523553,3.141411702970174,1.0156086972759335,-0.07790160879999998,-0.014545,-1.0935103060759332
