target,regime,model,split,bucket,n,pred_min,pred_max,pred_mean,actual_mean,actual_median,bias_actual_minus_pred
rapm,no_minutes,mean,season_holdout_2025_26,1,17,-0.9322233009708738,-0.9322233009708738,-0.9322233009708738,-1.8670882352941176,-1.9366,-0.9348649343232438
rapm,no_minutes,mean,season_holdout_2025_26,2,16,-0.9322233009708738,-0.9322233009708738,-0.9322233009708738,-1.15988125,-1.11165,-0.22765794902912626
rapm,no_minutes,mean,season_holdout_2025_26,3,16,-0.9322233009708738,-0.9322233009708738,-0.9322233009708738,-1.9519375,-1.2818,-1.0197141990291265
rapm,no_minutes,mean,season_holdout_2025_26,4,16,-0.9322233009708738,-0.9322233009708738,-0.9322233009708738,-0.97895,-1.0061499999999999,-0.046726699029126184
rapm,no_minutes,mean,season_holdout_2025_26,5,17,-0.9322233009708738,-0.9322233009708738,-0.9322233009708738,-0.8904588235294117,-0.5549999999999999,0.041764477441462
rapm,no_minutes,mean,season_holdout_2025_26,6,16,-0.9322233009708738,-0.9322233009708738,-0.9322233009708738,-1.21095625,-1.02345,-0.2787329490291264
rapm,no_minutes,mean,season_holdout_2025_26,7,16,-0.9322233009708738,-0.9322233009708738,-0.9322233009708738,-0.8199750000000001,-0.5120499999999999,0.11224830097087372
rapm,no_minutes,mean,season_holdout_2025_26,8,16,-0.9322233009708738,-0.9322233009708738,-0.9322233009708738,-0.4182124999999998,-0.29335,0.5140108009708737
rapm,no_minutes,mean,season_holdout_2025_26,9,16,-0.9322233009708738,-0.9322233009708738,-0.9322233009708738,-2.26744375,-2.8295000000000003,-1.3352204490291264
rapm,no_minutes,mean,season_holdout_2025_26,10,17,-0.9322233009708738,-0.9322233009708738,-0.9322233009708738,-0.5115235294117647,-0.1426,0.42069977155910887
rapm,no_minutes,ridge,season_holdout_2025_26,1,17,-4.033719323656022,-2.540598206150461,-3.0224779147662306,-2.5505529411764702,-2.9276,0.4719249735897601
rapm,no_minutes,ridge,season_holdout_2025_26,2,16,-2.4892686981811236,-1.9385885311355677,-2.208739801556266,-2.282625,-1.6077,-0.07388519844373431
rapm,no_minutes,ridge,season_holdout_2025_26,3,16,-1.9030348523109497,-1.6606796678585485,-1.8268375987080798,-1.9218749999999998,-1.2030500000000002,-0.09503740129192012
rapm,no_minutes,ridge,season_holdout_2025_26,4,16,-1.6264391793734494,-1.3824471875490207,-1.509049858611308,-1.35451875,-1.22465,0.15453110861130795
rapm,no_minutes,ridge,season_holdout_2025_26,5,17,-1.3534586864053608,-1.1614182428460702,-1.2642689953218949,-1.6037058823529413,-1.8766,-0.33943688703104624
rapm,no_minutes,ridge,season_holdout_2025_26,6,16,-1.1409820697540574,-0.91813702672683,-1.0301241785949113,-1.32295,-1.3987,-0.2928258214050885
rapm,no_minutes,ridge,season_holdout_2025_26,7,16,-0.8862484224704712,-0.46115304793083145,-0.6371372642364529,-2.39224375,-2.36465,-1.7551064857635472
rapm,no_minutes,ridge,season_holdout_2025_26,8,16,-0.42775586164354795,0.047829989907245074,-0.1935758890177097,-0.5086125000000001,-0.8526,-0.3150366109822903
rapm,no_minutes,ridge,season_holdout_2025_26,9,16,0.062499924417998565,0.8097559802972109,0.4587622584477654,0.669325,0.8673,0.21056274155223467
rapm,no_minutes,ridge,season_holdout_2025_26,10,17,0.8282720072277877,4.127017273108402,1.7304893160799797,1.1733235294117648,1.1505,-0.5571657866682149
rapm,no_minutes,elasticnet,season_holdout_2025_26,1,17,-4.068029199136019,-2.5555297169815208,-2.9836015453819935,-2.952623529411764,-2.9276,0.03097801597022871
rapm,no_minutes,elasticnet,season_holdout_2025_26,2,16,-2.5458416259971446,-1.9212005797539429,-2.1768872416688634,-1.767475,-1.1472499999999999,0.40941224166886336
rapm,no_minutes,elasticnet,season_holdout_2025_26,3,16,-1.9199775359891,-1.6450137994473883,-1.8095588563889817,-2.295725,-1.5986000000000002,-0.4861661436110183
rapm,no_minutes,elasticnet,season_holdout_2025_26,4,16,-1.6287934382922882,-1.3918187065866332,-1.4878740448792296,-1.0255625,-0.93045,0.4623115448792296
rapm,no_minutes,elasticnet,season_holdout_2025_26,5,17,-1.3362830610844005,-1.088626551833733,-1.2301561941517871,-1.1361176470588232,-1.3022,0.09403854709296375
rapm,no_minutes,elasticnet,season_holdout_2025_26,6,16,-1.0883748227836647,-0.8543696050073201,-0.9912913152375854,-1.4299125,-1.1595,-0.43862118476241474
rapm,no_minutes,elasticnet,season_holdout_2025_26,7,16,-0.853790057921808,-0.5281609949842204,-0.6672038625530143,-3.2129625,-3.7392000000000003,-2.545758637446986
rapm,no_minutes,elasticnet,season_holdout_2025_26,8,16,-0.40216440535015596,0.019486504251426617,-0.16121192750914326,-0.33255,-0.5692,-0.17133807249085678
rapm,no_minutes,elasticnet,season_holdout_2025_26,9,16,0.1068859153191527,0.722112074386858,0.4123077356499232,0.6409500000000001,0.8673,0.22864226435007684
rapm,no_minutes,elasticnet,season_holdout_2025_26,10,17,0.7962286691408201,4.251987419944533,1.7325400687727446,1.3993235294117647,1.1831,-0.3332165393609801
rapm,no_minutes,random_forest,season_holdout_2025_26,1,17,-2.5802313861728363,-2.0945093662823275,-2.271934578420077,-1.7112352941176472,-2.686,0.5606992843024301
rapm,no_minutes,random_forest,season_holdout_2025_26,2,16,-2.0722589002339595,-1.7365963165050229,-1.9042190388065237,-2.55530625,-3.07745,-0.6510872111934765
rapm,no_minutes,random_forest,season_holdout_2025_26,3,16,-1.7254317635031629,-1.542630980470305,-1.6447971714695,-1.8163,-2.21275,-0.17150282853049992
rapm,no_minutes,random_forest,season_holdout_2025_26,4,16,-1.538255829831974,-1.3175369790952505,-1.4174348156565313,-2.28626875,-2.205,-0.8688339343434688
rapm,no_minutes,random_forest,season_holdout_2025_26,5,17,-1.3070896892683703,-1.0638392906787655,-1.1653937545764537,-1.2909529411764706,-1.6243,-0.12555918660001703
rapm,no_minutes,random_forest,season_holdout_2025_26,6,16,-1.0217120827301165,-0.8479928669205797,-0.9375402451103674,-2.040275,-2.13955,-1.1027347548896327
rapm,no_minutes,random_forest,season_holdout_2025_26,7,16,-0.8400393123563942,-0.5859084403731145,-0.7319635507088172,-1.17804375,-0.8177000000000001,-0.4460801992911827
rapm,no_minutes,random_forest,season_holdout_2025_26,8,16,-0.5836126321067823,-0.10152213030068383,-0.36158723281546007,-1.0185312499999999,-0.75745,-0.65694401718454
rapm,no_minutes,random_forest,season_holdout_2025_26,9,16,-0.08540130927971883,0.40997571298631946,0.13773925074659393,-0.11251250000000007,0.05080000000000005,-0.250251750746594
rapm,no_minutes,random_forest,season_holdout_2025_26,10,17,0.46833246901595155,2.9600521120285377,1.1831857018341878,1.8035941176470587,1.6744,0.620408415812871
rapm,no_minutes,extra_trees,season_holdout_2025_26,1,17,-2.9714648285714294,-2.4853637440476173,-2.6319287415791317,-1.9971352941176468,-2.686,0.6347934474614848
rapm,no_minutes,extra_trees,season_holdout_2025_26,2,16,-2.4659426089285694,-2.188229738095239,-2.3094531458891367,-2.32855625,-2.62495,-0.01910310411086316
rapm,no_minutes,extra_trees,season_holdout_2025_26,3,16,-2.1785759904761908,-1.9605890065476173,-2.0750339527529755,-1.54218125,-2.21105,0.5328527027529752
rapm,no_minutes,extra_trees,season_holdout_2025_26,4,16,-1.9499197711309535,-1.7120187059523817,-1.8018273888206848,-2.23101875,-1.8878,-0.42919136117931506
rapm,no_minutes,extra_trees,season_holdout_2025_26,5,17,-1.6964707583333334,-1.402068070833333,-1.5265386171043418,-2.155811764705882,-1.2788,-0.6292731476015407
rapm,no_minutes,extra_trees,season_holdout_2025_26,6,16,-1.387612422619047,-1.0715783285714287,-1.215461212276786,-1.45,-1.0002,-0.23453878772321385
rapm,no_minutes,extra_trees,season_holdout_2025_26,7,16,-1.0697069952380949,-0.8355500363095232,-0.9586623654947919,-1.1699625,-0.9843999999999999,-0.21130013450520824
rapm,no_minutes,extra_trees,season_holdout_2025_26,8,16,-0.8094855357142855,-0.1720035601190476,-0.4409269928571429,-1.1188500000000001,-0.9448000000000001,-0.6779230071428572
rapm,no_minutes,extra_trees,season_holdout_2025_26,9,16,-0.15697434047619066,0.9390429571428532,0.34978569427083317,-0.2581875,0.30025,-0.6079731942708332
rapm,no_minutes,extra_trees,season_holdout_2025_26,10,17,1.1027112666666676,4.558659316666671,2.6561371567226897,2.0993117647058823,1.5322,-0.5568253920168074
rapm,no_minutes,gradient_boosting,season_holdout_2025_26,1,17,-3.7538047207248475,-2.3381428292126754,-2.740011324059885,-3.404841176470588,-3.2727,-0.664829852410703
rapm,no_minutes,gradient_boosting,season_holdout_2025_26,2,16,-2.229862876194736,-1.911317077714029,-2.0019619070358394,-1.3038750000000001,-0.97335,0.6980869070358393
rapm,no_minutes,gradient_boosting,season_holdout_2025_26,3,16,-1.881400384924708,-1.5702396255762852,-1.7428697943647289,-1.6484249999999998,-1.0256,0.09444479436472891
rapm,no_minutes,gradient_boosting,season_holdout_2025_26,4,16,-1.539941822570766,-1.2692149275471931,-1.440115683076195,-2.7552375000000002,-3.5010000000000003,-1.315121816923805
rapm,no_minutes,gradient_boosting,season_holdout_2025_26,5,17,-1.2628656525934971,-0.9832629317978587,-1.1276504958784181,-0.7360294117647057,-0.2126000000000001,0.3916210841137124
rapm,no_minutes,gradient_boosting,season_holdout_2025_26,6,16,-0.9721141890813547,-0.7320164531710143,-0.8728863823068926,-1.83926875,-1.29645,-0.9663823676931073
rapm,no_minutes,gradient_boosting,season_holdout_2025_26,7,16,-0.7268070282743101,-0.3974314972306835,-0.5679612438608532,-1.5054625000000001,-1.67015,-0.9375012561391467
rapm,no_minutes,gradient_boosting,season_holdout_2025_26,8,16,-0.3919884615135374,0.16931671755059902,-0.12596411553006653,-0.28075625000000004,-0.3291,-0.1547921344699335
rapm,no_minutes,gradient_boosting,season_holdout_2025_26,9,16,0.1971196444814616,1.1324123206386432,0.527003268700909,-0.56846875,-0.29649999999999993,-1.0954720187009088
rapm,no_minutes,gradient_boosting,season_holdout_2025_26,10,17,1.1750551686955208,4.848322085780794,2.400032848667047,1.9015764705882356,1.9787,-0.4984563780788116
rapm,no_minutes,hist_gradient_boosting,season_holdout_2025_26,1,17,-3.970008978986927,-2.37975745710656,-2.93397144705318,-2.3171,-3.4138,0.6168714470531798
rapm,no_minutes,hist_gradient_boosting,season_holdout_2025_26,2,16,-2.333216701983724,-1.8764780624288984,-2.1058154260420077,-0.9945374999999999,-0.4648499999999999,1.1112779260420074
rapm,no_minutes,hist_gradient_boosting,season_holdout_2025_26,3,16,-1.867278535231566,-1.4627445875982183,-1.6625685710465528,-3.0961875,-2.96115,-1.4336189289534471
rapm,no_minutes,hist_gradient_boosting,season_holdout_2025_26,4,16,-1.4554277900974866,-1.1854373209915567,-1.3241484356712956,-1.5650125,-0.9736,-0.24086406432870444
rapm,no_minutes,hist_gradient_boosting,season_holdout_2025_26,5,17,-1.1568750948719437,-0.9338478960405511,-1.0501219218458127,-0.5058176470588236,-0.5779000000000001,0.5443042747869891
rapm,no_minutes,hist_gradient_boosting,season_holdout_2025_26,6,16,-0.9269304649612464,-0.5557406713857818,-0.7830804958421189,-1.82134375,-1.81915,-1.0382632541578811
rapm,no_minutes,hist_gradient_boosting,season_holdout_2025_26,7,16,-0.5466593444646571,-0.24178820381018196,-0.3792066757326383,-0.5337875,-0.5221,-0.15458082426736178
rapm,no_minutes,hist_gradient_boosting,season_holdout_2025_26,8,16,-0.22193533684088865,0.2583093003172044,-0.029570370949911162,-0.22874999999999995,-0.20325,-0.19917962905008882
rapm,no_minutes,hist_gradient_boosting,season_holdout_2025_26,9,16,0.3375846392999273,0.8383590706056236,0.5280759000870558,-1.2508875,-1.2814,-1.7789634000870558
rapm,no_minutes,hist_gradient_boosting,season_holdout_2025_26,10,17,0.8634070522534069,3.7954490220678334,1.7757330200067734,0.19681176470588235,-0.2345999999999999,-1.5789212553008911
rapm,no_minutes,knn,season_holdout_2025_26,1,17,-2.581979132227358,-1.9671052682444796,-2.151424798052615,-2.3805470588235296,-3.2336,-0.22912226077091452
rapm,no_minutes,knn,season_holdout_2025_26,2,16,-1.9422755082321583,-1.7455870478251123,-1.843551862099567,-1.99479375,-2.2813,-0.15124188790043297
rapm,no_minutes,knn,season_holdout_2025_26,3,16,-1.7449272956133186,-1.586921993310331,-1.680898080075035,-0.6313187499999999,-0.75895,1.049579330075035
rapm,no_minutes,knn,season_holdout_2025_26,4,16,-1.5834887381905793,-1.4074819393442104,-1.4767519105638884,-2.13478125,-1.7787000000000002,-0.6580293394361116
rapm,no_minutes,knn,season_holdout_2025_26,5,17,-1.4046609940339807,-1.2075119747693719,-1.3307712990199292,-1.7128882352941177,-1.2717,-0.3821169362741885
rapm,no_minutes,knn,season_holdout_2025_26,6,16,-1.1771690748487997,-1.0119924709804082,-1.077614273683415,-0.73654375,-1.081,0.34107052368341484
rapm,no_minutes,knn,season_holdout_2025_26,7,16,-0.9824917350910818,-0.8071884187749949,-0.9049553927705993,-1.5865624999999999,-1.7109999999999999,-0.6816071072294005
rapm,no_minutes,knn,season_holdout_2025_26,8,16,-0.7907432062469795,-0.534564529631359,-0.6819703571384391,-1.2403187500000001,-0.5945999999999999,-0.5583483928615609
rapm,no_minutes,knn,season_holdout_2025_26,9,16,-0.5290858896306526,0.20225298864992106,-0.16012369640060525,-0.39781875,-0.11984999999999998,-0.2376950535993947
rapm,no_minutes,knn,season_holdout_2025_26,10,17,0.21352378499530453,1.7899174949424246,0.9436128346371477,0.7441588235294118,0.962,-0.1994540111077358
rapm,no_minutes,svr_rbf,season_holdout_2025_26,1,17,-2.5592957434564103,-1.8114917911692459,-2.146185324617317,-1.991858823529412,-2.7411,0.15432650108790552
rapm,no_minutes,svr_rbf,season_holdout_2025_26,2,16,-1.7409931056120493,-1.557132167730597,-1.6401247197765976,-1.62879375,-2.01175,0.011330969776597422
rapm,no_minutes,svr_rbf,season_holdout_2025_26,3,16,-1.5464240305718595,-1.3957695390414093,-1.4760253024871388,-1.54824375,-2.0659,-0.07221844751286144
rapm,no_minutes,svr_rbf,season_holdout_2025_26,4,16,-1.3944547961824458,-1.1192060330427305,-1.2317253309232246,-1.93254375,-2.21385,-0.7008184190767757
rapm,no_minutes,svr_rbf,season_holdout_2025_26,5,17,-1.1038910595761164,-0.9367997526529276,-1.0065426270241382,-1.8398529411764706,-1.3581,-0.8333103141523325
rapm,no_minutes,svr_rbf,season_holdout_2025_26,6,16,-0.9347369914818967,-0.719521225397901,-0.8130605404226289,-1.9830625,-1.1171499999999999,-1.170001959577371
rapm,no_minutes,svr_rbf,season_holdout_2025_26,7,16,-0.707436600430126,-0.48717386937803486,-0.5725102976531118,-1.4166375,-1.27525,-0.8441272023468882
rapm,no_minutes,svr_rbf,season_holdout_2025_26,8,16,-0.47864196202356357,-0.19183364485356777,-0.3378980009196487,-0.6595125000000001,-0.35405,-0.32161449908035145
rapm,no_minutes,svr_rbf,season_holdout_2025_26,9,16,-0.15646520383383725,0.5574098922054181,0.16794386211674578,-0.26969375,0.012600000000000042,-0.4376376121167458
rapm,no_minutes,svr_rbf,season_holdout_2025_26,10,17,0.6205982046558669,3.036242221567182,1.2439587175980258,1.1566470588235294,1.1505,-0.08731165877449627
rapm,with_minutes,mean,season_holdout_2025_26,1,17,-0.9322233009708738,-0.9322233009708738,-0.9322233009708738,-1.8670882352941176,-1.9366,-0.9348649343232438
rapm,with_minutes,mean,season_holdout_2025_26,2,16,-0.9322233009708738,-0.9322233009708738,-0.9322233009708738,-1.15988125,-1.11165,-0.22765794902912626
rapm,with_minutes,mean,season_holdout_2025_26,3,16,-0.9322233009708738,-0.9322233009708738,-0.9322233009708738,-1.9519375,-1.2818,-1.0197141990291265
rapm,with_minutes,mean,season_holdout_2025_26,4,16,-0.9322233009708738,-0.9322233009708738,-0.9322233009708738,-0.97895,-1.0061499999999999,-0.046726699029126184
rapm,with_minutes,mean,season_holdout_2025_26,5,17,-0.9322233009708738,-0.9322233009708738,-0.9322233009708738,-0.8904588235294117,-0.5549999999999999,0.041764477441462
rapm,with_minutes,mean,season_holdout_2025_26,6,16,-0.9322233009708738,-0.9322233009708738,-0.9322233009708738,-1.21095625,-1.02345,-0.2787329490291264
rapm,with_minutes,mean,season_holdout_2025_26,7,16,-0.9322233009708738,-0.9322233009708738,-0.9322233009708738,-0.8199750000000001,-0.5120499999999999,0.11224830097087372
rapm,with_minutes,mean,season_holdout_2025_26,8,16,-0.9322233009708738,-0.9322233009708738,-0.9322233009708738,-0.4182124999999998,-0.29335,0.5140108009708737
rapm,with_minutes,mean,season_holdout_2025_26,9,16,-0.9322233009708738,-0.9322233009708738,-0.9322233009708738,-2.26744375,-2.8295000000000003,-1.3352204490291264
rapm,with_minutes,mean,season_holdout_2025_26,10,17,-0.9322233009708738,-0.9322233009708738,-0.9322233009708738,-0.5115235294117647,-0.1426,0.42069977155910887
rapm,with_minutes,ridge,season_holdout_2025_26,1,17,-4.436511243071039,-2.666818043924235,-3.0936968891405447,-2.4897352941176467,-2.8276,0.6039615950228978
rapm,with_minutes,ridge,season_holdout_2025_26,2,16,-2.6649445584887728,-2.0492510223889564,-2.330096682516605,-2.41670625,-2.4321,-0.08660956748339521
rapm,with_minutes,ridge,season_holdout_2025_26,3,16,-2.0350661338783027,-1.7208421665395288,-1.8991678050195688,-1.6442875000000001,-1.26615,0.2548803050195689
rapm,with_minutes,ridge,season_holdout_2025_26,4,16,-1.7063060232477927,-1.442363784457915,-1.5342083728963112,-2.0144937499999997,-2.48755,-0.4802853771036889
rapm,with_minutes,ridge,season_holdout_2025_26,5,17,-1.430816572912053,-1.2297412057770392,-1.3400156847471105,-1.7705058823529412,-1.1776,-0.4304901976058307
rapm,with_minutes,ridge,season_holdout_2025_26,6,16,-1.228551536830593,-0.8859120564223094,-1.0599361492688861,-1.9601625,-1.63005,-0.9002263507311141
rapm,with_minutes,ridge,season_holdout_2025_26,7,16,-0.864537958573068,-0.547820766526648,-0.757001328357302,-1.176375,-0.5886499999999999,-0.419373671642698
rapm,with_minutes,ridge,season_holdout_2025_26,8,16,-0.5115594488541285,0.2241176139715242,-0.26720886042299474,-0.40180625,-0.30690000000000006,-0.1345973895770053
rapm,with_minutes,ridge,season_holdout_2025_26,9,16,0.2561223088724931,0.8584154939504418,0.5258214932221026,0.04116250000000002,-0.3691,-0.4846589932221026
rapm,with_minutes,ridge,season_holdout_2025_26,10,17,0.8917450771690534,4.675288885386847,1.7686800498492692,1.7114647058823529,1.5322,-0.05721534396691636
rapm,with_minutes,elasticnet,season_holdout_2025_26,1,17,-4.53920184527005,-2.482422016074148,-3.0164557211322673,-2.2840529411764705,-2.8294,0.7324027799557968
rapm,with_minutes,elasticnet,season_holdout_2025_26,2,16,-2.4724216070036773,-2.0430274050471824,-2.2752318331835477,-2.613525,-2.00085,-0.3382931668164524
rapm,with_minutes,elasticnet,season_holdout_2025_26,3,16,-2.0181165739100755,-1.636228956511066,-1.843660341514303,-1.4243062499999999,-1.27525,0.41935409151430303
rapm,with_minutes,elasticnet,season_holdout_2025_26,4,16,-1.5684893831644873,-1.3820449365015657,-1.4907115380649014,-1.0112812500000001,-1.4064,0.47943028806490146
rapm,with_minutes,elasticnet,season_holdout_2025_26,5,17,-1.3579819806012179,-1.1870934440347556,-1.2653596540179441,-3.238358823529412,-3.2666000000000004,-1.9729991695114677
rapm,with_minutes,elasticnet,season_holdout_2025_26,6,16,-1.1768992344827556,-0.8735340322047536,-1.0267429912595385,-1.6422875000000001,-1.42665,-0.6155445087404616
rapm,with_minutes,elasticnet,season_holdout_2025_26,7,16,-0.8720246676302477,-0.5411051629283734,-0.7390735717529209,-1.1862625,-0.7788999999999999,-0.44718892824707906
rapm,with_minutes,elasticnet,season_holdout_2025_26,8,16,-0.5005444612942834,0.1542938518607458,-0.2295331066624977,-0.26995625,-0.09174999999999997,-0.04042314333750219
rapm,with_minutes,elasticnet,season_holdout_2025_26,9,16,0.24974274195439344,0.7844049081339532,0.5287837217858473,-0.05746249999999997,-0.3691,-0.5862462217858472
rapm,with_minutes,elasticnet,season_holdout_2025_26,10,17,0.8625253085077336,4.554407589096259,1.8276505203437399,1.6864941176470587,1.3295,-0.14115640269668084
rapm,with_minutes,random_forest,season_holdout_2025_26,1,17,-3.0358976014185917,-2.2417622993781143,-2.4609560145242533,-2.159876470588235,-2.8276,0.3010795439360179
rapm,with_minutes,random_forest,season_holdout_2025_26,2,16,-2.197950114267472,-2.0052032377622373,-2.103208504554984,-2.265825,-2.96115,-0.16261649544501622
rapm,with_minutes,random_forest,season_holdout_2025_26,3,16,-2.004666425695485,-1.791737189820613,-1.891552166710498,-2.222575,-2.53395,-0.331022833289502
rapm,with_minutes,random_forest,season_holdout_2025_26,4,16,-1.7854144312389013,-1.6045471662110962,-1.694917963865801,-2.0508625,-1.29645,-0.3559445361341991
rapm,with_minutes,random_forest,season_holdout_2025_26,5,17,-1.5725553882659,-1.2917799704892536,-1.457197481426096,-1.556770588235294,-1.5754,-0.09957310680919826
rapm,with_minutes,random_forest,season_holdout_2025_26,6,16,-1.2879800861820931,-0.944830636698412,-1.1223297762171653,-1.9338375,-1.5760999999999998,-0.8115077237828348
rapm,with_minutes,random_forest,season_holdout_2025_26,7,16,-0.8940245396554828,-0.589309633022084,-0.7654085885899871,-1.8553374999999996,-1.45515,-1.089928911410013
rapm,with_minutes,random_forest,season_holdout_2025_26,8,16,-0.5842773164257166,-0.16366481514908698,-0.3732739572826993,0.6722187500000001,0.8673,1.0454927072826994
rapm,with_minutes,random_forest,season_holdout_2025_26,9,16,-0.12489716758156051,0.5509215257168281,0.2152104439132559,0.15510000000000002,0.10395,-0.060110443913255984
rapm,with_minutes,random_forest,season_holdout_2025_26,10,17,0.6665342045296004,2.9864071672665164,1.410681751811671,1.1005294117647058,1.1831,-0.3101523400469653
rapm,with_minutes,extra_trees,season_holdout_2025_26,1,17,-2.7627117732142867,-2.4916167744047626,-2.6465036589986006,-2.0469705882352938,-2.8276,0.5995330707633063
rapm,with_minutes,extra_trees,season_holdout_2025_26,2,16,-2.486295589285714,-2.2336594815476207,-2.3596136672991075,-3.19860625,-3.7676,-0.8389925827008925
rapm,with_minutes,extra_trees,season_holdout_2025_26,3,16,-2.172119870833335,-1.9897197327380962,-2.0787170302455356,-1.6120437499999998,-1.1869,0.46667328024553545
rapm,with_minutes,extra_trees,season_holdout_2025_26,4,16,-1.9664987386904764,-1.688828820833333,-1.8093471648065476,-2.13018125,-1.3751000000000002,-0.32083408519345247
rapm,with_minutes,extra_trees,season_holdout_2025_26,5,17,-1.667440189880954,-1.3615157005952385,-1.5501020629726892,-2.1028294117647057,-1.4952,-0.5527273487920165
rapm,with_minutes,extra_trees,season_holdout_2025_26,6,16,-1.3388139952380953,-1.0726363940476182,-1.2071644706287201,-0.7211937500000001,-0.6401999999999999,0.4859707206287201
rapm,with_minutes,extra_trees,season_holdout_2025_26,7,16,-1.0499345041666666,-0.7544369749999992,-0.9089515658854166,-1.7556749999999999,-1.4180000000000001,-0.8467234341145834
rapm,with_minutes,extra_trees,season_holdout_2025_26,8,16,-0.7513038750000003,-0.1339327946428571,-0.4580135456845238,-0.9906624999999999,-0.6657,-0.5326489543154762
rapm,with_minutes,extra_trees,season_holdout_2025_26,9,16,-0.0023537125000000236,0.7289715696428578,0.26934182447916677,0.18063125000000002,0.30025,-0.08871057447916675
rapm,with_minutes,extra_trees,season_holdout_2025_26,10,17,1.0603439678571438,4.386648261904763,2.611490521673669,2.2175529411764705,1.9787,-0.39393758049719846
rapm,with_minutes,gradient_boosting,season_holdout_2025_26,1,17,-3.426940561417856,-2.4299201233543632,-2.7112681110066674,-2.600058823529412,-2.9276,0.11120928747725539
rapm,with_minutes,gradient_boosting,season_holdout_2025_26,2,16,-2.3429751840379134,-1.9403270080276434,-2.1656002859736683,-2.05689375,-2.3113,0.10870653597366842
rapm,with_minutes,gradient_boosting,season_holdout_2025_26,3,16,-1.9343238046254148,-1.7963124636959473,-1.860775611847012,-1.8246437500000001,-1.2732999999999999,0.036131861847012
rapm,with_minutes,gradient_boosting,season_holdout_2025_26,4,16,-1.755566033389022,-1.581994559250905,-1.6921845356958882,-2.97058125,-3.2507,-1.2783967143041117
rapm,with_minutes,gradient_boosting,season_holdout_2025_26,5,17,-1.578706387164345,-1.2773257655587302,-1.4404976791102038,-1.4570764705882353,-1.5754,-0.016578791478031592
rapm,with_minutes,gradient_boosting,season_holdout_2025_26,6,16,-1.25675717188415,-1.0140244070434015,-1.1339901106682024,-1.280425,-0.9736,-0.14643488933179766
rapm,with_minutes,gradient_boosting,season_holdout_2025_26,7,16,-0.9842294759723067,-0.5204210528460498,-0.7704658333773338,-0.65501875,-0.8095000000000001,0.11544708337733373
rapm,with_minutes,gradient_boosting,season_holdout_2025_26,8,16,-0.5165238010289247,0.19728682638755468,-0.1714082734737071,-2.08856875,-2.0174000000000003,-1.9171604765262926
rapm,with_minutes,gradient_boosting,season_holdout_2025_26,9,16,0.2112176412312825,0.8979896625063463,0.5233131816376806,0.9344562500000001,1.08555,0.4111430683623194
rapm,with_minutes,gradient_boosting,season_holdout_2025_26,10,17,0.9918495558449045,9.315890098087563,2.4275902023682367,1.8556588235294118,1.6954,-0.571931378838825
rapm,with_minutes,hist_gradient_boosting,season_holdout_2025_26,1,17,-4.167274823659803,-2.8550434573900487,-3.1684458605732466,-2.1925235294117646,-2.8294,0.9759223311614815
rapm,with_minutes,hist_gradient_boosting,season_holdout_2025_26,2,16,-2.844701277200953,-2.3813041011942975,-2.618722013174737,-1.92659375,-1.8752000000000002,0.6921282631747372
rapm,with_minutes,hist_gradient_boosting,season_holdout_2025_26,3,16,-2.3403476305109425,-1.8746446234433676,-2.1539566936112076,-2.1891687500000003,-2.9244,-0.03521205638879238
rapm,with_minutes,hist_gradient_boosting,season_holdout_2025_26,4,16,-1.8502584246031875,-1.4723536338783658,-1.6716430241821685,-2.0508187500000004,-2.0458499999999997,-0.3791757258178314
rapm,with_minutes,hist_gradient_boosting,season_holdout_2025_26,5,17,-1.4499115247614622,-1.1275170814378677,-1.267641769699411,-1.4765,-0.7362,-0.20885823030058936
rapm,with_minutes,hist_gradient_boosting,season_holdout_2025_26,6,16,-1.1048865049212944,-0.7810445072656973,-0.9367359170959075,-0.9853937499999998,-0.94465,-0.04865783290409255
rapm,with_minutes,hist_gradient_boosting,season_holdout_2025_26,7,16,-0.779107307142314,-0.3584359612401513,-0.5731306507835783,-1.18688125,-0.9163999999999999,-0.6137505992164216
rapm,with_minutes,hist_gradient_boosting,season_holdout_2025_26,8,16,-0.3497306337122451,0.016247905844162747,-0.18039276166295154,-1.3027249999999997,-1.0007,-1.1223322383370484
rapm,with_minutes,hist_gradient_boosting,season_holdout_2025_26,9,16,0.06483880999213991,0.7202108495107629,0.3390119052823076,0.537275,0.9108499999999999,0.19826309471769232
rapm,with_minutes,hist_gradient_boosting,season_holdout_2025_26,10,17,0.7383566020437269,3.8603899139554425,1.3385063546605895,0.679435294117647,0.1828,-0.6590710605429425
rapm,with_minutes,knn,season_holdout_2025_26,1,17,-2.6188859538933342,-2.1224260352413205,-2.2735513514312147,-2.645394117647059,-2.7411,-0.3718427662158441
rapm,with_minutes,knn,season_holdout_2025_26,2,16,-2.1201330467602273,-1.822862272940521,-1.9713403353205114,-1.7617625000000001,-2.5414000000000003,0.20957783532051133
rapm,with_minutes,knn,season_holdout_2025_26,3,16,-1.817154051720557,-1.6511436346477462,-1.737154675103311,-0.8149625,-0.8450499999999999,0.9221921751033108
rapm,with_minutes,knn,season_holdout_2025_26,4,16,-1.6391967002444645,-1.4242179566130628,-1.544996765070049,-1.6826999999999999,-3.048,-0.13770323492995118
rapm,with_minutes,knn,season_holdout_2025_26,5,17,-1.424204834788424,-1.266999165889681,-1.3552335709542924,-1.086994117647059,-0.9014000000000002,0.2682394533072335
rapm,with_minutes,knn,season_holdout_2025_26,6,16,-1.2476045864661376,-0.9818832013105648,-1.1193802452816315,-2.2618437499999997,-1.5597500000000002,-1.1424635047183684
rapm,with_minutes,knn,season_holdout_2025_26,7,16,-0.979298491153936,-0.796067260659071,-0.8980759677825105,-1.33435625,-1.25325,-0.43628028221748943
rapm,with_minutes,knn,season_holdout_2025_26,8,16,-0.7747833036090487,-0.5435946954958119,-0.6450809092580204,-1.3279375000000002,-1.3486,-0.6828565907419795
rapm,with_minutes,knn,season_holdout_2025_26,9,16,-0.4826535675247323,0.1516659040057958,-0.1640109850483361,-0.27951249999999994,-0.46475,-0.11550151495166391
rapm,with_minutes,knn,season_holdout_2025_26,10,17,0.1611660411254704,1.8555551238988313,0.7474336602360941,1.0804647058823529,1.0206,0.33303104564625896
rapm,with_minutes,svr_rbf,season_holdout_2025_26,1,17,-2.6489219428033137,-1.8307656135275647,-2.1962864061611356,-1.9039647058823532,-2.7411,0.29232170027878235
rapm,with_minutes,svr_rbf,season_holdout_2025_26,2,16,-1.7929082035008708,-1.5412529770377883,-1.6300798521596103,-2.7568874999999995,-3.2696500000000004,-1.1268076478403897
rapm,with_minutes,svr_rbf,season_holdout_2025_26,3,16,-1.540518661412097,-1.3940711530946286,-1.4645517643498784,-1.6701375,-1.5615,-0.20558573565012156
rapm,with_minutes,svr_rbf,season_holdout_2025_26,4,16,-1.371694990558976,-1.1860218672262832,-1.285994009555421,-2.1583000000000006,-2.9063499999999998,-0.8723059904445788
rapm,with_minutes,svr_rbf,season_holdout_2025_26,5,17,-1.1736213274075447,-0.9355582281914924,-1.059121599237385,-0.7998176470588235,-0.734,0.2593039521785614
rapm,with_minutes,svr_rbf,season_holdout_2025_26,6,16,-0.9321938205924045,-0.761269101739677,-0.8414581728444278,-2.02156875,-1.5597500000000002,-1.1801105771555722
rapm,with_minutes,svr_rbf,season_holdout_2025_26,7,16,-0.7530959709635261,-0.43157531883373,-0.5792749471034029,-1.5439500000000002,-0.9308999999999998,-0.964675052896597
rapm,with_minutes,svr_rbf,season_holdout_2025_26,8,16,-0.4296352399869841,-0.2513414187447149,-0.3246939514449256,0.016856250000000045,0.003250000000000003,0.3415502014449256
rapm,with_minutes,svr_rbf,season_holdout_2025_26,9,16,-0.21295219338867893,0.47273119618343246,0.11813206289860229,-0.54610625,-0.6974499999999999,-0.6642383128986024
rapm,with_minutes,svr_rbf,season_holdout_2025_26,10,17,0.5128705980428585,3.4481335806408873,1.2498891607995617,1.1972882352941177,1.1505,-0.05260092550544412
bpr,no_minutes,mean,season_holdout_2025_26,1,17,0.24116504854368936,0.24116504854368936,0.24116504854368936,-0.8447058823529412,-1.21,-1.0858709308966308
bpr,no_minutes,mean,season_holdout_2025_26,2,16,0.24116504854368936,0.24116504854368936,0.24116504854368936,-0.396875,-0.505,-0.6380400485436895
bpr,no_minutes,mean,season_holdout_2025_26,3,16,0.24116504854368936,0.24116504854368936,0.24116504854368936,-0.41000000000000003,-0.37,-0.6511650485436895
bpr,no_minutes,mean,season_holdout_2025_26,4,16,0.24116504854368936,0.24116504854368936,0.24116504854368936,0.5350000000000001,0.86,0.29383495145631067
bpr,no_minutes,mean,season_holdout_2025_26,5,16,0.24116504854368936,0.24116504854368936,0.24116504854368936,0.74625,0.895,0.5050849514563105
bpr,no_minutes,mean,season_holdout_2025_26,6,16,0.24116504854368936,0.24116504854368936,0.24116504854368936,-0.125,-0.22499999999999998,-0.36616504854368936
bpr,no_minutes,mean,season_holdout_2025_26,7,16,0.24116504854368936,0.24116504854368936,0.24116504854368936,0.45562500000000006,0.8,0.21445995145631067
bpr,no_minutes,mean,season_holdout_2025_26,8,16,0.24116504854368936,0.24116504854368936,0.24116504854368936,0.7474999999999999,0.495,0.5063349514563106
bpr,no_minutes,mean,season_holdout_2025_26,9,16,0.24116504854368936,0.24116504854368936,0.24116504854368936,-0.12562500000000001,-0.55,-0.36679004854368935
bpr,no_minutes,mean,season_holdout_2025_26,10,17,0.24116504854368936,0.24116504854368936,0.24116504854368936,0.05999999999999989,-0.2,-0.18116504854368945
bpr,no_minutes,ridge,season_holdout_2025_26,1,17,-1.9421568267066687,-0.8830693321479198,-1.2226437766389808,-1.3029411764705883,-1.59,-0.08029739983160732
bpr,no_minutes,ridge,season_holdout_2025_26,2,16,-0.8150854333262104,-0.5335524859824009,-0.6611296737756537,-0.910625,-1.63,-0.2494953262243464
bpr,no_minutes,ridge,season_holdout_2025_26,3,16,-0.5187347776147636,-0.32949340008911787,-0.4210936547317983,-0.8331250000000001,-0.71,-0.4120313452682018
bpr,no_minutes,ridge,season_holdout_2025_26,4,16,-0.30093718828069593,-0.052998082200815144,-0.1863090527930945,-1.390625,-1.03,-1.2043159472069056
bpr,no_minutes,ridge,season_holdout_2025_26,5,16,-0.052218776045937054,0.201601096494954,0.08318469318948646,0.08687500000000004,0.445,0.0036903068105136327
bpr,no_minutes,ridge,season_holdout_2025_26,6,16,0.2076219904535711,0.49094179877921607,0.35507280331613694,0.796875,0.665,0.44180219668386306
bpr,no_minutes,ridge,season_holdout_2025_26,7,16,0.49701596135352866,0.7458359878311053,0.5835083435814603,0.26812500000000006,0.33,-0.31538334358146025
bpr,no_minutes,ridge,season_holdout_2025_26,8,16,0.7534744677349393,1.2533199864658524,1.0266803529323976,0.520625,0.135,-0.5060553529323977
bpr,no_minutes,ridge,season_holdout_2025_26,9,16,1.268403728351821,1.7260448196335978,1.5267089742071727,1.50875,1.49,-0.017958974207172712
bpr,no_minutes,ridge,season_holdout_2025_26,10,17,1.7510685481281056,4.476046209061421,2.576518785596619,1.8170588235294118,2.24,-0.7594599620672068
bpr,no_minutes,elasticnet,season_holdout_2025_26,1,17,-1.5622936645708734,-0.8213165723657915,-1.1112107375893392,-1.3029411764705883,-1.59,-0.19173043888124908
bpr,no_minutes,elasticnet,season_holdout_2025_26,2,16,-0.7092392455168725,-0.4054797631848893,-0.4951191356641328,-0.6881250000000001,-0.945,-0.19300586433586725
bpr,no_minutes,elasticnet,season_holdout_2025_26,3,16,-0.3999963296681103,-0.23653235589914479,-0.32834541556045016,-1.0,-0.825,-0.6716545844395498
bpr,no_minutes,elasticnet,season_holdout_2025_26,4,16,-0.19530078002443296,-0.08590818849158677,-0.13793973279345817,-1.6125000000000003,-1.5350000000000001,-1.4745602672065419
bpr,no_minutes,elasticnet,season_holdout_2025_26,5,16,-0.060377282219393424,0.28244024016430336,0.1517845243460327,0.6637500000000001,0.585,0.5119654756539673
bpr,no_minutes,elasticnet,season_holdout_2025_26,6,16,0.28318752138250747,0.5414627388381335,0.41029058493577253,-0.385625,-0.355,-0.7959155849357724
bpr,no_minutes,elasticnet,season_holdout_2025_26,7,16,0.5586728263934168,0.7847299769563616,0.6473330883057878,1.225625,1.09,0.5782919116942122
bpr,no_minutes,elasticnet,season_holdout_2025_26,8,16,0.8186505202112186,1.3793404182809326,1.0922125103982014,0.560625,0.09499999999999997,-0.5315875103982013
bpr,no_minutes,elasticnet,season_holdout_2025_26,9,16,1.451809233795833,1.7510141460060753,1.5714557226975268,1.28625,1.525,-0.2852057226975267
bpr,no_minutes,elasticnet,season_holdout_2025_26,10,17,1.8005483194593928,4.66614983600602,2.6378490173579414,1.8141176470588236,1.74,-0.8237313702991179
bpr,no_minutes,random_forest,season_holdout_2025_26,1,17,-1.104446989307134,-0.5167552921853473,-0.7049000855746979,-1.4170588235294117,-1.58,-0.7121587379547138
bpr,no_minutes,random_forest,season_holdout_2025_26,2,16,-0.5111346412250032,-0.3457008811184732,-0.41953151262294297,-1.025,-1.3,-0.605468487377057
bpr,no_minutes,random_forest,season_holdout_2025_26,3,16,-0.3279968528474449,-0.20949208749583748,-0.26635357907605195,-0.805625,-0.885,-0.5392714209239482
bpr,no_minutes,random_forest,season_holdout_2025_26,4,16,-0.2083789412221764,-0.05381985609978248,-0.12309237603144267,-0.629375,-0.5,-0.5062826239685574
bpr,no_minutes,random_forest,season_holdout_2025_26,5,16,-0.05050909375346868,0.1487966575438451,0.055163380281958455,-0.741875,-0.12499999999999999,-0.7970383802819584
bpr,no_minutes,random_forest,season_holdout_2025_26,6,16,0.16081565850815852,0.3794425657486643,0.25274104803005726,-0.15062500000000004,-0.37,-0.4033660480300573
bpr,no_minutes,random_forest,season_holdout_2025_26,7,16,0.38409546694168384,0.6319649534003576,0.49170094527880426,0.905625,0.7150000000000001,0.41392405472119576
bpr,no_minutes,random_forest,season_holdout_2025_26,8,16,0.6364580298678789,0.838279814317627,0.7229307471584626,0.73875,0.985,0.015819252841537318
bpr,no_minutes,random_forest,season_holdout_2025_26,9,16,0.8581493829271213,1.3697773612115223,1.0426405057408528,1.5706250000000002,1.575,0.5279844942591473
bpr,no_minutes,random_forest,season_holdout_2025_26,10,17,1.396302158535909,2.896361205877455,1.8597970222295381,2.1047058823529414,2.24,0.24490886012340282
bpr,no_minutes,extra_trees,season_holdout_2025_26,1,17,-1.2967090476190477,-0.7624397619047615,-0.9908114373249299,-1.9058823529411768,-2.03,-0.9150709156162463
bpr,no_minutes,extra_trees,season_holdout_2025_26,2,16,-0.7430977976190475,-0.5372005952380947,-0.6202757961309524,-0.7675,-0.74,-0.1472242038690476
bpr,no_minutes,extra_trees,season_holdout_2025_26,3,16,-0.5233045238095234,-0.26540708333333324,-0.38973757068452375,-0.678125,-0.71,-0.28838742931547623
bpr,no_minutes,extra_trees,season_holdout_2025_26,4,16,-0.25433482142857133,-0.11278880952380944,-0.1989277492559523,0.14875,0.24000000000000002,0.3476777492559523
bpr,no_minutes,extra_trees,season_holdout_2025_26,5,16,-0.09789068452380953,0.08871250000000015,-0.005528377976190463,-0.8393750000000001,-0.62,-0.8338466220238097
bpr,no_minutes,extra_trees,season_holdout_2025_26,6,16,0.09495672619047618,0.32847306547619093,0.2138515457589286,-0.008750000000000008,0.515,-0.22260154575892868
bpr,no_minutes,extra_trees,season_holdout_2025_26,7,16,0.3308526190476193,0.5664635119047623,0.44734669456845244,-0.010000000000000009,-0.37,-0.45734669456845245
bpr,no_minutes,extra_trees,season_holdout_2025_26,8,16,0.5880526190476195,0.8269076785714282,0.7157715290178572,0.6531250000000001,0.54,-0.06264652901785717
bpr,no_minutes,extra_trees,season_holdout_2025_26,9,16,0.834339523809524,1.9074964880952348,1.3808927306547616,1.35625,1.5,-0.024642730654761608
bpr,no_minutes,extra_trees,season_holdout_2025_26,10,17,2.0347560119047627,3.8220916071428563,2.9812576400560205,2.601176470588235,2.8,-0.3800811694677852
bpr,no_minutes,gradient_boosting,season_holdout_2025_26,1,17,-3.0823653399118522,-0.8505821195013663,-1.2213586280592974,-1.5999999999999999,-1.62,-0.37864137194070274
bpr,no_minutes,gradient_boosting,season_holdout_2025_26,2,16,-0.8451024619150771,-0.6216660011081916,-0.737607818856607,-1.763125,-1.9,-1.025517181143393
bpr,no_minutes,gradient_boosting,season_holdout_2025_26,3,16,-0.6087915809760963,-0.4074606323500182,-0.5112948715827633,-0.7093750000000001,-0.6499999999999999,-0.1980801284172367
bpr,no_minutes,gradient_boosting,season_holdout_2025_26,4,16,-0.40479908972567297,-0.0879107873692536,-0.22083835808868768,-0.06375000000000004,-0.47000000000000003,0.1570883580886876
bpr,no_minutes,gradient_boosting,season_holdout_2025_26,5,16,-0.07765680126194481,0.16125063883379903,0.0429167276726856,-0.626875,-0.15000000000000002,-0.6697917276726855
bpr,no_minutes,gradient_boosting,season_holdout_2025_26,6,16,0.16447200527670378,0.45693960577495807,0.30117434177776936,-0.5331250000000001,-0.024999999999999994,-0.8342993417777693
bpr,no_minutes,gradient_boosting,season_holdout_2025_26,7,16,0.5341616776874455,0.844458473910075,0.6994084388869926,0.71875,1.0750000000000002,0.019341561113007444
bpr,no_minutes,gradient_boosting,season_holdout_2025_26,8,16,0.8579078726367858,1.3541839010311778,1.0860596606276174,2.031875,1.87,0.9458153393723826
bpr,no_minutes,gradient_boosting,season_holdout_2025_26,9,16,1.38713803121367,1.9328974790590518,1.612094999574255,0.8925,0.92,-0.7195949995742549
bpr,no_minutes,gradient_boosting,season_holdout_2025_26,10,17,2.139453094208922,4.701846552187834,2.911154652689471,2.208235294117647,2.8,-0.702919358571824
bpr,no_minutes,hist_gradient_boosting,season_holdout_2025_26,1,17,-2.035511586419053,-1.093165648476356,-1.393030679565402,-1.2294117647058824,-1.62,0.1636189148595196
bpr,no_minutes,hist_gradient_boosting,season_holdout_2025_26,2,16,-1.0643096796429752,-0.5677917012059387,-0.8466743720538377,-0.726875,-1.155,0.11979937205383773
bpr,no_minutes,hist_gradient_boosting,season_holdout_2025_26,3,16,-0.5650245033738706,-0.26018487169002974,-0.3946187082207913,-1.073125,-1.3,-0.6785062917792086
bpr,no_minutes,hist_gradient_boosting,season_holdout_2025_26,4,16,-0.25046423168586923,-0.004029729321177813,-0.13737939774929273,-0.260625,0.025,-0.1232456022507073
bpr,no_minutes,hist_gradient_boosting,season_holdout_2025_26,5,16,0.0474976426731759,0.34054191509342036,0.18404331186307069,0.400625,0.635,0.2165816881369293
bpr,no_minutes,hist_gradient_boosting,season_holdout_2025_26,6,16,0.3659052391838712,0.5544956838132995,0.4718299680612547,0.11375000000000002,0.015,-0.35807996806125464
bpr,no_minutes,hist_gradient_boosting,season_holdout_2025_26,7,16,0.563933877760032,1.0342108799300003,0.8004655717042064,-0.10250000000000001,-0.33,-0.9029655717042064
bpr,no_minutes,hist_gradient_boosting,season_holdout_2025_26,8,16,1.1087100671368413,1.5138359620562272,1.254564547812379,0.56375,0.41500000000000004,-0.690814547812379
bpr,no_minutes,hist_gradient_boosting,season_holdout_2025_26,9,16,1.5239877064330565,1.93020675547914,1.7099236813277616,1.07625,1.145,-0.6336736813277616
bpr,no_minutes,hist_gradient_boosting,season_holdout_2025_26,10,17,2.028835832862187,4.365825911636696,2.6758321270225838,1.7958823529411763,1.93,-0.8799497740814068
bpr,no_minutes,knn,season_holdout_2025_26,1,17,-0.8946893360941767,-0.4794629640792983,-0.6620469896176414,-1.14,-1.36,-0.47795301038235855
bpr,no_minutes,knn,season_holdout_2025_26,2,16,-0.46772782125528484,-0.28318002635988754,-0.36348566541135663,-0.905,-1.1400000000000001,-0.5415143345886433
bpr,no_minutes,knn,season_holdout_2025_26,3,16,-0.25436615627410786,-0.1442315828890666,-0.18855721793964464,-0.09500000000000004,0.275,0.09355721793964458
bpr,no_minutes,knn,season_holdout_2025_26,4,16,-0.13018315083019322,-0.023125820110802706,-0.06835674837522844,-0.413125,-0.6599999999999999,-0.34476825162477165
bpr,no_minutes,knn,season_holdout_2025_26,5,16,0.005551345039125087,0.16869171158413532,0.08041903084700458,0.21374999999999994,-0.095,0.13333096915299542
bpr,no_minutes,knn,season_holdout_2025_26,6,16,0.19567206737929302,0.39869011707168556,0.30907396708136364,-0.32875,-0.15000000000000002,-0.6378239670813637
bpr,no_minutes,knn,season_holdout_2025_26,7,16,0.4048868059200924,0.5659900290959967,0.4826426421208027,0.286875,0.5700000000000001,-0.19576764212080272
bpr,no_minutes,knn,season_holdout_2025_26,8,16,0.5771270045190089,0.8564563481736859,0.7202150698621183,0.260625,0.29000000000000004,-0.45959006986211814
bpr,no_minutes,knn,season_holdout_2025_26,9,16,0.8617250701876703,1.5635363595659912,1.1632976490643612,0.9631249999999999,0.9750000000000001,-0.2001726490643611
bpr,no_minutes,knn,season_holdout_2025_26,10,17,1.5756311274377943,2.910653479231413,2.151386941714888,1.7147058823529413,1.74,-0.4366810593619469
bpr,no_minutes,svr_rbf,season_holdout_2025_26,1,17,-1.3745196447829229,-0.5937495595986036,-0.8022882489970241,-1.6141176470588237,-1.97,-0.8118293980617993
bpr,no_minutes,svr_rbf,season_holdout_2025_26,2,16,-0.5469918720232573,-0.37610922168424665,-0.459814574196677,-1.126875,-1.15,-0.667060425803323
bpr,no_minutes,svr_rbf,season_holdout_2025_26,3,16,-0.3604899882515683,-0.11879063983145588,-0.23624933904616463,0.10124999999999995,0.4,0.3374993390461646
bpr,no_minutes,svr_rbf,season_holdout_2025_26,4,16,-0.11799722673401403,0.12483418062847229,0.016104753632846025,-0.2406250000000001,-0.49,-0.2567297536328461
bpr,no_minutes,svr_rbf,season_holdout_2025_26,5,16,0.1380387131057249,0.28272489472844964,0.224620299972683,-1.0975,-0.95,-1.322120299972683
bpr,no_minutes,svr_rbf,season_holdout_2025_26,6,16,0.3181338351464793,0.49393176228332275,0.4217021509178242,-0.5525,-1.17,-0.9742021509178241
bpr,no_minutes,svr_rbf,season_holdout_2025_26,7,16,0.49638660330011636,0.7389528945649992,0.5963945207058915,0.8168749999999999,0.64,0.22048047929410847
bpr,no_minutes,svr_rbf,season_holdout_2025_26,8,16,0.7776824792794546,0.9823500940426539,0.8947732029520639,1.58625,1.73,0.6914767970479362
bpr,no_minutes,svr_rbf,season_holdout_2025_26,9,16,1.0094552886309827,1.6105308770622622,1.282467214108215,0.8143750000000001,0.775,-0.4680922141082149
bpr,no_minutes,svr_rbf,season_holdout_2025_26,10,17,1.6647243089927537,3.9770726494927597,2.197428152146919,1.8888235294117646,1.74,-0.3086046227351538
bpr,with_minutes,mean,season_holdout_2025_26,1,17,0.24116504854368936,0.24116504854368936,0.24116504854368936,-0.8447058823529412,-1.21,-1.0858709308966308
bpr,with_minutes,mean,season_holdout_2025_26,2,16,0.24116504854368936,0.24116504854368936,0.24116504854368936,-0.396875,-0.505,-0.6380400485436895
bpr,with_minutes,mean,season_holdout_2025_26,3,16,0.24116504854368936,0.24116504854368936,0.24116504854368936,-0.41000000000000003,-0.37,-0.6511650485436895
bpr,with_minutes,mean,season_holdout_2025_26,4,16,0.24116504854368936,0.24116504854368936,0.24116504854368936,0.5350000000000001,0.86,0.29383495145631067
bpr,with_minutes,mean,season_holdout_2025_26,5,16,0.24116504854368936,0.24116504854368936,0.24116504854368936,0.74625,0.895,0.5050849514563105
bpr,with_minutes,mean,season_holdout_2025_26,6,16,0.24116504854368936,0.24116504854368936,0.24116504854368936,-0.125,-0.22499999999999998,-0.36616504854368936
bpr,with_minutes,mean,season_holdout_2025_26,7,16,0.24116504854368936,0.24116504854368936,0.24116504854368936,0.45562500000000006,0.8,0.21445995145631067
bpr,with_minutes,mean,season_holdout_2025_26,8,16,0.24116504854368936,0.24116504854368936,0.24116504854368936,0.7474999999999999,0.495,0.5063349514563106
bpr,with_minutes,mean,season_holdout_2025_26,9,16,0.24116504854368936,0.24116504854368936,0.24116504854368936,-0.12562500000000001,-0.55,-0.36679004854368935
bpr,with_minutes,mean,season_holdout_2025_26,10,17,0.24116504854368936,0.24116504854368936,0.24116504854368936,0.05999999999999989,-0.2,-0.18116504854368945
bpr,with_minutes,ridge,season_holdout_2025_26,1,17,-3.0963432419637593,-1.2652167647525143,-1.8186515275765107,-1.928235294117647,-1.84,-0.10958376654113652
bpr,with_minutes,ridge,season_holdout_2025_26,2,16,-1.2305077618452436,-0.9405145735334406,-1.0834478225859885,-1.578125,-1.58,-0.4946771774140115
bpr,with_minutes,ridge,season_holdout_2025_26,3,16,-0.9403969611496847,-0.6299688132816557,-0.7806033121140423,-0.8812500000000001,-0.5900000000000001,-0.10064668788595757
bpr,with_minutes,ridge,season_holdout_2025_26,4,16,-0.6087300157631208,-0.18641599856406876,-0.3709645185561497,-0.08187500000000003,-0.6499999999999999,0.2890895185561496
bpr,with_minutes,ridge,season_holdout_2025_26,5,16,-0.18029977573210132,0.13978175062535925,-0.022581834424093554,-0.38875,0.25,-0.3661681655759065
bpr,with_minutes,ridge,season_holdout_2025_26,6,16,0.1420279193073355,0.43660195241522226,0.2634038506661892,-0.22624999999999998,-0.345,-0.4896538506661892
bpr,with_minutes,ridge,season_holdout_2025_26,7,16,0.491639849872867,0.8778825317601502,0.6943396382772952,0.634375,0.64,-0.059964638277295146
bpr,with_minutes,ridge,season_holdout_2025_26,8,16,0.898362167544429,1.3323203528130092,1.144824997064577,1.223125,0.905,0.07830000293542286
bpr,with_minutes,ridge,season_holdout_2025_26,9,16,1.3530946395360552,1.970867579935873,1.6456609874833983,1.325625,1.205,-0.32003598748339823
bpr,with_minutes,ridge,season_holdout_2025_26,10,17,2.0411718419408533,5.377485792368785,2.9754492601320224,2.4611764705882355,2.66,-0.5142727895437866
bpr,with_minutes,elasticnet,season_holdout_2025_26,1,17,-2.7780678356086357,-1.2316123405383212,-1.808149762171819,-1.8976470588235297,-1.81,-0.08949729665171036
bpr,with_minutes,elasticnet,season_holdout_2025_26,2,16,-1.2300105930215137,-0.913447208902214,-1.0386167965170525,-1.088125,-0.6799999999999999,-0.04950820348294742
bpr,with_minutes,elasticnet,season_holdout_2025_26,3,16,-0.9098438271954775,-0.5092545645967094,-0.7238502817193893,-1.158125,-1.19,-0.4342747182806107
bpr,with_minutes,elasticnet,season_holdout_2025_26,4,16,-0.5046127767363698,-0.1765583092814883,-0.3333598994946271,-0.65375,-0.9,-0.32039010050537303
bpr,with_minutes,elasticnet,season_holdout_2025_26,5,16,-0.16554456286778452,0.157208945691648,-0.005000910229174035,0.04437499999999994,0.37,0.04937591022917409
bpr,with_minutes,elasticnet,season_holdout_2025_26,6,16,0.19087799389926674,0.4684516082649748,0.33079422836663647,-0.30937499999999996,-0.4,-0.6401692283666365
bpr,with_minutes,elasticnet,season_holdout_2025_26,7,16,0.4735271577359793,0.9470119688067274,0.6875034932722474,0.54375,0.42,-0.1437534932722474
bpr,with_minutes,elasticnet,season_holdout_2025_26,8,16,0.9549425457551421,1.295816001039733,1.1517619620310924,1.2425,1.225,0.09073803796890756
bpr,with_minutes,elasticnet,season_holdout_2025_26,9,16,1.3714516462113777,2.043745478126841,1.682486596244775,1.34875,1.155,-0.33373659624477514
bpr,with_minutes,elasticnet,season_holdout_2025_26,10,17,2.06560743204943,5.268644056469321,3.031057039163892,2.4841176470588238,2.66,-0.546939392105068
bpr,with_minutes,random_forest,season_holdout_2025_26,1,17,-1.539202947898228,-1.0403518460073418,-1.2301397430335805,-1.9794117647058826,-1.84,-0.7492720216723019
bpr,with_minutes,random_forest,season_holdout_2025_26,2,16,-1.0388663870849222,-0.6966506156690536,-0.8416669479278704,-1.240625,-1.71,-0.3989580520721295
bpr,with_minutes,random_forest,season_holdout_2025_26,3,16,-0.6939103412906537,-0.5237789900193762,-0.6212919555774716,-0.284375,-0.21500000000000002,0.3369169555774717
bpr,with_minutes,random_forest,season_holdout_2025_26,4,16,-0.470124273736884,-0.28203037587412594,-0.3765516026870459,-0.8725,-0.6499999999999999,-0.49594839731295404
bpr,with_minutes,random_forest,season_holdout_2025_26,5,16,-0.20713971039559834,0.05375866590109238,-0.06965706094555006,0.1925,0.33,0.26215706094555
bpr,with_minutes,random_forest,season_holdout_2025_26,6,16,0.05524143906134712,0.3411636953018388,0.1974801332474594,0.28874999999999995,-0.095,0.09126986675254062
bpr,with_minutes,random_forest,season_holdout_2025_26,7,16,0.3813722224303475,0.5707144426549754,0.4706230920043753,0.44562499999999994,0.395,-0.024998092004375333
bpr,with_minutes,random_forest,season_holdout_2025_26,8,16,0.5715744198509823,0.8371677091189044,0.7029409746816611,-0.30437499999999995,0.245,-1.0073159746816611
bpr,with_minutes,random_forest,season_holdout_2025_26,9,16,0.8473465323259254,1.6201328970661693,1.2594336487960303,1.69625,1.885,0.4368163512039696
bpr,with_minutes,random_forest,season_holdout_2025_26,10,17,1.6366049943173662,3.020231791173007,2.2350231459053957,2.6117647058823534,2.66,0.3767415599769571
bpr,with_minutes,extra_trees,season_holdout_2025_26,1,17,-2.044144285714287,-1.0423032738095237,-1.2775453869047622,-2.045294117647059,-1.97,-0.7677487307422967
bpr,with_minutes,extra_trees,season_holdout_2025_26,2,16,-1.0379888392857142,-0.6600480952380953,-0.8843172842261905,-1.27625,-1.505,-0.39193271577380956
bpr,with_minutes,extra_trees,season_holdout_2025_26,3,16,-0.6257861309523814,-0.4565267857142857,-0.530534254092262,-0.528125,-0.495,0.002409254092261892
bpr,with_minutes,extra_trees,season_holdout_2025_26,4,16,-0.4528476785714289,-0.33402428571428566,-0.3885787388392858,-0.4837500000000001,-0.115,-0.09517126116071427
bpr,with_minutes,extra_trees,season_holdout_2025_26,5,16,-0.316024761904762,-0.05161779761904764,-0.19582949590773807,-0.385625,-0.735,-0.18979550409226192
bpr,with_minutes,extra_trees,season_holdout_2025_26,6,16,0.0005776190476190266,0.30141244047619065,0.1522436644345238,-0.103125,-0.26,-0.2553686644345237
bpr,with_minutes,extra_trees,season_holdout_2025_26,7,16,0.3159001785714286,0.5767614583333334,0.4324838485863095,0.37625000000000003,0.635,-0.056233848586309476
bpr,with_minutes,extra_trees,season_holdout_2025_26,8,16,0.6067783333333332,1.0350947023809525,0.7865307477678569,0.378125,0.735,-0.40840574776785704
bpr,with_minutes,extra_trees,season_holdout_2025_26,9,16,1.169342261904761,1.871686964285713,1.5258129854910711,1.9793749999999999,1.635,0.45356201450892886
bpr,with_minutes,extra_trees,season_holdout_2025_26,10,17,1.8986848214285716,3.6159689880952417,2.4226762044817924,2.6441176470588235,2.66,0.22144144257703097
bpr,with_minutes,gradient_boosting,season_holdout_2025_26,1,17,-2.55105620638577,-1.1055195792482968,-1.4712435073370793,-1.7429411764705887,-1.95,-0.2716976691335089
bpr,with_minutes,gradient_boosting,season_holdout_2025_26,2,16,-1.097972488275912,-0.8297425128166155,-0.938897094141073,-1.6393750000000002,-1.54,-0.700477905858927
bpr,with_minutes,gradient_boosting,season_holdout_2025_26,3,16,-0.8282735487529311,-0.5682832177173429,-0.6916602273457533,-0.9306249999999999,-0.7150000000000001,-0.2389647726542467
bpr,with_minutes,gradient_boosting,season_holdout_2025_26,4,16,-0.5680278892277979,-0.40559277881271455,-0.478432241260905,-0.65375,-0.675,-0.17531775873909505
bpr,with_minutes,gradient_boosting,season_holdout_2025_26,5,16,-0.3901067867658089,-0.10148424491838619,-0.27197142122479856,-0.4181250000000001,-0.55,-0.14615357877520146
bpr,with_minutes,gradient_boosting,season_holdout_2025_26,6,16,-0.0213382152010099,0.2812978976287446,0.08494114040599032,0.03875000000000005,0.22999999999999998,-0.046191140405990316
bpr,with_minutes,gradient_boosting,season_holdout_2025_26,7,16,0.3027380169854881,0.6282087567737754,0.465642531502204,0.26312500000000005,0.01,-0.20251753150220403
bpr,with_minutes,gradient_boosting,season_holdout_2025_26,8,16,0.6413017972667655,1.1101271420575973,0.8126876242671481,1.089375,0.985,0.2766873757328519
bpr,with_minutes,gradient_boosting,season_holdout_2025_26,9,16,1.1212234525469544,1.92623536000576,1.4652317677086462,2.31625,2.295,0.8510182322913538
bpr,with_minutes,gradient_boosting,season_holdout_2025_26,10,17,1.941731120604851,4.5742835019401795,2.713469402650839,2.239411764705882,2.64,-0.4740576379449563
bpr,with_minutes,hist_gradient_boosting,season_holdout_2025_26,1,17,-2.669556555605246,-1.314506368243204,-1.7341143440415698,-2.1811764705882353,-2.22,-0.4470621265466653
bpr,with_minutes,hist_gradient_boosting,season_holdout_2025_26,2,16,-1.2541942825025088,-0.8587406883556639,-1.0514411930361753,-1.2275,-1.0899999999999999,-0.17605880696382467
bpr,with_minutes,hist_gradient_boosting,season_holdout_2025_26,3,16,-0.8287793852794212,-0.6097690499422048,-0.6922799174502553,-0.186875,-0.36,0.5054049174502553
bpr,with_minutes,hist_gradient_boosting,season_holdout_2025_26,4,16,-0.5795337199761372,-0.09521411641402751,-0.2851137427936933,0.034999999999999976,0.37,0.3201137427936933
bpr,with_minutes,hist_gradient_boosting,season_holdout_2025_26,5,16,-0.08835568485856043,0.16514686490815492,0.059969727897527525,0.4431249999999999,0.19,0.3831552721024725
bpr,with_minutes,hist_gradient_boosting,season_holdout_2025_26,6,16,0.17149186172113273,0.4487622673048118,0.27316145877898224,0.039999999999999925,0.45,-0.2331614587789823
bpr,with_minutes,hist_gradient_boosting,season_holdout_2025_26,7,16,0.46089332716826065,0.7576830830274037,0.611232650376887,0.20437499999999997,0.19,-0.40685765037688715
bpr,with_minutes,hist_gradient_boosting,season_holdout_2025_26,8,16,0.7718664747776176,1.380181140095447,1.0716090319249618,0.04062499999999994,-0.08999999999999997,-1.0309840319249617
bpr,with_minutes,hist_gradient_boosting,season_holdout_2025_26,9,16,1.4256925750577438,2.1238256576813237,1.7147085684748924,1.11125,1.045,-0.6034585684748923
bpr,with_minutes,hist_gradient_boosting,season_holdout_2025_26,10,17,2.138757721957378,4.105927251846288,2.7698721828083315,2.3064705882352947,2.59,-0.46340159457303676
bpr,with_minutes,knn,season_holdout_2025_26,1,17,-1.0789662515438647,-0.6171708151499689,-0.7291064596782011,-1.008823529411765,-1.58,-0.27971706973356364
bpr,with_minutes,knn,season_holdout_2025_26,2,16,-0.5720254522440072,-0.43521464260596043,-0.5142004165716336,-1.065,-1.2850000000000001,-0.5507995834283663
bpr,with_minutes,knn,season_holdout_2025_26,3,16,-0.4300070645262619,-0.1884080723697931,-0.2808783426780176,-0.2725000000000001,-0.475,0.00837834267801757
bpr,with_minutes,knn,season_holdout_2025_26,4,16,-0.1812056483320993,0.007021478932405596,-0.08976832652303648,-0.776875,-0.5,-0.6871066734769635
bpr,with_minutes,knn,season_holdout_2025_26,5,16,0.008546787206790089,0.16290495067790992,0.09302111760956987,-0.4956250000000001,-0.42,-0.5886461176095699
bpr,with_minutes,knn,season_holdout_2025_26,6,16,0.1826409356502911,0.38233601058527045,0.26226506358627666,0.1750000000000001,-0.1,-0.08726506358627675
bpr,with_minutes,knn,season_holdout_2025_26,7,16,0.38253105825644634,0.5864506273406377,0.4823297373915592,0.29499999999999993,0.09500000000000003,-0.18732973739155928
bpr,with_minutes,knn,season_holdout_2025_26,8,16,0.5881447978678943,0.8713344917059624,0.7363191349268112,1.07,0.985,0.3336808650731889
bpr,with_minutes,knn,season_holdout_2025_26,9,16,0.8947995522177626,1.4560280698139914,1.1537627851515668,0.6118750000000001,0.515,-0.5418877851515669
bpr,with_minutes,knn,season_holdout_2025_26,10,17,1.513439847877531,3.0006212301143242,1.9505836711435198,1.9982352941176469,2.24,0.04765162297412761
bpr,with_minutes,svr_rbf,season_holdout_2025_26,1,17,-1.5038288212943995,-0.8116106002133225,-1.1537250871208258,-1.8423529411764703,-1.84,-0.6886278540556448
bpr,with_minutes,svr_rbf,season_holdout_2025_26,2,16,-0.7481680426317396,-0.41760409651668917,-0.5368226479024156,-1.21875,-1.1400000000000001,-0.6819273520975845
bpr,with_minutes,svr_rbf,season_holdout_2025_26,3,16,-0.4017925332869239,-0.18776270471045065,-0.3124151476434215,0.0031250000000000444,0.005000000000000001,0.3155401476434216
bpr,with_minutes,svr_rbf,season_holdout_2025_26,4,16,-0.18746422501632942,-0.02186140289380578,-0.10029828263665015,-0.714375,-0.87,-0.6140767173633499
bpr,with_minutes,svr_rbf,season_holdout_2025_26,5,16,0.0133647641359802,0.22260189729527202,0.11189780799242129,-0.646875,-0.95,-0.7587728079924212
bpr,with_minutes,svr_rbf,season_holdout_2025_26,6,16,0.23136400655715994,0.4593289284149771,0.3370519319213364,0.15124999999999997,0.275,-0.18580193192133646
bpr,with_minutes,svr_rbf,season_holdout_2025_26,7,16,0.460888589692593,0.7442902812740285,0.5908509254794673,0.32125000000000004,0.54,-0.26960092547946723
bpr,with_minutes,svr_rbf,season_holdout_2025_26,8,16,0.759547982628221,1.0838800396490909,0.9316498781284296,0.74625,0.725,-0.1853998781284295
bpr,with_minutes,svr_rbf,season_holdout_2025_26,9,16,1.1058986457450153,1.5498744785107108,1.283061693675464,1.290625,0.94,0.007563306324536112
bpr,with_minutes,svr_rbf,season_holdout_2025_26,10,17,1.5698459920667918,4.193395305808851,2.3325799033116685,2.4641176470588237,2.24,0.13153774374715496
porpag,no_minutes,mean,season_holdout_2025_26,1,23,1.0154079452456577,1.0154079452456577,1.0154079452456581,0.4846006426086957,0.364153,-0.530807302636962
porpag,no_minutes,mean,season_holdout_2025_26,2,23,1.0154079452456577,1.0154079452456577,1.0154079452456581,0.6084738304347825,0.475843,-0.4069341148108751
porpag,no_minutes,mean,season_holdout_2025_26,3,22,1.0154079452456577,1.0154079452456577,1.0154079452456581,1.070978886363636,0.88567,0.05557094111797867
porpag,no_minutes,mean,season_holdout_2025_26,4,23,1.0154079452456577,1.0154079452456577,1.0154079452456581,0.542700443478261,0.370591,-0.4727075017673968
porpag,no_minutes,mean,season_holdout_2025_26,5,23,1.0154079452456577,1.0154079452456577,1.0154079452456581,1.301959217391304,1.19394,0.28655127214564663
porpag,no_minutes,mean,season_holdout_2025_26,6,22,1.0154079452456577,1.0154079452456577,1.0154079452456581,0.8786277045454546,0.67477,-0.13678024070020314
porpag,no_minutes,mean,season_holdout_2025_26,7,23,1.0154079452456577,1.0154079452456577,1.0154079452456581,0.8848697869565219,0.925762,-0.13053815828913598
porpag,no_minutes,mean,season_holdout_2025_26,8,22,1.0154079452456577,1.0154079452456577,1.0154079452456581,1.3830416727272727,1.16591,0.36763372748161505
porpag,no_minutes,mean,season_holdout_2025_26,9,23,1.0154079452456577,1.0154079452456577,1.0154079452456581,0.6054559434782608,0.440335,-0.4099520017673968
porpag,no_minutes,mean,season_holdout_2025_26,10,23,1.0154079452456577,1.0154079452456577,1.0154079452456581,0.8945372569565216,0.66175,-0.1208706882891359
porpag,no_minutes,ridge,season_holdout_2025_26,1,23,0.1384218254866294,0.4440893369694754,0.29918343230398425,0.3324419826086956,0.172286,0.033258550304711365
porpag,no_minutes,ridge,season_holdout_2025_26,2,23,0.4798955490474126,0.7031874525614197,0.5638728070586089,0.46298949565217384,0.244293,-0.10088331140643493
porpag,no_minutes,ridge,season_holdout_2025_26,3,22,0.7058558789189749,0.8482043321076009,0.7830295968722716,0.20725954545454545,0.2248445,-0.575770051417726
porpag,no_minutes,ridge,season_holdout_2025_26,4,23,0.8496118906970975,0.9841765901569783,0.9242476683566979,0.8944964165217388,0.813066,-0.029751251834958855
porpag,no_minutes,ridge,season_holdout_2025_26,5,23,0.9856825483288795,1.0752628546376837,1.0299887057058434,0.9696048869565217,0.724635,-0.060383818749322124
porpag,no_minutes,ridge,season_holdout_2025_26,6,22,1.0759556843792328,1.1813401125544942,1.1246904854931272,0.7488512272727273,0.7682525,-0.3758392582203998
porpag,no_minutes,ridge,season_holdout_2025_26,7,23,1.186669179607637,1.2997970451280978,1.2521235698815214,0.9806198608695654,0.802858,-0.2715037090119559
porpag,no_minutes,ridge,season_holdout_2025_26,8,22,1.3173539211984693,1.4347441599514754,1.379029127734721,1.2439377636363638,1.2724449999999998,-0.13509136409835742
porpag,no_minutes,ridge,season_holdout_2025_26,9,23,1.4386094337781061,1.6799128060349517,1.542095488582051,1.446936113478261,1.30053,-0.09515937510379023
porpag,no_minutes,ridge,season_holdout_2025_26,10,23,1.689732793932242,2.4182326757549215,1.9241930610717901,1.3188646260869563,1.49826,-0.6053284349848339
porpag,no_minutes,elasticnet,season_holdout_2025_26,1,23,0.15771936894414051,0.6101201302341078,0.46636484937894884,0.42329860869565217,0.234921,-0.04306624068329665
porpag,no_minutes,elasticnet,season_holdout_2025_26,2,23,0.6155798512979985,0.7961985822966414,0.6979202856107771,0.359995452173913,0.0660161,-0.33792483343686397
porpag,no_minutes,elasticnet,season_holdout_2025_26,3,22,0.8010988398354599,0.9103798888864778,0.8551581387845913,0.41400449454545457,0.26849900000000004,-0.44115364423913667
porpag,no_minutes,elasticnet,season_holdout_2025_26,4,23,0.9127895081179496,1.0105981527843038,0.9543327233383936,0.6919960565217391,0.724635,-0.26233666681665474
porpag,no_minutes,elasticnet,season_holdout_2025_26,5,23,1.0158958205109887,1.161122010758336,1.096193417995858,1.0067738826086956,1.11418,-0.08941953538716252
porpag,no_minutes,elasticnet,season_holdout_2025_26,6,22,1.1617390760311879,1.2279321579516875,1.1987867587160055,0.8622212636363638,0.60327,-0.3365654950796417
porpag,no_minutes,elasticnet,season_holdout_2025_26,7,23,1.2358246278232639,1.3048278903518185,1.2671843913853948,1.07688697,0.836656,-0.190297421385395
porpag,no_minutes,elasticnet,season_holdout_2025_26,8,22,1.3070168109668212,1.4551129436276655,1.3849336165674322,0.9951823727272728,1.0551599999999999,-0.38975124384015963
porpag,no_minutes,elasticnet,season_holdout_2025_26,9,23,1.4632102529469835,1.6404371960585982,1.5538958062595605,1.3304426086956522,1.30053,-0.22345319756390875
porpag,no_minutes,elasticnet,season_holdout_2025_26,10,23,1.6473959930892332,2.169037266752788,1.8538685028212094,1.4483027999999998,1.49826,-0.40556570282120946
porpag,no_minutes,random_forest,season_holdout_2025_26,1,23,0.17279890898635422,0.6744174542496336,0.49960595381412354,0.49437073913043467,0.244293,-0.005235214683688777
porpag,no_minutes,random_forest,season_holdout_2025_26,2,23,0.6893616297791543,0.806560489465004,0.7510888938803681,0.26307796086956525,0.0930604,-0.48801093301080295
porpag,no_minutes,random_forest,season_holdout_2025_26,3,22,0.8200335220463006,0.9172453817018535,0.8688633642859426,0.2619631277272727,-0.017035545,-0.60690023655867
porpag,no_minutes,random_forest,season_holdout_2025_26,4,23,0.9198335728905904,1.012224718532655,0.9750816768825326,0.8435459956521739,0.642325,-0.13153568123035878
porpag,no_minutes,random_forest,season_holdout_2025_26,5,23,1.0129186066221068,1.1125006688908836,1.0657580779761315,0.8429842652173913,0.776572,-0.22277381275874023
porpag,no_minutes,random_forest,season_holdout_2025_26,6,22,1.1135022226020508,1.2294172887514483,1.166873127219437,0.8155284454545453,0.793098,-0.3513446817648917
porpag,no_minutes,random_forest,season_holdout_2025_26,7,23,1.2361056254504958,1.3081026883723663,1.2783705721381338,1.0912076521739131,1.15445,-0.1871629199642207
porpag,no_minutes,random_forest,season_holdout_2025_26,8,22,1.3209330322836796,1.4626165888327092,1.4005789702128355,1.0347745672727273,1.084945,-0.36580440294010796
porpag,no_minutes,random_forest,season_holdout_2025_26,9,23,1.4688070307837353,1.6580266174482463,1.533156922084274,1.3345152173913042,1.49826,-0.19864170469296955
porpag,no_minutes,random_forest,season_holdout_2025_26,10,23,1.6580853034068377,2.183413075326953,1.8712610770082632,1.6202173217391305,1.78407,-0.25104375526913236
porpag,no_minutes,extra_trees,season_holdout_2025_26,1,23,0.21628498409672617,0.6475496686087381,0.4275719059274709,0.45904201739130435,0.235853,0.03147011146383354
porpag,no_minutes,extra_trees,season_holdout_2025_26,2,23,0.6550979688905353,0.824601628763036,0.7377394066861871,0.2952476347826087,0.0819813,-0.4424917719035783
porpag,no_minutes,extra_trees,season_holdout_2025_26,3,22,0.8332253245508932,0.9598423693417257,0.9017087888859362,0.4828395727272728,0.3346895,-0.41886921615866357
porpag,no_minutes,extra_trees,season_holdout_2025_26,4,23,0.9617504679208215,1.0503331675153569,1.0023498192584142,0.5346551308695652,0.177691,-0.46769468838884853
porpag,no_minutes,extra_trees,season_holdout_2025_26,5,23,1.0576030780436667,1.135900490921737,1.0984890001135716,0.7673830043478261,0.74954,-0.33110599576574584
porpag,no_minutes,extra_trees,season_holdout_2025_26,6,22,1.1370757689681898,1.2201123973555363,1.1827818667093646,0.8792695636363637,0.861572,-0.30351230307300103
porpag,no_minutes,extra_trees,season_holdout_2025_26,7,23,1.228433488701548,1.3008292982476186,1.2671971747001298,1.053982947826087,1.07957,-0.21321422687404282
porpag,no_minutes,extra_trees,season_holdout_2025_26,8,22,1.3066598024971414,1.4472361948024288,1.3701006148614345,1.1904163763636364,1.046266,-0.1796842384977983
porpag,no_minutes,extra_trees,season_holdout_2025_26,9,23,1.4508628830569037,1.6128229143303572,1.5259096360235025,1.391526695652174,1.49826,-0.1343829403713289
porpag,no_minutes,extra_trees,season_holdout_2025_26,10,23,1.6261572340071424,2.211536248917262,1.8192176481649116,1.5669640608695652,1.3794,-0.25225358729534614
porpag,no_minutes,gradient_boosting,season_holdout_2025_26,1,23,-0.06851741896606672,0.5229983572388142,0.2666198024441261,0.5644522608695651,0.244293,0.29783245842543904
porpag,no_minutes,gradient_boosting,season_holdout_2025_26,2,23,0.5400218059460068,0.745228661900202,0.6501031799382302,0.4772664347826087,0.475843,-0.17283674515562159
porpag,no_minutes,gradient_boosting,season_holdout_2025_26,3,22,0.7563204616644034,0.8534275297319476,0.8108773813680706,0.4358675590909091,0.2513875,-0.37500982227716156
porpag,no_minutes,gradient_boosting,season_holdout_2025_26,4,23,0.8544380667846193,0.9485107864544536,0.906997637305338,0.8676992873913043,0.900807,-0.0392983499140337
porpag,no_minutes,gradient_boosting,season_holdout_2025_26,5,23,0.9561497781479626,1.0788449130918376,1.0154744999201815,0.462802,0.268102,-0.5526724999201814
porpag,no_minutes,gradient_boosting,season_holdout_2025_26,6,22,1.0827160202223571,1.1699936373274864,1.1209433014883396,1.2139476454545455,1.002666,0.09300434396620587
porpag,no_minutes,gradient_boosting,season_holdout_2025_26,7,23,1.170913230874064,1.3329939531803496,1.2474632320191774,0.7688554043478263,0.682231,-0.4786078276713514
porpag,no_minutes,gradient_boosting,season_holdout_2025_26,8,22,1.347056579475902,1.5581195293221408,1.4300774126039961,1.1684824127272726,1.493835,-0.26159499987672347
porpag,no_minutes,gradient_boosting,season_holdout_2025_26,9,23,1.5593615805610463,1.8039924458486416,1.6564279104673858,1.3413393217391303,1.30053,-0.3150885887282551
porpag,no_minutes,gradient_boosting,season_holdout_2025_26,10,23,1.8088426939756492,2.5097859549124744,2.1386409905019206,1.3321699869565218,1.27826,-0.8064710035453991
porpag,no_minutes,hist_gradient_boosting,season_holdout_2025_26,1,23,-0.32066287058102955,0.522289693273487,0.2123778611424508,0.38340111304347824,0.172286,0.17102325190102746
porpag,no_minutes,hist_gradient_boosting,season_holdout_2025_26,2,23,0.5228510991566684,0.7488267492634895,0.6588877769539091,0.43558836086956526,0.0989096,-0.22329941608434375
porpag,no_minutes,hist_gradient_boosting,season_holdout_2025_26,3,22,0.751025228399168,0.9286552203250173,0.8400910228517343,0.2720035318181819,0.168163,-0.5680874910335524
porpag,no_minutes,hist_gradient_boosting,season_holdout_2025_26,4,23,0.9372001839965324,1.0590972956501339,1.004650018797768,0.92992117,0.778006,-0.07472884879776805
porpag,no_minutes,hist_gradient_boosting,season_holdout_2025_26,5,23,1.059173026464649,1.211686591484306,1.1224982725839394,0.9552397521739131,0.813066,-0.1672585204100268
porpag,no_minutes,hist_gradient_boosting,season_holdout_2025_26,6,22,1.2213223468122514,1.3519862467888575,1.2864409225351594,0.8333279409090907,0.585486,-0.4531129816260682
porpag,no_minutes,hist_gradient_boosting,season_holdout_2025_26,7,23,1.3587283045276342,1.5017488058168136,1.4113629073239407,0.9731862034782606,0.786965,-0.43817670384567975
porpag,no_minutes,hist_gradient_boosting,season_holdout_2025_26,8,22,1.5077584432253734,1.654017955436299,1.5897454035738898,0.8549586363636364,0.8576675,-0.7347867672102537
porpag,no_minutes,hist_gradient_boosting,season_holdout_2025_26,9,23,1.6596017200438398,1.8517554903940845,1.767358000670208,1.2510153652173914,1.07957,-0.516342635452817
porpag,no_minutes,hist_gradient_boosting,season_holdout_2025_26,10,23,1.8551714941400876,2.5503809006261413,2.03415268563671,1.7069355652173912,1.85691,-0.32721712041931905
porpag,no_minutes,knn,season_holdout_2025_26,1,23,0.3758267466962068,0.6587511751185863,0.504769689990641,0.5765617869565218,0.235853,0.07179209696588067
porpag,no_minutes,knn,season_holdout_2025_26,2,23,0.6685043170060222,0.8993442482644451,0.780719324860699,0.3892137956521739,0.234921,-0.391505529208525
porpag,no_minutes,knn,season_holdout_2025_26,3,22,0.9066056867794345,1.0213952288032875,0.9657238482651263,0.289603955,0.10577705,-0.6761198932651262
porpag,no_minutes,knn,season_holdout_2025_26,4,23,1.0254723569818043,1.1712106489171035,1.1001996767527746,0.5731247826086956,0.550849,-0.5270748941440792
porpag,no_minutes,knn,season_holdout_2025_26,5,23,1.1713794640757245,1.2683889196167961,1.2231651907523498,1.4429425686956523,1.29975,0.21977737794330252
porpag,no_minutes,knn,season_holdout_2025_26,6,22,1.2710478378507095,1.3406638870875878,1.3051821774231214,0.8730358227272729,0.6126915,-0.432146354695849
porpag,no_minutes,knn,season_holdout_2025_26,7,23,1.3463036946856353,1.4357918982558762,1.3948530027839028,0.6555454260869567,0.682231,-0.7393075766969465
porpag,no_minutes,knn,season_holdout_2025_26,8,22,1.4394829207744,1.611850093154876,1.5120817673836333,1.299340990909091,1.2361,-0.21274077647454234
porpag,no_minutes,knn,season_holdout_2025_26,9,23,1.6138670665458046,1.7871227124662723,1.6843189521998265,1.0906810869565216,0.859151,-0.5936378652433052
porpag,no_minutes,knn,season_holdout_2025_26,10,23,1.8125052951599467,2.2844662495513703,2.005684155707803,1.427340060869565,1.49826,-0.5783440948382376
porpag,no_minutes,svr_rbf,season_holdout_2025_26,1,23,-0.06624143138592686,0.53915163110716,0.3395504816968475,0.518898695652174,0.172286,0.1793482139553265
porpag,no_minutes,svr_rbf,season_holdout_2025_26,2,23,0.5398335121245921,0.724497389687192,0.6553420439401307,0.24650191739130436,0.177691,-0.40884012654882657
porpag,no_minutes,svr_rbf,season_holdout_2025_26,3,22,0.7313060468274691,0.8610428959256834,0.8118224041715719,0.5148404640909091,0.1402483,-0.296981940080663
porpag,no_minutes,svr_rbf,season_holdout_2025_26,4,23,0.8760024047327493,1.0279522966491352,0.9680421681620291,0.6453948,0.550849,-0.3226473681620291
porpag,no_minutes,svr_rbf,season_holdout_2025_26,5,23,1.0346938352941504,1.1267207773187098,1.0772865933264395,0.7510912347826085,0.74954,-0.32619535854383097
porpag,no_minutes,svr_rbf,season_holdout_2025_26,6,22,1.1300167005785038,1.2577328782646617,1.1990355869418303,0.7723247172727273,0.7606265000000001,-0.42671086966910304
porpag,no_minutes,svr_rbf,season_holdout_2025_26,7,23,1.2677695442257984,1.371319600689462,1.325339806601824,1.6309970869565216,1.30967,0.30565728035469775
porpag,no_minutes,svr_rbf,season_holdout_2025_26,8,22,1.3812902264455067,1.52985101697876,1.45454217132706,1.0544350545454544,0.9884759999999999,-0.40010711678160543
porpag,no_minutes,svr_rbf,season_holdout_2025_26,9,23,1.5434378239188886,1.62586360070275,1.5797083479090213,1.2106750913043478,1.29975,-0.3690332566046737
porpag,no_minutes,svr_rbf,season_holdout_2025_26,10,23,1.6289261801745074,2.49613221322629,1.8548303705943527,1.2669972782608698,1.36516,-0.5878330923334836
porpag,with_minutes,mean,season_holdout_2025_26,1,23,1.0154079452456577,1.0154079452456577,1.0154079452456581,0.4846006426086957,0.364153,-0.530807302636962
porpag,with_minutes,mean,season_holdout_2025_26,2,23,1.0154079452456577,1.0154079452456577,1.0154079452456581,0.6084738304347825,0.475843,-0.4069341148108751
porpag,with_minutes,mean,season_holdout_2025_26,3,22,1.0154079452456577,1.0154079452456577,1.0154079452456581,1.070978886363636,0.88567,0.05557094111797867
porpag,with_minutes,mean,season_holdout_2025_26,4,23,1.0154079452456577,1.0154079452456577,1.0154079452456581,0.542700443478261,0.370591,-0.4727075017673968
porpag,with_minutes,mean,season_holdout_2025_26,5,23,1.0154079452456577,1.0154079452456577,1.0154079452456581,1.301959217391304,1.19394,0.28655127214564663
porpag,with_minutes,mean,season_holdout_2025_26,6,22,1.0154079452456577,1.0154079452456577,1.0154079452456581,0.8786277045454546,0.67477,-0.13678024070020314
porpag,with_minutes,mean,season_holdout_2025_26,7,23,1.0154079452456577,1.0154079452456577,1.0154079452456581,0.8848697869565219,0.925762,-0.13053815828913598
porpag,with_minutes,mean,season_holdout_2025_26,8,22,1.0154079452456577,1.0154079452456577,1.0154079452456581,1.3830416727272727,1.16591,0.36763372748161505
porpag,with_minutes,mean,season_holdout_2025_26,9,23,1.0154079452456577,1.0154079452456577,1.0154079452456581,0.6054559434782608,0.440335,-0.4099520017673968
porpag,with_minutes,mean,season_holdout_2025_26,10,23,1.0154079452456577,1.0154079452456577,1.0154079452456581,0.8945372569565216,0.66175,-0.1208706882891359
porpag,with_minutes,ridge,season_holdout_2025_26,1,23,-1.032904474520725,-0.1746357714177873,-0.4354859061580171,-0.2383824082608696,-0.372433,0.1971034978971476
porpag,with_minutes,ridge,season_holdout_2025_26,2,23,-0.16651153937313268,0.21078599743861015,0.01616771435136157,0.10417765217391305,0.0989096,0.08800993782255147
porpag,with_minutes,ridge,season_holdout_2025_26,3,22,0.22265093098825184,0.5425491915647681,0.37326080619305996,0.16312052181818182,-0.029764560000000002,-0.21014028437487814
porpag,with_minutes,ridge,season_holdout_2025_26,4,23,0.5587550337813376,0.7614555342820428,0.6717956005839284,0.1368989304347826,0.235853,-0.5348966701491458
porpag,with_minutes,ridge,season_holdout_2025_26,5,23,0.7624842999046508,1.0363794967981563,0.8864504720280159,0.4763551956521739,0.475843,-0.41009527637584187
porpag,with_minutes,ridge,season_holdout_2025_26,6,22,1.0460997803558458,1.2975605464739879,1.192980802004669,1.0241310909090908,1.099975,-0.1688497110955783
porpag,with_minutes,ridge,season_holdout_2025_26,7,23,1.3238887738640643,1.581527334344746,1.4499024027514014,1.2830881347826086,1.15445,-0.16681426796879292
porpag,with_minutes,ridge,season_holdout_2025_26,8,22,1.5826616476824609,1.8169567177035137,1.711461528171204,1.576240027272727,1.54494,-0.13522150089847632
porpag,with_minutes,ridge,season_holdout_2025_26,9,23,1.8209933658848383,2.145758233414947,1.9754562857514808,1.512735339130435,1.70367,-0.4627209466210461
porpag,with_minutes,ridge,season_holdout_2025_26,10,23,2.1735349972527898,2.822531686442815,2.4087436241836384,2.5921349608695654,2.45537,0.18339133668592736
porpag,with_minutes,elasticnet,season_holdout_2025_26,1,23,-0.8298123027826572,-0.12257039252169122,-0.35597000271511114,-0.13572832130434784,-0.205128,0.22024168141076333
porpag,with_minutes,elasticnet,season_holdout_2025_26,2,23,-0.12088222172351681,0.24019712326231923,0.054894023352295186,0.04346001739130435,0.0819813,-0.01143400596099083
porpag,with_minutes,elasticnet,season_holdout_2025_26,3,22,0.25958762265334023,0.5262713193441558,0.4075191941159108,0.14254974909090912,0.027243939999999998,-0.2649694450250017
porpag,with_minutes,elasticnet,season_holdout_2025_26,4,23,0.5274554170931205,0.7969680271617072,0.695331287248646,0.2574751304347826,0.274176,-0.4378561568138634
porpag,with_minutes,elasticnet,season_holdout_2025_26,5,23,0.8040102167221846,1.1049751245327273,0.9527786807159345,0.320929152173913,0.278466,-0.6318495285420214
porpag,with_minutes,elasticnet,season_holdout_2025_26,6,22,1.1289970746561866,1.341622539089079,1.2322381981112318,1.0735065454545454,1.109465,-0.15873165265668662
porpag,with_minutes,elasticnet,season_holdout_2025_26,7,23,1.350199941607673,1.5996872674074292,1.4814217766829025,1.237468439130435,1.15445,-0.24395333755246754
porpag,with_minutes,elasticnet,season_holdout_2025_26,8,22,1.6047174386685639,1.8502105328728553,1.7445608602119498,1.4799162545454543,1.497955,-0.26464460566649534
porpag,with_minutes,elasticnet,season_holdout_2025_26,9,23,1.8572423272882947,2.129754194069552,1.9926711457639126,1.7614353478260873,1.91984,-0.23123579793782567
porpag,with_minutes,elasticnet,season_holdout_2025_26,10,23,2.1376099493857867,2.9243258325911707,2.4121365848155354,2.4465515173913044,2.40926,0.0344149325757689
porpag,with_minutes,random_forest,season_holdout_2025_26,1,23,-0.4008016216468825,0.027218164610831774,-0.1036842495336754,-0.23680640869565217,-0.372433,-0.13312215916197676
porpag,with_minutes,random_forest,season_holdout_2025_26,2,23,0.02883481189367584,0.18370633807194403,0.109259014371894,0.0946814613043478,0.0989096,-0.014577553067546182
porpag,with_minutes,random_forest,season_holdout_2025_26,3,22,0.21032692801499583,0.34611096308008354,0.2706827648803796,0.12580098090909092,0.11120024,-0.14488178397128876
porpag,with_minutes,random_forest,season_holdout_2025_26,4,23,0.3482702341279815,0.6272985269976764,0.481924212052314,0.28112370000000003,0.240444,-0.20080051205231395
porpag,with_minutes,random_forest,season_holdout_2025_26,5,23,0.6350627339038539,0.8532534606486836,0.7587276459831599,0.4196105695652174,0.49812,-0.3391170764179425
porpag,with_minutes,random_forest,season_holdout_2025_26,6,22,0.8554013715801405,1.0591712962171922,0.9677233682731866,1.4233178636363637,1.3987349999999998,0.45559449536317725
porpag,with_minutes,random_forest,season_holdout_2025_26,7,23,1.064234547417245,1.3488748271011075,1.1867315536163976,1.130319004347826,1.19394,-0.056412549268571574
porpag,with_minutes,random_forest,season_holdout_2025_26,8,22,1.3594695887401607,1.7452845192194624,1.5536806131608811,1.6204868090909093,1.64881,0.06680619593002794
porpag,with_minutes,random_forest,season_holdout_2025_26,9,23,1.745916153167223,2.063830317280539,1.8918075815174467,1.5325130260869562,1.85691,-0.35929455543049
porpag,with_minutes,random_forest,season_holdout_2025_26,10,23,2.077387661796269,3.03989431811847,2.5379103656148616,2.2571095695652175,2.3958,-0.2808007960496447
porpag,with_minutes,extra_trees,season_holdout_2025_26,1,23,-0.3118231808837143,0.05081625747617852,-0.04840580341077589,-0.1534266517391304,-0.205128,-0.10502084832835452
porpag,with_minutes,extra_trees,season_holdout_2025_26,2,23,0.0855853430368929,0.27446950921713115,0.17482606536946485,0.006637199999999998,-0.0951073,-0.16818886536946487
porpag,with_minutes,extra_trees,season_holdout_2025_26,3,22,0.28306357244097624,0.4336125667018459,0.35859313692376854,0.07342623181818181,0.0862762,-0.28516690510558673
porpag,with_minutes,extra_trees,season_holdout_2025_26,4,23,0.4449254637267264,0.6316376790649402,0.5319822738470046,0.22656952956521734,0.240444,-0.3054127442817873
porpag,with_minutes,extra_trees,season_holdout_2025_26,5,23,0.6386474313185709,0.8674825847482146,0.7561187294363009,0.5300189608695652,0.539972,-0.2260997685667356
porpag,with_minutes,extra_trees,season_holdout_2025_26,6,22,0.8912959717771426,1.0760863101470244,0.9843998220395723,1.1332579545454549,1.1491500000000001,0.1488581325058823
porpag,with_minutes,extra_trees,season_holdout_2025_26,7,23,1.0989645380609527,1.356788297562619,1.22525289909415,1.5692374826086952,1.87876,0.3439845835145455
porpag,with_minutes,extra_trees,season_holdout_2025_26,8,22,1.3714279331238086,1.7732156327592858,1.576408393387038,1.2812254,1.021619,-0.29518299338703785
porpag,with_minutes,extra_trees,season_holdout_2025_26,9,23,1.773440598289287,2.135723411241666,1.9592655929799156,1.6986397652173912,1.62666,-0.26062582776252485
porpag,with_minutes,extra_trees,season_holdout_2025_26,10,23,2.18338615895238,2.9712826898922624,2.409404057048363,2.2529317434782605,2.39672,-0.15647231357010188
porpag,with_minutes,gradient_boosting,season_holdout_2025_26,1,23,-0.6006567351511489,-0.024125681191254397,-0.20457902915044132,-0.013206391304347816,0.109275,0.19137263784609357
porpag,with_minutes,gradient_boosting,season_holdout_2025_26,2,23,-0.019769788235285704,0.15675168388400051,0.07264899690644905,-0.16610397782608693,-0.194476,-0.238752974732536
porpag,with_minutes,gradient_boosting,season_holdout_2025_26,3,22,0.1755368034288996,0.3621120763540457,0.2647841202185747,0.18123218181818182,0.20434200000000002,-0.08355193840039293
porpag,with_minutes,gradient_boosting,season_holdout_2025_26,4,23,0.3705658951299722,0.6214864914013186,0.4937242820226118,0.33890679478260866,0.268102,-0.1548174872400031
porpag,with_minutes,gradient_boosting,season_holdout_2025_26,5,23,0.6229000821575215,0.8242779821830911,0.7286590993975359,0.8368631913043478,0.708306,0.10820409190681188
porpag,with_minutes,gradient_boosting,season_holdout_2025_26,6,22,0.8285899214895276,1.0912292243993078,0.9462653263639073,0.6883139954545454,0.637742,-0.2579513309093619
porpag,with_minutes,gradient_boosting,season_holdout_2025_26,7,23,1.0991255822631465,1.3940670362005836,1.257782860936868,1.350757,1.29975,0.09297413906313191
porpag,with_minutes,gradient_boosting,season_holdout_2025_26,8,22,1.413178620367063,1.6801960017941233,1.5452032156548,1.5262949999999997,1.497955,-0.018908215654800012
porpag,with_minutes,gradient_boosting,season_holdout_2025_26,9,23,1.688088539472392,2.046848139925795,1.8313252109074338,1.5988290173913042,1.85691,-0.23249619351612968
porpag,with_minutes,gradient_boosting,season_holdout_2025_26,10,23,2.1136130752966533,3.429113711822563,2.5641618101648445,2.2726278304347827,2.3958,-0.29153397973006195
porpag,with_minutes,hist_gradient_boosting,season_holdout_2025_26,1,23,-0.757489718944493,-0.015461392537453853,-0.19595030422907092,-0.19116152565217395,-0.205128,0.004788778576897
porpag,with_minutes,hist_gradient_boosting,season_holdout_2025_26,2,23,-0.012700832065207614,0.18335432840418026,0.0873897924885836,-0.09049546521739134,0.0819813,-0.1778852577059749
porpag,with_minutes,hist_gradient_boosting,season_holdout_2025_26,3,22,0.18456928663656072,0.38021011014131667,0.286598880804735,0.2841126581818182,0.27287,-0.002486222622916862
porpag,with_minutes,hist_gradient_boosting,season_holdout_2025_26,4,23,0.3826061699769989,0.679175176571848,0.529369198592672,0.41755950000000003,0.475843,-0.11180969859267202
porpag,with_minutes,hist_gradient_boosting,season_holdout_2025_26,5,23,0.6851147005833881,0.8897339778602086,0.7717748980848506,0.5765888826086957,0.405208,-0.19518601547615483
porpag,with_minutes,hist_gradient_boosting,season_holdout_2025_26,6,22,0.8903061374187844,1.1783296620203834,1.0307631573779146,1.1741255363636363,1.216355,0.1433623789857217
porpag,with_minutes,hist_gradient_boosting,season_holdout_2025_26,7,23,1.1894841342089133,1.3970173101085597,1.2836847721549913,1.0694329826086955,1.11418,-0.21425178954629556
porpag,with_minutes,hist_gradient_boosting,season_holdout_2025_26,8,22,1.4082199059985152,1.7393482905183564,1.5655084759061495,1.6341454545454546,1.82049,0.06863697863930505
porpag,with_minutes,hist_gradient_boosting,season_holdout_2025_26,9,23,1.75463397523592,2.125824248739572,1.9200993510284927,1.5472224173913043,1.49765,-0.3728769336371887
porpag,with_minutes,hist_gradient_boosting,season_holdout_2025_26,10,23,2.1309047804337573,3.207417898549713,2.656034071254556,2.223268656521739,2.19602,-0.43276541473281677
porpag,with_minutes,knn,season_holdout_2025_26,1,23,0.031219300235619894,0.5566065105749274,0.4282941714574903,0.0884664352173913,0.041649,-0.33982773624009893
porpag,with_minutes,knn,season_holdout_2025_26,2,23,0.5662229869544771,0.7745793248397298,0.6527953618567176,0.3734531434782608,0.321188,-0.27934221837845674
porpag,with_minutes,knn,season_holdout_2025_26,3,22,0.7798224315730862,0.9599746890005911,0.8782555264437497,0.5562507454545454,0.637907,-0.32200478098920404
porpag,with_minutes,knn,season_holdout_2025_26,4,23,0.9745599246763116,1.1238918942254903,1.051065750122934,0.618748043478261,0.325167,-0.43231770664467317
porpag,with_minutes,knn,season_holdout_2025_26,5,23,1.1355147173523183,1.2322914791359374,1.1862834895132297,0.39019610869565213,0.172286,-0.7960873808175777
porpag,with_minutes,knn,season_holdout_2025_26,6,22,1.2327975726177989,1.361143396743708,1.304144518596489,1.011963609090909,1.110815,-0.2921809095055802
porpag,with_minutes,knn,season_holdout_2025_26,7,23,1.3619537876086596,1.4715113900614576,1.421011662956403,0.7144754426086957,0.786965,-0.7065362203477072
porpag,with_minutes,knn,season_holdout_2025_26,8,22,1.4756690028471702,1.5993298300920442,1.5348163876017695,1.2610736272727274,1.2472349999999999,-0.2737427603290424
porpag,with_minutes,knn,season_holdout_2025_26,9,23,1.6059423644213648,1.8068494210920398,1.705757242337883,1.7247214347826085,1.87876,0.018964192444725643
porpag,with_minutes,knn,season_holdout_2025_26,10,23,1.8069849350383076,2.4111813677054466,2.036831369379576,1.8940115652173908,1.78407,-0.1428198041621844
porpag,with_minutes,svr_rbf,season_holdout_2025_26,1,23,-0.5208342195127915,0.19840895501775502,-0.03102808036006711,-0.25307411695652177,-0.372433,-0.2220460365964546
porpag,with_minutes,svr_rbf,season_holdout_2025_26,2,23,0.2066586403663503,0.512228768333098,0.3905446667992152,0.07672160434782607,0.0989096,-0.3138230624513892
porpag,with_minutes,svr_rbf,season_holdout_2025_26,3,22,0.5243030072633776,0.6836188698685202,0.5949284193061941,0.2881443181818181,0.2804185,-0.306784101124376
porpag,with_minutes,svr_rbf,season_holdout_2025_26,4,23,0.6915594800361297,0.8412469625136317,0.7770185240016602,0.6439402469565217,0.240444,-0.13307827704513836
porpag,with_minutes,svr_rbf,season_holdout_2025_26,5,23,0.8449654370163855,0.9841777508158417,0.9248355465687681,0.6359483086956521,0.39011,-0.2888872378731158
porpag,with_minutes,svr_rbf,season_holdout_2025_26,6,22,0.9860468507471726,1.2205414394207774,1.1023153885180956,0.7755169590909091,0.7506035,-0.32679842942718645
porpag,with_minutes,svr_rbf,season_holdout_2025_26,7,23,1.2398765092932214,1.4328035022906012,1.3339611030156016,1.0735451739130435,1.08577,-0.2604159291025582
porpag,with_minutes,svr_rbf,season_holdout_2025_26,8,22,1.4383682317788018,1.584867667814673,1.5079541217325618,1.470615409090909,1.339575,-0.03733871264165261
porpag,with_minutes,svr_rbf,season_holdout_2025_26,9,23,1.5898198450703238,1.8963586929626417,1.718658590144466,1.7951011478260868,2.03419,0.07644255768162111
porpag,with_minutes,svr_rbf,season_holdout_2025_26,10,23,1.8979091891188373,2.5621324511240107,2.0946399653335614,2.1140745260869567,2.04245,0.019434560753395523
bpm,no_minutes,mean,season_holdout_2025_26,1,25,-2.63475530809628,-2.63475530809628,-2.63475530809628,-4.098754976,-3.12295,-1.4639996679037202
bpm,no_minutes,mean,season_holdout_2025_26,2,25,-2.63475530809628,-2.63475530809628,-2.63475530809628,-4.241910359999999,-3.07338,-1.6071550519037203
bpm,no_minutes,mean,season_holdout_2025_26,3,24,-2.63475530809628,-2.63475530809628,-2.63475530809628,-2.628972125,-2.6353099999999996,0.005783183096279713
bpm,no_minutes,mean,season_holdout_2025_26,4,25,-2.63475530809628,-2.63475530809628,-2.63475530809628,-3.6387495847999998,-2.23411,-1.00399427670372
bpm,no_minutes,mean,season_holdout_2025_26,5,24,-2.63475530809628,-2.63475530809628,-2.63475530809628,-0.805064125,-1.379375,1.8296911830962799
bpm,no_minutes,mean,season_holdout_2025_26,6,25,-2.63475530809628,-2.63475530809628,-2.63475530809628,-1.9070828,-2.30097,0.7276725080962798
bpm,no_minutes,mean,season_holdout_2025_26,7,24,-2.63475530809628,-2.63475530809628,-2.63475530809628,-3.6496943749999997,-3.5755850000000002,-1.0149390669037202
bpm,no_minutes,mean,season_holdout_2025_26,8,25,-2.63475530809628,-2.63475530809628,-2.63475530809628,-1.9746547199999998,-1.86566,0.6601005880962798
bpm,no_minutes,mean,season_holdout_2025_26,9,24,-2.63475530809628,-2.63475530809628,-2.63475530809628,-4.309960875000001,-4.0774,-1.6752055669037205
bpm,no_minutes,mean,season_holdout_2025_26,10,25,-2.63475530809628,-2.63475530809628,-2.63475530809628,-1.2671644480000004,-3.02482,1.3675908600962796
bpm,no_minutes,ridge,season_holdout_2025_26,1,25,-8.58200917588697,-5.072764010095748,-6.228869708249432,-5.799747119999999,-5.07427,0.4291225882494325
bpm,no_minutes,ridge,season_holdout_2025_26,2,25,-5.047764264073667,-4.208221618351018,-4.536715990833777,-3.1145655600000004,-3.37505,1.4221504308337771
bpm,no_minutes,ridge,season_holdout_2025_26,3,24,-4.104429274758686,-3.4756227901320664,-3.7993198534836683,-1.6100283541666667,-1.668555,2.1892914993170014
bpm,no_minutes,ridge,season_holdout_2025_26,4,25,-3.461932649229001,-2.980373831108882,-3.1738353504864083,-4.324778608,-3.34439,-1.1509432575135912
bpm,no_minutes,ridge,season_holdout_2025_26,5,24,-2.9538393335378865,-2.3763229476789904,-2.69130707131065,-0.6359986458333334,-1.05626,2.055308425477317
bpm,no_minutes,ridge,season_holdout_2025_26,6,25,-2.3332858026560412,-1.8632914450398368,-2.1420040315440247,-3.4135655839999997,-2.55107,-1.271561552455975
bpm,no_minutes,ridge,season_holdout_2025_26,7,24,-1.7831963514000744,-1.42764313587332,-1.6091594811090701,-3.4591125333333337,-3.4593949999999998,-1.849953052224263
bpm,no_minutes,ridge,season_holdout_2025_26,8,25,-1.4183678568044835,-0.7621394528729528,-1.1360316273619118,-2.64896964,-1.50402,-1.5129380126380887
bpm,no_minutes,ridge,season_holdout_2025_26,9,24,-0.6976172434231773,0.048560308278704944,-0.3224089429716896,-2.200637625,-2.841755,-1.8782286820283105
bpm,no_minutes,ridge,season_holdout_2025_26,10,25,0.1072244872580379,3.2728685920841922,1.2064784762789225,-1.1750881448000001,-0.00417102,-2.381566621078923
bpm,no_minutes,elasticnet,season_holdout_2025_26,1,25,-8.135142492645041,-4.893708812357118,-5.896745728289253,-5.8899884,-5.07427,0.006757328289253266
bpm,no_minutes,elasticnet,season_holdout_2025_26,2,25,-4.888713852850729,-3.974000794779041,-4.360944859467813,-2.8151314800000007,-3.12295,1.545813379467813
bpm,no_minutes,elasticnet,season_holdout_2025_26,3,24,-3.897109699694333,-3.2857500613269277,-3.5657054343311105,-1.8450396041666668,-2.0188,1.7206658301644435
bpm,no_minutes,elasticnet,season_holdout_2025_26,4,25,-3.246202052235146,-2.8063068297631384,-2.9930216881188887,-4.038965407999999,-3.00459,-1.0459437198811112
bpm,no_minutes,elasticnet,season_holdout_2025_26,5,24,-2.7987572972280508,-2.320367575424202,-2.517838387251897,-1.1680780458333333,-1.546105,1.3497603414185637
bpm,no_minutes,elasticnet,season_holdout_2025_26,6,25,-2.279531637774464,-1.7431528538842902,-2.0215617694179344,-3.35277652,-3.02482,-1.3312147505820653
bpm,no_minutes,elasticnet,season_holdout_2025_26,7,24,-1.7263314167735846,-1.3577308246996944,-1.5258423377486456,-3.7640949166666666,-3.80023,-2.238252578918021
bpm,no_minutes,elasticnet,season_holdout_2025_26,8,25,-1.344066047718824,-0.7453582980815685,-1.0796452919005324,-2.536883832,-2.11466,-1.4572385400994676
bpm,no_minutes,elasticnet,season_holdout_2025_26,9,24,-0.7021215178953151,0.010227542841389603,-0.34406236711755517,-1.845103,-2.0778499999999998,-1.5010406328824448
bpm,no_minutes,elasticnet,season_holdout_2025_26,10,25,0.12099293221297769,3.1041478615633733,1.1627548938165149,-1.1550921448,-0.00417102,-2.317847038616515
bpm,no_minutes,random_forest,season_holdout_2025_26,1,25,-8.2839717215733,-4.379239134728476,-5.576140269727985,-4.84905998,-3.70607,0.7270802897279849
bpm,no_minutes,random_forest,season_holdout_2025_26,2,25,-4.333740291859741,-3.615781398959905,-3.9793225651419823,-3.84209604,-3.62629,0.13722652514198244
bpm,no_minutes,random_forest,season_holdout_2025_26,3,24,-3.6029987562971866,-3.000082762755946,-3.2503890425409394,-2.000339125,-2.139045,1.2500499175409392
bpm,no_minutes,random_forest,season_holdout_2025_26,4,25,-2.9870430894550135,-2.5313940528393566,-2.736607511301821,-4.404809320000001,-4.42556,-1.6682018086981791
bpm,no_minutes,random_forest,season_holdout_2025_26,5,24,-2.481789543007346,-2.1086907335328995,-2.296386115371471,-3.045760133333333,-2.7830500000000002,-0.7493740179618623
bpm,no_minutes,random_forest,season_holdout_2025_26,6,25,-2.0986335876746014,-1.7684009983240472,-1.9458241867922133,-2.7068590200000004,-2.68576,-0.7610348332077865
bpm,no_minutes,random_forest,season_holdout_2025_26,7,24,-1.768384559662805,-1.409582998350945,-1.5662956194773712,-2.5256975833333333,-2.9308699999999996,-0.9594019638559622
bpm,no_minutes,random_forest,season_holdout_2025_26,8,25,-1.367534857785128,-0.815964812946629,-1.1140147580183346,-2.5673080159999997,-3.07338,-1.453293257981665
bpm,no_minutes,random_forest,season_holdout_2025_26,9,24,-0.7742882446045087,-0.13428589425274484,-0.4359107196179832,-0.5624929583333333,0.5840075,-0.12658223871535015
bpm,no_minutes,random_forest,season_holdout_2025_26,10,25,-0.13354789549994386,2.2402077578851887,0.46487781309362974,-1.8872101448,-1.14827,-2.35208795789363
bpm,no_minutes,extra_trees,season_holdout_2025_26,1,25,-10.195235136392855,-4.514354510351788,-6.232092110925213,-4.7174631,-4.68373,1.5146290109252132
bpm,no_minutes,extra_trees,season_holdout_2025_26,2,25,-4.510309079089288,-3.850363111907742,-4.175946128275548,-2.1213743519999997,-1.78969,2.0545717762755475
bpm,no_minutes,extra_trees,season_holdout_2025_26,3,24,-3.837604269167855,-2.9851631198910717,-3.320979857237996,-3.890452083333333,-3.9969900000000003,-0.5694722260953368
bpm,no_minutes,extra_trees,season_holdout_2025_26,4,25,-2.9624532606095255,-2.496486291470835,-2.6895211631063565,-4.21799476,-3.34439,-1.5284735968936436
bpm,no_minutes,extra_trees,season_holdout_2025_26,5,24,-2.4795094120869057,-2.1377200704086317,-2.319445460832156,-4.143516375,-4.275265,-1.8240709141678444
bpm,no_minutes,extra_trees,season_holdout_2025_26,6,25,-2.1363062858517883,-1.7193437117488093,-1.9095383572435594,-3.0843896400000004,-2.79604,-1.1748512827564406
bpm,no_minutes,extra_trees,season_holdout_2025_26,7,24,-1.6964214060297618,-1.31727288106488,-1.4777330354931422,-2.5252902374999997,-1.894545,-1.0475572020068578
bpm,no_minutes,extra_trees,season_holdout_2025_26,8,25,-1.3076700227541664,-0.7202318276517863,-1.0059559198150236,-2.0905657200000003,-3.05411,-1.0846098001849764
bpm,no_minutes,extra_trees,season_holdout_2025_26,9,24,-0.6885576521476193,-0.14894283631220243,-0.4397471032041789,-1.3588089416666664,-0.921813,-0.9190618384624877
bpm,no_minutes,extra_trees,season_holdout_2025_26,10,25,-0.14373457269821435,3.290087658517856,0.6721170788007857,-0.39312822480000037,0.0735654,-1.0652453036007858
bpm,no_minutes,gradient_boosting,season_holdout_2025_26,1,25,-11.32171266583151,-5.894810343994767,-7.865604791824825,-4.0827744,-3.12295,3.7828303918248234
bpm,no_minutes,gradient_boosting,season_holdout_2025_26,2,25,-5.624046285051046,-4.048022675684741,-4.534383770728358,-3.0006876599999996,-2.43177,1.5336961107283578
bpm,no_minutes,gradient_boosting,season_holdout_2025_26,3,24,-4.028487212840408,-3.3904670045291754,-3.728457703675529,-3.012993958333334,-3.703185,0.7154637453421957
bpm,no_minutes,gradient_boosting,season_holdout_2025_26,4,25,-3.3061759961792876,-2.508792939242703,-2.8803681805302705,-2.9821249200000004,-2.49018,-0.1017567394697291
bpm,no_minutes,gradient_boosting,season_holdout_2025_26,5,24,-2.4780859715039747,-2.09571309162732,-2.2707790541490502,-4.981287208333334,-4.329605,-2.7105081541842835
bpm,no_minutes,gradient_boosting,season_holdout_2025_26,6,25,-2.085135880919958,-1.68144573926651,-1.854197995897855,-1.9650734999999997,-1.54742,-0.11087550410214504
bpm,no_minutes,gradient_boosting,season_holdout_2025_26,7,24,-1.6811155454402236,-1.2429303509253116,-1.4797278191968994,-3.3013309166666667,-3.83289,-1.821603097469767
bpm,no_minutes,gradient_boosting,season_holdout_2025_26,8,25,-1.2228531471116817,-0.6222075175641306,-0.9788306940327076,-2.673060632,-3.05411,-1.694229937967293
bpm,no_minutes,gradient_boosting,season_holdout_2025_26,9,24,-0.5876173188486074,0.21320023590845455,-0.28394290058023314,-2.5612810333333336,-2.55818,-2.2773381327531
bpm,no_minutes,gradient_boosting,season_holdout_2025_26,10,25,0.3396517888075665,3.118703593038068,1.1610674012370756,-0.05992222480000006,-0.00417102,-1.2209896260370756
bpm,no_minutes,hist_gradient_boosting,season_holdout_2025_26,1,25,-9.773391416229877,-5.355579529913856,-7.108259504008431,-3.15898862,-2.45926,3.9492708840084303
bpm,no_minutes,hist_gradient_boosting,season_holdout_2025_26,2,25,-5.0794207740390895,-4.119782385598404,-4.592833046995635,-4.4018956000000005,-4.41017,0.19093744699563495
bpm,no_minutes,hist_gradient_boosting,season_holdout_2025_26,3,24,-4.052383892832887,-3.3030012510661564,-3.680972856833266,-4.370437833333333,-4.158675000000001,-0.6894649765000674
bpm,no_minutes,hist_gradient_boosting,season_holdout_2025_26,4,25,-3.298039774110529,-2.5759569754637024,-2.981550385880726,-1.8188739200000001,-2.68934,1.1626764658807256
bpm,no_minutes,hist_gradient_boosting,season_holdout_2025_26,5,24,-2.5414359197979777,-1.907632363626196,-2.2284734776179245,-3.3260387916666665,-3.88219,-1.097565314048742
bpm,no_minutes,hist_gradient_boosting,season_holdout_2025_26,6,25,-1.8828875174683941,-1.1583779758658252,-1.4834841143539987,-2.593258124,-1.54742,-1.1097740096460014
bpm,no_minutes,hist_gradient_boosting,season_holdout_2025_26,7,24,-1.093114935826055,-0.6805784840099652,-0.8730528303123948,-2.0999431333333334,-3.136485,-1.2268903030209388
bpm,no_minutes,hist_gradient_boosting,season_holdout_2025_26,8,25,-0.6776461218147904,-0.1924579195879787,-0.44633940595069016,-2.59062852,-1.92159,-2.1442891140493097
bpm,no_minutes,hist_gradient_boosting,season_holdout_2025_26,9,24,-0.17952635024475067,0.6354798057038699,0.27857130372953925,-2.232207159166667,-2.551115,-2.5107784628962064
bpm,no_minutes,hist_gradient_boosting,season_holdout_2025_26,10,25,0.7525366759466088,3.497458425096435,1.6873632453356706,-1.9551341040000003,-1.88684,-3.6424973493356707
bpm,no_minutes,knn,season_holdout_2025_26,1,25,-7.346346252654211,-4.39523142487168,-5.8080941668343735,-3.5968152399999997,-3.34439,2.2112789268343747
bpm,no_minutes,knn,season_holdout_2025_26,2,25,-4.372608136906621,-3.4590929359437745,-3.875724314957046,-4.10812924,-3.83588,-0.23240492504295418
bpm,no_minutes,knn,season_holdout_2025_26,3,24,-3.4281416751458065,-2.9731205560265694,-3.138297812786444,-3.9181785000000002,-3.83289,-0.7798806872135557
bpm,no_minutes,knn,season_holdout_2025_26,4,25,-2.9727237023433655,-2.6828388999854336,-2.8243292049942337,-3.701654968,-1.83551,-0.8773257630057661
bpm,no_minutes,knn,season_holdout_2025_26,5,24,-2.676359474520375,-2.3516591681167522,-2.483798398079309,-2.3116059166666667,-2.4455150000000003,0.17219248141264235
bpm,no_minutes,knn,season_holdout_2025_26,6,25,-2.3325347811013404,-1.9896946158744364,-2.130168892243581,-1.7613340600000003,-2.72785,0.3688348322435808
bpm,no_minutes,knn,season_holdout_2025_26,7,24,-1.9673431567905235,-1.5625372954454124,-1.7763390841002356,-3.7225713999999996,-3.136485,-1.9462323158997643
bpm,no_minutes,knn,season_holdout_2025_26,8,25,-1.5409627753245785,-0.9162665944822622,-1.2733064967910908,-2.9429356799999997,-3.12295,-1.669629183208909
bpm,no_minutes,knn,season_holdout_2025_26,9,24,-0.8919262782901604,-0.013919873672854287,-0.4224996913321533,-2.1015967000000004,-1.228895,-1.6790970086678467
bpm,no_minutes,knn,season_holdout_2025_26,10,25,0.008448469266298726,2.2116023353807766,0.8993084185106437,-0.38359712479999997,0.0735654,-1.2829055433106442
bpm,no_minutes,svr_rbf,season_holdout_2025_26,1,25,-4.941329188007023,-3.2734939932831164,-3.761398432648272,-4.85598952,-4.75019,-1.094591087351728
bpm,no_minutes,svr_rbf,season_holdout_2025_26,2,25,-3.1731026349865323,-2.611410605761078,-2.832323811673699,-4.24028804,-4.14722,-1.4079642283263007
bpm,no_minutes,svr_rbf,season_holdout_2025_26,3,24,-2.608661192621453,-2.3101049719831885,-2.4828619325753514,-4.295085125,-3.4127099999999997,-1.8122231924246488
bpm,no_minutes,svr_rbf,season_holdout_2025_26,4,25,-2.307251094675204,-2.0268528743615772,-2.160888521199557,-3.794896208,-3.62629,-1.6340076868004432
bpm,no_minutes,svr_rbf,season_holdout_2025_26,5,24,-2.019112687744723,-1.683153906030161,-1.8867090372891413,-2.689637145833333,-2.486065,-0.802928108544192
bpm,no_minutes,svr_rbf,season_holdout_2025_26,6,25,-1.6809436113570502,-1.3625898466208155,-1.4885008023915538,-1.38910666,-2.45926,0.09939414239155431
bpm,no_minutes,svr_rbf,season_holdout_2025_26,7,24,-1.3372324276803988,-0.9057582333918013,-1.110762494717996,-1.77286375,-1.358406,-0.6621012552820043
bpm,no_minutes,svr_rbf,season_holdout_2025_26,8,25,-0.8836687032010899,-0.5167599883987213,-0.7021755222682987,-2.105393624,-2.23411,-1.4032181017317011
bpm,no_minutes,svr_rbf,season_holdout_2025_26,9,24,-0.5072660908493298,0.08450205196379623,-0.2395816504536822,-2.128730075,-2.6938,-1.8891484245463177
bpm,no_minutes,svr_rbf,season_holdout_2025_26,10,25,0.19570433178715985,2.632949352612795,1.0314898797725025,-1.2297232248,0.0735654,-2.261213104572503
bpm,with_minutes,mean,season_holdout_2025_26,1,25,-2.63475530809628,-2.63475530809628,-2.63475530809628,-4.098754976,-3.12295,-1.4639996679037202
bpm,with_minutes,mean,season_holdout_2025_26,2,25,-2.63475530809628,-2.63475530809628,-2.63475530809628,-4.241910359999999,-3.07338,-1.6071550519037203
bpm,with_minutes,mean,season_holdout_2025_26,3,24,-2.63475530809628,-2.63475530809628,-2.63475530809628,-2.628972125,-2.6353099999999996,0.005783183096279713
bpm,with_minutes,mean,season_holdout_2025_26,4,25,-2.63475530809628,-2.63475530809628,-2.63475530809628,-3.6387495847999998,-2.23411,-1.00399427670372
bpm,with_minutes,mean,season_holdout_2025_26,5,24,-2.63475530809628,-2.63475530809628,-2.63475530809628,-0.805064125,-1.379375,1.8296911830962799
bpm,with_minutes,mean,season_holdout_2025_26,6,25,-2.63475530809628,-2.63475530809628,-2.63475530809628,-1.9070828,-2.30097,0.7276725080962798
bpm,with_minutes,mean,season_holdout_2025_26,7,24,-2.63475530809628,-2.63475530809628,-2.63475530809628,-3.6496943749999997,-3.5755850000000002,-1.0149390669037202
bpm,with_minutes,mean,season_holdout_2025_26,8,25,-2.63475530809628,-2.63475530809628,-2.63475530809628,-1.9746547199999998,-1.86566,0.6601005880962798
bpm,with_minutes,mean,season_holdout_2025_26,9,24,-2.63475530809628,-2.63475530809628,-2.63475530809628,-4.309960875000001,-4.0774,-1.6752055669037205
bpm,with_minutes,mean,season_holdout_2025_26,10,25,-2.63475530809628,-2.63475530809628,-2.63475530809628,-1.2671644480000004,-3.02482,1.3675908600962796
bpm,with_minutes,ridge,season_holdout_2025_26,1,25,-12.547072031362019,-7.320123377617463,-8.988054456821018,-9.195534,-8.93272,-0.20747954317898185
bpm,with_minutes,ridge,season_holdout_2025_26,2,25,-7.20876866696687,-5.042157838436937,-5.943909011447548,-4.15012808,-4.59608,1.7937809314475475
bpm,with_minutes,ridge,season_holdout_2025_26,3,24,-4.990301149160716,-3.517794401470388,-4.196527924380916,-4.0704370416666675,-3.84842,0.12609088271425006
bpm,with_minutes,ridge,season_holdout_2025_26,4,25,-3.4877988041934618,-2.557187836939664,-2.968509329036841,-3.3679270079999997,-4.2475,-0.39941767896315916
bpm,with_minutes,ridge,season_holdout_2025_26,5,24,-2.530035917299647,-1.9787724315581734,-2.273346362248151,-3.435119208333333,-4.136095,-1.161772846085182
bpm,with_minutes,ridge,season_holdout_2025_26,6,25,-1.9661634335801592,-1.3141821594883276,-1.5945896466124705,-2.4686340799999997,-2.35576,-0.8740444333875295
bpm,with_minutes,ridge,season_holdout_2025_26,7,24,-1.2959590423661271,-0.5671881628252333,-0.8952712104144301,-2.3781024583333337,-1.7279200000000001,-1.4828312479189032
bpm,with_minutes,ridge,season_holdout_2025_26,8,25,-0.5343108812272295,0.32045836815972484,-0.12135911169820579,-0.35845392000000004,0.146804,-0.23709480830179422
bpm,with_minutes,ridge,season_holdout_2025_26,9,24,0.3224349066969383,1.661467612561181,0.9352115358765897,-0.2758319166666667,-0.667554,-1.2110434525432565
bpm,with_minutes,ridge,season_holdout_2025_26,10,25,1.679528542976894,7.209546120272476,2.85953672736399,1.2275273591999998,1.12094,-1.6320093681639891
bpm,with_minutes,elasticnet,season_holdout_2025_26,1,25,-12.31172782687142,-7.2928053969498645,-8.946079914261725,-9.195534,-8.93272,-0.24945408573827593
bpm,with_minutes,elasticnet,season_holdout_2025_26,2,25,-7.1978438769020325,-5.088045335463137,-5.907300024482485,-4.06247568,-4.59608,1.8448243444824854
bpm,with_minutes,elasticnet,season_holdout_2025_26,3,24,-4.895121932118396,-3.44926804270382,-4.11406165248999,-3.947200791666667,-3.84842,0.1668608608233231
bpm,with_minutes,elasticnet,season_holdout_2025_26,4,25,-3.417038211595149,-2.5210029834528975,-2.88777941480975,-3.4466978079999997,-4.2475,-0.5589183931902507
bpm,with_minutes,elasticnet,season_holdout_2025_26,5,24,-2.499639292246253,-1.9153745978568342,-2.2228483192925617,-2.9901188750000003,-3.189795,-0.7672705557074385
bpm,with_minutes,elasticnet,season_holdout_2025_26,6,25,-1.9027550564864695,-1.220958133232668,-1.5825208713152503,-3.3494736000000005,-2.95049,-1.7669527286847495
bpm,with_minutes,elasticnet,season_holdout_2025_26,7,24,-1.1908223767436956,-0.5306814831346451,-0.8327503555329222,-2.034194916666667,-1.546105,-1.2014445611337443
bpm,with_minutes,elasticnet,season_holdout_2025_26,8,25,-0.5116392057360819,0.25893795537010034,-0.15284579969836995,-0.60357716,0.0663625,-0.4507313603016301
bpm,with_minutes,elasticnet,season_holdout_2025_26,9,24,0.29702916032519777,1.7002357109661332,0.8880149277805082,-0.45700900000000005,-0.667554,-1.3450239277805085
bpm,with_minutes,elasticnet,season_holdout_2025_26,10,25,1.7191176783148214,7.04764285750038,2.7825608749999526,1.6428801592,1.36303,-1.139680715799953
bpm,with_minutes,random_forest,season_holdout_2025_26,1,25,-14.587413102051453,-4.437324409878367,-9.02091167526917,-6.288724000000001,-5.9927,2.7321876752691714
bpm,with_minutes,random_forest,season_holdout_2025_26,2,25,-4.4072327243229905,-3.1297881656595172,-3.7137632967596876,-5.08246588,-4.59608,-1.3687025832403126
bpm,with_minutes,random_forest,season_holdout_2025_26,3,24,-3.121255246732764,-2.7320759016015317,-2.8987379479176005,-4.295808,-3.973295,-1.3970700520824002
bpm,with_minutes,random_forest,season_holdout_2025_26,4,25,-2.7296274433651293,-2.3845583873738025,-2.576098795300611,-3.3136174879999998,-3.70607,-0.7375186926993891
bpm,with_minutes,random_forest,season_holdout_2025_26,5,24,-2.3696731597626393,-1.9451878013420267,-2.1192053231788406,-4.0432879999999995,-3.886695,-1.9240826768211592
bpm,with_minutes,random_forest,season_holdout_2025_26,6,25,-1.9420360976434734,-1.6153692991790172,-1.795904947620406,-3.14065592,-3.24334,-1.344750972379594
bpm,with_minutes,random_forest,season_holdout_2025_26,7,24,-1.5917832957587175,-1.1505936325899708,-1.3402647237733971,-2.6115093958333335,-2.9180349999999997,-1.2712446720599366
bpm,with_minutes,random_forest,season_holdout_2025_26,8,25,-1.1418832418309897,-0.359357207099735,-0.7463893423988437,-0.5549501200000001,-0.689262,0.19143922239884362
bpm,with_minutes,random_forest,season_holdout_2025_26,9,24,-0.29396361984318387,0.4743352264026322,0.03762845853864187,-1.2308873133333333,-0.6020369999999999,-1.2685157718719753
bpm,with_minutes,random_forest,season_holdout_2025_26,10,25,0.5240356562225137,2.5049464071364977,1.3300778246183638,2.00838568,2.24083,0.6783078553816361
bpm,with_minutes,extra_trees,season_holdout_2025_26,1,25,-14.888292359642847,-4.807540578065475,-8.426890155011046,-5.896426,-5.58257,2.5304641550110456
bpm,with_minutes,extra_trees,season_holdout_2025_26,2,25,-4.78446833160357,-3.300680773359523,-3.8536959802087605,-4.55385756,-4.58975,-0.7001615797912393
bpm,with_minutes,extra_trees,season_holdout_2025_26,3,24,-3.2925908850416654,-2.582664007752085,-2.9443338294401413,-5.46897,-5.00314,-2.524636170559859
bpm,with_minutes,extra_trees,season_holdout_2025_26,4,25,-2.5748800607202362,-2.265268509214284,-2.4170618053618567,-4.1893478,-3.92982,-1.772285994638143
bpm,with_minutes,extra_trees,season_holdout_2025_26,5,24,-2.1976663974815476,-1.8498880724345215,-2.053253324263368,-3.4243810000000003,-3.47079,-1.3711276757366322
bpm,with_minutes,extra_trees,season_holdout_2025_26,6,25,-1.8360346048380958,-1.6181981280726183,-1.7343383321050243,-2.45783164,-2.81539,-0.723493307894976
bpm,with_minutes,extra_trees,season_holdout_2025_26,7,24,-1.5939788202309515,-1.1046417715226189,-1.3418844469818083,-2.982090529166667,-2.9180349999999997,-1.6402060821848587
bpm,with_minutes,extra_trees,season_holdout_2025_26,8,25,-1.0873865587464286,-0.5180984140017858,-0.7993292594013571,-1.2077032800000003,-1.32424,-0.40837402059864303
bpm,with_minutes,extra_trees,season_holdout_2025_26,9,24,-0.5103686942267857,0.5167785177386904,-0.08915756484021582,-0.42953577166666673,-0.07868725,-0.34037820682645087
bpm,with_minutes,extra_trees,season_holdout_2025_26,10,25,0.524127570965476,4.377355271651784,1.9797629514723918,2.05168376,1.69414,0.07192080852760813
bpm,with_minutes,gradient_boosting,season_holdout_2025_26,1,25,-19.39525456823193,-4.79254020998597,-8.32913792890574,-6.102421919999999,-5.58257,2.2267160089057407
bpm,with_minutes,gradient_boosting,season_holdout_2025_26,2,25,-4.7921786754116305,-3.309821603519415,-3.9892872957508985,-5.544263599999999,-4.74225,-1.5549763042491014
bpm,with_minutes,gradient_boosting,season_holdout_2025_26,3,24,-3.2788670082440756,-2.821084804232883,-3.0766821272514506,-3.8778919166666665,-3.973295,-0.8012097894152158
bpm,with_minutes,gradient_boosting,season_holdout_2025_26,4,25,-2.8209953332007482,-2.3414314473296987,-2.5318968051699673,-4.0471398800000005,-4.12497,-1.5152430748300327
bpm,with_minutes,gradient_boosting,season_holdout_2025_26,5,24,-2.3388694929207903,-1.939090718996584,-2.1579764586778283,-2.2459989166666667,-2.49142,-0.08802245798883852
bpm,with_minutes,gradient_boosting,season_holdout_2025_26,6,25,-1.928757303248415,-1.5868477677433461,-1.767089591373015,-5.125871027999999,-5.07427,-3.3587814366269857
bpm,with_minutes,gradient_boosting,season_holdout_2025_26,7,24,-1.5777653229248538,-1.011658397759965,-1.2916360518745453,-2.2846759583333336,-2.71588,-0.9930399064587881
bpm,with_minutes,gradient_boosting,season_holdout_2025_26,8,25,-0.9960970791245282,-0.4071908061027522,-0.6939655869969229,-1.3293507599999999,-0.122741,-0.6353851730030768
bpm,with_minutes,gradient_boosting,season_holdout_2025_26,9,24,-0.39399568711424965,0.7166200111679243,0.14351188917964952,0.19078453749999993,0.3247172,0.04727264832035044
bpm,with_minutes,gradient_boosting,season_holdout_2025_26,10,25,0.7702012436238148,4.0031030508230305,2.0262214966228598,1.9718574232000001,2.0997,-0.05436407342285985
bpm,with_minutes,hist_gradient_boosting,season_holdout_2025_26,1,25,-19.43769855232806,-4.815491839820274,-8.312632995104602,-6.8283963199999995,-7.78753,1.4842366751046037
bpm,with_minutes,hist_gradient_boosting,season_holdout_2025_26,2,25,-4.783749790616716,-3.6694773024137,-4.195142046452861,-3.448387008,-3.11935,0.7467550384528604
bpm,with_minutes,hist_gradient_boosting,season_holdout_2025_26,3,24,-3.617166587751922,-2.9895782771898567,-3.207771641297333,-5.264691333333334,-5.01059,-2.0569196920360002
bpm,with_minutes,hist_gradient_boosting,season_holdout_2025_26,4,25,-2.9665192373386686,-2.2667344642911167,-2.599280882223366,-3.15641768,-3.12295,-0.557136797776634
bpm,with_minutes,hist_gradient_boosting,season_holdout_2025_26,5,24,-2.211122488692109,-1.834176259723658,-2.0451390896437776,-3.7205150833333334,-3.721435,-1.6753759936895556
bpm,with_minutes,hist_gradient_boosting,season_holdout_2025_26,6,25,-1.8168155524248755,-1.4022518105559352,-1.6274608366520817,-2.19313136,-2.50697,-0.5656705233479178
bpm,with_minutes,hist_gradient_boosting,season_holdout_2025_26,7,24,-1.3935574064026346,-0.6198581722181605,-1.035599991994947,-2.5545532708333334,-2.9281800000000002,-1.5189532788383862
bpm,with_minutes,hist_gradient_boosting,season_holdout_2025_26,8,25,-0.6159578648318172,0.19024728817882686,-0.18945440108309236,-0.9455374608000001,-0.645846,-0.7560830597169077
bpm,with_minutes,hist_gradient_boosting,season_holdout_2025_26,9,24,0.26689011872550994,1.5759822812482283,0.8366100706352043,-0.8446202916666667,-0.3259405,-1.6812303623018712
bpm,with_minutes,hist_gradient_boosting,season_holdout_2025_26,10,25,1.5935190961234398,3.839594706797303,2.334196239398868,0.39461387999999986,1.34596,-1.9395823593988681
bpm,with_minutes,knn,season_holdout_2025_26,1,25,-8.724201455632773,-4.333501949927164,-5.689793792094661,-5.1588159199999994,-4.10558,0.5309778720946605
bpm,with_minutes,knn,season_holdout_2025_26,2,25,-4.305484367812859,-3.227942389992209,-3.6982959125659653,-4.36643384,-4.59052,-0.6681379274340346
bpm,with_minutes,knn,season_holdout_2025_26,3,24,-3.2229174134683336,-2.7579071525248557,-2.975879091666324,-5.138604958333333,-4.278695,-2.162725866667009
bpm,with_minutes,knn,season_holdout_2025_26,4,25,-2.7552373846725446,-2.2992842535341955,-2.5041281049226276,-3.5203438400000007,-3.81127,-1.0162157350773722
bpm,with_minutes,knn,season_holdout_2025_26,5,24,-2.2989849230595616,-1.899060389605697,-2.1257021417070887,-2.8297055916666665,-2.67242,-0.7040034499595779
bpm,with_minutes,knn,season_holdout_2025_26,6,25,-1.8535449044031231,-1.5294367811245841,-1.6967562572622046,-1.6758342640000001,-1.54742,0.020921993262204532
bpm,with_minutes,knn,season_holdout_2025_26,7,24,-1.4895567867202384,-1.1941953689984186,-1.3375676158671006,-2.244379895833333,-3.36491,-0.9068122799662328
bpm,with_minutes,knn,season_holdout_2025_26,8,25,-1.176194556457925,-0.6504087417200626,-0.9056028292163425,-2.0944605999999997,-2.23411,-1.1888577707836574
bpm,with_minutes,knn,season_holdout_2025_26,9,24,-0.6362558012359988,0.20466910595168653,-0.17562562825162267,-1.1429085041666667,-1.563755,-0.9672828759150439
bpm,with_minutes,knn,season_holdout_2025_26,10,25,0.24110767144545658,2.8080975447795877,1.1664188838412124,-0.3489972728000001,0.0434542,-1.5154161566412123
bpm,with_minutes,svr_rbf,season_holdout_2025_26,1,25,-7.432105334171478,-4.391034970341865,-5.378727779984831,-7.03598312,-8.02209,-1.6572553400151697
bpm,with_minutes,svr_rbf,season_holdout_2025_26,2,25,-4.317451324273245,-3.219101087982331,-3.7029933119135965,-4.28373956,-4.59052,-0.5807462480864026
bpm,with_minutes,svr_rbf,season_holdout_2025_26,3,24,-3.1564353424615517,-2.741943232783093,-2.939282447109335,-5.877140083333333,-5.215339999999999,-2.937857636223999
bpm,with_minutes,svr_rbf,season_holdout_2025_26,4,25,-2.7358042141299133,-2.3296366147631176,-2.5076673898203525,-2.128837448,-1.9746,0.3788299418203521
bpm,with_minutes,svr_rbf,season_holdout_2025_26,5,24,-2.3258352118551144,-1.814637331739628,-2.0399372745341124,-3.290807875,-2.9960950000000004,-1.2508706004658878
bpm,with_minutes,svr_rbf,season_holdout_2025_26,6,25,-1.8137276953164,-1.340677417525605,-1.5436449650724031,-2.13665978,-2.88558,-0.5930148149275966
bpm,with_minutes,svr_rbf,season_holdout_2025_26,7,24,-1.337616985374052,-1.0150124810400505,-1.162936609918643,-1.4226044166666665,-2.03438,-0.25966780674802364
bpm,with_minutes,svr_rbf,season_holdout_2025_26,8,25,-0.9950310686511459,-0.41474549558841023,-0.7349232798992407,-2.0038588319999997,-1.3965,-1.2689355521007595
bpm,with_minutes,svr_rbf,season_holdout_2025_26,9,24,-0.4080046537219799,0.189961660774697,-0.09307467856559822,-0.4154657708333333,0.32111575,-0.3223910922677351
bpm,with_minutes,svr_rbf,season_holdout_2025_26,10,25,0.21535793843777418,3.0832945742506532,0.9941026698486286,0.08859543120000016,-0.00417102,-0.9055072386486285
