version,run_id,k,scaling_mode,feature_set,method,init,rss_per_row,rss_per_row_per_feature,feature_count,excluded_features,archetype_id,rows,share,d1_rows,d2_rows,mean_membership_weight,top_z_features,bottom_z_features,feature,archetype_z
quality_lite_residual_bucketed_height_025,k6__division_zscore__quality_lite_residual_bucketed_height_025__method-nnls__init-uniform__ninit-1,6,division_zscore,quality_lite_residual_bucketed_height_025,nnls,uniform,0.3952244837335131,0.020801288617553322,19,mins_per_game,1,399,0.133,211,188,0.4730662913059493,ast_tov=3.56; three_share=1.62; resid_three_share_height=1.51; three_pa_per_100_team_poss=1.03; stl_pct=0.47,tov_pct=-1.64; height_inches=-1.46; usg=-1.45; FTR=-1.36; drb_pct=-1.35,usg,-1.4485431873430257
quality_lite_residual_bucketed_height_025,k6__division_zscore__quality_lite_residual_bucketed_height_025__method-nnls__init-uniform__ninit-1,6,division_zscore,quality_lite_residual_bucketed_height_025,nnls,uniform,0.3952244837335131,0.020801288617553322,19,mins_per_game,2,349,0.1163333333333333,185,164,0.4915999885620037,FTR=3.52; height_inches=0.74; orb_pct=0.73; tov_pct=0.57; eFG=0.38,three_pct=-1.55; usg=-1.49; three_share=-1.42; three_pa_per_100_team_poss=-1.38; ast_pct=-1.15,usg,-1.486289979861847
quality_lite_residual_bucketed_height_025,k6__division_zscore__quality_lite_residual_bucketed_height_025__method-nnls__init-uniform__ninit-1,6,division_zscore,quality_lite_residual_bucketed_height_025,nnls,uniform,0.3952244837335131,0.020801288617553322,19,mins_per_game,3,824,0.2746666666666666,453,371,0.501900181028704,ast_pct=2.61; usg=2.14; stl_pct=1.65; resid_drb_pct_height=0.95; ft_pct=0.80,height_inches=-1.45; resid_three_share_height=-0.95; blk_pct=-0.66; orb_pct=-0.64; three_share=-0.46,usg,2.1437593464981006
quality_lite_residual_bucketed_height_025,k6__division_zscore__quality_lite_residual_bucketed_height_025__method-nnls__init-uniform__ninit-1,6,division_zscore,quality_lite_residual_bucketed_height_025,nnls,uniform,0.3952244837335131,0.020801288617553322,19,mins_per_game,4,214,0.0713333333333333,108,106,0.4403929689473806,tov_pct=3.78; stl_pct=-0.09; blk_pct=-0.10; resid_drb_pct_height=-0.31; height_inches=-0.51,ft_pct=-2.94; eFG=-2.22; usg=-2.02; three_pct=-1.59; FTR=-1.50,usg,-2.0154566048049283
quality_lite_residual_bucketed_height_025,k6__division_zscore__quality_lite_residual_bucketed_height_025__method-nnls__init-uniform__ninit-1,6,division_zscore,quality_lite_residual_bucketed_height_025,nnls,uniform,0.3952244837335131,0.020801288617553322,19,mins_per_game,5,771,0.257,420,351,0.4648561235650095,three_pa_per_100_team_poss=2.48; resid_three_share_height=2.41; three_share=1.94; height_inches=0.96; three_pct=0.80,resid_orb_pct_height=-1.61; tov_pct=-1.53; ast_tov=-1.44; ast_pct=-1.41; resid_drb_pct_height=-1.09,usg,0.5034913942591367
quality_lite_residual_bucketed_height_025,k6__division_zscore__quality_lite_residual_bucketed_height_025__method-nnls__init-uniform__ninit-1,6,division_zscore,quality_lite_residual_bucketed_height_025,nnls,uniform,0.3952244837335131,0.020801288617553322,19,mins_per_game,6,443,0.1476666666666666,251,192,0.4697382230780533,blk_pct=3.32; drb_pct=2.71; orb_pct=2.71; resid_orb_pct_height=2.61; resid_drb_pct_height=2.56,three_pct=-1.96; three_share=-1.56; three_pa_per_100_team_poss=-1.45; ast_tov=-1.06; resid_three_share_height=-1.05,usg,0.7804725150029966
quality_lite_residual_bucketed_height_025,k7__division_zscore__quality_lite_residual_bucketed_height_025__method-nnls__init-aa_plus_plus__ninit-1,7,division_zscore,quality_lite_residual_bucketed_height_025,nnls,aa_plus_plus,0.3669273483464054,0.01931196570244239,19,mins_per_game,1,536,0.1786666666666666,297,239,0.4669809303706854,ast_pct=3.00; usg=2.13; ast_tov=1.24; ft_pct=0.74; resid_drb_pct_height=0.70,height_inches=-1.26; resid_three_share_height=-1.01; orb_pct=-0.79; blk_pct=-0.61; three_share=-0.53,usg,2.1284991101115067
quality_lite_residual_bucketed_height_025,k7__division_zscore__quality_lite_residual_bucketed_height_025__method-nnls__init-aa_plus_plus__ninit-1,7,division_zscore,quality_lite_residual_bucketed_height_025,nnls,aa_plus_plus,0.3669273483464054,0.01931196570244239,19,mins_per_game,2,435,0.145,244,191,0.4642208016602736,blk_pct=3.31; drb_pct=2.72; orb_pct=2.72; resid_orb_pct_height=2.65; resid_drb_pct_height=2.57,three_pct=-1.96; three_share=-1.56; three_pa_per_100_team_poss=-1.45; resid_three_share_height=-1.06; ast_tov=-1.05,usg,0.7924937826633071
quality_lite_residual_bucketed_height_025,k7__division_zscore__quality_lite_residual_bucketed_height_025__method-nnls__init-aa_plus_plus__ninit-1,7,division_zscore,quality_lite_residual_bucketed_height_025,nnls,aa_plus_plus,0.3669273483464054,0.01931196570244239,19,mins_per_game,3,777,0.259,425,352,0.4511478122644251,three_pa_per_100_team_poss=2.47; resid_three_share_height=2.41; three_share=1.93; height_inches=0.96; three_pct=0.84,resid_orb_pct_height=-1.63; tov_pct=-1.54; ast_tov=-1.41; ast_pct=-1.39; resid_drb_pct_height=-1.08,usg,0.5167855526400765
quality_lite_residual_bucketed_height_025,k7__division_zscore__quality_lite_residual_bucketed_height_025__method-nnls__init-aa_plus_plus__ninit-1,7,division_zscore,quality_lite_residual_bucketed_height_025,nnls,aa_plus_plus,0.3669273483464054,0.01931196570244239,19,mins_per_game,4,315,0.105,172,143,0.4563268562320033,ast_tov=3.59; three_share=2.12; resid_three_share_height=2.01; three_pa_per_100_team_poss=1.47; stl_pct=0.51,tov_pct=-1.78; FTR=-1.55; height_inches=-1.48; drb_pct=-1.47; usg=-1.42,usg,-1.417630214929717
quality_lite_residual_bucketed_height_025,k7__division_zscore__quality_lite_residual_bucketed_height_025__method-nnls__init-aa_plus_plus__ninit-1,7,division_zscore,quality_lite_residual_bucketed_height_025,nnls,aa_plus_plus,0.3669273483464054,0.01931196570244239,19,mins_per_game,5,345,0.115,185,160,0.4675216531814609,FTR=3.54; height_inches=0.93; orb_pct=0.81; eFG=0.65; tov_pct=0.58,usg=-1.76; three_pct=-1.75; three_share=-1.46; three_pa_per_100_team_poss=-1.41; stl_pct=-1.27,usg,-1.762959721049078
quality_lite_residual_bucketed_height_025,k7__division_zscore__quality_lite_residual_bucketed_height_025__method-nnls__init-aa_plus_plus__ninit-1,7,division_zscore,quality_lite_residual_bucketed_height_025,nnls,aa_plus_plus,0.3669273483464054,0.01931196570244239,19,mins_per_game,6,368,0.1226666666666666,197,171,0.4440114333411888,stl_pct=3.41; usg=1.20; ast_pct=1.09; FTR=0.69; tov_pct=0.53,height_inches=-1.54; resid_three_share_height=-0.74; eFG=-0.65; blk_pct=-0.63; orb_pct=-0.53,usg,1.200695067296375
quality_lite_residual_bucketed_height_025,k7__division_zscore__quality_lite_residual_bucketed_height_025__method-nnls__init-aa_plus_plus__ninit-1,7,division_zscore,quality_lite_residual_bucketed_height_025,nnls,aa_plus_plus,0.3669273483464054,0.01931196570244239,19,mins_per_game,7,224,0.0746666666666666,108,116,0.4184669485370267,tov_pct=3.77; blk_pct=0.04; stl_pct=-0.11; resid_drb_pct_height=-0.27; height_inches=-0.50,ft_pct=-3.05; eFG=-2.31; usg=-2.00; FTR=-1.64; three_pct=-1.64,usg,-2.000313096911937
quality_lite_residual_bucketed_height_025,k8__division_zscore__quality_lite_residual_bucketed_height_025__method-nnls__init-furthest_first__ninit-1,8,division_zscore,quality_lite_residual_bucketed_height_025,nnls,furthest_first,0.3408819073483981,0.017941153018336743,19,mins_per_game,1,392,0.1306666666666666,214,178,0.430214890356741,resid_orb_pct_height=3.08; resid_drb_pct_height=2.88; orb_pct=2.86; drb_pct=2.71; usg=1.72,three_share=-1.46; resid_three_share_height=-1.43; three_pa_per_100_team_poss=-1.35; stl_pct=-0.91; ast_tov=-0.76,usg,1.7170049155650111
quality_lite_residual_bucketed_height_025,k8__division_zscore__quality_lite_residual_bucketed_height_025__method-nnls__init-furthest_first__ninit-1,8,division_zscore,quality_lite_residual_bucketed_height_025,nnls,furthest_first,0.3408819073483981,0.017941153018336743,19,mins_per_game,2,393,0.131,204,189,0.4582960753920876,ast_tov=3.56; three_share=1.65; resid_three_share_height=1.52; three_pa_per_100_team_poss=1.10; three_pct=0.45,tov_pct=-1.73; usg=-1.42; FTR=-1.38; height_inches=-1.33; drb_pct=-1.25,usg,-1.4164789093236223
quality_lite_residual_bucketed_height_025,k8__division_zscore__quality_lite_residual_bucketed_height_025__method-nnls__init-furthest_first__ninit-1,8,division_zscore,quality_lite_residual_bucketed_height_025,nnls,furthest_first,0.3408819073483981,0.017941153018336743,19,mins_per_game,3,202,0.0673333333333333,109,93,0.4227786322277308,FTR=3.56; resid_orb_pct_height=0.59; orb_pct=0.32; stl_pct=0.24; height_inches=-0.27,three_pct=-1.93; resid_three_pct_shot_mix=-1.50; ast_pct=-1.36; resid_three_share_height=-1.28; three_pa_per_100_team_poss=-1.27,usg,-0.9678454820112228
quality_lite_residual_bucketed_height_025,k8__division_zscore__quality_lite_residual_bucketed_height_025__method-nnls__init-furthest_first__ninit-1,8,division_zscore,quality_lite_residual_bucketed_height_025,nnls,furthest_first,0.3408819073483981,0.017941153018336743,19,mins_per_game,4,61,0.0203333333333333,28,33,0.3938075635801744,tov_pct=3.57; FTR=3.10; eFG=2.21; resid_three_pct_shot_mix=1.83; three_pct=1.57,usg=-1.55; orb_pct=-1.41; stl_pct=-1.29; three_pa_per_100_team_poss=-1.09; resid_orb_pct_height=-1.00,usg,-1.550154991456662
quality_lite_residual_bucketed_height_025,k8__division_zscore__quality_lite_residual_bucketed_height_025__method-nnls__init-furthest_first__ninit-1,8,division_zscore,quality_lite_residual_bucketed_height_025,nnls,furthest_first,0.3408819073483981,0.017941153018336743,19,mins_per_game,5,150,0.05,78,72,0.4010188074941261,tov_pct=3.89; resid_drb_pct_height=0.30; stl_pct=0.27; resid_orb_pct_height=0.09; drb_pct=-0.18,ft_pct=-3.73; eFG=-2.96; usg=-2.05; three_pct=-2.05; FTR=-1.93,usg,-2.049790716371276
quality_lite_residual_bucketed_height_025,k8__division_zscore__quality_lite_residual_bucketed_height_025__method-nnls__init-furthest_first__ninit-1,8,division_zscore,quality_lite_residual_bucketed_height_025,nnls,furthest_first,0.3408819073483981,0.017941153018336743,19,mins_per_game,6,829,0.2763333333333333,453,376,0.4567297808320393,three_pa_per_100_team_poss=2.47; resid_three_share_height=2.44; three_share=1.96; height_inches=0.97; three_pct=0.73,resid_orb_pct_height=-1.64; tov_pct=-1.52; ast_tov=-1.44; ast_pct=-1.43; FTR=-1.15,usg,0.4004669164572005
quality_lite_residual_bucketed_height_025,k8__division_zscore__quality_lite_residual_bucketed_height_025__method-nnls__init-furthest_first__ninit-1,8,division_zscore,quality_lite_residual_bucketed_height_025,nnls,furthest_first,0.3408819073483981,0.017941153018336743,19,mins_per_game,7,709,0.2363333333333333,387,322,0.4853920522464342,ast_pct=2.56; usg=2.17; stl_pct=1.94; ft_pct=1.04; ast_tov=0.54,height_inches=-1.61; orb_pct=-0.91; resid_three_share_height=-0.61; drb_pct=-0.52; blk_pct=-0.48,usg,2.171759823076482
quality_lite_residual_bucketed_height_025,k8__division_zscore__quality_lite_residual_bucketed_height_025__method-nnls__init-furthest_first__ninit-1,8,division_zscore,quality_lite_residual_bucketed_height_025,nnls,furthest_first,0.3408819073483981,0.017941153018336743,19,mins_per_game,8,264,0.088,155,109,0.4717613331662954,blk_pct=4.02; height_inches=2.15; eFG=1.82; orb_pct=1.00; drb_pct=0.70,three_pct=-1.70; three_share=-1.54; three_pa_per_100_team_poss=-1.43; ast_tov=-1.09; stl_pct=-1.06,usg,-0.8360644749381458
role_residual_bucketed_height_025,k6__division_zscore__role_residual_bucketed_height_025__method-nnls__init-furthest_sum__ninit-1,6,division_zscore,role_residual_bucketed_height_025,nnls,furthest_sum,0.3311750335975552,0.022078335573170346,15,mins_per_game|eFG|three_pct|ft_pct|resid_three_pct_shot_mix,1,375,0.125,201,174,0.4812507680037219,FTR=3.55; height_inches=0.75; orb_pct=0.69; tov_pct=0.39; resid_orb_pct_height=0.13,usg=-1.50; three_share=-1.43; three_pa_per_100_team_poss=-1.40; ast_pct=-1.27; resid_three_share_height=-1.09,usg,-1.4991215865288845
role_residual_bucketed_height_025,k6__division_zscore__role_residual_bucketed_height_025__method-nnls__init-furthest_sum__ninit-1,6,division_zscore,role_residual_bucketed_height_025,nnls,furthest_sum,0.3311750335975552,0.022078335573170346,15,mins_per_game|eFG|three_pct|ft_pct|resid_three_pct_shot_mix,2,225,0.075,121,104,0.4375352831311541,tov_pct=3.86; stl_pct=-0.00; blk_pct=-0.00; resid_drb_pct_height=-0.10; ast_tov=-0.50,usg=-2.03; FTR=-1.80; resid_three_share_height=-1.29; three_pa_per_100_team_poss=-1.26; three_share=-1.06,usg,-2.033400212076693
role_residual_bucketed_height_025,k6__division_zscore__role_residual_bucketed_height_025__method-nnls__init-furthest_sum__ninit-1,6,division_zscore,role_residual_bucketed_height_025,nnls,furthest_sum,0.3311750335975552,0.022078335573170346,15,mins_per_game|eFG|three_pct|ft_pct|resid_three_pct_shot_mix,3,848,0.2826666666666667,463,385,0.5082987127011802,ast_pct=2.64; usg=2.06; stl_pct=1.72; resid_drb_pct_height=0.77; FTR=0.65,height_inches=-1.42; resid_three_share_height=-0.92; blk_pct=-0.65; orb_pct=-0.63; three_share=-0.43,usg,2.063688046620391
role_residual_bucketed_height_025,k6__division_zscore__role_residual_bucketed_height_025__method-nnls__init-furthest_sum__ninit-1,6,division_zscore,role_residual_bucketed_height_025,nnls,furthest_sum,0.3311750335975552,0.022078335573170346,15,mins_per_game|eFG|three_pct|ft_pct|resid_three_pct_shot_mix,4,715,0.2383333333333333,387,328,0.4666907608784416,three_pa_per_100_team_poss=2.47; resid_three_share_height=2.35; three_share=2.08; height_inches=0.50; usg=0.30,tov_pct=-1.64; resid_orb_pct_height=-1.46; FTR=-1.45; ast_tov=-1.44; ast_pct=-1.44,usg,0.2983177437012589
role_residual_bucketed_height_025,k6__division_zscore__role_residual_bucketed_height_025__method-nnls__init-furthest_sum__ninit-1,6,division_zscore,role_residual_bucketed_height_025,nnls,furthest_sum,0.3311750335975552,0.022078335573170346,15,mins_per_game|eFG|three_pct|ft_pct|resid_three_pct_shot_mix,5,487,0.1623333333333333,272,215,0.4713862282635157,blk_pct=3.21; drb_pct=2.72; orb_pct=2.64; resid_drb_pct_height=2.56; resid_orb_pct_height=2.44,three_share=-1.56; three_pa_per_100_team_poss=-1.45; ast_tov=-1.10; resid_three_share_height=-1.02; ast_pct=-0.89,usg,0.8350765965592625
role_residual_bucketed_height_025,k6__division_zscore__role_residual_bucketed_height_025__method-nnls__init-furthest_sum__ninit-1,6,division_zscore,role_residual_bucketed_height_025,nnls,furthest_sum,0.3311750335975552,0.022078335573170346,15,mins_per_game|eFG|three_pct|ft_pct|resid_three_pct_shot_mix,6,350,0.1166666666666666,184,166,0.4634353619737837,ast_tov=3.56; three_share=1.99; resid_three_share_height=1.87; three_pa_per_100_team_poss=0.73; ast_pct=0.15,tov_pct=-1.80; usg=-1.76; FTR=-1.50; drb_pct=-1.20; orb_pct=-1.04,usg,-1.7629451736363768
role_residual_bucketed_height_025,k7__division_zscore__role_residual_bucketed_height_025__method-nnls__init-uniform__ninit-1,7,division_zscore,role_residual_bucketed_height_025,nnls,uniform,0.2972109118524465,0.019814060790163103,15,mins_per_game|eFG|three_pct|ft_pct|resid_three_pct_shot_mix,1,271,0.0903333333333333,145,126,0.4606935430400947,FTR=3.51; height_inches=0.70; tov_pct=0.55; orb_pct=0.47; resid_orb_pct_height=-0.14,usg=-1.83; resid_drb_pct_height=-1.54; stl_pct=-1.50; three_pa_per_100_team_poss=-1.32; ast_pct=-1.27,usg,-1.83087603630269
role_residual_bucketed_height_025,k7__division_zscore__role_residual_bucketed_height_025__method-nnls__init-uniform__ninit-1,7,division_zscore,role_residual_bucketed_height_025,nnls,uniform,0.2972109118524465,0.019814060790163103,15,mins_per_game|eFG|three_pct|ft_pct|resid_three_pct_shot_mix,2,714,0.238,381,333,0.4560898845402303,three_pa_per_100_team_poss=2.47; resid_three_share_height=2.32; three_share=2.11; height_inches=0.39; usg=0.32,tov_pct=-1.68; FTR=-1.52; ast_tov=-1.45; ast_pct=-1.42; resid_orb_pct_height=-1.36,usg,0.3206293505509926
role_residual_bucketed_height_025,k7__division_zscore__role_residual_bucketed_height_025__method-nnls__init-uniform__ninit-1,7,division_zscore,role_residual_bucketed_height_025,nnls,uniform,0.2972109118524465,0.019814060790163103,15,mins_per_game|eFG|three_pct|ft_pct|resid_three_pct_shot_mix,3,481,0.1603333333333333,273,208,0.4728745837975009,blk_pct=3.28; height_inches=2.18; drb_pct=2.16; orb_pct=1.93; resid_drb_pct_height=1.75,three_share=-1.57; three_pa_per_100_team_poss=-1.46; stl_pct=-1.40; resid_three_share_height=-1.01; ast_tov=-1.01,usg,0.5922345169000596
role_residual_bucketed_height_025,k7__division_zscore__role_residual_bucketed_height_025__method-nnls__init-uniform__ninit-1,7,division_zscore,role_residual_bucketed_height_025,nnls,uniform,0.2972109118524465,0.019814060790163103,15,mins_per_game|eFG|three_pct|ft_pct|resid_three_pct_shot_mix,4,284,0.0946666666666666,149,135,0.4498244958154683,ast_tov=3.61; three_share=2.20; resid_three_share_height=2.14; three_pa_per_100_team_poss=0.77; stl_pct=0.34,usg=-1.96; tov_pct=-1.92; FTR=-1.82; drb_pct=-1.20; orb_pct=-1.04,usg,-1.9591342655493005
role_residual_bucketed_height_025,k7__division_zscore__role_residual_bucketed_height_025__method-nnls__init-uniform__ninit-1,7,division_zscore,role_residual_bucketed_height_025,nnls,uniform,0.2972109118524465,0.019814060790163103,15,mins_per_game|eFG|three_pct|ft_pct|resid_three_pct_shot_mix,5,189,0.063,108,81,0.3911247100413145,stl_pct=3.24; resid_orb_pct_height=3.19; orb_pct=2.93; resid_drb_pct_height=1.62; drb_pct=1.47,resid_three_share_height=-1.84; three_share=-1.55; ast_tov=-1.50; three_pa_per_100_team_poss=-1.45; ast_pct=-1.36,usg,0.0305796469284832
role_residual_bucketed_height_025,k7__division_zscore__role_residual_bucketed_height_025__method-nnls__init-uniform__ninit-1,7,division_zscore,role_residual_bucketed_height_025,nnls,uniform,0.2972109118524465,0.019814060790163103,15,mins_per_game|eFG|three_pct|ft_pct|resid_three_pct_shot_mix,6,231,0.077,123,108,0.4336661886751903,tov_pct=3.81; resid_drb_pct_height=-0.03; blk_pct=-0.04; stl_pct=-0.10; ast_pct=-0.39,usg=-1.99; FTR=-1.74; three_pa_per_100_team_poss=-1.14; resid_three_share_height=-1.01; orb_pct=-1.01,usg,-1.9859101205285457
role_residual_bucketed_height_025,k7__division_zscore__role_residual_bucketed_height_025__method-nnls__init-uniform__ninit-1,7,division_zscore,role_residual_bucketed_height_025,nnls,uniform,0.2972109118524465,0.019814060790163103,15,mins_per_game|eFG|three_pct|ft_pct|resid_three_pct_shot_mix,7,830,0.2766666666666666,449,381,0.4991826181844833,ast_pct=2.86; usg=2.15; stl_pct=1.06; ast_tov=1.05; FTR=0.64,height_inches=-1.42; orb_pct=-0.79; resid_three_share_height=-0.78; blk_pct=-0.64; three_share=-0.30,usg,2.1528811414503863
role_residual_bucketed_height_025,k8__division_zscore__role_residual_bucketed_height_025__method-nnls__init-uniform__ninit-1,8,division_zscore,role_residual_bucketed_height_025,nnls,uniform,0.2697788279717346,0.017985255198115637,15,mins_per_game|eFG|three_pct|ft_pct|resid_three_pct_shot_mix,1,134,0.0446666666666666,64,70,0.3903878264448893,stl_pct=3.26; tov_pct=3.23; FTR=3.14; ast_pct=0.84; usg=0.30,drb_pct=-1.86; height_inches=-1.48; resid_three_share_height=-1.43; resid_drb_pct_height=-1.43; orb_pct=-1.19,usg,0.2968928245902152
role_residual_bucketed_height_025,k8__division_zscore__role_residual_bucketed_height_025__method-nnls__init-uniform__ninit-1,8,division_zscore,role_residual_bucketed_height_025,nnls,uniform,0.2697788279717346,0.017985255198115637,15,mins_per_game|eFG|three_pct|ft_pct|resid_three_pct_shot_mix,2,170,0.0566666666666666,90,80,0.4224883320954408,FTR=3.56; orb_pct=0.94; height_inches=0.78; resid_orb_pct_height=0.41; ast_tov=0.27,usg=-2.16; stl_pct=-2.07; three_share=-1.55; three_pa_per_100_team_poss=-1.45; resid_drb_pct_height=-1.40,usg,-2.16350895127759
role_residual_bucketed_height_025,k8__division_zscore__role_residual_bucketed_height_025__method-nnls__init-uniform__ninit-1,8,division_zscore,role_residual_bucketed_height_025,nnls,uniform,0.2697788279717346,0.017985255198115637,15,mins_per_game|eFG|three_pct|ft_pct|resid_three_pct_shot_mix,3,569,0.1896666666666666,323,246,0.4588483687416875,ast_pct=3.02; usg=1.89; ast_tov=1.87; resid_drb_pct_height=0.58; three_pa_per_100_team_poss=0.44,height_inches=-1.75; orb_pct=-0.84; resid_three_share_height=-0.74; blk_pct=-0.54; FTR=-0.52,usg,1.8864193723176856
role_residual_bucketed_height_025,k8__division_zscore__role_residual_bucketed_height_025__method-nnls__init-uniform__ninit-1,8,division_zscore,role_residual_bucketed_height_025,nnls,uniform,0.2697788279717346,0.017985255198115637,15,mins_per_game|eFG|three_pct|ft_pct|resid_three_pct_shot_mix,4,223,0.0743333333333333,123,100,0.4602767656248945,blk_pct=4.05; height_inches=2.11; drb_pct=0.82; orb_pct=0.79; tov_pct=0.78,stl_pct=-1.69; three_share=-1.53; three_pa_per_100_team_poss=-1.44; ast_tov=-1.23; ast_pct=-1.17,usg,-1.081778128952074
role_residual_bucketed_height_025,k8__division_zscore__role_residual_bucketed_height_025__method-nnls__init-uniform__ninit-1,8,division_zscore,role_residual_bucketed_height_025,nnls,uniform,0.2697788279717346,0.017985255198115637,15,mins_per_game|eFG|three_pct|ft_pct|resid_three_pct_shot_mix,5,804,0.268,442,362,0.4542302555282581,three_pa_per_100_team_poss=2.47; resid_three_share_height=2.29; three_share=2.08; usg=0.45; height_inches=0.30,tov_pct=-1.50; ast_tov=-1.42; ast_pct=-1.39; resid_orb_pct_height=-1.35; FTR=-1.30,usg,0.4455583484125945
role_residual_bucketed_height_025,k8__division_zscore__role_residual_bucketed_height_025__method-nnls__init-uniform__ninit-1,8,division_zscore,role_residual_bucketed_height_025,nnls,uniform,0.2697788279717346,0.017985255198115637,15,mins_per_game|eFG|three_pct|ft_pct|resid_three_pct_shot_mix,6,294,0.098,163,131,0.4187774607148855,ast_tov=3.61; resid_three_share_height=2.24; three_share=2.22; three_pa_per_100_team_poss=1.20; stl_pct=0.82,tov_pct=-2.33; usg=-1.84; FTR=-1.82; drb_pct=-1.41; resid_drb_pct_height=-1.28,usg,-1.8354209346282837
role_residual_bucketed_height_025,k8__division_zscore__role_residual_bucketed_height_025__method-nnls__init-uniform__ninit-1,8,division_zscore,role_residual_bucketed_height_025,nnls,uniform,0.2697788279717346,0.017985255198115637,15,mins_per_game|eFG|three_pct|ft_pct|resid_three_pct_shot_mix,7,195,0.065,91,104,0.3991863856786151,tov_pct=3.79; resid_drb_pct_height=0.41; resid_orb_pct_height=0.23; stl_pct=0.02; ast_tov=-0.08,usg=-2.02; FTR=-1.89; resid_three_share_height=-1.58; three_pa_per_100_team_poss=-1.35; three_share=-1.31,usg,-2.019314726487807
role_residual_bucketed_height_025,k8__division_zscore__role_residual_bucketed_height_025__method-nnls__init-uniform__ninit-1,8,division_zscore,role_residual_bucketed_height_025,nnls,uniform,0.2697788279717346,0.017985255198115637,15,mins_per_game|eFG|three_pct|ft_pct|resid_three_pct_shot_mix,8,611,0.2036666666666666,332,279,0.4477858364976605,resid_orb_pct_height=2.83; orb_pct=2.63; resid_drb_pct_height=2.42; drb_pct=2.28; usg=1.51,resid_three_share_height=-1.48; three_share=-1.34; three_pa_per_100_team_poss=-1.16; ast_tov=-1.06; ast_pct=-0.46,usg,1.5088386682773265
quality_lite_residual_bucketed_height_025,k6__division_zscore__quality_lite_residual_bucketed_height_025__method-nnls__init-uniform__ninit-1,6,division_zscore,quality_lite_residual_bucketed_height_025,nnls,uniform,0.3952244837335131,0.020801288617553322,19,mins_per_game,1,399,0.133,211,188,0.4730662913059493,ast_tov=3.56; three_share=1.62; resid_three_share_height=1.51; three_pa_per_100_team_poss=1.03; stl_pct=0.47,tov_pct=-1.64; height_inches=-1.46; usg=-1.45; FTR=-1.36; drb_pct=-1.35,ast_pct,0.2247650446813635
quality_lite_residual_bucketed_height_025,k6__division_zscore__quality_lite_residual_bucketed_height_025__method-nnls__init-uniform__ninit-1,6,division_zscore,quality_lite_residual_bucketed_height_025,nnls,uniform,0.3952244837335131,0.020801288617553322,19,mins_per_game,2,349,0.1163333333333333,185,164,0.4915999885620037,FTR=3.52; height_inches=0.74; orb_pct=0.73; tov_pct=0.57; eFG=0.38,three_pct=-1.55; usg=-1.49; three_share=-1.42; three_pa_per_100_team_poss=-1.38; ast_pct=-1.15,ast_pct,-1.1489808719787669
quality_lite_residual_bucketed_height_025,k6__division_zscore__quality_lite_residual_bucketed_height_025__method-nnls__init-uniform__ninit-1,6,division_zscore,quality_lite_residual_bucketed_height_025,nnls,uniform,0.3952244837335131,0.020801288617553322,19,mins_per_game,3,824,0.2746666666666666,453,371,0.501900181028704,ast_pct=2.61; usg=2.14; stl_pct=1.65; resid_drb_pct_height=0.95; ft_pct=0.80,height_inches=-1.45; resid_three_share_height=-0.95; blk_pct=-0.66; orb_pct=-0.64; three_share=-0.46,ast_pct,2.6077273913849233
quality_lite_residual_bucketed_height_025,k6__division_zscore__quality_lite_residual_bucketed_height_025__method-nnls__init-uniform__ninit-1,6,division_zscore,quality_lite_residual_bucketed_height_025,nnls,uniform,0.3952244837335131,0.020801288617553322,19,mins_per_game,4,214,0.0713333333333333,108,106,0.4403929689473806,tov_pct=3.78; stl_pct=-0.09; blk_pct=-0.10; resid_drb_pct_height=-0.31; height_inches=-0.51,ft_pct=-2.94; eFG=-2.22; usg=-2.02; three_pct=-1.59; FTR=-1.50,ast_pct,-0.6694267278631617
quality_lite_residual_bucketed_height_025,k6__division_zscore__quality_lite_residual_bucketed_height_025__method-nnls__init-uniform__ninit-1,6,division_zscore,quality_lite_residual_bucketed_height_025,nnls,uniform,0.3952244837335131,0.020801288617553322,19,mins_per_game,5,771,0.257,420,351,0.4648561235650095,three_pa_per_100_team_poss=2.48; resid_three_share_height=2.41; three_share=1.94; height_inches=0.96; three_pct=0.80,resid_orb_pct_height=-1.61; tov_pct=-1.53; ast_tov=-1.44; ast_pct=-1.41; resid_drb_pct_height=-1.09,ast_pct,-1.4069448962397073
quality_lite_residual_bucketed_height_025,k6__division_zscore__quality_lite_residual_bucketed_height_025__method-nnls__init-uniform__ninit-1,6,division_zscore,quality_lite_residual_bucketed_height_025,nnls,uniform,0.3952244837335131,0.020801288617553322,19,mins_per_game,6,443,0.1476666666666666,251,192,0.4697382230780533,blk_pct=3.32; drb_pct=2.71; orb_pct=2.71; resid_orb_pct_height=2.61; resid_drb_pct_height=2.56,three_pct=-1.96; three_share=-1.56; three_pa_per_100_team_poss=-1.45; ast_tov=-1.06; resid_three_share_height=-1.05,ast_pct,-0.8633132783205196
quality_lite_residual_bucketed_height_025,k7__division_zscore__quality_lite_residual_bucketed_height_025__method-nnls__init-aa_plus_plus__ninit-1,7,division_zscore,quality_lite_residual_bucketed_height_025,nnls,aa_plus_plus,0.3669273483464054,0.01931196570244239,19,mins_per_game,1,536,0.1786666666666666,297,239,0.4669809303706854,ast_pct=3.00; usg=2.13; ast_tov=1.24; ft_pct=0.74; resid_drb_pct_height=0.70,height_inches=-1.26; resid_three_share_height=-1.01; orb_pct=-0.79; blk_pct=-0.61; three_share=-0.53,ast_pct,3.000509204379756
quality_lite_residual_bucketed_height_025,k7__division_zscore__quality_lite_residual_bucketed_height_025__method-nnls__init-aa_plus_plus__ninit-1,7,division_zscore,quality_lite_residual_bucketed_height_025,nnls,aa_plus_plus,0.3669273483464054,0.01931196570244239,19,mins_per_game,2,435,0.145,244,191,0.4642208016602736,blk_pct=3.31; drb_pct=2.72; orb_pct=2.72; resid_orb_pct_height=2.65; resid_drb_pct_height=2.57,three_pct=-1.96; three_share=-1.56; three_pa_per_100_team_poss=-1.45; resid_three_share_height=-1.06; ast_tov=-1.05,ast_pct,-0.8565693912077998
quality_lite_residual_bucketed_height_025,k7__division_zscore__quality_lite_residual_bucketed_height_025__method-nnls__init-aa_plus_plus__ninit-1,7,division_zscore,quality_lite_residual_bucketed_height_025,nnls,aa_plus_plus,0.3669273483464054,0.01931196570244239,19,mins_per_game,3,777,0.259,425,352,0.4511478122644251,three_pa_per_100_team_poss=2.47; resid_three_share_height=2.41; three_share=1.93; height_inches=0.96; three_pct=0.84,resid_orb_pct_height=-1.63; tov_pct=-1.54; ast_tov=-1.41; ast_pct=-1.39; resid_drb_pct_height=-1.08,ast_pct,-1.393487510217796
quality_lite_residual_bucketed_height_025,k7__division_zscore__quality_lite_residual_bucketed_height_025__method-nnls__init-aa_plus_plus__ninit-1,7,division_zscore,quality_lite_residual_bucketed_height_025,nnls,aa_plus_plus,0.3669273483464054,0.01931196570244239,19,mins_per_game,4,315,0.105,172,143,0.4563268562320033,ast_tov=3.59; three_share=2.12; resid_three_share_height=2.01; three_pa_per_100_team_poss=1.47; stl_pct=0.51,tov_pct=-1.78; FTR=-1.55; height_inches=-1.48; drb_pct=-1.47; usg=-1.42,ast_pct,0.0341969367489003
quality_lite_residual_bucketed_height_025,k7__division_zscore__quality_lite_residual_bucketed_height_025__method-nnls__init-aa_plus_plus__ninit-1,7,division_zscore,quality_lite_residual_bucketed_height_025,nnls,aa_plus_plus,0.3669273483464054,0.01931196570244239,19,mins_per_game,5,345,0.115,185,160,0.4675216531814609,FTR=3.54; height_inches=0.93; orb_pct=0.81; eFG=0.65; tov_pct=0.58,usg=-1.76; three_pct=-1.75; three_share=-1.46; three_pa_per_100_team_poss=-1.41; stl_pct=-1.27,ast_pct,-1.187311367420894
quality_lite_residual_bucketed_height_025,k7__division_zscore__quality_lite_residual_bucketed_height_025__method-nnls__init-aa_plus_plus__ninit-1,7,division_zscore,quality_lite_residual_bucketed_height_025,nnls,aa_plus_plus,0.3669273483464054,0.01931196570244239,19,mins_per_game,6,368,0.1226666666666666,197,171,0.4440114333411888,stl_pct=3.41; usg=1.20; ast_pct=1.09; FTR=0.69; tov_pct=0.53,height_inches=-1.54; resid_three_share_height=-0.74; eFG=-0.65; blk_pct=-0.63; orb_pct=-0.53,ast_pct,1.0855111311566894
quality_lite_residual_bucketed_height_025,k7__division_zscore__quality_lite_residual_bucketed_height_025__method-nnls__init-aa_plus_plus__ninit-1,7,division_zscore,quality_lite_residual_bucketed_height_025,nnls,aa_plus_plus,0.3669273483464054,0.01931196570244239,19,mins_per_game,7,224,0.0746666666666666,108,116,0.4184669485370267,tov_pct=3.77; blk_pct=0.04; stl_pct=-0.11; resid_drb_pct_height=-0.27; height_inches=-0.50,ft_pct=-3.05; eFG=-2.31; usg=-2.00; FTR=-1.64; three_pct=-1.64,ast_pct,-0.6834517734049356
quality_lite_residual_bucketed_height_025,k8__division_zscore__quality_lite_residual_bucketed_height_025__method-nnls__init-furthest_first__ninit-1,8,division_zscore,quality_lite_residual_bucketed_height_025,nnls,furthest_first,0.3408819073483981,0.017941153018336743,19,mins_per_game,1,392,0.1306666666666666,214,178,0.430214890356741,resid_orb_pct_height=3.08; resid_drb_pct_height=2.88; orb_pct=2.86; drb_pct=2.71; usg=1.72,three_share=-1.46; resid_three_share_height=-1.43; three_pa_per_100_team_poss=-1.35; stl_pct=-0.91; ast_tov=-0.76,ast_pct,-0.0478170284186495
quality_lite_residual_bucketed_height_025,k8__division_zscore__quality_lite_residual_bucketed_height_025__method-nnls__init-furthest_first__ninit-1,8,division_zscore,quality_lite_residual_bucketed_height_025,nnls,furthest_first,0.3408819073483981,0.017941153018336743,19,mins_per_game,2,393,0.131,204,189,0.4582960753920876,ast_tov=3.56; three_share=1.65; resid_three_share_height=1.52; three_pa_per_100_team_poss=1.10; three_pct=0.45,tov_pct=-1.73; usg=-1.42; FTR=-1.38; height_inches=-1.33; drb_pct=-1.25,ast_pct,0.1660999143678262
quality_lite_residual_bucketed_height_025,k8__division_zscore__quality_lite_residual_bucketed_height_025__method-nnls__init-furthest_first__ninit-1,8,division_zscore,quality_lite_residual_bucketed_height_025,nnls,furthest_first,0.3408819073483981,0.017941153018336743,19,mins_per_game,3,202,0.0673333333333333,109,93,0.4227786322277308,FTR=3.56; resid_orb_pct_height=0.59; orb_pct=0.32; stl_pct=0.24; height_inches=-0.27,three_pct=-1.93; resid_three_pct_shot_mix=-1.50; ast_pct=-1.36; resid_three_share_height=-1.28; three_pa_per_100_team_poss=-1.27,ast_pct,-1.3643505523705115
quality_lite_residual_bucketed_height_025,k8__division_zscore__quality_lite_residual_bucketed_height_025__method-nnls__init-furthest_first__ninit-1,8,division_zscore,quality_lite_residual_bucketed_height_025,nnls,furthest_first,0.3408819073483981,0.017941153018336743,19,mins_per_game,4,61,0.0203333333333333,28,33,0.3938075635801744,tov_pct=3.57; FTR=3.10; eFG=2.21; resid_three_pct_shot_mix=1.83; three_pct=1.57,usg=-1.55; orb_pct=-1.41; stl_pct=-1.29; three_pa_per_100_team_poss=-1.09; resid_orb_pct_height=-1.00,ast_pct,0.9646196784051684
quality_lite_residual_bucketed_height_025,k8__division_zscore__quality_lite_residual_bucketed_height_025__method-nnls__init-furthest_first__ninit-1,8,division_zscore,quality_lite_residual_bucketed_height_025,nnls,furthest_first,0.3408819073483981,0.017941153018336743,19,mins_per_game,5,150,0.05,78,72,0.4010188074941261,tov_pct=3.89; resid_drb_pct_height=0.30; stl_pct=0.27; resid_orb_pct_height=0.09; drb_pct=-0.18,ft_pct=-3.73; eFG=-2.96; usg=-2.05; three_pct=-2.05; FTR=-1.93,ast_pct,-0.9792846718952156
quality_lite_residual_bucketed_height_025,k8__division_zscore__quality_lite_residual_bucketed_height_025__method-nnls__init-furthest_first__ninit-1,8,division_zscore,quality_lite_residual_bucketed_height_025,nnls,furthest_first,0.3408819073483981,0.017941153018336743,19,mins_per_game,6,829,0.2763333333333333,453,376,0.4567297808320393,three_pa_per_100_team_poss=2.47; resid_three_share_height=2.44; three_share=1.96; height_inches=0.97; three_pct=0.73,resid_orb_pct_height=-1.64; tov_pct=-1.52; ast_tov=-1.44; ast_pct=-1.43; FTR=-1.15,ast_pct,-1.4332099251640102
quality_lite_residual_bucketed_height_025,k8__division_zscore__quality_lite_residual_bucketed_height_025__method-nnls__init-furthest_first__ninit-1,8,division_zscore,quality_lite_residual_bucketed_height_025,nnls,furthest_first,0.3408819073483981,0.017941153018336743,19,mins_per_game,7,709,0.2363333333333333,387,322,0.4853920522464342,ast_pct=2.56; usg=2.17; stl_pct=1.94; ft_pct=1.04; ast_tov=0.54,height_inches=-1.61; orb_pct=-0.91; resid_three_share_height=-0.61; drb_pct=-0.52; blk_pct=-0.48,ast_pct,2.560285004548993
quality_lite_residual_bucketed_height_025,k8__division_zscore__quality_lite_residual_bucketed_height_025__method-nnls__init-furthest_first__ninit-1,8,division_zscore,quality_lite_residual_bucketed_height_025,nnls,furthest_first,0.3408819073483981,0.017941153018336743,19,mins_per_game,8,264,0.088,155,109,0.4717613331662954,blk_pct=4.02; height_inches=2.15; eFG=1.82; orb_pct=1.00; drb_pct=0.70,three_pct=-1.70; three_share=-1.54; three_pa_per_100_team_poss=-1.43; ast_tov=-1.09; stl_pct=-1.06,ast_pct,-1.0607509169323812
role_residual_bucketed_height_025,k6__division_zscore__role_residual_bucketed_height_025__method-nnls__init-furthest_sum__ninit-1,6,division_zscore,role_residual_bucketed_height_025,nnls,furthest_sum,0.3311750335975552,0.022078335573170346,15,mins_per_game|eFG|three_pct|ft_pct|resid_three_pct_shot_mix,1,375,0.125,201,174,0.4812507680037219,FTR=3.55; height_inches=0.75; orb_pct=0.69; tov_pct=0.39; resid_orb_pct_height=0.13,usg=-1.50; three_share=-1.43; three_pa_per_100_team_poss=-1.40; ast_pct=-1.27; resid_three_share_height=-1.09,ast_pct,-1.2691009942255786
role_residual_bucketed_height_025,k6__division_zscore__role_residual_bucketed_height_025__method-nnls__init-furthest_sum__ninit-1,6,division_zscore,role_residual_bucketed_height_025,nnls,furthest_sum,0.3311750335975552,0.022078335573170346,15,mins_per_game|eFG|three_pct|ft_pct|resid_three_pct_shot_mix,2,225,0.075,121,104,0.4375352831311541,tov_pct=3.86; stl_pct=-0.00; blk_pct=-0.00; resid_drb_pct_height=-0.10; ast_tov=-0.50,usg=-2.03; FTR=-1.80; resid_three_share_height=-1.29; three_pa_per_100_team_poss=-1.26; three_share=-1.06,ast_pct,-0.5790808653327035
role_residual_bucketed_height_025,k6__division_zscore__role_residual_bucketed_height_025__method-nnls__init-furthest_sum__ninit-1,6,division_zscore,role_residual_bucketed_height_025,nnls,furthest_sum,0.3311750335975552,0.022078335573170346,15,mins_per_game|eFG|three_pct|ft_pct|resid_three_pct_shot_mix,3,848,0.2826666666666667,463,385,0.5082987127011802,ast_pct=2.64; usg=2.06; stl_pct=1.72; resid_drb_pct_height=0.77; FTR=0.65,height_inches=-1.42; resid_three_share_height=-0.92; blk_pct=-0.65; orb_pct=-0.63; three_share=-0.43,ast_pct,2.636619368543764
role_residual_bucketed_height_025,k6__division_zscore__role_residual_bucketed_height_025__method-nnls__init-furthest_sum__ninit-1,6,division_zscore,role_residual_bucketed_height_025,nnls,furthest_sum,0.3311750335975552,0.022078335573170346,15,mins_per_game|eFG|three_pct|ft_pct|resid_three_pct_shot_mix,4,715,0.2383333333333333,387,328,0.4666907608784416,three_pa_per_100_team_poss=2.47; resid_three_share_height=2.35; three_share=2.08; height_inches=0.50; usg=0.30,tov_pct=-1.64; resid_orb_pct_height=-1.46; FTR=-1.45; ast_tov=-1.44; ast_pct=-1.44,ast_pct,-1.4365367915554927
role_residual_bucketed_height_025,k6__division_zscore__role_residual_bucketed_height_025__method-nnls__init-furthest_sum__ninit-1,6,division_zscore,role_residual_bucketed_height_025,nnls,furthest_sum,0.3311750335975552,0.022078335573170346,15,mins_per_game|eFG|three_pct|ft_pct|resid_three_pct_shot_mix,5,487,0.1623333333333333,272,215,0.4713862282635157,blk_pct=3.21; drb_pct=2.72; orb_pct=2.64; resid_drb_pct_height=2.56; resid_orb_pct_height=2.44,three_share=-1.56; three_pa_per_100_team_poss=-1.45; ast_tov=-1.10; resid_three_share_height=-1.02; ast_pct=-0.89,ast_pct,-0.8938826968418263
role_residual_bucketed_height_025,k6__division_zscore__role_residual_bucketed_height_025__method-nnls__init-furthest_sum__ninit-1,6,division_zscore,role_residual_bucketed_height_025,nnls,furthest_sum,0.3311750335975552,0.022078335573170346,15,mins_per_game|eFG|three_pct|ft_pct|resid_three_pct_shot_mix,6,350,0.1166666666666666,184,166,0.4634353619737837,ast_tov=3.56; three_share=1.99; resid_three_share_height=1.87; three_pa_per_100_team_poss=0.73; ast_pct=0.15,tov_pct=-1.80; usg=-1.76; FTR=-1.50; drb_pct=-1.20; orb_pct=-1.04,ast_pct,0.1542078298829068
role_residual_bucketed_height_025,k7__division_zscore__role_residual_bucketed_height_025__method-nnls__init-uniform__ninit-1,7,division_zscore,role_residual_bucketed_height_025,nnls,uniform,0.2972109118524465,0.019814060790163103,15,mins_per_game|eFG|three_pct|ft_pct|resid_three_pct_shot_mix,1,271,0.0903333333333333,145,126,0.4606935430400947,FTR=3.51; height_inches=0.70; tov_pct=0.55; orb_pct=0.47; resid_orb_pct_height=-0.14,usg=-1.83; resid_drb_pct_height=-1.54; stl_pct=-1.50; three_pa_per_100_team_poss=-1.32; ast_pct=-1.27,ast_pct,-1.268737664189694
role_residual_bucketed_height_025,k7__division_zscore__role_residual_bucketed_height_025__method-nnls__init-uniform__ninit-1,7,division_zscore,role_residual_bucketed_height_025,nnls,uniform,0.2972109118524465,0.019814060790163103,15,mins_per_game|eFG|three_pct|ft_pct|resid_three_pct_shot_mix,2,714,0.238,381,333,0.4560898845402303,three_pa_per_100_team_poss=2.47; resid_three_share_height=2.32; three_share=2.11; height_inches=0.39; usg=0.32,tov_pct=-1.68; FTR=-1.52; ast_tov=-1.45; ast_pct=-1.42; resid_orb_pct_height=-1.36,ast_pct,-1.4180693973272394
role_residual_bucketed_height_025,k7__division_zscore__role_residual_bucketed_height_025__method-nnls__init-uniform__ninit-1,7,division_zscore,role_residual_bucketed_height_025,nnls,uniform,0.2972109118524465,0.019814060790163103,15,mins_per_game|eFG|three_pct|ft_pct|resid_three_pct_shot_mix,3,481,0.1603333333333333,273,208,0.4728745837975009,blk_pct=3.28; height_inches=2.18; drb_pct=2.16; orb_pct=1.93; resid_drb_pct_height=1.75,three_share=-1.57; three_pa_per_100_team_poss=-1.46; stl_pct=-1.40; resid_three_share_height=-1.01; ast_tov=-1.01,ast_pct,-0.6384566651138873
role_residual_bucketed_height_025,k7__division_zscore__role_residual_bucketed_height_025__method-nnls__init-uniform__ninit-1,7,division_zscore,role_residual_bucketed_height_025,nnls,uniform,0.2972109118524465,0.019814060790163103,15,mins_per_game|eFG|three_pct|ft_pct|resid_three_pct_shot_mix,4,284,0.0946666666666666,149,135,0.4498244958154683,ast_tov=3.61; three_share=2.20; resid_three_share_height=2.14; three_pa_per_100_team_poss=0.77; stl_pct=0.34,usg=-1.96; tov_pct=-1.92; FTR=-1.82; drb_pct=-1.20; orb_pct=-1.04,ast_pct,-0.1867281881180097
role_residual_bucketed_height_025,k7__division_zscore__role_residual_bucketed_height_025__method-nnls__init-uniform__ninit-1,7,division_zscore,role_residual_bucketed_height_025,nnls,uniform,0.2972109118524465,0.019814060790163103,15,mins_per_game|eFG|three_pct|ft_pct|resid_three_pct_shot_mix,5,189,0.063,108,81,0.3911247100413145,stl_pct=3.24; resid_orb_pct_height=3.19; orb_pct=2.93; resid_drb_pct_height=1.62; drb_pct=1.47,resid_three_share_height=-1.84; three_share=-1.55; ast_tov=-1.50; three_pa_per_100_team_poss=-1.45; ast_pct=-1.36,ast_pct,-1.3610998494752045
role_residual_bucketed_height_025,k7__division_zscore__role_residual_bucketed_height_025__method-nnls__init-uniform__ninit-1,7,division_zscore,role_residual_bucketed_height_025,nnls,uniform,0.2972109118524465,0.019814060790163103,15,mins_per_game|eFG|three_pct|ft_pct|resid_three_pct_shot_mix,6,231,0.077,123,108,0.4336661886751903,tov_pct=3.81; resid_drb_pct_height=-0.03; blk_pct=-0.04; stl_pct=-0.10; ast_pct=-0.39,usg=-1.99; FTR=-1.74; three_pa_per_100_team_poss=-1.14; resid_three_share_height=-1.01; orb_pct=-1.01,ast_pct,-0.3930863868136008
role_residual_bucketed_height_025,k7__division_zscore__role_residual_bucketed_height_025__method-nnls__init-uniform__ninit-1,7,division_zscore,role_residual_bucketed_height_025,nnls,uniform,0.2972109118524465,0.019814060790163103,15,mins_per_game|eFG|three_pct|ft_pct|resid_three_pct_shot_mix,7,830,0.2766666666666666,449,381,0.4991826181844833,ast_pct=2.86; usg=2.15; stl_pct=1.06; ast_tov=1.05; FTR=0.64,height_inches=-1.42; orb_pct=-0.79; resid_three_share_height=-0.78; blk_pct=-0.64; three_share=-0.30,ast_pct,2.858489763097132
role_residual_bucketed_height_025,k8__division_zscore__role_residual_bucketed_height_025__method-nnls__init-uniform__ninit-1,8,division_zscore,role_residual_bucketed_height_025,nnls,uniform,0.2697788279717346,0.017985255198115637,15,mins_per_game|eFG|three_pct|ft_pct|resid_three_pct_shot_mix,1,134,0.0446666666666666,64,70,0.3903878264448893,stl_pct=3.26; tov_pct=3.23; FTR=3.14; ast_pct=0.84; usg=0.30,drb_pct=-1.86; height_inches=-1.48; resid_three_share_height=-1.43; resid_drb_pct_height=-1.43; orb_pct=-1.19,ast_pct,0.8413582789234377
role_residual_bucketed_height_025,k8__division_zscore__role_residual_bucketed_height_025__method-nnls__init-uniform__ninit-1,8,division_zscore,role_residual_bucketed_height_025,nnls,uniform,0.2697788279717346,0.017985255198115637,15,mins_per_game|eFG|three_pct|ft_pct|resid_three_pct_shot_mix,2,170,0.0566666666666666,90,80,0.4224883320954408,FTR=3.56; orb_pct=0.94; height_inches=0.78; resid_orb_pct_height=0.41; ast_tov=0.27,usg=-2.16; stl_pct=-2.07; three_share=-1.55; three_pa_per_100_team_poss=-1.45; resid_drb_pct_height=-1.40,ast_pct,-1.1632749686137478
role_residual_bucketed_height_025,k8__division_zscore__role_residual_bucketed_height_025__method-nnls__init-uniform__ninit-1,8,division_zscore,role_residual_bucketed_height_025,nnls,uniform,0.2697788279717346,0.017985255198115637,15,mins_per_game|eFG|three_pct|ft_pct|resid_three_pct_shot_mix,3,569,0.1896666666666666,323,246,0.4588483687416875,ast_pct=3.02; usg=1.89; ast_tov=1.87; resid_drb_pct_height=0.58; three_pa_per_100_team_poss=0.44,height_inches=-1.75; orb_pct=-0.84; resid_three_share_height=-0.74; blk_pct=-0.54; FTR=-0.52,ast_pct,3.0212080431452137
role_residual_bucketed_height_025,k8__division_zscore__role_residual_bucketed_height_025__method-nnls__init-uniform__ninit-1,8,division_zscore,role_residual_bucketed_height_025,nnls,uniform,0.2697788279717346,0.017985255198115637,15,mins_per_game|eFG|three_pct|ft_pct|resid_three_pct_shot_mix,4,223,0.0743333333333333,123,100,0.4602767656248945,blk_pct=4.05; height_inches=2.11; drb_pct=0.82; orb_pct=0.79; tov_pct=0.78,stl_pct=-1.69; three_share=-1.53; three_pa_per_100_team_poss=-1.44; ast_tov=-1.23; ast_pct=-1.17,ast_pct,-1.1733698694116603
role_residual_bucketed_height_025,k8__division_zscore__role_residual_bucketed_height_025__method-nnls__init-uniform__ninit-1,8,division_zscore,role_residual_bucketed_height_025,nnls,uniform,0.2697788279717346,0.017985255198115637,15,mins_per_game|eFG|three_pct|ft_pct|resid_three_pct_shot_mix,5,804,0.268,442,362,0.4542302555282581,three_pa_per_100_team_poss=2.47; resid_three_share_height=2.29; three_share=2.08; usg=0.45; height_inches=0.30,tov_pct=-1.50; ast_tov=-1.42; ast_pct=-1.39; resid_orb_pct_height=-1.35; FTR=-1.30,ast_pct,-1.3875940471660575
role_residual_bucketed_height_025,k8__division_zscore__role_residual_bucketed_height_025__method-nnls__init-uniform__ninit-1,8,division_zscore,role_residual_bucketed_height_025,nnls,uniform,0.2697788279717346,0.017985255198115637,15,mins_per_game|eFG|three_pct|ft_pct|resid_three_pct_shot_mix,6,294,0.098,163,131,0.4187774607148855,ast_tov=3.61; resid_three_share_height=2.24; three_share=2.22; three_pa_per_100_team_poss=1.20; stl_pct=0.82,tov_pct=-2.33; usg=-1.84; FTR=-1.82; drb_pct=-1.41; resid_drb_pct_height=-1.28,ast_pct,-0.2306719535313831
role_residual_bucketed_height_025,k8__division_zscore__role_residual_bucketed_height_025__method-nnls__init-uniform__ninit-1,8,division_zscore,role_residual_bucketed_height_025,nnls,uniform,0.2697788279717346,0.017985255198115637,15,mins_per_game|eFG|three_pct|ft_pct|resid_three_pct_shot_mix,7,195,0.065,91,104,0.3991863856786151,tov_pct=3.79; resid_drb_pct_height=0.41; resid_orb_pct_height=0.23; stl_pct=0.02; ast_tov=-0.08,usg=-2.02; FTR=-1.89; resid_three_share_height=-1.58; three_pa_per_100_team_poss=-1.35; three_share=-1.31,ast_pct,-0.6536650079060644
role_residual_bucketed_height_025,k8__division_zscore__role_residual_bucketed_height_025__method-nnls__init-uniform__ninit-1,8,division_zscore,role_residual_bucketed_height_025,nnls,uniform,0.2697788279717346,0.017985255198115637,15,mins_per_game|eFG|three_pct|ft_pct|resid_three_pct_shot_mix,8,611,0.2036666666666666,332,279,0.4477858364976605,resid_orb_pct_height=2.83; orb_pct=2.63; resid_drb_pct_height=2.42; drb_pct=2.28; usg=1.51,resid_three_share_height=-1.48; three_share=-1.34; three_pa_per_100_team_poss=-1.16; ast_tov=-1.06; ast_pct=-0.46,ast_pct,-0.4628675719512972
quality_lite_residual_bucketed_height_025,k6__division_zscore__quality_lite_residual_bucketed_height_025__method-nnls__init-uniform__ninit-1,6,division_zscore,quality_lite_residual_bucketed_height_025,nnls,uniform,0.3952244837335131,0.020801288617553322,19,mins_per_game,1,399,0.133,211,188,0.4730662913059493,ast_tov=3.56; three_share=1.62; resid_three_share_height=1.51; three_pa_per_100_team_poss=1.03; stl_pct=0.47,tov_pct=-1.64; height_inches=-1.46; usg=-1.45; FTR=-1.36; drb_pct=-1.35,tov_pct,-1.6350462171419486
quality_lite_residual_bucketed_height_025,k6__division_zscore__quality_lite_residual_bucketed_height_025__method-nnls__init-uniform__ninit-1,6,division_zscore,quality_lite_residual_bucketed_height_025,nnls,uniform,0.3952244837335131,0.020801288617553322,19,mins_per_game,2,349,0.1163333333333333,185,164,0.4915999885620037,FTR=3.52; height_inches=0.74; orb_pct=0.73; tov_pct=0.57; eFG=0.38,three_pct=-1.55; usg=-1.49; three_share=-1.42; three_pa_per_100_team_poss=-1.38; ast_pct=-1.15,tov_pct,0.5700287054683222
quality_lite_residual_bucketed_height_025,k6__division_zscore__quality_lite_residual_bucketed_height_025__method-nnls__init-uniform__ninit-1,6,division_zscore,quality_lite_residual_bucketed_height_025,nnls,uniform,0.3952244837335131,0.020801288617553322,19,mins_per_game,3,824,0.2746666666666666,453,371,0.501900181028704,ast_pct=2.61; usg=2.14; stl_pct=1.65; resid_drb_pct_height=0.95; ft_pct=0.80,height_inches=-1.45; resid_three_share_height=-0.95; blk_pct=-0.66; orb_pct=-0.64; three_share=-0.46,tov_pct,0.387176334948471
quality_lite_residual_bucketed_height_025,k6__division_zscore__quality_lite_residual_bucketed_height_025__method-nnls__init-uniform__ninit-1,6,division_zscore,quality_lite_residual_bucketed_height_025,nnls,uniform,0.3952244837335131,0.020801288617553322,19,mins_per_game,4,214,0.0713333333333333,108,106,0.4403929689473806,tov_pct=3.78; stl_pct=-0.09; blk_pct=-0.10; resid_drb_pct_height=-0.31; height_inches=-0.51,ft_pct=-2.94; eFG=-2.22; usg=-2.02; three_pct=-1.59; FTR=-1.50,tov_pct,3.77942927156518
quality_lite_residual_bucketed_height_025,k6__division_zscore__quality_lite_residual_bucketed_height_025__method-nnls__init-uniform__ninit-1,6,division_zscore,quality_lite_residual_bucketed_height_025,nnls,uniform,0.3952244837335131,0.020801288617553322,19,mins_per_game,5,771,0.257,420,351,0.4648561235650095,three_pa_per_100_team_poss=2.48; resid_three_share_height=2.41; three_share=1.94; height_inches=0.96; three_pct=0.80,resid_orb_pct_height=-1.61; tov_pct=-1.53; ast_tov=-1.44; ast_pct=-1.41; resid_drb_pct_height=-1.09,tov_pct,-1.5333579757470124
quality_lite_residual_bucketed_height_025,k6__division_zscore__quality_lite_residual_bucketed_height_025__method-nnls__init-uniform__ninit-1,6,division_zscore,quality_lite_residual_bucketed_height_025,nnls,uniform,0.3952244837335131,0.020801288617553322,19,mins_per_game,6,443,0.1476666666666666,251,192,0.4697382230780533,blk_pct=3.32; drb_pct=2.71; orb_pct=2.71; resid_orb_pct_height=2.61; resid_drb_pct_height=2.56,three_pct=-1.96; three_share=-1.56; three_pa_per_100_team_poss=-1.45; ast_tov=-1.06; resid_three_share_height=-1.05,tov_pct,-0.7969781418024857
quality_lite_residual_bucketed_height_025,k7__division_zscore__quality_lite_residual_bucketed_height_025__method-nnls__init-aa_plus_plus__ninit-1,7,division_zscore,quality_lite_residual_bucketed_height_025,nnls,aa_plus_plus,0.3669273483464054,0.01931196570244239,19,mins_per_game,1,536,0.1786666666666666,297,239,0.4669809303706854,ast_pct=3.00; usg=2.13; ast_tov=1.24; ft_pct=0.74; resid_drb_pct_height=0.70,height_inches=-1.26; resid_three_share_height=-1.01; orb_pct=-0.79; blk_pct=-0.61; three_share=-0.53,tov_pct,-0.0272409166268977
quality_lite_residual_bucketed_height_025,k7__division_zscore__quality_lite_residual_bucketed_height_025__method-nnls__init-aa_plus_plus__ninit-1,7,division_zscore,quality_lite_residual_bucketed_height_025,nnls,aa_plus_plus,0.3669273483464054,0.01931196570244239,19,mins_per_game,2,435,0.145,244,191,0.4642208016602736,blk_pct=3.31; drb_pct=2.72; orb_pct=2.72; resid_orb_pct_height=2.65; resid_drb_pct_height=2.57,three_pct=-1.96; three_share=-1.56; three_pa_per_100_team_poss=-1.45; resid_three_share_height=-1.06; ast_tov=-1.05,tov_pct,-0.8026467939121806
quality_lite_residual_bucketed_height_025,k7__division_zscore__quality_lite_residual_bucketed_height_025__method-nnls__init-aa_plus_plus__ninit-1,7,division_zscore,quality_lite_residual_bucketed_height_025,nnls,aa_plus_plus,0.3669273483464054,0.01931196570244239,19,mins_per_game,3,777,0.259,425,352,0.4511478122644251,three_pa_per_100_team_poss=2.47; resid_three_share_height=2.41; three_share=1.93; height_inches=0.96; three_pct=0.84,resid_orb_pct_height=-1.63; tov_pct=-1.54; ast_tov=-1.41; ast_pct=-1.39; resid_drb_pct_height=-1.08,tov_pct,-1.5353510741162093
quality_lite_residual_bucketed_height_025,k7__division_zscore__quality_lite_residual_bucketed_height_025__method-nnls__init-aa_plus_plus__ninit-1,7,division_zscore,quality_lite_residual_bucketed_height_025,nnls,aa_plus_plus,0.3669273483464054,0.01931196570244239,19,mins_per_game,4,315,0.105,172,143,0.4563268562320033,ast_tov=3.59; three_share=2.12; resid_three_share_height=2.01; three_pa_per_100_team_poss=1.47; stl_pct=0.51,tov_pct=-1.78; FTR=-1.55; height_inches=-1.48; drb_pct=-1.47; usg=-1.42,tov_pct,-1.775951811709814
quality_lite_residual_bucketed_height_025,k7__division_zscore__quality_lite_residual_bucketed_height_025__method-nnls__init-aa_plus_plus__ninit-1,7,division_zscore,quality_lite_residual_bucketed_height_025,nnls,aa_plus_plus,0.3669273483464054,0.01931196570244239,19,mins_per_game,5,345,0.115,185,160,0.4675216531814609,FTR=3.54; height_inches=0.93; orb_pct=0.81; eFG=0.65; tov_pct=0.58,usg=-1.76; three_pct=-1.75; three_share=-1.46; three_pa_per_100_team_poss=-1.41; stl_pct=-1.27,tov_pct,0.5838344791268746
quality_lite_residual_bucketed_height_025,k7__division_zscore__quality_lite_residual_bucketed_height_025__method-nnls__init-aa_plus_plus__ninit-1,7,division_zscore,quality_lite_residual_bucketed_height_025,nnls,aa_plus_plus,0.3669273483464054,0.01931196570244239,19,mins_per_game,6,368,0.1226666666666666,197,171,0.4440114333411888,stl_pct=3.41; usg=1.20; ast_pct=1.09; FTR=0.69; tov_pct=0.53,height_inches=-1.54; resid_three_share_height=-0.74; eFG=-0.65; blk_pct=-0.63; orb_pct=-0.53,tov_pct,0.5302529805416542
quality_lite_residual_bucketed_height_025,k7__division_zscore__quality_lite_residual_bucketed_height_025__method-nnls__init-aa_plus_plus__ninit-1,7,division_zscore,quality_lite_residual_bucketed_height_025,nnls,aa_plus_plus,0.3669273483464054,0.01931196570244239,19,mins_per_game,7,224,0.0746666666666666,108,116,0.4184669485370267,tov_pct=3.77; blk_pct=0.04; stl_pct=-0.11; resid_drb_pct_height=-0.27; height_inches=-0.50,ft_pct=-3.05; eFG=-2.31; usg=-2.00; FTR=-1.64; three_pct=-1.64,tov_pct,3.770759689370765
quality_lite_residual_bucketed_height_025,k8__division_zscore__quality_lite_residual_bucketed_height_025__method-nnls__init-furthest_first__ninit-1,8,division_zscore,quality_lite_residual_bucketed_height_025,nnls,furthest_first,0.3408819073483981,0.017941153018336743,19,mins_per_game,1,392,0.1306666666666666,214,178,0.430214890356741,resid_orb_pct_height=3.08; resid_drb_pct_height=2.88; orb_pct=2.86; drb_pct=2.71; usg=1.72,three_share=-1.46; resid_three_share_height=-1.43; three_pa_per_100_team_poss=-1.35; stl_pct=-0.91; ast_tov=-0.76,tov_pct,-0.454936211873172
quality_lite_residual_bucketed_height_025,k8__division_zscore__quality_lite_residual_bucketed_height_025__method-nnls__init-furthest_first__ninit-1,8,division_zscore,quality_lite_residual_bucketed_height_025,nnls,furthest_first,0.3408819073483981,0.017941153018336743,19,mins_per_game,2,393,0.131,204,189,0.4582960753920876,ast_tov=3.56; three_share=1.65; resid_three_share_height=1.52; three_pa_per_100_team_poss=1.10; three_pct=0.45,tov_pct=-1.73; usg=-1.42; FTR=-1.38; height_inches=-1.33; drb_pct=-1.25,tov_pct,-1.731894521971755
quality_lite_residual_bucketed_height_025,k8__division_zscore__quality_lite_residual_bucketed_height_025__method-nnls__init-furthest_first__ninit-1,8,division_zscore,quality_lite_residual_bucketed_height_025,nnls,furthest_first,0.3408819073483981,0.017941153018336743,19,mins_per_game,3,202,0.0673333333333333,109,93,0.4227786322277308,FTR=3.56; resid_orb_pct_height=0.59; orb_pct=0.32; stl_pct=0.24; height_inches=-0.27,three_pct=-1.93; resid_three_pct_shot_mix=-1.50; ast_pct=-1.36; resid_three_share_height=-1.28; three_pa_per_100_team_poss=-1.27,tov_pct,-0.7720972774803899
quality_lite_residual_bucketed_height_025,k8__division_zscore__quality_lite_residual_bucketed_height_025__method-nnls__init-furthest_first__ninit-1,8,division_zscore,quality_lite_residual_bucketed_height_025,nnls,furthest_first,0.3408819073483981,0.017941153018336743,19,mins_per_game,4,61,0.0203333333333333,28,33,0.3938075635801744,tov_pct=3.57; FTR=3.10; eFG=2.21; resid_three_pct_shot_mix=1.83; three_pct=1.57,usg=-1.55; orb_pct=-1.41; stl_pct=-1.29; three_pa_per_100_team_poss=-1.09; resid_orb_pct_height=-1.00,tov_pct,3.565574768292287
quality_lite_residual_bucketed_height_025,k8__division_zscore__quality_lite_residual_bucketed_height_025__method-nnls__init-furthest_first__ninit-1,8,division_zscore,quality_lite_residual_bucketed_height_025,nnls,furthest_first,0.3408819073483981,0.017941153018336743,19,mins_per_game,5,150,0.05,78,72,0.4010188074941261,tov_pct=3.89; resid_drb_pct_height=0.30; stl_pct=0.27; resid_orb_pct_height=0.09; drb_pct=-0.18,ft_pct=-3.73; eFG=-2.96; usg=-2.05; three_pct=-2.05; FTR=-1.93,tov_pct,3.890525472127293
quality_lite_residual_bucketed_height_025,k8__division_zscore__quality_lite_residual_bucketed_height_025__method-nnls__init-furthest_first__ninit-1,8,division_zscore,quality_lite_residual_bucketed_height_025,nnls,furthest_first,0.3408819073483981,0.017941153018336743,19,mins_per_game,6,829,0.2763333333333333,453,376,0.4567297808320393,three_pa_per_100_team_poss=2.47; resid_three_share_height=2.44; three_share=1.96; height_inches=0.97; three_pct=0.73,resid_orb_pct_height=-1.64; tov_pct=-1.52; ast_tov=-1.44; ast_pct=-1.43; FTR=-1.15,tov_pct,-1.5169920140205109
quality_lite_residual_bucketed_height_025,k8__division_zscore__quality_lite_residual_bucketed_height_025__method-nnls__init-furthest_first__ninit-1,8,division_zscore,quality_lite_residual_bucketed_height_025,nnls,furthest_first,0.3408819073483981,0.017941153018336743,19,mins_per_game,7,709,0.2363333333333333,387,322,0.4853920522464342,ast_pct=2.56; usg=2.17; stl_pct=1.94; ft_pct=1.04; ast_tov=0.54,height_inches=-1.61; orb_pct=-0.91; resid_three_share_height=-0.61; drb_pct=-0.52; blk_pct=-0.48,tov_pct,0.0547008759095478
quality_lite_residual_bucketed_height_025,k8__division_zscore__quality_lite_residual_bucketed_height_025__method-nnls__init-furthest_first__ninit-1,8,division_zscore,quality_lite_residual_bucketed_height_025,nnls,furthest_first,0.3408819073483981,0.017941153018336743,19,mins_per_game,8,264,0.088,155,109,0.4717613331662954,blk_pct=4.02; height_inches=2.15; eFG=1.82; orb_pct=1.00; drb_pct=0.70,three_pct=-1.70; three_share=-1.54; three_pa_per_100_team_poss=-1.43; ast_tov=-1.09; stl_pct=-1.06,tov_pct,0.4498191810505749
role_residual_bucketed_height_025,k6__division_zscore__role_residual_bucketed_height_025__method-nnls__init-furthest_sum__ninit-1,6,division_zscore,role_residual_bucketed_height_025,nnls,furthest_sum,0.3311750335975552,0.022078335573170346,15,mins_per_game|eFG|three_pct|ft_pct|resid_three_pct_shot_mix,1,375,0.125,201,174,0.4812507680037219,FTR=3.55; height_inches=0.75; orb_pct=0.69; tov_pct=0.39; resid_orb_pct_height=0.13,usg=-1.50; three_share=-1.43; three_pa_per_100_team_poss=-1.40; ast_pct=-1.27; resid_three_share_height=-1.09,tov_pct,0.392245103413901
role_residual_bucketed_height_025,k6__division_zscore__role_residual_bucketed_height_025__method-nnls__init-furthest_sum__ninit-1,6,division_zscore,role_residual_bucketed_height_025,nnls,furthest_sum,0.3311750335975552,0.022078335573170346,15,mins_per_game|eFG|three_pct|ft_pct|resid_three_pct_shot_mix,2,225,0.075,121,104,0.4375352831311541,tov_pct=3.86; stl_pct=-0.00; blk_pct=-0.00; resid_drb_pct_height=-0.10; ast_tov=-0.50,usg=-2.03; FTR=-1.80; resid_three_share_height=-1.29; three_pa_per_100_team_poss=-1.26; three_share=-1.06,tov_pct,3.8612466235561937
role_residual_bucketed_height_025,k6__division_zscore__role_residual_bucketed_height_025__method-nnls__init-furthest_sum__ninit-1,6,division_zscore,role_residual_bucketed_height_025,nnls,furthest_sum,0.3311750335975552,0.022078335573170346,15,mins_per_game|eFG|three_pct|ft_pct|resid_three_pct_shot_mix,3,848,0.2826666666666667,463,385,0.5082987127011802,ast_pct=2.64; usg=2.06; stl_pct=1.72; resid_drb_pct_height=0.77; FTR=0.65,height_inches=-1.42; resid_three_share_height=-0.92; blk_pct=-0.65; orb_pct=-0.63; three_share=-0.43,tov_pct,0.3403600992578984
role_residual_bucketed_height_025,k6__division_zscore__role_residual_bucketed_height_025__method-nnls__init-furthest_sum__ninit-1,6,division_zscore,role_residual_bucketed_height_025,nnls,furthest_sum,0.3311750335975552,0.022078335573170346,15,mins_per_game|eFG|three_pct|ft_pct|resid_three_pct_shot_mix,4,715,0.2383333333333333,387,328,0.4666907608784416,three_pa_per_100_team_poss=2.47; resid_three_share_height=2.35; three_share=2.08; height_inches=0.50; usg=0.30,tov_pct=-1.64; resid_orb_pct_height=-1.46; FTR=-1.45; ast_tov=-1.44; ast_pct=-1.44,tov_pct,-1.6406996439156816
role_residual_bucketed_height_025,k6__division_zscore__role_residual_bucketed_height_025__method-nnls__init-furthest_sum__ninit-1,6,division_zscore,role_residual_bucketed_height_025,nnls,furthest_sum,0.3311750335975552,0.022078335573170346,15,mins_per_game|eFG|three_pct|ft_pct|resid_three_pct_shot_mix,5,487,0.1623333333333333,272,215,0.4713862282635157,blk_pct=3.21; drb_pct=2.72; orb_pct=2.64; resid_drb_pct_height=2.56; resid_orb_pct_height=2.44,three_share=-1.56; three_pa_per_100_team_poss=-1.45; ast_tov=-1.10; resid_three_share_height=-1.02; ast_pct=-0.89,tov_pct,-0.76733051642939
role_residual_bucketed_height_025,k6__division_zscore__role_residual_bucketed_height_025__method-nnls__init-furthest_sum__ninit-1,6,division_zscore,role_residual_bucketed_height_025,nnls,furthest_sum,0.3311750335975552,0.022078335573170346,15,mins_per_game|eFG|three_pct|ft_pct|resid_three_pct_shot_mix,6,350,0.1166666666666666,184,166,0.4634353619737837,ast_tov=3.56; three_share=1.99; resid_three_share_height=1.87; three_pa_per_100_team_poss=0.73; ast_pct=0.15,tov_pct=-1.80; usg=-1.76; FTR=-1.50; drb_pct=-1.20; orb_pct=-1.04,tov_pct,-1.7987351701160663
role_residual_bucketed_height_025,k7__division_zscore__role_residual_bucketed_height_025__method-nnls__init-uniform__ninit-1,7,division_zscore,role_residual_bucketed_height_025,nnls,uniform,0.2972109118524465,0.019814060790163103,15,mins_per_game|eFG|three_pct|ft_pct|resid_three_pct_shot_mix,1,271,0.0903333333333333,145,126,0.4606935430400947,FTR=3.51; height_inches=0.70; tov_pct=0.55; orb_pct=0.47; resid_orb_pct_height=-0.14,usg=-1.83; resid_drb_pct_height=-1.54; stl_pct=-1.50; three_pa_per_100_team_poss=-1.32; ast_pct=-1.27,tov_pct,0.5498881058756377
role_residual_bucketed_height_025,k7__division_zscore__role_residual_bucketed_height_025__method-nnls__init-uniform__ninit-1,7,division_zscore,role_residual_bucketed_height_025,nnls,uniform,0.2972109118524465,0.019814060790163103,15,mins_per_game|eFG|three_pct|ft_pct|resid_three_pct_shot_mix,2,714,0.238,381,333,0.4560898845402303,three_pa_per_100_team_poss=2.47; resid_three_share_height=2.32; three_share=2.11; height_inches=0.39; usg=0.32,tov_pct=-1.68; FTR=-1.52; ast_tov=-1.45; ast_pct=-1.42; resid_orb_pct_height=-1.36,tov_pct,-1.684516486129738
role_residual_bucketed_height_025,k7__division_zscore__role_residual_bucketed_height_025__method-nnls__init-uniform__ninit-1,7,division_zscore,role_residual_bucketed_height_025,nnls,uniform,0.2972109118524465,0.019814060790163103,15,mins_per_game|eFG|three_pct|ft_pct|resid_three_pct_shot_mix,3,481,0.1603333333333333,273,208,0.4728745837975009,blk_pct=3.28; height_inches=2.18; drb_pct=2.16; orb_pct=1.93; resid_drb_pct_height=1.75,three_share=-1.57; three_pa_per_100_team_poss=-1.46; stl_pct=-1.40; resid_three_share_height=-1.01; ast_tov=-1.01,tov_pct,-0.0949862651338199
role_residual_bucketed_height_025,k7__division_zscore__role_residual_bucketed_height_025__method-nnls__init-uniform__ninit-1,7,division_zscore,role_residual_bucketed_height_025,nnls,uniform,0.2972109118524465,0.019814060790163103,15,mins_per_game|eFG|three_pct|ft_pct|resid_three_pct_shot_mix,4,284,0.0946666666666666,149,135,0.4498244958154683,ast_tov=3.61; three_share=2.20; resid_three_share_height=2.14; three_pa_per_100_team_poss=0.77; stl_pct=0.34,usg=-1.96; tov_pct=-1.92; FTR=-1.82; drb_pct=-1.20; orb_pct=-1.04,tov_pct,-1.9206682804781792
role_residual_bucketed_height_025,k7__division_zscore__role_residual_bucketed_height_025__method-nnls__init-uniform__ninit-1,7,division_zscore,role_residual_bucketed_height_025,nnls,uniform,0.2972109118524465,0.019814060790163103,15,mins_per_game|eFG|three_pct|ft_pct|resid_three_pct_shot_mix,5,189,0.063,108,81,0.3911247100413145,stl_pct=3.24; resid_orb_pct_height=3.19; orb_pct=2.93; resid_drb_pct_height=1.62; drb_pct=1.47,resid_three_share_height=-1.84; three_share=-1.55; ast_tov=-1.50; three_pa_per_100_team_poss=-1.45; ast_pct=-1.36,tov_pct,0.0173649265642459
role_residual_bucketed_height_025,k7__division_zscore__role_residual_bucketed_height_025__method-nnls__init-uniform__ninit-1,7,division_zscore,role_residual_bucketed_height_025,nnls,uniform,0.2972109118524465,0.019814060790163103,15,mins_per_game|eFG|three_pct|ft_pct|resid_three_pct_shot_mix,6,231,0.077,123,108,0.4336661886751903,tov_pct=3.81; resid_drb_pct_height=-0.03; blk_pct=-0.04; stl_pct=-0.10; ast_pct=-0.39,usg=-1.99; FTR=-1.74; three_pa_per_100_team_poss=-1.14; resid_three_share_height=-1.01; orb_pct=-1.01,tov_pct,3.8075131375031854
role_residual_bucketed_height_025,k7__division_zscore__role_residual_bucketed_height_025__method-nnls__init-uniform__ninit-1,7,division_zscore,role_residual_bucketed_height_025,nnls,uniform,0.2972109118524465,0.019814060790163103,15,mins_per_game|eFG|three_pct|ft_pct|resid_three_pct_shot_mix,7,830,0.2766666666666666,449,381,0.4991826181844833,ast_pct=2.86; usg=2.15; stl_pct=1.06; ast_tov=1.05; FTR=0.64,height_inches=-1.42; orb_pct=-0.79; resid_three_share_height=-0.78; blk_pct=-0.64; three_share=-0.30,tov_pct,-0.0860903213143973
role_residual_bucketed_height_025,k8__division_zscore__role_residual_bucketed_height_025__method-nnls__init-uniform__ninit-1,8,division_zscore,role_residual_bucketed_height_025,nnls,uniform,0.2697788279717346,0.017985255198115637,15,mins_per_game|eFG|three_pct|ft_pct|resid_three_pct_shot_mix,1,134,0.0446666666666666,64,70,0.3903878264448893,stl_pct=3.26; tov_pct=3.23; FTR=3.14; ast_pct=0.84; usg=0.30,drb_pct=-1.86; height_inches=-1.48; resid_three_share_height=-1.43; resid_drb_pct_height=-1.43; orb_pct=-1.19,tov_pct,3.2326721614877263
role_residual_bucketed_height_025,k8__division_zscore__role_residual_bucketed_height_025__method-nnls__init-uniform__ninit-1,8,division_zscore,role_residual_bucketed_height_025,nnls,uniform,0.2697788279717346,0.017985255198115637,15,mins_per_game|eFG|three_pct|ft_pct|resid_three_pct_shot_mix,2,170,0.0566666666666666,90,80,0.4224883320954408,FTR=3.56; orb_pct=0.94; height_inches=0.78; resid_orb_pct_height=0.41; ast_tov=0.27,usg=-2.16; stl_pct=-2.07; three_share=-1.55; three_pa_per_100_team_poss=-1.45; resid_drb_pct_height=-1.40,tov_pct,-0.3822192426078075
role_residual_bucketed_height_025,k8__division_zscore__role_residual_bucketed_height_025__method-nnls__init-uniform__ninit-1,8,division_zscore,role_residual_bucketed_height_025,nnls,uniform,0.2697788279717346,0.017985255198115637,15,mins_per_game|eFG|three_pct|ft_pct|resid_three_pct_shot_mix,3,569,0.1896666666666666,323,246,0.4588483687416875,ast_pct=3.02; usg=1.89; ast_tov=1.87; resid_drb_pct_height=0.58; three_pa_per_100_team_poss=0.44,height_inches=-1.75; orb_pct=-0.84; resid_three_share_height=-0.74; blk_pct=-0.54; FTR=-0.52,tov_pct,-0.2640828734748415
role_residual_bucketed_height_025,k8__division_zscore__role_residual_bucketed_height_025__method-nnls__init-uniform__ninit-1,8,division_zscore,role_residual_bucketed_height_025,nnls,uniform,0.2697788279717346,0.017985255198115637,15,mins_per_game|eFG|three_pct|ft_pct|resid_three_pct_shot_mix,4,223,0.0743333333333333,123,100,0.4602767656248945,blk_pct=4.05; height_inches=2.11; drb_pct=0.82; orb_pct=0.79; tov_pct=0.78,stl_pct=-1.69; three_share=-1.53; three_pa_per_100_team_poss=-1.44; ast_tov=-1.23; ast_pct=-1.17,tov_pct,0.7752748338306507
role_residual_bucketed_height_025,k8__division_zscore__role_residual_bucketed_height_025__method-nnls__init-uniform__ninit-1,8,division_zscore,role_residual_bucketed_height_025,nnls,uniform,0.2697788279717346,0.017985255198115637,15,mins_per_game|eFG|three_pct|ft_pct|resid_three_pct_shot_mix,5,804,0.268,442,362,0.4542302555282581,three_pa_per_100_team_poss=2.47; resid_three_share_height=2.29; three_share=2.08; usg=0.45; height_inches=0.30,tov_pct=-1.50; ast_tov=-1.42; ast_pct=-1.39; resid_orb_pct_height=-1.35; FTR=-1.30,tov_pct,-1.50405759237044
role_residual_bucketed_height_025,k8__division_zscore__role_residual_bucketed_height_025__method-nnls__init-uniform__ninit-1,8,division_zscore,role_residual_bucketed_height_025,nnls,uniform,0.2697788279717346,0.017985255198115637,15,mins_per_game|eFG|three_pct|ft_pct|resid_three_pct_shot_mix,6,294,0.098,163,131,0.4187774607148855,ast_tov=3.61; resid_three_share_height=2.24; three_share=2.22; three_pa_per_100_team_poss=1.20; stl_pct=0.82,tov_pct=-2.33; usg=-1.84; FTR=-1.82; drb_pct=-1.41; resid_drb_pct_height=-1.28,tov_pct,-2.327874476720331
role_residual_bucketed_height_025,k8__division_zscore__role_residual_bucketed_height_025__method-nnls__init-uniform__ninit-1,8,division_zscore,role_residual_bucketed_height_025,nnls,uniform,0.2697788279717346,0.017985255198115637,15,mins_per_game|eFG|three_pct|ft_pct|resid_three_pct_shot_mix,7,195,0.065,91,104,0.3991863856786151,tov_pct=3.79; resid_drb_pct_height=0.41; resid_orb_pct_height=0.23; stl_pct=0.02; ast_tov=-0.08,usg=-2.02; FTR=-1.89; resid_three_share_height=-1.58; three_pa_per_100_team_poss=-1.35; three_share=-1.31,tov_pct,3.791051714814254
role_residual_bucketed_height_025,k8__division_zscore__role_residual_bucketed_height_025__method-nnls__init-uniform__ninit-1,8,division_zscore,role_residual_bucketed_height_025,nnls,uniform,0.2697788279717346,0.017985255198115637,15,mins_per_game|eFG|three_pct|ft_pct|resid_three_pct_shot_mix,8,611,0.2036666666666666,332,279,0.4477858364976605,resid_orb_pct_height=2.83; orb_pct=2.63; resid_drb_pct_height=2.42; drb_pct=2.28; usg=1.51,resid_three_share_height=-1.48; three_share=-1.34; three_pa_per_100_team_poss=-1.16; ast_tov=-1.06; ast_pct=-0.46,tov_pct,-0.4589311611870887
quality_lite_residual_bucketed_height_025,k6__division_zscore__quality_lite_residual_bucketed_height_025__method-nnls__init-uniform__ninit-1,6,division_zscore,quality_lite_residual_bucketed_height_025,nnls,uniform,0.3952244837335131,0.020801288617553322,19,mins_per_game,1,399,0.133,211,188,0.4730662913059493,ast_tov=3.56; three_share=1.62; resid_three_share_height=1.51; three_pa_per_100_team_poss=1.03; stl_pct=0.47,tov_pct=-1.64; height_inches=-1.46; usg=-1.45; FTR=-1.36; drb_pct=-1.35,ast_tov,3.5551825191294273
quality_lite_residual_bucketed_height_025,k6__division_zscore__quality_lite_residual_bucketed_height_025__method-nnls__init-uniform__ninit-1,6,division_zscore,quality_lite_residual_bucketed_height_025,nnls,uniform,0.3952244837335131,0.020801288617553322,19,mins_per_game,2,349,0.1163333333333333,185,164,0.4915999885620037,FTR=3.52; height_inches=0.74; orb_pct=0.73; tov_pct=0.57; eFG=0.38,three_pct=-1.55; usg=-1.49; three_share=-1.42; three_pa_per_100_team_poss=-1.38; ast_pct=-1.15,ast_tov,-0.7697928011270986
quality_lite_residual_bucketed_height_025,k6__division_zscore__quality_lite_residual_bucketed_height_025__method-nnls__init-uniform__ninit-1,6,division_zscore,quality_lite_residual_bucketed_height_025,nnls,uniform,0.3952244837335131,0.020801288617553322,19,mins_per_game,3,824,0.2746666666666666,453,371,0.501900181028704,ast_pct=2.61; usg=2.14; stl_pct=1.65; resid_drb_pct_height=0.95; ft_pct=0.80,height_inches=-1.45; resid_three_share_height=-0.95; blk_pct=-0.66; orb_pct=-0.64; three_share=-0.46,ast_tov,0.3253560417400095
quality_lite_residual_bucketed_height_025,k6__division_zscore__quality_lite_residual_bucketed_height_025__method-nnls__init-uniform__ninit-1,6,division_zscore,quality_lite_residual_bucketed_height_025,nnls,uniform,0.3952244837335131,0.020801288617553322,19,mins_per_game,4,214,0.0713333333333333,108,106,0.4403929689473806,tov_pct=3.78; stl_pct=-0.09; blk_pct=-0.10; resid_drb_pct_height=-0.31; height_inches=-0.51,ft_pct=-2.94; eFG=-2.22; usg=-2.02; three_pct=-1.59; FTR=-1.50,ast_tov,-0.6213518068696846
quality_lite_residual_bucketed_height_025,k6__division_zscore__quality_lite_residual_bucketed_height_025__method-nnls__init-uniform__ninit-1,6,division_zscore,quality_lite_residual_bucketed_height_025,nnls,uniform,0.3952244837335131,0.020801288617553322,19,mins_per_game,5,771,0.257,420,351,0.4648561235650095,three_pa_per_100_team_poss=2.48; resid_three_share_height=2.41; three_share=1.94; height_inches=0.96; three_pct=0.80,resid_orb_pct_height=-1.61; tov_pct=-1.53; ast_tov=-1.44; ast_pct=-1.41; resid_drb_pct_height=-1.09,ast_tov,-1.441707232913206
quality_lite_residual_bucketed_height_025,k6__division_zscore__quality_lite_residual_bucketed_height_025__method-nnls__init-uniform__ninit-1,6,division_zscore,quality_lite_residual_bucketed_height_025,nnls,uniform,0.3952244837335131,0.020801288617553322,19,mins_per_game,6,443,0.1476666666666666,251,192,0.4697382230780533,blk_pct=3.32; drb_pct=2.71; orb_pct=2.71; resid_orb_pct_height=2.61; resid_drb_pct_height=2.56,three_pct=-1.96; three_share=-1.56; three_pa_per_100_team_poss=-1.45; ast_tov=-1.06; resid_three_share_height=-1.05,ast_tov,-1.055476793116624
quality_lite_residual_bucketed_height_025,k7__division_zscore__quality_lite_residual_bucketed_height_025__method-nnls__init-aa_plus_plus__ninit-1,7,division_zscore,quality_lite_residual_bucketed_height_025,nnls,aa_plus_plus,0.3669273483464054,0.01931196570244239,19,mins_per_game,1,536,0.1786666666666666,297,239,0.4669809303706854,ast_pct=3.00; usg=2.13; ast_tov=1.24; ft_pct=0.74; resid_drb_pct_height=0.70,height_inches=-1.26; resid_three_share_height=-1.01; orb_pct=-0.79; blk_pct=-0.61; three_share=-0.53,ast_tov,1.2406994328904823
quality_lite_residual_bucketed_height_025,k7__division_zscore__quality_lite_residual_bucketed_height_025__method-nnls__init-aa_plus_plus__ninit-1,7,division_zscore,quality_lite_residual_bucketed_height_025,nnls,aa_plus_plus,0.3669273483464054,0.01931196570244239,19,mins_per_game,2,435,0.145,244,191,0.4642208016602736,blk_pct=3.31; drb_pct=2.72; orb_pct=2.72; resid_orb_pct_height=2.65; resid_drb_pct_height=2.57,three_pct=-1.96; three_share=-1.56; three_pa_per_100_team_poss=-1.45; resid_three_share_height=-1.06; ast_tov=-1.05,ast_tov,-1.0527800021300888
quality_lite_residual_bucketed_height_025,k7__division_zscore__quality_lite_residual_bucketed_height_025__method-nnls__init-aa_plus_plus__ninit-1,7,division_zscore,quality_lite_residual_bucketed_height_025,nnls,aa_plus_plus,0.3669273483464054,0.01931196570244239,19,mins_per_game,3,777,0.259,425,352,0.4511478122644251,three_pa_per_100_team_poss=2.47; resid_three_share_height=2.41; three_share=1.93; height_inches=0.96; three_pct=0.84,resid_orb_pct_height=-1.63; tov_pct=-1.54; ast_tov=-1.41; ast_pct=-1.39; resid_drb_pct_height=-1.08,ast_tov,-1.4137721203830464
quality_lite_residual_bucketed_height_025,k7__division_zscore__quality_lite_residual_bucketed_height_025__method-nnls__init-aa_plus_plus__ninit-1,7,division_zscore,quality_lite_residual_bucketed_height_025,nnls,aa_plus_plus,0.3669273483464054,0.01931196570244239,19,mins_per_game,4,315,0.105,172,143,0.4563268562320033,ast_tov=3.59; three_share=2.12; resid_three_share_height=2.01; three_pa_per_100_team_poss=1.47; stl_pct=0.51,tov_pct=-1.78; FTR=-1.55; height_inches=-1.48; drb_pct=-1.47; usg=-1.42,ast_tov,3.59451990680918
quality_lite_residual_bucketed_height_025,k7__division_zscore__quality_lite_residual_bucketed_height_025__method-nnls__init-aa_plus_plus__ninit-1,7,division_zscore,quality_lite_residual_bucketed_height_025,nnls,aa_plus_plus,0.3669273483464054,0.01931196570244239,19,mins_per_game,5,345,0.115,185,160,0.4675216531814609,FTR=3.54; height_inches=0.93; orb_pct=0.81; eFG=0.65; tov_pct=0.58,usg=-1.76; three_pct=-1.75; three_share=-1.46; three_pa_per_100_team_poss=-1.41; stl_pct=-1.27,ast_tov,-0.5390002919387739
quality_lite_residual_bucketed_height_025,k7__division_zscore__quality_lite_residual_bucketed_height_025__method-nnls__init-aa_plus_plus__ninit-1,7,division_zscore,quality_lite_residual_bucketed_height_025,nnls,aa_plus_plus,0.3669273483464054,0.01931196570244239,19,mins_per_game,6,368,0.1226666666666666,197,171,0.4440114333411888,stl_pct=3.41; usg=1.20; ast_pct=1.09; FTR=0.69; tov_pct=0.53,height_inches=-1.54; resid_three_share_height=-0.74; eFG=-0.65; blk_pct=-0.63; orb_pct=-0.53,ast_tov,-0.2419285677978221
quality_lite_residual_bucketed_height_025,k7__division_zscore__quality_lite_residual_bucketed_height_025__method-nnls__init-aa_plus_plus__ninit-1,7,division_zscore,quality_lite_residual_bucketed_height_025,nnls,aa_plus_plus,0.3669273483464054,0.01931196570244239,19,mins_per_game,7,224,0.0746666666666666,108,116,0.4184669485370267,tov_pct=3.77; blk_pct=0.04; stl_pct=-0.11; resid_drb_pct_height=-0.27; height_inches=-0.50,ft_pct=-3.05; eFG=-2.31; usg=-2.00; FTR=-1.64; three_pct=-1.64,ast_tov,-0.6667166746964707
quality_lite_residual_bucketed_height_025,k8__division_zscore__quality_lite_residual_bucketed_height_025__method-nnls__init-furthest_first__ninit-1,8,division_zscore,quality_lite_residual_bucketed_height_025,nnls,furthest_first,0.3408819073483981,0.017941153018336743,19,mins_per_game,1,392,0.1306666666666666,214,178,0.430214890356741,resid_orb_pct_height=3.08; resid_drb_pct_height=2.88; orb_pct=2.86; drb_pct=2.71; usg=1.72,three_share=-1.46; resid_three_share_height=-1.43; three_pa_per_100_team_poss=-1.35; stl_pct=-0.91; ast_tov=-0.76,ast_tov,-0.7553969764720491
quality_lite_residual_bucketed_height_025,k8__division_zscore__quality_lite_residual_bucketed_height_025__method-nnls__init-furthest_first__ninit-1,8,division_zscore,quality_lite_residual_bucketed_height_025,nnls,furthest_first,0.3408819073483981,0.017941153018336743,19,mins_per_game,2,393,0.131,204,189,0.4582960753920876,ast_tov=3.56; three_share=1.65; resid_three_share_height=1.52; three_pa_per_100_team_poss=1.10; three_pct=0.45,tov_pct=-1.73; usg=-1.42; FTR=-1.38; height_inches=-1.33; drb_pct=-1.25,ast_tov,3.5610220107650075
quality_lite_residual_bucketed_height_025,k8__division_zscore__quality_lite_residual_bucketed_height_025__method-nnls__init-furthest_first__ninit-1,8,division_zscore,quality_lite_residual_bucketed_height_025,nnls,furthest_first,0.3408819073483981,0.017941153018336743,19,mins_per_game,3,202,0.0673333333333333,109,93,0.4227786322277308,FTR=3.56; resid_orb_pct_height=0.59; orb_pct=0.32; stl_pct=0.24; height_inches=-0.27,three_pct=-1.93; resid_three_pct_shot_mix=-1.50; ast_pct=-1.36; resid_three_share_height=-1.28; three_pa_per_100_team_poss=-1.27,ast_tov,-1.0872936920224878
quality_lite_residual_bucketed_height_025,k8__division_zscore__quality_lite_residual_bucketed_height_025__method-nnls__init-furthest_first__ninit-1,8,division_zscore,quality_lite_residual_bucketed_height_025,nnls,furthest_first,0.3408819073483981,0.017941153018336743,19,mins_per_game,4,61,0.0203333333333333,28,33,0.3938075635801744,tov_pct=3.57; FTR=3.10; eFG=2.21; resid_three_pct_shot_mix=1.83; three_pct=1.57,usg=-1.55; orb_pct=-1.41; stl_pct=-1.29; three_pa_per_100_team_poss=-1.09; resid_orb_pct_height=-1.00,ast_tov,0.4264978253900714
quality_lite_residual_bucketed_height_025,k8__division_zscore__quality_lite_residual_bucketed_height_025__method-nnls__init-furthest_first__ninit-1,8,division_zscore,quality_lite_residual_bucketed_height_025,nnls,furthest_first,0.3408819073483981,0.017941153018336743,19,mins_per_game,5,150,0.05,78,72,0.4010188074941261,tov_pct=3.89; resid_drb_pct_height=0.30; stl_pct=0.27; resid_orb_pct_height=0.09; drb_pct=-0.18,ft_pct=-3.73; eFG=-2.96; usg=-2.05; three_pct=-2.05; FTR=-1.93,ast_tov,-0.3456876111084001
quality_lite_residual_bucketed_height_025,k8__division_zscore__quality_lite_residual_bucketed_height_025__method-nnls__init-furthest_first__ninit-1,8,division_zscore,quality_lite_residual_bucketed_height_025,nnls,furthest_first,0.3408819073483981,0.017941153018336743,19,mins_per_game,6,829,0.2763333333333333,453,376,0.4567297808320393,three_pa_per_100_team_poss=2.47; resid_three_share_height=2.44; three_share=1.96; height_inches=0.97; three_pct=0.73,resid_orb_pct_height=-1.64; tov_pct=-1.52; ast_tov=-1.44; ast_pct=-1.43; FTR=-1.15,ast_tov,-1.435415533020619
quality_lite_residual_bucketed_height_025,k8__division_zscore__quality_lite_residual_bucketed_height_025__method-nnls__init-furthest_first__ninit-1,8,division_zscore,quality_lite_residual_bucketed_height_025,nnls,furthest_first,0.3408819073483981,0.017941153018336743,19,mins_per_game,7,709,0.2363333333333333,387,322,0.4853920522464342,ast_pct=2.56; usg=2.17; stl_pct=1.94; ft_pct=1.04; ast_tov=0.54,height_inches=-1.61; orb_pct=-0.91; resid_three_share_height=-0.61; drb_pct=-0.52; blk_pct=-0.48,ast_tov,0.5368177452830494
quality_lite_residual_bucketed_height_025,k8__division_zscore__quality_lite_residual_bucketed_height_025__method-nnls__init-furthest_first__ninit-1,8,division_zscore,quality_lite_residual_bucketed_height_025,nnls,furthest_first,0.3408819073483981,0.017941153018336743,19,mins_per_game,8,264,0.088,155,109,0.4717613331662954,blk_pct=4.02; height_inches=2.15; eFG=1.82; orb_pct=1.00; drb_pct=0.70,three_pct=-1.70; three_share=-1.54; three_pa_per_100_team_poss=-1.43; ast_tov=-1.09; stl_pct=-1.06,ast_tov,-1.0925235936333395
role_residual_bucketed_height_025,k6__division_zscore__role_residual_bucketed_height_025__method-nnls__init-furthest_sum__ninit-1,6,division_zscore,role_residual_bucketed_height_025,nnls,furthest_sum,0.3311750335975552,0.022078335573170346,15,mins_per_game|eFG|three_pct|ft_pct|resid_three_pct_shot_mix,1,375,0.125,201,174,0.4812507680037219,FTR=3.55; height_inches=0.75; orb_pct=0.69; tov_pct=0.39; resid_orb_pct_height=0.13,usg=-1.50; three_share=-1.43; three_pa_per_100_team_poss=-1.40; ast_pct=-1.27; resid_three_share_height=-1.09,ast_tov,-0.9058214266745112
role_residual_bucketed_height_025,k6__division_zscore__role_residual_bucketed_height_025__method-nnls__init-furthest_sum__ninit-1,6,division_zscore,role_residual_bucketed_height_025,nnls,furthest_sum,0.3311750335975552,0.022078335573170346,15,mins_per_game|eFG|three_pct|ft_pct|resid_three_pct_shot_mix,2,225,0.075,121,104,0.4375352831311541,tov_pct=3.86; stl_pct=-0.00; blk_pct=-0.00; resid_drb_pct_height=-0.10; ast_tov=-0.50,usg=-2.03; FTR=-1.80; resid_three_share_height=-1.29; three_pa_per_100_team_poss=-1.26; three_share=-1.06,ast_tov,-0.5039585653830069
role_residual_bucketed_height_025,k6__division_zscore__role_residual_bucketed_height_025__method-nnls__init-furthest_sum__ninit-1,6,division_zscore,role_residual_bucketed_height_025,nnls,furthest_sum,0.3311750335975552,0.022078335573170346,15,mins_per_game|eFG|three_pct|ft_pct|resid_three_pct_shot_mix,3,848,0.2826666666666667,463,385,0.5082987127011802,ast_pct=2.64; usg=2.06; stl_pct=1.72; resid_drb_pct_height=0.77; FTR=0.65,height_inches=-1.42; resid_three_share_height=-0.92; blk_pct=-0.65; orb_pct=-0.63; three_share=-0.43,ast_tov,0.6027519503814592
role_residual_bucketed_height_025,k6__division_zscore__role_residual_bucketed_height_025__method-nnls__init-furthest_sum__ninit-1,6,division_zscore,role_residual_bucketed_height_025,nnls,furthest_sum,0.3311750335975552,0.022078335573170346,15,mins_per_game|eFG|three_pct|ft_pct|resid_three_pct_shot_mix,4,715,0.2383333333333333,387,328,0.4666907608784416,three_pa_per_100_team_poss=2.47; resid_three_share_height=2.35; three_share=2.08; height_inches=0.50; usg=0.30,tov_pct=-1.64; resid_orb_pct_height=-1.46; FTR=-1.45; ast_tov=-1.44; ast_pct=-1.44,ast_tov,-1.44214953961142
role_residual_bucketed_height_025,k6__division_zscore__role_residual_bucketed_height_025__method-nnls__init-furthest_sum__ninit-1,6,division_zscore,role_residual_bucketed_height_025,nnls,furthest_sum,0.3311750335975552,0.022078335573170346,15,mins_per_game|eFG|three_pct|ft_pct|resid_three_pct_shot_mix,5,487,0.1623333333333333,272,215,0.4713862282635157,blk_pct=3.21; drb_pct=2.72; orb_pct=2.64; resid_drb_pct_height=2.56; resid_orb_pct_height=2.44,three_share=-1.56; three_pa_per_100_team_poss=-1.45; ast_tov=-1.10; resid_three_share_height=-1.02; ast_pct=-0.89,ast_tov,-1.0977360736116657
role_residual_bucketed_height_025,k6__division_zscore__role_residual_bucketed_height_025__method-nnls__init-furthest_sum__ninit-1,6,division_zscore,role_residual_bucketed_height_025,nnls,furthest_sum,0.3311750335975552,0.022078335573170346,15,mins_per_game|eFG|three_pct|ft_pct|resid_three_pct_shot_mix,6,350,0.1166666666666666,184,166,0.4634353619737837,ast_tov=3.56; three_share=1.99; resid_three_share_height=1.87; three_pa_per_100_team_poss=0.73; ast_pct=0.15,tov_pct=-1.80; usg=-1.76; FTR=-1.50; drb_pct=-1.20; orb_pct=-1.04,ast_tov,3.557955271884769
role_residual_bucketed_height_025,k7__division_zscore__role_residual_bucketed_height_025__method-nnls__init-uniform__ninit-1,7,division_zscore,role_residual_bucketed_height_025,nnls,uniform,0.2972109118524465,0.019814060790163103,15,mins_per_game|eFG|three_pct|ft_pct|resid_three_pct_shot_mix,1,271,0.0903333333333333,145,126,0.4606935430400947,FTR=3.51; height_inches=0.70; tov_pct=0.55; orb_pct=0.47; resid_orb_pct_height=-0.14,usg=-1.83; resid_drb_pct_height=-1.54; stl_pct=-1.50; three_pa_per_100_team_poss=-1.32; ast_pct=-1.27,ast_tov,-0.495672230616431
role_residual_bucketed_height_025,k7__division_zscore__role_residual_bucketed_height_025__method-nnls__init-uniform__ninit-1,7,division_zscore,role_residual_bucketed_height_025,nnls,uniform,0.2972109118524465,0.019814060790163103,15,mins_per_game|eFG|three_pct|ft_pct|resid_three_pct_shot_mix,2,714,0.238,381,333,0.4560898845402303,three_pa_per_100_team_poss=2.47; resid_three_share_height=2.32; three_share=2.11; height_inches=0.39; usg=0.32,tov_pct=-1.68; FTR=-1.52; ast_tov=-1.45; ast_pct=-1.42; resid_orb_pct_height=-1.36,ast_tov,-1.4504355918680951
role_residual_bucketed_height_025,k7__division_zscore__role_residual_bucketed_height_025__method-nnls__init-uniform__ninit-1,7,division_zscore,role_residual_bucketed_height_025,nnls,uniform,0.2972109118524465,0.019814060790163103,15,mins_per_game|eFG|three_pct|ft_pct|resid_three_pct_shot_mix,3,481,0.1603333333333333,273,208,0.4728745837975009,blk_pct=3.28; height_inches=2.18; drb_pct=2.16; orb_pct=1.93; resid_drb_pct_height=1.75,three_share=-1.57; three_pa_per_100_team_poss=-1.46; stl_pct=-1.40; resid_three_share_height=-1.01; ast_tov=-1.01,ast_tov,-1.0074433567909151
role_residual_bucketed_height_025,k7__division_zscore__role_residual_bucketed_height_025__method-nnls__init-uniform__ninit-1,7,division_zscore,role_residual_bucketed_height_025,nnls,uniform,0.2972109118524465,0.019814060790163103,15,mins_per_game|eFG|three_pct|ft_pct|resid_three_pct_shot_mix,4,284,0.0946666666666666,149,135,0.4498244958154683,ast_tov=3.61; three_share=2.20; resid_three_share_height=2.14; three_pa_per_100_team_poss=0.77; stl_pct=0.34,usg=-1.96; tov_pct=-1.92; FTR=-1.82; drb_pct=-1.20; orb_pct=-1.04,ast_tov,3.6052039264282385
role_residual_bucketed_height_025,k7__division_zscore__role_residual_bucketed_height_025__method-nnls__init-uniform__ninit-1,7,division_zscore,role_residual_bucketed_height_025,nnls,uniform,0.2972109118524465,0.019814060790163103,15,mins_per_game|eFG|three_pct|ft_pct|resid_three_pct_shot_mix,5,189,0.063,108,81,0.3911247100413145,stl_pct=3.24; resid_orb_pct_height=3.19; orb_pct=2.93; resid_drb_pct_height=1.62; drb_pct=1.47,resid_three_share_height=-1.84; three_share=-1.55; ast_tov=-1.50; three_pa_per_100_team_poss=-1.45; ast_pct=-1.36,ast_tov,-1.4968435455373577
role_residual_bucketed_height_025,k7__division_zscore__role_residual_bucketed_height_025__method-nnls__init-uniform__ninit-1,7,division_zscore,role_residual_bucketed_height_025,nnls,uniform,0.2972109118524465,0.019814060790163103,15,mins_per_game|eFG|three_pct|ft_pct|resid_three_pct_shot_mix,6,231,0.077,123,108,0.4336661886751903,tov_pct=3.81; resid_drb_pct_height=-0.03; blk_pct=-0.04; stl_pct=-0.10; ast_pct=-0.39,usg=-1.99; FTR=-1.74; three_pa_per_100_team_poss=-1.14; resid_three_share_height=-1.01; orb_pct=-1.01,ast_tov,-0.4431274707346994
role_residual_bucketed_height_025,k7__division_zscore__role_residual_bucketed_height_025__method-nnls__init-uniform__ninit-1,7,division_zscore,role_residual_bucketed_height_025,nnls,uniform,0.2972109118524465,0.019814060790163103,15,mins_per_game|eFG|three_pct|ft_pct|resid_three_pct_shot_mix,7,830,0.2766666666666666,449,381,0.4991826181844833,ast_pct=2.86; usg=2.15; stl_pct=1.06; ast_tov=1.05; FTR=0.64,height_inches=-1.42; orb_pct=-0.79; resid_three_share_height=-0.78; blk_pct=-0.64; three_share=-0.30,ast_tov,1.0490531560795675
role_residual_bucketed_height_025,k8__division_zscore__role_residual_bucketed_height_025__method-nnls__init-uniform__ninit-1,8,division_zscore,role_residual_bucketed_height_025,nnls,uniform,0.2697788279717346,0.017985255198115637,15,mins_per_game|eFG|three_pct|ft_pct|resid_three_pct_shot_mix,1,134,0.0446666666666666,64,70,0.3903878264448893,stl_pct=3.26; tov_pct=3.23; FTR=3.14; ast_pct=0.84; usg=0.30,drb_pct=-1.86; height_inches=-1.48; resid_three_share_height=-1.43; resid_drb_pct_height=-1.43; orb_pct=-1.19,ast_tov,-0.6620261684320077
role_residual_bucketed_height_025,k8__division_zscore__role_residual_bucketed_height_025__method-nnls__init-uniform__ninit-1,8,division_zscore,role_residual_bucketed_height_025,nnls,uniform,0.2697788279717346,0.017985255198115637,15,mins_per_game|eFG|three_pct|ft_pct|resid_three_pct_shot_mix,2,170,0.0566666666666666,90,80,0.4224883320954408,FTR=3.56; orb_pct=0.94; height_inches=0.78; resid_orb_pct_height=0.41; ast_tov=0.27,usg=-2.16; stl_pct=-2.07; three_share=-1.55; three_pa_per_100_team_poss=-1.45; resid_drb_pct_height=-1.40,ast_tov,0.2726542483654253
role_residual_bucketed_height_025,k8__division_zscore__role_residual_bucketed_height_025__method-nnls__init-uniform__ninit-1,8,division_zscore,role_residual_bucketed_height_025,nnls,uniform,0.2697788279717346,0.017985255198115637,15,mins_per_game|eFG|three_pct|ft_pct|resid_three_pct_shot_mix,3,569,0.1896666666666666,323,246,0.4588483687416875,ast_pct=3.02; usg=1.89; ast_tov=1.87; resid_drb_pct_height=0.58; three_pa_per_100_team_poss=0.44,height_inches=-1.75; orb_pct=-0.84; resid_three_share_height=-0.74; blk_pct=-0.54; FTR=-0.52,ast_tov,1.867981783161584
role_residual_bucketed_height_025,k8__division_zscore__role_residual_bucketed_height_025__method-nnls__init-uniform__ninit-1,8,division_zscore,role_residual_bucketed_height_025,nnls,uniform,0.2697788279717346,0.017985255198115637,15,mins_per_game|eFG|three_pct|ft_pct|resid_three_pct_shot_mix,4,223,0.0743333333333333,123,100,0.4602767656248945,blk_pct=4.05; height_inches=2.11; drb_pct=0.82; orb_pct=0.79; tov_pct=0.78,stl_pct=-1.69; three_share=-1.53; three_pa_per_100_team_poss=-1.44; ast_tov=-1.23; ast_pct=-1.17,ast_tov,-1.2340961510584398
role_residual_bucketed_height_025,k8__division_zscore__role_residual_bucketed_height_025__method-nnls__init-uniform__ninit-1,8,division_zscore,role_residual_bucketed_height_025,nnls,uniform,0.2697788279717346,0.017985255198115637,15,mins_per_game|eFG|three_pct|ft_pct|resid_three_pct_shot_mix,5,804,0.268,442,362,0.4542302555282581,three_pa_per_100_team_poss=2.47; resid_three_share_height=2.29; three_share=2.08; usg=0.45; height_inches=0.30,tov_pct=-1.50; ast_tov=-1.42; ast_pct=-1.39; resid_orb_pct_height=-1.35; FTR=-1.30,ast_tov,-1.4164087568631645
role_residual_bucketed_height_025,k8__division_zscore__role_residual_bucketed_height_025__method-nnls__init-uniform__ninit-1,8,division_zscore,role_residual_bucketed_height_025,nnls,uniform,0.2697788279717346,0.017985255198115637,15,mins_per_game|eFG|three_pct|ft_pct|resid_three_pct_shot_mix,6,294,0.098,163,131,0.4187774607148855,ast_tov=3.61; resid_three_share_height=2.24; three_share=2.22; three_pa_per_100_team_poss=1.20; stl_pct=0.82,tov_pct=-2.33; usg=-1.84; FTR=-1.82; drb_pct=-1.41; resid_drb_pct_height=-1.28,ast_tov,3.605203926714307
role_residual_bucketed_height_025,k8__division_zscore__role_residual_bucketed_height_025__method-nnls__init-uniform__ninit-1,8,division_zscore,role_residual_bucketed_height_025,nnls,uniform,0.2697788279717346,0.017985255198115637,15,mins_per_game|eFG|three_pct|ft_pct|resid_three_pct_shot_mix,7,195,0.065,91,104,0.3991863856786151,tov_pct=3.79; resid_drb_pct_height=0.41; resid_orb_pct_height=0.23; stl_pct=0.02; ast_tov=-0.08,usg=-2.02; FTR=-1.89; resid_three_share_height=-1.58; three_pa_per_100_team_poss=-1.35; three_share=-1.31,ast_tov,-0.0757456600113325
role_residual_bucketed_height_025,k8__division_zscore__role_residual_bucketed_height_025__method-nnls__init-uniform__ninit-1,8,division_zscore,role_residual_bucketed_height_025,nnls,uniform,0.2697788279717346,0.017985255198115637,15,mins_per_game|eFG|three_pct|ft_pct|resid_three_pct_shot_mix,8,611,0.2036666666666666,332,279,0.4477858364976605,resid_orb_pct_height=2.83; orb_pct=2.63; resid_drb_pct_height=2.42; drb_pct=2.28; usg=1.51,resid_three_share_height=-1.48; three_share=-1.34; three_pa_per_100_team_poss=-1.16; ast_tov=-1.06; ast_pct=-0.46,ast_tov,-1.0605476221888552
quality_lite_residual_bucketed_height_025,k6__division_zscore__quality_lite_residual_bucketed_height_025__method-nnls__init-uniform__ninit-1,6,division_zscore,quality_lite_residual_bucketed_height_025,nnls,uniform,0.3952244837335131,0.020801288617553322,19,mins_per_game,1,399,0.133,211,188,0.4730662913059493,ast_tov=3.56; three_share=1.62; resid_three_share_height=1.51; three_pa_per_100_team_poss=1.03; stl_pct=0.47,tov_pct=-1.64; height_inches=-1.46; usg=-1.45; FTR=-1.36; drb_pct=-1.35,FTR,-1.3576078945340262
quality_lite_residual_bucketed_height_025,k6__division_zscore__quality_lite_residual_bucketed_height_025__method-nnls__init-uniform__ninit-1,6,division_zscore,quality_lite_residual_bucketed_height_025,nnls,uniform,0.3952244837335131,0.020801288617553322,19,mins_per_game,2,349,0.1163333333333333,185,164,0.4915999885620037,FTR=3.52; height_inches=0.74; orb_pct=0.73; tov_pct=0.57; eFG=0.38,three_pct=-1.55; usg=-1.49; three_share=-1.42; three_pa_per_100_team_poss=-1.38; ast_pct=-1.15,FTR,3.519711085845227
quality_lite_residual_bucketed_height_025,k6__division_zscore__quality_lite_residual_bucketed_height_025__method-nnls__init-uniform__ninit-1,6,division_zscore,quality_lite_residual_bucketed_height_025,nnls,uniform,0.3952244837335131,0.020801288617553322,19,mins_per_game,3,824,0.2746666666666666,453,371,0.501900181028704,ast_pct=2.61; usg=2.14; stl_pct=1.65; resid_drb_pct_height=0.95; ft_pct=0.80,height_inches=-1.45; resid_three_share_height=-0.95; blk_pct=-0.66; orb_pct=-0.64; three_share=-0.46,FTR,0.5815493761219865
quality_lite_residual_bucketed_height_025,k6__division_zscore__quality_lite_residual_bucketed_height_025__method-nnls__init-uniform__ninit-1,6,division_zscore,quality_lite_residual_bucketed_height_025,nnls,uniform,0.3952244837335131,0.020801288617553322,19,mins_per_game,4,214,0.0713333333333333,108,106,0.4403929689473806,tov_pct=3.78; stl_pct=-0.09; blk_pct=-0.10; resid_drb_pct_height=-0.31; height_inches=-0.51,ft_pct=-2.94; eFG=-2.22; usg=-2.02; three_pct=-1.59; FTR=-1.50,FTR,-1.4961533576594062
quality_lite_residual_bucketed_height_025,k6__division_zscore__quality_lite_residual_bucketed_height_025__method-nnls__init-uniform__ninit-1,6,division_zscore,quality_lite_residual_bucketed_height_025,nnls,uniform,0.3952244837335131,0.020801288617553322,19,mins_per_game,5,771,0.257,420,351,0.4648561235650095,three_pa_per_100_team_poss=2.48; resid_three_share_height=2.41; three_share=1.94; height_inches=0.96; three_pct=0.80,resid_orb_pct_height=-1.61; tov_pct=-1.53; ast_tov=-1.44; ast_pct=-1.41; resid_drb_pct_height=-1.09,FTR,-1.0595985678701154
quality_lite_residual_bucketed_height_025,k6__division_zscore__quality_lite_residual_bucketed_height_025__method-nnls__init-uniform__ninit-1,6,division_zscore,quality_lite_residual_bucketed_height_025,nnls,uniform,0.3952244837335131,0.020801288617553322,19,mins_per_game,6,443,0.1476666666666666,251,192,0.4697382230780533,blk_pct=3.32; drb_pct=2.71; orb_pct=2.71; resid_orb_pct_height=2.61; resid_drb_pct_height=2.56,three_pct=-1.96; three_share=-1.56; three_pa_per_100_team_poss=-1.45; ast_tov=-1.06; resid_three_share_height=-1.05,FTR,-0.0406893700060931
quality_lite_residual_bucketed_height_025,k7__division_zscore__quality_lite_residual_bucketed_height_025__method-nnls__init-aa_plus_plus__ninit-1,7,division_zscore,quality_lite_residual_bucketed_height_025,nnls,aa_plus_plus,0.3669273483464054,0.01931196570244239,19,mins_per_game,1,536,0.1786666666666666,297,239,0.4669809303706854,ast_pct=3.00; usg=2.13; ast_tov=1.24; ft_pct=0.74; resid_drb_pct_height=0.70,height_inches=-1.26; resid_three_share_height=-1.01; orb_pct=-0.79; blk_pct=-0.61; three_share=-0.53,FTR,0.0189503303811366
quality_lite_residual_bucketed_height_025,k7__division_zscore__quality_lite_residual_bucketed_height_025__method-nnls__init-aa_plus_plus__ninit-1,7,division_zscore,quality_lite_residual_bucketed_height_025,nnls,aa_plus_plus,0.3669273483464054,0.01931196570244239,19,mins_per_game,2,435,0.145,244,191,0.4642208016602736,blk_pct=3.31; drb_pct=2.72; orb_pct=2.72; resid_orb_pct_height=2.65; resid_drb_pct_height=2.57,three_pct=-1.96; three_share=-1.56; three_pa_per_100_team_poss=-1.45; resid_three_share_height=-1.06; ast_tov=-1.05,FTR,-0.041469067974897
quality_lite_residual_bucketed_height_025,k7__division_zscore__quality_lite_residual_bucketed_height_025__method-nnls__init-aa_plus_plus__ninit-1,7,division_zscore,quality_lite_residual_bucketed_height_025,nnls,aa_plus_plus,0.3669273483464054,0.01931196570244239,19,mins_per_game,3,777,0.259,425,352,0.4511478122644251,three_pa_per_100_team_poss=2.47; resid_three_share_height=2.41; three_share=1.93; height_inches=0.96; three_pct=0.84,resid_orb_pct_height=-1.63; tov_pct=-1.54; ast_tov=-1.41; ast_pct=-1.39; resid_drb_pct_height=-1.08,FTR,-1.00791380829366
quality_lite_residual_bucketed_height_025,k7__division_zscore__quality_lite_residual_bucketed_height_025__method-nnls__init-aa_plus_plus__ninit-1,7,division_zscore,quality_lite_residual_bucketed_height_025,nnls,aa_plus_plus,0.3669273483464054,0.01931196570244239,19,mins_per_game,4,315,0.105,172,143,0.4563268562320033,ast_tov=3.59; three_share=2.12; resid_three_share_height=2.01; three_pa_per_100_team_poss=1.47; stl_pct=0.51,tov_pct=-1.78; FTR=-1.55; height_inches=-1.48; drb_pct=-1.47; usg=-1.42,FTR,-1.5461313829203618
quality_lite_residual_bucketed_height_025,k7__division_zscore__quality_lite_residual_bucketed_height_025__method-nnls__init-aa_plus_plus__ninit-1,7,division_zscore,quality_lite_residual_bucketed_height_025,nnls,aa_plus_plus,0.3669273483464054,0.01931196570244239,19,mins_per_game,5,345,0.115,185,160,0.4675216531814609,FTR=3.54; height_inches=0.93; orb_pct=0.81; eFG=0.65; tov_pct=0.58,usg=-1.76; three_pct=-1.75; three_share=-1.46; three_pa_per_100_team_poss=-1.41; stl_pct=-1.27,FTR,3.5387470658566476
quality_lite_residual_bucketed_height_025,k7__division_zscore__quality_lite_residual_bucketed_height_025__method-nnls__init-aa_plus_plus__ninit-1,7,division_zscore,quality_lite_residual_bucketed_height_025,nnls,aa_plus_plus,0.3669273483464054,0.01931196570244239,19,mins_per_game,6,368,0.1226666666666666,197,171,0.4440114333411888,stl_pct=3.41; usg=1.20; ast_pct=1.09; FTR=0.69; tov_pct=0.53,height_inches=-1.54; resid_three_share_height=-0.74; eFG=-0.65; blk_pct=-0.63; orb_pct=-0.53,FTR,0.692246626500668
quality_lite_residual_bucketed_height_025,k7__division_zscore__quality_lite_residual_bucketed_height_025__method-nnls__init-aa_plus_plus__ninit-1,7,division_zscore,quality_lite_residual_bucketed_height_025,nnls,aa_plus_plus,0.3669273483464054,0.01931196570244239,19,mins_per_game,7,224,0.0746666666666666,108,116,0.4184669485370267,tov_pct=3.77; blk_pct=0.04; stl_pct=-0.11; resid_drb_pct_height=-0.27; height_inches=-0.50,ft_pct=-3.05; eFG=-2.31; usg=-2.00; FTR=-1.64; three_pct=-1.64,FTR,-1.6400159104919911
quality_lite_residual_bucketed_height_025,k8__division_zscore__quality_lite_residual_bucketed_height_025__method-nnls__init-furthest_first__ninit-1,8,division_zscore,quality_lite_residual_bucketed_height_025,nnls,furthest_first,0.3408819073483981,0.017941153018336743,19,mins_per_game,1,392,0.1306666666666666,214,178,0.430214890356741,resid_orb_pct_height=3.08; resid_drb_pct_height=2.88; orb_pct=2.86; drb_pct=2.71; usg=1.72,three_share=-1.46; resid_three_share_height=-1.43; three_pa_per_100_team_poss=-1.35; stl_pct=-0.91; ast_tov=-0.76,FTR,0.8053749232531227
quality_lite_residual_bucketed_height_025,k8__division_zscore__quality_lite_residual_bucketed_height_025__method-nnls__init-furthest_first__ninit-1,8,division_zscore,quality_lite_residual_bucketed_height_025,nnls,furthest_first,0.3408819073483981,0.017941153018336743,19,mins_per_game,2,393,0.131,204,189,0.4582960753920876,ast_tov=3.56; three_share=1.65; resid_three_share_height=1.52; three_pa_per_100_team_poss=1.10; three_pct=0.45,tov_pct=-1.73; usg=-1.42; FTR=-1.38; height_inches=-1.33; drb_pct=-1.25,FTR,-1.3816007377512682
quality_lite_residual_bucketed_height_025,k8__division_zscore__quality_lite_residual_bucketed_height_025__method-nnls__init-furthest_first__ninit-1,8,division_zscore,quality_lite_residual_bucketed_height_025,nnls,furthest_first,0.3408819073483981,0.017941153018336743,19,mins_per_game,3,202,0.0673333333333333,109,93,0.4227786322277308,FTR=3.56; resid_orb_pct_height=0.59; orb_pct=0.32; stl_pct=0.24; height_inches=-0.27,three_pct=-1.93; resid_three_pct_shot_mix=-1.50; ast_pct=-1.36; resid_three_share_height=-1.28; three_pa_per_100_team_poss=-1.27,FTR,3.562483351410935
quality_lite_residual_bucketed_height_025,k8__division_zscore__quality_lite_residual_bucketed_height_025__method-nnls__init-furthest_first__ninit-1,8,division_zscore,quality_lite_residual_bucketed_height_025,nnls,furthest_first,0.3408819073483981,0.017941153018336743,19,mins_per_game,4,61,0.0203333333333333,28,33,0.3938075635801744,tov_pct=3.57; FTR=3.10; eFG=2.21; resid_three_pct_shot_mix=1.83; three_pct=1.57,usg=-1.55; orb_pct=-1.41; stl_pct=-1.29; three_pa_per_100_team_poss=-1.09; resid_orb_pct_height=-1.00,FTR,3.097400393237509
quality_lite_residual_bucketed_height_025,k8__division_zscore__quality_lite_residual_bucketed_height_025__method-nnls__init-furthest_first__ninit-1,8,division_zscore,quality_lite_residual_bucketed_height_025,nnls,furthest_first,0.3408819073483981,0.017941153018336743,19,mins_per_game,5,150,0.05,78,72,0.4010188074941261,tov_pct=3.89; resid_drb_pct_height=0.30; stl_pct=0.27; resid_orb_pct_height=0.09; drb_pct=-0.18,ft_pct=-3.73; eFG=-2.96; usg=-2.05; three_pct=-2.05; FTR=-1.93,FTR,-1.926819275420247
quality_lite_residual_bucketed_height_025,k8__division_zscore__quality_lite_residual_bucketed_height_025__method-nnls__init-furthest_first__ninit-1,8,division_zscore,quality_lite_residual_bucketed_height_025,nnls,furthest_first,0.3408819073483981,0.017941153018336743,19,mins_per_game,6,829,0.2763333333333333,453,376,0.4567297808320393,three_pa_per_100_team_poss=2.47; resid_three_share_height=2.44; three_share=1.96; height_inches=0.97; three_pct=0.73,resid_orb_pct_height=-1.64; tov_pct=-1.52; ast_tov=-1.44; ast_pct=-1.43; FTR=-1.15,FTR,-1.1462841162162574
quality_lite_residual_bucketed_height_025,k8__division_zscore__quality_lite_residual_bucketed_height_025__method-nnls__init-furthest_first__ninit-1,8,division_zscore,quality_lite_residual_bucketed_height_025,nnls,furthest_first,0.3408819073483981,0.017941153018336743,19,mins_per_game,7,709,0.2363333333333333,387,322,0.4853920522464342,ast_pct=2.56; usg=2.17; stl_pct=1.94; ft_pct=1.04; ast_tov=0.54,height_inches=-1.61; orb_pct=-0.91; resid_three_share_height=-0.61; drb_pct=-0.52; blk_pct=-0.48,FTR,0.2548692881964354
quality_lite_residual_bucketed_height_025,k8__division_zscore__quality_lite_residual_bucketed_height_025__method-nnls__init-furthest_first__ninit-1,8,division_zscore,quality_lite_residual_bucketed_height_025,nnls,furthest_first,0.3408819073483981,0.017941153018336743,19,mins_per_game,8,264,0.088,155,109,0.4717613331662954,blk_pct=4.02; height_inches=2.15; eFG=1.82; orb_pct=1.00; drb_pct=0.70,three_pct=-1.70; three_share=-1.54; three_pa_per_100_team_poss=-1.43; ast_tov=-1.09; stl_pct=-1.06,FTR,0.5628158846804348
role_residual_bucketed_height_025,k6__division_zscore__role_residual_bucketed_height_025__method-nnls__init-furthest_sum__ninit-1,6,division_zscore,role_residual_bucketed_height_025,nnls,furthest_sum,0.3311750335975552,0.022078335573170346,15,mins_per_game|eFG|three_pct|ft_pct|resid_three_pct_shot_mix,1,375,0.125,201,174,0.4812507680037219,FTR=3.55; height_inches=0.75; orb_pct=0.69; tov_pct=0.39; resid_orb_pct_height=0.13,usg=-1.50; three_share=-1.43; three_pa_per_100_team_poss=-1.40; ast_pct=-1.27; resid_three_share_height=-1.09,FTR,3.546047223494253
role_residual_bucketed_height_025,k6__division_zscore__role_residual_bucketed_height_025__method-nnls__init-furthest_sum__ninit-1,6,division_zscore,role_residual_bucketed_height_025,nnls,furthest_sum,0.3311750335975552,0.022078335573170346,15,mins_per_game|eFG|three_pct|ft_pct|resid_three_pct_shot_mix,2,225,0.075,121,104,0.4375352831311541,tov_pct=3.86; stl_pct=-0.00; blk_pct=-0.00; resid_drb_pct_height=-0.10; ast_tov=-0.50,usg=-2.03; FTR=-1.80; resid_three_share_height=-1.29; three_pa_per_100_team_poss=-1.26; three_share=-1.06,FTR,-1.798682175377788
role_residual_bucketed_height_025,k6__division_zscore__role_residual_bucketed_height_025__method-nnls__init-furthest_sum__ninit-1,6,division_zscore,role_residual_bucketed_height_025,nnls,furthest_sum,0.3311750335975552,0.022078335573170346,15,mins_per_game|eFG|three_pct|ft_pct|resid_three_pct_shot_mix,3,848,0.2826666666666667,463,385,0.5082987127011802,ast_pct=2.64; usg=2.06; stl_pct=1.72; resid_drb_pct_height=0.77; FTR=0.65,height_inches=-1.42; resid_three_share_height=-0.92; blk_pct=-0.65; orb_pct=-0.63; three_share=-0.43,FTR,0.6497724202890489
role_residual_bucketed_height_025,k6__division_zscore__role_residual_bucketed_height_025__method-nnls__init-furthest_sum__ninit-1,6,division_zscore,role_residual_bucketed_height_025,nnls,furthest_sum,0.3311750335975552,0.022078335573170346,15,mins_per_game|eFG|three_pct|ft_pct|resid_three_pct_shot_mix,4,715,0.2383333333333333,387,328,0.4666907608784416,three_pa_per_100_team_poss=2.47; resid_three_share_height=2.35; three_share=2.08; height_inches=0.50; usg=0.30,tov_pct=-1.64; resid_orb_pct_height=-1.46; FTR=-1.45; ast_tov=-1.44; ast_pct=-1.44,FTR,-1.4517668287695051
role_residual_bucketed_height_025,k6__division_zscore__role_residual_bucketed_height_025__method-nnls__init-furthest_sum__ninit-1,6,division_zscore,role_residual_bucketed_height_025,nnls,furthest_sum,0.3311750335975552,0.022078335573170346,15,mins_per_game|eFG|three_pct|ft_pct|resid_three_pct_shot_mix,5,487,0.1623333333333333,272,215,0.4713862282635157,blk_pct=3.21; drb_pct=2.72; orb_pct=2.64; resid_drb_pct_height=2.56; resid_orb_pct_height=2.44,three_share=-1.56; three_pa_per_100_team_poss=-1.45; ast_tov=-1.10; resid_three_share_height=-1.02; ast_pct=-0.89,FTR,0.048472844069789
role_residual_bucketed_height_025,k6__division_zscore__role_residual_bucketed_height_025__method-nnls__init-furthest_sum__ninit-1,6,division_zscore,role_residual_bucketed_height_025,nnls,furthest_sum,0.3311750335975552,0.022078335573170346,15,mins_per_game|eFG|three_pct|ft_pct|resid_three_pct_shot_mix,6,350,0.1166666666666666,184,166,0.4634353619737837,ast_tov=3.56; three_share=1.99; resid_three_share_height=1.87; three_pa_per_100_team_poss=0.73; ast_pct=0.15,tov_pct=-1.80; usg=-1.76; FTR=-1.50; drb_pct=-1.20; orb_pct=-1.04,FTR,-1.4951982301852953
role_residual_bucketed_height_025,k7__division_zscore__role_residual_bucketed_height_025__method-nnls__init-uniform__ninit-1,7,division_zscore,role_residual_bucketed_height_025,nnls,uniform,0.2972109118524465,0.019814060790163103,15,mins_per_game|eFG|three_pct|ft_pct|resid_three_pct_shot_mix,1,271,0.0903333333333333,145,126,0.4606935430400947,FTR=3.51; height_inches=0.70; tov_pct=0.55; orb_pct=0.47; resid_orb_pct_height=-0.14,usg=-1.83; resid_drb_pct_height=-1.54; stl_pct=-1.50; three_pa_per_100_team_poss=-1.32; ast_pct=-1.27,FTR,3.5127122974771403
role_residual_bucketed_height_025,k7__division_zscore__role_residual_bucketed_height_025__method-nnls__init-uniform__ninit-1,7,division_zscore,role_residual_bucketed_height_025,nnls,uniform,0.2972109118524465,0.019814060790163103,15,mins_per_game|eFG|three_pct|ft_pct|resid_three_pct_shot_mix,2,714,0.238,381,333,0.4560898845402303,three_pa_per_100_team_poss=2.47; resid_three_share_height=2.32; three_share=2.11; height_inches=0.39; usg=0.32,tov_pct=-1.68; FTR=-1.52; ast_tov=-1.45; ast_pct=-1.42; resid_orb_pct_height=-1.36,FTR,-1.522336105530905
role_residual_bucketed_height_025,k7__division_zscore__role_residual_bucketed_height_025__method-nnls__init-uniform__ninit-1,7,division_zscore,role_residual_bucketed_height_025,nnls,uniform,0.2972109118524465,0.019814060790163103,15,mins_per_game|eFG|three_pct|ft_pct|resid_three_pct_shot_mix,3,481,0.1603333333333333,273,208,0.4728745837975009,blk_pct=3.28; height_inches=2.18; drb_pct=2.16; orb_pct=1.93; resid_drb_pct_height=1.75,three_share=-1.57; three_pa_per_100_team_poss=-1.46; stl_pct=-1.40; resid_three_share_height=-1.01; ast_tov=-1.01,FTR,0.6370116023329073
role_residual_bucketed_height_025,k7__division_zscore__role_residual_bucketed_height_025__method-nnls__init-uniform__ninit-1,7,division_zscore,role_residual_bucketed_height_025,nnls,uniform,0.2972109118524465,0.019814060790163103,15,mins_per_game|eFG|three_pct|ft_pct|resid_three_pct_shot_mix,4,284,0.0946666666666666,149,135,0.4498244958154683,ast_tov=3.61; three_share=2.20; resid_three_share_height=2.14; three_pa_per_100_team_poss=0.77; stl_pct=0.34,usg=-1.96; tov_pct=-1.92; FTR=-1.82; drb_pct=-1.20; orb_pct=-1.04,FTR,-1.8155331366264944
role_residual_bucketed_height_025,k7__division_zscore__role_residual_bucketed_height_025__method-nnls__init-uniform__ninit-1,7,division_zscore,role_residual_bucketed_height_025,nnls,uniform,0.2972109118524465,0.019814060790163103,15,mins_per_game|eFG|three_pct|ft_pct|resid_three_pct_shot_mix,5,189,0.063,108,81,0.3911247100413145,stl_pct=3.24; resid_orb_pct_height=3.19; orb_pct=2.93; resid_drb_pct_height=1.62; drb_pct=1.47,resid_three_share_height=-1.84; three_share=-1.55; ast_tov=-1.50; three_pa_per_100_team_poss=-1.45; ast_pct=-1.36,FTR,0.405587672189479
role_residual_bucketed_height_025,k7__division_zscore__role_residual_bucketed_height_025__method-nnls__init-uniform__ninit-1,7,division_zscore,role_residual_bucketed_height_025,nnls,uniform,0.2972109118524465,0.019814060790163103,15,mins_per_game|eFG|three_pct|ft_pct|resid_three_pct_shot_mix,6,231,0.077,123,108,0.4336661886751903,tov_pct=3.81; resid_drb_pct_height=-0.03; blk_pct=-0.04; stl_pct=-0.10; ast_pct=-0.39,usg=-1.99; FTR=-1.74; three_pa_per_100_team_poss=-1.14; resid_three_share_height=-1.01; orb_pct=-1.01,FTR,-1.7444740392387166
role_residual_bucketed_height_025,k7__division_zscore__role_residual_bucketed_height_025__method-nnls__init-uniform__ninit-1,7,division_zscore,role_residual_bucketed_height_025,nnls,uniform,0.2972109118524465,0.019814060790163103,15,mins_per_game|eFG|three_pct|ft_pct|resid_three_pct_shot_mix,7,830,0.2766666666666666,449,381,0.4991826181844833,ast_pct=2.86; usg=2.15; stl_pct=1.06; ast_tov=1.05; FTR=0.64,height_inches=-1.42; orb_pct=-0.79; resid_three_share_height=-0.78; blk_pct=-0.64; three_share=-0.30,FTR,0.6391618165082045
role_residual_bucketed_height_025,k8__division_zscore__role_residual_bucketed_height_025__method-nnls__init-uniform__ninit-1,8,division_zscore,role_residual_bucketed_height_025,nnls,uniform,0.2697788279717346,0.017985255198115637,15,mins_per_game|eFG|three_pct|ft_pct|resid_three_pct_shot_mix,1,134,0.0446666666666666,64,70,0.3903878264448893,stl_pct=3.26; tov_pct=3.23; FTR=3.14; ast_pct=0.84; usg=0.30,drb_pct=-1.86; height_inches=-1.48; resid_three_share_height=-1.43; resid_drb_pct_height=-1.43; orb_pct=-1.19,FTR,3.13647551150445
role_residual_bucketed_height_025,k8__division_zscore__role_residual_bucketed_height_025__method-nnls__init-uniform__ninit-1,8,division_zscore,role_residual_bucketed_height_025,nnls,uniform,0.2697788279717346,0.017985255198115637,15,mins_per_game|eFG|three_pct|ft_pct|resid_three_pct_shot_mix,2,170,0.0566666666666666,90,80,0.4224883320954408,FTR=3.56; orb_pct=0.94; height_inches=0.78; resid_orb_pct_height=0.41; ast_tov=0.27,usg=-2.16; stl_pct=-2.07; three_share=-1.55; three_pa_per_100_team_poss=-1.45; resid_drb_pct_height=-1.40,FTR,3.562483353346512
role_residual_bucketed_height_025,k8__division_zscore__role_residual_bucketed_height_025__method-nnls__init-uniform__ninit-1,8,division_zscore,role_residual_bucketed_height_025,nnls,uniform,0.2697788279717346,0.017985255198115637,15,mins_per_game|eFG|three_pct|ft_pct|resid_three_pct_shot_mix,3,569,0.1896666666666666,323,246,0.4588483687416875,ast_pct=3.02; usg=1.89; ast_tov=1.87; resid_drb_pct_height=0.58; three_pa_per_100_team_poss=0.44,height_inches=-1.75; orb_pct=-0.84; resid_three_share_height=-0.74; blk_pct=-0.54; FTR=-0.52,FTR,-0.5181816066216273
role_residual_bucketed_height_025,k8__division_zscore__role_residual_bucketed_height_025__method-nnls__init-uniform__ninit-1,8,division_zscore,role_residual_bucketed_height_025,nnls,uniform,0.2697788279717346,0.017985255198115637,15,mins_per_game|eFG|three_pct|ft_pct|resid_three_pct_shot_mix,4,223,0.0743333333333333,123,100,0.4602767656248945,blk_pct=4.05; height_inches=2.11; drb_pct=0.82; orb_pct=0.79; tov_pct=0.78,stl_pct=-1.69; three_share=-1.53; three_pa_per_100_team_poss=-1.44; ast_tov=-1.23; ast_pct=-1.17,FTR,0.0883159287599331
role_residual_bucketed_height_025,k8__division_zscore__role_residual_bucketed_height_025__method-nnls__init-uniform__ninit-1,8,division_zscore,role_residual_bucketed_height_025,nnls,uniform,0.2697788279717346,0.017985255198115637,15,mins_per_game|eFG|three_pct|ft_pct|resid_three_pct_shot_mix,5,804,0.268,442,362,0.4542302555282581,three_pa_per_100_team_poss=2.47; resid_three_share_height=2.29; three_share=2.08; usg=0.45; height_inches=0.30,tov_pct=-1.50; ast_tov=-1.42; ast_pct=-1.39; resid_orb_pct_height=-1.35; FTR=-1.30,FTR,-1.2974259852344785
role_residual_bucketed_height_025,k8__division_zscore__role_residual_bucketed_height_025__method-nnls__init-uniform__ninit-1,8,division_zscore,role_residual_bucketed_height_025,nnls,uniform,0.2697788279717346,0.017985255198115637,15,mins_per_game|eFG|three_pct|ft_pct|resid_three_pct_shot_mix,6,294,0.098,163,131,0.4187774607148855,ast_tov=3.61; resid_three_share_height=2.24; three_share=2.22; three_pa_per_100_team_poss=1.20; stl_pct=0.82,tov_pct=-2.33; usg=-1.84; FTR=-1.82; drb_pct=-1.41; resid_drb_pct_height=-1.28,FTR,-1.815533136770559
role_residual_bucketed_height_025,k8__division_zscore__role_residual_bucketed_height_025__method-nnls__init-uniform__ninit-1,8,division_zscore,role_residual_bucketed_height_025,nnls,uniform,0.2697788279717346,0.017985255198115637,15,mins_per_game|eFG|three_pct|ft_pct|resid_three_pct_shot_mix,7,195,0.065,91,104,0.3991863856786151,tov_pct=3.79; resid_drb_pct_height=0.41; resid_orb_pct_height=0.23; stl_pct=0.02; ast_tov=-0.08,usg=-2.02; FTR=-1.89; resid_three_share_height=-1.58; three_pa_per_100_team_poss=-1.35; three_share=-1.31,FTR,-1.8911378713815945
role_residual_bucketed_height_025,k8__division_zscore__role_residual_bucketed_height_025__method-nnls__init-uniform__ninit-1,8,division_zscore,role_residual_bucketed_height_025,nnls,uniform,0.2697788279717346,0.017985255198115637,15,mins_per_game|eFG|three_pct|ft_pct|resid_three_pct_shot_mix,8,611,0.2036666666666666,332,279,0.4477858364976605,resid_orb_pct_height=2.83; orb_pct=2.63; resid_drb_pct_height=2.42; drb_pct=2.28; usg=1.51,resid_three_share_height=-1.48; three_share=-1.34; three_pa_per_100_team_poss=-1.16; ast_tov=-1.06; ast_pct=-0.46,FTR,0.715910155781034
quality_lite_residual_bucketed_height_025,k6__division_zscore__quality_lite_residual_bucketed_height_025__method-nnls__init-uniform__ninit-1,6,division_zscore,quality_lite_residual_bucketed_height_025,nnls,uniform,0.3952244837335131,0.020801288617553322,19,mins_per_game,1,399,0.133,211,188,0.4730662913059493,ast_tov=3.56; three_share=1.62; resid_three_share_height=1.51; three_pa_per_100_team_poss=1.03; stl_pct=0.47,tov_pct=-1.64; height_inches=-1.46; usg=-1.45; FTR=-1.36; drb_pct=-1.35,three_share,1.6237200041087516
quality_lite_residual_bucketed_height_025,k6__division_zscore__quality_lite_residual_bucketed_height_025__method-nnls__init-uniform__ninit-1,6,division_zscore,quality_lite_residual_bucketed_height_025,nnls,uniform,0.3952244837335131,0.020801288617553322,19,mins_per_game,2,349,0.1163333333333333,185,164,0.4915999885620037,FTR=3.52; height_inches=0.74; orb_pct=0.73; tov_pct=0.57; eFG=0.38,three_pct=-1.55; usg=-1.49; three_share=-1.42; three_pa_per_100_team_poss=-1.38; ast_pct=-1.15,three_share,-1.4188874835237577
quality_lite_residual_bucketed_height_025,k6__division_zscore__quality_lite_residual_bucketed_height_025__method-nnls__init-uniform__ninit-1,6,division_zscore,quality_lite_residual_bucketed_height_025,nnls,uniform,0.3952244837335131,0.020801288617553322,19,mins_per_game,3,824,0.2746666666666666,453,371,0.501900181028704,ast_pct=2.61; usg=2.14; stl_pct=1.65; resid_drb_pct_height=0.95; ft_pct=0.80,height_inches=-1.45; resid_three_share_height=-0.95; blk_pct=-0.66; orb_pct=-0.64; three_share=-0.46,three_share,-0.4643235386091955
quality_lite_residual_bucketed_height_025,k6__division_zscore__quality_lite_residual_bucketed_height_025__method-nnls__init-uniform__ninit-1,6,division_zscore,quality_lite_residual_bucketed_height_025,nnls,uniform,0.3952244837335131,0.020801288617553322,19,mins_per_game,4,214,0.0713333333333333,108,106,0.4403929689473806,tov_pct=3.78; stl_pct=-0.09; blk_pct=-0.10; resid_drb_pct_height=-0.31; height_inches=-0.51,ft_pct=-2.94; eFG=-2.22; usg=-2.02; three_pct=-1.59; FTR=-1.50,three_share,-0.9955878438306894
quality_lite_residual_bucketed_height_025,k6__division_zscore__quality_lite_residual_bucketed_height_025__method-nnls__init-uniform__ninit-1,6,division_zscore,quality_lite_residual_bucketed_height_025,nnls,uniform,0.3952244837335131,0.020801288617553322,19,mins_per_game,5,771,0.257,420,351,0.4648561235650095,three_pa_per_100_team_poss=2.48; resid_three_share_height=2.41; three_share=1.94; height_inches=0.96; three_pct=0.80,resid_orb_pct_height=-1.61; tov_pct=-1.53; ast_tov=-1.44; ast_pct=-1.41; resid_drb_pct_height=-1.09,three_share,1.944698843531604
quality_lite_residual_bucketed_height_025,k6__division_zscore__quality_lite_residual_bucketed_height_025__method-nnls__init-uniform__ninit-1,6,division_zscore,quality_lite_residual_bucketed_height_025,nnls,uniform,0.3952244837335131,0.020801288617553322,19,mins_per_game,6,443,0.1476666666666666,251,192,0.4697382230780533,blk_pct=3.32; drb_pct=2.71; orb_pct=2.71; resid_orb_pct_height=2.61; resid_drb_pct_height=2.56,three_pct=-1.96; three_share=-1.56; three_pa_per_100_team_poss=-1.45; ast_tov=-1.06; resid_three_share_height=-1.05,three_share,-1.5597092744297998
quality_lite_residual_bucketed_height_025,k7__division_zscore__quality_lite_residual_bucketed_height_025__method-nnls__init-aa_plus_plus__ninit-1,7,division_zscore,quality_lite_residual_bucketed_height_025,nnls,aa_plus_plus,0.3669273483464054,0.01931196570244239,19,mins_per_game,1,536,0.1786666666666666,297,239,0.4669809303706854,ast_pct=3.00; usg=2.13; ast_tov=1.24; ft_pct=0.74; resid_drb_pct_height=0.70,height_inches=-1.26; resid_three_share_height=-1.01; orb_pct=-0.79; blk_pct=-0.61; three_share=-0.53,three_share,-0.5271142744943947
quality_lite_residual_bucketed_height_025,k7__division_zscore__quality_lite_residual_bucketed_height_025__method-nnls__init-aa_plus_plus__ninit-1,7,division_zscore,quality_lite_residual_bucketed_height_025,nnls,aa_plus_plus,0.3669273483464054,0.01931196570244239,19,mins_per_game,2,435,0.145,244,191,0.4642208016602736,blk_pct=3.31; drb_pct=2.72; orb_pct=2.72; resid_orb_pct_height=2.65; resid_drb_pct_height=2.57,three_pct=-1.96; three_share=-1.56; three_pa_per_100_team_poss=-1.45; resid_three_share_height=-1.06; ast_tov=-1.05,three_share,-1.559107177797094
quality_lite_residual_bucketed_height_025,k7__division_zscore__quality_lite_residual_bucketed_height_025__method-nnls__init-aa_plus_plus__ninit-1,7,division_zscore,quality_lite_residual_bucketed_height_025,nnls,aa_plus_plus,0.3669273483464054,0.01931196570244239,19,mins_per_game,3,777,0.259,425,352,0.4511478122644251,three_pa_per_100_team_poss=2.47; resid_three_share_height=2.41; three_share=1.93; height_inches=0.96; three_pct=0.84,resid_orb_pct_height=-1.63; tov_pct=-1.54; ast_tov=-1.41; ast_pct=-1.39; resid_drb_pct_height=-1.08,three_share,1.9336877226049616
quality_lite_residual_bucketed_height_025,k7__division_zscore__quality_lite_residual_bucketed_height_025__method-nnls__init-aa_plus_plus__ninit-1,7,division_zscore,quality_lite_residual_bucketed_height_025,nnls,aa_plus_plus,0.3669273483464054,0.01931196570244239,19,mins_per_game,4,315,0.105,172,143,0.4563268562320033,ast_tov=3.59; three_share=2.12; resid_three_share_height=2.01; three_pa_per_100_team_poss=1.47; stl_pct=0.51,tov_pct=-1.78; FTR=-1.55; height_inches=-1.48; drb_pct=-1.47; usg=-1.42,three_share,2.1226906737732385
quality_lite_residual_bucketed_height_025,k7__division_zscore__quality_lite_residual_bucketed_height_025__method-nnls__init-aa_plus_plus__ninit-1,7,division_zscore,quality_lite_residual_bucketed_height_025,nnls,aa_plus_plus,0.3669273483464054,0.01931196570244239,19,mins_per_game,5,345,0.115,185,160,0.4675216531814609,FTR=3.54; height_inches=0.93; orb_pct=0.81; eFG=0.65; tov_pct=0.58,usg=-1.76; three_pct=-1.75; three_share=-1.46; three_pa_per_100_team_poss=-1.41; stl_pct=-1.27,three_share,-1.4554546611336314
quality_lite_residual_bucketed_height_025,k7__division_zscore__quality_lite_residual_bucketed_height_025__method-nnls__init-aa_plus_plus__ninit-1,7,division_zscore,quality_lite_residual_bucketed_height_025,nnls,aa_plus_plus,0.3669273483464054,0.01931196570244239,19,mins_per_game,6,368,0.1226666666666666,197,171,0.4440114333411888,stl_pct=3.41; usg=1.20; ast_pct=1.09; FTR=0.69; tov_pct=0.53,height_inches=-1.54; resid_three_share_height=-0.74; eFG=-0.65; blk_pct=-0.63; orb_pct=-0.53,three_share,-0.264233195879349
quality_lite_residual_bucketed_height_025,k7__division_zscore__quality_lite_residual_bucketed_height_025__method-nnls__init-aa_plus_plus__ninit-1,7,division_zscore,quality_lite_residual_bucketed_height_025,nnls,aa_plus_plus,0.3669273483464054,0.01931196570244239,19,mins_per_game,7,224,0.0746666666666666,108,116,0.4184669485370267,tov_pct=3.77; blk_pct=0.04; stl_pct=-0.11; resid_drb_pct_height=-0.27; height_inches=-0.50,ft_pct=-3.05; eFG=-2.31; usg=-2.00; FTR=-1.64; three_pct=-1.64,three_share,-1.0533015859389487
quality_lite_residual_bucketed_height_025,k8__division_zscore__quality_lite_residual_bucketed_height_025__method-nnls__init-furthest_first__ninit-1,8,division_zscore,quality_lite_residual_bucketed_height_025,nnls,furthest_first,0.3408819073483981,0.017941153018336743,19,mins_per_game,1,392,0.1306666666666666,214,178,0.430214890356741,resid_orb_pct_height=3.08; resid_drb_pct_height=2.88; orb_pct=2.86; drb_pct=2.71; usg=1.72,three_share=-1.46; resid_three_share_height=-1.43; three_pa_per_100_team_poss=-1.35; stl_pct=-0.91; ast_tov=-0.76,three_share,-1.4551553034172868
quality_lite_residual_bucketed_height_025,k8__division_zscore__quality_lite_residual_bucketed_height_025__method-nnls__init-furthest_first__ninit-1,8,division_zscore,quality_lite_residual_bucketed_height_025,nnls,furthest_first,0.3408819073483981,0.017941153018336743,19,mins_per_game,2,393,0.131,204,189,0.4582960753920876,ast_tov=3.56; three_share=1.65; resid_three_share_height=1.52; three_pa_per_100_team_poss=1.10; three_pct=0.45,tov_pct=-1.73; usg=-1.42; FTR=-1.38; height_inches=-1.33; drb_pct=-1.25,three_share,1.645529701777136
quality_lite_residual_bucketed_height_025,k8__division_zscore__quality_lite_residual_bucketed_height_025__method-nnls__init-furthest_first__ninit-1,8,division_zscore,quality_lite_residual_bucketed_height_025,nnls,furthest_first,0.3408819073483981,0.017941153018336743,19,mins_per_game,3,202,0.0673333333333333,109,93,0.4227786322277308,FTR=3.56; resid_orb_pct_height=0.59; orb_pct=0.32; stl_pct=0.24; height_inches=-0.27,three_pct=-1.93; resid_three_pct_shot_mix=-1.50; ast_pct=-1.36; resid_three_share_height=-1.28; three_pa_per_100_team_poss=-1.27,three_share,-1.111476924273461
quality_lite_residual_bucketed_height_025,k8__division_zscore__quality_lite_residual_bucketed_height_025__method-nnls__init-furthest_first__ninit-1,8,division_zscore,quality_lite_residual_bucketed_height_025,nnls,furthest_first,0.3408819073483981,0.017941153018336743,19,mins_per_game,4,61,0.0203333333333333,28,33,0.3938075635801744,tov_pct=3.57; FTR=3.10; eFG=2.21; resid_three_pct_shot_mix=1.83; three_pct=1.57,usg=-1.55; orb_pct=-1.41; stl_pct=-1.29; three_pa_per_100_team_poss=-1.09; resid_orb_pct_height=-1.00,three_share,-0.0892044693712464
quality_lite_residual_bucketed_height_025,k8__division_zscore__quality_lite_residual_bucketed_height_025__method-nnls__init-furthest_first__ninit-1,8,division_zscore,quality_lite_residual_bucketed_height_025,nnls,furthest_first,0.3408819073483981,0.017941153018336743,19,mins_per_game,5,150,0.05,78,72,0.4010188074941261,tov_pct=3.89; resid_drb_pct_height=0.30; stl_pct=0.27; resid_orb_pct_height=0.09; drb_pct=-0.18,ft_pct=-3.73; eFG=-2.96; usg=-2.05; three_pct=-2.05; FTR=-1.93,three_share,-1.4983168213488691
quality_lite_residual_bucketed_height_025,k8__division_zscore__quality_lite_residual_bucketed_height_025__method-nnls__init-furthest_first__ninit-1,8,division_zscore,quality_lite_residual_bucketed_height_025,nnls,furthest_first,0.3408819073483981,0.017941153018336743,19,mins_per_game,6,829,0.2763333333333333,453,376,0.4567297808320393,three_pa_per_100_team_poss=2.47; resid_three_share_height=2.44; three_share=1.96; height_inches=0.97; three_pct=0.73,resid_orb_pct_height=-1.64; tov_pct=-1.52; ast_tov=-1.44; ast_pct=-1.43; FTR=-1.15,three_share,1.9599724121575677
quality_lite_residual_bucketed_height_025,k8__division_zscore__quality_lite_residual_bucketed_height_025__method-nnls__init-furthest_first__ninit-1,8,division_zscore,quality_lite_residual_bucketed_height_025,nnls,furthest_first,0.3408819073483981,0.017941153018336743,19,mins_per_game,7,709,0.2363333333333333,387,322,0.4853920522464342,ast_pct=2.56; usg=2.17; stl_pct=1.94; ft_pct=1.04; ast_tov=0.54,height_inches=-1.61; orb_pct=-0.91; resid_three_share_height=-0.61; drb_pct=-0.52; blk_pct=-0.48,three_share,-0.1800849364215478
quality_lite_residual_bucketed_height_025,k8__division_zscore__quality_lite_residual_bucketed_height_025__method-nnls__init-furthest_first__ninit-1,8,division_zscore,quality_lite_residual_bucketed_height_025,nnls,furthest_first,0.3408819073483981,0.017941153018336743,19,mins_per_game,8,264,0.088,155,109,0.4717613331662954,blk_pct=4.02; height_inches=2.15; eFG=1.82; orb_pct=1.00; drb_pct=0.70,three_pct=-1.70; three_share=-1.54; three_pa_per_100_team_poss=-1.43; ast_tov=-1.09; stl_pct=-1.06,three_share,-1.5366045442951766
role_residual_bucketed_height_025,k6__division_zscore__role_residual_bucketed_height_025__method-nnls__init-furthest_sum__ninit-1,6,division_zscore,role_residual_bucketed_height_025,nnls,furthest_sum,0.3311750335975552,0.022078335573170346,15,mins_per_game|eFG|three_pct|ft_pct|resid_three_pct_shot_mix,1,375,0.125,201,174,0.4812507680037219,FTR=3.55; height_inches=0.75; orb_pct=0.69; tov_pct=0.39; resid_orb_pct_height=0.13,usg=-1.50; three_share=-1.43; three_pa_per_100_team_poss=-1.40; ast_pct=-1.27; resid_three_share_height=-1.09,three_share,-1.426081110965679
role_residual_bucketed_height_025,k6__division_zscore__role_residual_bucketed_height_025__method-nnls__init-furthest_sum__ninit-1,6,division_zscore,role_residual_bucketed_height_025,nnls,furthest_sum,0.3311750335975552,0.022078335573170346,15,mins_per_game|eFG|three_pct|ft_pct|resid_three_pct_shot_mix,2,225,0.075,121,104,0.4375352831311541,tov_pct=3.86; stl_pct=-0.00; blk_pct=-0.00; resid_drb_pct_height=-0.10; ast_tov=-0.50,usg=-2.03; FTR=-1.80; resid_three_share_height=-1.29; three_pa_per_100_team_poss=-1.26; three_share=-1.06,three_share,-1.0580190345829428
role_residual_bucketed_height_025,k6__division_zscore__role_residual_bucketed_height_025__method-nnls__init-furthest_sum__ninit-1,6,division_zscore,role_residual_bucketed_height_025,nnls,furthest_sum,0.3311750335975552,0.022078335573170346,15,mins_per_game|eFG|three_pct|ft_pct|resid_three_pct_shot_mix,3,848,0.2826666666666667,463,385,0.5082987127011802,ast_pct=2.64; usg=2.06; stl_pct=1.72; resid_drb_pct_height=0.77; FTR=0.65,height_inches=-1.42; resid_three_share_height=-0.92; blk_pct=-0.65; orb_pct=-0.63; three_share=-0.43,three_share,-0.4305287449103037
role_residual_bucketed_height_025,k6__division_zscore__role_residual_bucketed_height_025__method-nnls__init-furthest_sum__ninit-1,6,division_zscore,role_residual_bucketed_height_025,nnls,furthest_sum,0.3311750335975552,0.022078335573170346,15,mins_per_game|eFG|three_pct|ft_pct|resid_three_pct_shot_mix,4,715,0.2383333333333333,387,328,0.4666907608784416,three_pa_per_100_team_poss=2.47; resid_three_share_height=2.35; three_share=2.08; height_inches=0.50; usg=0.30,tov_pct=-1.64; resid_orb_pct_height=-1.46; FTR=-1.45; ast_tov=-1.44; ast_pct=-1.44,three_share,2.0806996877455917
role_residual_bucketed_height_025,k6__division_zscore__role_residual_bucketed_height_025__method-nnls__init-furthest_sum__ninit-1,6,division_zscore,role_residual_bucketed_height_025,nnls,furthest_sum,0.3311750335975552,0.022078335573170346,15,mins_per_game|eFG|three_pct|ft_pct|resid_three_pct_shot_mix,5,487,0.1623333333333333,272,215,0.4713862282635157,blk_pct=3.21; drb_pct=2.72; orb_pct=2.64; resid_drb_pct_height=2.56; resid_orb_pct_height=2.44,three_share=-1.56; three_pa_per_100_team_poss=-1.45; ast_tov=-1.10; resid_three_share_height=-1.02; ast_pct=-0.89,three_share,-1.5627743238098328
role_residual_bucketed_height_025,k6__division_zscore__role_residual_bucketed_height_025__method-nnls__init-furthest_sum__ninit-1,6,division_zscore,role_residual_bucketed_height_025,nnls,furthest_sum,0.3311750335975552,0.022078335573170346,15,mins_per_game|eFG|three_pct|ft_pct|resid_three_pct_shot_mix,6,350,0.1166666666666666,184,166,0.4634353619737837,ast_tov=3.56; three_share=1.99; resid_three_share_height=1.87; three_pa_per_100_team_poss=0.73; ast_pct=0.15,tov_pct=-1.80; usg=-1.76; FTR=-1.50; drb_pct=-1.20; orb_pct=-1.04,three_share,1.9868935311678988
role_residual_bucketed_height_025,k7__division_zscore__role_residual_bucketed_height_025__method-nnls__init-uniform__ninit-1,7,division_zscore,role_residual_bucketed_height_025,nnls,uniform,0.2972109118524465,0.019814060790163103,15,mins_per_game|eFG|three_pct|ft_pct|resid_three_pct_shot_mix,1,271,0.0903333333333333,145,126,0.4606935430400947,FTR=3.51; height_inches=0.70; tov_pct=0.55; orb_pct=0.47; resid_orb_pct_height=-0.14,usg=-1.83; resid_drb_pct_height=-1.54; stl_pct=-1.50; three_pa_per_100_team_poss=-1.32; ast_pct=-1.27,three_share,-1.2298621284113824
role_residual_bucketed_height_025,k7__division_zscore__role_residual_bucketed_height_025__method-nnls__init-uniform__ninit-1,7,division_zscore,role_residual_bucketed_height_025,nnls,uniform,0.2972109118524465,0.019814060790163103,15,mins_per_game|eFG|three_pct|ft_pct|resid_three_pct_shot_mix,2,714,0.238,381,333,0.4560898845402303,three_pa_per_100_team_poss=2.47; resid_three_share_height=2.32; three_share=2.11; height_inches=0.39; usg=0.32,tov_pct=-1.68; FTR=-1.52; ast_tov=-1.45; ast_pct=-1.42; resid_orb_pct_height=-1.36,three_share,2.112540628280944
role_residual_bucketed_height_025,k7__division_zscore__role_residual_bucketed_height_025__method-nnls__init-uniform__ninit-1,7,division_zscore,role_residual_bucketed_height_025,nnls,uniform,0.2972109118524465,0.019814060790163103,15,mins_per_game|eFG|three_pct|ft_pct|resid_three_pct_shot_mix,3,481,0.1603333333333333,273,208,0.4728745837975009,blk_pct=3.28; height_inches=2.18; drb_pct=2.16; orb_pct=1.93; resid_drb_pct_height=1.75,three_share=-1.57; three_pa_per_100_team_poss=-1.46; stl_pct=-1.40; resid_three_share_height=-1.01; ast_tov=-1.01,three_share,-1.5728654170832768
role_residual_bucketed_height_025,k7__division_zscore__role_residual_bucketed_height_025__method-nnls__init-uniform__ninit-1,7,division_zscore,role_residual_bucketed_height_025,nnls,uniform,0.2972109118524465,0.019814060790163103,15,mins_per_game|eFG|three_pct|ft_pct|resid_three_pct_shot_mix,4,284,0.0946666666666666,149,135,0.4498244958154683,ast_tov=3.61; three_share=2.20; resid_three_share_height=2.14; three_pa_per_100_team_poss=0.77; stl_pct=0.34,usg=-1.96; tov_pct=-1.92; FTR=-1.82; drb_pct=-1.20; orb_pct=-1.04,three_share,2.2035111495762667
role_residual_bucketed_height_025,k7__division_zscore__role_residual_bucketed_height_025__method-nnls__init-uniform__ninit-1,7,division_zscore,role_residual_bucketed_height_025,nnls,uniform,0.2972109118524465,0.019814060790163103,15,mins_per_game|eFG|three_pct|ft_pct|resid_three_pct_shot_mix,5,189,0.063,108,81,0.3911247100413145,stl_pct=3.24; resid_orb_pct_height=3.19; orb_pct=2.93; resid_drb_pct_height=1.62; drb_pct=1.47,resid_three_share_height=-1.84; three_share=-1.55; ast_tov=-1.50; three_pa_per_100_team_poss=-1.45; ast_pct=-1.36,three_share,-1.54951179220918
role_residual_bucketed_height_025,k7__division_zscore__role_residual_bucketed_height_025__method-nnls__init-uniform__ninit-1,7,division_zscore,role_residual_bucketed_height_025,nnls,uniform,0.2972109118524465,0.019814060790163103,15,mins_per_game|eFG|three_pct|ft_pct|resid_three_pct_shot_mix,6,231,0.077,123,108,0.4336661886751903,tov_pct=3.81; resid_drb_pct_height=-0.03; blk_pct=-0.04; stl_pct=-0.10; ast_pct=-0.39,usg=-1.99; FTR=-1.74; three_pa_per_100_team_poss=-1.14; resid_three_share_height=-1.01; orb_pct=-1.01,three_share,-0.7622973132520582
role_residual_bucketed_height_025,k7__division_zscore__role_residual_bucketed_height_025__method-nnls__init-uniform__ninit-1,7,division_zscore,role_residual_bucketed_height_025,nnls,uniform,0.2972109118524465,0.019814060790163103,15,mins_per_game|eFG|three_pct|ft_pct|resid_three_pct_shot_mix,7,830,0.2766666666666666,449,381,0.4991826181844833,ast_pct=2.86; usg=2.15; stl_pct=1.06; ast_tov=1.05; FTR=0.64,height_inches=-1.42; orb_pct=-0.79; resid_three_share_height=-0.78; blk_pct=-0.64; three_share=-0.30,three_share,-0.3046796945580145
role_residual_bucketed_height_025,k8__division_zscore__role_residual_bucketed_height_025__method-nnls__init-uniform__ninit-1,8,division_zscore,role_residual_bucketed_height_025,nnls,uniform,0.2697788279717346,0.017985255198115637,15,mins_per_game|eFG|three_pct|ft_pct|resid_three_pct_shot_mix,1,134,0.0446666666666666,64,70,0.3903878264448893,stl_pct=3.26; tov_pct=3.23; FTR=3.14; ast_pct=0.84; usg=0.30,drb_pct=-1.86; height_inches=-1.48; resid_three_share_height=-1.43; resid_drb_pct_height=-1.43; orb_pct=-1.19,three_share,-0.9412565198503734
role_residual_bucketed_height_025,k8__division_zscore__role_residual_bucketed_height_025__method-nnls__init-uniform__ninit-1,8,division_zscore,role_residual_bucketed_height_025,nnls,uniform,0.2697788279717346,0.017985255198115637,15,mins_per_game|eFG|three_pct|ft_pct|resid_three_pct_shot_mix,2,170,0.0566666666666666,90,80,0.4224883320954408,FTR=3.56; orb_pct=0.94; height_inches=0.78; resid_orb_pct_height=0.41; ast_tov=0.27,usg=-2.16; stl_pct=-2.07; three_share=-1.55; three_pa_per_100_team_poss=-1.45; resid_drb_pct_height=-1.40,three_share,-1.549511793431214
role_residual_bucketed_height_025,k8__division_zscore__role_residual_bucketed_height_025__method-nnls__init-uniform__ninit-1,8,division_zscore,role_residual_bucketed_height_025,nnls,uniform,0.2697788279717346,0.017985255198115637,15,mins_per_game|eFG|three_pct|ft_pct|resid_three_pct_shot_mix,3,569,0.1896666666666666,323,246,0.4588483687416875,ast_pct=3.02; usg=1.89; ast_tov=1.87; resid_drb_pct_height=0.58; three_pa_per_100_team_poss=0.44,height_inches=-1.75; orb_pct=-0.84; resid_three_share_height=-0.74; blk_pct=-0.54; FTR=-0.52,three_share,-0.2563381834821713
role_residual_bucketed_height_025,k8__division_zscore__role_residual_bucketed_height_025__method-nnls__init-uniform__ninit-1,8,division_zscore,role_residual_bucketed_height_025,nnls,uniform,0.2697788279717346,0.017985255198115637,15,mins_per_game|eFG|three_pct|ft_pct|resid_three_pct_shot_mix,4,223,0.0743333333333333,123,100,0.4602767656248945,blk_pct=4.05; height_inches=2.11; drb_pct=0.82; orb_pct=0.79; tov_pct=0.78,stl_pct=-1.69; three_share=-1.53; three_pa_per_100_team_poss=-1.44; ast_tov=-1.23; ast_pct=-1.17,three_share,-1.528579051294101
role_residual_bucketed_height_025,k8__division_zscore__role_residual_bucketed_height_025__method-nnls__init-uniform__ninit-1,8,division_zscore,role_residual_bucketed_height_025,nnls,uniform,0.2697788279717346,0.017985255198115637,15,mins_per_game|eFG|three_pct|ft_pct|resid_three_pct_shot_mix,5,804,0.268,442,362,0.4542302555282581,three_pa_per_100_team_poss=2.47; resid_three_share_height=2.29; three_share=2.08; usg=0.45; height_inches=0.30,tov_pct=-1.50; ast_tov=-1.42; ast_pct=-1.39; resid_orb_pct_height=-1.35; FTR=-1.30,three_share,2.075013591716773
role_residual_bucketed_height_025,k8__division_zscore__role_residual_bucketed_height_025__method-nnls__init-uniform__ninit-1,8,division_zscore,role_residual_bucketed_height_025,nnls,uniform,0.2697788279717346,0.017985255198115637,15,mins_per_game|eFG|three_pct|ft_pct|resid_three_pct_shot_mix,6,294,0.098,163,131,0.4187774607148855,ast_tov=3.61; resid_three_share_height=2.24; three_share=2.22; three_pa_per_100_team_poss=1.20; stl_pct=0.82,tov_pct=-2.33; usg=-1.84; FTR=-1.82; drb_pct=-1.41; resid_drb_pct_height=-1.28,three_share,2.2217836369525563
role_residual_bucketed_height_025,k8__division_zscore__role_residual_bucketed_height_025__method-nnls__init-uniform__ninit-1,8,division_zscore,role_residual_bucketed_height_025,nnls,uniform,0.2697788279717346,0.017985255198115637,15,mins_per_game|eFG|three_pct|ft_pct|resid_three_pct_shot_mix,7,195,0.065,91,104,0.3991863856786151,tov_pct=3.79; resid_drb_pct_height=0.41; resid_orb_pct_height=0.23; stl_pct=0.02; ast_tov=-0.08,usg=-2.02; FTR=-1.89; resid_three_share_height=-1.58; three_pa_per_100_team_poss=-1.35; three_share=-1.31,three_share,-1.310379564566386
role_residual_bucketed_height_025,k8__division_zscore__role_residual_bucketed_height_025__method-nnls__init-uniform__ninit-1,8,division_zscore,role_residual_bucketed_height_025,nnls,uniform,0.2697788279717346,0.017985255198115637,15,mins_per_game|eFG|three_pct|ft_pct|resid_three_pct_shot_mix,8,611,0.2036666666666666,332,279,0.4477858364976605,resid_orb_pct_height=2.83; orb_pct=2.63; resid_drb_pct_height=2.42; drb_pct=2.28; usg=1.51,resid_three_share_height=-1.48; three_share=-1.34; three_pa_per_100_team_poss=-1.16; ast_tov=-1.06; ast_pct=-0.46,three_share,-1.3384328920952613
quality_lite_residual_bucketed_height_025,k6__division_zscore__quality_lite_residual_bucketed_height_025__method-nnls__init-uniform__ninit-1,6,division_zscore,quality_lite_residual_bucketed_height_025,nnls,uniform,0.3952244837335131,0.020801288617553322,19,mins_per_game,1,399,0.133,211,188,0.4730662913059493,ast_tov=3.56; three_share=1.62; resid_three_share_height=1.51; three_pa_per_100_team_poss=1.03; stl_pct=0.47,tov_pct=-1.64; height_inches=-1.46; usg=-1.45; FTR=-1.36; drb_pct=-1.35,three_pa_per_100_team_poss,1.025677566076835
quality_lite_residual_bucketed_height_025,k6__division_zscore__quality_lite_residual_bucketed_height_025__method-nnls__init-uniform__ninit-1,6,division_zscore,quality_lite_residual_bucketed_height_025,nnls,uniform,0.3952244837335131,0.020801288617553322,19,mins_per_game,2,349,0.1163333333333333,185,164,0.4915999885620037,FTR=3.52; height_inches=0.74; orb_pct=0.73; tov_pct=0.57; eFG=0.38,three_pct=-1.55; usg=-1.49; three_share=-1.42; three_pa_per_100_team_poss=-1.38; ast_pct=-1.15,three_pa_per_100_team_poss,-1.3797916816460567
quality_lite_residual_bucketed_height_025,k6__division_zscore__quality_lite_residual_bucketed_height_025__method-nnls__init-uniform__ninit-1,6,division_zscore,quality_lite_residual_bucketed_height_025,nnls,uniform,0.3952244837335131,0.020801288617553322,19,mins_per_game,3,824,0.2746666666666666,453,371,0.501900181028704,ast_pct=2.61; usg=2.14; stl_pct=1.65; resid_drb_pct_height=0.95; ft_pct=0.80,height_inches=-1.45; resid_three_share_height=-0.95; blk_pct=-0.66; orb_pct=-0.64; three_share=-0.46,three_pa_per_100_team_poss,-0.0009639272929173
quality_lite_residual_bucketed_height_025,k6__division_zscore__quality_lite_residual_bucketed_height_025__method-nnls__init-uniform__ninit-1,6,division_zscore,quality_lite_residual_bucketed_height_025,nnls,uniform,0.3952244837335131,0.020801288617553322,19,mins_per_game,4,214,0.0713333333333333,108,106,0.4403929689473806,tov_pct=3.78; stl_pct=-0.09; blk_pct=-0.10; resid_drb_pct_height=-0.31; height_inches=-0.51,ft_pct=-2.94; eFG=-2.22; usg=-2.02; three_pct=-1.59; FTR=-1.50,three_pa_per_100_team_poss,-1.236169433728029
quality_lite_residual_bucketed_height_025,k6__division_zscore__quality_lite_residual_bucketed_height_025__method-nnls__init-uniform__ninit-1,6,division_zscore,quality_lite_residual_bucketed_height_025,nnls,uniform,0.3952244837335131,0.020801288617553322,19,mins_per_game,5,771,0.257,420,351,0.4648561235650095,three_pa_per_100_team_poss=2.48; resid_three_share_height=2.41; three_share=1.94; height_inches=0.96; three_pct=0.80,resid_orb_pct_height=-1.61; tov_pct=-1.53; ast_tov=-1.44; ast_pct=-1.41; resid_drb_pct_height=-1.09,three_pa_per_100_team_poss,2.476082189263682
quality_lite_residual_bucketed_height_025,k6__division_zscore__quality_lite_residual_bucketed_height_025__method-nnls__init-uniform__ninit-1,6,division_zscore,quality_lite_residual_bucketed_height_025,nnls,uniform,0.3952244837335131,0.020801288617553322,19,mins_per_game,6,443,0.1476666666666666,251,192,0.4697382230780533,blk_pct=3.32; drb_pct=2.71; orb_pct=2.71; resid_orb_pct_height=2.61; resid_drb_pct_height=2.56,three_pct=-1.96; three_share=-1.56; three_pa_per_100_team_poss=-1.45; ast_tov=-1.06; resid_three_share_height=-1.05,three_pa_per_100_team_poss,-1.4532335561740763
quality_lite_residual_bucketed_height_025,k7__division_zscore__quality_lite_residual_bucketed_height_025__method-nnls__init-aa_plus_plus__ninit-1,7,division_zscore,quality_lite_residual_bucketed_height_025,nnls,aa_plus_plus,0.3669273483464054,0.01931196570244239,19,mins_per_game,1,536,0.1786666666666666,297,239,0.4669809303706854,ast_pct=3.00; usg=2.13; ast_tov=1.24; ft_pct=0.74; resid_drb_pct_height=0.70,height_inches=-1.26; resid_three_share_height=-1.01; orb_pct=-0.79; blk_pct=-0.61; three_share=-0.53,three_pa_per_100_team_poss,0.0474686356780718
quality_lite_residual_bucketed_height_025,k7__division_zscore__quality_lite_residual_bucketed_height_025__method-nnls__init-aa_plus_plus__ninit-1,7,division_zscore,quality_lite_residual_bucketed_height_025,nnls,aa_plus_plus,0.3669273483464054,0.01931196570244239,19,mins_per_game,2,435,0.145,244,191,0.4642208016602736,blk_pct=3.31; drb_pct=2.72; orb_pct=2.72; resid_orb_pct_height=2.65; resid_drb_pct_height=2.57,three_pct=-1.96; three_share=-1.56; three_pa_per_100_team_poss=-1.45; resid_three_share_height=-1.06; ast_tov=-1.05,three_pa_per_100_team_poss,-1.4528985267269616
quality_lite_residual_bucketed_height_025,k7__division_zscore__quality_lite_residual_bucketed_height_025__method-nnls__init-aa_plus_plus__ninit-1,7,division_zscore,quality_lite_residual_bucketed_height_025,nnls,aa_plus_plus,0.3669273483464054,0.01931196570244239,19,mins_per_game,3,777,0.259,425,352,0.4511478122644251,three_pa_per_100_team_poss=2.47; resid_three_share_height=2.41; three_share=1.93; height_inches=0.96; three_pct=0.84,resid_orb_pct_height=-1.63; tov_pct=-1.54; ast_tov=-1.41; ast_pct=-1.39; resid_drb_pct_height=-1.08,three_pa_per_100_team_poss,2.473237241917506
quality_lite_residual_bucketed_height_025,k7__division_zscore__quality_lite_residual_bucketed_height_025__method-nnls__init-aa_plus_plus__ninit-1,7,division_zscore,quality_lite_residual_bucketed_height_025,nnls,aa_plus_plus,0.3669273483464054,0.01931196570244239,19,mins_per_game,4,315,0.105,172,143,0.4563268562320033,ast_tov=3.59; three_share=2.12; resid_three_share_height=2.01; three_pa_per_100_team_poss=1.47; stl_pct=0.51,tov_pct=-1.78; FTR=-1.55; height_inches=-1.48; drb_pct=-1.47; usg=-1.42,three_pa_per_100_team_poss,1.4650443879214037
quality_lite_residual_bucketed_height_025,k7__division_zscore__quality_lite_residual_bucketed_height_025__method-nnls__init-aa_plus_plus__ninit-1,7,division_zscore,quality_lite_residual_bucketed_height_025,nnls,aa_plus_plus,0.3669273483464054,0.01931196570244239,19,mins_per_game,5,345,0.115,185,160,0.4675216531814609,FTR=3.54; height_inches=0.93; orb_pct=0.81; eFG=0.65; tov_pct=0.58,usg=-1.76; three_pct=-1.75; three_share=-1.46; three_pa_per_100_team_poss=-1.41; stl_pct=-1.27,three_pa_per_100_team_poss,-1.4103818580025822
quality_lite_residual_bucketed_height_025,k7__division_zscore__quality_lite_residual_bucketed_height_025__method-nnls__init-aa_plus_plus__ninit-1,7,division_zscore,quality_lite_residual_bucketed_height_025,nnls,aa_plus_plus,0.3669273483464054,0.01931196570244239,19,mins_per_game,6,368,0.1226666666666666,197,171,0.4440114333411888,stl_pct=3.41; usg=1.20; ast_pct=1.09; FTR=0.69; tov_pct=0.53,height_inches=-1.54; resid_three_share_height=-0.74; eFG=-0.65; blk_pct=-0.63; orb_pct=-0.53,three_pa_per_100_team_poss,0.1220409403817336
quality_lite_residual_bucketed_height_025,k7__division_zscore__quality_lite_residual_bucketed_height_025__method-nnls__init-aa_plus_plus__ninit-1,7,division_zscore,quality_lite_residual_bucketed_height_025,nnls,aa_plus_plus,0.3669273483464054,0.01931196570244239,19,mins_per_game,7,224,0.0746666666666666,108,116,0.4184669485370267,tov_pct=3.77; blk_pct=0.04; stl_pct=-0.11; resid_drb_pct_height=-0.27; height_inches=-0.50,ft_pct=-3.05; eFG=-2.31; usg=-2.00; FTR=-1.64; three_pct=-1.64,three_pa_per_100_team_poss,-1.2560859867505338
quality_lite_residual_bucketed_height_025,k8__division_zscore__quality_lite_residual_bucketed_height_025__method-nnls__init-furthest_first__ninit-1,8,division_zscore,quality_lite_residual_bucketed_height_025,nnls,furthest_first,0.3408819073483981,0.017941153018336743,19,mins_per_game,1,392,0.1306666666666666,214,178,0.430214890356741,resid_orb_pct_height=3.08; resid_drb_pct_height=2.88; orb_pct=2.86; drb_pct=2.71; usg=1.72,three_share=-1.46; resid_three_share_height=-1.43; three_pa_per_100_team_poss=-1.35; stl_pct=-0.91; ast_tov=-0.76,three_pa_per_100_team_poss,-1.3463699449148223
quality_lite_residual_bucketed_height_025,k8__division_zscore__quality_lite_residual_bucketed_height_025__method-nnls__init-furthest_first__ninit-1,8,division_zscore,quality_lite_residual_bucketed_height_025,nnls,furthest_first,0.3408819073483981,0.017941153018336743,19,mins_per_game,2,393,0.131,204,189,0.4582960753920876,ast_tov=3.56; three_share=1.65; resid_three_share_height=1.52; three_pa_per_100_team_poss=1.10; three_pct=0.45,tov_pct=-1.73; usg=-1.42; FTR=-1.38; height_inches=-1.33; drb_pct=-1.25,three_pa_per_100_team_poss,1.100623064029832
quality_lite_residual_bucketed_height_025,k8__division_zscore__quality_lite_residual_bucketed_height_025__method-nnls__init-furthest_first__ninit-1,8,division_zscore,quality_lite_residual_bucketed_height_025,nnls,furthest_first,0.3408819073483981,0.017941153018336743,19,mins_per_game,3,202,0.0673333333333333,109,93,0.4227786322277308,FTR=3.56; resid_orb_pct_height=0.59; orb_pct=0.32; stl_pct=0.24; height_inches=-0.27,three_pct=-1.93; resid_three_pct_shot_mix=-1.50; ast_pct=-1.36; resid_three_share_height=-1.28; three_pa_per_100_team_poss=-1.27,three_pa_per_100_team_poss,-1.267867625965158
quality_lite_residual_bucketed_height_025,k8__division_zscore__quality_lite_residual_bucketed_height_025__method-nnls__init-furthest_first__ninit-1,8,division_zscore,quality_lite_residual_bucketed_height_025,nnls,furthest_first,0.3408819073483981,0.017941153018336743,19,mins_per_game,4,61,0.0203333333333333,28,33,0.3938075635801744,tov_pct=3.57; FTR=3.10; eFG=2.21; resid_three_pct_shot_mix=1.83; three_pct=1.57,usg=-1.55; orb_pct=-1.41; stl_pct=-1.29; three_pa_per_100_team_poss=-1.09; resid_orb_pct_height=-1.00,three_pa_per_100_team_poss,-1.0940837680378124
quality_lite_residual_bucketed_height_025,k8__division_zscore__quality_lite_residual_bucketed_height_025__method-nnls__init-furthest_first__ninit-1,8,division_zscore,quality_lite_residual_bucketed_height_025,nnls,furthest_first,0.3408819073483981,0.017941153018336743,19,mins_per_game,5,150,0.05,78,72,0.4010188074941261,tov_pct=3.89; resid_drb_pct_height=0.30; stl_pct=0.27; resid_orb_pct_height=0.09; drb_pct=-0.18,ft_pct=-3.73; eFG=-2.96; usg=-2.05; three_pct=-2.05; FTR=-1.93,three_pa_per_100_team_poss,-1.4277911686252018
quality_lite_residual_bucketed_height_025,k8__division_zscore__quality_lite_residual_bucketed_height_025__method-nnls__init-furthest_first__ninit-1,8,division_zscore,quality_lite_residual_bucketed_height_025,nnls,furthest_first,0.3408819073483981,0.017941153018336743,19,mins_per_game,6,829,0.2763333333333333,453,376,0.4567297808320393,three_pa_per_100_team_poss=2.47; resid_three_share_height=2.44; three_share=1.96; height_inches=0.97; three_pct=0.73,resid_orb_pct_height=-1.64; tov_pct=-1.52; ast_tov=-1.44; ast_pct=-1.43; FTR=-1.15,three_pa_per_100_team_poss,2.474284686639966
quality_lite_residual_bucketed_height_025,k8__division_zscore__quality_lite_residual_bucketed_height_025__method-nnls__init-furthest_first__ninit-1,8,division_zscore,quality_lite_residual_bucketed_height_025,nnls,furthest_first,0.3408819073483981,0.017941153018336743,19,mins_per_game,7,709,0.2363333333333333,387,322,0.4853920522464342,ast_pct=2.56; usg=2.17; stl_pct=1.94; ft_pct=1.04; ast_tov=0.54,height_inches=-1.61; orb_pct=-0.91; resid_three_share_height=-0.61; drb_pct=-0.52; blk_pct=-0.48,three_pa_per_100_team_poss,0.4053309897874864
quality_lite_residual_bucketed_height_025,k8__division_zscore__quality_lite_residual_bucketed_height_025__method-nnls__init-furthest_first__ninit-1,8,division_zscore,quality_lite_residual_bucketed_height_025,nnls,furthest_first,0.3408819073483981,0.017941153018336743,19,mins_per_game,8,264,0.088,155,109,0.4717613331662954,blk_pct=4.02; height_inches=2.15; eFG=1.82; orb_pct=1.00; drb_pct=0.70,three_pct=-1.70; three_share=-1.54; three_pa_per_100_team_poss=-1.43; ast_tov=-1.09; stl_pct=-1.06,three_pa_per_100_team_poss,-1.4315118220661098
role_residual_bucketed_height_025,k6__division_zscore__role_residual_bucketed_height_025__method-nnls__init-furthest_sum__ninit-1,6,division_zscore,role_residual_bucketed_height_025,nnls,furthest_sum,0.3311750335975552,0.022078335573170346,15,mins_per_game|eFG|three_pct|ft_pct|resid_three_pct_shot_mix,1,375,0.125,201,174,0.4812507680037219,FTR=3.55; height_inches=0.75; orb_pct=0.69; tov_pct=0.39; resid_orb_pct_height=0.13,usg=-1.50; three_share=-1.43; three_pa_per_100_team_poss=-1.40; ast_pct=-1.27; resid_three_share_height=-1.09,three_pa_per_100_team_poss,-1.3957130646765632
role_residual_bucketed_height_025,k6__division_zscore__role_residual_bucketed_height_025__method-nnls__init-furthest_sum__ninit-1,6,division_zscore,role_residual_bucketed_height_025,nnls,furthest_sum,0.3311750335975552,0.022078335573170346,15,mins_per_game|eFG|three_pct|ft_pct|resid_three_pct_shot_mix,2,225,0.075,121,104,0.4375352831311541,tov_pct=3.86; stl_pct=-0.00; blk_pct=-0.00; resid_drb_pct_height=-0.10; ast_tov=-0.50,usg=-2.03; FTR=-1.80; resid_three_share_height=-1.29; three_pa_per_100_team_poss=-1.26; three_share=-1.06,three_pa_per_100_team_poss,-1.258666581622817
role_residual_bucketed_height_025,k6__division_zscore__role_residual_bucketed_height_025__method-nnls__init-furthest_sum__ninit-1,6,division_zscore,role_residual_bucketed_height_025,nnls,furthest_sum,0.3311750335975552,0.022078335573170346,15,mins_per_game|eFG|three_pct|ft_pct|resid_three_pct_shot_mix,3,848,0.2826666666666667,463,385,0.5082987127011802,ast_pct=2.64; usg=2.06; stl_pct=1.72; resid_drb_pct_height=0.77; FTR=0.65,height_inches=-1.42; resid_three_share_height=-0.92; blk_pct=-0.65; orb_pct=-0.63; three_share=-0.43,three_pa_per_100_team_poss,0.0500323429258483
role_residual_bucketed_height_025,k6__division_zscore__role_residual_bucketed_height_025__method-nnls__init-furthest_sum__ninit-1,6,division_zscore,role_residual_bucketed_height_025,nnls,furthest_sum,0.3311750335975552,0.022078335573170346,15,mins_per_game|eFG|three_pct|ft_pct|resid_three_pct_shot_mix,4,715,0.2383333333333333,387,328,0.4666907608784416,three_pa_per_100_team_poss=2.47; resid_three_share_height=2.35; three_share=2.08; height_inches=0.50; usg=0.30,tov_pct=-1.64; resid_orb_pct_height=-1.46; FTR=-1.45; ast_tov=-1.44; ast_pct=-1.44,three_pa_per_100_team_poss,2.4702197805546113
role_residual_bucketed_height_025,k6__division_zscore__role_residual_bucketed_height_025__method-nnls__init-furthest_sum__ninit-1,6,division_zscore,role_residual_bucketed_height_025,nnls,furthest_sum,0.3311750335975552,0.022078335573170346,15,mins_per_game|eFG|three_pct|ft_pct|resid_three_pct_shot_mix,5,487,0.1623333333333333,272,215,0.4713862282635157,blk_pct=3.21; drb_pct=2.72; orb_pct=2.64; resid_drb_pct_height=2.56; resid_orb_pct_height=2.44,three_share=-1.56; three_pa_per_100_team_poss=-1.45; ast_tov=-1.10; resid_three_share_height=-1.02; ast_pct=-0.89,three_pa_per_100_team_poss,-1.4549390664075963
role_residual_bucketed_height_025,k6__division_zscore__role_residual_bucketed_height_025__method-nnls__init-furthest_sum__ninit-1,6,division_zscore,role_residual_bucketed_height_025,nnls,furthest_sum,0.3311750335975552,0.022078335573170346,15,mins_per_game|eFG|three_pct|ft_pct|resid_three_pct_shot_mix,6,350,0.1166666666666666,184,166,0.4634353619737837,ast_tov=3.56; three_share=1.99; resid_three_share_height=1.87; three_pa_per_100_team_poss=0.73; ast_pct=0.15,tov_pct=-1.80; usg=-1.76; FTR=-1.50; drb_pct=-1.20; orb_pct=-1.04,three_pa_per_100_team_poss,0.7308702758290688
role_residual_bucketed_height_025,k7__division_zscore__role_residual_bucketed_height_025__method-nnls__init-uniform__ninit-1,7,division_zscore,role_residual_bucketed_height_025,nnls,uniform,0.2972109118524465,0.019814060790163103,15,mins_per_game|eFG|three_pct|ft_pct|resid_three_pct_shot_mix,1,271,0.0903333333333333,145,126,0.4606935430400947,FTR=3.51; height_inches=0.70; tov_pct=0.55; orb_pct=0.47; resid_orb_pct_height=-0.14,usg=-1.83; resid_drb_pct_height=-1.54; stl_pct=-1.50; three_pa_per_100_team_poss=-1.32; ast_pct=-1.27,three_pa_per_100_team_poss,-1.3212869303182075
role_residual_bucketed_height_025,k7__division_zscore__role_residual_bucketed_height_025__method-nnls__init-uniform__ninit-1,7,division_zscore,role_residual_bucketed_height_025,nnls,uniform,0.2972109118524465,0.019814060790163103,15,mins_per_game|eFG|three_pct|ft_pct|resid_three_pct_shot_mix,2,714,0.238,381,333,0.4560898845402303,three_pa_per_100_team_poss=2.47; resid_three_share_height=2.32; three_share=2.11; height_inches=0.39; usg=0.32,tov_pct=-1.68; FTR=-1.52; ast_tov=-1.45; ast_pct=-1.42; resid_orb_pct_height=-1.36,three_pa_per_100_team_poss,2.4727067886758975
role_residual_bucketed_height_025,k7__division_zscore__role_residual_bucketed_height_025__method-nnls__init-uniform__ninit-1,7,division_zscore,role_residual_bucketed_height_025,nnls,uniform,0.2972109118524465,0.019814060790163103,15,mins_per_game|eFG|three_pct|ft_pct|resid_three_pct_shot_mix,3,481,0.1603333333333333,273,208,0.4728745837975009,blk_pct=3.28; height_inches=2.18; drb_pct=2.16; orb_pct=1.93; resid_drb_pct_height=1.75,three_share=-1.57; three_pa_per_100_team_poss=-1.46; stl_pct=-1.40; resid_three_share_height=-1.01; ast_tov=-1.01,three_pa_per_100_team_poss,-1.460554135158968
role_residual_bucketed_height_025,k7__division_zscore__role_residual_bucketed_height_025__method-nnls__init-uniform__ninit-1,7,division_zscore,role_residual_bucketed_height_025,nnls,uniform,0.2972109118524465,0.019814060790163103,15,mins_per_game|eFG|three_pct|ft_pct|resid_three_pct_shot_mix,4,284,0.0946666666666666,149,135,0.4498244958154683,ast_tov=3.61; three_share=2.20; resid_three_share_height=2.14; three_pa_per_100_team_poss=0.77; stl_pct=0.34,usg=-1.96; tov_pct=-1.92; FTR=-1.82; drb_pct=-1.20; orb_pct=-1.04,three_pa_per_100_team_poss,0.7717067373428865
role_residual_bucketed_height_025,k7__division_zscore__role_residual_bucketed_height_025__method-nnls__init-uniform__ninit-1,7,division_zscore,role_residual_bucketed_height_025,nnls,uniform,0.2972109118524465,0.019814060790163103,15,mins_per_game|eFG|three_pct|ft_pct|resid_three_pct_shot_mix,5,189,0.063,108,81,0.3911247100413145,stl_pct=3.24; resid_orb_pct_height=3.19; orb_pct=2.93; resid_drb_pct_height=1.62; drb_pct=1.47,resid_three_share_height=-1.84; three_share=-1.55; ast_tov=-1.50; three_pa_per_100_team_poss=-1.45; ast_pct=-1.36,three_pa_per_100_team_poss,-1.4475592889621434
role_residual_bucketed_height_025,k7__division_zscore__role_residual_bucketed_height_025__method-nnls__init-uniform__ninit-1,7,division_zscore,role_residual_bucketed_height_025,nnls,uniform,0.2972109118524465,0.019814060790163103,15,mins_per_game|eFG|three_pct|ft_pct|resid_three_pct_shot_mix,6,231,0.077,123,108,0.4336661886751903,tov_pct=3.81; resid_drb_pct_height=-0.03; blk_pct=-0.04; stl_pct=-0.10; ast_pct=-0.39,usg=-1.99; FTR=-1.74; three_pa_per_100_team_poss=-1.14; resid_three_share_height=-1.01; orb_pct=-1.01,three_pa_per_100_team_poss,-1.1378157208564712
role_residual_bucketed_height_025,k7__division_zscore__role_residual_bucketed_height_025__method-nnls__init-uniform__ninit-1,7,division_zscore,role_residual_bucketed_height_025,nnls,uniform,0.2972109118524465,0.019814060790163103,15,mins_per_game|eFG|three_pct|ft_pct|resid_three_pct_shot_mix,7,830,0.2766666666666666,449,381,0.4991826181844833,ast_pct=2.86; usg=2.15; stl_pct=1.06; ast_tov=1.05; FTR=0.64,height_inches=-1.42; orb_pct=-0.79; resid_three_share_height=-0.78; blk_pct=-0.64; three_share=-0.30,three_pa_per_100_team_poss,0.2263865959088316
role_residual_bucketed_height_025,k8__division_zscore__role_residual_bucketed_height_025__method-nnls__init-uniform__ninit-1,8,division_zscore,role_residual_bucketed_height_025,nnls,uniform,0.2697788279717346,0.017985255198115637,15,mins_per_game|eFG|three_pct|ft_pct|resid_three_pct_shot_mix,1,134,0.0446666666666666,64,70,0.3903878264448893,stl_pct=3.26; tov_pct=3.23; FTR=3.14; ast_pct=0.84; usg=0.30,drb_pct=-1.86; height_inches=-1.48; resid_three_share_height=-1.43; resid_drb_pct_height=-1.43; orb_pct=-1.19,three_pa_per_100_team_poss,-1.1155765117491436
role_residual_bucketed_height_025,k8__division_zscore__role_residual_bucketed_height_025__method-nnls__init-uniform__ninit-1,8,division_zscore,role_residual_bucketed_height_025,nnls,uniform,0.2697788279717346,0.017985255198115637,15,mins_per_game|eFG|three_pct|ft_pct|resid_three_pct_shot_mix,2,170,0.0566666666666666,90,80,0.4224883320954408,FTR=3.56; orb_pct=0.94; height_inches=0.78; resid_orb_pct_height=0.41; ast_tov=0.27,usg=-2.16; stl_pct=-2.07; three_share=-1.55; three_pa_per_100_team_poss=-1.45; resid_drb_pct_height=-1.40,three_pa_per_100_team_poss,-1.4475592901037688
role_residual_bucketed_height_025,k8__division_zscore__role_residual_bucketed_height_025__method-nnls__init-uniform__ninit-1,8,division_zscore,role_residual_bucketed_height_025,nnls,uniform,0.2697788279717346,0.017985255198115637,15,mins_per_game|eFG|three_pct|ft_pct|resid_three_pct_shot_mix,3,569,0.1896666666666666,323,246,0.4588483687416875,ast_pct=3.02; usg=1.89; ast_tov=1.87; resid_drb_pct_height=0.58; three_pa_per_100_team_poss=0.44,height_inches=-1.75; orb_pct=-0.84; resid_three_share_height=-0.74; blk_pct=-0.54; FTR=-0.52,three_pa_per_100_team_poss,0.4439820156320601
role_residual_bucketed_height_025,k8__division_zscore__role_residual_bucketed_height_025__method-nnls__init-uniform__ninit-1,8,division_zscore,role_residual_bucketed_height_025,nnls,uniform,0.2697788279717346,0.017985255198115637,15,mins_per_game|eFG|three_pct|ft_pct|resid_three_pct_shot_mix,4,223,0.0743333333333333,123,100,0.4602767656248945,blk_pct=4.05; height_inches=2.11; drb_pct=0.82; orb_pct=0.79; tov_pct=0.78,stl_pct=-1.69; three_share=-1.53; three_pa_per_100_team_poss=-1.44; ast_tov=-1.23; ast_pct=-1.17,three_pa_per_100_team_poss,-1.4382827416239732
role_residual_bucketed_height_025,k8__division_zscore__role_residual_bucketed_height_025__method-nnls__init-uniform__ninit-1,8,division_zscore,role_residual_bucketed_height_025,nnls,uniform,0.2697788279717346,0.017985255198115637,15,mins_per_game|eFG|three_pct|ft_pct|resid_three_pct_shot_mix,5,804,0.268,442,362,0.4542302555282581,three_pa_per_100_team_poss=2.47; resid_three_share_height=2.29; three_share=2.08; usg=0.45; height_inches=0.30,tov_pct=-1.50; ast_tov=-1.42; ast_pct=-1.39; resid_orb_pct_height=-1.35; FTR=-1.30,three_pa_per_100_team_poss,2.4728417595766197
role_residual_bucketed_height_025,k8__division_zscore__role_residual_bucketed_height_025__method-nnls__init-uniform__ninit-1,8,division_zscore,role_residual_bucketed_height_025,nnls,uniform,0.2697788279717346,0.017985255198115637,15,mins_per_game|eFG|three_pct|ft_pct|resid_three_pct_shot_mix,6,294,0.098,163,131,0.4187774607148855,ast_tov=3.61; resid_three_share_height=2.24; three_share=2.22; three_pa_per_100_team_poss=1.20; stl_pct=0.82,tov_pct=-2.33; usg=-1.84; FTR=-1.82; drb_pct=-1.41; resid_drb_pct_height=-1.28,three_pa_per_100_team_poss,1.2025709957572084
role_residual_bucketed_height_025,k8__division_zscore__role_residual_bucketed_height_025__method-nnls__init-uniform__ninit-1,8,division_zscore,role_residual_bucketed_height_025,nnls,uniform,0.2697788279717346,0.017985255198115637,15,mins_per_game|eFG|three_pct|ft_pct|resid_three_pct_shot_mix,7,195,0.065,91,104,0.3991863856786151,tov_pct=3.79; resid_drb_pct_height=0.41; resid_orb_pct_height=0.23; stl_pct=0.02; ast_tov=-0.08,usg=-2.02; FTR=-1.89; resid_three_share_height=-1.58; three_pa_per_100_team_poss=-1.35; three_share=-1.31,three_pa_per_100_team_poss,-1.351098136908481
role_residual_bucketed_height_025,k8__division_zscore__role_residual_bucketed_height_025__method-nnls__init-uniform__ninit-1,8,division_zscore,role_residual_bucketed_height_025,nnls,uniform,0.2697788279717346,0.017985255198115637,15,mins_per_game|eFG|three_pct|ft_pct|resid_three_pct_shot_mix,8,611,0.2036666666666666,332,279,0.4477858364976605,resid_orb_pct_height=2.83; orb_pct=2.63; resid_drb_pct_height=2.42; drb_pct=2.28; usg=1.51,resid_three_share_height=-1.48; three_share=-1.34; three_pa_per_100_team_poss=-1.16; ast_tov=-1.06; ast_pct=-0.46,three_pa_per_100_team_poss,-1.1601341218632035
quality_lite_residual_bucketed_height_025,k6__division_zscore__quality_lite_residual_bucketed_height_025__method-nnls__init-uniform__ninit-1,6,division_zscore,quality_lite_residual_bucketed_height_025,nnls,uniform,0.3952244837335131,0.020801288617553322,19,mins_per_game,1,399,0.133,211,188,0.4730662913059493,ast_tov=3.56; three_share=1.62; resid_three_share_height=1.51; three_pa_per_100_team_poss=1.03; stl_pct=0.47,tov_pct=-1.64; height_inches=-1.46; usg=-1.45; FTR=-1.36; drb_pct=-1.35,resid_three_share_height,1.5098405806961068
quality_lite_residual_bucketed_height_025,k6__division_zscore__quality_lite_residual_bucketed_height_025__method-nnls__init-uniform__ninit-1,6,division_zscore,quality_lite_residual_bucketed_height_025,nnls,uniform,0.3952244837335131,0.020801288617553322,19,mins_per_game,2,349,0.1163333333333333,185,164,0.4915999885620037,FTR=3.52; height_inches=0.74; orb_pct=0.73; tov_pct=0.57; eFG=0.38,three_pct=-1.55; usg=-1.49; three_share=-1.42; three_pa_per_100_team_poss=-1.38; ast_pct=-1.15,resid_three_share_height,-1.111892276858759
quality_lite_residual_bucketed_height_025,k6__division_zscore__quality_lite_residual_bucketed_height_025__method-nnls__init-uniform__ninit-1,6,division_zscore,quality_lite_residual_bucketed_height_025,nnls,uniform,0.3952244837335131,0.020801288617553322,19,mins_per_game,3,824,0.2746666666666666,453,371,0.501900181028704,ast_pct=2.61; usg=2.14; stl_pct=1.65; resid_drb_pct_height=0.95; ft_pct=0.80,height_inches=-1.45; resid_three_share_height=-0.95; blk_pct=-0.66; orb_pct=-0.64; three_share=-0.46,resid_three_share_height,-0.9460407050327284
quality_lite_residual_bucketed_height_025,k6__division_zscore__quality_lite_residual_bucketed_height_025__method-nnls__init-uniform__ninit-1,6,division_zscore,quality_lite_residual_bucketed_height_025,nnls,uniform,0.3952244837335131,0.020801288617553322,19,mins_per_game,4,214,0.0713333333333333,108,106,0.4403929689473806,tov_pct=3.78; stl_pct=-0.09; blk_pct=-0.10; resid_drb_pct_height=-0.31; height_inches=-0.51,ft_pct=-2.94; eFG=-2.22; usg=-2.02; three_pct=-1.59; FTR=-1.50,resid_three_share_height,-1.1624585991542915
quality_lite_residual_bucketed_height_025,k6__division_zscore__quality_lite_residual_bucketed_height_025__method-nnls__init-uniform__ninit-1,6,division_zscore,quality_lite_residual_bucketed_height_025,nnls,uniform,0.3952244837335131,0.020801288617553322,19,mins_per_game,5,771,0.257,420,351,0.4648561235650095,three_pa_per_100_team_poss=2.48; resid_three_share_height=2.41; three_share=1.94; height_inches=0.96; three_pct=0.80,resid_orb_pct_height=-1.61; tov_pct=-1.53; ast_tov=-1.44; ast_pct=-1.41; resid_drb_pct_height=-1.09,resid_three_share_height,2.414705065951998
quality_lite_residual_bucketed_height_025,k6__division_zscore__quality_lite_residual_bucketed_height_025__method-nnls__init-uniform__ninit-1,6,division_zscore,quality_lite_residual_bucketed_height_025,nnls,uniform,0.3952244837335131,0.020801288617553322,19,mins_per_game,6,443,0.1476666666666666,251,192,0.4697382230780533,blk_pct=3.32; drb_pct=2.71; orb_pct=2.71; resid_orb_pct_height=2.61; resid_drb_pct_height=2.56,three_pct=-1.96; three_share=-1.56; three_pa_per_100_team_poss=-1.45; ast_tov=-1.06; resid_three_share_height=-1.05,resid_three_share_height,-1.0479019366102222
quality_lite_residual_bucketed_height_025,k7__division_zscore__quality_lite_residual_bucketed_height_025__method-nnls__init-aa_plus_plus__ninit-1,7,division_zscore,quality_lite_residual_bucketed_height_025,nnls,aa_plus_plus,0.3669273483464054,0.01931196570244239,19,mins_per_game,1,536,0.1786666666666666,297,239,0.4669809303706854,ast_pct=3.00; usg=2.13; ast_tov=1.24; ft_pct=0.74; resid_drb_pct_height=0.70,height_inches=-1.26; resid_three_share_height=-1.01; orb_pct=-0.79; blk_pct=-0.61; three_share=-0.53,resid_three_share_height,-1.01496334062924
quality_lite_residual_bucketed_height_025,k7__division_zscore__quality_lite_residual_bucketed_height_025__method-nnls__init-aa_plus_plus__ninit-1,7,division_zscore,quality_lite_residual_bucketed_height_025,nnls,aa_plus_plus,0.3669273483464054,0.01931196570244239,19,mins_per_game,2,435,0.145,244,191,0.4642208016602736,blk_pct=3.31; drb_pct=2.72; orb_pct=2.72; resid_orb_pct_height=2.65; resid_drb_pct_height=2.57,three_pct=-1.96; three_share=-1.56; three_pa_per_100_team_poss=-1.45; resid_three_share_height=-1.06; ast_tov=-1.05,resid_three_share_height,-1.062342265238258
quality_lite_residual_bucketed_height_025,k7__division_zscore__quality_lite_residual_bucketed_height_025__method-nnls__init-aa_plus_plus__ninit-1,7,division_zscore,quality_lite_residual_bucketed_height_025,nnls,aa_plus_plus,0.3669273483464054,0.01931196570244239,19,mins_per_game,3,777,0.259,425,352,0.4511478122644251,three_pa_per_100_team_poss=2.47; resid_three_share_height=2.41; three_share=1.93; height_inches=0.96; three_pct=0.84,resid_orb_pct_height=-1.63; tov_pct=-1.54; ast_tov=-1.41; ast_pct=-1.39; resid_drb_pct_height=-1.08,resid_three_share_height,2.4076115226979415
quality_lite_residual_bucketed_height_025,k7__division_zscore__quality_lite_residual_bucketed_height_025__method-nnls__init-aa_plus_plus__ninit-1,7,division_zscore,quality_lite_residual_bucketed_height_025,nnls,aa_plus_plus,0.3669273483464054,0.01931196570244239,19,mins_per_game,4,315,0.105,172,143,0.4563268562320033,ast_tov=3.59; three_share=2.12; resid_three_share_height=2.01; three_pa_per_100_team_poss=1.47; stl_pct=0.51,tov_pct=-1.78; FTR=-1.55; height_inches=-1.48; drb_pct=-1.47; usg=-1.42,resid_three_share_height,2.014124655694322
quality_lite_residual_bucketed_height_025,k7__division_zscore__quality_lite_residual_bucketed_height_025__method-nnls__init-aa_plus_plus__ninit-1,7,division_zscore,quality_lite_residual_bucketed_height_025,nnls,aa_plus_plus,0.3669273483464054,0.01931196570244239,19,mins_per_game,5,345,0.115,185,160,0.4675216531814609,FTR=3.54; height_inches=0.93; orb_pct=0.81; eFG=0.65; tov_pct=0.58,usg=-1.76; three_pct=-1.75; three_share=-1.46; three_pa_per_100_team_poss=-1.41; stl_pct=-1.27,resid_three_share_height,-1.0482313688108191
quality_lite_residual_bucketed_height_025,k7__division_zscore__quality_lite_residual_bucketed_height_025__method-nnls__init-aa_plus_plus__ninit-1,7,division_zscore,quality_lite_residual_bucketed_height_025,nnls,aa_plus_plus,0.3669273483464054,0.01931196570244239,19,mins_per_game,6,368,0.1226666666666666,197,171,0.4440114333411888,stl_pct=3.41; usg=1.20; ast_pct=1.09; FTR=0.69; tov_pct=0.53,height_inches=-1.54; resid_three_share_height=-0.74; eFG=-0.65; blk_pct=-0.63; orb_pct=-0.53,resid_three_share_height,-0.7390398548357812
quality_lite_residual_bucketed_height_025,k7__division_zscore__quality_lite_residual_bucketed_height_025__method-nnls__init-aa_plus_plus__ninit-1,7,division_zscore,quality_lite_residual_bucketed_height_025,nnls,aa_plus_plus,0.3669273483464054,0.01931196570244239,19,mins_per_game,7,224,0.0746666666666666,108,116,0.4184669485370267,tov_pct=3.77; blk_pct=0.04; stl_pct=-0.11; resid_drb_pct_height=-0.27; height_inches=-0.50,ft_pct=-3.05; eFG=-2.31; usg=-2.00; FTR=-1.64; three_pct=-1.64,resid_three_share_height,-1.2158962579532715
quality_lite_residual_bucketed_height_025,k8__division_zscore__quality_lite_residual_bucketed_height_025__method-nnls__init-furthest_first__ninit-1,8,division_zscore,quality_lite_residual_bucketed_height_025,nnls,furthest_first,0.3408819073483981,0.017941153018336743,19,mins_per_game,1,392,0.1306666666666666,214,178,0.430214890356741,resid_orb_pct_height=3.08; resid_drb_pct_height=2.88; orb_pct=2.86; drb_pct=2.71; usg=1.72,three_share=-1.46; resid_three_share_height=-1.43; three_pa_per_100_team_poss=-1.35; stl_pct=-0.91; ast_tov=-0.76,resid_three_share_height,-1.4310930608832453
quality_lite_residual_bucketed_height_025,k8__division_zscore__quality_lite_residual_bucketed_height_025__method-nnls__init-furthest_first__ninit-1,8,division_zscore,quality_lite_residual_bucketed_height_025,nnls,furthest_first,0.3408819073483981,0.017941153018336743,19,mins_per_game,2,393,0.131,204,189,0.4582960753920876,ast_tov=3.56; three_share=1.65; resid_three_share_height=1.52; three_pa_per_100_team_poss=1.10; three_pct=0.45,tov_pct=-1.73; usg=-1.42; FTR=-1.38; height_inches=-1.33; drb_pct=-1.25,resid_three_share_height,1.5220781881317087
quality_lite_residual_bucketed_height_025,k8__division_zscore__quality_lite_residual_bucketed_height_025__method-nnls__init-furthest_first__ninit-1,8,division_zscore,quality_lite_residual_bucketed_height_025,nnls,furthest_first,0.3408819073483981,0.017941153018336743,19,mins_per_game,3,202,0.0673333333333333,109,93,0.4227786322277308,FTR=3.56; resid_orb_pct_height=0.59; orb_pct=0.32; stl_pct=0.24; height_inches=-0.27,three_pct=-1.93; resid_three_pct_shot_mix=-1.50; ast_pct=-1.36; resid_three_share_height=-1.28; three_pa_per_100_team_poss=-1.27,resid_three_share_height,-1.2785687250886169
quality_lite_residual_bucketed_height_025,k8__division_zscore__quality_lite_residual_bucketed_height_025__method-nnls__init-furthest_first__ninit-1,8,division_zscore,quality_lite_residual_bucketed_height_025,nnls,furthest_first,0.3408819073483981,0.017941153018336743,19,mins_per_game,4,61,0.0203333333333333,28,33,0.3938075635801744,tov_pct=3.57; FTR=3.10; eFG=2.21; resid_three_pct_shot_mix=1.83; three_pct=1.57,usg=-1.55; orb_pct=-1.41; stl_pct=-1.29; three_pa_per_100_team_poss=-1.09; resid_orb_pct_height=-1.00,resid_three_share_height,-0.4598202288008141
quality_lite_residual_bucketed_height_025,k8__division_zscore__quality_lite_residual_bucketed_height_025__method-nnls__init-furthest_first__ninit-1,8,division_zscore,quality_lite_residual_bucketed_height_025,nnls,furthest_first,0.3408819073483981,0.017941153018336743,19,mins_per_game,5,150,0.05,78,72,0.4010188074941261,tov_pct=3.89; resid_drb_pct_height=0.30; stl_pct=0.27; resid_orb_pct_height=0.09; drb_pct=-0.18,ft_pct=-3.73; eFG=-2.96; usg=-2.05; three_pct=-2.05; FTR=-1.93,resid_three_share_height,-1.6758398040448197
quality_lite_residual_bucketed_height_025,k8__division_zscore__quality_lite_residual_bucketed_height_025__method-nnls__init-furthest_first__ninit-1,8,division_zscore,quality_lite_residual_bucketed_height_025,nnls,furthest_first,0.3408819073483981,0.017941153018336743,19,mins_per_game,6,829,0.2763333333333333,453,376,0.4567297808320393,three_pa_per_100_team_poss=2.47; resid_three_share_height=2.44; three_share=1.96; height_inches=0.97; three_pct=0.73,resid_orb_pct_height=-1.64; tov_pct=-1.52; ast_tov=-1.44; ast_pct=-1.43; FTR=-1.15,resid_three_share_height,2.4447593115862856
quality_lite_residual_bucketed_height_025,k8__division_zscore__quality_lite_residual_bucketed_height_025__method-nnls__init-furthest_first__ninit-1,8,division_zscore,quality_lite_residual_bucketed_height_025,nnls,furthest_first,0.3408819073483981,0.017941153018336743,19,mins_per_game,7,709,0.2363333333333333,387,322,0.4853920522464342,ast_pct=2.56; usg=2.17; stl_pct=1.94; ft_pct=1.04; ast_tov=0.54,height_inches=-1.61; orb_pct=-0.91; resid_three_share_height=-0.61; drb_pct=-0.52; blk_pct=-0.48,resid_three_share_height,-0.6065229213307051
quality_lite_residual_bucketed_height_025,k8__division_zscore__quality_lite_residual_bucketed_height_025__method-nnls__init-furthest_first__ninit-1,8,division_zscore,quality_lite_residual_bucketed_height_025,nnls,furthest_first,0.3408819073483981,0.017941153018336743,19,mins_per_game,8,264,0.088,155,109,0.4717613331662954,blk_pct=4.02; height_inches=2.15; eFG=1.82; orb_pct=1.00; drb_pct=0.70,three_pct=-1.70; three_share=-1.54; three_pa_per_100_team_poss=-1.43; ast_tov=-1.09; stl_pct=-1.06,resid_three_share_height,-0.5720110618355698
role_residual_bucketed_height_025,k6__division_zscore__role_residual_bucketed_height_025__method-nnls__init-furthest_sum__ninit-1,6,division_zscore,role_residual_bucketed_height_025,nnls,furthest_sum,0.3311750335975552,0.022078335573170346,15,mins_per_game|eFG|three_pct|ft_pct|resid_three_pct_shot_mix,1,375,0.125,201,174,0.4812507680037219,FTR=3.55; height_inches=0.75; orb_pct=0.69; tov_pct=0.39; resid_orb_pct_height=0.13,usg=-1.50; three_share=-1.43; three_pa_per_100_team_poss=-1.40; ast_pct=-1.27; resid_three_share_height=-1.09,resid_three_share_height,-1.0884408026505652
role_residual_bucketed_height_025,k6__division_zscore__role_residual_bucketed_height_025__method-nnls__init-furthest_sum__ninit-1,6,division_zscore,role_residual_bucketed_height_025,nnls,furthest_sum,0.3311750335975552,0.022078335573170346,15,mins_per_game|eFG|three_pct|ft_pct|resid_three_pct_shot_mix,2,225,0.075,121,104,0.4375352831311541,tov_pct=3.86; stl_pct=-0.00; blk_pct=-0.00; resid_drb_pct_height=-0.10; ast_tov=-0.50,usg=-2.03; FTR=-1.80; resid_three_share_height=-1.29; three_pa_per_100_team_poss=-1.26; three_share=-1.06,resid_three_share_height,-1.2918859309846162
role_residual_bucketed_height_025,k6__division_zscore__role_residual_bucketed_height_025__method-nnls__init-furthest_sum__ninit-1,6,division_zscore,role_residual_bucketed_height_025,nnls,furthest_sum,0.3311750335975552,0.022078335573170346,15,mins_per_game|eFG|three_pct|ft_pct|resid_three_pct_shot_mix,3,848,0.2826666666666667,463,385,0.5082987127011802,ast_pct=2.64; usg=2.06; stl_pct=1.72; resid_drb_pct_height=0.77; FTR=0.65,height_inches=-1.42; resid_three_share_height=-0.92; blk_pct=-0.65; orb_pct=-0.63; three_share=-0.43,resid_three_share_height,-0.9192441822786932
role_residual_bucketed_height_025,k6__division_zscore__role_residual_bucketed_height_025__method-nnls__init-furthest_sum__ninit-1,6,division_zscore,role_residual_bucketed_height_025,nnls,furthest_sum,0.3311750335975552,0.022078335573170346,15,mins_per_game|eFG|three_pct|ft_pct|resid_three_pct_shot_mix,4,715,0.2383333333333333,387,328,0.4666907608784416,three_pa_per_100_team_poss=2.47; resid_three_share_height=2.35; three_share=2.08; height_inches=0.50; usg=0.30,tov_pct=-1.64; resid_orb_pct_height=-1.46; FTR=-1.45; ast_tov=-1.44; ast_pct=-1.44,resid_three_share_height,2.350550007595836
role_residual_bucketed_height_025,k6__division_zscore__role_residual_bucketed_height_025__method-nnls__init-furthest_sum__ninit-1,6,division_zscore,role_residual_bucketed_height_025,nnls,furthest_sum,0.3311750335975552,0.022078335573170346,15,mins_per_game|eFG|three_pct|ft_pct|resid_three_pct_shot_mix,5,487,0.1623333333333333,272,215,0.4713862282635157,blk_pct=3.21; drb_pct=2.72; orb_pct=2.64; resid_drb_pct_height=2.56; resid_orb_pct_height=2.44,three_share=-1.56; three_pa_per_100_team_poss=-1.45; ast_tov=-1.10; resid_three_share_height=-1.02; ast_pct=-0.89,resid_three_share_height,-1.016660182836778
role_residual_bucketed_height_025,k6__division_zscore__role_residual_bucketed_height_025__method-nnls__init-furthest_sum__ninit-1,6,division_zscore,role_residual_bucketed_height_025,nnls,furthest_sum,0.3311750335975552,0.022078335573170346,15,mins_per_game|eFG|three_pct|ft_pct|resid_three_pct_shot_mix,6,350,0.1166666666666666,184,166,0.4634353619737837,ast_tov=3.56; three_share=1.99; resid_three_share_height=1.87; three_pa_per_100_team_poss=0.73; ast_pct=0.15,tov_pct=-1.80; usg=-1.76; FTR=-1.50; drb_pct=-1.20; orb_pct=-1.04,resid_three_share_height,1.8706372853219664
role_residual_bucketed_height_025,k7__division_zscore__role_residual_bucketed_height_025__method-nnls__init-uniform__ninit-1,7,division_zscore,role_residual_bucketed_height_025,nnls,uniform,0.2972109118524465,0.019814060790163103,15,mins_per_game|eFG|three_pct|ft_pct|resid_three_pct_shot_mix,1,271,0.0903333333333333,145,126,0.4606935430400947,FTR=3.51; height_inches=0.70; tov_pct=0.55; orb_pct=0.47; resid_orb_pct_height=-0.14,usg=-1.83; resid_drb_pct_height=-1.54; stl_pct=-1.50; three_pa_per_100_team_poss=-1.32; ast_pct=-1.27,resid_three_share_height,-0.9426982937926048
role_residual_bucketed_height_025,k7__division_zscore__role_residual_bucketed_height_025__method-nnls__init-uniform__ninit-1,7,division_zscore,role_residual_bucketed_height_025,nnls,uniform,0.2972109118524465,0.019814060790163103,15,mins_per_game|eFG|three_pct|ft_pct|resid_three_pct_shot_mix,2,714,0.238,381,333,0.4560898845402303,three_pa_per_100_team_poss=2.47; resid_three_share_height=2.32; three_share=2.11; height_inches=0.39; usg=0.32,tov_pct=-1.68; FTR=-1.52; ast_tov=-1.45; ast_pct=-1.42; resid_orb_pct_height=-1.36,resid_three_share_height,2.322299414273526
role_residual_bucketed_height_025,k7__division_zscore__role_residual_bucketed_height_025__method-nnls__init-uniform__ninit-1,7,division_zscore,role_residual_bucketed_height_025,nnls,uniform,0.2972109118524465,0.019814060790163103,15,mins_per_game|eFG|three_pct|ft_pct|resid_three_pct_shot_mix,3,481,0.1603333333333333,273,208,0.4728745837975009,blk_pct=3.28; height_inches=2.18; drb_pct=2.16; orb_pct=1.93; resid_drb_pct_height=1.75,three_share=-1.57; three_pa_per_100_team_poss=-1.46; stl_pct=-1.40; resid_three_share_height=-1.01; ast_tov=-1.01,resid_three_share_height,-1.008334763114091
role_residual_bucketed_height_025,k7__division_zscore__role_residual_bucketed_height_025__method-nnls__init-uniform__ninit-1,7,division_zscore,role_residual_bucketed_height_025,nnls,uniform,0.2972109118524465,0.019814060790163103,15,mins_per_game|eFG|three_pct|ft_pct|resid_three_pct_shot_mix,4,284,0.0946666666666666,149,135,0.4498244958154683,ast_tov=3.61; three_share=2.20; resid_three_share_height=2.14; three_pa_per_100_team_poss=0.77; stl_pct=0.34,usg=-1.96; tov_pct=-1.92; FTR=-1.82; drb_pct=-1.20; orb_pct=-1.04,resid_three_share_height,2.1364580943848166
role_residual_bucketed_height_025,k7__division_zscore__role_residual_bucketed_height_025__method-nnls__init-uniform__ninit-1,7,division_zscore,role_residual_bucketed_height_025,nnls,uniform,0.2972109118524465,0.019814060790163103,15,mins_per_game|eFG|three_pct|ft_pct|resid_three_pct_shot_mix,5,189,0.063,108,81,0.3911247100413145,stl_pct=3.24; resid_orb_pct_height=3.19; orb_pct=2.93; resid_drb_pct_height=1.62; drb_pct=1.47,resid_three_share_height=-1.84; three_share=-1.55; ast_tov=-1.50; three_pa_per_100_team_poss=-1.45; ast_pct=-1.36,resid_three_share_height,-1.8405505462231495
role_residual_bucketed_height_025,k7__division_zscore__role_residual_bucketed_height_025__method-nnls__init-uniform__ninit-1,7,division_zscore,role_residual_bucketed_height_025,nnls,uniform,0.2972109118524465,0.019814060790163103,15,mins_per_game|eFG|three_pct|ft_pct|resid_three_pct_shot_mix,6,231,0.077,123,108,0.4336661886751903,tov_pct=3.81; resid_drb_pct_height=-0.03; blk_pct=-0.04; stl_pct=-0.10; ast_pct=-0.39,usg=-1.99; FTR=-1.74; three_pa_per_100_team_poss=-1.14; resid_three_share_height=-1.01; orb_pct=-1.01,resid_three_share_height,-1.009175762860829
role_residual_bucketed_height_025,k7__division_zscore__role_residual_bucketed_height_025__method-nnls__init-uniform__ninit-1,7,division_zscore,role_residual_bucketed_height_025,nnls,uniform,0.2972109118524465,0.019814060790163103,15,mins_per_game|eFG|three_pct|ft_pct|resid_three_pct_shot_mix,7,830,0.2766666666666666,449,381,0.4991826181844833,ast_pct=2.86; usg=2.15; stl_pct=1.06; ast_tov=1.05; FTR=0.64,height_inches=-1.42; orb_pct=-0.79; resid_three_share_height=-0.78; blk_pct=-0.64; three_share=-0.30,resid_three_share_height,-0.7763320499256493
role_residual_bucketed_height_025,k8__division_zscore__role_residual_bucketed_height_025__method-nnls__init-uniform__ninit-1,8,division_zscore,role_residual_bucketed_height_025,nnls,uniform,0.2697788279717346,0.017985255198115637,15,mins_per_game|eFG|three_pct|ft_pct|resid_three_pct_shot_mix,1,134,0.0446666666666666,64,70,0.3903878264448893,stl_pct=3.26; tov_pct=3.23; FTR=3.14; ast_pct=0.84; usg=0.30,drb_pct=-1.86; height_inches=-1.48; resid_three_share_height=-1.43; resid_drb_pct_height=-1.43; orb_pct=-1.19,resid_three_share_height,-1.4320373308180354
role_residual_bucketed_height_025,k8__division_zscore__role_residual_bucketed_height_025__method-nnls__init-uniform__ninit-1,8,division_zscore,role_residual_bucketed_height_025,nnls,uniform,0.2697788279717346,0.017985255198115637,15,mins_per_game|eFG|three_pct|ft_pct|resid_three_pct_shot_mix,2,170,0.0566666666666666,90,80,0.4224883320954408,FTR=3.56; orb_pct=0.94; height_inches=0.78; resid_orb_pct_height=0.41; ast_tov=0.27,usg=-2.16; stl_pct=-2.07; three_share=-1.55; three_pa_per_100_team_poss=-1.45; resid_drb_pct_height=-1.40,resid_three_share_height,-1.3001744335848575
role_residual_bucketed_height_025,k8__division_zscore__role_residual_bucketed_height_025__method-nnls__init-uniform__ninit-1,8,division_zscore,role_residual_bucketed_height_025,nnls,uniform,0.2697788279717346,0.017985255198115637,15,mins_per_game|eFG|three_pct|ft_pct|resid_three_pct_shot_mix,3,569,0.1896666666666666,323,246,0.4588483687416875,ast_pct=3.02; usg=1.89; ast_tov=1.87; resid_drb_pct_height=0.58; three_pa_per_100_team_poss=0.44,height_inches=-1.75; orb_pct=-0.84; resid_three_share_height=-0.74; blk_pct=-0.54; FTR=-0.52,resid_three_share_height,-0.7386686233239221
role_residual_bucketed_height_025,k8__division_zscore__role_residual_bucketed_height_025__method-nnls__init-uniform__ninit-1,8,division_zscore,role_residual_bucketed_height_025,nnls,uniform,0.2697788279717346,0.017985255198115637,15,mins_per_game|eFG|three_pct|ft_pct|resid_three_pct_shot_mix,4,223,0.0743333333333333,123,100,0.4602767656248945,blk_pct=4.05; height_inches=2.11; drb_pct=0.82; orb_pct=0.79; tov_pct=0.78,stl_pct=-1.69; three_share=-1.53; three_pa_per_100_team_poss=-1.44; ast_tov=-1.23; ast_pct=-1.17,resid_three_share_height,-0.4572741530127006
role_residual_bucketed_height_025,k8__division_zscore__role_residual_bucketed_height_025__method-nnls__init-uniform__ninit-1,8,division_zscore,role_residual_bucketed_height_025,nnls,uniform,0.2697788279717346,0.017985255198115637,15,mins_per_game|eFG|three_pct|ft_pct|resid_three_pct_shot_mix,5,804,0.268,442,362,0.4542302555282581,three_pa_per_100_team_poss=2.47; resid_three_share_height=2.29; three_share=2.08; usg=0.45; height_inches=0.30,tov_pct=-1.50; ast_tov=-1.42; ast_pct=-1.39; resid_orb_pct_height=-1.35; FTR=-1.30,resid_three_share_height,2.294002782916551
role_residual_bucketed_height_025,k8__division_zscore__role_residual_bucketed_height_025__method-nnls__init-uniform__ninit-1,8,division_zscore,role_residual_bucketed_height_025,nnls,uniform,0.2697788279717346,0.017985255198115637,15,mins_per_game|eFG|three_pct|ft_pct|resid_three_pct_shot_mix,6,294,0.098,163,131,0.4187774607148855,ast_tov=3.61; resid_three_share_height=2.24; three_share=2.22; three_pa_per_100_team_poss=1.20; stl_pct=0.82,tov_pct=-2.33; usg=-1.84; FTR=-1.82; drb_pct=-1.41; resid_drb_pct_height=-1.28,resid_three_share_height,2.239984431952849
role_residual_bucketed_height_025,k8__division_zscore__role_residual_bucketed_height_025__method-nnls__init-uniform__ninit-1,8,division_zscore,role_residual_bucketed_height_025,nnls,uniform,0.2697788279717346,0.017985255198115637,15,mins_per_game|eFG|three_pct|ft_pct|resid_three_pct_shot_mix,7,195,0.065,91,104,0.3991863856786151,tov_pct=3.79; resid_drb_pct_height=0.41; resid_orb_pct_height=0.23; stl_pct=0.02; ast_tov=-0.08,usg=-2.02; FTR=-1.89; resid_three_share_height=-1.58; three_pa_per_100_team_poss=-1.35; three_share=-1.31,resid_three_share_height,-1.5795302427377946
role_residual_bucketed_height_025,k8__division_zscore__role_residual_bucketed_height_025__method-nnls__init-uniform__ninit-1,8,division_zscore,role_residual_bucketed_height_025,nnls,uniform,0.2697788279717346,0.017985255198115637,15,mins_per_game|eFG|three_pct|ft_pct|resid_three_pct_shot_mix,8,611,0.2036666666666666,332,279,0.4477858364976605,resid_orb_pct_height=2.83; orb_pct=2.63; resid_drb_pct_height=2.42; drb_pct=2.28; usg=1.51,resid_three_share_height=-1.48; three_share=-1.34; three_pa_per_100_team_poss=-1.16; ast_tov=-1.06; ast_pct=-0.46,resid_three_share_height,-1.4765534627186954
quality_lite_residual_bucketed_height_025,k6__division_zscore__quality_lite_residual_bucketed_height_025__method-nnls__init-uniform__ninit-1,6,division_zscore,quality_lite_residual_bucketed_height_025,nnls,uniform,0.3952244837335131,0.020801288617553322,19,mins_per_game,1,399,0.133,211,188,0.4730662913059493,ast_tov=3.56; three_share=1.62; resid_three_share_height=1.51; three_pa_per_100_team_poss=1.03; stl_pct=0.47,tov_pct=-1.64; height_inches=-1.46; usg=-1.45; FTR=-1.36; drb_pct=-1.35,orb_pct,-0.9035070623250774
quality_lite_residual_bucketed_height_025,k6__division_zscore__quality_lite_residual_bucketed_height_025__method-nnls__init-uniform__ninit-1,6,division_zscore,quality_lite_residual_bucketed_height_025,nnls,uniform,0.3952244837335131,0.020801288617553322,19,mins_per_game,2,349,0.1163333333333333,185,164,0.4915999885620037,FTR=3.52; height_inches=0.74; orb_pct=0.73; tov_pct=0.57; eFG=0.38,three_pct=-1.55; usg=-1.49; three_share=-1.42; three_pa_per_100_team_poss=-1.38; ast_pct=-1.15,orb_pct,0.7253186473819168
quality_lite_residual_bucketed_height_025,k6__division_zscore__quality_lite_residual_bucketed_height_025__method-nnls__init-uniform__ninit-1,6,division_zscore,quality_lite_residual_bucketed_height_025,nnls,uniform,0.3952244837335131,0.020801288617553322,19,mins_per_game,3,824,0.2746666666666666,453,371,0.501900181028704,ast_pct=2.61; usg=2.14; stl_pct=1.65; resid_drb_pct_height=0.95; ft_pct=0.80,height_inches=-1.45; resid_three_share_height=-0.95; blk_pct=-0.66; orb_pct=-0.64; three_share=-0.46,orb_pct,-0.6404098646516243
quality_lite_residual_bucketed_height_025,k6__division_zscore__quality_lite_residual_bucketed_height_025__method-nnls__init-uniform__ninit-1,6,division_zscore,quality_lite_residual_bucketed_height_025,nnls,uniform,0.3952244837335131,0.020801288617553322,19,mins_per_game,4,214,0.0713333333333333,108,106,0.4403929689473806,tov_pct=3.78; stl_pct=-0.09; blk_pct=-0.10; resid_drb_pct_height=-0.31; height_inches=-0.51,ft_pct=-2.94; eFG=-2.22; usg=-2.02; three_pct=-1.59; FTR=-1.50,orb_pct,-0.8175793004839296
quality_lite_residual_bucketed_height_025,k6__division_zscore__quality_lite_residual_bucketed_height_025__method-nnls__init-uniform__ninit-1,6,division_zscore,quality_lite_residual_bucketed_height_025,nnls,uniform,0.3952244837335131,0.020801288617553322,19,mins_per_game,5,771,0.257,420,351,0.4648561235650095,three_pa_per_100_team_poss=2.48; resid_three_share_height=2.41; three_share=1.94; height_inches=0.96; three_pct=0.80,resid_orb_pct_height=-1.61; tov_pct=-1.53; ast_tov=-1.44; ast_pct=-1.41; resid_drb_pct_height=-1.09,orb_pct,-0.6571998533583987
quality_lite_residual_bucketed_height_025,k6__division_zscore__quality_lite_residual_bucketed_height_025__method-nnls__init-uniform__ninit-1,6,division_zscore,quality_lite_residual_bucketed_height_025,nnls,uniform,0.3952244837335131,0.020801288617553322,19,mins_per_game,6,443,0.1476666666666666,251,192,0.4697382230780533,blk_pct=3.32; drb_pct=2.71; orb_pct=2.71; resid_orb_pct_height=2.61; resid_drb_pct_height=2.56,three_pct=-1.96; three_share=-1.56; three_pa_per_100_team_poss=-1.45; ast_tov=-1.06; resid_three_share_height=-1.05,orb_pct,2.7069564445882253
quality_lite_residual_bucketed_height_025,k7__division_zscore__quality_lite_residual_bucketed_height_025__method-nnls__init-aa_plus_plus__ninit-1,7,division_zscore,quality_lite_residual_bucketed_height_025,nnls,aa_plus_plus,0.3669273483464054,0.01931196570244239,19,mins_per_game,1,536,0.1786666666666666,297,239,0.4669809303706854,ast_pct=3.00; usg=2.13; ast_tov=1.24; ft_pct=0.74; resid_drb_pct_height=0.70,height_inches=-1.26; resid_three_share_height=-1.01; orb_pct=-0.79; blk_pct=-0.61; three_share=-0.53,orb_pct,-0.7917913508883095
quality_lite_residual_bucketed_height_025,k7__division_zscore__quality_lite_residual_bucketed_height_025__method-nnls__init-aa_plus_plus__ninit-1,7,division_zscore,quality_lite_residual_bucketed_height_025,nnls,aa_plus_plus,0.3669273483464054,0.01931196570244239,19,mins_per_game,2,435,0.145,244,191,0.4642208016602736,blk_pct=3.31; drb_pct=2.72; orb_pct=2.72; resid_orb_pct_height=2.65; resid_drb_pct_height=2.57,three_pct=-1.96; three_share=-1.56; three_pa_per_100_team_poss=-1.45; resid_three_share_height=-1.06; ast_tov=-1.05,orb_pct,2.7197820226303016
quality_lite_residual_bucketed_height_025,k7__division_zscore__quality_lite_residual_bucketed_height_025__method-nnls__init-aa_plus_plus__ninit-1,7,division_zscore,quality_lite_residual_bucketed_height_025,nnls,aa_plus_plus,0.3669273483464054,0.01931196570244239,19,mins_per_game,3,777,0.259,425,352,0.4511478122644251,three_pa_per_100_team_poss=2.47; resid_three_share_height=2.41; three_share=1.93; height_inches=0.96; three_pct=0.84,resid_orb_pct_height=-1.63; tov_pct=-1.54; ast_tov=-1.41; ast_pct=-1.39; resid_drb_pct_height=-1.08,orb_pct,-0.6623451362563678
quality_lite_residual_bucketed_height_025,k7__division_zscore__quality_lite_residual_bucketed_height_025__method-nnls__init-aa_plus_plus__ninit-1,7,division_zscore,quality_lite_residual_bucketed_height_025,nnls,aa_plus_plus,0.3669273483464054,0.01931196570244239,19,mins_per_game,4,315,0.105,172,143,0.4563268562320033,ast_tov=3.59; three_share=2.12; resid_three_share_height=2.01; three_pa_per_100_team_poss=1.47; stl_pct=0.51,tov_pct=-1.78; FTR=-1.55; height_inches=-1.48; drb_pct=-1.47; usg=-1.42,orb_pct,-0.9431994944224416
quality_lite_residual_bucketed_height_025,k7__division_zscore__quality_lite_residual_bucketed_height_025__method-nnls__init-aa_plus_plus__ninit-1,7,division_zscore,quality_lite_residual_bucketed_height_025,nnls,aa_plus_plus,0.3669273483464054,0.01931196570244239,19,mins_per_game,5,345,0.115,185,160,0.4675216531814609,FTR=3.54; height_inches=0.93; orb_pct=0.81; eFG=0.65; tov_pct=0.58,usg=-1.76; three_pct=-1.75; three_share=-1.46; three_pa_per_100_team_poss=-1.41; stl_pct=-1.27,orb_pct,0.8117432910774065
quality_lite_residual_bucketed_height_025,k7__division_zscore__quality_lite_residual_bucketed_height_025__method-nnls__init-aa_plus_plus__ninit-1,7,division_zscore,quality_lite_residual_bucketed_height_025,nnls,aa_plus_plus,0.3669273483464054,0.01931196570244239,19,mins_per_game,6,368,0.1226666666666666,197,171,0.4440114333411888,stl_pct=3.41; usg=1.20; ast_pct=1.09; FTR=0.69; tov_pct=0.53,height_inches=-1.54; resid_three_share_height=-0.74; eFG=-0.65; blk_pct=-0.63; orb_pct=-0.53,orb_pct,-0.5329889876400544
quality_lite_residual_bucketed_height_025,k7__division_zscore__quality_lite_residual_bucketed_height_025__method-nnls__init-aa_plus_plus__ninit-1,7,division_zscore,quality_lite_residual_bucketed_height_025,nnls,aa_plus_plus,0.3669273483464054,0.01931196570244239,19,mins_per_game,7,224,0.0746666666666666,108,116,0.4184669485370267,tov_pct=3.77; blk_pct=0.04; stl_pct=-0.11; resid_drb_pct_height=-0.27; height_inches=-0.50,ft_pct=-3.05; eFG=-2.31; usg=-2.00; FTR=-1.64; three_pct=-1.64,orb_pct,-0.8005983169136699
quality_lite_residual_bucketed_height_025,k8__division_zscore__quality_lite_residual_bucketed_height_025__method-nnls__init-furthest_first__ninit-1,8,division_zscore,quality_lite_residual_bucketed_height_025,nnls,furthest_first,0.3408819073483981,0.017941153018336743,19,mins_per_game,1,392,0.1306666666666666,214,178,0.430214890356741,resid_orb_pct_height=3.08; resid_drb_pct_height=2.88; orb_pct=2.86; drb_pct=2.71; usg=1.72,three_share=-1.46; resid_three_share_height=-1.43; three_pa_per_100_team_poss=-1.35; stl_pct=-0.91; ast_tov=-0.76,orb_pct,2.86355591722625
quality_lite_residual_bucketed_height_025,k8__division_zscore__quality_lite_residual_bucketed_height_025__method-nnls__init-furthest_first__ninit-1,8,division_zscore,quality_lite_residual_bucketed_height_025,nnls,furthest_first,0.3408819073483981,0.017941153018336743,19,mins_per_game,2,393,0.131,204,189,0.4582960753920876,ast_tov=3.56; three_share=1.65; resid_three_share_height=1.52; three_pa_per_100_team_poss=1.10; three_pct=0.45,tov_pct=-1.73; usg=-1.42; FTR=-1.38; height_inches=-1.33; drb_pct=-1.25,orb_pct,-0.8626739345179035
quality_lite_residual_bucketed_height_025,k8__division_zscore__quality_lite_residual_bucketed_height_025__method-nnls__init-furthest_first__ninit-1,8,division_zscore,quality_lite_residual_bucketed_height_025,nnls,furthest_first,0.3408819073483981,0.017941153018336743,19,mins_per_game,3,202,0.0673333333333333,109,93,0.4227786322277308,FTR=3.56; resid_orb_pct_height=0.59; orb_pct=0.32; stl_pct=0.24; height_inches=-0.27,three_pct=-1.93; resid_three_pct_shot_mix=-1.50; ast_pct=-1.36; resid_three_share_height=-1.28; three_pa_per_100_team_poss=-1.27,orb_pct,0.3171500918230655
quality_lite_residual_bucketed_height_025,k8__division_zscore__quality_lite_residual_bucketed_height_025__method-nnls__init-furthest_first__ninit-1,8,division_zscore,quality_lite_residual_bucketed_height_025,nnls,furthest_first,0.3408819073483981,0.017941153018336743,19,mins_per_game,4,61,0.0203333333333333,28,33,0.3938075635801744,tov_pct=3.57; FTR=3.10; eFG=2.21; resid_three_pct_shot_mix=1.83; three_pct=1.57,usg=-1.55; orb_pct=-1.41; stl_pct=-1.29; three_pa_per_100_team_poss=-1.09; resid_orb_pct_height=-1.00,orb_pct,-1.4065955624968007
quality_lite_residual_bucketed_height_025,k8__division_zscore__quality_lite_residual_bucketed_height_025__method-nnls__init-furthest_first__ninit-1,8,division_zscore,quality_lite_residual_bucketed_height_025,nnls,furthest_first,0.3408819073483981,0.017941153018336743,19,mins_per_game,5,150,0.05,78,72,0.4010188074941261,tov_pct=3.89; resid_drb_pct_height=0.30; stl_pct=0.27; resid_orb_pct_height=0.09; drb_pct=-0.18,ft_pct=-3.73; eFG=-2.96; usg=-2.05; three_pct=-2.05; FTR=-1.93,orb_pct,-0.3767811015771388
quality_lite_residual_bucketed_height_025,k8__division_zscore__quality_lite_residual_bucketed_height_025__method-nnls__init-furthest_first__ninit-1,8,division_zscore,quality_lite_residual_bucketed_height_025,nnls,furthest_first,0.3408819073483981,0.017941153018336743,19,mins_per_game,6,829,0.2763333333333333,453,376,0.4567297808320393,three_pa_per_100_team_poss=2.47; resid_three_share_height=2.44; three_share=1.96; height_inches=0.97; three_pct=0.73,resid_orb_pct_height=-1.64; tov_pct=-1.52; ast_tov=-1.44; ast_pct=-1.43; FTR=-1.15,orb_pct,-0.689454844208725
quality_lite_residual_bucketed_height_025,k8__division_zscore__quality_lite_residual_bucketed_height_025__method-nnls__init-furthest_first__ninit-1,8,division_zscore,quality_lite_residual_bucketed_height_025,nnls,furthest_first,0.3408819073483981,0.017941153018336743,19,mins_per_game,7,709,0.2363333333333333,387,322,0.4853920522464342,ast_pct=2.56; usg=2.17; stl_pct=1.94; ft_pct=1.04; ast_tov=0.54,height_inches=-1.61; orb_pct=-0.91; resid_three_share_height=-0.61; drb_pct=-0.52; blk_pct=-0.48,orb_pct,-0.9120000383209552
quality_lite_residual_bucketed_height_025,k8__division_zscore__quality_lite_residual_bucketed_height_025__method-nnls__init-furthest_first__ninit-1,8,division_zscore,quality_lite_residual_bucketed_height_025,nnls,furthest_first,0.3408819073483981,0.017941153018336743,19,mins_per_game,8,264,0.088,155,109,0.4717613331662954,blk_pct=4.02; height_inches=2.15; eFG=1.82; orb_pct=1.00; drb_pct=0.70,three_pct=-1.70; three_share=-1.54; three_pa_per_100_team_poss=-1.43; ast_tov=-1.09; stl_pct=-1.06,orb_pct,1.001171011172103
role_residual_bucketed_height_025,k6__division_zscore__role_residual_bucketed_height_025__method-nnls__init-furthest_sum__ninit-1,6,division_zscore,role_residual_bucketed_height_025,nnls,furthest_sum,0.3311750335975552,0.022078335573170346,15,mins_per_game|eFG|three_pct|ft_pct|resid_three_pct_shot_mix,1,375,0.125,201,174,0.4812507680037219,FTR=3.55; height_inches=0.75; orb_pct=0.69; tov_pct=0.39; resid_orb_pct_height=0.13,usg=-1.50; three_share=-1.43; three_pa_per_100_team_poss=-1.40; ast_pct=-1.27; resid_three_share_height=-1.09,orb_pct,0.6940597121236451
role_residual_bucketed_height_025,k6__division_zscore__role_residual_bucketed_height_025__method-nnls__init-furthest_sum__ninit-1,6,division_zscore,role_residual_bucketed_height_025,nnls,furthest_sum,0.3311750335975552,0.022078335573170346,15,mins_per_game|eFG|three_pct|ft_pct|resid_three_pct_shot_mix,2,225,0.075,121,104,0.4375352831311541,tov_pct=3.86; stl_pct=-0.00; blk_pct=-0.00; resid_drb_pct_height=-0.10; ast_tov=-0.50,usg=-2.03; FTR=-1.80; resid_three_share_height=-1.29; three_pa_per_100_team_poss=-1.26; three_share=-1.06,orb_pct,-0.961867701748006
role_residual_bucketed_height_025,k6__division_zscore__role_residual_bucketed_height_025__method-nnls__init-furthest_sum__ninit-1,6,division_zscore,role_residual_bucketed_height_025,nnls,furthest_sum,0.3311750335975552,0.022078335573170346,15,mins_per_game|eFG|three_pct|ft_pct|resid_three_pct_shot_mix,3,848,0.2826666666666667,463,385,0.5082987127011802,ast_pct=2.64; usg=2.06; stl_pct=1.72; resid_drb_pct_height=0.77; FTR=0.65,height_inches=-1.42; resid_three_share_height=-0.92; blk_pct=-0.65; orb_pct=-0.63; three_share=-0.43,orb_pct,-0.6297069983456381
role_residual_bucketed_height_025,k6__division_zscore__role_residual_bucketed_height_025__method-nnls__init-furthest_sum__ninit-1,6,division_zscore,role_residual_bucketed_height_025,nnls,furthest_sum,0.3311750335975552,0.022078335573170346,15,mins_per_game|eFG|three_pct|ft_pct|resid_three_pct_shot_mix,4,715,0.2383333333333333,387,328,0.4666907608784416,three_pa_per_100_team_poss=2.47; resid_three_share_height=2.35; three_share=2.08; height_inches=0.50; usg=0.30,tov_pct=-1.64; resid_orb_pct_height=-1.46; FTR=-1.45; ast_tov=-1.44; ast_pct=-1.44,orb_pct,-0.961835470444876
role_residual_bucketed_height_025,k6__division_zscore__role_residual_bucketed_height_025__method-nnls__init-furthest_sum__ninit-1,6,division_zscore,role_residual_bucketed_height_025,nnls,furthest_sum,0.3311750335975552,0.022078335573170346,15,mins_per_game|eFG|three_pct|ft_pct|resid_three_pct_shot_mix,5,487,0.1623333333333333,272,215,0.4713862282635157,blk_pct=3.21; drb_pct=2.72; orb_pct=2.64; resid_drb_pct_height=2.56; resid_orb_pct_height=2.44,three_share=-1.56; three_pa_per_100_team_poss=-1.45; ast_tov=-1.10; resid_three_share_height=-1.02; ast_pct=-0.89,orb_pct,2.640642298372448
role_residual_bucketed_height_025,k6__division_zscore__role_residual_bucketed_height_025__method-nnls__init-furthest_sum__ninit-1,6,division_zscore,role_residual_bucketed_height_025,nnls,furthest_sum,0.3311750335975552,0.022078335573170346,15,mins_per_game|eFG|three_pct|ft_pct|resid_three_pct_shot_mix,6,350,0.1166666666666666,184,166,0.4634353619737837,ast_tov=3.56; three_share=1.99; resid_three_share_height=1.87; three_pa_per_100_team_poss=0.73; ast_pct=0.15,tov_pct=-1.80; usg=-1.76; FTR=-1.50; drb_pct=-1.20; orb_pct=-1.04,orb_pct,-1.0449841179163124
role_residual_bucketed_height_025,k7__division_zscore__role_residual_bucketed_height_025__method-nnls__init-uniform__ninit-1,7,division_zscore,role_residual_bucketed_height_025,nnls,uniform,0.2972109118524465,0.019814060790163103,15,mins_per_game|eFG|three_pct|ft_pct|resid_three_pct_shot_mix,1,271,0.0903333333333333,145,126,0.4606935430400947,FTR=3.51; height_inches=0.70; tov_pct=0.55; orb_pct=0.47; resid_orb_pct_height=-0.14,usg=-1.83; resid_drb_pct_height=-1.54; stl_pct=-1.50; three_pa_per_100_team_poss=-1.32; ast_pct=-1.27,orb_pct,0.4705023010856525
role_residual_bucketed_height_025,k7__division_zscore__role_residual_bucketed_height_025__method-nnls__init-uniform__ninit-1,7,division_zscore,role_residual_bucketed_height_025,nnls,uniform,0.2972109118524465,0.019814060790163103,15,mins_per_game|eFG|three_pct|ft_pct|resid_three_pct_shot_mix,2,714,0.238,381,333,0.4560898845402303,three_pa_per_100_team_poss=2.47; resid_three_share_height=2.32; three_share=2.11; height_inches=0.39; usg=0.32,tov_pct=-1.68; FTR=-1.52; ast_tov=-1.45; ast_pct=-1.42; resid_orb_pct_height=-1.36,orb_pct,-0.9722904314878938
role_residual_bucketed_height_025,k7__division_zscore__role_residual_bucketed_height_025__method-nnls__init-uniform__ninit-1,7,division_zscore,role_residual_bucketed_height_025,nnls,uniform,0.2972109118524465,0.019814060790163103,15,mins_per_game|eFG|three_pct|ft_pct|resid_three_pct_shot_mix,3,481,0.1603333333333333,273,208,0.4728745837975009,blk_pct=3.28; height_inches=2.18; drb_pct=2.16; orb_pct=1.93; resid_drb_pct_height=1.75,three_share=-1.57; three_pa_per_100_team_poss=-1.46; stl_pct=-1.40; resid_three_share_height=-1.01; ast_tov=-1.01,orb_pct,1.925013899031484
role_residual_bucketed_height_025,k7__division_zscore__role_residual_bucketed_height_025__method-nnls__init-uniform__ninit-1,7,division_zscore,role_residual_bucketed_height_025,nnls,uniform,0.2972109118524465,0.019814060790163103,15,mins_per_game|eFG|three_pct|ft_pct|resid_three_pct_shot_mix,4,284,0.0946666666666666,149,135,0.4498244958154683,ast_tov=3.61; three_share=2.20; resid_three_share_height=2.14; three_pa_per_100_team_poss=0.77; stl_pct=0.34,usg=-1.96; tov_pct=-1.92; FTR=-1.82; drb_pct=-1.20; orb_pct=-1.04,orb_pct,-1.0445444140829712
role_residual_bucketed_height_025,k7__division_zscore__role_residual_bucketed_height_025__method-nnls__init-uniform__ninit-1,7,division_zscore,role_residual_bucketed_height_025,nnls,uniform,0.2972109118524465,0.019814060790163103,15,mins_per_game|eFG|three_pct|ft_pct|resid_three_pct_shot_mix,5,189,0.063,108,81,0.3911247100413145,stl_pct=3.24; resid_orb_pct_height=3.19; orb_pct=2.93; resid_drb_pct_height=1.62; drb_pct=1.47,resid_three_share_height=-1.84; three_share=-1.55; ast_tov=-1.50; three_pa_per_100_team_poss=-1.45; ast_pct=-1.36,orb_pct,2.9268575527336056
role_residual_bucketed_height_025,k7__division_zscore__role_residual_bucketed_height_025__method-nnls__init-uniform__ninit-1,7,division_zscore,role_residual_bucketed_height_025,nnls,uniform,0.2972109118524465,0.019814060790163103,15,mins_per_game|eFG|three_pct|ft_pct|resid_three_pct_shot_mix,6,231,0.077,123,108,0.4336661886751903,tov_pct=3.81; resid_drb_pct_height=-0.03; blk_pct=-0.04; stl_pct=-0.10; ast_pct=-0.39,usg=-1.99; FTR=-1.74; three_pa_per_100_team_poss=-1.14; resid_three_share_height=-1.01; orb_pct=-1.01,orb_pct,-1.005003378026374
role_residual_bucketed_height_025,k7__division_zscore__role_residual_bucketed_height_025__method-nnls__init-uniform__ninit-1,7,division_zscore,role_residual_bucketed_height_025,nnls,uniform,0.2972109118524465,0.019814060790163103,15,mins_per_game|eFG|three_pct|ft_pct|resid_three_pct_shot_mix,7,830,0.2766666666666666,449,381,0.4991826181844833,ast_pct=2.86; usg=2.15; stl_pct=1.06; ast_tov=1.05; FTR=0.64,height_inches=-1.42; orb_pct=-0.79; resid_three_share_height=-0.78; blk_pct=-0.64; three_share=-0.30,orb_pct,-0.7888319332964607
role_residual_bucketed_height_025,k8__division_zscore__role_residual_bucketed_height_025__method-nnls__init-uniform__ninit-1,8,division_zscore,role_residual_bucketed_height_025,nnls,uniform,0.2697788279717346,0.017985255198115637,15,mins_per_game|eFG|three_pct|ft_pct|resid_three_pct_shot_mix,1,134,0.0446666666666666,64,70,0.3903878264448893,stl_pct=3.26; tov_pct=3.23; FTR=3.14; ast_pct=0.84; usg=0.30,drb_pct=-1.86; height_inches=-1.48; resid_three_share_height=-1.43; resid_drb_pct_height=-1.43; orb_pct=-1.19,orb_pct,-1.18591606836902
role_residual_bucketed_height_025,k8__division_zscore__role_residual_bucketed_height_025__method-nnls__init-uniform__ninit-1,8,division_zscore,role_residual_bucketed_height_025,nnls,uniform,0.2697788279717346,0.017985255198115637,15,mins_per_game|eFG|three_pct|ft_pct|resid_three_pct_shot_mix,2,170,0.0566666666666666,90,80,0.4224883320954408,FTR=3.56; orb_pct=0.94; height_inches=0.78; resid_orb_pct_height=0.41; ast_tov=0.27,usg=-2.16; stl_pct=-2.07; three_share=-1.55; three_pa_per_100_team_poss=-1.45; resid_drb_pct_height=-1.40,orb_pct,0.9446900785204304
role_residual_bucketed_height_025,k8__division_zscore__role_residual_bucketed_height_025__method-nnls__init-uniform__ninit-1,8,division_zscore,role_residual_bucketed_height_025,nnls,uniform,0.2697788279717346,0.017985255198115637,15,mins_per_game|eFG|three_pct|ft_pct|resid_three_pct_shot_mix,3,569,0.1896666666666666,323,246,0.4588483687416875,ast_pct=3.02; usg=1.89; ast_tov=1.87; resid_drb_pct_height=0.58; three_pa_per_100_team_poss=0.44,height_inches=-1.75; orb_pct=-0.84; resid_three_share_height=-0.74; blk_pct=-0.54; FTR=-0.52,orb_pct,-0.8353798996147298
role_residual_bucketed_height_025,k8__division_zscore__role_residual_bucketed_height_025__method-nnls__init-uniform__ninit-1,8,division_zscore,role_residual_bucketed_height_025,nnls,uniform,0.2697788279717346,0.017985255198115637,15,mins_per_game|eFG|three_pct|ft_pct|resid_three_pct_shot_mix,4,223,0.0743333333333333,123,100,0.4602767656248945,blk_pct=4.05; height_inches=2.11; drb_pct=0.82; orb_pct=0.79; tov_pct=0.78,stl_pct=-1.69; three_share=-1.53; three_pa_per_100_team_poss=-1.44; ast_tov=-1.23; ast_pct=-1.17,orb_pct,0.7910103712891481
role_residual_bucketed_height_025,k8__division_zscore__role_residual_bucketed_height_025__method-nnls__init-uniform__ninit-1,8,division_zscore,role_residual_bucketed_height_025,nnls,uniform,0.2697788279717346,0.017985255198115637,15,mins_per_game|eFG|three_pct|ft_pct|resid_three_pct_shot_mix,5,804,0.268,442,362,0.4542302555282581,three_pa_per_100_team_poss=2.47; resid_three_share_height=2.29; three_share=2.08; usg=0.45; height_inches=0.30,tov_pct=-1.50; ast_tov=-1.42; ast_pct=-1.39; resid_orb_pct_height=-1.35; FTR=-1.30,orb_pct,-0.9724613127817476
role_residual_bucketed_height_025,k8__division_zscore__role_residual_bucketed_height_025__method-nnls__init-uniform__ninit-1,8,division_zscore,role_residual_bucketed_height_025,nnls,uniform,0.2697788279717346,0.017985255198115637,15,mins_per_game|eFG|three_pct|ft_pct|resid_three_pct_shot_mix,6,294,0.098,163,131,0.4187774607148855,ast_tov=3.61; resid_three_share_height=2.24; three_share=2.22; three_pa_per_100_team_poss=1.20; stl_pct=0.82,tov_pct=-2.33; usg=-1.84; FTR=-1.82; drb_pct=-1.41; resid_drb_pct_height=-1.28,orb_pct,-1.044544414165855
role_residual_bucketed_height_025,k8__division_zscore__role_residual_bucketed_height_025__method-nnls__init-uniform__ninit-1,8,division_zscore,role_residual_bucketed_height_025,nnls,uniform,0.2697788279717346,0.017985255198115637,15,mins_per_game|eFG|three_pct|ft_pct|resid_three_pct_shot_mix,7,195,0.065,91,104,0.3991863856786151,tov_pct=3.79; resid_drb_pct_height=0.41; resid_orb_pct_height=0.23; stl_pct=0.02; ast_tov=-0.08,usg=-2.02; FTR=-1.89; resid_three_share_height=-1.58; three_pa_per_100_team_poss=-1.35; three_share=-1.31,orb_pct,-0.4271026527668509
role_residual_bucketed_height_025,k8__division_zscore__role_residual_bucketed_height_025__method-nnls__init-uniform__ninit-1,8,division_zscore,role_residual_bucketed_height_025,nnls,uniform,0.2697788279717346,0.017985255198115637,15,mins_per_game|eFG|three_pct|ft_pct|resid_three_pct_shot_mix,8,611,0.2036666666666666,332,279,0.4477858364976605,resid_orb_pct_height=2.83; orb_pct=2.63; resid_drb_pct_height=2.42; drb_pct=2.28; usg=1.51,resid_three_share_height=-1.48; three_share=-1.34; three_pa_per_100_team_poss=-1.16; ast_tov=-1.06; ast_pct=-0.46,orb_pct,2.6283729979565416
quality_lite_residual_bucketed_height_025,k6__division_zscore__quality_lite_residual_bucketed_height_025__method-nnls__init-uniform__ninit-1,6,division_zscore,quality_lite_residual_bucketed_height_025,nnls,uniform,0.3952244837335131,0.020801288617553322,19,mins_per_game,1,399,0.133,211,188,0.4730662913059493,ast_tov=3.56; three_share=1.62; resid_three_share_height=1.51; three_pa_per_100_team_poss=1.03; stl_pct=0.47,tov_pct=-1.64; height_inches=-1.46; usg=-1.45; FTR=-1.36; drb_pct=-1.35,drb_pct,-1.3455300156701009
quality_lite_residual_bucketed_height_025,k6__division_zscore__quality_lite_residual_bucketed_height_025__method-nnls__init-uniform__ninit-1,6,division_zscore,quality_lite_residual_bucketed_height_025,nnls,uniform,0.3952244837335131,0.020801288617553322,19,mins_per_game,2,349,0.1163333333333333,185,164,0.4915999885620037,FTR=3.52; height_inches=0.74; orb_pct=0.73; tov_pct=0.57; eFG=0.38,three_pct=-1.55; usg=-1.49; three_share=-1.42; three_pa_per_100_team_poss=-1.38; ast_pct=-1.15,drb_pct,-0.5448708542436048
quality_lite_residual_bucketed_height_025,k6__division_zscore__quality_lite_residual_bucketed_height_025__method-nnls__init-uniform__ninit-1,6,division_zscore,quality_lite_residual_bucketed_height_025,nnls,uniform,0.3952244837335131,0.020801288617553322,19,mins_per_game,3,824,0.2746666666666666,453,371,0.501900181028704,ast_pct=2.61; usg=2.14; stl_pct=1.65; resid_drb_pct_height=0.95; ft_pct=0.80,height_inches=-1.45; resid_three_share_height=-0.95; blk_pct=-0.66; orb_pct=-0.64; three_share=-0.46,drb_pct,0.0184644414879524
quality_lite_residual_bucketed_height_025,k6__division_zscore__quality_lite_residual_bucketed_height_025__method-nnls__init-uniform__ninit-1,6,division_zscore,quality_lite_residual_bucketed_height_025,nnls,uniform,0.3952244837335131,0.020801288617553322,19,mins_per_game,4,214,0.0713333333333333,108,106,0.4403929689473806,tov_pct=3.78; stl_pct=-0.09; blk_pct=-0.10; resid_drb_pct_height=-0.31; height_inches=-0.51,ft_pct=-2.94; eFG=-2.22; usg=-2.02; three_pct=-1.59; FTR=-1.50,drb_pct,-0.5887857213122195
quality_lite_residual_bucketed_height_025,k6__division_zscore__quality_lite_residual_bucketed_height_025__method-nnls__init-uniform__ninit-1,6,division_zscore,quality_lite_residual_bucketed_height_025,nnls,uniform,0.3952244837335131,0.020801288617553322,19,mins_per_game,5,771,0.257,420,351,0.4648561235650095,three_pa_per_100_team_poss=2.48; resid_three_share_height=2.41; three_share=1.94; height_inches=0.96; three_pct=0.80,resid_orb_pct_height=-1.61; tov_pct=-1.53; ast_tov=-1.44; ast_pct=-1.41; resid_drb_pct_height=-1.09,drb_pct,-0.302239446740422
quality_lite_residual_bucketed_height_025,k6__division_zscore__quality_lite_residual_bucketed_height_025__method-nnls__init-uniform__ninit-1,6,division_zscore,quality_lite_residual_bucketed_height_025,nnls,uniform,0.3952244837335131,0.020801288617553322,19,mins_per_game,6,443,0.1476666666666666,251,192,0.4697382230780533,blk_pct=3.32; drb_pct=2.71; orb_pct=2.71; resid_orb_pct_height=2.61; resid_drb_pct_height=2.56,three_pct=-1.96; three_share=-1.56; three_pa_per_100_team_poss=-1.45; ast_tov=-1.06; resid_three_share_height=-1.05,drb_pct,2.714635786618826
quality_lite_residual_bucketed_height_025,k7__division_zscore__quality_lite_residual_bucketed_height_025__method-nnls__init-aa_plus_plus__ninit-1,7,division_zscore,quality_lite_residual_bucketed_height_025,nnls,aa_plus_plus,0.3669273483464054,0.01931196570244239,19,mins_per_game,1,536,0.1786666666666666,297,239,0.4669809303706854,ast_pct=3.00; usg=2.13; ast_tov=1.24; ft_pct=0.74; resid_drb_pct_height=0.70,height_inches=-1.26; resid_three_share_height=-1.01; orb_pct=-0.79; blk_pct=-0.61; three_share=-0.53,drb_pct,-0.113799678069988
quality_lite_residual_bucketed_height_025,k7__division_zscore__quality_lite_residual_bucketed_height_025__method-nnls__init-aa_plus_plus__ninit-1,7,division_zscore,quality_lite_residual_bucketed_height_025,nnls,aa_plus_plus,0.3669273483464054,0.01931196570244239,19,mins_per_game,2,435,0.145,244,191,0.4642208016602736,blk_pct=3.31; drb_pct=2.72; orb_pct=2.72; resid_orb_pct_height=2.65; resid_drb_pct_height=2.57,three_pct=-1.96; three_share=-1.56; three_pa_per_100_team_poss=-1.45; resid_three_share_height=-1.06; ast_tov=-1.05,drb_pct,2.722799785821077
quality_lite_residual_bucketed_height_025,k7__division_zscore__quality_lite_residual_bucketed_height_025__method-nnls__init-aa_plus_plus__ninit-1,7,division_zscore,quality_lite_residual_bucketed_height_025,nnls,aa_plus_plus,0.3669273483464054,0.01931196570244239,19,mins_per_game,3,777,0.259,425,352,0.4511478122644251,three_pa_per_100_team_poss=2.47; resid_three_share_height=2.41; three_share=1.93; height_inches=0.96; three_pct=0.84,resid_orb_pct_height=-1.63; tov_pct=-1.54; ast_tov=-1.41; ast_pct=-1.39; resid_drb_pct_height=-1.08,drb_pct,-0.2867255438857353
quality_lite_residual_bucketed_height_025,k7__division_zscore__quality_lite_residual_bucketed_height_025__method-nnls__init-aa_plus_plus__ninit-1,7,division_zscore,quality_lite_residual_bucketed_height_025,nnls,aa_plus_plus,0.3669273483464054,0.01931196570244239,19,mins_per_game,4,315,0.105,172,143,0.4563268562320033,ast_tov=3.59; three_share=2.12; resid_three_share_height=2.01; three_pa_per_100_team_poss=1.47; stl_pct=0.51,tov_pct=-1.78; FTR=-1.55; height_inches=-1.48; drb_pct=-1.47; usg=-1.42,drb_pct,-1.4665982514752172
quality_lite_residual_bucketed_height_025,k7__division_zscore__quality_lite_residual_bucketed_height_025__method-nnls__init-aa_plus_plus__ninit-1,7,division_zscore,quality_lite_residual_bucketed_height_025,nnls,aa_plus_plus,0.3669273483464054,0.01931196570244239,19,mins_per_game,5,345,0.115,185,160,0.4675216531814609,FTR=3.54; height_inches=0.93; orb_pct=0.81; eFG=0.65; tov_pct=0.58,usg=-1.76; three_pct=-1.75; three_share=-1.46; three_pa_per_100_team_poss=-1.41; stl_pct=-1.27,drb_pct,-0.6201811015135789
quality_lite_residual_bucketed_height_025,k7__division_zscore__quality_lite_residual_bucketed_height_025__method-nnls__init-aa_plus_plus__ninit-1,7,division_zscore,quality_lite_residual_bucketed_height_025,nnls,aa_plus_plus,0.3669273483464054,0.01931196570244239,19,mins_per_game,6,368,0.1226666666666666,197,171,0.4440114333411888,stl_pct=3.41; usg=1.20; ast_pct=1.09; FTR=0.69; tov_pct=0.53,height_inches=-1.54; resid_three_share_height=-0.74; eFG=-0.65; blk_pct=-0.63; orb_pct=-0.53,drb_pct,-0.4438077711376169
quality_lite_residual_bucketed_height_025,k7__division_zscore__quality_lite_residual_bucketed_height_025__method-nnls__init-aa_plus_plus__ninit-1,7,division_zscore,quality_lite_residual_bucketed_height_025,nnls,aa_plus_plus,0.3669273483464054,0.01931196570244239,19,mins_per_game,7,224,0.0746666666666666,108,116,0.4184669485370267,tov_pct=3.77; blk_pct=0.04; stl_pct=-0.11; resid_drb_pct_height=-0.27; height_inches=-0.50,ft_pct=-3.05; eFG=-2.31; usg=-2.00; FTR=-1.64; three_pct=-1.64,drb_pct,-0.5606569703530637
quality_lite_residual_bucketed_height_025,k8__division_zscore__quality_lite_residual_bucketed_height_025__method-nnls__init-furthest_first__ninit-1,8,division_zscore,quality_lite_residual_bucketed_height_025,nnls,furthest_first,0.3408819073483981,0.017941153018336743,19,mins_per_game,1,392,0.1306666666666666,214,178,0.430214890356741,resid_orb_pct_height=3.08; resid_drb_pct_height=2.88; orb_pct=2.86; drb_pct=2.71; usg=1.72,three_share=-1.46; resid_three_share_height=-1.43; three_pa_per_100_team_poss=-1.35; stl_pct=-0.91; ast_tov=-0.76,drb_pct,2.7051769625074913
quality_lite_residual_bucketed_height_025,k8__division_zscore__quality_lite_residual_bucketed_height_025__method-nnls__init-furthest_first__ninit-1,8,division_zscore,quality_lite_residual_bucketed_height_025,nnls,furthest_first,0.3408819073483981,0.017941153018336743,19,mins_per_game,2,393,0.131,204,189,0.4582960753920876,ast_tov=3.56; three_share=1.65; resid_three_share_height=1.52; three_pa_per_100_team_poss=1.10; three_pct=0.45,tov_pct=-1.73; usg=-1.42; FTR=-1.38; height_inches=-1.33; drb_pct=-1.25,drb_pct,-1.253935991170782
quality_lite_residual_bucketed_height_025,k8__division_zscore__quality_lite_residual_bucketed_height_025__method-nnls__init-furthest_first__ninit-1,8,division_zscore,quality_lite_residual_bucketed_height_025,nnls,furthest_first,0.3408819073483981,0.017941153018336743,19,mins_per_game,3,202,0.0673333333333333,109,93,0.4227786322277308,FTR=3.56; resid_orb_pct_height=0.59; orb_pct=0.32; stl_pct=0.24; height_inches=-0.27,three_pct=-1.93; resid_three_pct_shot_mix=-1.50; ast_pct=-1.36; resid_three_share_height=-1.28; three_pa_per_100_team_poss=-1.27,drb_pct,-0.9486561527916716
quality_lite_residual_bucketed_height_025,k8__division_zscore__quality_lite_residual_bucketed_height_025__method-nnls__init-furthest_first__ninit-1,8,division_zscore,quality_lite_residual_bucketed_height_025,nnls,furthest_first,0.3408819073483981,0.017941153018336743,19,mins_per_game,4,61,0.0203333333333333,28,33,0.3938075635801744,tov_pct=3.57; FTR=3.10; eFG=2.21; resid_three_pct_shot_mix=1.83; three_pct=1.57,usg=-1.55; orb_pct=-1.41; stl_pct=-1.29; three_pa_per_100_team_poss=-1.09; resid_orb_pct_height=-1.00,drb_pct,0.3992896824951103
quality_lite_residual_bucketed_height_025,k8__division_zscore__quality_lite_residual_bucketed_height_025__method-nnls__init-furthest_first__ninit-1,8,division_zscore,quality_lite_residual_bucketed_height_025,nnls,furthest_first,0.3408819073483981,0.017941153018336743,19,mins_per_game,5,150,0.05,78,72,0.4010188074941261,tov_pct=3.89; resid_drb_pct_height=0.30; stl_pct=0.27; resid_orb_pct_height=0.09; drb_pct=-0.18,ft_pct=-3.73; eFG=-2.96; usg=-2.05; three_pct=-2.05; FTR=-1.93,drb_pct,-0.1751036894361799
quality_lite_residual_bucketed_height_025,k8__division_zscore__quality_lite_residual_bucketed_height_025__method-nnls__init-furthest_first__ninit-1,8,division_zscore,quality_lite_residual_bucketed_height_025,nnls,furthest_first,0.3408819073483981,0.017941153018336743,19,mins_per_game,6,829,0.2763333333333333,453,376,0.4567297808320393,three_pa_per_100_team_poss=2.47; resid_three_share_height=2.44; three_share=1.96; height_inches=0.97; three_pct=0.73,resid_orb_pct_height=-1.64; tov_pct=-1.52; ast_tov=-1.44; ast_pct=-1.43; FTR=-1.15,drb_pct,-0.3307517302286481
quality_lite_residual_bucketed_height_025,k8__division_zscore__quality_lite_residual_bucketed_height_025__method-nnls__init-furthest_first__ninit-1,8,division_zscore,quality_lite_residual_bucketed_height_025,nnls,furthest_first,0.3408819073483981,0.017941153018336743,19,mins_per_game,7,709,0.2363333333333333,387,322,0.4853920522464342,ast_pct=2.56; usg=2.17; stl_pct=1.94; ft_pct=1.04; ast_tov=0.54,height_inches=-1.61; orb_pct=-0.91; resid_three_share_height=-0.61; drb_pct=-0.52; blk_pct=-0.48,drb_pct,-0.5215790540902584
quality_lite_residual_bucketed_height_025,k8__division_zscore__quality_lite_residual_bucketed_height_025__method-nnls__init-furthest_first__ninit-1,8,division_zscore,quality_lite_residual_bucketed_height_025,nnls,furthest_first,0.3408819073483981,0.017941153018336743,19,mins_per_game,8,264,0.088,155,109,0.4717613331662954,blk_pct=4.02; height_inches=2.15; eFG=1.82; orb_pct=1.00; drb_pct=0.70,three_pct=-1.70; three_share=-1.54; three_pa_per_100_team_poss=-1.43; ast_tov=-1.09; stl_pct=-1.06,drb_pct,0.7018121561593641
role_residual_bucketed_height_025,k6__division_zscore__role_residual_bucketed_height_025__method-nnls__init-furthest_sum__ninit-1,6,division_zscore,role_residual_bucketed_height_025,nnls,furthest_sum,0.3311750335975552,0.022078335573170346,15,mins_per_game|eFG|three_pct|ft_pct|resid_three_pct_shot_mix,1,375,0.125,201,174,0.4812507680037219,FTR=3.55; height_inches=0.75; orb_pct=0.69; tov_pct=0.39; resid_orb_pct_height=0.13,usg=-1.50; three_share=-1.43; three_pa_per_100_team_poss=-1.40; ast_pct=-1.27; resid_three_share_height=-1.09,drb_pct,-0.499217933466163
role_residual_bucketed_height_025,k6__division_zscore__role_residual_bucketed_height_025__method-nnls__init-furthest_sum__ninit-1,6,division_zscore,role_residual_bucketed_height_025,nnls,furthest_sum,0.3311750335975552,0.022078335573170346,15,mins_per_game|eFG|three_pct|ft_pct|resid_three_pct_shot_mix,2,225,0.075,121,104,0.4375352831311541,tov_pct=3.86; stl_pct=-0.00; blk_pct=-0.00; resid_drb_pct_height=-0.10; ast_tov=-0.50,usg=-2.03; FTR=-1.80; resid_three_share_height=-1.29; three_pa_per_100_team_poss=-1.26; three_share=-1.06,drb_pct,-0.5654090408321998
role_residual_bucketed_height_025,k6__division_zscore__role_residual_bucketed_height_025__method-nnls__init-furthest_sum__ninit-1,6,division_zscore,role_residual_bucketed_height_025,nnls,furthest_sum,0.3311750335975552,0.022078335573170346,15,mins_per_game|eFG|three_pct|ft_pct|resid_three_pct_shot_mix,3,848,0.2826666666666667,463,385,0.5082987127011802,ast_pct=2.64; usg=2.06; stl_pct=1.72; resid_drb_pct_height=0.77; FTR=0.65,height_inches=-1.42; resid_three_share_height=-0.92; blk_pct=-0.65; orb_pct=-0.63; three_share=-0.43,drb_pct,-0.1345135323173831
role_residual_bucketed_height_025,k6__division_zscore__role_residual_bucketed_height_025__method-nnls__init-furthest_sum__ninit-1,6,division_zscore,role_residual_bucketed_height_025,nnls,furthest_sum,0.3311750335975552,0.022078335573170346,15,mins_per_game|eFG|three_pct|ft_pct|resid_three_pct_shot_mix,4,715,0.2383333333333333,387,328,0.4666907608784416,three_pa_per_100_team_poss=2.47; resid_three_share_height=2.35; three_share=2.08; height_inches=0.50; usg=0.30,tov_pct=-1.64; resid_orb_pct_height=-1.46; FTR=-1.45; ast_tov=-1.44; ast_pct=-1.44,drb_pct,-0.6010586722771261
role_residual_bucketed_height_025,k6__division_zscore__role_residual_bucketed_height_025__method-nnls__init-furthest_sum__ninit-1,6,division_zscore,role_residual_bucketed_height_025,nnls,furthest_sum,0.3311750335975552,0.022078335573170346,15,mins_per_game|eFG|three_pct|ft_pct|resid_three_pct_shot_mix,5,487,0.1623333333333333,272,215,0.4713862282635157,blk_pct=3.21; drb_pct=2.72; orb_pct=2.64; resid_drb_pct_height=2.56; resid_orb_pct_height=2.44,three_share=-1.56; three_pa_per_100_team_poss=-1.45; ast_tov=-1.10; resid_three_share_height=-1.02; ast_pct=-0.89,drb_pct,2.7242046107109976
role_residual_bucketed_height_025,k6__division_zscore__role_residual_bucketed_height_025__method-nnls__init-furthest_sum__ninit-1,6,division_zscore,role_residual_bucketed_height_025,nnls,furthest_sum,0.3311750335975552,0.022078335573170346,15,mins_per_game|eFG|three_pct|ft_pct|resid_three_pct_shot_mix,6,350,0.1166666666666666,184,166,0.4634353619737837,ast_tov=3.56; three_share=1.99; resid_three_share_height=1.87; three_pa_per_100_team_poss=0.73; ast_pct=0.15,tov_pct=-1.80; usg=-1.76; FTR=-1.50; drb_pct=-1.20; orb_pct=-1.04,drb_pct,-1.1980977811472695
role_residual_bucketed_height_025,k7__division_zscore__role_residual_bucketed_height_025__method-nnls__init-uniform__ninit-1,7,division_zscore,role_residual_bucketed_height_025,nnls,uniform,0.2972109118524465,0.019814060790163103,15,mins_per_game|eFG|three_pct|ft_pct|resid_three_pct_shot_mix,1,271,0.0903333333333333,145,126,0.4606935430400947,FTR=3.51; height_inches=0.70; tov_pct=0.55; orb_pct=0.47; resid_orb_pct_height=-0.14,usg=-1.83; resid_drb_pct_height=-1.54; stl_pct=-1.50; three_pa_per_100_team_poss=-1.32; ast_pct=-1.27,drb_pct,-0.947644362361346
role_residual_bucketed_height_025,k7__division_zscore__role_residual_bucketed_height_025__method-nnls__init-uniform__ninit-1,7,division_zscore,role_residual_bucketed_height_025,nnls,uniform,0.2972109118524465,0.019814060790163103,15,mins_per_game|eFG|three_pct|ft_pct|resid_three_pct_shot_mix,2,714,0.238,381,333,0.4560898845402303,three_pa_per_100_team_poss=2.47; resid_three_share_height=2.32; three_share=2.11; height_inches=0.39; usg=0.32,tov_pct=-1.68; FTR=-1.52; ast_tov=-1.45; ast_pct=-1.42; resid_orb_pct_height=-1.36,drb_pct,-0.6314154716437098
role_residual_bucketed_height_025,k7__division_zscore__role_residual_bucketed_height_025__method-nnls__init-uniform__ninit-1,7,division_zscore,role_residual_bucketed_height_025,nnls,uniform,0.2972109118524465,0.019814060790163103,15,mins_per_game|eFG|three_pct|ft_pct|resid_three_pct_shot_mix,3,481,0.1603333333333333,273,208,0.4728745837975009,blk_pct=3.28; height_inches=2.18; drb_pct=2.16; orb_pct=1.93; resid_drb_pct_height=1.75,three_share=-1.57; three_pa_per_100_team_poss=-1.46; stl_pct=-1.40; resid_three_share_height=-1.01; ast_tov=-1.01,drb_pct,2.163307649003616
role_residual_bucketed_height_025,k7__division_zscore__role_residual_bucketed_height_025__method-nnls__init-uniform__ninit-1,7,division_zscore,role_residual_bucketed_height_025,nnls,uniform,0.2972109118524465,0.019814060790163103,15,mins_per_game|eFG|three_pct|ft_pct|resid_three_pct_shot_mix,4,284,0.0946666666666666,149,135,0.4498244958154683,ast_tov=3.61; three_share=2.20; resid_three_share_height=2.14; three_pa_per_100_team_poss=0.77; stl_pct=0.34,usg=-1.96; tov_pct=-1.92; FTR=-1.82; drb_pct=-1.20; orb_pct=-1.04,drb_pct,-1.1993874324997913
role_residual_bucketed_height_025,k7__division_zscore__role_residual_bucketed_height_025__method-nnls__init-uniform__ninit-1,7,division_zscore,role_residual_bucketed_height_025,nnls,uniform,0.2972109118524465,0.019814060790163103,15,mins_per_game|eFG|three_pct|ft_pct|resid_three_pct_shot_mix,5,189,0.063,108,81,0.3911247100413145,stl_pct=3.24; resid_orb_pct_height=3.19; orb_pct=2.93; resid_drb_pct_height=1.62; drb_pct=1.47,resid_three_share_height=-1.84; three_share=-1.55; ast_tov=-1.50; three_pa_per_100_team_poss=-1.45; ast_pct=-1.36,drb_pct,1.4726869509949847
role_residual_bucketed_height_025,k7__division_zscore__role_residual_bucketed_height_025__method-nnls__init-uniform__ninit-1,7,division_zscore,role_residual_bucketed_height_025,nnls,uniform,0.2972109118524465,0.019814060790163103,15,mins_per_game|eFG|three_pct|ft_pct|resid_three_pct_shot_mix,6,231,0.077,123,108,0.4336661886751903,tov_pct=3.81; resid_drb_pct_height=-0.03; blk_pct=-0.04; stl_pct=-0.10; ast_pct=-0.39,usg=-1.99; FTR=-1.74; three_pa_per_100_team_poss=-1.14; resid_three_share_height=-1.01; orb_pct=-1.01,drb_pct,-0.553050133213737
role_residual_bucketed_height_025,k7__division_zscore__role_residual_bucketed_height_025__method-nnls__init-uniform__ninit-1,7,division_zscore,role_residual_bucketed_height_025,nnls,uniform,0.2972109118524465,0.019814060790163103,15,mins_per_game|eFG|three_pct|ft_pct|resid_three_pct_shot_mix,7,830,0.2766666666666666,449,381,0.4991826181844833,ast_pct=2.86; usg=2.15; stl_pct=1.06; ast_tov=1.05; FTR=0.64,height_inches=-1.42; orb_pct=-0.79; resid_three_share_height=-0.78; blk_pct=-0.64; three_share=-0.30,drb_pct,-0.2726795411230396
role_residual_bucketed_height_025,k8__division_zscore__role_residual_bucketed_height_025__method-nnls__init-uniform__ninit-1,8,division_zscore,role_residual_bucketed_height_025,nnls,uniform,0.2697788279717346,0.017985255198115637,15,mins_per_game|eFG|three_pct|ft_pct|resid_three_pct_shot_mix,1,134,0.0446666666666666,64,70,0.3903878264448893,stl_pct=3.26; tov_pct=3.23; FTR=3.14; ast_pct=0.84; usg=0.30,drb_pct=-1.86; height_inches=-1.48; resid_three_share_height=-1.43; resid_drb_pct_height=-1.43; orb_pct=-1.19,drb_pct,-1.8639440188088643
role_residual_bucketed_height_025,k8__division_zscore__role_residual_bucketed_height_025__method-nnls__init-uniform__ninit-1,8,division_zscore,role_residual_bucketed_height_025,nnls,uniform,0.2697788279717346,0.017985255198115637,15,mins_per_game|eFG|three_pct|ft_pct|resid_three_pct_shot_mix,2,170,0.0566666666666666,90,80,0.4224883320954408,FTR=3.56; orb_pct=0.94; height_inches=0.78; resid_orb_pct_height=0.41; ast_tov=0.27,usg=-2.16; stl_pct=-2.07; three_share=-1.55; three_pa_per_100_team_poss=-1.45; resid_drb_pct_height=-1.40,drb_pct,-0.5954688602444315
role_residual_bucketed_height_025,k8__division_zscore__role_residual_bucketed_height_025__method-nnls__init-uniform__ninit-1,8,division_zscore,role_residual_bucketed_height_025,nnls,uniform,0.2697788279717346,0.017985255198115637,15,mins_per_game|eFG|three_pct|ft_pct|resid_three_pct_shot_mix,3,569,0.1896666666666666,323,246,0.4588483687416875,ast_pct=3.02; usg=1.89; ast_tov=1.87; resid_drb_pct_height=0.58; three_pa_per_100_team_poss=0.44,height_inches=-1.75; orb_pct=-0.84; resid_three_share_height=-0.74; blk_pct=-0.54; FTR=-0.52,drb_pct,-0.3685614694066379
role_residual_bucketed_height_025,k8__division_zscore__role_residual_bucketed_height_025__method-nnls__init-uniform__ninit-1,8,division_zscore,role_residual_bucketed_height_025,nnls,uniform,0.2697788279717346,0.017985255198115637,15,mins_per_game|eFG|three_pct|ft_pct|resid_three_pct_shot_mix,4,223,0.0743333333333333,123,100,0.4602767656248945,blk_pct=4.05; height_inches=2.11; drb_pct=0.82; orb_pct=0.79; tov_pct=0.78,stl_pct=-1.69; three_share=-1.53; three_pa_per_100_team_poss=-1.44; ast_tov=-1.23; ast_pct=-1.17,drb_pct,0.8197422396185106
role_residual_bucketed_height_025,k8__division_zscore__role_residual_bucketed_height_025__method-nnls__init-uniform__ninit-1,8,division_zscore,role_residual_bucketed_height_025,nnls,uniform,0.2697788279717346,0.017985255198115637,15,mins_per_game|eFG|three_pct|ft_pct|resid_three_pct_shot_mix,5,804,0.268,442,362,0.4542302555282581,three_pa_per_100_team_poss=2.47; resid_three_share_height=2.29; three_share=2.08; usg=0.45; height_inches=0.30,tov_pct=-1.50; ast_tov=-1.42; ast_pct=-1.39; resid_orb_pct_height=-1.35; FTR=-1.30,drb_pct,-0.6667381994735595
role_residual_bucketed_height_025,k8__division_zscore__role_residual_bucketed_height_025__method-nnls__init-uniform__ninit-1,8,division_zscore,role_residual_bucketed_height_025,nnls,uniform,0.2697788279717346,0.017985255198115637,15,mins_per_game|eFG|three_pct|ft_pct|resid_three_pct_shot_mix,6,294,0.098,163,131,0.4187774607148855,ast_tov=3.61; resid_three_share_height=2.24; three_share=2.22; three_pa_per_100_team_poss=1.20; stl_pct=0.82,tov_pct=-2.33; usg=-1.84; FTR=-1.82; drb_pct=-1.41; resid_drb_pct_height=-1.28,drb_pct,-1.405674228549365
role_residual_bucketed_height_025,k8__division_zscore__role_residual_bucketed_height_025__method-nnls__init-uniform__ninit-1,8,division_zscore,role_residual_bucketed_height_025,nnls,uniform,0.2697788279717346,0.017985255198115637,15,mins_per_game|eFG|three_pct|ft_pct|resid_three_pct_shot_mix,7,195,0.065,91,104,0.3991863856786151,tov_pct=3.79; resid_drb_pct_height=0.41; resid_orb_pct_height=0.23; stl_pct=0.02; ast_tov=-0.08,usg=-2.02; FTR=-1.89; resid_three_share_height=-1.58; three_pa_per_100_team_poss=-1.35; three_share=-1.31,drb_pct,-0.2370164034748474
role_residual_bucketed_height_025,k8__division_zscore__role_residual_bucketed_height_025__method-nnls__init-uniform__ninit-1,8,division_zscore,role_residual_bucketed_height_025,nnls,uniform,0.2697788279717346,0.017985255198115637,15,mins_per_game|eFG|three_pct|ft_pct|resid_three_pct_shot_mix,8,611,0.2036666666666666,332,279,0.4477858364976605,resid_orb_pct_height=2.83; orb_pct=2.63; resid_drb_pct_height=2.42; drb_pct=2.28; usg=1.51,resid_three_share_height=-1.48; three_share=-1.34; three_pa_per_100_team_poss=-1.16; ast_tov=-1.06; ast_pct=-0.46,drb_pct,2.2835848132117857
quality_lite_residual_bucketed_height_025,k6__division_zscore__quality_lite_residual_bucketed_height_025__method-nnls__init-uniform__ninit-1,6,division_zscore,quality_lite_residual_bucketed_height_025,nnls,uniform,0.3952244837335131,0.020801288617553322,19,mins_per_game,1,399,0.133,211,188,0.4730662913059493,ast_tov=3.56; three_share=1.62; resid_three_share_height=1.51; three_pa_per_100_team_poss=1.03; stl_pct=0.47,tov_pct=-1.64; height_inches=-1.46; usg=-1.45; FTR=-1.36; drb_pct=-1.35,resid_orb_pct_height,-0.3592958392171722
quality_lite_residual_bucketed_height_025,k6__division_zscore__quality_lite_residual_bucketed_height_025__method-nnls__init-uniform__ninit-1,6,division_zscore,quality_lite_residual_bucketed_height_025,nnls,uniform,0.3952244837335131,0.020801288617553322,19,mins_per_game,2,349,0.1163333333333333,185,164,0.4915999885620037,FTR=3.52; height_inches=0.74; orb_pct=0.73; tov_pct=0.57; eFG=0.38,three_pct=-1.55; usg=-1.49; three_share=-1.42; three_pa_per_100_team_poss=-1.38; ast_pct=-1.15,resid_orb_pct_height,0.2143504208015179
quality_lite_residual_bucketed_height_025,k6__division_zscore__quality_lite_residual_bucketed_height_025__method-nnls__init-uniform__ninit-1,6,division_zscore,quality_lite_residual_bucketed_height_025,nnls,uniform,0.3952244837335131,0.020801288617553322,19,mins_per_game,3,824,0.2746666666666666,453,371,0.501900181028704,ast_pct=2.61; usg=2.14; stl_pct=1.65; resid_drb_pct_height=0.95; ft_pct=0.80,height_inches=-1.45; resid_three_share_height=-0.95; blk_pct=-0.66; orb_pct=-0.64; three_share=-0.46,resid_orb_pct_height,0.1992903702212081
quality_lite_residual_bucketed_height_025,k6__division_zscore__quality_lite_residual_bucketed_height_025__method-nnls__init-uniform__ninit-1,6,division_zscore,quality_lite_residual_bucketed_height_025,nnls,uniform,0.3952244837335131,0.020801288617553322,19,mins_per_game,4,214,0.0713333333333333,108,106,0.4403929689473806,tov_pct=3.78; stl_pct=-0.09; blk_pct=-0.10; resid_drb_pct_height=-0.31; height_inches=-0.51,ft_pct=-2.94; eFG=-2.22; usg=-2.02; three_pct=-1.59; FTR=-1.50,resid_orb_pct_height,-0.5848090689089351
quality_lite_residual_bucketed_height_025,k6__division_zscore__quality_lite_residual_bucketed_height_025__method-nnls__init-uniform__ninit-1,6,division_zscore,quality_lite_residual_bucketed_height_025,nnls,uniform,0.3952244837335131,0.020801288617553322,19,mins_per_game,5,771,0.257,420,351,0.4648561235650095,three_pa_per_100_team_poss=2.48; resid_three_share_height=2.41; three_share=1.94; height_inches=0.96; three_pct=0.80,resid_orb_pct_height=-1.61; tov_pct=-1.53; ast_tov=-1.44; ast_pct=-1.41; resid_drb_pct_height=-1.09,resid_orb_pct_height,-1.6052685741701926
quality_lite_residual_bucketed_height_025,k6__division_zscore__quality_lite_residual_bucketed_height_025__method-nnls__init-uniform__ninit-1,6,division_zscore,quality_lite_residual_bucketed_height_025,nnls,uniform,0.3952244837335131,0.020801288617553322,19,mins_per_game,6,443,0.1476666666666666,251,192,0.4697382230780533,blk_pct=3.32; drb_pct=2.71; orb_pct=2.71; resid_orb_pct_height=2.61; resid_drb_pct_height=2.56,three_pct=-1.96; three_share=-1.56; three_pa_per_100_team_poss=-1.45; ast_tov=-1.06; resid_three_share_height=-1.05,resid_orb_pct_height,2.613672086745269
quality_lite_residual_bucketed_height_025,k7__division_zscore__quality_lite_residual_bucketed_height_025__method-nnls__init-aa_plus_plus__ninit-1,7,division_zscore,quality_lite_residual_bucketed_height_025,nnls,aa_plus_plus,0.3669273483464054,0.01931196570244239,19,mins_per_game,1,536,0.1786666666666666,297,239,0.4669809303706854,ast_pct=3.00; usg=2.13; ast_tov=1.24; ft_pct=0.74; resid_drb_pct_height=0.70,height_inches=-1.26; resid_three_share_height=-1.01; orb_pct=-0.79; blk_pct=-0.61; three_share=-0.53,resid_orb_pct_height,-0.0917555958819151
quality_lite_residual_bucketed_height_025,k7__division_zscore__quality_lite_residual_bucketed_height_025__method-nnls__init-aa_plus_plus__ninit-1,7,division_zscore,quality_lite_residual_bucketed_height_025,nnls,aa_plus_plus,0.3669273483464054,0.01931196570244239,19,mins_per_game,2,435,0.145,244,191,0.4642208016602736,blk_pct=3.31; drb_pct=2.72; orb_pct=2.72; resid_orb_pct_height=2.65; resid_drb_pct_height=2.57,three_pct=-1.96; three_share=-1.56; three_pa_per_100_team_poss=-1.45; resid_three_share_height=-1.06; ast_tov=-1.05,resid_orb_pct_height,2.6476686246061805
quality_lite_residual_bucketed_height_025,k7__division_zscore__quality_lite_residual_bucketed_height_025__method-nnls__init-aa_plus_plus__ninit-1,7,division_zscore,quality_lite_residual_bucketed_height_025,nnls,aa_plus_plus,0.3669273483464054,0.01931196570244239,19,mins_per_game,3,777,0.259,425,352,0.4511478122644251,three_pa_per_100_team_poss=2.47; resid_three_share_height=2.41; three_share=1.93; height_inches=0.96; three_pct=0.84,resid_orb_pct_height=-1.63; tov_pct=-1.54; ast_tov=-1.41; ast_pct=-1.39; resid_drb_pct_height=-1.08,resid_orb_pct_height,-1.6301423293252857
quality_lite_residual_bucketed_height_025,k7__division_zscore__quality_lite_residual_bucketed_height_025__method-nnls__init-aa_plus_plus__ninit-1,7,division_zscore,quality_lite_residual_bucketed_height_025,nnls,aa_plus_plus,0.3669273483464054,0.01931196570244239,19,mins_per_game,4,315,0.105,172,143,0.4563268562320033,ast_tov=3.59; three_share=2.12; resid_three_share_height=2.01; three_pa_per_100_team_poss=1.47; stl_pct=0.51,tov_pct=-1.78; FTR=-1.55; height_inches=-1.48; drb_pct=-1.47; usg=-1.42,resid_orb_pct_height,-0.3048398058380109
quality_lite_residual_bucketed_height_025,k7__division_zscore__quality_lite_residual_bucketed_height_025__method-nnls__init-aa_plus_plus__ninit-1,7,division_zscore,quality_lite_residual_bucketed_height_025,nnls,aa_plus_plus,0.3669273483464054,0.01931196570244239,19,mins_per_game,5,345,0.115,185,160,0.4675216531814609,FTR=3.54; height_inches=0.93; orb_pct=0.81; eFG=0.65; tov_pct=0.58,usg=-1.76; three_pct=-1.75; three_share=-1.46; three_pa_per_100_team_poss=-1.41; stl_pct=-1.27,resid_orb_pct_height,0.1046975812154086
quality_lite_residual_bucketed_height_025,k7__division_zscore__quality_lite_residual_bucketed_height_025__method-nnls__init-aa_plus_plus__ninit-1,7,division_zscore,quality_lite_residual_bucketed_height_025,nnls,aa_plus_plus,0.3669273483464054,0.01931196570244239,19,mins_per_game,6,368,0.1226666666666666,197,171,0.4440114333411888,stl_pct=3.41; usg=1.20; ast_pct=1.09; FTR=0.69; tov_pct=0.53,height_inches=-1.54; resid_three_share_height=-0.74; eFG=-0.65; blk_pct=-0.63; orb_pct=-0.53,resid_orb_pct_height,0.267755362048044
quality_lite_residual_bucketed_height_025,k7__division_zscore__quality_lite_residual_bucketed_height_025__method-nnls__init-aa_plus_plus__ninit-1,7,division_zscore,quality_lite_residual_bucketed_height_025,nnls,aa_plus_plus,0.3669273483464054,0.01931196570244239,19,mins_per_game,7,224,0.0746666666666666,108,116,0.4184669485370267,tov_pct=3.77; blk_pct=0.04; stl_pct=-0.11; resid_drb_pct_height=-0.27; height_inches=-0.50,ft_pct=-3.05; eFG=-2.31; usg=-2.00; FTR=-1.64; three_pct=-1.64,resid_orb_pct_height,-0.5635616105804363
quality_lite_residual_bucketed_height_025,k8__division_zscore__quality_lite_residual_bucketed_height_025__method-nnls__init-furthest_first__ninit-1,8,division_zscore,quality_lite_residual_bucketed_height_025,nnls,furthest_first,0.3408819073483981,0.017941153018336743,19,mins_per_game,1,392,0.1306666666666666,214,178,0.430214890356741,resid_orb_pct_height=3.08; resid_drb_pct_height=2.88; orb_pct=2.86; drb_pct=2.71; usg=1.72,three_share=-1.46; resid_three_share_height=-1.43; three_pa_per_100_team_poss=-1.35; stl_pct=-0.91; ast_tov=-0.76,resid_orb_pct_height,3.0798699156156557
quality_lite_residual_bucketed_height_025,k8__division_zscore__quality_lite_residual_bucketed_height_025__method-nnls__init-furthest_first__ninit-1,8,division_zscore,quality_lite_residual_bucketed_height_025,nnls,furthest_first,0.3408819073483981,0.017941153018336743,19,mins_per_game,2,393,0.131,204,189,0.4582960753920876,ast_tov=3.56; three_share=1.65; resid_three_share_height=1.52; three_pa_per_100_team_poss=1.10; three_pct=0.45,tov_pct=-1.73; usg=-1.42; FTR=-1.38; height_inches=-1.33; drb_pct=-1.25,resid_orb_pct_height,-0.3289854244092066
quality_lite_residual_bucketed_height_025,k8__division_zscore__quality_lite_residual_bucketed_height_025__method-nnls__init-furthest_first__ninit-1,8,division_zscore,quality_lite_residual_bucketed_height_025,nnls,furthest_first,0.3408819073483981,0.017941153018336743,19,mins_per_game,3,202,0.0673333333333333,109,93,0.4227786322277308,FTR=3.56; resid_orb_pct_height=0.59; orb_pct=0.32; stl_pct=0.24; height_inches=-0.27,three_pct=-1.93; resid_three_pct_shot_mix=-1.50; ast_pct=-1.36; resid_three_share_height=-1.28; three_pa_per_100_team_poss=-1.27,resid_orb_pct_height,0.5913940002847902
quality_lite_residual_bucketed_height_025,k8__division_zscore__quality_lite_residual_bucketed_height_025__method-nnls__init-furthest_first__ninit-1,8,division_zscore,quality_lite_residual_bucketed_height_025,nnls,furthest_first,0.3408819073483981,0.017941153018336743,19,mins_per_game,4,61,0.0203333333333333,28,33,0.3938075635801744,tov_pct=3.57; FTR=3.10; eFG=2.21; resid_three_pct_shot_mix=1.83; three_pct=1.57,usg=-1.55; orb_pct=-1.41; stl_pct=-1.29; three_pa_per_100_team_poss=-1.09; resid_orb_pct_height=-1.00,resid_orb_pct_height,-0.998504287515416
quality_lite_residual_bucketed_height_025,k8__division_zscore__quality_lite_residual_bucketed_height_025__method-nnls__init-furthest_first__ninit-1,8,division_zscore,quality_lite_residual_bucketed_height_025,nnls,furthest_first,0.3408819073483981,0.017941153018336743,19,mins_per_game,5,150,0.05,78,72,0.4010188074941261,tov_pct=3.89; resid_drb_pct_height=0.30; stl_pct=0.27; resid_orb_pct_height=0.09; drb_pct=-0.18,ft_pct=-3.73; eFG=-2.96; usg=-2.05; three_pct=-2.05; FTR=-1.93,resid_orb_pct_height,0.0877152511390326
quality_lite_residual_bucketed_height_025,k8__division_zscore__quality_lite_residual_bucketed_height_025__method-nnls__init-furthest_first__ninit-1,8,division_zscore,quality_lite_residual_bucketed_height_025,nnls,furthest_first,0.3408819073483981,0.017941153018336743,19,mins_per_game,6,829,0.2763333333333333,453,376,0.4567297808320393,three_pa_per_100_team_poss=2.47; resid_three_share_height=2.44; three_share=1.96; height_inches=0.97; three_pct=0.73,resid_orb_pct_height=-1.64; tov_pct=-1.52; ast_tov=-1.44; ast_pct=-1.43; FTR=-1.15,resid_orb_pct_height,-1.64113493226064
quality_lite_residual_bucketed_height_025,k8__division_zscore__quality_lite_residual_bucketed_height_025__method-nnls__init-furthest_first__ninit-1,8,division_zscore,quality_lite_residual_bucketed_height_025,nnls,furthest_first,0.3408819073483981,0.017941153018336743,19,mins_per_game,7,709,0.2363333333333333,387,322,0.4853920522464342,ast_pct=2.56; usg=2.17; stl_pct=1.94; ft_pct=1.04; ast_tov=0.54,height_inches=-1.61; orb_pct=-0.91; resid_three_share_height=-0.61; drb_pct=-0.52; blk_pct=-0.48,resid_orb_pct_height,-0.1177702583203555
quality_lite_residual_bucketed_height_025,k8__division_zscore__quality_lite_residual_bucketed_height_025__method-nnls__init-furthest_first__ninit-1,8,division_zscore,quality_lite_residual_bucketed_height_025,nnls,furthest_first,0.3408819073483981,0.017941153018336743,19,mins_per_game,8,264,0.088,155,109,0.4717613331662954,blk_pct=4.02; height_inches=2.15; eFG=1.82; orb_pct=1.00; drb_pct=0.70,three_pct=-1.70; three_share=-1.54; three_pa_per_100_team_poss=-1.43; ast_tov=-1.09; stl_pct=-1.06,resid_orb_pct_height,-0.28923200675786
role_residual_bucketed_height_025,k6__division_zscore__role_residual_bucketed_height_025__method-nnls__init-furthest_sum__ninit-1,6,division_zscore,role_residual_bucketed_height_025,nnls,furthest_sum,0.3311750335975552,0.022078335573170346,15,mins_per_game|eFG|three_pct|ft_pct|resid_three_pct_shot_mix,1,375,0.125,201,174,0.4812507680037219,FTR=3.55; height_inches=0.75; orb_pct=0.69; tov_pct=0.39; resid_orb_pct_height=0.13,usg=-1.50; three_share=-1.43; three_pa_per_100_team_poss=-1.40; ast_pct=-1.27; resid_three_share_height=-1.09,resid_orb_pct_height,0.1278007613459843
role_residual_bucketed_height_025,k6__division_zscore__role_residual_bucketed_height_025__method-nnls__init-furthest_sum__ninit-1,6,division_zscore,role_residual_bucketed_height_025,nnls,furthest_sum,0.3311750335975552,0.022078335573170346,15,mins_per_game|eFG|three_pct|ft_pct|resid_three_pct_shot_mix,2,225,0.075,121,104,0.4375352831311541,tov_pct=3.86; stl_pct=-0.00; blk_pct=-0.00; resid_drb_pct_height=-0.10; ast_tov=-0.50,usg=-2.03; FTR=-1.80; resid_three_share_height=-1.29; three_pa_per_100_team_poss=-1.26; three_share=-1.06,resid_orb_pct_height,-0.5646771993094722
role_residual_bucketed_height_025,k6__division_zscore__role_residual_bucketed_height_025__method-nnls__init-furthest_sum__ninit-1,6,division_zscore,role_residual_bucketed_height_025,nnls,furthest_sum,0.3311750335975552,0.022078335573170346,15,mins_per_game|eFG|three_pct|ft_pct|resid_three_pct_shot_mix,3,848,0.2826666666666667,463,385,0.5082987127011802,ast_pct=2.64; usg=2.06; stl_pct=1.72; resid_drb_pct_height=0.77; FTR=0.65,height_inches=-1.42; resid_three_share_height=-0.92; blk_pct=-0.65; orb_pct=-0.63; three_share=-0.43,resid_orb_pct_height,0.2136995053367746
role_residual_bucketed_height_025,k6__division_zscore__role_residual_bucketed_height_025__method-nnls__init-furthest_sum__ninit-1,6,division_zscore,role_residual_bucketed_height_025,nnls,furthest_sum,0.3311750335975552,0.022078335573170346,15,mins_per_game|eFG|three_pct|ft_pct|resid_three_pct_shot_mix,4,715,0.2383333333333333,387,328,0.4666907608784416,three_pa_per_100_team_poss=2.47; resid_three_share_height=2.35; three_share=2.08; height_inches=0.50; usg=0.30,tov_pct=-1.64; resid_orb_pct_height=-1.46; FTR=-1.45; ast_tov=-1.44; ast_pct=-1.44,resid_orb_pct_height,-1.4591068132468883
role_residual_bucketed_height_025,k6__division_zscore__role_residual_bucketed_height_025__method-nnls__init-furthest_sum__ninit-1,6,division_zscore,role_residual_bucketed_height_025,nnls,furthest_sum,0.3311750335975552,0.022078335573170346,15,mins_per_game|eFG|three_pct|ft_pct|resid_three_pct_shot_mix,5,487,0.1623333333333333,272,215,0.4713862282635157,blk_pct=3.21; drb_pct=2.72; orb_pct=2.64; resid_drb_pct_height=2.56; resid_orb_pct_height=2.44,three_share=-1.56; three_pa_per_100_team_poss=-1.45; ast_tov=-1.10; resid_three_share_height=-1.02; ast_pct=-0.89,resid_orb_pct_height,2.439300408548033
role_residual_bucketed_height_025,k6__division_zscore__role_residual_bucketed_height_025__method-nnls__init-furthest_sum__ninit-1,6,division_zscore,role_residual_bucketed_height_025,nnls,furthest_sum,0.3311750335975552,0.022078335573170346,15,mins_per_game|eFG|three_pct|ft_pct|resid_three_pct_shot_mix,6,350,0.1166666666666666,184,166,0.4634353619737837,ast_tov=3.56; three_share=1.99; resid_three_share_height=1.87; three_pa_per_100_team_poss=0.73; ast_pct=0.15,tov_pct=-1.80; usg=-1.76; FTR=-1.50; drb_pct=-1.20; orb_pct=-1.04,resid_orb_pct_height,-0.57410793638307
role_residual_bucketed_height_025,k7__division_zscore__role_residual_bucketed_height_025__method-nnls__init-uniform__ninit-1,7,division_zscore,role_residual_bucketed_height_025,nnls,uniform,0.2972109118524465,0.019814060790163103,15,mins_per_game|eFG|three_pct|ft_pct|resid_three_pct_shot_mix,1,271,0.0903333333333333,145,126,0.4606935430400947,FTR=3.51; height_inches=0.70; tov_pct=0.55; orb_pct=0.47; resid_orb_pct_height=-0.14,usg=-1.83; resid_drb_pct_height=-1.54; stl_pct=-1.50; three_pa_per_100_team_poss=-1.32; ast_pct=-1.27,resid_orb_pct_height,-0.1413405985130358
role_residual_bucketed_height_025,k7__division_zscore__role_residual_bucketed_height_025__method-nnls__init-uniform__ninit-1,7,division_zscore,role_residual_bucketed_height_025,nnls,uniform,0.2972109118524465,0.019814060790163103,15,mins_per_game|eFG|three_pct|ft_pct|resid_three_pct_shot_mix,2,714,0.238,381,333,0.4560898845402303,three_pa_per_100_team_poss=2.47; resid_three_share_height=2.32; three_share=2.11; height_inches=0.39; usg=0.32,tov_pct=-1.68; FTR=-1.52; ast_tov=-1.45; ast_pct=-1.42; resid_orb_pct_height=-1.36,resid_orb_pct_height,-1.358993093154495
role_residual_bucketed_height_025,k7__division_zscore__role_residual_bucketed_height_025__method-nnls__init-uniform__ninit-1,7,division_zscore,role_residual_bucketed_height_025,nnls,uniform,0.2972109118524465,0.019814060790163103,15,mins_per_game|eFG|three_pct|ft_pct|resid_three_pct_shot_mix,3,481,0.1603333333333333,273,208,0.4728745837975009,blk_pct=3.28; height_inches=2.18; drb_pct=2.16; orb_pct=1.93; resid_drb_pct_height=1.75,three_share=-1.57; three_pa_per_100_team_poss=-1.46; stl_pct=-1.40; resid_three_share_height=-1.01; ast_tov=-1.01,resid_orb_pct_height,1.260407119831259
role_residual_bucketed_height_025,k7__division_zscore__role_residual_bucketed_height_025__method-nnls__init-uniform__ninit-1,7,division_zscore,role_residual_bucketed_height_025,nnls,uniform,0.2972109118524465,0.019814060790163103,15,mins_per_game|eFG|three_pct|ft_pct|resid_three_pct_shot_mix,4,284,0.0946666666666666,149,135,0.4498244958154683,ast_tov=3.61; three_share=2.20; resid_three_share_height=2.14; three_pa_per_100_team_poss=0.77; stl_pct=0.34,usg=-1.96; tov_pct=-1.92; FTR=-1.82; drb_pct=-1.20; orb_pct=-1.04,resid_orb_pct_height,-0.6583964377445988
role_residual_bucketed_height_025,k7__division_zscore__role_residual_bucketed_height_025__method-nnls__init-uniform__ninit-1,7,division_zscore,role_residual_bucketed_height_025,nnls,uniform,0.2972109118524465,0.019814060790163103,15,mins_per_game|eFG|three_pct|ft_pct|resid_three_pct_shot_mix,5,189,0.063,108,81,0.3911247100413145,stl_pct=3.24; resid_orb_pct_height=3.19; orb_pct=2.93; resid_drb_pct_height=1.62; drb_pct=1.47,resid_three_share_height=-1.84; three_share=-1.55; ast_tov=-1.50; three_pa_per_100_team_poss=-1.45; ast_pct=-1.36,resid_orb_pct_height,3.1928810208822167
role_residual_bucketed_height_025,k7__division_zscore__role_residual_bucketed_height_025__method-nnls__init-uniform__ninit-1,7,division_zscore,role_residual_bucketed_height_025,nnls,uniform,0.2972109118524465,0.019814060790163103,15,mins_per_game|eFG|three_pct|ft_pct|resid_three_pct_shot_mix,6,231,0.077,123,108,0.4336661886751903,tov_pct=3.81; resid_drb_pct_height=-0.03; blk_pct=-0.04; stl_pct=-0.10; ast_pct=-0.39,usg=-1.99; FTR=-1.74; three_pa_per_100_team_poss=-1.14; resid_three_share_height=-1.01; orb_pct=-1.01,resid_orb_pct_height,-0.5674654835613228
role_residual_bucketed_height_025,k7__division_zscore__role_residual_bucketed_height_025__method-nnls__init-uniform__ninit-1,7,division_zscore,role_residual_bucketed_height_025,nnls,uniform,0.2972109118524465,0.019814060790163103,15,mins_per_game|eFG|three_pct|ft_pct|resid_three_pct_shot_mix,7,830,0.2766666666666666,449,381,0.4991826181844833,ast_pct=2.86; usg=2.15; stl_pct=1.06; ast_tov=1.05; FTR=0.64,height_inches=-1.42; orb_pct=-0.79; resid_three_share_height=-0.78; blk_pct=-0.64; three_share=-0.30,resid_orb_pct_height,0.0137412831281228
role_residual_bucketed_height_025,k8__division_zscore__role_residual_bucketed_height_025__method-nnls__init-uniform__ninit-1,8,division_zscore,role_residual_bucketed_height_025,nnls,uniform,0.2697788279717346,0.017985255198115637,15,mins_per_game|eFG|three_pct|ft_pct|resid_three_pct_shot_mix,1,134,0.0446666666666666,64,70,0.3903878264448893,stl_pct=3.26; tov_pct=3.23; FTR=3.14; ast_pct=0.84; usg=0.30,drb_pct=-1.86; height_inches=-1.48; resid_three_share_height=-1.43; resid_drb_pct_height=-1.43; orb_pct=-1.19,resid_orb_pct_height,-0.5927586533445021
role_residual_bucketed_height_025,k8__division_zscore__role_residual_bucketed_height_025__method-nnls__init-uniform__ninit-1,8,division_zscore,role_residual_bucketed_height_025,nnls,uniform,0.2697788279717346,0.017985255198115637,15,mins_per_game|eFG|three_pct|ft_pct|resid_three_pct_shot_mix,2,170,0.0566666666666666,90,80,0.4224883320954408,FTR=3.56; orb_pct=0.94; height_inches=0.78; resid_orb_pct_height=0.41; ast_tov=0.27,usg=-2.16; stl_pct=-2.07; three_share=-1.55; three_pa_per_100_team_poss=-1.45; resid_drb_pct_height=-1.40,resid_orb_pct_height,0.4074833466543588
role_residual_bucketed_height_025,k8__division_zscore__role_residual_bucketed_height_025__method-nnls__init-uniform__ninit-1,8,division_zscore,role_residual_bucketed_height_025,nnls,uniform,0.2697788279717346,0.017985255198115637,15,mins_per_game|eFG|three_pct|ft_pct|resid_three_pct_shot_mix,3,569,0.1896666666666666,323,246,0.4588483687416875,ast_pct=3.02; usg=1.89; ast_tov=1.87; resid_drb_pct_height=0.58; three_pa_per_100_team_poss=0.44,height_inches=-1.75; orb_pct=-0.84; resid_three_share_height=-0.74; blk_pct=-0.54; FTR=-0.52,resid_orb_pct_height,-0.0284911912951658
role_residual_bucketed_height_025,k8__division_zscore__role_residual_bucketed_height_025__method-nnls__init-uniform__ninit-1,8,division_zscore,role_residual_bucketed_height_025,nnls,uniform,0.2697788279717346,0.017985255198115637,15,mins_per_game|eFG|three_pct|ft_pct|resid_three_pct_shot_mix,4,223,0.0743333333333333,123,100,0.4602767656248945,blk_pct=4.05; height_inches=2.11; drb_pct=0.82; orb_pct=0.79; tov_pct=0.78,stl_pct=-1.69; three_share=-1.53; three_pa_per_100_team_poss=-1.44; ast_tov=-1.23; ast_pct=-1.17,resid_orb_pct_height,-0.6786262951567971
role_residual_bucketed_height_025,k8__division_zscore__role_residual_bucketed_height_025__method-nnls__init-uniform__ninit-1,8,division_zscore,role_residual_bucketed_height_025,nnls,uniform,0.2697788279717346,0.017985255198115637,15,mins_per_game|eFG|three_pct|ft_pct|resid_three_pct_shot_mix,5,804,0.268,442,362,0.4542302555282581,three_pa_per_100_team_poss=2.47; resid_three_share_height=2.29; three_share=2.08; usg=0.45; height_inches=0.30,tov_pct=-1.50; ast_tov=-1.42; ast_pct=-1.39; resid_orb_pct_height=-1.35; FTR=-1.30,resid_orb_pct_height,-1.3501850155039588
role_residual_bucketed_height_025,k8__division_zscore__role_residual_bucketed_height_025__method-nnls__init-uniform__ninit-1,8,division_zscore,role_residual_bucketed_height_025,nnls,uniform,0.2697788279717346,0.017985255198115637,15,mins_per_game|eFG|three_pct|ft_pct|resid_three_pct_shot_mix,6,294,0.098,163,131,0.4187774607148855,ast_tov=3.61; resid_three_share_height=2.24; three_share=2.22; three_pa_per_100_team_poss=1.20; stl_pct=0.82,tov_pct=-2.33; usg=-1.84; FTR=-1.82; drb_pct=-1.41; resid_drb_pct_height=-1.28,resid_orb_pct_height,-0.7944454698187456
role_residual_bucketed_height_025,k8__division_zscore__role_residual_bucketed_height_025__method-nnls__init-uniform__ninit-1,8,division_zscore,role_residual_bucketed_height_025,nnls,uniform,0.2697788279717346,0.017985255198115637,15,mins_per_game|eFG|three_pct|ft_pct|resid_three_pct_shot_mix,7,195,0.065,91,104,0.3991863856786151,tov_pct=3.79; resid_drb_pct_height=0.41; resid_orb_pct_height=0.23; stl_pct=0.02; ast_tov=-0.08,usg=-2.02; FTR=-1.89; resid_three_share_height=-1.58; three_pa_per_100_team_poss=-1.35; three_share=-1.31,resid_orb_pct_height,0.2347027553080622
role_residual_bucketed_height_025,k8__division_zscore__role_residual_bucketed_height_025__method-nnls__init-uniform__ninit-1,8,division_zscore,role_residual_bucketed_height_025,nnls,uniform,0.2697788279717346,0.017985255198115637,15,mins_per_game|eFG|three_pct|ft_pct|resid_three_pct_shot_mix,8,611,0.2036666666666666,332,279,0.4477858364976605,resid_orb_pct_height=2.83; orb_pct=2.63; resid_drb_pct_height=2.42; drb_pct=2.28; usg=1.51,resid_three_share_height=-1.48; three_share=-1.34; three_pa_per_100_team_poss=-1.16; ast_tov=-1.06; ast_pct=-0.46,resid_orb_pct_height,2.8305758525573212
quality_lite_residual_bucketed_height_025,k6__division_zscore__quality_lite_residual_bucketed_height_025__method-nnls__init-uniform__ninit-1,6,division_zscore,quality_lite_residual_bucketed_height_025,nnls,uniform,0.3952244837335131,0.020801288617553322,19,mins_per_game,1,399,0.133,211,188,0.4730662913059493,ast_tov=3.56; three_share=1.62; resid_three_share_height=1.51; three_pa_per_100_team_poss=1.03; stl_pct=0.47,tov_pct=-1.64; height_inches=-1.46; usg=-1.45; FTR=-1.36; drb_pct=-1.35,resid_drb_pct_height,-0.7660827083613281
quality_lite_residual_bucketed_height_025,k6__division_zscore__quality_lite_residual_bucketed_height_025__method-nnls__init-uniform__ninit-1,6,division_zscore,quality_lite_residual_bucketed_height_025,nnls,uniform,0.3952244837335131,0.020801288617553322,19,mins_per_game,2,349,0.1163333333333333,185,164,0.4915999885620037,FTR=3.52; height_inches=0.74; orb_pct=0.73; tov_pct=0.57; eFG=0.38,three_pct=-1.55; usg=-1.49; three_share=-1.42; three_pa_per_100_team_poss=-1.38; ast_pct=-1.15,resid_drb_pct_height,-1.097895165606861
quality_lite_residual_bucketed_height_025,k6__division_zscore__quality_lite_residual_bucketed_height_025__method-nnls__init-uniform__ninit-1,6,division_zscore,quality_lite_residual_bucketed_height_025,nnls,uniform,0.3952244837335131,0.020801288617553322,19,mins_per_game,3,824,0.2746666666666666,453,371,0.501900181028704,ast_pct=2.61; usg=2.14; stl_pct=1.65; resid_drb_pct_height=0.95; ft_pct=0.80,height_inches=-1.45; resid_three_share_height=-0.95; blk_pct=-0.66; orb_pct=-0.64; three_share=-0.46,resid_drb_pct_height,0.9458766190644002
quality_lite_residual_bucketed_height_025,k6__division_zscore__quality_lite_residual_bucketed_height_025__method-nnls__init-uniform__ninit-1,6,division_zscore,quality_lite_residual_bucketed_height_025,nnls,uniform,0.3952244837335131,0.020801288617553322,19,mins_per_game,4,214,0.0713333333333333,108,106,0.4403929689473806,tov_pct=3.78; stl_pct=-0.09; blk_pct=-0.10; resid_drb_pct_height=-0.31; height_inches=-0.51,ft_pct=-2.94; eFG=-2.22; usg=-2.02; three_pct=-1.59; FTR=-1.50,resid_drb_pct_height,-0.3099599905319217
quality_lite_residual_bucketed_height_025,k6__division_zscore__quality_lite_residual_bucketed_height_025__method-nnls__init-uniform__ninit-1,6,division_zscore,quality_lite_residual_bucketed_height_025,nnls,uniform,0.3952244837335131,0.020801288617553322,19,mins_per_game,5,771,0.257,420,351,0.4648561235650095,three_pa_per_100_team_poss=2.48; resid_three_share_height=2.41; three_share=1.94; height_inches=0.96; three_pct=0.80,resid_orb_pct_height=-1.61; tov_pct=-1.53; ast_tov=-1.44; ast_pct=-1.41; resid_drb_pct_height=-1.09,resid_drb_pct_height,-1.0900157253821852
quality_lite_residual_bucketed_height_025,k6__division_zscore__quality_lite_residual_bucketed_height_025__method-nnls__init-uniform__ninit-1,6,division_zscore,quality_lite_residual_bucketed_height_025,nnls,uniform,0.3952244837335131,0.020801288617553322,19,mins_per_game,6,443,0.1476666666666666,251,192,0.4697382230780533,blk_pct=3.32; drb_pct=2.71; orb_pct=2.71; resid_orb_pct_height=2.61; resid_drb_pct_height=2.56,three_pct=-1.96; three_share=-1.56; three_pa_per_100_team_poss=-1.45; ast_tov=-1.06; resid_three_share_height=-1.05,resid_drb_pct_height,2.555002834848891
quality_lite_residual_bucketed_height_025,k7__division_zscore__quality_lite_residual_bucketed_height_025__method-nnls__init-aa_plus_plus__ninit-1,7,division_zscore,quality_lite_residual_bucketed_height_025,nnls,aa_plus_plus,0.3669273483464054,0.01931196570244239,19,mins_per_game,1,536,0.1786666666666666,297,239,0.4669809303706854,ast_pct=3.00; usg=2.13; ast_tov=1.24; ft_pct=0.74; resid_drb_pct_height=0.70,height_inches=-1.26; resid_three_share_height=-1.01; orb_pct=-0.79; blk_pct=-0.61; three_share=-0.53,resid_drb_pct_height,0.7048010363586712
quality_lite_residual_bucketed_height_025,k7__division_zscore__quality_lite_residual_bucketed_height_025__method-nnls__init-aa_plus_plus__ninit-1,7,division_zscore,quality_lite_residual_bucketed_height_025,nnls,aa_plus_plus,0.3669273483464054,0.01931196570244239,19,mins_per_game,2,435,0.145,244,191,0.4642208016602736,blk_pct=3.31; drb_pct=2.72; orb_pct=2.72; resid_orb_pct_height=2.65; resid_drb_pct_height=2.57,three_pct=-1.96; three_share=-1.56; three_pa_per_100_team_poss=-1.45; resid_three_share_height=-1.06; ast_tov=-1.05,resid_drb_pct_height,2.574162018076067
quality_lite_residual_bucketed_height_025,k7__division_zscore__quality_lite_residual_bucketed_height_025__method-nnls__init-aa_plus_plus__ninit-1,7,division_zscore,quality_lite_residual_bucketed_height_025,nnls,aa_plus_plus,0.3669273483464054,0.01931196570244239,19,mins_per_game,3,777,0.259,425,352,0.4511478122644251,three_pa_per_100_team_poss=2.47; resid_three_share_height=2.41; three_share=1.93; height_inches=0.96; three_pct=0.84,resid_orb_pct_height=-1.63; tov_pct=-1.54; ast_tov=-1.41; ast_pct=-1.39; resid_drb_pct_height=-1.08,resid_drb_pct_height,-1.0815234302817591
quality_lite_residual_bucketed_height_025,k7__division_zscore__quality_lite_residual_bucketed_height_025__method-nnls__init-aa_plus_plus__ninit-1,7,division_zscore,quality_lite_residual_bucketed_height_025,nnls,aa_plus_plus,0.3669273483464054,0.01931196570244239,19,mins_per_game,4,315,0.105,172,143,0.4563268562320033,ast_tov=3.59; three_share=2.12; resid_three_share_height=2.01; three_pa_per_100_team_poss=1.47; stl_pct=0.51,tov_pct=-1.78; FTR=-1.55; height_inches=-1.48; drb_pct=-1.47; usg=-1.42,resid_drb_pct_height,-0.8445830370194376
quality_lite_residual_bucketed_height_025,k7__division_zscore__quality_lite_residual_bucketed_height_025__method-nnls__init-aa_plus_plus__ninit-1,7,division_zscore,quality_lite_residual_bucketed_height_025,nnls,aa_plus_plus,0.3669273483464054,0.01931196570244239,19,mins_per_game,5,345,0.115,185,160,0.4675216531814609,FTR=3.54; height_inches=0.93; orb_pct=0.81; eFG=0.65; tov_pct=0.58,usg=-1.76; three_pct=-1.75; three_share=-1.46; three_pa_per_100_team_poss=-1.41; stl_pct=-1.27,resid_drb_pct_height,-1.2628197418232363
quality_lite_residual_bucketed_height_025,k7__division_zscore__quality_lite_residual_bucketed_height_025__method-nnls__init-aa_plus_plus__ninit-1,7,division_zscore,quality_lite_residual_bucketed_height_025,nnls,aa_plus_plus,0.3669273483464054,0.01931196570244239,19,mins_per_game,6,368,0.1226666666666666,197,171,0.4440114333411888,stl_pct=3.41; usg=1.20; ast_pct=1.09; FTR=0.69; tov_pct=0.53,height_inches=-1.54; resid_three_share_height=-0.74; eFG=-0.65; blk_pct=-0.63; orb_pct=-0.53,resid_drb_pct_height,0.3896265664475233
quality_lite_residual_bucketed_height_025,k7__division_zscore__quality_lite_residual_bucketed_height_025__method-nnls__init-aa_plus_plus__ninit-1,7,division_zscore,quality_lite_residual_bucketed_height_025,nnls,aa_plus_plus,0.3669273483464054,0.01931196570244239,19,mins_per_game,7,224,0.0746666666666666,108,116,0.4184669485370267,tov_pct=3.77; blk_pct=0.04; stl_pct=-0.11; resid_drb_pct_height=-0.27; height_inches=-0.50,ft_pct=-3.05; eFG=-2.31; usg=-2.00; FTR=-1.64; three_pct=-1.64,resid_drb_pct_height,-0.2739690913061851
quality_lite_residual_bucketed_height_025,k8__division_zscore__quality_lite_residual_bucketed_height_025__method-nnls__init-furthest_first__ninit-1,8,division_zscore,quality_lite_residual_bucketed_height_025,nnls,furthest_first,0.3408819073483981,0.017941153018336743,19,mins_per_game,1,392,0.1306666666666666,214,178,0.430214890356741,resid_orb_pct_height=3.08; resid_drb_pct_height=2.88; orb_pct=2.86; drb_pct=2.71; usg=1.72,three_share=-1.46; resid_three_share_height=-1.43; three_pa_per_100_team_poss=-1.35; stl_pct=-0.91; ast_tov=-0.76,resid_drb_pct_height,2.8836777034115526
quality_lite_residual_bucketed_height_025,k8__division_zscore__quality_lite_residual_bucketed_height_025__method-nnls__init-furthest_first__ninit-1,8,division_zscore,quality_lite_residual_bucketed_height_025,nnls,furthest_first,0.3408819073483981,0.017941153018336743,19,mins_per_game,2,393,0.131,204,189,0.4582960753920876,ast_tov=3.56; three_share=1.65; resid_three_share_height=1.52; three_pa_per_100_team_poss=1.10; three_pct=0.45,tov_pct=-1.73; usg=-1.42; FTR=-1.38; height_inches=-1.33; drb_pct=-1.25,resid_drb_pct_height,-0.704480539059663
quality_lite_residual_bucketed_height_025,k8__division_zscore__quality_lite_residual_bucketed_height_025__method-nnls__init-furthest_first__ninit-1,8,division_zscore,quality_lite_residual_bucketed_height_025,nnls,furthest_first,0.3408819073483981,0.017941153018336743,19,mins_per_game,3,202,0.0673333333333333,109,93,0.4227786322277308,FTR=3.56; resid_orb_pct_height=0.59; orb_pct=0.32; stl_pct=0.24; height_inches=-0.27,three_pct=-1.93; resid_three_pct_shot_mix=-1.50; ast_pct=-1.36; resid_three_share_height=-1.28; three_pa_per_100_team_poss=-1.27,resid_drb_pct_height,-0.932445953300129
quality_lite_residual_bucketed_height_025,k8__division_zscore__quality_lite_residual_bucketed_height_025__method-nnls__init-furthest_first__ninit-1,8,division_zscore,quality_lite_residual_bucketed_height_025,nnls,furthest_first,0.3408819073483981,0.017941153018336743,19,mins_per_game,4,61,0.0203333333333333,28,33,0.3938075635801744,tov_pct=3.57; FTR=3.10; eFG=2.21; resid_three_pct_shot_mix=1.83; three_pct=1.57,usg=-1.55; orb_pct=-1.41; stl_pct=-1.29; three_pa_per_100_team_poss=-1.09; resid_orb_pct_height=-1.00,resid_drb_pct_height,1.155432008253251
quality_lite_residual_bucketed_height_025,k8__division_zscore__quality_lite_residual_bucketed_height_025__method-nnls__init-furthest_first__ninit-1,8,division_zscore,quality_lite_residual_bucketed_height_025,nnls,furthest_first,0.3408819073483981,0.017941153018336743,19,mins_per_game,5,150,0.05,78,72,0.4010188074941261,tov_pct=3.89; resid_drb_pct_height=0.30; stl_pct=0.27; resid_orb_pct_height=0.09; drb_pct=-0.18,ft_pct=-3.73; eFG=-2.96; usg=-2.05; three_pct=-2.05; FTR=-1.93,resid_drb_pct_height,0.298847773475126
quality_lite_residual_bucketed_height_025,k8__division_zscore__quality_lite_residual_bucketed_height_025__method-nnls__init-furthest_first__ninit-1,8,division_zscore,quality_lite_residual_bucketed_height_025,nnls,furthest_first,0.3408819073483981,0.017941153018336743,19,mins_per_game,6,829,0.2763333333333333,453,376,0.4567297808320393,three_pa_per_100_team_poss=2.47; resid_three_share_height=2.44; three_share=1.96; height_inches=0.97; three_pct=0.73,resid_orb_pct_height=-1.64; tov_pct=-1.52; ast_tov=-1.44; ast_pct=-1.43; FTR=-1.15,resid_drb_pct_height,-1.1326913552859692
quality_lite_residual_bucketed_height_025,k8__division_zscore__quality_lite_residual_bucketed_height_025__method-nnls__init-furthest_first__ninit-1,8,division_zscore,quality_lite_residual_bucketed_height_025,nnls,furthest_first,0.3408819073483981,0.017941153018336743,19,mins_per_game,7,709,0.2363333333333333,387,322,0.4853920522464342,ast_pct=2.56; usg=2.17; stl_pct=1.94; ft_pct=1.04; ast_tov=0.54,height_inches=-1.61; orb_pct=-0.91; resid_three_share_height=-0.61; drb_pct=-0.52; blk_pct=-0.48,resid_drb_pct_height,0.340240579441288
quality_lite_residual_bucketed_height_025,k8__division_zscore__quality_lite_residual_bucketed_height_025__method-nnls__init-furthest_first__ninit-1,8,division_zscore,quality_lite_residual_bucketed_height_025,nnls,furthest_first,0.3408819073483981,0.017941153018336743,19,mins_per_game,8,264,0.088,155,109,0.4717613331662954,blk_pct=4.02; height_inches=2.15; eFG=1.82; orb_pct=1.00; drb_pct=0.70,three_pct=-1.70; three_share=-1.54; three_pa_per_100_team_poss=-1.43; ast_tov=-1.09; stl_pct=-1.06,resid_drb_pct_height,-0.3707019826110848
role_residual_bucketed_height_025,k6__division_zscore__role_residual_bucketed_height_025__method-nnls__init-furthest_sum__ninit-1,6,division_zscore,role_residual_bucketed_height_025,nnls,furthest_sum,0.3311750335975552,0.022078335573170346,15,mins_per_game|eFG|three_pct|ft_pct|resid_three_pct_shot_mix,1,375,0.125,201,174,0.4812507680037219,FTR=3.55; height_inches=0.75; orb_pct=0.69; tov_pct=0.39; resid_orb_pct_height=0.13,usg=-1.50; three_share=-1.43; three_pa_per_100_team_poss=-1.40; ast_pct=-1.27; resid_three_share_height=-1.09,resid_drb_pct_height,-1.0294796734219729
role_residual_bucketed_height_025,k6__division_zscore__role_residual_bucketed_height_025__method-nnls__init-furthest_sum__ninit-1,6,division_zscore,role_residual_bucketed_height_025,nnls,furthest_sum,0.3311750335975552,0.022078335573170346,15,mins_per_game|eFG|three_pct|ft_pct|resid_three_pct_shot_mix,2,225,0.075,121,104,0.4375352831311541,tov_pct=3.86; stl_pct=-0.00; blk_pct=-0.00; resid_drb_pct_height=-0.10; ast_tov=-0.50,usg=-2.03; FTR=-1.80; resid_three_share_height=-1.29; three_pa_per_100_team_poss=-1.26; three_share=-1.06,resid_drb_pct_height,-0.1014598541105261
role_residual_bucketed_height_025,k6__division_zscore__role_residual_bucketed_height_025__method-nnls__init-furthest_sum__ninit-1,6,division_zscore,role_residual_bucketed_height_025,nnls,furthest_sum,0.3311750335975552,0.022078335573170346,15,mins_per_game|eFG|three_pct|ft_pct|resid_three_pct_shot_mix,3,848,0.2826666666666667,463,385,0.5082987127011802,ast_pct=2.64; usg=2.06; stl_pct=1.72; resid_drb_pct_height=0.77; FTR=0.65,height_inches=-1.42; resid_three_share_height=-0.92; blk_pct=-0.65; orb_pct=-0.63; three_share=-0.43,resid_drb_pct_height,0.7669566942941993
role_residual_bucketed_height_025,k6__division_zscore__role_residual_bucketed_height_025__method-nnls__init-furthest_sum__ninit-1,6,division_zscore,role_residual_bucketed_height_025,nnls,furthest_sum,0.3311750335975552,0.022078335573170346,15,mins_per_game|eFG|three_pct|ft_pct|resid_three_pct_shot_mix,4,715,0.2383333333333333,387,328,0.4666907608784416,three_pa_per_100_team_poss=2.47; resid_three_share_height=2.35; three_share=2.08; height_inches=0.50; usg=0.30,tov_pct=-1.64; resid_orb_pct_height=-1.46; FTR=-1.45; ast_tov=-1.44; ast_pct=-1.44,resid_drb_pct_height,-1.0311849229526926
role_residual_bucketed_height_025,k6__division_zscore__role_residual_bucketed_height_025__method-nnls__init-furthest_sum__ninit-1,6,division_zscore,role_residual_bucketed_height_025,nnls,furthest_sum,0.3311750335975552,0.022078335573170346,15,mins_per_game|eFG|three_pct|ft_pct|resid_three_pct_shot_mix,5,487,0.1623333333333333,272,215,0.4713862282635157,blk_pct=3.21; drb_pct=2.72; orb_pct=2.64; resid_drb_pct_height=2.56; resid_orb_pct_height=2.44,three_share=-1.56; three_pa_per_100_team_poss=-1.45; ast_tov=-1.10; resid_three_share_height=-1.02; ast_pct=-0.89,resid_drb_pct_height,2.5603204102426
role_residual_bucketed_height_025,k6__division_zscore__role_residual_bucketed_height_025__method-nnls__init-furthest_sum__ninit-1,6,division_zscore,role_residual_bucketed_height_025,nnls,furthest_sum,0.3311750335975552,0.022078335573170346,15,mins_per_game|eFG|three_pct|ft_pct|resid_three_pct_shot_mix,6,350,0.1166666666666666,184,166,0.4634353619737837,ast_tov=3.56; three_share=1.99; resid_three_share_height=1.87; three_pa_per_100_team_poss=0.73; ast_pct=0.15,tov_pct=-1.80; usg=-1.76; FTR=-1.50; drb_pct=-1.20; orb_pct=-1.04,resid_drb_pct_height,-0.8391809543203852
role_residual_bucketed_height_025,k7__division_zscore__role_residual_bucketed_height_025__method-nnls__init-uniform__ninit-1,7,division_zscore,role_residual_bucketed_height_025,nnls,uniform,0.2972109118524465,0.019814060790163103,15,mins_per_game|eFG|three_pct|ft_pct|resid_three_pct_shot_mix,1,271,0.0903333333333333,145,126,0.4606935430400947,FTR=3.51; height_inches=0.70; tov_pct=0.55; orb_pct=0.47; resid_orb_pct_height=-0.14,usg=-1.83; resid_drb_pct_height=-1.54; stl_pct=-1.50; three_pa_per_100_team_poss=-1.32; ast_pct=-1.27,resid_drb_pct_height,-1.536224390324196
role_residual_bucketed_height_025,k7__division_zscore__role_residual_bucketed_height_025__method-nnls__init-uniform__ninit-1,7,division_zscore,role_residual_bucketed_height_025,nnls,uniform,0.2972109118524465,0.019814060790163103,15,mins_per_game|eFG|three_pct|ft_pct|resid_three_pct_shot_mix,2,714,0.238,381,333,0.4560898845402303,three_pa_per_100_team_poss=2.47; resid_three_share_height=2.32; three_share=2.11; height_inches=0.39; usg=0.32,tov_pct=-1.68; FTR=-1.52; ast_tov=-1.45; ast_pct=-1.42; resid_orb_pct_height=-1.36,resid_drb_pct_height,-0.969089548014405
role_residual_bucketed_height_025,k7__division_zscore__role_residual_bucketed_height_025__method-nnls__init-uniform__ninit-1,7,division_zscore,role_residual_bucketed_height_025,nnls,uniform,0.2972109118524465,0.019814060790163103,15,mins_per_game|eFG|three_pct|ft_pct|resid_three_pct_shot_mix,3,481,0.1603333333333333,273,208,0.4728745837975009,blk_pct=3.28; height_inches=2.18; drb_pct=2.16; orb_pct=1.93; resid_drb_pct_height=1.75,three_share=-1.57; three_pa_per_100_team_poss=-1.46; stl_pct=-1.40; resid_three_share_height=-1.01; ast_tov=-1.01,resid_drb_pct_height,1.751575219989814
role_residual_bucketed_height_025,k7__division_zscore__role_residual_bucketed_height_025__method-nnls__init-uniform__ninit-1,7,division_zscore,role_residual_bucketed_height_025,nnls,uniform,0.2972109118524465,0.019814060790163103,15,mins_per_game|eFG|three_pct|ft_pct|resid_three_pct_shot_mix,4,284,0.0946666666666666,149,135,0.4498244958154683,ast_tov=3.61; three_share=2.20; resid_three_share_height=2.14; three_pa_per_100_team_poss=0.77; stl_pct=0.34,usg=-1.96; tov_pct=-1.92; FTR=-1.82; drb_pct=-1.20; orb_pct=-1.04,resid_drb_pct_height,-0.9016426388134968
role_residual_bucketed_height_025,k7__division_zscore__role_residual_bucketed_height_025__method-nnls__init-uniform__ninit-1,7,division_zscore,role_residual_bucketed_height_025,nnls,uniform,0.2972109118524465,0.019814060790163103,15,mins_per_game|eFG|three_pct|ft_pct|resid_three_pct_shot_mix,5,189,0.063,108,81,0.3911247100413145,stl_pct=3.24; resid_orb_pct_height=3.19; orb_pct=2.93; resid_drb_pct_height=1.62; drb_pct=1.47,resid_three_share_height=-1.84; three_share=-1.55; ast_tov=-1.50; three_pa_per_100_team_poss=-1.45; ast_pct=-1.36,resid_drb_pct_height,1.617408314424555
role_residual_bucketed_height_025,k7__division_zscore__role_residual_bucketed_height_025__method-nnls__init-uniform__ninit-1,7,division_zscore,role_residual_bucketed_height_025,nnls,uniform,0.2972109118524465,0.019814060790163103,15,mins_per_game|eFG|three_pct|ft_pct|resid_three_pct_shot_mix,6,231,0.077,123,108,0.4336661886751903,tov_pct=3.81; resid_drb_pct_height=-0.03; blk_pct=-0.04; stl_pct=-0.10; ast_pct=-0.39,usg=-1.99; FTR=-1.74; three_pa_per_100_team_poss=-1.14; resid_three_share_height=-1.01; orb_pct=-1.01,resid_drb_pct_height,-0.0347829494194893
role_residual_bucketed_height_025,k7__division_zscore__role_residual_bucketed_height_025__method-nnls__init-uniform__ninit-1,7,division_zscore,role_residual_bucketed_height_025,nnls,uniform,0.2972109118524465,0.019814060790163103,15,mins_per_game|eFG|three_pct|ft_pct|resid_three_pct_shot_mix,7,830,0.2766666666666666,449,381,0.4991826181844833,ast_pct=2.86; usg=2.15; stl_pct=1.06; ast_tov=1.05; FTR=0.64,height_inches=-1.42; orb_pct=-0.79; resid_three_share_height=-0.78; blk_pct=-0.64; three_share=-0.30,resid_drb_pct_height,0.5934801240899239
role_residual_bucketed_height_025,k8__division_zscore__role_residual_bucketed_height_025__method-nnls__init-uniform__ninit-1,8,division_zscore,role_residual_bucketed_height_025,nnls,uniform,0.2697788279717346,0.017985255198115637,15,mins_per_game|eFG|three_pct|ft_pct|resid_three_pct_shot_mix,1,134,0.0446666666666666,64,70,0.3903878264448893,stl_pct=3.26; tov_pct=3.23; FTR=3.14; ast_pct=0.84; usg=0.30,drb_pct=-1.86; height_inches=-1.48; resid_three_share_height=-1.43; resid_drb_pct_height=-1.43; orb_pct=-1.19,resid_drb_pct_height,-1.4268812924558465
role_residual_bucketed_height_025,k8__division_zscore__role_residual_bucketed_height_025__method-nnls__init-uniform__ninit-1,8,division_zscore,role_residual_bucketed_height_025,nnls,uniform,0.2697788279717346,0.017985255198115637,15,mins_per_game|eFG|three_pct|ft_pct|resid_three_pct_shot_mix,2,170,0.0566666666666666,90,80,0.4224883320954408,FTR=3.56; orb_pct=0.94; height_inches=0.78; resid_orb_pct_height=0.41; ast_tov=0.27,usg=-2.16; stl_pct=-2.07; three_share=-1.55; three_pa_per_100_team_poss=-1.45; resid_drb_pct_height=-1.40,resid_drb_pct_height,-1.3986843804923612
role_residual_bucketed_height_025,k8__division_zscore__role_residual_bucketed_height_025__method-nnls__init-uniform__ninit-1,8,division_zscore,role_residual_bucketed_height_025,nnls,uniform,0.2697788279717346,0.017985255198115637,15,mins_per_game|eFG|three_pct|ft_pct|resid_three_pct_shot_mix,3,569,0.1896666666666666,323,246,0.4588483687416875,ast_pct=3.02; usg=1.89; ast_tov=1.87; resid_drb_pct_height=0.58; three_pa_per_100_team_poss=0.44,height_inches=-1.75; orb_pct=-0.84; resid_three_share_height=-0.74; blk_pct=-0.54; FTR=-0.52,resid_drb_pct_height,0.5814508897643383
role_residual_bucketed_height_025,k8__division_zscore__role_residual_bucketed_height_025__method-nnls__init-uniform__ninit-1,8,division_zscore,role_residual_bucketed_height_025,nnls,uniform,0.2697788279717346,0.017985255198115637,15,mins_per_game|eFG|three_pct|ft_pct|resid_three_pct_shot_mix,4,223,0.0743333333333333,123,100,0.4602767656248945,blk_pct=4.05; height_inches=2.11; drb_pct=0.82; orb_pct=0.79; tov_pct=0.78,stl_pct=-1.69; three_share=-1.53; three_pa_per_100_team_poss=-1.44; ast_tov=-1.23; ast_pct=-1.17,resid_drb_pct_height,-0.4127124845875957
role_residual_bucketed_height_025,k8__division_zscore__role_residual_bucketed_height_025__method-nnls__init-uniform__ninit-1,8,division_zscore,role_residual_bucketed_height_025,nnls,uniform,0.2697788279717346,0.017985255198115637,15,mins_per_game|eFG|three_pct|ft_pct|resid_three_pct_shot_mix,5,804,0.268,442,362,0.4542302555282581,three_pa_per_100_team_poss=2.47; resid_three_share_height=2.29; three_share=2.08; usg=0.45; height_inches=0.30,tov_pct=-1.50; ast_tov=-1.42; ast_pct=-1.39; resid_orb_pct_height=-1.35; FTR=-1.30,resid_drb_pct_height,-0.9725443395457722
role_residual_bucketed_height_025,k8__division_zscore__role_residual_bucketed_height_025__method-nnls__init-uniform__ninit-1,8,division_zscore,role_residual_bucketed_height_025,nnls,uniform,0.2697788279717346,0.017985255198115637,15,mins_per_game|eFG|three_pct|ft_pct|resid_three_pct_shot_mix,6,294,0.098,163,131,0.4187774607148855,ast_tov=3.61; resid_three_share_height=2.24; three_share=2.22; three_pa_per_100_team_poss=1.20; stl_pct=0.82,tov_pct=-2.33; usg=-1.84; FTR=-1.82; drb_pct=-1.41; resid_drb_pct_height=-1.28,resid_drb_pct_height,-1.2772240473638852
role_residual_bucketed_height_025,k8__division_zscore__role_residual_bucketed_height_025__method-nnls__init-uniform__ninit-1,8,division_zscore,role_residual_bucketed_height_025,nnls,uniform,0.2697788279717346,0.017985255198115637,15,mins_per_game|eFG|three_pct|ft_pct|resid_three_pct_shot_mix,7,195,0.065,91,104,0.3991863856786151,tov_pct=3.79; resid_drb_pct_height=0.41; resid_orb_pct_height=0.23; stl_pct=0.02; ast_tov=-0.08,usg=-2.02; FTR=-1.89; resid_three_share_height=-1.58; three_pa_per_100_team_poss=-1.35; three_share=-1.31,resid_drb_pct_height,0.4138014609472508
role_residual_bucketed_height_025,k8__division_zscore__role_residual_bucketed_height_025__method-nnls__init-uniform__ninit-1,8,division_zscore,role_residual_bucketed_height_025,nnls,uniform,0.2697788279717346,0.017985255198115637,15,mins_per_game|eFG|three_pct|ft_pct|resid_three_pct_shot_mix,8,611,0.2036666666666666,332,279,0.4477858364976605,resid_orb_pct_height=2.83; orb_pct=2.63; resid_drb_pct_height=2.42; drb_pct=2.28; usg=1.51,resid_three_share_height=-1.48; three_share=-1.34; three_pa_per_100_team_poss=-1.16; ast_tov=-1.06; ast_pct=-0.46,resid_drb_pct_height,2.4228558376735707
quality_lite_residual_bucketed_height_025,k6__division_zscore__quality_lite_residual_bucketed_height_025__method-nnls__init-uniform__ninit-1,6,division_zscore,quality_lite_residual_bucketed_height_025,nnls,uniform,0.3952244837335131,0.020801288617553322,19,mins_per_game,1,399,0.133,211,188,0.4730662913059493,ast_tov=3.56; three_share=1.62; resid_three_share_height=1.51; three_pa_per_100_team_poss=1.03; stl_pct=0.47,tov_pct=-1.64; height_inches=-1.46; usg=-1.45; FTR=-1.36; drb_pct=-1.35,stl_pct,0.4654447473990203
quality_lite_residual_bucketed_height_025,k6__division_zscore__quality_lite_residual_bucketed_height_025__method-nnls__init-uniform__ninit-1,6,division_zscore,quality_lite_residual_bucketed_height_025,nnls,uniform,0.3952244837335131,0.020801288617553322,19,mins_per_game,2,349,0.1163333333333333,185,164,0.4915999885620037,FTR=3.52; height_inches=0.74; orb_pct=0.73; tov_pct=0.57; eFG=0.38,three_pct=-1.55; usg=-1.49; three_share=-1.42; three_pa_per_100_team_poss=-1.38; ast_pct=-1.15,stl_pct,-0.7635523016388926
quality_lite_residual_bucketed_height_025,k6__division_zscore__quality_lite_residual_bucketed_height_025__method-nnls__init-uniform__ninit-1,6,division_zscore,quality_lite_residual_bucketed_height_025,nnls,uniform,0.3952244837335131,0.020801288617553322,19,mins_per_game,3,824,0.2746666666666666,453,371,0.501900181028704,ast_pct=2.61; usg=2.14; stl_pct=1.65; resid_drb_pct_height=0.95; ft_pct=0.80,height_inches=-1.45; resid_three_share_height=-0.95; blk_pct=-0.66; orb_pct=-0.64; three_share=-0.46,stl_pct,1.654290277751452
quality_lite_residual_bucketed_height_025,k6__division_zscore__quality_lite_residual_bucketed_height_025__method-nnls__init-uniform__ninit-1,6,division_zscore,quality_lite_residual_bucketed_height_025,nnls,uniform,0.3952244837335131,0.020801288617553322,19,mins_per_game,4,214,0.0713333333333333,108,106,0.4403929689473806,tov_pct=3.78; stl_pct=-0.09; blk_pct=-0.10; resid_drb_pct_height=-0.31; height_inches=-0.51,ft_pct=-2.94; eFG=-2.22; usg=-2.02; three_pct=-1.59; FTR=-1.50,stl_pct,-0.0869968401039391
quality_lite_residual_bucketed_height_025,k6__division_zscore__quality_lite_residual_bucketed_height_025__method-nnls__init-uniform__ninit-1,6,division_zscore,quality_lite_residual_bucketed_height_025,nnls,uniform,0.3952244837335131,0.020801288617553322,19,mins_per_game,5,771,0.257,420,351,0.4648561235650095,three_pa_per_100_team_poss=2.48; resid_three_share_height=2.41; three_share=1.94; height_inches=0.96; three_pct=0.80,resid_orb_pct_height=-1.61; tov_pct=-1.53; ast_tov=-1.44; ast_pct=-1.41; resid_drb_pct_height=-1.09,stl_pct,-1.0252756179775862
quality_lite_residual_bucketed_height_025,k6__division_zscore__quality_lite_residual_bucketed_height_025__method-nnls__init-uniform__ninit-1,6,division_zscore,quality_lite_residual_bucketed_height_025,nnls,uniform,0.3952244837335131,0.020801288617553322,19,mins_per_game,6,443,0.1476666666666666,251,192,0.4697382230780533,blk_pct=3.32; drb_pct=2.71; orb_pct=2.71; resid_orb_pct_height=2.61; resid_drb_pct_height=2.56,three_pct=-1.96; three_share=-1.56; three_pa_per_100_team_poss=-1.45; ast_tov=-1.06; resid_three_share_height=-1.05,stl_pct,-0.6392499430957082
quality_lite_residual_bucketed_height_025,k7__division_zscore__quality_lite_residual_bucketed_height_025__method-nnls__init-aa_plus_plus__ninit-1,7,division_zscore,quality_lite_residual_bucketed_height_025,nnls,aa_plus_plus,0.3669273483464054,0.01931196570244239,19,mins_per_game,1,536,0.1786666666666666,297,239,0.4669809303706854,ast_pct=3.00; usg=2.13; ast_tov=1.24; ft_pct=0.74; resid_drb_pct_height=0.70,height_inches=-1.26; resid_three_share_height=-1.01; orb_pct=-0.79; blk_pct=-0.61; three_share=-0.53,stl_pct,-0.1332690524530247
quality_lite_residual_bucketed_height_025,k7__division_zscore__quality_lite_residual_bucketed_height_025__method-nnls__init-aa_plus_plus__ninit-1,7,division_zscore,quality_lite_residual_bucketed_height_025,nnls,aa_plus_plus,0.3669273483464054,0.01931196570244239,19,mins_per_game,2,435,0.145,244,191,0.4642208016602736,blk_pct=3.31; drb_pct=2.72; orb_pct=2.72; resid_orb_pct_height=2.65; resid_drb_pct_height=2.57,three_pct=-1.96; three_share=-1.56; three_pa_per_100_team_poss=-1.45; resid_three_share_height=-1.06; ast_tov=-1.05,stl_pct,-0.6492473702968129
quality_lite_residual_bucketed_height_025,k7__division_zscore__quality_lite_residual_bucketed_height_025__method-nnls__init-aa_plus_plus__ninit-1,7,division_zscore,quality_lite_residual_bucketed_height_025,nnls,aa_plus_plus,0.3669273483464054,0.01931196570244239,19,mins_per_game,3,777,0.259,425,352,0.4511478122644251,three_pa_per_100_team_poss=2.47; resid_three_share_height=2.41; three_share=1.93; height_inches=0.96; three_pct=0.84,resid_orb_pct_height=-1.63; tov_pct=-1.54; ast_tov=-1.41; ast_pct=-1.39; resid_drb_pct_height=-1.08,stl_pct,-1.0779220163145564
quality_lite_residual_bucketed_height_025,k7__division_zscore__quality_lite_residual_bucketed_height_025__method-nnls__init-aa_plus_plus__ninit-1,7,division_zscore,quality_lite_residual_bucketed_height_025,nnls,aa_plus_plus,0.3669273483464054,0.01931196570244239,19,mins_per_game,4,315,0.105,172,143,0.4563268562320033,ast_tov=3.59; three_share=2.12; resid_three_share_height=2.01; three_pa_per_100_team_poss=1.47; stl_pct=0.51,tov_pct=-1.78; FTR=-1.55; height_inches=-1.48; drb_pct=-1.47; usg=-1.42,stl_pct,0.5114067959517016
quality_lite_residual_bucketed_height_025,k7__division_zscore__quality_lite_residual_bucketed_height_025__method-nnls__init-aa_plus_plus__ninit-1,7,division_zscore,quality_lite_residual_bucketed_height_025,nnls,aa_plus_plus,0.3669273483464054,0.01931196570244239,19,mins_per_game,5,345,0.115,185,160,0.4675216531814609,FTR=3.54; height_inches=0.93; orb_pct=0.81; eFG=0.65; tov_pct=0.58,usg=-1.76; three_pct=-1.75; three_share=-1.46; three_pa_per_100_team_poss=-1.41; stl_pct=-1.27,stl_pct,-1.270927477473718
quality_lite_residual_bucketed_height_025,k7__division_zscore__quality_lite_residual_bucketed_height_025__method-nnls__init-aa_plus_plus__ninit-1,7,division_zscore,quality_lite_residual_bucketed_height_025,nnls,aa_plus_plus,0.3669273483464054,0.01931196570244239,19,mins_per_game,6,368,0.1226666666666666,197,171,0.4440114333411888,stl_pct=3.41; usg=1.20; ast_pct=1.09; FTR=0.69; tov_pct=0.53,height_inches=-1.54; resid_three_share_height=-0.74; eFG=-0.65; blk_pct=-0.63; orb_pct=-0.53,stl_pct,3.405277935677623
quality_lite_residual_bucketed_height_025,k7__division_zscore__quality_lite_residual_bucketed_height_025__method-nnls__init-aa_plus_plus__ninit-1,7,division_zscore,quality_lite_residual_bucketed_height_025,nnls,aa_plus_plus,0.3669273483464054,0.01931196570244239,19,mins_per_game,7,224,0.0746666666666666,108,116,0.4184669485370267,tov_pct=3.77; blk_pct=0.04; stl_pct=-0.11; resid_drb_pct_height=-0.27; height_inches=-0.50,ft_pct=-3.05; eFG=-2.31; usg=-2.00; FTR=-1.64; three_pct=-1.64,stl_pct,-0.1092097764380357
quality_lite_residual_bucketed_height_025,k8__division_zscore__quality_lite_residual_bucketed_height_025__method-nnls__init-furthest_first__ninit-1,8,division_zscore,quality_lite_residual_bucketed_height_025,nnls,furthest_first,0.3408819073483981,0.017941153018336743,19,mins_per_game,1,392,0.1306666666666666,214,178,0.430214890356741,resid_orb_pct_height=3.08; resid_drb_pct_height=2.88; orb_pct=2.86; drb_pct=2.71; usg=1.72,three_share=-1.46; resid_three_share_height=-1.43; three_pa_per_100_team_poss=-1.35; stl_pct=-0.91; ast_tov=-0.76,stl_pct,-0.907429611062096
quality_lite_residual_bucketed_height_025,k8__division_zscore__quality_lite_residual_bucketed_height_025__method-nnls__init-furthest_first__ninit-1,8,division_zscore,quality_lite_residual_bucketed_height_025,nnls,furthest_first,0.3408819073483981,0.017941153018336743,19,mins_per_game,2,393,0.131,204,189,0.4582960753920876,ast_tov=3.56; three_share=1.65; resid_three_share_height=1.52; three_pa_per_100_team_poss=1.10; three_pct=0.45,tov_pct=-1.73; usg=-1.42; FTR=-1.38; height_inches=-1.33; drb_pct=-1.25,stl_pct,0.3350156730094317
quality_lite_residual_bucketed_height_025,k8__division_zscore__quality_lite_residual_bucketed_height_025__method-nnls__init-furthest_first__ninit-1,8,division_zscore,quality_lite_residual_bucketed_height_025,nnls,furthest_first,0.3408819073483981,0.017941153018336743,19,mins_per_game,3,202,0.0673333333333333,109,93,0.4227786322277308,FTR=3.56; resid_orb_pct_height=0.59; orb_pct=0.32; stl_pct=0.24; height_inches=-0.27,three_pct=-1.93; resid_three_pct_shot_mix=-1.50; ast_pct=-1.36; resid_three_share_height=-1.28; three_pa_per_100_team_poss=-1.27,stl_pct,0.2444449108764084
quality_lite_residual_bucketed_height_025,k8__division_zscore__quality_lite_residual_bucketed_height_025__method-nnls__init-furthest_first__ninit-1,8,division_zscore,quality_lite_residual_bucketed_height_025,nnls,furthest_first,0.3408819073483981,0.017941153018336743,19,mins_per_game,4,61,0.0203333333333333,28,33,0.3938075635801744,tov_pct=3.57; FTR=3.10; eFG=2.21; resid_three_pct_shot_mix=1.83; three_pct=1.57,usg=-1.55; orb_pct=-1.41; stl_pct=-1.29; three_pa_per_100_team_poss=-1.09; resid_orb_pct_height=-1.00,stl_pct,-1.2893089253657262
quality_lite_residual_bucketed_height_025,k8__division_zscore__quality_lite_residual_bucketed_height_025__method-nnls__init-furthest_first__ninit-1,8,division_zscore,quality_lite_residual_bucketed_height_025,nnls,furthest_first,0.3408819073483981,0.017941153018336743,19,mins_per_game,5,150,0.05,78,72,0.4010188074941261,tov_pct=3.89; resid_drb_pct_height=0.30; stl_pct=0.27; resid_orb_pct_height=0.09; drb_pct=-0.18,ft_pct=-3.73; eFG=-2.96; usg=-2.05; three_pct=-2.05; FTR=-1.93,stl_pct,0.2693084173674234
quality_lite_residual_bucketed_height_025,k8__division_zscore__quality_lite_residual_bucketed_height_025__method-nnls__init-furthest_first__ninit-1,8,division_zscore,quality_lite_residual_bucketed_height_025,nnls,furthest_first,0.3408819073483981,0.017941153018336743,19,mins_per_game,6,829,0.2763333333333333,453,376,0.4567297808320393,three_pa_per_100_team_poss=2.47; resid_three_share_height=2.44; three_share=1.96; height_inches=0.97; three_pct=0.73,resid_orb_pct_height=-1.64; tov_pct=-1.52; ast_tov=-1.44; ast_pct=-1.43; FTR=-1.15,stl_pct,-0.9309199700619992
quality_lite_residual_bucketed_height_025,k8__division_zscore__quality_lite_residual_bucketed_height_025__method-nnls__init-furthest_first__ninit-1,8,division_zscore,quality_lite_residual_bucketed_height_025,nnls,furthest_first,0.3408819073483981,0.017941153018336743,19,mins_per_game,7,709,0.2363333333333333,387,322,0.4853920522464342,ast_pct=2.56; usg=2.17; stl_pct=1.94; ft_pct=1.04; ast_tov=0.54,height_inches=-1.61; orb_pct=-0.91; resid_three_share_height=-0.61; drb_pct=-0.52; blk_pct=-0.48,stl_pct,1.9409702839036356
quality_lite_residual_bucketed_height_025,k8__division_zscore__quality_lite_residual_bucketed_height_025__method-nnls__init-furthest_first__ninit-1,8,division_zscore,quality_lite_residual_bucketed_height_025,nnls,furthest_first,0.3408819073483981,0.017941153018336743,19,mins_per_game,8,264,0.088,155,109,0.4717613331662954,blk_pct=4.02; height_inches=2.15; eFG=1.82; orb_pct=1.00; drb_pct=0.70,three_pct=-1.70; three_share=-1.54; three_pa_per_100_team_poss=-1.43; ast_tov=-1.09; stl_pct=-1.06,stl_pct,-1.063275759259
role_residual_bucketed_height_025,k6__division_zscore__role_residual_bucketed_height_025__method-nnls__init-furthest_sum__ninit-1,6,division_zscore,role_residual_bucketed_height_025,nnls,furthest_sum,0.3311750335975552,0.022078335573170346,15,mins_per_game|eFG|three_pct|ft_pct|resid_three_pct_shot_mix,1,375,0.125,201,174,0.4812507680037219,FTR=3.55; height_inches=0.75; orb_pct=0.69; tov_pct=0.39; resid_orb_pct_height=0.13,usg=-1.50; three_share=-1.43; three_pa_per_100_team_poss=-1.40; ast_pct=-1.27; resid_three_share_height=-1.09,stl_pct,-0.6904768205554597
role_residual_bucketed_height_025,k6__division_zscore__role_residual_bucketed_height_025__method-nnls__init-furthest_sum__ninit-1,6,division_zscore,role_residual_bucketed_height_025,nnls,furthest_sum,0.3311750335975552,0.022078335573170346,15,mins_per_game|eFG|three_pct|ft_pct|resid_three_pct_shot_mix,2,225,0.075,121,104,0.4375352831311541,tov_pct=3.86; stl_pct=-0.00; blk_pct=-0.00; resid_drb_pct_height=-0.10; ast_tov=-0.50,usg=-2.03; FTR=-1.80; resid_three_share_height=-1.29; three_pa_per_100_team_poss=-1.26; three_share=-1.06,stl_pct,-0.000749724738243
role_residual_bucketed_height_025,k6__division_zscore__role_residual_bucketed_height_025__method-nnls__init-furthest_sum__ninit-1,6,division_zscore,role_residual_bucketed_height_025,nnls,furthest_sum,0.3311750335975552,0.022078335573170346,15,mins_per_game|eFG|three_pct|ft_pct|resid_three_pct_shot_mix,3,848,0.2826666666666667,463,385,0.5082987127011802,ast_pct=2.64; usg=2.06; stl_pct=1.72; resid_drb_pct_height=0.77; FTR=0.65,height_inches=-1.42; resid_three_share_height=-0.92; blk_pct=-0.65; orb_pct=-0.63; three_share=-0.43,stl_pct,1.7219807324122507
role_residual_bucketed_height_025,k6__division_zscore__role_residual_bucketed_height_025__method-nnls__init-furthest_sum__ninit-1,6,division_zscore,role_residual_bucketed_height_025,nnls,furthest_sum,0.3311750335975552,0.022078335573170346,15,mins_per_game|eFG|three_pct|ft_pct|resid_three_pct_shot_mix,4,715,0.2383333333333333,387,328,0.4666907608784416,three_pa_per_100_team_poss=2.47; resid_three_share_height=2.35; three_share=2.08; height_inches=0.50; usg=0.30,tov_pct=-1.64; resid_orb_pct_height=-1.46; FTR=-1.45; ast_tov=-1.44; ast_pct=-1.44,stl_pct,-1.0937422447916418
role_residual_bucketed_height_025,k6__division_zscore__role_residual_bucketed_height_025__method-nnls__init-furthest_sum__ninit-1,6,division_zscore,role_residual_bucketed_height_025,nnls,furthest_sum,0.3311750335975552,0.022078335573170346,15,mins_per_game|eFG|three_pct|ft_pct|resid_three_pct_shot_mix,5,487,0.1623333333333333,272,215,0.4713862282635157,blk_pct=3.21; drb_pct=2.72; orb_pct=2.64; resid_drb_pct_height=2.56; resid_orb_pct_height=2.44,three_share=-1.56; three_pa_per_100_team_poss=-1.45; ast_tov=-1.10; resid_three_share_height=-1.02; ast_pct=-0.89,stl_pct,-0.6822635751875875
role_residual_bucketed_height_025,k6__division_zscore__role_residual_bucketed_height_025__method-nnls__init-furthest_sum__ninit-1,6,division_zscore,role_residual_bucketed_height_025,nnls,furthest_sum,0.3311750335975552,0.022078335573170346,15,mins_per_game|eFG|three_pct|ft_pct|resid_three_pct_shot_mix,6,350,0.1166666666666666,184,166,0.4634353619737837,ast_tov=3.56; three_share=1.99; resid_three_share_height=1.87; three_pa_per_100_team_poss=0.73; ast_pct=0.15,tov_pct=-1.80; usg=-1.76; FTR=-1.50; drb_pct=-1.20; orb_pct=-1.04,stl_pct,0.0074023626993198
role_residual_bucketed_height_025,k7__division_zscore__role_residual_bucketed_height_025__method-nnls__init-uniform__ninit-1,7,division_zscore,role_residual_bucketed_height_025,nnls,uniform,0.2972109118524465,0.019814060790163103,15,mins_per_game|eFG|three_pct|ft_pct|resid_three_pct_shot_mix,1,271,0.0903333333333333,145,126,0.4606935430400947,FTR=3.51; height_inches=0.70; tov_pct=0.55; orb_pct=0.47; resid_orb_pct_height=-0.14,usg=-1.83; resid_drb_pct_height=-1.54; stl_pct=-1.50; three_pa_per_100_team_poss=-1.32; ast_pct=-1.27,stl_pct,-1.499670334438037
role_residual_bucketed_height_025,k7__division_zscore__role_residual_bucketed_height_025__method-nnls__init-uniform__ninit-1,7,division_zscore,role_residual_bucketed_height_025,nnls,uniform,0.2972109118524465,0.019814060790163103,15,mins_per_game|eFG|three_pct|ft_pct|resid_three_pct_shot_mix,2,714,0.238,381,333,0.4560898845402303,three_pa_per_100_team_poss=2.47; resid_three_share_height=2.32; three_share=2.11; height_inches=0.39; usg=0.32,tov_pct=-1.68; FTR=-1.52; ast_tov=-1.45; ast_pct=-1.42; resid_orb_pct_height=-1.36,stl_pct,-1.1301948313624737
role_residual_bucketed_height_025,k7__division_zscore__role_residual_bucketed_height_025__method-nnls__init-uniform__ninit-1,7,division_zscore,role_residual_bucketed_height_025,nnls,uniform,0.2972109118524465,0.019814060790163103,15,mins_per_game|eFG|three_pct|ft_pct|resid_three_pct_shot_mix,3,481,0.1603333333333333,273,208,0.4728745837975009,blk_pct=3.28; height_inches=2.18; drb_pct=2.16; orb_pct=1.93; resid_drb_pct_height=1.75,three_share=-1.57; three_pa_per_100_team_poss=-1.46; stl_pct=-1.40; resid_three_share_height=-1.01; ast_tov=-1.01,stl_pct,-1.4016342672502649
role_residual_bucketed_height_025,k7__division_zscore__role_residual_bucketed_height_025__method-nnls__init-uniform__ninit-1,7,division_zscore,role_residual_bucketed_height_025,nnls,uniform,0.2972109118524465,0.019814060790163103,15,mins_per_game|eFG|three_pct|ft_pct|resid_three_pct_shot_mix,4,284,0.0946666666666666,149,135,0.4498244958154683,ast_tov=3.61; three_share=2.20; resid_three_share_height=2.14; three_pa_per_100_team_poss=0.77; stl_pct=0.34,usg=-1.96; tov_pct=-1.92; FTR=-1.82; drb_pct=-1.20; orb_pct=-1.04,stl_pct,0.3394225259125923
role_residual_bucketed_height_025,k7__division_zscore__role_residual_bucketed_height_025__method-nnls__init-uniform__ninit-1,7,division_zscore,role_residual_bucketed_height_025,nnls,uniform,0.2972109118524465,0.019814060790163103,15,mins_per_game|eFG|three_pct|ft_pct|resid_three_pct_shot_mix,5,189,0.063,108,81,0.3911247100413145,stl_pct=3.24; resid_orb_pct_height=3.19; orb_pct=2.93; resid_drb_pct_height=1.62; drb_pct=1.47,resid_three_share_height=-1.84; three_share=-1.55; ast_tov=-1.50; three_pa_per_100_team_poss=-1.45; ast_pct=-1.36,stl_pct,3.244309942889788
role_residual_bucketed_height_025,k7__division_zscore__role_residual_bucketed_height_025__method-nnls__init-uniform__ninit-1,7,division_zscore,role_residual_bucketed_height_025,nnls,uniform,0.2972109118524465,0.019814060790163103,15,mins_per_game|eFG|three_pct|ft_pct|resid_three_pct_shot_mix,6,231,0.077,123,108,0.4336661886751903,tov_pct=3.81; resid_drb_pct_height=-0.03; blk_pct=-0.04; stl_pct=-0.10; ast_pct=-0.39,usg=-1.99; FTR=-1.74; three_pa_per_100_team_poss=-1.14; resid_three_share_height=-1.01; orb_pct=-1.01,stl_pct,-0.1000349474976294
role_residual_bucketed_height_025,k7__division_zscore__role_residual_bucketed_height_025__method-nnls__init-uniform__ninit-1,7,division_zscore,role_residual_bucketed_height_025,nnls,uniform,0.2972109118524465,0.019814060790163103,15,mins_per_game|eFG|three_pct|ft_pct|resid_three_pct_shot_mix,7,830,0.2766666666666666,449,381,0.4991826181844833,ast_pct=2.86; usg=2.15; stl_pct=1.06; ast_tov=1.05; FTR=0.64,height_inches=-1.42; orb_pct=-0.79; resid_three_share_height=-0.78; blk_pct=-0.64; three_share=-0.30,stl_pct,1.0631039348186255
role_residual_bucketed_height_025,k8__division_zscore__role_residual_bucketed_height_025__method-nnls__init-uniform__ninit-1,8,division_zscore,role_residual_bucketed_height_025,nnls,uniform,0.2697788279717346,0.017985255198115637,15,mins_per_game|eFG|three_pct|ft_pct|resid_three_pct_shot_mix,1,134,0.0446666666666666,64,70,0.3903878264448893,stl_pct=3.26; tov_pct=3.23; FTR=3.14; ast_pct=0.84; usg=0.30,drb_pct=-1.86; height_inches=-1.48; resid_three_share_height=-1.43; resid_drb_pct_height=-1.43; orb_pct=-1.19,stl_pct,3.26434323714274
role_residual_bucketed_height_025,k8__division_zscore__role_residual_bucketed_height_025__method-nnls__init-uniform__ninit-1,8,division_zscore,role_residual_bucketed_height_025,nnls,uniform,0.2697788279717346,0.017985255198115637,15,mins_per_game|eFG|three_pct|ft_pct|resid_three_pct_shot_mix,2,170,0.0566666666666666,90,80,0.4224883320954408,FTR=3.56; orb_pct=0.94; height_inches=0.78; resid_orb_pct_height=0.41; ast_tov=0.27,usg=-2.16; stl_pct=-2.07; three_share=-1.55; three_pa_per_100_team_poss=-1.45; resid_drb_pct_height=-1.40,stl_pct,-2.069540787125439
role_residual_bucketed_height_025,k8__division_zscore__role_residual_bucketed_height_025__method-nnls__init-uniform__ninit-1,8,division_zscore,role_residual_bucketed_height_025,nnls,uniform,0.2697788279717346,0.017985255198115637,15,mins_per_game|eFG|three_pct|ft_pct|resid_three_pct_shot_mix,3,569,0.1896666666666666,323,246,0.4588483687416875,ast_pct=3.02; usg=1.89; ast_tov=1.87; resid_drb_pct_height=0.58; three_pa_per_100_team_poss=0.44,height_inches=-1.75; orb_pct=-0.84; resid_three_share_height=-0.74; blk_pct=-0.54; FTR=-0.52,stl_pct,-0.2570105836128651
role_residual_bucketed_height_025,k8__division_zscore__role_residual_bucketed_height_025__method-nnls__init-uniform__ninit-1,8,division_zscore,role_residual_bucketed_height_025,nnls,uniform,0.2697788279717346,0.017985255198115637,15,mins_per_game|eFG|three_pct|ft_pct|resid_three_pct_shot_mix,4,223,0.0743333333333333,123,100,0.4602767656248945,blk_pct=4.05; height_inches=2.11; drb_pct=0.82; orb_pct=0.79; tov_pct=0.78,stl_pct=-1.69; three_share=-1.53; three_pa_per_100_team_poss=-1.44; ast_tov=-1.23; ast_pct=-1.17,stl_pct,-1.6884311660610116
role_residual_bucketed_height_025,k8__division_zscore__role_residual_bucketed_height_025__method-nnls__init-uniform__ninit-1,8,division_zscore,role_residual_bucketed_height_025,nnls,uniform,0.2697788279717346,0.017985255198115637,15,mins_per_game|eFG|three_pct|ft_pct|resid_three_pct_shot_mix,5,804,0.268,442,362,0.4542302555282581,three_pa_per_100_team_poss=2.47; resid_three_share_height=2.29; three_share=2.08; usg=0.45; height_inches=0.30,tov_pct=-1.50; ast_tov=-1.42; ast_pct=-1.39; resid_orb_pct_height=-1.35; FTR=-1.30,stl_pct,-1.2249541619704574
role_residual_bucketed_height_025,k8__division_zscore__role_residual_bucketed_height_025__method-nnls__init-uniform__ninit-1,8,division_zscore,role_residual_bucketed_height_025,nnls,uniform,0.2697788279717346,0.017985255198115637,15,mins_per_game|eFG|three_pct|ft_pct|resid_three_pct_shot_mix,6,294,0.098,163,131,0.4187774607148855,ast_tov=3.61; resid_three_share_height=2.24; three_share=2.22; three_pa_per_100_team_poss=1.20; stl_pct=0.82,tov_pct=-2.33; usg=-1.84; FTR=-1.82; drb_pct=-1.41; resid_drb_pct_height=-1.28,stl_pct,0.8184215666600065
role_residual_bucketed_height_025,k8__division_zscore__role_residual_bucketed_height_025__method-nnls__init-uniform__ninit-1,8,division_zscore,role_residual_bucketed_height_025,nnls,uniform,0.2697788279717346,0.017985255198115637,15,mins_per_game|eFG|three_pct|ft_pct|resid_three_pct_shot_mix,7,195,0.065,91,104,0.3991863856786151,tov_pct=3.79; resid_drb_pct_height=0.41; resid_orb_pct_height=0.23; stl_pct=0.02; ast_tov=-0.08,usg=-2.02; FTR=-1.89; resid_three_share_height=-1.58; three_pa_per_100_team_poss=-1.35; three_share=-1.31,stl_pct,0.0160992750885911
role_residual_bucketed_height_025,k8__division_zscore__role_residual_bucketed_height_025__method-nnls__init-uniform__ninit-1,8,division_zscore,role_residual_bucketed_height_025,nnls,uniform,0.2697788279717346,0.017985255198115637,15,mins_per_game|eFG|three_pct|ft_pct|resid_three_pct_shot_mix,8,611,0.2036666666666666,332,279,0.4477858364976605,resid_orb_pct_height=2.83; orb_pct=2.63; resid_drb_pct_height=2.42; drb_pct=2.28; usg=1.51,resid_three_share_height=-1.48; three_share=-1.34; three_pa_per_100_team_poss=-1.16; ast_tov=-1.06; ast_pct=-0.46,stl_pct,0.5022865383536617
quality_lite_residual_bucketed_height_025,k6__division_zscore__quality_lite_residual_bucketed_height_025__method-nnls__init-uniform__ninit-1,6,division_zscore,quality_lite_residual_bucketed_height_025,nnls,uniform,0.3952244837335131,0.020801288617553322,19,mins_per_game,1,399,0.133,211,188,0.4730662913059493,ast_tov=3.56; three_share=1.62; resid_three_share_height=1.51; three_pa_per_100_team_poss=1.03; stl_pct=0.47,tov_pct=-1.64; height_inches=-1.46; usg=-1.45; FTR=-1.36; drb_pct=-1.35,blk_pct,-0.7557909523333183
quality_lite_residual_bucketed_height_025,k6__division_zscore__quality_lite_residual_bucketed_height_025__method-nnls__init-uniform__ninit-1,6,division_zscore,quality_lite_residual_bucketed_height_025,nnls,uniform,0.3952244837335131,0.020801288617553322,19,mins_per_game,2,349,0.1163333333333333,185,164,0.4915999885620037,FTR=3.52; height_inches=0.74; orb_pct=0.73; tov_pct=0.57; eFG=0.38,three_pct=-1.55; usg=-1.49; three_share=-1.42; three_pa_per_100_team_poss=-1.38; ast_pct=-1.15,blk_pct,-0.0409460335023263
quality_lite_residual_bucketed_height_025,k6__division_zscore__quality_lite_residual_bucketed_height_025__method-nnls__init-uniform__ninit-1,6,division_zscore,quality_lite_residual_bucketed_height_025,nnls,uniform,0.3952244837335131,0.020801288617553322,19,mins_per_game,3,824,0.2746666666666666,453,371,0.501900181028704,ast_pct=2.61; usg=2.14; stl_pct=1.65; resid_drb_pct_height=0.95; ft_pct=0.80,height_inches=-1.45; resid_three_share_height=-0.95; blk_pct=-0.66; orb_pct=-0.64; three_share=-0.46,blk_pct,-0.6564246397232273
quality_lite_residual_bucketed_height_025,k6__division_zscore__quality_lite_residual_bucketed_height_025__method-nnls__init-uniform__ninit-1,6,division_zscore,quality_lite_residual_bucketed_height_025,nnls,uniform,0.3952244837335131,0.020801288617553322,19,mins_per_game,4,214,0.0713333333333333,108,106,0.4403929689473806,tov_pct=3.78; stl_pct=-0.09; blk_pct=-0.10; resid_drb_pct_height=-0.31; height_inches=-0.51,ft_pct=-2.94; eFG=-2.22; usg=-2.02; three_pct=-1.59; FTR=-1.50,blk_pct,-0.1044836221562549
quality_lite_residual_bucketed_height_025,k6__division_zscore__quality_lite_residual_bucketed_height_025__method-nnls__init-uniform__ninit-1,6,division_zscore,quality_lite_residual_bucketed_height_025,nnls,uniform,0.3952244837335131,0.020801288617553322,19,mins_per_game,5,771,0.257,420,351,0.4648561235650095,three_pa_per_100_team_poss=2.48; resid_three_share_height=2.41; three_share=1.94; height_inches=0.96; three_pct=0.80,resid_orb_pct_height=-1.61; tov_pct=-1.53; ast_tov=-1.44; ast_pct=-1.41; resid_drb_pct_height=-1.09,blk_pct,-0.01693313500254
quality_lite_residual_bucketed_height_025,k6__division_zscore__quality_lite_residual_bucketed_height_025__method-nnls__init-uniform__ninit-1,6,division_zscore,quality_lite_residual_bucketed_height_025,nnls,uniform,0.3952244837335131,0.020801288617553322,19,mins_per_game,6,443,0.1476666666666666,251,192,0.4697382230780533,blk_pct=3.32; drb_pct=2.71; orb_pct=2.71; resid_orb_pct_height=2.61; resid_drb_pct_height=2.56,three_pct=-1.96; three_share=-1.56; three_pa_per_100_team_poss=-1.45; ast_tov=-1.06; resid_three_share_height=-1.05,blk_pct,3.319366763769847
quality_lite_residual_bucketed_height_025,k7__division_zscore__quality_lite_residual_bucketed_height_025__method-nnls__init-aa_plus_plus__ninit-1,7,division_zscore,quality_lite_residual_bucketed_height_025,nnls,aa_plus_plus,0.3669273483464054,0.01931196570244239,19,mins_per_game,1,536,0.1786666666666666,297,239,0.4669809303706854,ast_pct=3.00; usg=2.13; ast_tov=1.24; ft_pct=0.74; resid_drb_pct_height=0.70,height_inches=-1.26; resid_three_share_height=-1.01; orb_pct=-0.79; blk_pct=-0.61; three_share=-0.53,blk_pct,-0.6069533983427524
quality_lite_residual_bucketed_height_025,k7__division_zscore__quality_lite_residual_bucketed_height_025__method-nnls__init-aa_plus_plus__ninit-1,7,division_zscore,quality_lite_residual_bucketed_height_025,nnls,aa_plus_plus,0.3669273483464054,0.01931196570244239,19,mins_per_game,2,435,0.145,244,191,0.4642208016602736,blk_pct=3.31; drb_pct=2.72; orb_pct=2.72; resid_orb_pct_height=2.65; resid_drb_pct_height=2.57,three_pct=-1.96; three_share=-1.56; three_pa_per_100_team_poss=-1.45; resid_three_share_height=-1.06; ast_tov=-1.05,blk_pct,3.313795459579949
quality_lite_residual_bucketed_height_025,k7__division_zscore__quality_lite_residual_bucketed_height_025__method-nnls__init-aa_plus_plus__ninit-1,7,division_zscore,quality_lite_residual_bucketed_height_025,nnls,aa_plus_plus,0.3669273483464054,0.01931196570244239,19,mins_per_game,3,777,0.259,425,352,0.4511478122644251,three_pa_per_100_team_poss=2.47; resid_three_share_height=2.41; three_share=1.93; height_inches=0.96; three_pct=0.84,resid_orb_pct_height=-1.63; tov_pct=-1.54; ast_tov=-1.41; ast_pct=-1.39; resid_drb_pct_height=-1.08,blk_pct,-0.012956126759761
quality_lite_residual_bucketed_height_025,k7__division_zscore__quality_lite_residual_bucketed_height_025__method-nnls__init-aa_plus_plus__ninit-1,7,division_zscore,quality_lite_residual_bucketed_height_025,nnls,aa_plus_plus,0.3669273483464054,0.01931196570244239,19,mins_per_game,4,315,0.105,172,143,0.4563268562320033,ast_tov=3.59; three_share=2.12; resid_three_share_height=2.01; three_pa_per_100_team_poss=1.47; stl_pct=0.51,tov_pct=-1.78; FTR=-1.55; height_inches=-1.48; drb_pct=-1.47; usg=-1.42,blk_pct,-0.8701551320530517
quality_lite_residual_bucketed_height_025,k7__division_zscore__quality_lite_residual_bucketed_height_025__method-nnls__init-aa_plus_plus__ninit-1,7,division_zscore,quality_lite_residual_bucketed_height_025,nnls,aa_plus_plus,0.3669273483464054,0.01931196570244239,19,mins_per_game,5,345,0.115,185,160,0.4675216531814609,FTR=3.54; height_inches=0.93; orb_pct=0.81; eFG=0.65; tov_pct=0.58,usg=-1.76; three_pct=-1.75; three_share=-1.46; three_pa_per_100_team_poss=-1.41; stl_pct=-1.27,blk_pct,0.1510421139841331
quality_lite_residual_bucketed_height_025,k7__division_zscore__quality_lite_residual_bucketed_height_025__method-nnls__init-aa_plus_plus__ninit-1,7,division_zscore,quality_lite_residual_bucketed_height_025,nnls,aa_plus_plus,0.3669273483464054,0.01931196570244239,19,mins_per_game,6,368,0.1226666666666666,197,171,0.4440114333411888,stl_pct=3.41; usg=1.20; ast_pct=1.09; FTR=0.69; tov_pct=0.53,height_inches=-1.54; resid_three_share_height=-0.74; eFG=-0.65; blk_pct=-0.63; orb_pct=-0.53,blk_pct,-0.6282794899637638
quality_lite_residual_bucketed_height_025,k7__division_zscore__quality_lite_residual_bucketed_height_025__method-nnls__init-aa_plus_plus__ninit-1,7,division_zscore,quality_lite_residual_bucketed_height_025,nnls,aa_plus_plus,0.3669273483464054,0.01931196570244239,19,mins_per_game,7,224,0.0746666666666666,108,116,0.4184669485370267,tov_pct=3.77; blk_pct=0.04; stl_pct=-0.11; resid_drb_pct_height=-0.27; height_inches=-0.50,ft_pct=-3.05; eFG=-2.31; usg=-2.00; FTR=-1.64; three_pct=-1.64,blk_pct,0.035929144652443
quality_lite_residual_bucketed_height_025,k8__division_zscore__quality_lite_residual_bucketed_height_025__method-nnls__init-furthest_first__ninit-1,8,division_zscore,quality_lite_residual_bucketed_height_025,nnls,furthest_first,0.3408819073483981,0.017941153018336743,19,mins_per_game,1,392,0.1306666666666666,214,178,0.430214890356741,resid_orb_pct_height=3.08; resid_drb_pct_height=2.88; orb_pct=2.86; drb_pct=2.71; usg=1.72,three_share=-1.46; resid_three_share_height=-1.43; three_pa_per_100_team_poss=-1.35; stl_pct=-0.91; ast_tov=-0.76,blk_pct,1.4313867022981226
quality_lite_residual_bucketed_height_025,k8__division_zscore__quality_lite_residual_bucketed_height_025__method-nnls__init-furthest_first__ninit-1,8,division_zscore,quality_lite_residual_bucketed_height_025,nnls,furthest_first,0.3408819073483981,0.017941153018336743,19,mins_per_game,2,393,0.131,204,189,0.4582960753920876,ast_tov=3.56; three_share=1.65; resid_three_share_height=1.52; three_pa_per_100_team_poss=1.10; three_pct=0.45,tov_pct=-1.73; usg=-1.42; FTR=-1.38; height_inches=-1.33; drb_pct=-1.25,blk_pct,-0.6975453103865399
quality_lite_residual_bucketed_height_025,k8__division_zscore__quality_lite_residual_bucketed_height_025__method-nnls__init-furthest_first__ninit-1,8,division_zscore,quality_lite_residual_bucketed_height_025,nnls,furthest_first,0.3408819073483981,0.017941153018336743,19,mins_per_game,3,202,0.0673333333333333,109,93,0.4227786322277308,FTR=3.56; resid_orb_pct_height=0.59; orb_pct=0.32; stl_pct=0.24; height_inches=-0.27,three_pct=-1.93; resid_three_pct_shot_mix=-1.50; ast_pct=-1.36; resid_three_share_height=-1.28; three_pa_per_100_team_poss=-1.27,blk_pct,-0.5931678645029349
quality_lite_residual_bucketed_height_025,k8__division_zscore__quality_lite_residual_bucketed_height_025__method-nnls__init-furthest_first__ninit-1,8,division_zscore,quality_lite_residual_bucketed_height_025,nnls,furthest_first,0.3408819073483981,0.017941153018336743,19,mins_per_game,4,61,0.0203333333333333,28,33,0.3938075635801744,tov_pct=3.57; FTR=3.10; eFG=2.21; resid_three_pct_shot_mix=1.83; three_pct=1.57,usg=-1.55; orb_pct=-1.41; stl_pct=-1.29; three_pa_per_100_team_poss=-1.09; resid_orb_pct_height=-1.00,blk_pct,-0.904989431578633
quality_lite_residual_bucketed_height_025,k8__division_zscore__quality_lite_residual_bucketed_height_025__method-nnls__init-furthest_first__ninit-1,8,division_zscore,quality_lite_residual_bucketed_height_025,nnls,furthest_first,0.3408819073483981,0.017941153018336743,19,mins_per_game,5,150,0.05,78,72,0.4010188074941261,tov_pct=3.89; resid_drb_pct_height=0.30; stl_pct=0.27; resid_orb_pct_height=0.09; drb_pct=-0.18,ft_pct=-3.73; eFG=-2.96; usg=-2.05; three_pct=-2.05; FTR=-1.93,blk_pct,-0.6574053615678688
quality_lite_residual_bucketed_height_025,k8__division_zscore__quality_lite_residual_bucketed_height_025__method-nnls__init-furthest_first__ninit-1,8,division_zscore,quality_lite_residual_bucketed_height_025,nnls,furthest_first,0.3408819073483981,0.017941153018336743,19,mins_per_game,6,829,0.2763333333333333,453,376,0.4567297808320393,three_pa_per_100_team_poss=2.47; resid_three_share_height=2.44; three_share=1.96; height_inches=0.97; three_pct=0.73,resid_orb_pct_height=-1.64; tov_pct=-1.52; ast_tov=-1.44; ast_pct=-1.43; FTR=-1.15,blk_pct,-0.0829909135189812
quality_lite_residual_bucketed_height_025,k8__division_zscore__quality_lite_residual_bucketed_height_025__method-nnls__init-furthest_first__ninit-1,8,division_zscore,quality_lite_residual_bucketed_height_025,nnls,furthest_first,0.3408819073483981,0.017941153018336743,19,mins_per_game,7,709,0.2363333333333333,387,322,0.4853920522464342,ast_pct=2.56; usg=2.17; stl_pct=1.94; ft_pct=1.04; ast_tov=0.54,height_inches=-1.61; orb_pct=-0.91; resid_three_share_height=-0.61; drb_pct=-0.52; blk_pct=-0.48,blk_pct,-0.4829902432055845
quality_lite_residual_bucketed_height_025,k8__division_zscore__quality_lite_residual_bucketed_height_025__method-nnls__init-furthest_first__ninit-1,8,division_zscore,quality_lite_residual_bucketed_height_025,nnls,furthest_first,0.3408819073483981,0.017941153018336743,19,mins_per_game,8,264,0.088,155,109,0.4717613331662954,blk_pct=4.02; height_inches=2.15; eFG=1.82; orb_pct=1.00; drb_pct=0.70,three_pct=-1.70; three_share=-1.54; three_pa_per_100_team_poss=-1.43; ast_tov=-1.09; stl_pct=-1.06,blk_pct,4.0205170234287335
role_residual_bucketed_height_025,k6__division_zscore__role_residual_bucketed_height_025__method-nnls__init-furthest_sum__ninit-1,6,division_zscore,role_residual_bucketed_height_025,nnls,furthest_sum,0.3311750335975552,0.022078335573170346,15,mins_per_game|eFG|three_pct|ft_pct|resid_three_pct_shot_mix,1,375,0.125,201,174,0.4812507680037219,FTR=3.55; height_inches=0.75; orb_pct=0.69; tov_pct=0.39; resid_orb_pct_height=0.13,usg=-1.50; three_share=-1.43; three_pa_per_100_team_poss=-1.40; ast_pct=-1.27; resid_three_share_height=-1.09,blk_pct,-0.1273019304214094
role_residual_bucketed_height_025,k6__division_zscore__role_residual_bucketed_height_025__method-nnls__init-furthest_sum__ninit-1,6,division_zscore,role_residual_bucketed_height_025,nnls,furthest_sum,0.3311750335975552,0.022078335573170346,15,mins_per_game|eFG|three_pct|ft_pct|resid_three_pct_shot_mix,2,225,0.075,121,104,0.4375352831311541,tov_pct=3.86; stl_pct=-0.00; blk_pct=-0.00; resid_drb_pct_height=-0.10; ast_tov=-0.50,usg=-2.03; FTR=-1.80; resid_three_share_height=-1.29; three_pa_per_100_team_poss=-1.26; three_share=-1.06,blk_pct,-0.0047193634102272
role_residual_bucketed_height_025,k6__division_zscore__role_residual_bucketed_height_025__method-nnls__init-furthest_sum__ninit-1,6,division_zscore,role_residual_bucketed_height_025,nnls,furthest_sum,0.3311750335975552,0.022078335573170346,15,mins_per_game|eFG|three_pct|ft_pct|resid_three_pct_shot_mix,3,848,0.2826666666666667,463,385,0.5082987127011802,ast_pct=2.64; usg=2.06; stl_pct=1.72; resid_drb_pct_height=0.77; FTR=0.65,height_inches=-1.42; resid_three_share_height=-0.92; blk_pct=-0.65; orb_pct=-0.63; three_share=-0.43,blk_pct,-0.6545505804816214
role_residual_bucketed_height_025,k6__division_zscore__role_residual_bucketed_height_025__method-nnls__init-furthest_sum__ninit-1,6,division_zscore,role_residual_bucketed_height_025,nnls,furthest_sum,0.3311750335975552,0.022078335573170346,15,mins_per_game|eFG|three_pct|ft_pct|resid_three_pct_shot_mix,4,715,0.2383333333333333,387,328,0.4666907608784416,three_pa_per_100_team_poss=2.47; resid_three_share_height=2.35; three_share=2.08; height_inches=0.50; usg=0.30,tov_pct=-1.64; resid_orb_pct_height=-1.46; FTR=-1.45; ast_tov=-1.44; ast_pct=-1.44,blk_pct,-0.298463413958657
role_residual_bucketed_height_025,k6__division_zscore__role_residual_bucketed_height_025__method-nnls__init-furthest_sum__ninit-1,6,division_zscore,role_residual_bucketed_height_025,nnls,furthest_sum,0.3311750335975552,0.022078335573170346,15,mins_per_game|eFG|three_pct|ft_pct|resid_three_pct_shot_mix,5,487,0.1623333333333333,272,215,0.4713862282635157,blk_pct=3.21; drb_pct=2.72; orb_pct=2.64; resid_drb_pct_height=2.56; resid_orb_pct_height=2.44,three_share=-1.56; three_pa_per_100_team_poss=-1.45; ast_tov=-1.10; resid_three_share_height=-1.02; ast_pct=-0.89,blk_pct,3.2131815089122475
role_residual_bucketed_height_025,k6__division_zscore__role_residual_bucketed_height_025__method-nnls__init-furthest_sum__ninit-1,6,division_zscore,role_residual_bucketed_height_025,nnls,furthest_sum,0.3311750335975552,0.022078335573170346,15,mins_per_game|eFG|three_pct|ft_pct|resid_three_pct_shot_mix,6,350,0.1166666666666666,184,166,0.4634353619737837,ast_tov=3.56; three_share=1.99; resid_three_share_height=1.87; three_pa_per_100_team_poss=0.73; ast_pct=0.15,tov_pct=-1.80; usg=-1.76; FTR=-1.50; drb_pct=-1.20; orb_pct=-1.04,blk_pct,-0.8325458558470372
role_residual_bucketed_height_025,k7__division_zscore__role_residual_bucketed_height_025__method-nnls__init-uniform__ninit-1,7,division_zscore,role_residual_bucketed_height_025,nnls,uniform,0.2972109118524465,0.019814060790163103,15,mins_per_game|eFG|three_pct|ft_pct|resid_three_pct_shot_mix,1,271,0.0903333333333333,145,126,0.4606935430400947,FTR=3.51; height_inches=0.70; tov_pct=0.55; orb_pct=0.47; resid_orb_pct_height=-0.14,usg=-1.83; resid_drb_pct_height=-1.54; stl_pct=-1.50; three_pa_per_100_team_poss=-1.32; ast_pct=-1.27,blk_pct,-0.1472161822786435
role_residual_bucketed_height_025,k7__division_zscore__role_residual_bucketed_height_025__method-nnls__init-uniform__ninit-1,7,division_zscore,role_residual_bucketed_height_025,nnls,uniform,0.2972109118524465,0.019814060790163103,15,mins_per_game|eFG|three_pct|ft_pct|resid_three_pct_shot_mix,2,714,0.238,381,333,0.4560898845402303,three_pa_per_100_team_poss=2.47; resid_three_share_height=2.32; three_share=2.11; height_inches=0.39; usg=0.32,tov_pct=-1.68; FTR=-1.52; ast_tov=-1.45; ast_pct=-1.42; resid_orb_pct_height=-1.36,blk_pct,-0.310546518385603
role_residual_bucketed_height_025,k7__division_zscore__role_residual_bucketed_height_025__method-nnls__init-uniform__ninit-1,7,division_zscore,role_residual_bucketed_height_025,nnls,uniform,0.2972109118524465,0.019814060790163103,15,mins_per_game|eFG|three_pct|ft_pct|resid_three_pct_shot_mix,3,481,0.1603333333333333,273,208,0.4728745837975009,blk_pct=3.28; height_inches=2.18; drb_pct=2.16; orb_pct=1.93; resid_drb_pct_height=1.75,three_share=-1.57; three_pa_per_100_team_poss=-1.46; stl_pct=-1.40; resid_three_share_height=-1.01; ast_tov=-1.01,blk_pct,3.284095885516141
role_residual_bucketed_height_025,k7__division_zscore__role_residual_bucketed_height_025__method-nnls__init-uniform__ninit-1,7,division_zscore,role_residual_bucketed_height_025,nnls,uniform,0.2972109118524465,0.019814060790163103,15,mins_per_game|eFG|three_pct|ft_pct|resid_three_pct_shot_mix,4,284,0.0946666666666666,149,135,0.4498244958154683,ast_tov=3.61; three_share=2.20; resid_three_share_height=2.14; three_pa_per_100_team_poss=0.77; stl_pct=0.34,usg=-1.96; tov_pct=-1.92; FTR=-1.82; drb_pct=-1.20; orb_pct=-1.04,blk_pct,-0.8906493417599332
role_residual_bucketed_height_025,k7__division_zscore__role_residual_bucketed_height_025__method-nnls__init-uniform__ninit-1,7,division_zscore,role_residual_bucketed_height_025,nnls,uniform,0.2972109118524465,0.019814060790163103,15,mins_per_game|eFG|three_pct|ft_pct|resid_three_pct_shot_mix,5,189,0.063,108,81,0.3911247100413145,stl_pct=3.24; resid_orb_pct_height=3.19; orb_pct=2.93; resid_drb_pct_height=1.62; drb_pct=1.47,resid_three_share_height=-1.84; three_share=-1.55; ast_tov=-1.50; three_pa_per_100_team_poss=-1.45; ast_pct=-1.36,blk_pct,0.6149046272615056
role_residual_bucketed_height_025,k7__division_zscore__role_residual_bucketed_height_025__method-nnls__init-uniform__ninit-1,7,division_zscore,role_residual_bucketed_height_025,nnls,uniform,0.2972109118524465,0.019814060790163103,15,mins_per_game|eFG|three_pct|ft_pct|resid_three_pct_shot_mix,6,231,0.077,123,108,0.4336661886751903,tov_pct=3.81; resid_drb_pct_height=-0.03; blk_pct=-0.04; stl_pct=-0.10; ast_pct=-0.39,usg=-1.99; FTR=-1.74; three_pa_per_100_team_poss=-1.14; resid_three_share_height=-1.01; orb_pct=-1.01,blk_pct,-0.0428460851711947
role_residual_bucketed_height_025,k7__division_zscore__role_residual_bucketed_height_025__method-nnls__init-uniform__ninit-1,7,division_zscore,role_residual_bucketed_height_025,nnls,uniform,0.2972109118524465,0.019814060790163103,15,mins_per_game|eFG|three_pct|ft_pct|resid_three_pct_shot_mix,7,830,0.2766666666666666,449,381,0.4991826181844833,ast_pct=2.86; usg=2.15; stl_pct=1.06; ast_tov=1.05; FTR=0.64,height_inches=-1.42; orb_pct=-0.79; resid_three_share_height=-0.78; blk_pct=-0.64; three_share=-0.30,blk_pct,-0.6393091570519743
role_residual_bucketed_height_025,k8__division_zscore__role_residual_bucketed_height_025__method-nnls__init-uniform__ninit-1,8,division_zscore,role_residual_bucketed_height_025,nnls,uniform,0.2697788279717346,0.017985255198115637,15,mins_per_game|eFG|three_pct|ft_pct|resid_three_pct_shot_mix,1,134,0.0446666666666666,64,70,0.3903878264448893,stl_pct=3.26; tov_pct=3.23; FTR=3.14; ast_pct=0.84; usg=0.30,drb_pct=-1.86; height_inches=-1.48; resid_three_share_height=-1.43; resid_drb_pct_height=-1.43; orb_pct=-1.19,blk_pct,-0.8093187084901701
role_residual_bucketed_height_025,k8__division_zscore__role_residual_bucketed_height_025__method-nnls__init-uniform__ninit-1,8,division_zscore,role_residual_bucketed_height_025,nnls,uniform,0.2697788279717346,0.017985255198115637,15,mins_per_game|eFG|three_pct|ft_pct|resid_three_pct_shot_mix,2,170,0.0566666666666666,90,80,0.4224883320954408,FTR=3.56; orb_pct=0.94; height_inches=0.78; resid_orb_pct_height=0.41; ast_tov=0.27,usg=-2.16; stl_pct=-2.07; three_share=-1.55; three_pa_per_100_team_poss=-1.45; resid_drb_pct_height=-1.40,blk_pct,-0.3431751716807636
role_residual_bucketed_height_025,k8__division_zscore__role_residual_bucketed_height_025__method-nnls__init-uniform__ninit-1,8,division_zscore,role_residual_bucketed_height_025,nnls,uniform,0.2697788279717346,0.017985255198115637,15,mins_per_game|eFG|three_pct|ft_pct|resid_three_pct_shot_mix,3,569,0.1896666666666666,323,246,0.4588483687416875,ast_pct=3.02; usg=1.89; ast_tov=1.87; resid_drb_pct_height=0.58; three_pa_per_100_team_poss=0.44,height_inches=-1.75; orb_pct=-0.84; resid_three_share_height=-0.74; blk_pct=-0.54; FTR=-0.52,blk_pct,-0.5360895656406687
role_residual_bucketed_height_025,k8__division_zscore__role_residual_bucketed_height_025__method-nnls__init-uniform__ninit-1,8,division_zscore,role_residual_bucketed_height_025,nnls,uniform,0.2697788279717346,0.017985255198115637,15,mins_per_game|eFG|three_pct|ft_pct|resid_three_pct_shot_mix,4,223,0.0743333333333333,123,100,0.4602767656248945,blk_pct=4.05; height_inches=2.11; drb_pct=0.82; orb_pct=0.79; tov_pct=0.78,stl_pct=-1.69; three_share=-1.53; three_pa_per_100_team_poss=-1.44; ast_tov=-1.23; ast_pct=-1.17,blk_pct,4.0466393212672225
role_residual_bucketed_height_025,k8__division_zscore__role_residual_bucketed_height_025__method-nnls__init-uniform__ninit-1,8,division_zscore,role_residual_bucketed_height_025,nnls,uniform,0.2697788279717346,0.017985255198115637,15,mins_per_game|eFG|three_pct|ft_pct|resid_three_pct_shot_mix,5,804,0.268,442,362,0.4542302555282581,three_pa_per_100_team_poss=2.47; resid_three_share_height=2.29; three_share=2.08; usg=0.45; height_inches=0.30,tov_pct=-1.50; ast_tov=-1.42; ast_pct=-1.39; resid_orb_pct_height=-1.35; FTR=-1.30,blk_pct,-0.3459374504283369
role_residual_bucketed_height_025,k8__division_zscore__role_residual_bucketed_height_025__method-nnls__init-uniform__ninit-1,8,division_zscore,role_residual_bucketed_height_025,nnls,uniform,0.2697788279717346,0.017985255198115637,15,mins_per_game|eFG|three_pct|ft_pct|resid_three_pct_shot_mix,6,294,0.098,163,131,0.4187774607148855,ast_tov=3.61; resid_three_share_height=2.24; three_share=2.22; three_pa_per_100_team_poss=1.20; stl_pct=0.82,tov_pct=-2.33; usg=-1.84; FTR=-1.82; drb_pct=-1.41; resid_drb_pct_height=-1.28,blk_pct,-0.8906493418305819
role_residual_bucketed_height_025,k8__division_zscore__role_residual_bucketed_height_025__method-nnls__init-uniform__ninit-1,8,division_zscore,role_residual_bucketed_height_025,nnls,uniform,0.2697788279717346,0.017985255198115637,15,mins_per_game|eFG|three_pct|ft_pct|resid_three_pct_shot_mix,7,195,0.065,91,104,0.3991863856786151,tov_pct=3.79; resid_drb_pct_height=0.41; resid_orb_pct_height=0.23; stl_pct=0.02; ast_tov=-0.08,usg=-2.02; FTR=-1.89; resid_three_share_height=-1.58; three_pa_per_100_team_poss=-1.35; three_share=-1.31,blk_pct,-0.903668290640364
role_residual_bucketed_height_025,k8__division_zscore__role_residual_bucketed_height_025__method-nnls__init-uniform__ninit-1,8,division_zscore,role_residual_bucketed_height_025,nnls,uniform,0.2697788279717346,0.017985255198115637,15,mins_per_game|eFG|three_pct|ft_pct|resid_three_pct_shot_mix,8,611,0.2036666666666666,332,279,0.4477858364976605,resid_orb_pct_height=2.83; orb_pct=2.63; resid_drb_pct_height=2.42; drb_pct=2.28; usg=1.51,resid_three_share_height=-1.48; three_share=-1.34; three_pa_per_100_team_poss=-1.16; ast_tov=-1.06; ast_pct=-0.46,blk_pct,1.2685173948490185
quality_lite_residual_bucketed_height_025,k6__division_zscore__quality_lite_residual_bucketed_height_025__method-nnls__init-uniform__ninit-1,6,division_zscore,quality_lite_residual_bucketed_height_025,nnls,uniform,0.3952244837335131,0.020801288617553322,19,mins_per_game,1,399,0.133,211,188,0.4730662913059493,ast_tov=3.56; three_share=1.62; resid_three_share_height=1.51; three_pa_per_100_team_poss=1.03; stl_pct=0.47,tov_pct=-1.64; height_inches=-1.46; usg=-1.45; FTR=-1.36; drb_pct=-1.35,eFG,-0.1805253561875375
quality_lite_residual_bucketed_height_025,k6__division_zscore__quality_lite_residual_bucketed_height_025__method-nnls__init-uniform__ninit-1,6,division_zscore,quality_lite_residual_bucketed_height_025,nnls,uniform,0.3952244837335131,0.020801288617553322,19,mins_per_game,2,349,0.1163333333333333,185,164,0.4915999885620037,FTR=3.52; height_inches=0.74; orb_pct=0.73; tov_pct=0.57; eFG=0.38,three_pct=-1.55; usg=-1.49; three_share=-1.42; three_pa_per_100_team_poss=-1.38; ast_pct=-1.15,eFG,0.3821133740065056
quality_lite_residual_bucketed_height_025,k6__division_zscore__quality_lite_residual_bucketed_height_025__method-nnls__init-uniform__ninit-1,6,division_zscore,quality_lite_residual_bucketed_height_025,nnls,uniform,0.3952244837335131,0.020801288617553322,19,mins_per_game,3,824,0.2746666666666666,453,371,0.501900181028704,ast_pct=2.61; usg=2.14; stl_pct=1.65; resid_drb_pct_height=0.95; ft_pct=0.80,height_inches=-1.45; resid_three_share_height=-0.95; blk_pct=-0.66; orb_pct=-0.64; three_share=-0.46,eFG,-0.3519586774884498
quality_lite_residual_bucketed_height_025,k6__division_zscore__quality_lite_residual_bucketed_height_025__method-nnls__init-uniform__ninit-1,6,division_zscore,quality_lite_residual_bucketed_height_025,nnls,uniform,0.3952244837335131,0.020801288617553322,19,mins_per_game,4,214,0.0713333333333333,108,106,0.4403929689473806,tov_pct=3.78; stl_pct=-0.09; blk_pct=-0.10; resid_drb_pct_height=-0.31; height_inches=-0.51,ft_pct=-2.94; eFG=-2.22; usg=-2.02; three_pct=-1.59; FTR=-1.50,eFG,-2.219235271397056
quality_lite_residual_bucketed_height_025,k6__division_zscore__quality_lite_residual_bucketed_height_025__method-nnls__init-uniform__ninit-1,6,division_zscore,quality_lite_residual_bucketed_height_025,nnls,uniform,0.3952244837335131,0.020801288617553322,19,mins_per_game,5,771,0.257,420,351,0.4648561235650095,three_pa_per_100_team_poss=2.48; resid_three_share_height=2.41; three_share=1.94; height_inches=0.96; three_pct=0.80,resid_orb_pct_height=-1.61; tov_pct=-1.53; ast_tov=-1.44; ast_pct=-1.41; resid_drb_pct_height=-1.09,eFG,0.6365246008042786
quality_lite_residual_bucketed_height_025,k6__division_zscore__quality_lite_residual_bucketed_height_025__method-nnls__init-uniform__ninit-1,6,division_zscore,quality_lite_residual_bucketed_height_025,nnls,uniform,0.3952244837335131,0.020801288617553322,19,mins_per_game,6,443,0.1476666666666666,251,192,0.4697382230780533,blk_pct=3.32; drb_pct=2.71; orb_pct=2.71; resid_orb_pct_height=2.61; resid_drb_pct_height=2.56,three_pct=-1.96; three_share=-1.56; three_pa_per_100_team_poss=-1.45; ast_tov=-1.06; resid_three_share_height=-1.05,eFG,0.8062242950250808
quality_lite_residual_bucketed_height_025,k7__division_zscore__quality_lite_residual_bucketed_height_025__method-nnls__init-aa_plus_plus__ninit-1,7,division_zscore,quality_lite_residual_bucketed_height_025,nnls,aa_plus_plus,0.3669273483464054,0.01931196570244239,19,mins_per_game,1,536,0.1786666666666666,297,239,0.4669809303706854,ast_pct=3.00; usg=2.13; ast_tov=1.24; ft_pct=0.74; resid_drb_pct_height=0.70,height_inches=-1.26; resid_three_share_height=-1.01; orb_pct=-0.79; blk_pct=-0.61; three_share=-0.53,eFG,0.2664182391512065
quality_lite_residual_bucketed_height_025,k7__division_zscore__quality_lite_residual_bucketed_height_025__method-nnls__init-aa_plus_plus__ninit-1,7,division_zscore,quality_lite_residual_bucketed_height_025,nnls,aa_plus_plus,0.3669273483464054,0.01931196570244239,19,mins_per_game,2,435,0.145,244,191,0.4642208016602736,blk_pct=3.31; drb_pct=2.72; orb_pct=2.72; resid_orb_pct_height=2.65; resid_drb_pct_height=2.57,three_pct=-1.96; three_share=-1.56; three_pa_per_100_team_poss=-1.45; resid_three_share_height=-1.06; ast_tov=-1.05,eFG,0.7969623684267486
quality_lite_residual_bucketed_height_025,k7__division_zscore__quality_lite_residual_bucketed_height_025__method-nnls__init-aa_plus_plus__ninit-1,7,division_zscore,quality_lite_residual_bucketed_height_025,nnls,aa_plus_plus,0.3669273483464054,0.01931196570244239,19,mins_per_game,3,777,0.259,425,352,0.4511478122644251,three_pa_per_100_team_poss=2.47; resid_three_share_height=2.41; three_share=1.93; height_inches=0.96; three_pct=0.84,resid_orb_pct_height=-1.63; tov_pct=-1.54; ast_tov=-1.41; ast_pct=-1.39; resid_drb_pct_height=-1.08,eFG,0.7410221716386376
quality_lite_residual_bucketed_height_025,k7__division_zscore__quality_lite_residual_bucketed_height_025__method-nnls__init-aa_plus_plus__ninit-1,7,division_zscore,quality_lite_residual_bucketed_height_025,nnls,aa_plus_plus,0.3669273483464054,0.01931196570244239,19,mins_per_game,4,315,0.105,172,143,0.4563268562320033,ast_tov=3.59; three_share=2.12; resid_three_share_height=2.01; three_pa_per_100_team_poss=1.47; stl_pct=0.51,tov_pct=-1.78; FTR=-1.55; height_inches=-1.48; drb_pct=-1.47; usg=-1.42,eFG,-0.1019531843080799
quality_lite_residual_bucketed_height_025,k7__division_zscore__quality_lite_residual_bucketed_height_025__method-nnls__init-aa_plus_plus__ninit-1,7,division_zscore,quality_lite_residual_bucketed_height_025,nnls,aa_plus_plus,0.3669273483464054,0.01931196570244239,19,mins_per_game,5,345,0.115,185,160,0.4675216531814609,FTR=3.54; height_inches=0.93; orb_pct=0.81; eFG=0.65; tov_pct=0.58,usg=-1.76; three_pct=-1.75; three_share=-1.46; three_pa_per_100_team_poss=-1.41; stl_pct=-1.27,eFG,0.6532215247393649
quality_lite_residual_bucketed_height_025,k7__division_zscore__quality_lite_residual_bucketed_height_025__method-nnls__init-aa_plus_plus__ninit-1,7,division_zscore,quality_lite_residual_bucketed_height_025,nnls,aa_plus_plus,0.3669273483464054,0.01931196570244239,19,mins_per_game,6,368,0.1226666666666666,197,171,0.4440114333411888,stl_pct=3.41; usg=1.20; ast_pct=1.09; FTR=0.69; tov_pct=0.53,height_inches=-1.54; resid_three_share_height=-0.74; eFG=-0.65; blk_pct=-0.63; orb_pct=-0.53,eFG,-0.6463509422052962
quality_lite_residual_bucketed_height_025,k7__division_zscore__quality_lite_residual_bucketed_height_025__method-nnls__init-aa_plus_plus__ninit-1,7,division_zscore,quality_lite_residual_bucketed_height_025,nnls,aa_plus_plus,0.3669273483464054,0.01931196570244239,19,mins_per_game,7,224,0.0746666666666666,108,116,0.4184669485370267,tov_pct=3.77; blk_pct=0.04; stl_pct=-0.11; resid_drb_pct_height=-0.27; height_inches=-0.50,ft_pct=-3.05; eFG=-2.31; usg=-2.00; FTR=-1.64; three_pct=-1.64,eFG,-2.310421575831468
quality_lite_residual_bucketed_height_025,k8__division_zscore__quality_lite_residual_bucketed_height_025__method-nnls__init-furthest_first__ninit-1,8,division_zscore,quality_lite_residual_bucketed_height_025,nnls,furthest_first,0.3408819073483981,0.017941153018336743,19,mins_per_game,1,392,0.1306666666666666,214,178,0.430214890356741,resid_orb_pct_height=3.08; resid_drb_pct_height=2.88; orb_pct=2.86; drb_pct=2.71; usg=1.72,three_share=-1.46; resid_three_share_height=-1.43; three_pa_per_100_team_poss=-1.35; stl_pct=-0.91; ast_tov=-0.76,eFG,0.941233135784649
quality_lite_residual_bucketed_height_025,k8__division_zscore__quality_lite_residual_bucketed_height_025__method-nnls__init-furthest_first__ninit-1,8,division_zscore,quality_lite_residual_bucketed_height_025,nnls,furthest_first,0.3408819073483981,0.017941153018336743,19,mins_per_game,2,393,0.131,204,189,0.4582960753920876,ast_tov=3.56; three_share=1.65; resid_three_share_height=1.52; three_pa_per_100_team_poss=1.10; three_pct=0.45,tov_pct=-1.73; usg=-1.42; FTR=-1.38; height_inches=-1.33; drb_pct=-1.25,eFG,-0.1228367342206093
quality_lite_residual_bucketed_height_025,k8__division_zscore__quality_lite_residual_bucketed_height_025__method-nnls__init-furthest_first__ninit-1,8,division_zscore,quality_lite_residual_bucketed_height_025,nnls,furthest_first,0.3408819073483981,0.017941153018336743,19,mins_per_game,3,202,0.0673333333333333,109,93,0.4227786322277308,FTR=3.56; resid_orb_pct_height=0.59; orb_pct=0.32; stl_pct=0.24; height_inches=-0.27,three_pct=-1.93; resid_three_pct_shot_mix=-1.50; ast_pct=-1.36; resid_three_share_height=-1.28; three_pa_per_100_team_poss=-1.27,eFG,-1.086094763811047
quality_lite_residual_bucketed_height_025,k8__division_zscore__quality_lite_residual_bucketed_height_025__method-nnls__init-furthest_first__ninit-1,8,division_zscore,quality_lite_residual_bucketed_height_025,nnls,furthest_first,0.3408819073483981,0.017941153018336743,19,mins_per_game,4,61,0.0203333333333333,28,33,0.3938075635801744,tov_pct=3.57; FTR=3.10; eFG=2.21; resid_three_pct_shot_mix=1.83; three_pct=1.57,usg=-1.55; orb_pct=-1.41; stl_pct=-1.29; three_pa_per_100_team_poss=-1.09; resid_orb_pct_height=-1.00,eFG,2.2142490857377712
quality_lite_residual_bucketed_height_025,k8__division_zscore__quality_lite_residual_bucketed_height_025__method-nnls__init-furthest_first__ninit-1,8,division_zscore,quality_lite_residual_bucketed_height_025,nnls,furthest_first,0.3408819073483981,0.017941153018336743,19,mins_per_game,5,150,0.05,78,72,0.4010188074941261,tov_pct=3.89; resid_drb_pct_height=0.30; stl_pct=0.27; resid_orb_pct_height=0.09; drb_pct=-0.18,ft_pct=-3.73; eFG=-2.96; usg=-2.05; three_pct=-2.05; FTR=-1.93,eFG,-2.9630278819608895
quality_lite_residual_bucketed_height_025,k8__division_zscore__quality_lite_residual_bucketed_height_025__method-nnls__init-furthest_first__ninit-1,8,division_zscore,quality_lite_residual_bucketed_height_025,nnls,furthest_first,0.3408819073483981,0.017941153018336743,19,mins_per_game,6,829,0.2763333333333333,453,376,0.4567297808320393,three_pa_per_100_team_poss=2.47; resid_three_share_height=2.44; three_share=1.96; height_inches=0.97; three_pct=0.73,resid_orb_pct_height=-1.64; tov_pct=-1.52; ast_tov=-1.44; ast_pct=-1.43; FTR=-1.15,eFG,0.4944241656963608
quality_lite_residual_bucketed_height_025,k8__division_zscore__quality_lite_residual_bucketed_height_025__method-nnls__init-furthest_first__ninit-1,8,division_zscore,quality_lite_residual_bucketed_height_025,nnls,furthest_first,0.3408819073483981,0.017941153018336743,19,mins_per_game,7,709,0.2363333333333333,387,322,0.4853920522464342,ast_pct=2.56; usg=2.17; stl_pct=1.94; ft_pct=1.04; ast_tov=0.54,height_inches=-1.61; orb_pct=-0.91; resid_three_share_height=-0.61; drb_pct=-0.52; blk_pct=-0.48,eFG,-0.2588000060285162
quality_lite_residual_bucketed_height_025,k8__division_zscore__quality_lite_residual_bucketed_height_025__method-nnls__init-furthest_first__ninit-1,8,division_zscore,quality_lite_residual_bucketed_height_025,nnls,furthest_first,0.3408819073483981,0.017941153018336743,19,mins_per_game,8,264,0.088,155,109,0.4717613331662954,blk_pct=4.02; height_inches=2.15; eFG=1.82; orb_pct=1.00; drb_pct=0.70,three_pct=-1.70; three_share=-1.54; three_pa_per_100_team_poss=-1.43; ast_tov=-1.09; stl_pct=-1.06,eFG,1.8249915656195752
role_residual_bucketed_height_025,k6__division_zscore__role_residual_bucketed_height_025__method-nnls__init-furthest_sum__ninit-1,6,division_zscore,role_residual_bucketed_height_025,nnls,furthest_sum,0.3311750335975552,0.022078335573170346,15,mins_per_game|eFG|three_pct|ft_pct|resid_three_pct_shot_mix,1,375,0.125,201,174,0.4812507680037219,FTR=3.55; height_inches=0.75; orb_pct=0.69; tov_pct=0.39; resid_orb_pct_height=0.13,usg=-1.50; three_share=-1.43; three_pa_per_100_team_poss=-1.40; ast_pct=-1.27; resid_three_share_height=-1.09,eFG,
role_residual_bucketed_height_025,k6__division_zscore__role_residual_bucketed_height_025__method-nnls__init-furthest_sum__ninit-1,6,division_zscore,role_residual_bucketed_height_025,nnls,furthest_sum,0.3311750335975552,0.022078335573170346,15,mins_per_game|eFG|three_pct|ft_pct|resid_three_pct_shot_mix,2,225,0.075,121,104,0.4375352831311541,tov_pct=3.86; stl_pct=-0.00; blk_pct=-0.00; resid_drb_pct_height=-0.10; ast_tov=-0.50,usg=-2.03; FTR=-1.80; resid_three_share_height=-1.29; three_pa_per_100_team_poss=-1.26; three_share=-1.06,eFG,
role_residual_bucketed_height_025,k6__division_zscore__role_residual_bucketed_height_025__method-nnls__init-furthest_sum__ninit-1,6,division_zscore,role_residual_bucketed_height_025,nnls,furthest_sum,0.3311750335975552,0.022078335573170346,15,mins_per_game|eFG|three_pct|ft_pct|resid_three_pct_shot_mix,3,848,0.2826666666666667,463,385,0.5082987127011802,ast_pct=2.64; usg=2.06; stl_pct=1.72; resid_drb_pct_height=0.77; FTR=0.65,height_inches=-1.42; resid_three_share_height=-0.92; blk_pct=-0.65; orb_pct=-0.63; three_share=-0.43,eFG,
role_residual_bucketed_height_025,k6__division_zscore__role_residual_bucketed_height_025__method-nnls__init-furthest_sum__ninit-1,6,division_zscore,role_residual_bucketed_height_025,nnls,furthest_sum,0.3311750335975552,0.022078335573170346,15,mins_per_game|eFG|three_pct|ft_pct|resid_three_pct_shot_mix,4,715,0.2383333333333333,387,328,0.4666907608784416,three_pa_per_100_team_poss=2.47; resid_three_share_height=2.35; three_share=2.08; height_inches=0.50; usg=0.30,tov_pct=-1.64; resid_orb_pct_height=-1.46; FTR=-1.45; ast_tov=-1.44; ast_pct=-1.44,eFG,
role_residual_bucketed_height_025,k6__division_zscore__role_residual_bucketed_height_025__method-nnls__init-furthest_sum__ninit-1,6,division_zscore,role_residual_bucketed_height_025,nnls,furthest_sum,0.3311750335975552,0.022078335573170346,15,mins_per_game|eFG|three_pct|ft_pct|resid_three_pct_shot_mix,5,487,0.1623333333333333,272,215,0.4713862282635157,blk_pct=3.21; drb_pct=2.72; orb_pct=2.64; resid_drb_pct_height=2.56; resid_orb_pct_height=2.44,three_share=-1.56; three_pa_per_100_team_poss=-1.45; ast_tov=-1.10; resid_three_share_height=-1.02; ast_pct=-0.89,eFG,
role_residual_bucketed_height_025,k6__division_zscore__role_residual_bucketed_height_025__method-nnls__init-furthest_sum__ninit-1,6,division_zscore,role_residual_bucketed_height_025,nnls,furthest_sum,0.3311750335975552,0.022078335573170346,15,mins_per_game|eFG|three_pct|ft_pct|resid_three_pct_shot_mix,6,350,0.1166666666666666,184,166,0.4634353619737837,ast_tov=3.56; three_share=1.99; resid_three_share_height=1.87; three_pa_per_100_team_poss=0.73; ast_pct=0.15,tov_pct=-1.80; usg=-1.76; FTR=-1.50; drb_pct=-1.20; orb_pct=-1.04,eFG,
role_residual_bucketed_height_025,k7__division_zscore__role_residual_bucketed_height_025__method-nnls__init-uniform__ninit-1,7,division_zscore,role_residual_bucketed_height_025,nnls,uniform,0.2972109118524465,0.019814060790163103,15,mins_per_game|eFG|three_pct|ft_pct|resid_three_pct_shot_mix,1,271,0.0903333333333333,145,126,0.4606935430400947,FTR=3.51; height_inches=0.70; tov_pct=0.55; orb_pct=0.47; resid_orb_pct_height=-0.14,usg=-1.83; resid_drb_pct_height=-1.54; stl_pct=-1.50; three_pa_per_100_team_poss=-1.32; ast_pct=-1.27,eFG,
role_residual_bucketed_height_025,k7__division_zscore__role_residual_bucketed_height_025__method-nnls__init-uniform__ninit-1,7,division_zscore,role_residual_bucketed_height_025,nnls,uniform,0.2972109118524465,0.019814060790163103,15,mins_per_game|eFG|three_pct|ft_pct|resid_three_pct_shot_mix,2,714,0.238,381,333,0.4560898845402303,three_pa_per_100_team_poss=2.47; resid_three_share_height=2.32; three_share=2.11; height_inches=0.39; usg=0.32,tov_pct=-1.68; FTR=-1.52; ast_tov=-1.45; ast_pct=-1.42; resid_orb_pct_height=-1.36,eFG,
role_residual_bucketed_height_025,k7__division_zscore__role_residual_bucketed_height_025__method-nnls__init-uniform__ninit-1,7,division_zscore,role_residual_bucketed_height_025,nnls,uniform,0.2972109118524465,0.019814060790163103,15,mins_per_game|eFG|three_pct|ft_pct|resid_three_pct_shot_mix,3,481,0.1603333333333333,273,208,0.4728745837975009,blk_pct=3.28; height_inches=2.18; drb_pct=2.16; orb_pct=1.93; resid_drb_pct_height=1.75,three_share=-1.57; three_pa_per_100_team_poss=-1.46; stl_pct=-1.40; resid_three_share_height=-1.01; ast_tov=-1.01,eFG,
role_residual_bucketed_height_025,k7__division_zscore__role_residual_bucketed_height_025__method-nnls__init-uniform__ninit-1,7,division_zscore,role_residual_bucketed_height_025,nnls,uniform,0.2972109118524465,0.019814060790163103,15,mins_per_game|eFG|three_pct|ft_pct|resid_three_pct_shot_mix,4,284,0.0946666666666666,149,135,0.4498244958154683,ast_tov=3.61; three_share=2.20; resid_three_share_height=2.14; three_pa_per_100_team_poss=0.77; stl_pct=0.34,usg=-1.96; tov_pct=-1.92; FTR=-1.82; drb_pct=-1.20; orb_pct=-1.04,eFG,
role_residual_bucketed_height_025,k7__division_zscore__role_residual_bucketed_height_025__method-nnls__init-uniform__ninit-1,7,division_zscore,role_residual_bucketed_height_025,nnls,uniform,0.2972109118524465,0.019814060790163103,15,mins_per_game|eFG|three_pct|ft_pct|resid_three_pct_shot_mix,5,189,0.063,108,81,0.3911247100413145,stl_pct=3.24; resid_orb_pct_height=3.19; orb_pct=2.93; resid_drb_pct_height=1.62; drb_pct=1.47,resid_three_share_height=-1.84; three_share=-1.55; ast_tov=-1.50; three_pa_per_100_team_poss=-1.45; ast_pct=-1.36,eFG,
role_residual_bucketed_height_025,k7__division_zscore__role_residual_bucketed_height_025__method-nnls__init-uniform__ninit-1,7,division_zscore,role_residual_bucketed_height_025,nnls,uniform,0.2972109118524465,0.019814060790163103,15,mins_per_game|eFG|three_pct|ft_pct|resid_three_pct_shot_mix,6,231,0.077,123,108,0.4336661886751903,tov_pct=3.81; resid_drb_pct_height=-0.03; blk_pct=-0.04; stl_pct=-0.10; ast_pct=-0.39,usg=-1.99; FTR=-1.74; three_pa_per_100_team_poss=-1.14; resid_three_share_height=-1.01; orb_pct=-1.01,eFG,
role_residual_bucketed_height_025,k7__division_zscore__role_residual_bucketed_height_025__method-nnls__init-uniform__ninit-1,7,division_zscore,role_residual_bucketed_height_025,nnls,uniform,0.2972109118524465,0.019814060790163103,15,mins_per_game|eFG|three_pct|ft_pct|resid_three_pct_shot_mix,7,830,0.2766666666666666,449,381,0.4991826181844833,ast_pct=2.86; usg=2.15; stl_pct=1.06; ast_tov=1.05; FTR=0.64,height_inches=-1.42; orb_pct=-0.79; resid_three_share_height=-0.78; blk_pct=-0.64; three_share=-0.30,eFG,
role_residual_bucketed_height_025,k8__division_zscore__role_residual_bucketed_height_025__method-nnls__init-uniform__ninit-1,8,division_zscore,role_residual_bucketed_height_025,nnls,uniform,0.2697788279717346,0.017985255198115637,15,mins_per_game|eFG|three_pct|ft_pct|resid_three_pct_shot_mix,1,134,0.0446666666666666,64,70,0.3903878264448893,stl_pct=3.26; tov_pct=3.23; FTR=3.14; ast_pct=0.84; usg=0.30,drb_pct=-1.86; height_inches=-1.48; resid_three_share_height=-1.43; resid_drb_pct_height=-1.43; orb_pct=-1.19,eFG,
role_residual_bucketed_height_025,k8__division_zscore__role_residual_bucketed_height_025__method-nnls__init-uniform__ninit-1,8,division_zscore,role_residual_bucketed_height_025,nnls,uniform,0.2697788279717346,0.017985255198115637,15,mins_per_game|eFG|three_pct|ft_pct|resid_three_pct_shot_mix,2,170,0.0566666666666666,90,80,0.4224883320954408,FTR=3.56; orb_pct=0.94; height_inches=0.78; resid_orb_pct_height=0.41; ast_tov=0.27,usg=-2.16; stl_pct=-2.07; three_share=-1.55; three_pa_per_100_team_poss=-1.45; resid_drb_pct_height=-1.40,eFG,
role_residual_bucketed_height_025,k8__division_zscore__role_residual_bucketed_height_025__method-nnls__init-uniform__ninit-1,8,division_zscore,role_residual_bucketed_height_025,nnls,uniform,0.2697788279717346,0.017985255198115637,15,mins_per_game|eFG|three_pct|ft_pct|resid_three_pct_shot_mix,3,569,0.1896666666666666,323,246,0.4588483687416875,ast_pct=3.02; usg=1.89; ast_tov=1.87; resid_drb_pct_height=0.58; three_pa_per_100_team_poss=0.44,height_inches=-1.75; orb_pct=-0.84; resid_three_share_height=-0.74; blk_pct=-0.54; FTR=-0.52,eFG,
role_residual_bucketed_height_025,k8__division_zscore__role_residual_bucketed_height_025__method-nnls__init-uniform__ninit-1,8,division_zscore,role_residual_bucketed_height_025,nnls,uniform,0.2697788279717346,0.017985255198115637,15,mins_per_game|eFG|three_pct|ft_pct|resid_three_pct_shot_mix,4,223,0.0743333333333333,123,100,0.4602767656248945,blk_pct=4.05; height_inches=2.11; drb_pct=0.82; orb_pct=0.79; tov_pct=0.78,stl_pct=-1.69; three_share=-1.53; three_pa_per_100_team_poss=-1.44; ast_tov=-1.23; ast_pct=-1.17,eFG,
role_residual_bucketed_height_025,k8__division_zscore__role_residual_bucketed_height_025__method-nnls__init-uniform__ninit-1,8,division_zscore,role_residual_bucketed_height_025,nnls,uniform,0.2697788279717346,0.017985255198115637,15,mins_per_game|eFG|three_pct|ft_pct|resid_three_pct_shot_mix,5,804,0.268,442,362,0.4542302555282581,three_pa_per_100_team_poss=2.47; resid_three_share_height=2.29; three_share=2.08; usg=0.45; height_inches=0.30,tov_pct=-1.50; ast_tov=-1.42; ast_pct=-1.39; resid_orb_pct_height=-1.35; FTR=-1.30,eFG,
role_residual_bucketed_height_025,k8__division_zscore__role_residual_bucketed_height_025__method-nnls__init-uniform__ninit-1,8,division_zscore,role_residual_bucketed_height_025,nnls,uniform,0.2697788279717346,0.017985255198115637,15,mins_per_game|eFG|three_pct|ft_pct|resid_three_pct_shot_mix,6,294,0.098,163,131,0.4187774607148855,ast_tov=3.61; resid_three_share_height=2.24; three_share=2.22; three_pa_per_100_team_poss=1.20; stl_pct=0.82,tov_pct=-2.33; usg=-1.84; FTR=-1.82; drb_pct=-1.41; resid_drb_pct_height=-1.28,eFG,
role_residual_bucketed_height_025,k8__division_zscore__role_residual_bucketed_height_025__method-nnls__init-uniform__ninit-1,8,division_zscore,role_residual_bucketed_height_025,nnls,uniform,0.2697788279717346,0.017985255198115637,15,mins_per_game|eFG|three_pct|ft_pct|resid_three_pct_shot_mix,7,195,0.065,91,104,0.3991863856786151,tov_pct=3.79; resid_drb_pct_height=0.41; resid_orb_pct_height=0.23; stl_pct=0.02; ast_tov=-0.08,usg=-2.02; FTR=-1.89; resid_three_share_height=-1.58; three_pa_per_100_team_poss=-1.35; three_share=-1.31,eFG,
role_residual_bucketed_height_025,k8__division_zscore__role_residual_bucketed_height_025__method-nnls__init-uniform__ninit-1,8,division_zscore,role_residual_bucketed_height_025,nnls,uniform,0.2697788279717346,0.017985255198115637,15,mins_per_game|eFG|three_pct|ft_pct|resid_three_pct_shot_mix,8,611,0.2036666666666666,332,279,0.4477858364976605,resid_orb_pct_height=2.83; orb_pct=2.63; resid_drb_pct_height=2.42; drb_pct=2.28; usg=1.51,resid_three_share_height=-1.48; three_share=-1.34; three_pa_per_100_team_poss=-1.16; ast_tov=-1.06; ast_pct=-0.46,eFG,
quality_lite_residual_bucketed_height_025,k6__division_zscore__quality_lite_residual_bucketed_height_025__method-nnls__init-uniform__ninit-1,6,division_zscore,quality_lite_residual_bucketed_height_025,nnls,uniform,0.3952244837335131,0.020801288617553322,19,mins_per_game,1,399,0.133,211,188,0.4730662913059493,ast_tov=3.56; three_share=1.62; resid_three_share_height=1.51; three_pa_per_100_team_poss=1.03; stl_pct=0.47,tov_pct=-1.64; height_inches=-1.46; usg=-1.45; FTR=-1.36; drb_pct=-1.35,three_pct,0.4145946053291281
quality_lite_residual_bucketed_height_025,k6__division_zscore__quality_lite_residual_bucketed_height_025__method-nnls__init-uniform__ninit-1,6,division_zscore,quality_lite_residual_bucketed_height_025,nnls,uniform,0.3952244837335131,0.020801288617553322,19,mins_per_game,2,349,0.1163333333333333,185,164,0.4915999885620037,FTR=3.52; height_inches=0.74; orb_pct=0.73; tov_pct=0.57; eFG=0.38,three_pct=-1.55; usg=-1.49; three_share=-1.42; three_pa_per_100_team_poss=-1.38; ast_pct=-1.15,three_pct,-1.5452298048371729
quality_lite_residual_bucketed_height_025,k6__division_zscore__quality_lite_residual_bucketed_height_025__method-nnls__init-uniform__ninit-1,6,division_zscore,quality_lite_residual_bucketed_height_025,nnls,uniform,0.3952244837335131,0.020801288617553322,19,mins_per_game,3,824,0.2746666666666666,453,371,0.501900181028704,ast_pct=2.61; usg=2.14; stl_pct=1.65; resid_drb_pct_height=0.95; ft_pct=0.80,height_inches=-1.45; resid_three_share_height=-0.95; blk_pct=-0.66; orb_pct=-0.64; three_share=-0.46,three_pct,0.3314011741244193
quality_lite_residual_bucketed_height_025,k6__division_zscore__quality_lite_residual_bucketed_height_025__method-nnls__init-uniform__ninit-1,6,division_zscore,quality_lite_residual_bucketed_height_025,nnls,uniform,0.3952244837335131,0.020801288617553322,19,mins_per_game,4,214,0.0713333333333333,108,106,0.4403929689473806,tov_pct=3.78; stl_pct=-0.09; blk_pct=-0.10; resid_drb_pct_height=-0.31; height_inches=-0.51,ft_pct=-2.94; eFG=-2.22; usg=-2.02; three_pct=-1.59; FTR=-1.50,three_pct,-1.5892154994398573
quality_lite_residual_bucketed_height_025,k6__division_zscore__quality_lite_residual_bucketed_height_025__method-nnls__init-uniform__ninit-1,6,division_zscore,quality_lite_residual_bucketed_height_025,nnls,uniform,0.3952244837335131,0.020801288617553322,19,mins_per_game,5,771,0.257,420,351,0.4648561235650095,three_pa_per_100_team_poss=2.48; resid_three_share_height=2.41; three_share=1.94; height_inches=0.96; three_pct=0.80,resid_orb_pct_height=-1.61; tov_pct=-1.53; ast_tov=-1.44; ast_pct=-1.41; resid_drb_pct_height=-1.09,three_pct,0.7972588163883534
quality_lite_residual_bucketed_height_025,k6__division_zscore__quality_lite_residual_bucketed_height_025__method-nnls__init-uniform__ninit-1,6,division_zscore,quality_lite_residual_bucketed_height_025,nnls,uniform,0.3952244837335131,0.020801288617553322,19,mins_per_game,6,443,0.1476666666666666,251,192,0.4697382230780533,blk_pct=3.32; drb_pct=2.71; orb_pct=2.71; resid_orb_pct_height=2.61; resid_drb_pct_height=2.56,three_pct=-1.96; three_share=-1.56; three_pa_per_100_team_poss=-1.45; ast_tov=-1.06; resid_three_share_height=-1.05,three_pct,-1.9607870399112937
quality_lite_residual_bucketed_height_025,k7__division_zscore__quality_lite_residual_bucketed_height_025__method-nnls__init-aa_plus_plus__ninit-1,7,division_zscore,quality_lite_residual_bucketed_height_025,nnls,aa_plus_plus,0.3669273483464054,0.01931196570244239,19,mins_per_game,1,536,0.1786666666666666,297,239,0.4669809303706854,ast_pct=3.00; usg=2.13; ast_tov=1.24; ft_pct=0.74; resid_drb_pct_height=0.70,height_inches=-1.26; resid_three_share_height=-1.01; orb_pct=-0.79; blk_pct=-0.61; three_share=-0.53,three_pct,0.3529676492185372
quality_lite_residual_bucketed_height_025,k7__division_zscore__quality_lite_residual_bucketed_height_025__method-nnls__init-aa_plus_plus__ninit-1,7,division_zscore,quality_lite_residual_bucketed_height_025,nnls,aa_plus_plus,0.3669273483464054,0.01931196570244239,19,mins_per_game,2,435,0.145,244,191,0.4642208016602736,blk_pct=3.31; drb_pct=2.72; orb_pct=2.72; resid_orb_pct_height=2.65; resid_drb_pct_height=2.57,three_pct=-1.96; three_share=-1.56; three_pa_per_100_team_poss=-1.45; resid_three_share_height=-1.06; ast_tov=-1.05,three_pct,-1.9588596483381533
quality_lite_residual_bucketed_height_025,k7__division_zscore__quality_lite_residual_bucketed_height_025__method-nnls__init-aa_plus_plus__ninit-1,7,division_zscore,quality_lite_residual_bucketed_height_025,nnls,aa_plus_plus,0.3669273483464054,0.01931196570244239,19,mins_per_game,3,777,0.259,425,352,0.4511478122644251,three_pa_per_100_team_poss=2.47; resid_three_share_height=2.41; three_share=1.93; height_inches=0.96; three_pct=0.84,resid_orb_pct_height=-1.63; tov_pct=-1.54; ast_tov=-1.41; ast_pct=-1.39; resid_drb_pct_height=-1.08,three_pct,0.8448431360240675
quality_lite_residual_bucketed_height_025,k7__division_zscore__quality_lite_residual_bucketed_height_025__method-nnls__init-aa_plus_plus__ninit-1,7,division_zscore,quality_lite_residual_bucketed_height_025,nnls,aa_plus_plus,0.3669273483464054,0.01931196570244239,19,mins_per_game,4,315,0.105,172,143,0.4563268562320033,ast_tov=3.59; three_share=2.12; resid_three_share_height=2.01; three_pa_per_100_team_poss=1.47; stl_pct=0.51,tov_pct=-1.78; FTR=-1.55; height_inches=-1.48; drb_pct=-1.47; usg=-1.42,three_pct,0.4010613478724538
quality_lite_residual_bucketed_height_025,k7__division_zscore__quality_lite_residual_bucketed_height_025__method-nnls__init-aa_plus_plus__ninit-1,7,division_zscore,quality_lite_residual_bucketed_height_025,nnls,aa_plus_plus,0.3669273483464054,0.01931196570244239,19,mins_per_game,5,345,0.115,185,160,0.4675216531814609,FTR=3.54; height_inches=0.93; orb_pct=0.81; eFG=0.65; tov_pct=0.58,usg=-1.76; three_pct=-1.75; three_share=-1.46; three_pa_per_100_team_poss=-1.41; stl_pct=-1.27,three_pct,-1.750390288894444
quality_lite_residual_bucketed_height_025,k7__division_zscore__quality_lite_residual_bucketed_height_025__method-nnls__init-aa_plus_plus__ninit-1,7,division_zscore,quality_lite_residual_bucketed_height_025,nnls,aa_plus_plus,0.3669273483464054,0.01931196570244239,19,mins_per_game,6,368,0.1226666666666666,197,171,0.4440114333411888,stl_pct=3.41; usg=1.20; ast_pct=1.09; FTR=0.69; tov_pct=0.53,height_inches=-1.54; resid_three_share_height=-0.74; eFG=-0.65; blk_pct=-0.63; orb_pct=-0.53,three_pct,-0.0367919527025782
quality_lite_residual_bucketed_height_025,k7__division_zscore__quality_lite_residual_bucketed_height_025__method-nnls__init-aa_plus_plus__ninit-1,7,division_zscore,quality_lite_residual_bucketed_height_025,nnls,aa_plus_plus,0.3669273483464054,0.01931196570244239,19,mins_per_game,7,224,0.0746666666666666,108,116,0.4184669485370267,tov_pct=3.77; blk_pct=0.04; stl_pct=-0.11; resid_drb_pct_height=-0.27; height_inches=-0.50,ft_pct=-3.05; eFG=-2.31; usg=-2.00; FTR=-1.64; three_pct=-1.64,three_pct,-1.635244157294955
quality_lite_residual_bucketed_height_025,k8__division_zscore__quality_lite_residual_bucketed_height_025__method-nnls__init-furthest_first__ninit-1,8,division_zscore,quality_lite_residual_bucketed_height_025,nnls,furthest_first,0.3408819073483981,0.017941153018336743,19,mins_per_game,1,392,0.1306666666666666,214,178,0.430214890356741,resid_orb_pct_height=3.08; resid_drb_pct_height=2.88; orb_pct=2.86; drb_pct=2.71; usg=1.72,three_share=-1.46; resid_three_share_height=-1.43; three_pa_per_100_team_poss=-1.35; stl_pct=-0.91; ast_tov=-0.76,three_pct,-0.7414401880701921
quality_lite_residual_bucketed_height_025,k8__division_zscore__quality_lite_residual_bucketed_height_025__method-nnls__init-furthest_first__ninit-1,8,division_zscore,quality_lite_residual_bucketed_height_025,nnls,furthest_first,0.3408819073483981,0.017941153018336743,19,mins_per_game,2,393,0.131,204,189,0.4582960753920876,ast_tov=3.56; three_share=1.65; resid_three_share_height=1.52; three_pa_per_100_team_poss=1.10; three_pct=0.45,tov_pct=-1.73; usg=-1.42; FTR=-1.38; height_inches=-1.33; drb_pct=-1.25,three_pct,0.4491350440739123
quality_lite_residual_bucketed_height_025,k8__division_zscore__quality_lite_residual_bucketed_height_025__method-nnls__init-furthest_first__ninit-1,8,division_zscore,quality_lite_residual_bucketed_height_025,nnls,furthest_first,0.3408819073483981,0.017941153018336743,19,mins_per_game,3,202,0.0673333333333333,109,93,0.4227786322277308,FTR=3.56; resid_orb_pct_height=0.59; orb_pct=0.32; stl_pct=0.24; height_inches=-0.27,three_pct=-1.93; resid_three_pct_shot_mix=-1.50; ast_pct=-1.36; resid_three_share_height=-1.28; three_pa_per_100_team_poss=-1.27,three_pct,-1.928143543619783
quality_lite_residual_bucketed_height_025,k8__division_zscore__quality_lite_residual_bucketed_height_025__method-nnls__init-furthest_first__ninit-1,8,division_zscore,quality_lite_residual_bucketed_height_025,nnls,furthest_first,0.3408819073483981,0.017941153018336743,19,mins_per_game,4,61,0.0203333333333333,28,33,0.3938075635801744,tov_pct=3.57; FTR=3.10; eFG=2.21; resid_three_pct_shot_mix=1.83; three_pct=1.57,usg=-1.55; orb_pct=-1.41; stl_pct=-1.29; three_pa_per_100_team_poss=-1.09; resid_orb_pct_height=-1.00,three_pct,1.5669858205005005
quality_lite_residual_bucketed_height_025,k8__division_zscore__quality_lite_residual_bucketed_height_025__method-nnls__init-furthest_first__ninit-1,8,division_zscore,quality_lite_residual_bucketed_height_025,nnls,furthest_first,0.3408819073483981,0.017941153018336743,19,mins_per_game,5,150,0.05,78,72,0.4010188074941261,tov_pct=3.89; resid_drb_pct_height=0.30; stl_pct=0.27; resid_orb_pct_height=0.09; drb_pct=-0.18,ft_pct=-3.73; eFG=-2.96; usg=-2.05; three_pct=-2.05; FTR=-1.93,three_pct,-2.049289191468585
quality_lite_residual_bucketed_height_025,k8__division_zscore__quality_lite_residual_bucketed_height_025__method-nnls__init-furthest_first__ninit-1,8,division_zscore,quality_lite_residual_bucketed_height_025,nnls,furthest_first,0.3408819073483981,0.017941153018336743,19,mins_per_game,6,829,0.2763333333333333,453,376,0.4567297808320393,three_pa_per_100_team_poss=2.47; resid_three_share_height=2.44; three_share=1.96; height_inches=0.97; three_pct=0.73,resid_orb_pct_height=-1.64; tov_pct=-1.52; ast_tov=-1.44; ast_pct=-1.43; FTR=-1.15,three_pct,0.7322708292094887
quality_lite_residual_bucketed_height_025,k8__division_zscore__quality_lite_residual_bucketed_height_025__method-nnls__init-furthest_first__ninit-1,8,division_zscore,quality_lite_residual_bucketed_height_025,nnls,furthest_first,0.3408819073483981,0.017941153018336743,19,mins_per_game,7,709,0.2363333333333333,387,322,0.4853920522464342,ast_pct=2.56; usg=2.17; stl_pct=1.94; ft_pct=1.04; ast_tov=0.54,height_inches=-1.61; orb_pct=-0.91; resid_three_share_height=-0.61; drb_pct=-0.52; blk_pct=-0.48,three_pct,0.4004094830477378
quality_lite_residual_bucketed_height_025,k8__division_zscore__quality_lite_residual_bucketed_height_025__method-nnls__init-furthest_first__ninit-1,8,division_zscore,quality_lite_residual_bucketed_height_025,nnls,furthest_first,0.3408819073483981,0.017941153018336743,19,mins_per_game,8,264,0.088,155,109,0.4717613331662954,blk_pct=4.02; height_inches=2.15; eFG=1.82; orb_pct=1.00; drb_pct=0.70,three_pct=-1.70; three_share=-1.54; three_pa_per_100_team_poss=-1.43; ast_tov=-1.09; stl_pct=-1.06,three_pct,-1.6968725436192604
role_residual_bucketed_height_025,k6__division_zscore__role_residual_bucketed_height_025__method-nnls__init-furthest_sum__ninit-1,6,division_zscore,role_residual_bucketed_height_025,nnls,furthest_sum,0.3311750335975552,0.022078335573170346,15,mins_per_game|eFG|three_pct|ft_pct|resid_three_pct_shot_mix,1,375,0.125,201,174,0.4812507680037219,FTR=3.55; height_inches=0.75; orb_pct=0.69; tov_pct=0.39; resid_orb_pct_height=0.13,usg=-1.50; three_share=-1.43; three_pa_per_100_team_poss=-1.40; ast_pct=-1.27; resid_three_share_height=-1.09,three_pct,
role_residual_bucketed_height_025,k6__division_zscore__role_residual_bucketed_height_025__method-nnls__init-furthest_sum__ninit-1,6,division_zscore,role_residual_bucketed_height_025,nnls,furthest_sum,0.3311750335975552,0.022078335573170346,15,mins_per_game|eFG|three_pct|ft_pct|resid_three_pct_shot_mix,2,225,0.075,121,104,0.4375352831311541,tov_pct=3.86; stl_pct=-0.00; blk_pct=-0.00; resid_drb_pct_height=-0.10; ast_tov=-0.50,usg=-2.03; FTR=-1.80; resid_three_share_height=-1.29; three_pa_per_100_team_poss=-1.26; three_share=-1.06,three_pct,
role_residual_bucketed_height_025,k6__division_zscore__role_residual_bucketed_height_025__method-nnls__init-furthest_sum__ninit-1,6,division_zscore,role_residual_bucketed_height_025,nnls,furthest_sum,0.3311750335975552,0.022078335573170346,15,mins_per_game|eFG|three_pct|ft_pct|resid_three_pct_shot_mix,3,848,0.2826666666666667,463,385,0.5082987127011802,ast_pct=2.64; usg=2.06; stl_pct=1.72; resid_drb_pct_height=0.77; FTR=0.65,height_inches=-1.42; resid_three_share_height=-0.92; blk_pct=-0.65; orb_pct=-0.63; three_share=-0.43,three_pct,
role_residual_bucketed_height_025,k6__division_zscore__role_residual_bucketed_height_025__method-nnls__init-furthest_sum__ninit-1,6,division_zscore,role_residual_bucketed_height_025,nnls,furthest_sum,0.3311750335975552,0.022078335573170346,15,mins_per_game|eFG|three_pct|ft_pct|resid_three_pct_shot_mix,4,715,0.2383333333333333,387,328,0.4666907608784416,three_pa_per_100_team_poss=2.47; resid_three_share_height=2.35; three_share=2.08; height_inches=0.50; usg=0.30,tov_pct=-1.64; resid_orb_pct_height=-1.46; FTR=-1.45; ast_tov=-1.44; ast_pct=-1.44,three_pct,
role_residual_bucketed_height_025,k6__division_zscore__role_residual_bucketed_height_025__method-nnls__init-furthest_sum__ninit-1,6,division_zscore,role_residual_bucketed_height_025,nnls,furthest_sum,0.3311750335975552,0.022078335573170346,15,mins_per_game|eFG|three_pct|ft_pct|resid_three_pct_shot_mix,5,487,0.1623333333333333,272,215,0.4713862282635157,blk_pct=3.21; drb_pct=2.72; orb_pct=2.64; resid_drb_pct_height=2.56; resid_orb_pct_height=2.44,three_share=-1.56; three_pa_per_100_team_poss=-1.45; ast_tov=-1.10; resid_three_share_height=-1.02; ast_pct=-0.89,three_pct,
role_residual_bucketed_height_025,k6__division_zscore__role_residual_bucketed_height_025__method-nnls__init-furthest_sum__ninit-1,6,division_zscore,role_residual_bucketed_height_025,nnls,furthest_sum,0.3311750335975552,0.022078335573170346,15,mins_per_game|eFG|three_pct|ft_pct|resid_three_pct_shot_mix,6,350,0.1166666666666666,184,166,0.4634353619737837,ast_tov=3.56; three_share=1.99; resid_three_share_height=1.87; three_pa_per_100_team_poss=0.73; ast_pct=0.15,tov_pct=-1.80; usg=-1.76; FTR=-1.50; drb_pct=-1.20; orb_pct=-1.04,three_pct,
role_residual_bucketed_height_025,k7__division_zscore__role_residual_bucketed_height_025__method-nnls__init-uniform__ninit-1,7,division_zscore,role_residual_bucketed_height_025,nnls,uniform,0.2972109118524465,0.019814060790163103,15,mins_per_game|eFG|three_pct|ft_pct|resid_three_pct_shot_mix,1,271,0.0903333333333333,145,126,0.4606935430400947,FTR=3.51; height_inches=0.70; tov_pct=0.55; orb_pct=0.47; resid_orb_pct_height=-0.14,usg=-1.83; resid_drb_pct_height=-1.54; stl_pct=-1.50; three_pa_per_100_team_poss=-1.32; ast_pct=-1.27,three_pct,
role_residual_bucketed_height_025,k7__division_zscore__role_residual_bucketed_height_025__method-nnls__init-uniform__ninit-1,7,division_zscore,role_residual_bucketed_height_025,nnls,uniform,0.2972109118524465,0.019814060790163103,15,mins_per_game|eFG|three_pct|ft_pct|resid_three_pct_shot_mix,2,714,0.238,381,333,0.4560898845402303,three_pa_per_100_team_poss=2.47; resid_three_share_height=2.32; three_share=2.11; height_inches=0.39; usg=0.32,tov_pct=-1.68; FTR=-1.52; ast_tov=-1.45; ast_pct=-1.42; resid_orb_pct_height=-1.36,three_pct,
role_residual_bucketed_height_025,k7__division_zscore__role_residual_bucketed_height_025__method-nnls__init-uniform__ninit-1,7,division_zscore,role_residual_bucketed_height_025,nnls,uniform,0.2972109118524465,0.019814060790163103,15,mins_per_game|eFG|three_pct|ft_pct|resid_three_pct_shot_mix,3,481,0.1603333333333333,273,208,0.4728745837975009,blk_pct=3.28; height_inches=2.18; drb_pct=2.16; orb_pct=1.93; resid_drb_pct_height=1.75,three_share=-1.57; three_pa_per_100_team_poss=-1.46; stl_pct=-1.40; resid_three_share_height=-1.01; ast_tov=-1.01,three_pct,
role_residual_bucketed_height_025,k7__division_zscore__role_residual_bucketed_height_025__method-nnls__init-uniform__ninit-1,7,division_zscore,role_residual_bucketed_height_025,nnls,uniform,0.2972109118524465,0.019814060790163103,15,mins_per_game|eFG|three_pct|ft_pct|resid_three_pct_shot_mix,4,284,0.0946666666666666,149,135,0.4498244958154683,ast_tov=3.61; three_share=2.20; resid_three_share_height=2.14; three_pa_per_100_team_poss=0.77; stl_pct=0.34,usg=-1.96; tov_pct=-1.92; FTR=-1.82; drb_pct=-1.20; orb_pct=-1.04,three_pct,
role_residual_bucketed_height_025,k7__division_zscore__role_residual_bucketed_height_025__method-nnls__init-uniform__ninit-1,7,division_zscore,role_residual_bucketed_height_025,nnls,uniform,0.2972109118524465,0.019814060790163103,15,mins_per_game|eFG|three_pct|ft_pct|resid_three_pct_shot_mix,5,189,0.063,108,81,0.3911247100413145,stl_pct=3.24; resid_orb_pct_height=3.19; orb_pct=2.93; resid_drb_pct_height=1.62; drb_pct=1.47,resid_three_share_height=-1.84; three_share=-1.55; ast_tov=-1.50; three_pa_per_100_team_poss=-1.45; ast_pct=-1.36,three_pct,
role_residual_bucketed_height_025,k7__division_zscore__role_residual_bucketed_height_025__method-nnls__init-uniform__ninit-1,7,division_zscore,role_residual_bucketed_height_025,nnls,uniform,0.2972109118524465,0.019814060790163103,15,mins_per_game|eFG|three_pct|ft_pct|resid_three_pct_shot_mix,6,231,0.077,123,108,0.4336661886751903,tov_pct=3.81; resid_drb_pct_height=-0.03; blk_pct=-0.04; stl_pct=-0.10; ast_pct=-0.39,usg=-1.99; FTR=-1.74; three_pa_per_100_team_poss=-1.14; resid_three_share_height=-1.01; orb_pct=-1.01,three_pct,
role_residual_bucketed_height_025,k7__division_zscore__role_residual_bucketed_height_025__method-nnls__init-uniform__ninit-1,7,division_zscore,role_residual_bucketed_height_025,nnls,uniform,0.2972109118524465,0.019814060790163103,15,mins_per_game|eFG|three_pct|ft_pct|resid_three_pct_shot_mix,7,830,0.2766666666666666,449,381,0.4991826181844833,ast_pct=2.86; usg=2.15; stl_pct=1.06; ast_tov=1.05; FTR=0.64,height_inches=-1.42; orb_pct=-0.79; resid_three_share_height=-0.78; blk_pct=-0.64; three_share=-0.30,three_pct,
role_residual_bucketed_height_025,k8__division_zscore__role_residual_bucketed_height_025__method-nnls__init-uniform__ninit-1,8,division_zscore,role_residual_bucketed_height_025,nnls,uniform,0.2697788279717346,0.017985255198115637,15,mins_per_game|eFG|three_pct|ft_pct|resid_three_pct_shot_mix,1,134,0.0446666666666666,64,70,0.3903878264448893,stl_pct=3.26; tov_pct=3.23; FTR=3.14; ast_pct=0.84; usg=0.30,drb_pct=-1.86; height_inches=-1.48; resid_three_share_height=-1.43; resid_drb_pct_height=-1.43; orb_pct=-1.19,three_pct,
role_residual_bucketed_height_025,k8__division_zscore__role_residual_bucketed_height_025__method-nnls__init-uniform__ninit-1,8,division_zscore,role_residual_bucketed_height_025,nnls,uniform,0.2697788279717346,0.017985255198115637,15,mins_per_game|eFG|three_pct|ft_pct|resid_three_pct_shot_mix,2,170,0.0566666666666666,90,80,0.4224883320954408,FTR=3.56; orb_pct=0.94; height_inches=0.78; resid_orb_pct_height=0.41; ast_tov=0.27,usg=-2.16; stl_pct=-2.07; three_share=-1.55; three_pa_per_100_team_poss=-1.45; resid_drb_pct_height=-1.40,three_pct,
role_residual_bucketed_height_025,k8__division_zscore__role_residual_bucketed_height_025__method-nnls__init-uniform__ninit-1,8,division_zscore,role_residual_bucketed_height_025,nnls,uniform,0.2697788279717346,0.017985255198115637,15,mins_per_game|eFG|three_pct|ft_pct|resid_three_pct_shot_mix,3,569,0.1896666666666666,323,246,0.4588483687416875,ast_pct=3.02; usg=1.89; ast_tov=1.87; resid_drb_pct_height=0.58; three_pa_per_100_team_poss=0.44,height_inches=-1.75; orb_pct=-0.84; resid_three_share_height=-0.74; blk_pct=-0.54; FTR=-0.52,three_pct,
role_residual_bucketed_height_025,k8__division_zscore__role_residual_bucketed_height_025__method-nnls__init-uniform__ninit-1,8,division_zscore,role_residual_bucketed_height_025,nnls,uniform,0.2697788279717346,0.017985255198115637,15,mins_per_game|eFG|three_pct|ft_pct|resid_three_pct_shot_mix,4,223,0.0743333333333333,123,100,0.4602767656248945,blk_pct=4.05; height_inches=2.11; drb_pct=0.82; orb_pct=0.79; tov_pct=0.78,stl_pct=-1.69; three_share=-1.53; three_pa_per_100_team_poss=-1.44; ast_tov=-1.23; ast_pct=-1.17,three_pct,
role_residual_bucketed_height_025,k8__division_zscore__role_residual_bucketed_height_025__method-nnls__init-uniform__ninit-1,8,division_zscore,role_residual_bucketed_height_025,nnls,uniform,0.2697788279717346,0.017985255198115637,15,mins_per_game|eFG|three_pct|ft_pct|resid_three_pct_shot_mix,5,804,0.268,442,362,0.4542302555282581,three_pa_per_100_team_poss=2.47; resid_three_share_height=2.29; three_share=2.08; usg=0.45; height_inches=0.30,tov_pct=-1.50; ast_tov=-1.42; ast_pct=-1.39; resid_orb_pct_height=-1.35; FTR=-1.30,three_pct,
role_residual_bucketed_height_025,k8__division_zscore__role_residual_bucketed_height_025__method-nnls__init-uniform__ninit-1,8,division_zscore,role_residual_bucketed_height_025,nnls,uniform,0.2697788279717346,0.017985255198115637,15,mins_per_game|eFG|three_pct|ft_pct|resid_three_pct_shot_mix,6,294,0.098,163,131,0.4187774607148855,ast_tov=3.61; resid_three_share_height=2.24; three_share=2.22; three_pa_per_100_team_poss=1.20; stl_pct=0.82,tov_pct=-2.33; usg=-1.84; FTR=-1.82; drb_pct=-1.41; resid_drb_pct_height=-1.28,three_pct,
role_residual_bucketed_height_025,k8__division_zscore__role_residual_bucketed_height_025__method-nnls__init-uniform__ninit-1,8,division_zscore,role_residual_bucketed_height_025,nnls,uniform,0.2697788279717346,0.017985255198115637,15,mins_per_game|eFG|three_pct|ft_pct|resid_three_pct_shot_mix,7,195,0.065,91,104,0.3991863856786151,tov_pct=3.79; resid_drb_pct_height=0.41; resid_orb_pct_height=0.23; stl_pct=0.02; ast_tov=-0.08,usg=-2.02; FTR=-1.89; resid_three_share_height=-1.58; three_pa_per_100_team_poss=-1.35; three_share=-1.31,three_pct,
role_residual_bucketed_height_025,k8__division_zscore__role_residual_bucketed_height_025__method-nnls__init-uniform__ninit-1,8,division_zscore,role_residual_bucketed_height_025,nnls,uniform,0.2697788279717346,0.017985255198115637,15,mins_per_game|eFG|three_pct|ft_pct|resid_three_pct_shot_mix,8,611,0.2036666666666666,332,279,0.4477858364976605,resid_orb_pct_height=2.83; orb_pct=2.63; resid_drb_pct_height=2.42; drb_pct=2.28; usg=1.51,resid_three_share_height=-1.48; three_share=-1.34; three_pa_per_100_team_poss=-1.16; ast_tov=-1.06; ast_pct=-0.46,three_pct,
quality_lite_residual_bucketed_height_025,k6__division_zscore__quality_lite_residual_bucketed_height_025__method-nnls__init-uniform__ninit-1,6,division_zscore,quality_lite_residual_bucketed_height_025,nnls,uniform,0.3952244837335131,0.020801288617553322,19,mins_per_game,1,399,0.133,211,188,0.4730662913059493,ast_tov=3.56; three_share=1.62; resid_three_share_height=1.51; three_pa_per_100_team_poss=1.03; stl_pct=0.47,tov_pct=-1.64; height_inches=-1.46; usg=-1.45; FTR=-1.36; drb_pct=-1.35,resid_three_pct_shot_mix,0.1455659943515078
quality_lite_residual_bucketed_height_025,k6__division_zscore__quality_lite_residual_bucketed_height_025__method-nnls__init-uniform__ninit-1,6,division_zscore,quality_lite_residual_bucketed_height_025,nnls,uniform,0.3952244837335131,0.020801288617553322,19,mins_per_game,2,349,0.1163333333333333,185,164,0.4915999885620037,FTR=3.52; height_inches=0.74; orb_pct=0.73; tov_pct=0.57; eFG=0.38,three_pct=-1.55; usg=-1.49; three_share=-1.42; three_pa_per_100_team_poss=-1.38; ast_pct=-1.15,resid_three_pct_shot_mix,-0.0983362504485426
quality_lite_residual_bucketed_height_025,k6__division_zscore__quality_lite_residual_bucketed_height_025__method-nnls__init-uniform__ninit-1,6,division_zscore,quality_lite_residual_bucketed_height_025,nnls,uniform,0.3952244837335131,0.020801288617553322,19,mins_per_game,3,824,0.2746666666666666,453,371,0.501900181028704,ast_pct=2.61; usg=2.14; stl_pct=1.65; resid_drb_pct_height=0.95; ft_pct=0.80,height_inches=-1.45; resid_three_share_height=-0.95; blk_pct=-0.66; orb_pct=-0.64; three_share=-0.46,resid_three_pct_shot_mix,0.1108228912329283
quality_lite_residual_bucketed_height_025,k6__division_zscore__quality_lite_residual_bucketed_height_025__method-nnls__init-uniform__ninit-1,6,division_zscore,quality_lite_residual_bucketed_height_025,nnls,uniform,0.3952244837335131,0.020801288617553322,19,mins_per_game,4,214,0.0713333333333333,108,106,0.4403929689473806,tov_pct=3.78; stl_pct=-0.09; blk_pct=-0.10; resid_drb_pct_height=-0.31; height_inches=-0.51,ft_pct=-2.94; eFG=-2.22; usg=-2.02; three_pct=-1.59; FTR=-1.50,resid_three_pct_shot_mix,-0.5737311481506536
quality_lite_residual_bucketed_height_025,k6__division_zscore__quality_lite_residual_bucketed_height_025__method-nnls__init-uniform__ninit-1,6,division_zscore,quality_lite_residual_bucketed_height_025,nnls,uniform,0.3952244837335131,0.020801288617553322,19,mins_per_game,5,771,0.257,420,351,0.4648561235650095,three_pa_per_100_team_poss=2.48; resid_three_share_height=2.41; three_share=1.94; height_inches=0.96; three_pct=0.80,resid_orb_pct_height=-1.61; tov_pct=-1.53; ast_tov=-1.44; ast_pct=-1.41; resid_drb_pct_height=-1.09,resid_three_pct_shot_mix,0.4226881309713047
quality_lite_residual_bucketed_height_025,k6__division_zscore__quality_lite_residual_bucketed_height_025__method-nnls__init-uniform__ninit-1,6,division_zscore,quality_lite_residual_bucketed_height_025,nnls,uniform,0.3952244837335131,0.020801288617553322,19,mins_per_game,6,443,0.1476666666666666,251,192,0.4697382230780533,blk_pct=3.32; drb_pct=2.71; orb_pct=2.71; resid_orb_pct_height=2.61; resid_drb_pct_height=2.56,three_pct=-1.96; three_share=-1.56; three_pa_per_100_team_poss=-1.45; ast_tov=-1.06; resid_three_share_height=-1.05,resid_three_pct_shot_mix,-0.1755313757318905
quality_lite_residual_bucketed_height_025,k7__division_zscore__quality_lite_residual_bucketed_height_025__method-nnls__init-aa_plus_plus__ninit-1,7,division_zscore,quality_lite_residual_bucketed_height_025,nnls,aa_plus_plus,0.3669273483464054,0.01931196570244239,19,mins_per_game,1,536,0.1786666666666666,297,239,0.4669809303706854,ast_pct=3.00; usg=2.13; ast_tov=1.24; ft_pct=0.74; resid_drb_pct_height=0.70,height_inches=-1.26; resid_three_share_height=-1.01; orb_pct=-0.79; blk_pct=-0.61; three_share=-0.53,resid_three_pct_shot_mix,0.2728993196180869
quality_lite_residual_bucketed_height_025,k7__division_zscore__quality_lite_residual_bucketed_height_025__method-nnls__init-aa_plus_plus__ninit-1,7,division_zscore,quality_lite_residual_bucketed_height_025,nnls,aa_plus_plus,0.3669273483464054,0.01931196570244239,19,mins_per_game,2,435,0.145,244,191,0.4642208016602736,blk_pct=3.31; drb_pct=2.72; orb_pct=2.72; resid_orb_pct_height=2.65; resid_drb_pct_height=2.57,three_pct=-1.96; three_share=-1.56; three_pa_per_100_team_poss=-1.45; resid_three_share_height=-1.06; ast_tov=-1.05,resid_three_pct_shot_mix,-0.1708675959273034
quality_lite_residual_bucketed_height_025,k7__division_zscore__quality_lite_residual_bucketed_height_025__method-nnls__init-aa_plus_plus__ninit-1,7,division_zscore,quality_lite_residual_bucketed_height_025,nnls,aa_plus_plus,0.3669273483464054,0.01931196570244239,19,mins_per_game,3,777,0.259,425,352,0.4511478122644251,three_pa_per_100_team_poss=2.47; resid_three_share_height=2.41; three_share=1.93; height_inches=0.96; three_pct=0.84,resid_orb_pct_height=-1.63; tov_pct=-1.54; ast_tov=-1.41; ast_pct=-1.39; resid_drb_pct_height=-1.08,resid_three_pct_shot_mix,0.4906910483135797
quality_lite_residual_bucketed_height_025,k7__division_zscore__quality_lite_residual_bucketed_height_025__method-nnls__init-aa_plus_plus__ninit-1,7,division_zscore,quality_lite_residual_bucketed_height_025,nnls,aa_plus_plus,0.3669273483464054,0.01931196570244239,19,mins_per_game,4,315,0.105,172,143,0.4563268562320033,ast_tov=3.59; three_share=2.12; resid_three_share_height=2.01; three_pa_per_100_team_poss=1.47; stl_pct=0.51,tov_pct=-1.78; FTR=-1.55; height_inches=-1.48; drb_pct=-1.47; usg=-1.42,resid_three_pct_shot_mix,-0.0595332793326267
quality_lite_residual_bucketed_height_025,k7__division_zscore__quality_lite_residual_bucketed_height_025__method-nnls__init-aa_plus_plus__ninit-1,7,division_zscore,quality_lite_residual_bucketed_height_025,nnls,aa_plus_plus,0.3669273483464054,0.01931196570244239,19,mins_per_game,5,345,0.115,185,160,0.4675216531814609,FTR=3.54; height_inches=0.93; orb_pct=0.81; eFG=0.65; tov_pct=0.58,usg=-1.76; three_pct=-1.75; three_share=-1.46; three_pa_per_100_team_poss=-1.41; stl_pct=-1.27,resid_three_pct_shot_mix,0.0084877855750659
quality_lite_residual_bucketed_height_025,k7__division_zscore__quality_lite_residual_bucketed_height_025__method-nnls__init-aa_plus_plus__ninit-1,7,division_zscore,quality_lite_residual_bucketed_height_025,nnls,aa_plus_plus,0.3669273483464054,0.01931196570244239,19,mins_per_game,6,368,0.1226666666666666,197,171,0.4440114333411888,stl_pct=3.41; usg=1.20; ast_pct=1.09; FTR=0.69; tov_pct=0.53,height_inches=-1.54; resid_three_share_height=-0.74; eFG=-0.65; blk_pct=-0.63; orb_pct=-0.53,resid_three_pct_shot_mix,-0.2246545216741273
quality_lite_residual_bucketed_height_025,k7__division_zscore__quality_lite_residual_bucketed_height_025__method-nnls__init-aa_plus_plus__ninit-1,7,division_zscore,quality_lite_residual_bucketed_height_025,nnls,aa_plus_plus,0.3669273483464054,0.01931196570244239,19,mins_per_game,7,224,0.0746666666666666,108,116,0.4184669485370267,tov_pct=3.77; blk_pct=0.04; stl_pct=-0.11; resid_drb_pct_height=-0.27; height_inches=-0.50,ft_pct=-3.05; eFG=-2.31; usg=-2.00; FTR=-1.64; three_pct=-1.64,resid_three_pct_shot_mix,-0.5371393476808004
quality_lite_residual_bucketed_height_025,k8__division_zscore__quality_lite_residual_bucketed_height_025__method-nnls__init-furthest_first__ninit-1,8,division_zscore,quality_lite_residual_bucketed_height_025,nnls,furthest_first,0.3408819073483981,0.017941153018336743,19,mins_per_game,1,392,0.1306666666666666,214,178,0.430214890356741,resid_orb_pct_height=3.08; resid_drb_pct_height=2.88; orb_pct=2.86; drb_pct=2.71; usg=1.72,three_share=-1.46; resid_three_share_height=-1.43; three_pa_per_100_team_poss=-1.35; stl_pct=-0.91; ast_tov=-0.76,resid_three_pct_shot_mix,0.7418528723822143
quality_lite_residual_bucketed_height_025,k8__division_zscore__quality_lite_residual_bucketed_height_025__method-nnls__init-furthest_first__ninit-1,8,division_zscore,quality_lite_residual_bucketed_height_025,nnls,furthest_first,0.3408819073483981,0.017941153018336743,19,mins_per_game,2,393,0.131,204,189,0.4582960753920876,ast_tov=3.56; three_share=1.65; resid_three_share_height=1.52; three_pa_per_100_team_poss=1.10; three_pct=0.45,tov_pct=-1.73; usg=-1.42; FTR=-1.38; height_inches=-1.33; drb_pct=-1.25,resid_three_pct_shot_mix,0.154762849466227
quality_lite_residual_bucketed_height_025,k8__division_zscore__quality_lite_residual_bucketed_height_025__method-nnls__init-furthest_first__ninit-1,8,division_zscore,quality_lite_residual_bucketed_height_025,nnls,furthest_first,0.3408819073483981,0.017941153018336743,19,mins_per_game,3,202,0.0673333333333333,109,93,0.4227786322277308,FTR=3.56; resid_orb_pct_height=0.59; orb_pct=0.32; stl_pct=0.24; height_inches=-0.27,three_pct=-1.93; resid_three_pct_shot_mix=-1.50; ast_pct=-1.36; resid_three_share_height=-1.28; three_pa_per_100_team_poss=-1.27,resid_three_pct_shot_mix,-1.4959803474155893
quality_lite_residual_bucketed_height_025,k8__division_zscore__quality_lite_residual_bucketed_height_025__method-nnls__init-furthest_first__ninit-1,8,division_zscore,quality_lite_residual_bucketed_height_025,nnls,furthest_first,0.3408819073483981,0.017941153018336743,19,mins_per_game,4,61,0.0203333333333333,28,33,0.3938075635801744,tov_pct=3.57; FTR=3.10; eFG=2.21; resid_three_pct_shot_mix=1.83; three_pct=1.57,usg=-1.55; orb_pct=-1.41; stl_pct=-1.29; three_pa_per_100_team_poss=-1.09; resid_orb_pct_height=-1.00,resid_three_pct_shot_mix,1.8344828218630431
quality_lite_residual_bucketed_height_025,k8__division_zscore__quality_lite_residual_bucketed_height_025__method-nnls__init-furthest_first__ninit-1,8,division_zscore,quality_lite_residual_bucketed_height_025,nnls,furthest_first,0.3408819073483981,0.017941153018336743,19,mins_per_game,5,150,0.05,78,72,0.4010188074941261,tov_pct=3.89; resid_drb_pct_height=0.30; stl_pct=0.27; resid_orb_pct_height=0.09; drb_pct=-0.18,ft_pct=-3.73; eFG=-2.96; usg=-2.05; three_pct=-2.05; FTR=-1.93,resid_three_pct_shot_mix,-0.6035880332387493
quality_lite_residual_bucketed_height_025,k8__division_zscore__quality_lite_residual_bucketed_height_025__method-nnls__init-furthest_first__ninit-1,8,division_zscore,quality_lite_residual_bucketed_height_025,nnls,furthest_first,0.3408819073483981,0.017941153018336743,19,mins_per_game,6,829,0.2763333333333333,453,376,0.4567297808320393,three_pa_per_100_team_poss=2.47; resid_three_share_height=2.44; three_share=1.96; height_inches=0.97; three_pct=0.73,resid_orb_pct_height=-1.64; tov_pct=-1.52; ast_tov=-1.44; ast_pct=-1.43; FTR=-1.15,resid_three_pct_shot_mix,0.328486398645834
quality_lite_residual_bucketed_height_025,k8__division_zscore__quality_lite_residual_bucketed_height_025__method-nnls__init-furthest_first__ninit-1,8,division_zscore,quality_lite_residual_bucketed_height_025,nnls,furthest_first,0.3408819073483981,0.017941153018336743,19,mins_per_game,7,709,0.2363333333333333,387,322,0.4853920522464342,ast_pct=2.56; usg=2.17; stl_pct=1.94; ft_pct=1.04; ast_tov=0.54,height_inches=-1.61; orb_pct=-0.91; resid_three_share_height=-0.61; drb_pct=-0.52; blk_pct=-0.48,resid_three_pct_shot_mix,0.0260753032220802
quality_lite_residual_bucketed_height_025,k8__division_zscore__quality_lite_residual_bucketed_height_025__method-nnls__init-furthest_first__ninit-1,8,division_zscore,quality_lite_residual_bucketed_height_025,nnls,furthest_first,0.3408819073483981,0.017941153018336743,19,mins_per_game,8,264,0.088,155,109,0.4717613331662954,blk_pct=4.02; height_inches=2.15; eFG=1.82; orb_pct=1.00; drb_pct=0.70,three_pct=-1.70; three_share=-1.54; three_pa_per_100_team_poss=-1.43; ast_tov=-1.09; stl_pct=-1.06,resid_three_pct_shot_mix,-0.2566510180240947
role_residual_bucketed_height_025,k6__division_zscore__role_residual_bucketed_height_025__method-nnls__init-furthest_sum__ninit-1,6,division_zscore,role_residual_bucketed_height_025,nnls,furthest_sum,0.3311750335975552,0.022078335573170346,15,mins_per_game|eFG|three_pct|ft_pct|resid_three_pct_shot_mix,1,375,0.125,201,174,0.4812507680037219,FTR=3.55; height_inches=0.75; orb_pct=0.69; tov_pct=0.39; resid_orb_pct_height=0.13,usg=-1.50; three_share=-1.43; three_pa_per_100_team_poss=-1.40; ast_pct=-1.27; resid_three_share_height=-1.09,resid_three_pct_shot_mix,
role_residual_bucketed_height_025,k6__division_zscore__role_residual_bucketed_height_025__method-nnls__init-furthest_sum__ninit-1,6,division_zscore,role_residual_bucketed_height_025,nnls,furthest_sum,0.3311750335975552,0.022078335573170346,15,mins_per_game|eFG|three_pct|ft_pct|resid_three_pct_shot_mix,2,225,0.075,121,104,0.4375352831311541,tov_pct=3.86; stl_pct=-0.00; blk_pct=-0.00; resid_drb_pct_height=-0.10; ast_tov=-0.50,usg=-2.03; FTR=-1.80; resid_three_share_height=-1.29; three_pa_per_100_team_poss=-1.26; three_share=-1.06,resid_three_pct_shot_mix,
role_residual_bucketed_height_025,k6__division_zscore__role_residual_bucketed_height_025__method-nnls__init-furthest_sum__ninit-1,6,division_zscore,role_residual_bucketed_height_025,nnls,furthest_sum,0.3311750335975552,0.022078335573170346,15,mins_per_game|eFG|three_pct|ft_pct|resid_three_pct_shot_mix,3,848,0.2826666666666667,463,385,0.5082987127011802,ast_pct=2.64; usg=2.06; stl_pct=1.72; resid_drb_pct_height=0.77; FTR=0.65,height_inches=-1.42; resid_three_share_height=-0.92; blk_pct=-0.65; orb_pct=-0.63; three_share=-0.43,resid_three_pct_shot_mix,
role_residual_bucketed_height_025,k6__division_zscore__role_residual_bucketed_height_025__method-nnls__init-furthest_sum__ninit-1,6,division_zscore,role_residual_bucketed_height_025,nnls,furthest_sum,0.3311750335975552,0.022078335573170346,15,mins_per_game|eFG|three_pct|ft_pct|resid_three_pct_shot_mix,4,715,0.2383333333333333,387,328,0.4666907608784416,three_pa_per_100_team_poss=2.47; resid_three_share_height=2.35; three_share=2.08; height_inches=0.50; usg=0.30,tov_pct=-1.64; resid_orb_pct_height=-1.46; FTR=-1.45; ast_tov=-1.44; ast_pct=-1.44,resid_three_pct_shot_mix,
role_residual_bucketed_height_025,k6__division_zscore__role_residual_bucketed_height_025__method-nnls__init-furthest_sum__ninit-1,6,division_zscore,role_residual_bucketed_height_025,nnls,furthest_sum,0.3311750335975552,0.022078335573170346,15,mins_per_game|eFG|three_pct|ft_pct|resid_three_pct_shot_mix,5,487,0.1623333333333333,272,215,0.4713862282635157,blk_pct=3.21; drb_pct=2.72; orb_pct=2.64; resid_drb_pct_height=2.56; resid_orb_pct_height=2.44,three_share=-1.56; three_pa_per_100_team_poss=-1.45; ast_tov=-1.10; resid_three_share_height=-1.02; ast_pct=-0.89,resid_three_pct_shot_mix,
role_residual_bucketed_height_025,k6__division_zscore__role_residual_bucketed_height_025__method-nnls__init-furthest_sum__ninit-1,6,division_zscore,role_residual_bucketed_height_025,nnls,furthest_sum,0.3311750335975552,0.022078335573170346,15,mins_per_game|eFG|three_pct|ft_pct|resid_three_pct_shot_mix,6,350,0.1166666666666666,184,166,0.4634353619737837,ast_tov=3.56; three_share=1.99; resid_three_share_height=1.87; three_pa_per_100_team_poss=0.73; ast_pct=0.15,tov_pct=-1.80; usg=-1.76; FTR=-1.50; drb_pct=-1.20; orb_pct=-1.04,resid_three_pct_shot_mix,
role_residual_bucketed_height_025,k7__division_zscore__role_residual_bucketed_height_025__method-nnls__init-uniform__ninit-1,7,division_zscore,role_residual_bucketed_height_025,nnls,uniform,0.2972109118524465,0.019814060790163103,15,mins_per_game|eFG|three_pct|ft_pct|resid_three_pct_shot_mix,1,271,0.0903333333333333,145,126,0.4606935430400947,FTR=3.51; height_inches=0.70; tov_pct=0.55; orb_pct=0.47; resid_orb_pct_height=-0.14,usg=-1.83; resid_drb_pct_height=-1.54; stl_pct=-1.50; three_pa_per_100_team_poss=-1.32; ast_pct=-1.27,resid_three_pct_shot_mix,
role_residual_bucketed_height_025,k7__division_zscore__role_residual_bucketed_height_025__method-nnls__init-uniform__ninit-1,7,division_zscore,role_residual_bucketed_height_025,nnls,uniform,0.2972109118524465,0.019814060790163103,15,mins_per_game|eFG|three_pct|ft_pct|resid_three_pct_shot_mix,2,714,0.238,381,333,0.4560898845402303,three_pa_per_100_team_poss=2.47; resid_three_share_height=2.32; three_share=2.11; height_inches=0.39; usg=0.32,tov_pct=-1.68; FTR=-1.52; ast_tov=-1.45; ast_pct=-1.42; resid_orb_pct_height=-1.36,resid_three_pct_shot_mix,
role_residual_bucketed_height_025,k7__division_zscore__role_residual_bucketed_height_025__method-nnls__init-uniform__ninit-1,7,division_zscore,role_residual_bucketed_height_025,nnls,uniform,0.2972109118524465,0.019814060790163103,15,mins_per_game|eFG|three_pct|ft_pct|resid_three_pct_shot_mix,3,481,0.1603333333333333,273,208,0.4728745837975009,blk_pct=3.28; height_inches=2.18; drb_pct=2.16; orb_pct=1.93; resid_drb_pct_height=1.75,three_share=-1.57; three_pa_per_100_team_poss=-1.46; stl_pct=-1.40; resid_three_share_height=-1.01; ast_tov=-1.01,resid_three_pct_shot_mix,
role_residual_bucketed_height_025,k7__division_zscore__role_residual_bucketed_height_025__method-nnls__init-uniform__ninit-1,7,division_zscore,role_residual_bucketed_height_025,nnls,uniform,0.2972109118524465,0.019814060790163103,15,mins_per_game|eFG|three_pct|ft_pct|resid_three_pct_shot_mix,4,284,0.0946666666666666,149,135,0.4498244958154683,ast_tov=3.61; three_share=2.20; resid_three_share_height=2.14; three_pa_per_100_team_poss=0.77; stl_pct=0.34,usg=-1.96; tov_pct=-1.92; FTR=-1.82; drb_pct=-1.20; orb_pct=-1.04,resid_three_pct_shot_mix,
role_residual_bucketed_height_025,k7__division_zscore__role_residual_bucketed_height_025__method-nnls__init-uniform__ninit-1,7,division_zscore,role_residual_bucketed_height_025,nnls,uniform,0.2972109118524465,0.019814060790163103,15,mins_per_game|eFG|three_pct|ft_pct|resid_three_pct_shot_mix,5,189,0.063,108,81,0.3911247100413145,stl_pct=3.24; resid_orb_pct_height=3.19; orb_pct=2.93; resid_drb_pct_height=1.62; drb_pct=1.47,resid_three_share_height=-1.84; three_share=-1.55; ast_tov=-1.50; three_pa_per_100_team_poss=-1.45; ast_pct=-1.36,resid_three_pct_shot_mix,
role_residual_bucketed_height_025,k7__division_zscore__role_residual_bucketed_height_025__method-nnls__init-uniform__ninit-1,7,division_zscore,role_residual_bucketed_height_025,nnls,uniform,0.2972109118524465,0.019814060790163103,15,mins_per_game|eFG|three_pct|ft_pct|resid_three_pct_shot_mix,6,231,0.077,123,108,0.4336661886751903,tov_pct=3.81; resid_drb_pct_height=-0.03; blk_pct=-0.04; stl_pct=-0.10; ast_pct=-0.39,usg=-1.99; FTR=-1.74; three_pa_per_100_team_poss=-1.14; resid_three_share_height=-1.01; orb_pct=-1.01,resid_three_pct_shot_mix,
role_residual_bucketed_height_025,k7__division_zscore__role_residual_bucketed_height_025__method-nnls__init-uniform__ninit-1,7,division_zscore,role_residual_bucketed_height_025,nnls,uniform,0.2972109118524465,0.019814060790163103,15,mins_per_game|eFG|three_pct|ft_pct|resid_three_pct_shot_mix,7,830,0.2766666666666666,449,381,0.4991826181844833,ast_pct=2.86; usg=2.15; stl_pct=1.06; ast_tov=1.05; FTR=0.64,height_inches=-1.42; orb_pct=-0.79; resid_three_share_height=-0.78; blk_pct=-0.64; three_share=-0.30,resid_three_pct_shot_mix,
role_residual_bucketed_height_025,k8__division_zscore__role_residual_bucketed_height_025__method-nnls__init-uniform__ninit-1,8,division_zscore,role_residual_bucketed_height_025,nnls,uniform,0.2697788279717346,0.017985255198115637,15,mins_per_game|eFG|three_pct|ft_pct|resid_three_pct_shot_mix,1,134,0.0446666666666666,64,70,0.3903878264448893,stl_pct=3.26; tov_pct=3.23; FTR=3.14; ast_pct=0.84; usg=0.30,drb_pct=-1.86; height_inches=-1.48; resid_three_share_height=-1.43; resid_drb_pct_height=-1.43; orb_pct=-1.19,resid_three_pct_shot_mix,
role_residual_bucketed_height_025,k8__division_zscore__role_residual_bucketed_height_025__method-nnls__init-uniform__ninit-1,8,division_zscore,role_residual_bucketed_height_025,nnls,uniform,0.2697788279717346,0.017985255198115637,15,mins_per_game|eFG|three_pct|ft_pct|resid_three_pct_shot_mix,2,170,0.0566666666666666,90,80,0.4224883320954408,FTR=3.56; orb_pct=0.94; height_inches=0.78; resid_orb_pct_height=0.41; ast_tov=0.27,usg=-2.16; stl_pct=-2.07; three_share=-1.55; three_pa_per_100_team_poss=-1.45; resid_drb_pct_height=-1.40,resid_three_pct_shot_mix,
role_residual_bucketed_height_025,k8__division_zscore__role_residual_bucketed_height_025__method-nnls__init-uniform__ninit-1,8,division_zscore,role_residual_bucketed_height_025,nnls,uniform,0.2697788279717346,0.017985255198115637,15,mins_per_game|eFG|three_pct|ft_pct|resid_three_pct_shot_mix,3,569,0.1896666666666666,323,246,0.4588483687416875,ast_pct=3.02; usg=1.89; ast_tov=1.87; resid_drb_pct_height=0.58; three_pa_per_100_team_poss=0.44,height_inches=-1.75; orb_pct=-0.84; resid_three_share_height=-0.74; blk_pct=-0.54; FTR=-0.52,resid_three_pct_shot_mix,
role_residual_bucketed_height_025,k8__division_zscore__role_residual_bucketed_height_025__method-nnls__init-uniform__ninit-1,8,division_zscore,role_residual_bucketed_height_025,nnls,uniform,0.2697788279717346,0.017985255198115637,15,mins_per_game|eFG|three_pct|ft_pct|resid_three_pct_shot_mix,4,223,0.0743333333333333,123,100,0.4602767656248945,blk_pct=4.05; height_inches=2.11; drb_pct=0.82; orb_pct=0.79; tov_pct=0.78,stl_pct=-1.69; three_share=-1.53; three_pa_per_100_team_poss=-1.44; ast_tov=-1.23; ast_pct=-1.17,resid_three_pct_shot_mix,
role_residual_bucketed_height_025,k8__division_zscore__role_residual_bucketed_height_025__method-nnls__init-uniform__ninit-1,8,division_zscore,role_residual_bucketed_height_025,nnls,uniform,0.2697788279717346,0.017985255198115637,15,mins_per_game|eFG|three_pct|ft_pct|resid_three_pct_shot_mix,5,804,0.268,442,362,0.4542302555282581,three_pa_per_100_team_poss=2.47; resid_three_share_height=2.29; three_share=2.08; usg=0.45; height_inches=0.30,tov_pct=-1.50; ast_tov=-1.42; ast_pct=-1.39; resid_orb_pct_height=-1.35; FTR=-1.30,resid_three_pct_shot_mix,
role_residual_bucketed_height_025,k8__division_zscore__role_residual_bucketed_height_025__method-nnls__init-uniform__ninit-1,8,division_zscore,role_residual_bucketed_height_025,nnls,uniform,0.2697788279717346,0.017985255198115637,15,mins_per_game|eFG|three_pct|ft_pct|resid_three_pct_shot_mix,6,294,0.098,163,131,0.4187774607148855,ast_tov=3.61; resid_three_share_height=2.24; three_share=2.22; three_pa_per_100_team_poss=1.20; stl_pct=0.82,tov_pct=-2.33; usg=-1.84; FTR=-1.82; drb_pct=-1.41; resid_drb_pct_height=-1.28,resid_three_pct_shot_mix,
role_residual_bucketed_height_025,k8__division_zscore__role_residual_bucketed_height_025__method-nnls__init-uniform__ninit-1,8,division_zscore,role_residual_bucketed_height_025,nnls,uniform,0.2697788279717346,0.017985255198115637,15,mins_per_game|eFG|three_pct|ft_pct|resid_three_pct_shot_mix,7,195,0.065,91,104,0.3991863856786151,tov_pct=3.79; resid_drb_pct_height=0.41; resid_orb_pct_height=0.23; stl_pct=0.02; ast_tov=-0.08,usg=-2.02; FTR=-1.89; resid_three_share_height=-1.58; three_pa_per_100_team_poss=-1.35; three_share=-1.31,resid_three_pct_shot_mix,
role_residual_bucketed_height_025,k8__division_zscore__role_residual_bucketed_height_025__method-nnls__init-uniform__ninit-1,8,division_zscore,role_residual_bucketed_height_025,nnls,uniform,0.2697788279717346,0.017985255198115637,15,mins_per_game|eFG|three_pct|ft_pct|resid_three_pct_shot_mix,8,611,0.2036666666666666,332,279,0.4477858364976605,resid_orb_pct_height=2.83; orb_pct=2.63; resid_drb_pct_height=2.42; drb_pct=2.28; usg=1.51,resid_three_share_height=-1.48; three_share=-1.34; three_pa_per_100_team_poss=-1.16; ast_tov=-1.06; ast_pct=-0.46,resid_three_pct_shot_mix,
quality_lite_residual_bucketed_height_025,k6__division_zscore__quality_lite_residual_bucketed_height_025__method-nnls__init-uniform__ninit-1,6,division_zscore,quality_lite_residual_bucketed_height_025,nnls,uniform,0.3952244837335131,0.020801288617553322,19,mins_per_game,1,399,0.133,211,188,0.4730662913059493,ast_tov=3.56; three_share=1.62; resid_three_share_height=1.51; three_pa_per_100_team_poss=1.03; stl_pct=0.47,tov_pct=-1.64; height_inches=-1.46; usg=-1.45; FTR=-1.36; drb_pct=-1.35,ft_pct,-0.1390758923597988
quality_lite_residual_bucketed_height_025,k6__division_zscore__quality_lite_residual_bucketed_height_025__method-nnls__init-uniform__ninit-1,6,division_zscore,quality_lite_residual_bucketed_height_025,nnls,uniform,0.3952244837335131,0.020801288617553322,19,mins_per_game,2,349,0.1163333333333333,185,164,0.4915999885620037,FTR=3.52; height_inches=0.74; orb_pct=0.73; tov_pct=0.57; eFG=0.38,three_pct=-1.55; usg=-1.49; three_share=-1.42; three_pa_per_100_team_poss=-1.38; ast_pct=-1.15,ft_pct,-0.9604568325437812
quality_lite_residual_bucketed_height_025,k6__division_zscore__quality_lite_residual_bucketed_height_025__method-nnls__init-uniform__ninit-1,6,division_zscore,quality_lite_residual_bucketed_height_025,nnls,uniform,0.3952244837335131,0.020801288617553322,19,mins_per_game,3,824,0.2746666666666666,453,371,0.501900181028704,ast_pct=2.61; usg=2.14; stl_pct=1.65; resid_drb_pct_height=0.95; ft_pct=0.80,height_inches=-1.45; resid_three_share_height=-0.95; blk_pct=-0.66; orb_pct=-0.64; three_share=-0.46,ft_pct,0.7991224707298703
quality_lite_residual_bucketed_height_025,k6__division_zscore__quality_lite_residual_bucketed_height_025__method-nnls__init-uniform__ninit-1,6,division_zscore,quality_lite_residual_bucketed_height_025,nnls,uniform,0.3952244837335131,0.020801288617553322,19,mins_per_game,4,214,0.0713333333333333,108,106,0.4403929689473806,tov_pct=3.78; stl_pct=-0.09; blk_pct=-0.10; resid_drb_pct_height=-0.31; height_inches=-0.51,ft_pct=-2.94; eFG=-2.22; usg=-2.02; three_pct=-1.59; FTR=-1.50,ft_pct,-2.9397290404326055
quality_lite_residual_bucketed_height_025,k6__division_zscore__quality_lite_residual_bucketed_height_025__method-nnls__init-uniform__ninit-1,6,division_zscore,quality_lite_residual_bucketed_height_025,nnls,uniform,0.3952244837335131,0.020801288617553322,19,mins_per_game,5,771,0.257,420,351,0.4648561235650095,three_pa_per_100_team_poss=2.48; resid_three_share_height=2.41; three_share=1.94; height_inches=0.96; three_pct=0.80,resid_orb_pct_height=-1.61; tov_pct=-1.53; ast_tov=-1.44; ast_pct=-1.41; resid_drb_pct_height=-1.09,ft_pct,0.6721698111648767
quality_lite_residual_bucketed_height_025,k6__division_zscore__quality_lite_residual_bucketed_height_025__method-nnls__init-uniform__ninit-1,6,division_zscore,quality_lite_residual_bucketed_height_025,nnls,uniform,0.3952244837335131,0.020801288617553322,19,mins_per_game,6,443,0.1476666666666666,251,192,0.4697382230780533,blk_pct=3.32; drb_pct=2.71; orb_pct=2.71; resid_orb_pct_height=2.61; resid_drb_pct_height=2.56,three_pct=-1.96; three_share=-1.56; three_pa_per_100_team_poss=-1.45; ast_tov=-1.06; resid_three_share_height=-1.05,ft_pct,-0.3972572798830145
quality_lite_residual_bucketed_height_025,k7__division_zscore__quality_lite_residual_bucketed_height_025__method-nnls__init-aa_plus_plus__ninit-1,7,division_zscore,quality_lite_residual_bucketed_height_025,nnls,aa_plus_plus,0.3669273483464054,0.01931196570244239,19,mins_per_game,1,536,0.1786666666666666,297,239,0.4669809303706854,ast_pct=3.00; usg=2.13; ast_tov=1.24; ft_pct=0.74; resid_drb_pct_height=0.70,height_inches=-1.26; resid_three_share_height=-1.01; orb_pct=-0.79; blk_pct=-0.61; three_share=-0.53,ft_pct,0.7414567451009381
quality_lite_residual_bucketed_height_025,k7__division_zscore__quality_lite_residual_bucketed_height_025__method-nnls__init-aa_plus_plus__ninit-1,7,division_zscore,quality_lite_residual_bucketed_height_025,nnls,aa_plus_plus,0.3669273483464054,0.01931196570244239,19,mins_per_game,2,435,0.145,244,191,0.4642208016602736,blk_pct=3.31; drb_pct=2.72; orb_pct=2.72; resid_orb_pct_height=2.65; resid_drb_pct_height=2.57,three_pct=-1.96; three_share=-1.56; three_pa_per_100_team_poss=-1.45; resid_three_share_height=-1.06; ast_tov=-1.05,ft_pct,-0.3896030229174843
quality_lite_residual_bucketed_height_025,k7__division_zscore__quality_lite_residual_bucketed_height_025__method-nnls__init-aa_plus_plus__ninit-1,7,division_zscore,quality_lite_residual_bucketed_height_025,nnls,aa_plus_plus,0.3669273483464054,0.01931196570244239,19,mins_per_game,3,777,0.259,425,352,0.4511478122644251,three_pa_per_100_team_poss=2.47; resid_three_share_height=2.41; three_share=1.93; height_inches=0.96; three_pct=0.84,resid_orb_pct_height=-1.63; tov_pct=-1.54; ast_tov=-1.41; ast_pct=-1.39; resid_drb_pct_height=-1.08,ft_pct,0.8155060036625489
quality_lite_residual_bucketed_height_025,k7__division_zscore__quality_lite_residual_bucketed_height_025__method-nnls__init-aa_plus_plus__ninit-1,7,division_zscore,quality_lite_residual_bucketed_height_025,nnls,aa_plus_plus,0.3669273483464054,0.01931196570244239,19,mins_per_game,4,315,0.105,172,143,0.4563268562320033,ast_tov=3.59; three_share=2.12; resid_three_share_height=2.01; three_pa_per_100_team_poss=1.47; stl_pct=0.51,tov_pct=-1.78; FTR=-1.55; height_inches=-1.48; drb_pct=-1.47; usg=-1.42,ft_pct,-0.6150471475264351
quality_lite_residual_bucketed_height_025,k7__division_zscore__quality_lite_residual_bucketed_height_025__method-nnls__init-aa_plus_plus__ninit-1,7,division_zscore,quality_lite_residual_bucketed_height_025,nnls,aa_plus_plus,0.3669273483464054,0.01931196570244239,19,mins_per_game,5,345,0.115,185,160,0.4675216531814609,FTR=3.54; height_inches=0.93; orb_pct=0.81; eFG=0.65; tov_pct=0.58,usg=-1.76; three_pct=-1.75; three_share=-1.46; three_pa_per_100_team_poss=-1.41; stl_pct=-1.27,ft_pct,-0.9774687256306904
quality_lite_residual_bucketed_height_025,k7__division_zscore__quality_lite_residual_bucketed_height_025__method-nnls__init-aa_plus_plus__ninit-1,7,division_zscore,quality_lite_residual_bucketed_height_025,nnls,aa_plus_plus,0.3669273483464054,0.01931196570244239,19,mins_per_game,6,368,0.1226666666666666,197,171,0.4440114333411888,stl_pct=3.41; usg=1.20; ast_pct=1.09; FTR=0.69; tov_pct=0.53,height_inches=-1.54; resid_three_share_height=-0.74; eFG=-0.65; blk_pct=-0.63; orb_pct=-0.53,ft_pct,0.0156385817743396
quality_lite_residual_bucketed_height_025,k7__division_zscore__quality_lite_residual_bucketed_height_025__method-nnls__init-aa_plus_plus__ninit-1,7,division_zscore,quality_lite_residual_bucketed_height_025,nnls,aa_plus_plus,0.3669273483464054,0.01931196570244239,19,mins_per_game,7,224,0.0746666666666666,108,116,0.4184669485370267,tov_pct=3.77; blk_pct=0.04; stl_pct=-0.11; resid_drb_pct_height=-0.27; height_inches=-0.50,ft_pct=-3.05; eFG=-2.31; usg=-2.00; FTR=-1.64; three_pct=-1.64,ft_pct,-3.054622700527436
quality_lite_residual_bucketed_height_025,k8__division_zscore__quality_lite_residual_bucketed_height_025__method-nnls__init-furthest_first__ninit-1,8,division_zscore,quality_lite_residual_bucketed_height_025,nnls,furthest_first,0.3408819073483981,0.017941153018336743,19,mins_per_game,1,392,0.1306666666666666,214,178,0.430214890356741,resid_orb_pct_height=3.08; resid_drb_pct_height=2.88; orb_pct=2.86; drb_pct=2.71; usg=1.72,three_share=-1.46; resid_three_share_height=-1.43; three_pa_per_100_team_poss=-1.35; stl_pct=-0.91; ast_tov=-0.76,ft_pct,-0.4110108025515291
quality_lite_residual_bucketed_height_025,k8__division_zscore__quality_lite_residual_bucketed_height_025__method-nnls__init-furthest_first__ninit-1,8,division_zscore,quality_lite_residual_bucketed_height_025,nnls,furthest_first,0.3408819073483981,0.017941153018336743,19,mins_per_game,2,393,0.131,204,189,0.4582960753920876,ast_tov=3.56; three_share=1.65; resid_three_share_height=1.52; three_pa_per_100_team_poss=1.10; three_pct=0.45,tov_pct=-1.73; usg=-1.42; FTR=-1.38; height_inches=-1.33; drb_pct=-1.25,ft_pct,-0.4108522959560021
quality_lite_residual_bucketed_height_025,k8__division_zscore__quality_lite_residual_bucketed_height_025__method-nnls__init-furthest_first__ninit-1,8,division_zscore,quality_lite_residual_bucketed_height_025,nnls,furthest_first,0.3408819073483981,0.017941153018336743,19,mins_per_game,3,202,0.0673333333333333,109,93,0.4227786322277308,FTR=3.56; resid_orb_pct_height=0.59; orb_pct=0.32; stl_pct=0.24; height_inches=-0.27,three_pct=-1.93; resid_three_pct_shot_mix=-1.50; ast_pct=-1.36; resid_three_share_height=-1.28; three_pa_per_100_team_poss=-1.27,ft_pct,-1.1432459524951433
quality_lite_residual_bucketed_height_025,k8__division_zscore__quality_lite_residual_bucketed_height_025__method-nnls__init-furthest_first__ninit-1,8,division_zscore,quality_lite_residual_bucketed_height_025,nnls,furthest_first,0.3408819073483981,0.017941153018336743,19,mins_per_game,4,61,0.0203333333333333,28,33,0.3938075635801744,tov_pct=3.57; FTR=3.10; eFG=2.21; resid_three_pct_shot_mix=1.83; three_pct=1.57,usg=-1.55; orb_pct=-1.41; stl_pct=-1.29; three_pa_per_100_team_poss=-1.09; resid_orb_pct_height=-1.00,ft_pct,-0.2610044593182596
quality_lite_residual_bucketed_height_025,k8__division_zscore__quality_lite_residual_bucketed_height_025__method-nnls__init-furthest_first__ninit-1,8,division_zscore,quality_lite_residual_bucketed_height_025,nnls,furthest_first,0.3408819073483981,0.017941153018336743,19,mins_per_game,5,150,0.05,78,72,0.4010188074941261,tov_pct=3.89; resid_drb_pct_height=0.30; stl_pct=0.27; resid_orb_pct_height=0.09; drb_pct=-0.18,ft_pct=-3.73; eFG=-2.96; usg=-2.05; three_pct=-2.05; FTR=-1.93,ft_pct,-3.731553873566482
quality_lite_residual_bucketed_height_025,k8__division_zscore__quality_lite_residual_bucketed_height_025__method-nnls__init-furthest_first__ninit-1,8,division_zscore,quality_lite_residual_bucketed_height_025,nnls,furthest_first,0.3408819073483981,0.017941153018336743,19,mins_per_game,6,829,0.2763333333333333,453,376,0.4567297808320393,three_pa_per_100_team_poss=2.47; resid_three_share_height=2.44; three_share=1.96; height_inches=0.97; three_pct=0.73,resid_orb_pct_height=-1.64; tov_pct=-1.52; ast_tov=-1.44; ast_pct=-1.43; FTR=-1.15,ft_pct,0.5057202228677707
quality_lite_residual_bucketed_height_025,k8__division_zscore__quality_lite_residual_bucketed_height_025__method-nnls__init-furthest_first__ninit-1,8,division_zscore,quality_lite_residual_bucketed_height_025,nnls,furthest_first,0.3408819073483981,0.017941153018336743,19,mins_per_game,7,709,0.2363333333333333,387,322,0.4853920522464342,ast_pct=2.56; usg=2.17; stl_pct=1.94; ft_pct=1.04; ast_tov=0.54,height_inches=-1.61; orb_pct=-0.91; resid_three_share_height=-0.61; drb_pct=-0.52; blk_pct=-0.48,ft_pct,1.043724647667981
quality_lite_residual_bucketed_height_025,k8__division_zscore__quality_lite_residual_bucketed_height_025__method-nnls__init-furthest_first__ninit-1,8,division_zscore,quality_lite_residual_bucketed_height_025,nnls,furthest_first,0.3408819073483981,0.017941153018336743,19,mins_per_game,8,264,0.088,155,109,0.4717613331662954,blk_pct=4.02; height_inches=2.15; eFG=1.82; orb_pct=1.00; drb_pct=0.70,three_pct=-1.70; three_share=-1.54; three_pa_per_100_team_poss=-1.43; ast_tov=-1.09; stl_pct=-1.06,ft_pct,-0.8671416798844108
role_residual_bucketed_height_025,k6__division_zscore__role_residual_bucketed_height_025__method-nnls__init-furthest_sum__ninit-1,6,division_zscore,role_residual_bucketed_height_025,nnls,furthest_sum,0.3311750335975552,0.022078335573170346,15,mins_per_game|eFG|three_pct|ft_pct|resid_three_pct_shot_mix,1,375,0.125,201,174,0.4812507680037219,FTR=3.55; height_inches=0.75; orb_pct=0.69; tov_pct=0.39; resid_orb_pct_height=0.13,usg=-1.50; three_share=-1.43; three_pa_per_100_team_poss=-1.40; ast_pct=-1.27; resid_three_share_height=-1.09,ft_pct,
role_residual_bucketed_height_025,k6__division_zscore__role_residual_bucketed_height_025__method-nnls__init-furthest_sum__ninit-1,6,division_zscore,role_residual_bucketed_height_025,nnls,furthest_sum,0.3311750335975552,0.022078335573170346,15,mins_per_game|eFG|three_pct|ft_pct|resid_three_pct_shot_mix,2,225,0.075,121,104,0.4375352831311541,tov_pct=3.86; stl_pct=-0.00; blk_pct=-0.00; resid_drb_pct_height=-0.10; ast_tov=-0.50,usg=-2.03; FTR=-1.80; resid_three_share_height=-1.29; three_pa_per_100_team_poss=-1.26; three_share=-1.06,ft_pct,
role_residual_bucketed_height_025,k6__division_zscore__role_residual_bucketed_height_025__method-nnls__init-furthest_sum__ninit-1,6,division_zscore,role_residual_bucketed_height_025,nnls,furthest_sum,0.3311750335975552,0.022078335573170346,15,mins_per_game|eFG|three_pct|ft_pct|resid_three_pct_shot_mix,3,848,0.2826666666666667,463,385,0.5082987127011802,ast_pct=2.64; usg=2.06; stl_pct=1.72; resid_drb_pct_height=0.77; FTR=0.65,height_inches=-1.42; resid_three_share_height=-0.92; blk_pct=-0.65; orb_pct=-0.63; three_share=-0.43,ft_pct,
role_residual_bucketed_height_025,k6__division_zscore__role_residual_bucketed_height_025__method-nnls__init-furthest_sum__ninit-1,6,division_zscore,role_residual_bucketed_height_025,nnls,furthest_sum,0.3311750335975552,0.022078335573170346,15,mins_per_game|eFG|three_pct|ft_pct|resid_three_pct_shot_mix,4,715,0.2383333333333333,387,328,0.4666907608784416,three_pa_per_100_team_poss=2.47; resid_three_share_height=2.35; three_share=2.08; height_inches=0.50; usg=0.30,tov_pct=-1.64; resid_orb_pct_height=-1.46; FTR=-1.45; ast_tov=-1.44; ast_pct=-1.44,ft_pct,
role_residual_bucketed_height_025,k6__division_zscore__role_residual_bucketed_height_025__method-nnls__init-furthest_sum__ninit-1,6,division_zscore,role_residual_bucketed_height_025,nnls,furthest_sum,0.3311750335975552,0.022078335573170346,15,mins_per_game|eFG|three_pct|ft_pct|resid_three_pct_shot_mix,5,487,0.1623333333333333,272,215,0.4713862282635157,blk_pct=3.21; drb_pct=2.72; orb_pct=2.64; resid_drb_pct_height=2.56; resid_orb_pct_height=2.44,three_share=-1.56; three_pa_per_100_team_poss=-1.45; ast_tov=-1.10; resid_three_share_height=-1.02; ast_pct=-0.89,ft_pct,
role_residual_bucketed_height_025,k6__division_zscore__role_residual_bucketed_height_025__method-nnls__init-furthest_sum__ninit-1,6,division_zscore,role_residual_bucketed_height_025,nnls,furthest_sum,0.3311750335975552,0.022078335573170346,15,mins_per_game|eFG|three_pct|ft_pct|resid_three_pct_shot_mix,6,350,0.1166666666666666,184,166,0.4634353619737837,ast_tov=3.56; three_share=1.99; resid_three_share_height=1.87; three_pa_per_100_team_poss=0.73; ast_pct=0.15,tov_pct=-1.80; usg=-1.76; FTR=-1.50; drb_pct=-1.20; orb_pct=-1.04,ft_pct,
role_residual_bucketed_height_025,k7__division_zscore__role_residual_bucketed_height_025__method-nnls__init-uniform__ninit-1,7,division_zscore,role_residual_bucketed_height_025,nnls,uniform,0.2972109118524465,0.019814060790163103,15,mins_per_game|eFG|three_pct|ft_pct|resid_three_pct_shot_mix,1,271,0.0903333333333333,145,126,0.4606935430400947,FTR=3.51; height_inches=0.70; tov_pct=0.55; orb_pct=0.47; resid_orb_pct_height=-0.14,usg=-1.83; resid_drb_pct_height=-1.54; stl_pct=-1.50; three_pa_per_100_team_poss=-1.32; ast_pct=-1.27,ft_pct,
role_residual_bucketed_height_025,k7__division_zscore__role_residual_bucketed_height_025__method-nnls__init-uniform__ninit-1,7,division_zscore,role_residual_bucketed_height_025,nnls,uniform,0.2972109118524465,0.019814060790163103,15,mins_per_game|eFG|three_pct|ft_pct|resid_three_pct_shot_mix,2,714,0.238,381,333,0.4560898845402303,three_pa_per_100_team_poss=2.47; resid_three_share_height=2.32; three_share=2.11; height_inches=0.39; usg=0.32,tov_pct=-1.68; FTR=-1.52; ast_tov=-1.45; ast_pct=-1.42; resid_orb_pct_height=-1.36,ft_pct,
role_residual_bucketed_height_025,k7__division_zscore__role_residual_bucketed_height_025__method-nnls__init-uniform__ninit-1,7,division_zscore,role_residual_bucketed_height_025,nnls,uniform,0.2972109118524465,0.019814060790163103,15,mins_per_game|eFG|three_pct|ft_pct|resid_three_pct_shot_mix,3,481,0.1603333333333333,273,208,0.4728745837975009,blk_pct=3.28; height_inches=2.18; drb_pct=2.16; orb_pct=1.93; resid_drb_pct_height=1.75,three_share=-1.57; three_pa_per_100_team_poss=-1.46; stl_pct=-1.40; resid_three_share_height=-1.01; ast_tov=-1.01,ft_pct,
role_residual_bucketed_height_025,k7__division_zscore__role_residual_bucketed_height_025__method-nnls__init-uniform__ninit-1,7,division_zscore,role_residual_bucketed_height_025,nnls,uniform,0.2972109118524465,0.019814060790163103,15,mins_per_game|eFG|three_pct|ft_pct|resid_three_pct_shot_mix,4,284,0.0946666666666666,149,135,0.4498244958154683,ast_tov=3.61; three_share=2.20; resid_three_share_height=2.14; three_pa_per_100_team_poss=0.77; stl_pct=0.34,usg=-1.96; tov_pct=-1.92; FTR=-1.82; drb_pct=-1.20; orb_pct=-1.04,ft_pct,
role_residual_bucketed_height_025,k7__division_zscore__role_residual_bucketed_height_025__method-nnls__init-uniform__ninit-1,7,division_zscore,role_residual_bucketed_height_025,nnls,uniform,0.2972109118524465,0.019814060790163103,15,mins_per_game|eFG|three_pct|ft_pct|resid_three_pct_shot_mix,5,189,0.063,108,81,0.3911247100413145,stl_pct=3.24; resid_orb_pct_height=3.19; orb_pct=2.93; resid_drb_pct_height=1.62; drb_pct=1.47,resid_three_share_height=-1.84; three_share=-1.55; ast_tov=-1.50; three_pa_per_100_team_poss=-1.45; ast_pct=-1.36,ft_pct,
role_residual_bucketed_height_025,k7__division_zscore__role_residual_bucketed_height_025__method-nnls__init-uniform__ninit-1,7,division_zscore,role_residual_bucketed_height_025,nnls,uniform,0.2972109118524465,0.019814060790163103,15,mins_per_game|eFG|three_pct|ft_pct|resid_three_pct_shot_mix,6,231,0.077,123,108,0.4336661886751903,tov_pct=3.81; resid_drb_pct_height=-0.03; blk_pct=-0.04; stl_pct=-0.10; ast_pct=-0.39,usg=-1.99; FTR=-1.74; three_pa_per_100_team_poss=-1.14; resid_three_share_height=-1.01; orb_pct=-1.01,ft_pct,
role_residual_bucketed_height_025,k7__division_zscore__role_residual_bucketed_height_025__method-nnls__init-uniform__ninit-1,7,division_zscore,role_residual_bucketed_height_025,nnls,uniform,0.2972109118524465,0.019814060790163103,15,mins_per_game|eFG|three_pct|ft_pct|resid_three_pct_shot_mix,7,830,0.2766666666666666,449,381,0.4991826181844833,ast_pct=2.86; usg=2.15; stl_pct=1.06; ast_tov=1.05; FTR=0.64,height_inches=-1.42; orb_pct=-0.79; resid_three_share_height=-0.78; blk_pct=-0.64; three_share=-0.30,ft_pct,
role_residual_bucketed_height_025,k8__division_zscore__role_residual_bucketed_height_025__method-nnls__init-uniform__ninit-1,8,division_zscore,role_residual_bucketed_height_025,nnls,uniform,0.2697788279717346,0.017985255198115637,15,mins_per_game|eFG|three_pct|ft_pct|resid_three_pct_shot_mix,1,134,0.0446666666666666,64,70,0.3903878264448893,stl_pct=3.26; tov_pct=3.23; FTR=3.14; ast_pct=0.84; usg=0.30,drb_pct=-1.86; height_inches=-1.48; resid_three_share_height=-1.43; resid_drb_pct_height=-1.43; orb_pct=-1.19,ft_pct,
role_residual_bucketed_height_025,k8__division_zscore__role_residual_bucketed_height_025__method-nnls__init-uniform__ninit-1,8,division_zscore,role_residual_bucketed_height_025,nnls,uniform,0.2697788279717346,0.017985255198115637,15,mins_per_game|eFG|three_pct|ft_pct|resid_three_pct_shot_mix,2,170,0.0566666666666666,90,80,0.4224883320954408,FTR=3.56; orb_pct=0.94; height_inches=0.78; resid_orb_pct_height=0.41; ast_tov=0.27,usg=-2.16; stl_pct=-2.07; three_share=-1.55; three_pa_per_100_team_poss=-1.45; resid_drb_pct_height=-1.40,ft_pct,
role_residual_bucketed_height_025,k8__division_zscore__role_residual_bucketed_height_025__method-nnls__init-uniform__ninit-1,8,division_zscore,role_residual_bucketed_height_025,nnls,uniform,0.2697788279717346,0.017985255198115637,15,mins_per_game|eFG|three_pct|ft_pct|resid_three_pct_shot_mix,3,569,0.1896666666666666,323,246,0.4588483687416875,ast_pct=3.02; usg=1.89; ast_tov=1.87; resid_drb_pct_height=0.58; three_pa_per_100_team_poss=0.44,height_inches=-1.75; orb_pct=-0.84; resid_three_share_height=-0.74; blk_pct=-0.54; FTR=-0.52,ft_pct,
role_residual_bucketed_height_025,k8__division_zscore__role_residual_bucketed_height_025__method-nnls__init-uniform__ninit-1,8,division_zscore,role_residual_bucketed_height_025,nnls,uniform,0.2697788279717346,0.017985255198115637,15,mins_per_game|eFG|three_pct|ft_pct|resid_three_pct_shot_mix,4,223,0.0743333333333333,123,100,0.4602767656248945,blk_pct=4.05; height_inches=2.11; drb_pct=0.82; orb_pct=0.79; tov_pct=0.78,stl_pct=-1.69; three_share=-1.53; three_pa_per_100_team_poss=-1.44; ast_tov=-1.23; ast_pct=-1.17,ft_pct,
role_residual_bucketed_height_025,k8__division_zscore__role_residual_bucketed_height_025__method-nnls__init-uniform__ninit-1,8,division_zscore,role_residual_bucketed_height_025,nnls,uniform,0.2697788279717346,0.017985255198115637,15,mins_per_game|eFG|three_pct|ft_pct|resid_three_pct_shot_mix,5,804,0.268,442,362,0.4542302555282581,three_pa_per_100_team_poss=2.47; resid_three_share_height=2.29; three_share=2.08; usg=0.45; height_inches=0.30,tov_pct=-1.50; ast_tov=-1.42; ast_pct=-1.39; resid_orb_pct_height=-1.35; FTR=-1.30,ft_pct,
role_residual_bucketed_height_025,k8__division_zscore__role_residual_bucketed_height_025__method-nnls__init-uniform__ninit-1,8,division_zscore,role_residual_bucketed_height_025,nnls,uniform,0.2697788279717346,0.017985255198115637,15,mins_per_game|eFG|three_pct|ft_pct|resid_three_pct_shot_mix,6,294,0.098,163,131,0.4187774607148855,ast_tov=3.61; resid_three_share_height=2.24; three_share=2.22; three_pa_per_100_team_poss=1.20; stl_pct=0.82,tov_pct=-2.33; usg=-1.84; FTR=-1.82; drb_pct=-1.41; resid_drb_pct_height=-1.28,ft_pct,
role_residual_bucketed_height_025,k8__division_zscore__role_residual_bucketed_height_025__method-nnls__init-uniform__ninit-1,8,division_zscore,role_residual_bucketed_height_025,nnls,uniform,0.2697788279717346,0.017985255198115637,15,mins_per_game|eFG|three_pct|ft_pct|resid_three_pct_shot_mix,7,195,0.065,91,104,0.3991863856786151,tov_pct=3.79; resid_drb_pct_height=0.41; resid_orb_pct_height=0.23; stl_pct=0.02; ast_tov=-0.08,usg=-2.02; FTR=-1.89; resid_three_share_height=-1.58; three_pa_per_100_team_poss=-1.35; three_share=-1.31,ft_pct,
role_residual_bucketed_height_025,k8__division_zscore__role_residual_bucketed_height_025__method-nnls__init-uniform__ninit-1,8,division_zscore,role_residual_bucketed_height_025,nnls,uniform,0.2697788279717346,0.017985255198115637,15,mins_per_game|eFG|three_pct|ft_pct|resid_three_pct_shot_mix,8,611,0.2036666666666666,332,279,0.4477858364976605,resid_orb_pct_height=2.83; orb_pct=2.63; resid_drb_pct_height=2.42; drb_pct=2.28; usg=1.51,resid_three_share_height=-1.48; three_share=-1.34; three_pa_per_100_team_poss=-1.16; ast_tov=-1.06; ast_pct=-0.46,ft_pct,
quality_lite_residual_bucketed_height_025,k6__division_zscore__quality_lite_residual_bucketed_height_025__method-nnls__init-uniform__ninit-1,6,division_zscore,quality_lite_residual_bucketed_height_025,nnls,uniform,0.3952244837335131,0.020801288617553322,19,mins_per_game,1,399,0.133,211,188,0.4730662913059493,ast_tov=3.56; three_share=1.62; resid_three_share_height=1.51; three_pa_per_100_team_poss=1.03; stl_pct=0.47,tov_pct=-1.64; height_inches=-1.46; usg=-1.45; FTR=-1.36; drb_pct=-1.35,height_inches,-1.459303959527522
quality_lite_residual_bucketed_height_025,k6__division_zscore__quality_lite_residual_bucketed_height_025__method-nnls__init-uniform__ninit-1,6,division_zscore,quality_lite_residual_bucketed_height_025,nnls,uniform,0.3952244837335131,0.020801288617553322,19,mins_per_game,2,349,0.1163333333333333,185,164,0.4915999885620037,FTR=3.52; height_inches=0.74; orb_pct=0.73; tov_pct=0.57; eFG=0.38,three_pct=-1.55; usg=-1.49; three_share=-1.42; three_pa_per_100_team_poss=-1.38; ast_pct=-1.15,height_inches,0.7370582125542867
quality_lite_residual_bucketed_height_025,k6__division_zscore__quality_lite_residual_bucketed_height_025__method-nnls__init-uniform__ninit-1,6,division_zscore,quality_lite_residual_bucketed_height_025,nnls,uniform,0.3952244837335131,0.020801288617553322,19,mins_per_game,3,824,0.2746666666666666,453,371,0.501900181028704,ast_pct=2.61; usg=2.14; stl_pct=1.65; resid_drb_pct_height=0.95; ft_pct=0.80,height_inches=-1.45; resid_three_share_height=-0.95; blk_pct=-0.66; orb_pct=-0.64; three_share=-0.46,height_inches,-1.4516744921220026
quality_lite_residual_bucketed_height_025,k6__division_zscore__quality_lite_residual_bucketed_height_025__method-nnls__init-uniform__ninit-1,6,division_zscore,quality_lite_residual_bucketed_height_025,nnls,uniform,0.3952244837335131,0.020801288617553322,19,mins_per_game,4,214,0.0713333333333333,108,106,0.4403929689473806,tov_pct=3.78; stl_pct=-0.09; blk_pct=-0.10; resid_drb_pct_height=-0.31; height_inches=-0.51,ft_pct=-2.94; eFG=-2.22; usg=-2.02; three_pct=-1.59; FTR=-1.50,height_inches,-0.5132544239847041
quality_lite_residual_bucketed_height_025,k6__division_zscore__quality_lite_residual_bucketed_height_025__method-nnls__init-uniform__ninit-1,6,division_zscore,quality_lite_residual_bucketed_height_025,nnls,uniform,0.3952244837335131,0.020801288617553322,19,mins_per_game,5,771,0.257,420,351,0.4648561235650095,three_pa_per_100_team_poss=2.48; resid_three_share_height=2.41; three_share=1.94; height_inches=0.96; three_pct=0.80,resid_orb_pct_height=-1.61; tov_pct=-1.53; ast_tov=-1.44; ast_pct=-1.41; resid_drb_pct_height=-1.09,height_inches,0.9568343659133596
quality_lite_residual_bucketed_height_025,k6__division_zscore__quality_lite_residual_bucketed_height_025__method-nnls__init-uniform__ninit-1,6,division_zscore,quality_lite_residual_bucketed_height_025,nnls,uniform,0.3952244837335131,0.020801288617553322,19,mins_per_game,6,443,0.1476666666666666,251,192,0.4697382230780533,blk_pct=3.32; drb_pct=2.71; orb_pct=2.71; resid_orb_pct_height=2.61; resid_drb_pct_height=2.56,three_pct=-1.96; three_share=-1.56; three_pa_per_100_team_poss=-1.45; ast_tov=-1.06; resid_three_share_height=-1.05,height_inches,1.6457921574236083
quality_lite_residual_bucketed_height_025,k7__division_zscore__quality_lite_residual_bucketed_height_025__method-nnls__init-aa_plus_plus__ninit-1,7,division_zscore,quality_lite_residual_bucketed_height_025,nnls,aa_plus_plus,0.3669273483464054,0.01931196570244239,19,mins_per_game,1,536,0.1786666666666666,297,239,0.4669809303706854,ast_pct=3.00; usg=2.13; ast_tov=1.24; ft_pct=0.74; resid_drb_pct_height=0.70,height_inches=-1.26; resid_three_share_height=-1.01; orb_pct=-0.79; blk_pct=-0.61; three_share=-0.53,height_inches,-1.2562309361579376
quality_lite_residual_bucketed_height_025,k7__division_zscore__quality_lite_residual_bucketed_height_025__method-nnls__init-aa_plus_plus__ninit-1,7,division_zscore,quality_lite_residual_bucketed_height_025,nnls,aa_plus_plus,0.3669273483464054,0.01931196570244239,19,mins_per_game,2,435,0.145,244,191,0.4642208016602736,blk_pct=3.31; drb_pct=2.72; orb_pct=2.72; resid_orb_pct_height=2.65; resid_drb_pct_height=2.57,three_pct=-1.96; three_share=-1.56; three_pa_per_100_team_poss=-1.45; resid_three_share_height=-1.06; ast_tov=-1.05,height_inches,1.6417040151074291
quality_lite_residual_bucketed_height_025,k7__division_zscore__quality_lite_residual_bucketed_height_025__method-nnls__init-aa_plus_plus__ninit-1,7,division_zscore,quality_lite_residual_bucketed_height_025,nnls,aa_plus_plus,0.3669273483464054,0.01931196570244239,19,mins_per_game,3,777,0.259,425,352,0.4511478122644251,three_pa_per_100_team_poss=2.47; resid_three_share_height=2.41; three_share=1.93; height_inches=0.96; three_pct=0.84,resid_orb_pct_height=-1.63; tov_pct=-1.54; ast_tov=-1.41; ast_pct=-1.39; resid_drb_pct_height=-1.08,height_inches,0.964830679489994
quality_lite_residual_bucketed_height_025,k7__division_zscore__quality_lite_residual_bucketed_height_025__method-nnls__init-aa_plus_plus__ninit-1,7,division_zscore,quality_lite_residual_bucketed_height_025,nnls,aa_plus_plus,0.3669273483464054,0.01931196570244239,19,mins_per_game,4,315,0.105,172,143,0.4563268562320033,ast_tov=3.59; three_share=2.12; resid_three_share_height=2.01; three_pa_per_100_team_poss=1.47; stl_pct=0.51,tov_pct=-1.78; FTR=-1.55; height_inches=-1.48; drb_pct=-1.47; usg=-1.42,height_inches,-1.4765829942497328
quality_lite_residual_bucketed_height_025,k7__division_zscore__quality_lite_residual_bucketed_height_025__method-nnls__init-aa_plus_plus__ninit-1,7,division_zscore,quality_lite_residual_bucketed_height_025,nnls,aa_plus_plus,0.3669273483464054,0.01931196570244239,19,mins_per_game,5,345,0.115,185,160,0.4675216531814609,FTR=3.54; height_inches=0.93; orb_pct=0.81; eFG=0.65; tov_pct=0.58,usg=-1.76; three_pct=-1.75; three_share=-1.46; three_pa_per_100_team_poss=-1.41; stl_pct=-1.27,height_inches,0.927007987714984
quality_lite_residual_bucketed_height_025,k7__division_zscore__quality_lite_residual_bucketed_height_025__method-nnls__init-aa_plus_plus__ninit-1,7,division_zscore,quality_lite_residual_bucketed_height_025,nnls,aa_plus_plus,0.3669273483464054,0.01931196570244239,19,mins_per_game,6,368,0.1226666666666666,197,171,0.4440114333411888,stl_pct=3.41; usg=1.20; ast_pct=1.09; FTR=0.69; tov_pct=0.53,height_inches=-1.54; resid_three_share_height=-0.74; eFG=-0.65; blk_pct=-0.63; orb_pct=-0.53,height_inches,-1.5420227636640318
quality_lite_residual_bucketed_height_025,k7__division_zscore__quality_lite_residual_bucketed_height_025__method-nnls__init-aa_plus_plus__ninit-1,7,division_zscore,quality_lite_residual_bucketed_height_025,nnls,aa_plus_plus,0.3669273483464054,0.01931196570244239,19,mins_per_game,7,224,0.0746666666666666,108,116,0.4184669485370267,tov_pct=3.77; blk_pct=0.04; stl_pct=-0.11; resid_drb_pct_height=-0.27; height_inches=-0.50,ft_pct=-3.05; eFG=-2.31; usg=-2.00; FTR=-1.64; three_pct=-1.64,height_inches,-0.4957955054518831
quality_lite_residual_bucketed_height_025,k8__division_zscore__quality_lite_residual_bucketed_height_025__method-nnls__init-furthest_first__ninit-1,8,division_zscore,quality_lite_residual_bucketed_height_025,nnls,furthest_first,0.3408819073483981,0.017941153018336743,19,mins_per_game,1,392,0.1306666666666666,214,178,0.430214890356741,resid_orb_pct_height=3.08; resid_drb_pct_height=2.88; orb_pct=2.86; drb_pct=2.71; usg=1.72,three_share=-1.46; resid_three_share_height=-1.43; three_pa_per_100_team_poss=-1.35; stl_pct=-0.91; ast_tov=-0.76,height_inches,1.5347716057177363
quality_lite_residual_bucketed_height_025,k8__division_zscore__quality_lite_residual_bucketed_height_025__method-nnls__init-furthest_first__ninit-1,8,division_zscore,quality_lite_residual_bucketed_height_025,nnls,furthest_first,0.3408819073483981,0.017941153018336743,19,mins_per_game,2,393,0.131,204,189,0.4582960753920876,ast_tov=3.56; three_share=1.65; resid_three_share_height=1.52; three_pa_per_100_team_poss=1.10; three_pct=0.45,tov_pct=-1.73; usg=-1.42; FTR=-1.38; height_inches=-1.33; drb_pct=-1.25,height_inches,-1.3333398034275603
quality_lite_residual_bucketed_height_025,k8__division_zscore__quality_lite_residual_bucketed_height_025__method-nnls__init-furthest_first__ninit-1,8,division_zscore,quality_lite_residual_bucketed_height_025,nnls,furthest_first,0.3408819073483981,0.017941153018336743,19,mins_per_game,3,202,0.0673333333333333,109,93,0.4227786322277308,FTR=3.56; resid_orb_pct_height=0.59; orb_pct=0.32; stl_pct=0.24; height_inches=-0.27,three_pct=-1.93; resid_three_pct_shot_mix=-1.50; ast_pct=-1.36; resid_three_share_height=-1.28; three_pa_per_100_team_poss=-1.27,height_inches,-0.2723737752701293
quality_lite_residual_bucketed_height_025,k8__division_zscore__quality_lite_residual_bucketed_height_025__method-nnls__init-furthest_first__ninit-1,8,division_zscore,quality_lite_residual_bucketed_height_025,nnls,furthest_first,0.3408819073483981,0.017941153018336743,19,mins_per_game,4,61,0.0203333333333333,28,33,0.3938075635801744,tov_pct=3.57; FTR=3.10; eFG=2.21; resid_three_pct_shot_mix=1.83; three_pct=1.57,usg=-1.55; orb_pct=-1.41; stl_pct=-1.29; three_pa_per_100_team_poss=-1.09; resid_orb_pct_height=-1.00,height_inches,-0.920192611452232
quality_lite_residual_bucketed_height_025,k8__division_zscore__quality_lite_residual_bucketed_height_025__method-nnls__init-furthest_first__ninit-1,8,division_zscore,quality_lite_residual_bucketed_height_025,nnls,furthest_first,0.3408819073483981,0.017941153018336743,19,mins_per_game,5,150,0.05,78,72,0.4010188074941261,tov_pct=3.89; resid_drb_pct_height=0.30; stl_pct=0.27; resid_orb_pct_height=0.09; drb_pct=-0.18,ft_pct=-3.73; eFG=-2.96; usg=-2.05; three_pct=-2.05; FTR=-1.93,height_inches,-0.5478632930436519
quality_lite_residual_bucketed_height_025,k8__division_zscore__quality_lite_residual_bucketed_height_025__method-nnls__init-furthest_first__ninit-1,8,division_zscore,quality_lite_residual_bucketed_height_025,nnls,furthest_first,0.3408819073483981,0.017941153018336743,19,mins_per_game,6,829,0.2763333333333333,453,376,0.4567297808320393,three_pa_per_100_team_poss=2.47; resid_three_share_height=2.44; three_share=1.96; height_inches=0.97; three_pct=0.73,resid_orb_pct_height=-1.64; tov_pct=-1.52; ast_tov=-1.44; ast_pct=-1.43; FTR=-1.15,height_inches,0.9659933476105562
quality_lite_residual_bucketed_height_025,k8__division_zscore__quality_lite_residual_bucketed_height_025__method-nnls__init-furthest_first__ninit-1,8,division_zscore,quality_lite_residual_bucketed_height_025,nnls,furthest_first,0.3408819073483981,0.017941153018336743,19,mins_per_game,7,709,0.2363333333333333,387,322,0.4853920522464342,ast_pct=2.56; usg=2.17; stl_pct=1.94; ft_pct=1.04; ast_tov=0.54,height_inches=-1.61; orb_pct=-0.91; resid_three_share_height=-0.61; drb_pct=-0.52; blk_pct=-0.48,height_inches,-1.614694121077901
quality_lite_residual_bucketed_height_025,k8__division_zscore__quality_lite_residual_bucketed_height_025__method-nnls__init-furthest_first__ninit-1,8,division_zscore,quality_lite_residual_bucketed_height_025,nnls,furthest_first,0.3408819073483981,0.017941153018336743,19,mins_per_game,8,264,0.088,155,109,0.4717613331662954,blk_pct=4.02; height_inches=2.15; eFG=1.82; orb_pct=1.00; drb_pct=0.70,three_pct=-1.70; three_share=-1.54; three_pa_per_100_team_poss=-1.43; ast_tov=-1.09; stl_pct=-1.06,height_inches,2.1473731766984647
role_residual_bucketed_height_025,k6__division_zscore__role_residual_bucketed_height_025__method-nnls__init-furthest_sum__ninit-1,6,division_zscore,role_residual_bucketed_height_025,nnls,furthest_sum,0.3311750335975552,0.022078335573170346,15,mins_per_game|eFG|three_pct|ft_pct|resid_three_pct_shot_mix,1,375,0.125,201,174,0.4812507680037219,FTR=3.55; height_inches=0.75; orb_pct=0.69; tov_pct=0.39; resid_orb_pct_height=0.13,usg=-1.50; three_share=-1.43; three_pa_per_100_team_poss=-1.40; ast_pct=-1.27; resid_three_share_height=-1.09,height_inches,0.7498076886077135
role_residual_bucketed_height_025,k6__division_zscore__role_residual_bucketed_height_025__method-nnls__init-furthest_sum__ninit-1,6,division_zscore,role_residual_bucketed_height_025,nnls,furthest_sum,0.3311750335975552,0.022078335573170346,15,mins_per_game|eFG|three_pct|ft_pct|resid_three_pct_shot_mix,2,225,0.075,121,104,0.4375352831311541,tov_pct=3.86; stl_pct=-0.00; blk_pct=-0.00; resid_drb_pct_height=-0.10; ast_tov=-0.50,usg=-2.03; FTR=-1.80; resid_three_share_height=-1.29; three_pa_per_100_team_poss=-1.26; three_share=-1.06,height_inches,-0.6950872608416366
role_residual_bucketed_height_025,k6__division_zscore__role_residual_bucketed_height_025__method-nnls__init-furthest_sum__ninit-1,6,division_zscore,role_residual_bucketed_height_025,nnls,furthest_sum,0.3311750335975552,0.022078335573170346,15,mins_per_game|eFG|three_pct|ft_pct|resid_three_pct_shot_mix,3,848,0.2826666666666667,463,385,0.5082987127011802,ast_pct=2.64; usg=2.06; stl_pct=1.72; resid_drb_pct_height=0.77; FTR=0.65,height_inches=-1.42; resid_three_share_height=-0.92; blk_pct=-0.65; orb_pct=-0.63; three_share=-0.43,height_inches,-1.4235430379983338
role_residual_bucketed_height_025,k6__division_zscore__role_residual_bucketed_height_025__method-nnls__init-furthest_sum__ninit-1,6,division_zscore,role_residual_bucketed_height_025,nnls,furthest_sum,0.3311750335975552,0.022078335573170346,15,mins_per_game|eFG|three_pct|ft_pct|resid_three_pct_shot_mix,4,715,0.2383333333333333,387,328,0.4666907608784416,three_pa_per_100_team_poss=2.47; resid_three_share_height=2.35; three_share=2.08; height_inches=0.50; usg=0.30,tov_pct=-1.64; resid_orb_pct_height=-1.46; FTR=-1.45; ast_tov=-1.44; ast_pct=-1.44,height_inches,0.4976296737363515
role_residual_bucketed_height_025,k6__division_zscore__role_residual_bucketed_height_025__method-nnls__init-furthest_sum__ninit-1,6,division_zscore,role_residual_bucketed_height_025,nnls,furthest_sum,0.3311750335975552,0.022078335573170346,15,mins_per_game|eFG|three_pct|ft_pct|resid_three_pct_shot_mix,5,487,0.1623333333333333,272,215,0.4713862282635157,blk_pct=3.21; drb_pct=2.72; orb_pct=2.64; resid_drb_pct_height=2.56; resid_orb_pct_height=2.44,three_share=-1.56; three_pa_per_100_team_poss=-1.45; ast_tov=-1.10; resid_three_share_height=-1.02; ast_pct=-0.89,height_inches,1.7343386682470776
role_residual_bucketed_height_025,k6__division_zscore__role_residual_bucketed_height_025__method-nnls__init-furthest_sum__ninit-1,6,division_zscore,role_residual_bucketed_height_025,nnls,furthest_sum,0.3311750335975552,0.022078335573170346,15,mins_per_game|eFG|three_pct|ft_pct|resid_three_pct_shot_mix,6,350,0.1166666666666666,184,166,0.4634353619737837,ast_tov=3.56; three_share=1.99; resid_three_share_height=1.87; three_pa_per_100_team_poss=0.73; ast_pct=0.15,tov_pct=-1.80; usg=-1.76; FTR=-1.50; drb_pct=-1.20; orb_pct=-1.04,height_inches,-0.8547770945759154
role_residual_bucketed_height_025,k7__division_zscore__role_residual_bucketed_height_025__method-nnls__init-uniform__ninit-1,7,division_zscore,role_residual_bucketed_height_025,nnls,uniform,0.2972109118524465,0.019814060790163103,15,mins_per_game|eFG|three_pct|ft_pct|resid_three_pct_shot_mix,1,271,0.0903333333333333,145,126,0.4606935430400947,FTR=3.51; height_inches=0.70; tov_pct=0.55; orb_pct=0.47; resid_orb_pct_height=-0.14,usg=-1.83; resid_drb_pct_height=-1.54; stl_pct=-1.50; three_pa_per_100_team_poss=-1.32; ast_pct=-1.27,height_inches,0.7031638448823968
role_residual_bucketed_height_025,k7__division_zscore__role_residual_bucketed_height_025__method-nnls__init-uniform__ninit-1,7,division_zscore,role_residual_bucketed_height_025,nnls,uniform,0.2972109118524465,0.019814060790163103,15,mins_per_game|eFG|three_pct|ft_pct|resid_three_pct_shot_mix,2,714,0.238,381,333,0.4560898845402303,three_pa_per_100_team_poss=2.47; resid_three_share_height=2.32; three_share=2.11; height_inches=0.39; usg=0.32,tov_pct=-1.68; FTR=-1.52; ast_tov=-1.45; ast_pct=-1.42; resid_orb_pct_height=-1.36,height_inches,0.387813252602025
role_residual_bucketed_height_025,k7__division_zscore__role_residual_bucketed_height_025__method-nnls__init-uniform__ninit-1,7,division_zscore,role_residual_bucketed_height_025,nnls,uniform,0.2972109118524465,0.019814060790163103,15,mins_per_game|eFG|three_pct|ft_pct|resid_three_pct_shot_mix,3,481,0.1603333333333333,273,208,0.4728745837975009,blk_pct=3.28; height_inches=2.18; drb_pct=2.16; orb_pct=1.93; resid_drb_pct_height=1.75,three_share=-1.57; three_pa_per_100_team_poss=-1.46; stl_pct=-1.40; resid_three_share_height=-1.01; ast_tov=-1.01,height_inches,2.177348855384003
role_residual_bucketed_height_025,k7__division_zscore__role_residual_bucketed_height_025__method-nnls__init-uniform__ninit-1,7,division_zscore,role_residual_bucketed_height_025,nnls,uniform,0.2972109118524465,0.019814060790163103,15,mins_per_game|eFG|three_pct|ft_pct|resid_three_pct_shot_mix,4,284,0.0946666666666666,149,135,0.4498244958154683,ast_tov=3.61; three_share=2.20; resid_three_share_height=2.14; three_pa_per_100_team_poss=0.77; stl_pct=0.34,usg=-1.96; tov_pct=-1.92; FTR=-1.82; drb_pct=-1.20; orb_pct=-1.04,height_inches,-0.6223494206927077
role_residual_bucketed_height_025,k7__division_zscore__role_residual_bucketed_height_025__method-nnls__init-uniform__ninit-1,7,division_zscore,role_residual_bucketed_height_025,nnls,uniform,0.2972109118524465,0.019814060790163103,15,mins_per_game|eFG|three_pct|ft_pct|resid_three_pct_shot_mix,5,189,0.063,108,81,0.3911247100413145,stl_pct=3.24; resid_orb_pct_height=3.19; orb_pct=2.93; resid_drb_pct_height=1.62; drb_pct=1.47,resid_three_share_height=-1.84; three_share=-1.55; ast_tov=-1.50; three_pa_per_100_team_poss=-1.45; ast_pct=-1.36,height_inches,0.181689778927689
role_residual_bucketed_height_025,k7__division_zscore__role_residual_bucketed_height_025__method-nnls__init-uniform__ninit-1,7,division_zscore,role_residual_bucketed_height_025,nnls,uniform,0.2972109118524465,0.019814060790163103,15,mins_per_game|eFG|three_pct|ft_pct|resid_three_pct_shot_mix,6,231,0.077,123,108,0.4336661886751903,tov_pct=3.81; resid_drb_pct_height=-0.03; blk_pct=-0.04; stl_pct=-0.10; ast_pct=-0.39,usg=-1.99; FTR=-1.74; three_pa_per_100_team_poss=-1.14; resid_three_share_height=-1.01; orb_pct=-1.01,height_inches,-0.8190868324263388
role_residual_bucketed_height_025,k7__division_zscore__role_residual_bucketed_height_025__method-nnls__init-uniform__ninit-1,7,division_zscore,role_residual_bucketed_height_025,nnls,uniform,0.2972109118524465,0.019814060790163103,15,mins_per_game|eFG|three_pct|ft_pct|resid_three_pct_shot_mix,7,830,0.2766666666666666,449,381,0.4991826181844833,ast_pct=2.86; usg=2.15; stl_pct=1.06; ast_tov=1.05; FTR=0.64,height_inches=-1.42; orb_pct=-0.79; resid_three_share_height=-0.78; blk_pct=-0.64; three_share=-0.30,height_inches,-1.4211887096047875
role_residual_bucketed_height_025,k8__division_zscore__role_residual_bucketed_height_025__method-nnls__init-uniform__ninit-1,8,division_zscore,role_residual_bucketed_height_025,nnls,uniform,0.2697788279717346,0.017985255198115637,15,mins_per_game|eFG|three_pct|ft_pct|resid_three_pct_shot_mix,1,134,0.0446666666666666,64,70,0.3903878264448893,stl_pct=3.26; tov_pct=3.23; FTR=3.14; ast_pct=0.84; usg=0.30,drb_pct=-1.86; height_inches=-1.48; resid_three_share_height=-1.43; resid_drb_pct_height=-1.43; orb_pct=-1.19,height_inches,-1.480385655535963
role_residual_bucketed_height_025,k8__division_zscore__role_residual_bucketed_height_025__method-nnls__init-uniform__ninit-1,8,division_zscore,role_residual_bucketed_height_025,nnls,uniform,0.2697788279717346,0.017985255198115637,15,mins_per_game|eFG|three_pct|ft_pct|resid_three_pct_shot_mix,2,170,0.0566666666666666,90,80,0.4224883320954408,FTR=3.56; orb_pct=0.94; height_inches=0.78; resid_orb_pct_height=0.41; ast_tov=0.27,usg=-2.16; stl_pct=-2.07; three_share=-1.55; three_pa_per_100_team_poss=-1.45; resid_drb_pct_height=-1.40,height_inches,0.779247274682151
role_residual_bucketed_height_025,k8__division_zscore__role_residual_bucketed_height_025__method-nnls__init-uniform__ninit-1,8,division_zscore,role_residual_bucketed_height_025,nnls,uniform,0.2697788279717346,0.017985255198115637,15,mins_per_game|eFG|three_pct|ft_pct|resid_three_pct_shot_mix,3,569,0.1896666666666666,323,246,0.4588483687416875,ast_pct=3.02; usg=1.89; ast_tov=1.87; resid_drb_pct_height=0.58; three_pa_per_100_team_poss=0.44,height_inches=-1.75; orb_pct=-0.84; resid_three_share_height=-0.74; blk_pct=-0.54; FTR=-0.52,height_inches,-1.7529491464550202
role_residual_bucketed_height_025,k8__division_zscore__role_residual_bucketed_height_025__method-nnls__init-uniform__ninit-1,8,division_zscore,role_residual_bucketed_height_025,nnls,uniform,0.2697788279717346,0.017985255198115637,15,mins_per_game|eFG|three_pct|ft_pct|resid_three_pct_shot_mix,4,223,0.0743333333333333,123,100,0.4602767656248945,blk_pct=4.05; height_inches=2.11; drb_pct=0.82; orb_pct=0.79; tov_pct=0.78,stl_pct=-1.69; three_share=-1.53; three_pa_per_100_team_poss=-1.44; ast_tov=-1.23; ast_pct=-1.17,height_inches,2.1102867731917803
role_residual_bucketed_height_025,k8__division_zscore__role_residual_bucketed_height_025__method-nnls__init-uniform__ninit-1,8,division_zscore,role_residual_bucketed_height_025,nnls,uniform,0.2697788279717346,0.017985255198115637,15,mins_per_game|eFG|three_pct|ft_pct|resid_three_pct_shot_mix,5,804,0.268,442,362,0.4542302555282581,three_pa_per_100_team_poss=2.47; resid_three_share_height=2.29; three_share=2.08; usg=0.45; height_inches=0.30,tov_pct=-1.50; ast_tov=-1.42; ast_pct=-1.39; resid_orb_pct_height=-1.35; FTR=-1.30,height_inches,0.3006495993001024
role_residual_bucketed_height_025,k8__division_zscore__role_residual_bucketed_height_025__method-nnls__init-uniform__ninit-1,8,division_zscore,role_residual_bucketed_height_025,nnls,uniform,0.2697788279717346,0.017985255198115637,15,mins_per_game|eFG|three_pct|ft_pct|resid_three_pct_shot_mix,6,294,0.098,163,131,0.4187774607148855,ast_tov=3.61; resid_three_share_height=2.24; three_share=2.22; three_pa_per_100_team_poss=1.20; stl_pct=0.82,tov_pct=-2.33; usg=-1.84; FTR=-1.82; drb_pct=-1.41; resid_drb_pct_height=-1.28,height_inches,-0.4158677160959695
role_residual_bucketed_height_025,k8__division_zscore__role_residual_bucketed_height_025__method-nnls__init-uniform__ninit-1,8,division_zscore,role_residual_bucketed_height_025,nnls,uniform,0.2697788279717346,0.017985255198115637,15,mins_per_game|eFG|three_pct|ft_pct|resid_three_pct_shot_mix,7,195,0.065,91,104,0.3991863856786151,tov_pct=3.79; resid_drb_pct_height=0.41; resid_orb_pct_height=0.23; stl_pct=0.02; ast_tov=-0.08,usg=-2.02; FTR=-1.89; resid_three_share_height=-1.58; three_pa_per_100_team_poss=-1.35; three_share=-1.31,height_inches,-0.868395842590046
role_residual_bucketed_height_025,k8__division_zscore__role_residual_bucketed_height_025__method-nnls__init-uniform__ninit-1,8,division_zscore,role_residual_bucketed_height_025,nnls,uniform,0.2697788279717346,0.017985255198115637,15,mins_per_game|eFG|three_pct|ft_pct|resid_three_pct_shot_mix,8,611,0.2036666666666666,332,279,0.4477858364976605,resid_orb_pct_height=2.83; orb_pct=2.63; resid_drb_pct_height=2.42; drb_pct=2.28; usg=1.51,resid_three_share_height=-1.48; three_share=-1.34; three_pa_per_100_team_poss=-1.16; ast_tov=-1.06; ast_pct=-0.46,height_inches,1.2557408959007683
