version,run_id,k,scaling_mode,feature_set,method,init,rss_per_row,rss_per_row_per_feature,feature_count,excluded_features,archetype_id,rows,share,d1_rows,d2_rows,mean_membership_weight,top_z_features,bottom_z_features,feature,archetype_z
quality_lite_residual_height_025,k6__division_zscore__quality_lite_residual_height_025__method-nnls__init-uniform__ninit-1,6,division_zscore,quality_lite_residual_height_025,nnls,uniform,0.3943301221227731,,19,mins_per_game,1,446,0.1486666666666666,234,212,0.4718340729331904,ast_tov=3.50; three_share=1.58; resid_three_share_height=1.43; three_pa_per_100_team_poss=1.01; three_pct=0.47,tov_pct=-1.55; height_inches=-1.46; drb_pct=-1.40; usg=-1.38; FTR=-1.37,usg,-1.380334457695357
quality_lite_residual_height_025,k6__division_zscore__quality_lite_residual_height_025__method-nnls__init-uniform__ninit-1,6,division_zscore,quality_lite_residual_height_025,nnls,uniform,0.3943301221227731,,19,mins_per_game,2,318,0.106,171,147,0.4879865237314554,FTR=3.50; tov_pct=0.69; height_inches=0.59; eFG=0.45; orb_pct=0.44,usg=-1.54; three_pct=-1.40; three_share=-1.38; three_pa_per_100_team_poss=-1.36; resid_drb_pct_height=-1.34,usg,-1.5368661058708766
quality_lite_residual_height_025,k6__division_zscore__quality_lite_residual_height_025__method-nnls__init-uniform__ninit-1,6,division_zscore,quality_lite_residual_height_025,nnls,uniform,0.3943301221227731,,19,mins_per_game,3,773,0.2576666666666666,423,350,0.5055253658617865,ast_pct=2.59; usg=2.09; stl_pct=1.74; resid_drb_pct_height=0.96; ft_pct=0.84,height_inches=-1.50; resid_three_share_height=-0.90; orb_pct=-0.68; blk_pct=-0.65; three_share=-0.43,usg,2.094971717129966
quality_lite_residual_height_025,k6__division_zscore__quality_lite_residual_height_025__method-nnls__init-uniform__ninit-1,6,division_zscore,quality_lite_residual_height_025,nnls,uniform,0.3943301221227731,,19,mins_per_game,4,150,0.05,78,72,0.4339951567489775,tov_pct=3.80; blk_pct=0.17; stl_pct=0.15; height_inches=-0.34; resid_drb_pct_height=-0.57,ft_pct=-3.47; eFG=-2.72; three_pct=-1.99; usg=-1.96; FTR=-1.75,usg,-1.9599895025202287
quality_lite_residual_height_025,k6__division_zscore__quality_lite_residual_height_025__method-nnls__init-uniform__ninit-1,6,division_zscore,quality_lite_residual_height_025,nnls,uniform,0.3943301221227731,,19,mins_per_game,5,761,0.2536666666666666,414,347,0.461036528191439,three_pa_per_100_team_poss=2.48; resid_three_share_height=2.38; three_share=1.91; height_inches=0.94; ft_pct=0.91,resid_orb_pct_height=-1.62; tov_pct=-1.52; ast_tov=-1.45; ast_pct=-1.39; stl_pct=-1.06,usg,0.611651265413333
quality_lite_residual_height_025,k6__division_zscore__quality_lite_residual_height_025__method-nnls__init-uniform__ninit-1,6,division_zscore,quality_lite_residual_height_025,nnls,uniform,0.3943301221227731,,19,mins_per_game,6,552,0.184,308,244,0.4768258023438629,blk_pct=3.05; drb_pct=2.72; orb_pct=2.70; resid_drb_pct_height=2.61; resid_orb_pct_height=2.59,three_pct=-1.88; three_share=-1.55; three_pa_per_100_team_poss=-1.44; resid_three_share_height=-1.06; ast_tov=-1.02,usg,0.9120080561341748
quality_lite_residual_height_025,k7__division_zscore__quality_lite_residual_height_025__method-nnls__init-aa_plus_plus__ninit-1,7,division_zscore,quality_lite_residual_height_025,nnls,aa_plus_plus,0.366285016296777,,19,mins_per_game,1,731,0.2436666666666666,408,323,0.5093574926750019,ast_pct=2.74; usg=1.99; stl_pct=1.59; ft_pct=0.88; ast_tov=0.68,height_inches=-1.60; orb_pct=-0.91; resid_three_share_height=-0.70; blk_pct=-0.56; drb_pct=-0.33,usg,1.993449025451276
quality_lite_residual_height_025,k7__division_zscore__quality_lite_residual_height_025__method-nnls__init-aa_plus_plus__ninit-1,7,division_zscore,quality_lite_residual_height_025,nnls,aa_plus_plus,0.366285016296777,,19,mins_per_game,2,730,0.2433333333333333,398,332,0.4555683778150854,three_pa_per_100_team_poss=2.49; resid_three_share_height=2.34; three_share=1.91; ft_pct=0.87; height_inches=0.87,resid_orb_pct_height=-1.64; tov_pct=-1.53; ast_tov=-1.52; ast_pct=-1.39; resid_drb_pct_height=-0.99,usg,0.740006971321893
quality_lite_residual_height_025,k7__division_zscore__quality_lite_residual_height_025__method-nnls__init-aa_plus_plus__ninit-1,7,division_zscore,quality_lite_residual_height_025,nnls,aa_plus_plus,0.366285016296777,,19,mins_per_game,3,205,0.0683333333333333,110,95,0.4730010463555472,FTR=3.53; tov_pct=0.95; height_inches=0.30; blk_pct=0.04; orb_pct=-0.05,three_pct=-1.67; usg=-1.59; resid_drb_pct_height=-1.56; drb_pct=-1.34; three_pa_per_100_team_poss=-1.33,usg,-1.5929381509560925
quality_lite_residual_height_025,k7__division_zscore__quality_lite_residual_height_025__method-nnls__init-aa_plus_plus__ninit-1,7,division_zscore,quality_lite_residual_height_025,nnls,aa_plus_plus,0.366285016296777,,19,mins_per_game,4,471,0.157,247,224,0.4506954290952387,resid_orb_pct_height=2.93; orb_pct=2.77; resid_drb_pct_height=2.65; drb_pct=2.57; FTR=1.40,three_share=-1.35; resid_three_share_height=-1.26; three_pa_per_100_team_poss=-1.23; ast_tov=-0.90; tov_pct=-0.62,usg,1.3912135461151611
quality_lite_residual_height_025,k7__division_zscore__quality_lite_residual_height_025__method-nnls__init-aa_plus_plus__ninit-1,7,division_zscore,quality_lite_residual_height_025,nnls,aa_plus_plus,0.366285016296777,,19,mins_per_game,5,265,0.0883333333333333,156,109,0.4819456209533383,blk_pct=3.96; height_inches=2.00; eFG=1.82; orb_pct=1.33; drb_pct=1.02,three_pct=-1.98; three_share=-1.56; three_pa_per_100_team_poss=-1.46; ast_tov=-0.99; stl_pct=-0.98,usg,-0.5152179916431969
quality_lite_residual_height_025,k7__division_zscore__quality_lite_residual_height_025__method-nnls__init-aa_plus_plus__ninit-1,7,division_zscore,quality_lite_residual_height_025,nnls,aa_plus_plus,0.366285016296777,,19,mins_per_game,6,414,0.138,222,192,0.4665533421295215,ast_tov=3.48; three_share=1.72; resid_three_share_height=1.66; three_pa_per_100_team_poss=1.06; three_pct=0.66,tov_pct=-1.69; usg=-1.44; FTR=-1.26; drb_pct=-1.22; height_inches=-1.17,usg,-1.43744525575608
quality_lite_residual_height_025,k7__division_zscore__quality_lite_residual_height_025__method-nnls__init-aa_plus_plus__ninit-1,7,division_zscore,quality_lite_residual_height_025,nnls,aa_plus_plus,0.366285016296777,,19,mins_per_game,7,184,0.0613333333333333,87,97,0.4189364894369921,tov_pct=3.68; stl_pct=0.35; resid_drb_pct_height=0.12; resid_orb_pct_height=0.07; ast_tov=-0.32,ft_pct=-3.25; eFG=-2.94; usg=-1.98; three_pct=-1.87; FTR=-1.74,usg,-1.98070403986372
quality_lite_residual_height_025,k8__division_zscore__quality_lite_residual_height_025__method-nnls__init-aa_plus_plus__ninit-1,8,division_zscore,quality_lite_residual_height_025,nnls,aa_plus_plus,0.3498785561307565,,19,mins_per_game,1,529,0.1763333333333333,307,222,0.4419119229795171,ast_pct=3.03; usg=1.93; ast_tov=1.76; ft_pct=1.06; three_pct=0.61,height_inches=-1.78; orb_pct=-0.93; drb_pct=-0.69; resid_three_share_height=-0.67; FTR=-0.60,usg,1.932280078227248
quality_lite_residual_height_025,k8__division_zscore__quality_lite_residual_height_025__method-nnls__init-aa_plus_plus__ninit-1,8,division_zscore,quality_lite_residual_height_025,nnls,aa_plus_plus,0.3498785561307565,,19,mins_per_game,2,752,0.2506666666666666,405,347,0.4366160202801528,three_pa_per_100_team_poss=2.47; resid_three_share_height=2.41; three_share=1.89; three_pct=0.93; ft_pct=0.92,resid_orb_pct_height=-1.87; ast_tov=-1.42; ast_pct=-1.41; tov_pct=-1.18; resid_drb_pct_height=-1.06,usg,0.596062102594042
quality_lite_residual_height_025,k8__division_zscore__quality_lite_residual_height_025__method-nnls__init-aa_plus_plus__ninit-1,8,division_zscore,quality_lite_residual_height_025,nnls,aa_plus_plus,0.3498785561307565,,19,mins_per_game,3,312,0.104,166,146,0.43774446051854,ast_tov=3.61; three_share=2.22; resid_three_share_height=2.14; three_pa_per_100_team_poss=1.57; stl_pct=0.55,tov_pct=-1.87; FTR=-1.57; drb_pct=-1.49; usg=-1.42; height_inches=-1.38,usg,-1.4244554388695974
quality_lite_residual_height_025,k8__division_zscore__quality_lite_residual_height_025__method-nnls__init-aa_plus_plus__ninit-1,8,division_zscore,quality_lite_residual_height_025,nnls,aa_plus_plus,0.3498785561307565,,19,mins_per_game,4,588,0.196,330,258,0.4668806464987574,blk_pct=2.90; drb_pct=2.68; resid_drb_pct_height=2.59; orb_pct=2.45; resid_orb_pct_height=2.16,three_pct=-1.59; three_share=-1.54; three_pa_per_100_team_poss=-1.41; resid_three_share_height=-0.94; ast_tov=-0.94,usg,0.8627132987029741
quality_lite_residual_height_025,k8__division_zscore__quality_lite_residual_height_025__method-nnls__init-aa_plus_plus__ninit-1,8,division_zscore,quality_lite_residual_height_025,nnls,aa_plus_plus,0.3498785561307565,,19,mins_per_game,5,354,0.118,173,181,0.4255553392807613,stl_pct=3.42; FTR=2.12; ast_pct=1.57; tov_pct=1.11; resid_drb_pct_height=1.00,resid_three_share_height=-1.08; height_inches=-1.06; orb_pct=-0.63; three_share=-0.59; three_pa_per_100_team_poss=-0.59,usg,0.734117980304771
quality_lite_residual_height_025,k8__division_zscore__quality_lite_residual_height_025__method-nnls__init-aa_plus_plus__ninit-1,8,division_zscore,quality_lite_residual_height_025,nnls,aa_plus_plus,0.3498785561307565,,19,mins_per_game,6,81,0.027,45,36,0.357951212640229,resid_orb_pct_height=3.19; orb_pct=2.93; height_inches=1.08; usg=0.60; resid_three_share_height=0.40,resid_three_pct_shot_mix=-2.80; eFG=-2.26; stl_pct=-2.07; resid_drb_pct_height=-2.05; three_pct=-1.93,usg,0.6047336723439027
quality_lite_residual_height_025,k8__division_zscore__quality_lite_residual_height_025__method-nnls__init-aa_plus_plus__ninit-1,8,division_zscore,quality_lite_residual_height_025,nnls,aa_plus_plus,0.3498785561307565,,19,mins_per_game,7,210,0.07,117,93,0.4562841093401617,FTR=3.52; eFG=1.08; height_inches=0.95; tov_pct=0.51; orb_pct=0.47,usg=-1.99; stl_pct=-1.76; resid_drb_pct_height=-1.74; three_pct=-1.59; three_pa_per_100_team_poss=-1.34,usg,-1.9944475035943008
quality_lite_residual_height_025,k8__division_zscore__quality_lite_residual_height_025__method-nnls__init-aa_plus_plus__ninit-1,8,division_zscore,quality_lite_residual_height_025,nnls,aa_plus_plus,0.3498785561307565,,19,mins_per_game,8,174,0.058,85,89,0.4032529874953709,tov_pct=3.87; blk_pct=0.50; stl_pct=-0.03; height_inches=-0.43; resid_three_pct_shot_mix=-0.49,ft_pct=-3.65; eFG=-2.39; usg=-1.95; FTR=-1.86; three_pct=-1.71,usg,-1.954038536412075
role_residual_context_only_height_025,k6__division_zscore__role_residual_context_only_height_025__method-nnls__init-furthest_sum__ninit-1,6,division_zscore,role_residual_context_only_height_025,nnls,furthest_sum,0.3368763307950451,,13,mins_per_game|eFG|three_share|orb_pct|drb_pct|three_pct|ft_pct,1,399,0.133,214,185,0.491566233306474,blk_pct=3.72; height_inches=1.81; resid_orb_pct_height=1.61; resid_drb_pct_height=1.58; usg=0.59,three_pa_per_100_team_poss=-1.40; resid_three_share_height=-1.12; ast_tov=-1.08; ast_pct=-0.76; stl_pct=-0.68,usg,0.5927310063441301
role_residual_context_only_height_025,k6__division_zscore__role_residual_context_only_height_025__method-nnls__init-furthest_sum__ninit-1,6,division_zscore,role_residual_context_only_height_025,nnls,furthest_sum,0.3368763307950451,,13,mins_per_game|eFG|three_share|orb_pct|drb_pct|three_pct|ft_pct,2,256,0.0853333333333333,134,122,0.4312523759271313,tov_pct=3.94; stl_pct=0.18; resid_drb_pct_height=-0.06; blk_pct=-0.17; resid_three_pct_shot_mix=-0.38,usg=-2.09; FTR=-1.85; resid_three_share_height=-1.65; three_pa_per_100_team_poss=-1.42; ast_pct=-0.80,usg,-2.089949553842842
role_residual_context_only_height_025,k6__division_zscore__role_residual_context_only_height_025__method-nnls__init-furthest_sum__ninit-1,6,division_zscore,role_residual_context_only_height_025,nnls,furthest_sum,0.3368763307950451,,13,mins_per_game|eFG|three_share|orb_pct|drb_pct|three_pct|ft_pct,3,447,0.149,247,200,0.4804909346980892,FTR=3.56; height_inches=0.93; resid_orb_pct_height=0.69; tov_pct=-0.01; resid_three_pct_shot_mix=-0.17,three_pa_per_100_team_poss=-1.44; ast_pct=-1.20; usg=-1.16; resid_three_share_height=-1.11; ast_tov=-0.87,usg,-1.1584855230726605
role_residual_context_only_height_025,k6__division_zscore__role_residual_context_only_height_025__method-nnls__init-furthest_sum__ninit-1,6,division_zscore,role_residual_context_only_height_025,nnls,furthest_sum,0.3368763307950451,,13,mins_per_game|eFG|three_share|orb_pct|drb_pct|three_pct|ft_pct,4,770,0.2566666666666666,414,356,0.4768149356626522,three_pa_per_100_team_poss=2.49; resid_three_share_height=2.28; usg=0.58; height_inches=0.46; resid_three_pct_shot_mix=-0.04,tov_pct=-1.61; ast_tov=-1.48; ast_pct=-1.36; FTR=-1.34; resid_orb_pct_height=-1.26,usg,0.5843917967931325
role_residual_context_only_height_025,k6__division_zscore__role_residual_context_only_height_025__method-nnls__init-furthest_sum__ninit-1,6,division_zscore,role_residual_context_only_height_025,nnls,furthest_sum,0.3368763307950451,,13,mins_per_game|eFG|three_share|orb_pct|drb_pct|three_pct|ft_pct,5,336,0.112,180,156,0.4707344944722498,ast_tov=3.55; resid_three_share_height=1.48; three_pa_per_100_team_poss=0.72; stl_pct=0.12; ast_pct=0.06,tov_pct=-1.98; usg=-1.68; FTR=-1.40; resid_drb_pct_height=-0.77; height_inches=-0.65,usg,-1.6794115164158074
role_residual_context_only_height_025,k6__division_zscore__role_residual_context_only_height_025__method-nnls__init-furthest_sum__ninit-1,6,division_zscore,role_residual_context_only_height_025,nnls,furthest_sum,0.3368763307950451,,13,mins_per_game|eFG|three_share|orb_pct|drb_pct|three_pct|ft_pct,6,792,0.264,439,353,0.5086092677725567,ast_pct=2.67; usg=2.02; stl_pct=1.76; resid_drb_pct_height=1.03; ast_tov=0.64,height_inches=-1.50; resid_three_share_height=-0.88; blk_pct=-0.56; three_pa_per_100_team_poss=0.02; resid_three_pct_shot_mix=0.11,usg,2.024583410955459
role_residual_context_only_height_025,k7__division_zscore__role_residual_context_only_height_025__method-nnls__init-uniform__ninit-1,7,division_zscore,role_residual_context_only_height_025,nnls,uniform,0.3029113353306103,,13,mins_per_game|eFG|three_share|orb_pct|drb_pct|three_pct|ft_pct,1,360,0.12,192,168,0.4584837224076431,FTR=3.53; height_inches=0.92; tov_pct=0.26; resid_orb_pct_height=0.21; resid_three_pct_shot_mix=0.07,usg=-1.67; stl_pct=-1.47; three_pa_per_100_team_poss=-1.36; ast_pct=-1.22; resid_drb_pct_height=-0.97,usg,-1.6735944574173072
role_residual_context_only_height_025,k7__division_zscore__role_residual_context_only_height_025__method-nnls__init-uniform__ninit-1,7,division_zscore,role_residual_context_only_height_025,nnls,uniform,0.3029113353306103,,13,mins_per_game|eFG|three_share|orb_pct|drb_pct|three_pct|ft_pct,2,775,0.2583333333333333,419,356,0.4636316211350982,three_pa_per_100_team_poss=2.49; resid_three_share_height=2.22; usg=0.75; height_inches=0.35; resid_three_pct_shot_mix=-0.05,tov_pct=-1.55; ast_tov=-1.48; ast_pct=-1.31; FTR=-1.24; resid_orb_pct_height=-1.19,usg,0.7454845459400372
role_residual_context_only_height_025,k7__division_zscore__role_residual_context_only_height_025__method-nnls__init-uniform__ninit-1,7,division_zscore,role_residual_context_only_height_025,nnls,uniform,0.3029113353306103,,13,mins_per_game|eFG|three_share|orb_pct|drb_pct|three_pct|ft_pct,3,374,0.1246666666666666,212,162,0.4795775838729453,blk_pct=3.85; height_inches=2.10; resid_drb_pct_height=1.07; resid_orb_pct_height=0.58; usg=0.30,three_pa_per_100_team_poss=-1.42; stl_pct=-1.32; resid_three_share_height=-1.19; ast_tov=-0.96; ast_pct=-0.49,usg,0.3010640614924416
role_residual_context_only_height_025,k7__division_zscore__role_residual_context_only_height_025__method-nnls__init-uniform__ninit-1,7,division_zscore,role_residual_context_only_height_025,nnls,uniform,0.3029113353306103,,13,mins_per_game|eFG|three_share|orb_pct|drb_pct|three_pct|ft_pct,4,272,0.0906666666666666,150,122,0.4404852800545149,ast_tov=3.61; resid_three_share_height=2.19; three_pa_per_100_team_poss=1.11; stl_pct=0.64; resid_three_pct_shot_mix=-0.16,tov_pct=-2.23; usg=-1.84; FTR=-1.80; resid_drb_pct_height=-1.15; blk_pct=-0.87,usg,-1.8436215059516428
role_residual_context_only_height_025,k7__division_zscore__role_residual_context_only_height_025__method-nnls__init-uniform__ninit-1,7,division_zscore,role_residual_context_only_height_025,nnls,uniform,0.3029113353306103,,13,mins_per_game|eFG|three_share|orb_pct|drb_pct|three_pct|ft_pct,5,223,0.0743333333333333,116,107,0.3941958095119705,stl_pct=3.24; resid_orb_pct_height=2.99; resid_drb_pct_height=1.33; usg=0.46; blk_pct=0.39,resid_three_share_height=-1.83; ast_tov=-1.44; three_pa_per_100_team_poss=-1.35; ast_pct=-1.11; resid_three_pct_shot_mix=-0.57,usg,0.4572468597140864
role_residual_context_only_height_025,k7__division_zscore__role_residual_context_only_height_025__method-nnls__init-uniform__ninit-1,7,division_zscore,role_residual_context_only_height_025,nnls,uniform,0.3029113353306103,,13,mins_per_game|eFG|three_share|orb_pct|drb_pct|three_pct|ft_pct,6,245,0.0816666666666666,130,115,0.4291862487342904,tov_pct=3.87; resid_drb_pct_height=0.09; stl_pct=0.06; resid_three_pct_shot_mix=-0.27; blk_pct=-0.29,usg=-2.05; FTR=-1.83; resid_three_share_height=-1.36; three_pa_per_100_team_poss=-1.28; height_inches=-0.75,usg,-2.047710697225102
role_residual_context_only_height_025,k7__division_zscore__role_residual_context_only_height_025__method-nnls__init-uniform__ninit-1,7,division_zscore,role_residual_context_only_height_025,nnls,uniform,0.3029113353306103,,13,mins_per_game|eFG|three_share|orb_pct|drb_pct|three_pct|ft_pct,7,751,0.2503333333333333,409,342,0.498680788830028,ast_pct=2.97; usg=1.95; ast_tov=1.28; stl_pct=0.91; resid_drb_pct_height=0.80,height_inches=-1.49; resid_three_share_height=-0.79; blk_pct=-0.55; tov_pct=-0.02; resid_orb_pct_height=-0.00,usg,1.9549472622313648
role_residual_context_only_height_025,k8__division_zscore__role_residual_context_only_height_025__method-nnls__init-uniform__ninit-1,8,division_zscore,role_residual_context_only_height_025,nnls,uniform,0.2749070877774018,,13,mins_per_game|eFG|three_share|orb_pct|drb_pct|three_pct|ft_pct,1,369,0.123,192,177,0.4455068245039268,FTR=3.56; height_inches=0.61; tov_pct=0.49; resid_orb_pct_height=0.19; resid_three_pct_shot_mix=-0.06,usg=-1.76; three_pa_per_100_team_poss=-1.40; ast_pct=-1.24; resid_three_share_height=-1.23; resid_drb_pct_height=-0.84,usg,-1.7611678598610356
role_residual_context_only_height_025,k8__division_zscore__role_residual_context_only_height_025__method-nnls__init-uniform__ninit-1,8,division_zscore,role_residual_context_only_height_025,nnls,uniform,0.2749070877774018,,13,mins_per_game|eFG|three_share|orb_pct|drb_pct|three_pct|ft_pct,2,826,0.2753333333333333,443,383,0.4518674160266331,three_pa_per_100_team_poss=2.48; resid_three_share_height=2.28; usg=0.63; height_inches=0.30; resid_three_pct_shot_mix=0.14,tov_pct=-1.52; stl_pct=-1.42; ast_tov=-1.34; FTR=-1.26; ast_pct=-1.25,usg,0.6312504010711972
role_residual_context_only_height_025,k8__division_zscore__role_residual_context_only_height_025__method-nnls__init-uniform__ninit-1,8,division_zscore,role_residual_context_only_height_025,nnls,uniform,0.2749070877774018,,13,mins_per_game|eFG|three_share|orb_pct|drb_pct|three_pct|ft_pct,3,411,0.137,217,194,0.4364216184893016,stl_pct=3.46; usg=1.79; ast_pct=1.61; resid_drb_pct_height=0.57; FTR=0.56,height_inches=-1.31; resid_three_share_height=-0.79; blk_pct=-0.46; resid_three_pct_shot_mix=-0.42; ast_tov=-0.14,usg,1.7850442181425787
role_residual_context_only_height_025,k8__division_zscore__role_residual_context_only_height_025__method-nnls__init-uniform__ninit-1,8,division_zscore,role_residual_context_only_height_025,nnls,uniform,0.2749070877774018,,13,mins_per_game|eFG|three_share|orb_pct|drb_pct|three_pct|ft_pct,4,200,0.0666666666666666,122,78,0.4515182295428119,blk_pct=4.04; height_inches=1.95; tov_pct=0.70; FTR=0.18; resid_three_pct_shot_mix=-0.65,usg=-1.71; ast_pct=-1.37; three_pa_per_100_team_poss=-1.37; ast_tov=-1.18; resid_drb_pct_height=-1.10,usg,-1.7100342335598226
role_residual_context_only_height_025,k8__division_zscore__role_residual_context_only_height_025__method-nnls__init-uniform__ninit-1,8,division_zscore,role_residual_context_only_height_025,nnls,uniform,0.2749070877774018,,13,mins_per_game|eFG|three_share|orb_pct|drb_pct|three_pct|ft_pct,5,239,0.0796666666666666,116,123,0.3974143304854777,tov_pct=3.94; resid_drb_pct_height=0.44; stl_pct=0.30; resid_orb_pct_height=0.25; ast_tov=-0.16,usg=-2.13; FTR=-1.95; resid_three_share_height=-1.84; three_pa_per_100_team_poss=-1.47; ast_pct=-0.97,usg,-2.1325838196258116
role_residual_context_only_height_025,k8__division_zscore__role_residual_context_only_height_025__method-nnls__init-uniform__ninit-1,8,division_zscore,role_residual_context_only_height_025,nnls,uniform,0.2749070877774018,,13,mins_per_game|eFG|three_share|orb_pct|drb_pct|three_pct|ft_pct,6,254,0.0846666666666666,139,115,0.4234989536962169,ast_tov=3.58; resid_three_share_height=2.18; three_pa_per_100_team_poss=1.17; stl_pct=0.80; resid_three_pct_shot_mix=-0.02,tov_pct=-2.33; usg=-1.84; FTR=-1.80; resid_drb_pct_height=-1.22; blk_pct=-0.83,usg,-1.8400245497536536
role_residual_context_only_height_025,k8__division_zscore__role_residual_context_only_height_025__method-nnls__init-uniform__ninit-1,8,division_zscore,role_residual_context_only_height_025,nnls,uniform,0.2749070877774018,,13,mins_per_game|eFG|three_share|orb_pct|drb_pct|three_pct|ft_pct,7,400,0.1333333333333333,231,169,0.4460526475604965,ast_pct=3.00; ast_tov=2.25; usg=1.24; three_pa_per_100_team_poss=0.39; resid_three_pct_shot_mix=0.38,height_inches=-1.59; blk_pct=-0.55; stl_pct=-0.50; resid_three_share_height=-0.28; resid_orb_pct_height=-0.26,usg,1.2371624439626068
role_residual_context_only_height_025,k8__division_zscore__role_residual_context_only_height_025__method-nnls__init-uniform__ninit-1,8,division_zscore,role_residual_context_only_height_025,nnls,uniform,0.2749070877774018,,13,mins_per_game|eFG|three_share|orb_pct|drb_pct|three_pct|ft_pct,8,301,0.1003333333333333,168,133,0.3918733651915209,resid_orb_pct_height=3.19; resid_drb_pct_height=2.92; usg=2.45; blk_pct=2.39; height_inches=2.27,resid_three_share_height=-1.73; stl_pct=-1.49; three_pa_per_100_team_poss=-1.45; ast_tov=-0.74; tov_pct=-0.64,usg,2.45022875212412
role_residual_height_025,k6__division_zscore__role_residual_height_025__method-nnls__init-uniform__ninit-1,6,division_zscore,role_residual_height_025,nnls,uniform,0.3614062219411871,,16,mins_per_game|eFG|three_pct|ft_pct,1,346,0.1153333333333333,187,159,0.4563014892775585,ast_tov=3.59; three_share=2.09; resid_three_share_height=2.03; three_pa_per_100_team_poss=1.16; stl_pct=0.41,tov_pct=-1.95; usg=-1.67; FTR=-1.62; drb_pct=-1.31; orb_pct=-1.00,usg,-1.6688920077044778
role_residual_height_025,k6__division_zscore__role_residual_height_025__method-nnls__init-uniform__ninit-1,6,division_zscore,role_residual_height_025,nnls,uniform,0.3614062219411871,,16,mins_per_game|eFG|three_pct|ft_pct,2,325,0.1083333333333333,172,153,0.4763525499436981,FTR=3.50; height_inches=0.63; orb_pct=0.34; tov_pct=0.31; blk_pct=-0.07,resid_drb_pct_height=-1.53; usg=-1.52; three_pa_per_100_team_poss=-1.35; three_share=-1.33; ast_pct=-1.28,usg,-1.5236094321046454
role_residual_height_025,k6__division_zscore__role_residual_height_025__method-nnls__init-uniform__ninit-1,6,division_zscore,role_residual_height_025,nnls,uniform,0.3614062219411871,,16,mins_per_game|eFG|three_pct|ft_pct,3,821,0.2736666666666666,447,374,0.5104963785444115,ast_pct=2.72; usg=1.90; stl_pct=1.70; resid_drb_pct_height=0.82; ast_tov=0.76,height_inches=-1.52; resid_three_share_height=-0.94; orb_pct=-0.67; blk_pct=-0.65; three_share=-0.47,usg,1.89979376996129
role_residual_height_025,k6__division_zscore__role_residual_height_025__method-nnls__init-uniform__ninit-1,6,division_zscore,role_residual_height_025,nnls,uniform,0.3614062219411871,,16,mins_per_game|eFG|three_pct|ft_pct,4,202,0.0673333333333333,109,93,0.4342773851104638,tov_pct=3.89; blk_pct=0.29; stl_pct=0.01; resid_drb_pct_height=-0.32; resid_three_pct_shot_mix=-0.40,usg=-2.04; FTR=-1.88; resid_three_share_height=-1.45; three_pa_per_100_team_poss=-1.33; three_share=-1.24,usg,-2.036899137329765
role_residual_height_025,k6__division_zscore__role_residual_height_025__method-nnls__init-uniform__ninit-1,6,division_zscore,role_residual_height_025,nnls,uniform,0.3614062219411871,,16,mins_per_game|eFG|three_pct|ft_pct,5,699,0.233,373,326,0.4666287550621113,three_pa_per_100_team_poss=2.48; resid_three_share_height=2.32; three_share=2.07; usg=0.50; height_inches=0.49,tov_pct=-1.55; resid_orb_pct_height=-1.51; ast_tov=-1.45; ast_pct=-1.37; FTR=-1.29,usg,0.5005249792062155
role_residual_height_025,k6__division_zscore__role_residual_height_025__method-nnls__init-uniform__ninit-1,6,division_zscore,role_residual_height_025,nnls,uniform,0.3614062219411871,,16,mins_per_game|eFG|three_pct|ft_pct,6,607,0.2023333333333333,340,267,0.4753486052151414,blk_pct=3.01; drb_pct=2.72; orb_pct=2.66; resid_drb_pct_height=2.59; resid_orb_pct_height=2.49,three_share=-1.56; three_pa_per_100_team_poss=-1.45; ast_tov=-1.09; resid_three_share_height=-1.05; ast_pct=-0.81,usg,0.9134145987532614
role_residual_height_025,k7__division_zscore__role_residual_height_025__method-nnls__init-furthest_first__ninit-1,7,division_zscore,role_residual_height_025,nnls,furthest_first,0.3288383772877349,,16,mins_per_game|eFG|three_pct|ft_pct,1,305,0.1016666666666666,160,145,0.4493886514647095,ast_tov=3.61; three_share=2.18; resid_three_share_height=2.15; three_pa_per_100_team_poss=1.11; stl_pct=0.39,tov_pct=-2.10; usg=-1.78; FTR=-1.70; drb_pct=-1.24; orb_pct=-1.02,usg,-1.7824284806488313
role_residual_height_025,k7__division_zscore__role_residual_height_025__method-nnls__init-furthest_first__ninit-1,7,division_zscore,role_residual_height_025,nnls,furthest_first,0.3288383772877349,,16,mins_per_game|eFG|three_pct|ft_pct,2,530,0.1766666666666666,301,229,0.4663893131361202,drb_pct=2.73; blk_pct=2.64; resid_drb_pct_height=2.63; height_inches=2.16; orb_pct=2.14,three_share=-1.43; three_pa_per_100_team_poss=-1.28; stl_pct=-1.11; ast_tov=-0.98; resid_three_share_height=-0.82,usg,1.096527715205613
role_residual_height_025,k7__division_zscore__role_residual_height_025__method-nnls__init-furthest_first__ninit-1,7,division_zscore,role_residual_height_025,nnls,furthest_first,0.3288383772877349,,16,mins_per_game|eFG|three_pct|ft_pct,3,195,0.065,103,92,0.4231394793794408,tov_pct=3.87; blk_pct=0.32; stl_pct=-0.04; resid_three_pct_shot_mix=-0.29; resid_drb_pct_height=-0.31,usg=-2.06; FTR=-1.86; resid_three_share_height=-1.42; three_pa_per_100_team_poss=-1.30; three_share=-1.17,usg,-2.0615291857139604
role_residual_height_025,k7__division_zscore__role_residual_height_025__method-nnls__init-furthest_first__ninit-1,7,division_zscore,role_residual_height_025,nnls,furthest_first,0.3288383772877349,,16,mins_per_game|eFG|three_pct|ft_pct,4,251,0.0836666666666666,136,115,0.4570718812515644,FTR=3.54; height_inches=0.89; tov_pct=0.63; blk_pct=0.42; orb_pct=0.29,usg=-2.05; resid_drb_pct_height=-1.83; stl_pct=-1.56; three_share=-1.39; three_pa_per_100_team_poss=-1.38,usg,-2.0543672892201217
role_residual_height_025,k7__division_zscore__role_residual_height_025__method-nnls__init-furthest_first__ninit-1,7,division_zscore,role_residual_height_025,nnls,furthest_first,0.3288383772877349,,16,mins_per_game|eFG|three_pct|ft_pct,5,722,0.2406666666666666,390,332,0.4585019932877403,three_pa_per_100_team_poss=2.47; resid_three_share_height=2.31; three_share=2.10; usg=0.41; height_inches=0.35,tov_pct=-1.55; ast_tov=-1.45; FTR=-1.40; ast_pct=-1.39; resid_orb_pct_height=-1.38,usg,0.4109879038604215
role_residual_height_025,k7__division_zscore__role_residual_height_025__method-nnls__init-furthest_first__ninit-1,7,division_zscore,role_residual_height_025,nnls,furthest_first,0.3288383772877349,,16,mins_per_game|eFG|three_pct|ft_pct,6,812,0.2706666666666666,438,374,0.5056403990298297,ast_pct=2.87; usg=1.89; stl_pct=1.17; ast_tov=0.99; FTR=0.64,height_inches=-1.61; orb_pct=-0.88; resid_three_share_height=-0.79; blk_pct=-0.67; three_share=-0.33,usg,1.887164351230884
role_residual_height_025,k7__division_zscore__role_residual_height_025__method-nnls__init-furthest_first__ninit-1,7,division_zscore,role_residual_height_025,nnls,furthest_first,0.3288383772877349,,16,mins_per_game|eFG|three_pct|ft_pct,7,185,0.0616666666666666,100,85,0.4014136376762342,stl_pct=3.24; resid_orb_pct_height=3.16; orb_pct=2.92; resid_drb_pct_height=1.41; drb_pct=1.35,resid_three_share_height=-1.77; three_share=-1.53; ast_tov=-1.46; three_pa_per_100_team_poss=-1.43; ast_pct=-1.27,usg,0.0700367954532008
role_residual_height_025,k8__division_zscore__role_residual_height_025__method-nnls__init-aa_plus_plus__ninit-1,8,division_zscore,role_residual_height_025,nnls,aa_plus_plus,0.3039979597431767,,16,mins_per_game|eFG|three_pct|ft_pct,1,243,0.081,131,112,0.398288912455824,resid_drb_pct_height=2.56; drb_pct=2.49; resid_three_share_height=1.61; height_inches=1.06; three_pa_per_100_team_poss=0.97,resid_orb_pct_height=-1.78; ast_tov=-0.71; orb_pct=-0.67; ast_pct=-0.26; stl_pct=-0.22,usg,0.7239763672708063
role_residual_height_025,k8__division_zscore__role_residual_height_025__method-nnls__init-aa_plus_plus__ninit-1,8,division_zscore,role_residual_height_025,nnls,aa_plus_plus,0.3039979597431767,,16,mins_per_game|eFG|three_pct|ft_pct,2,295,0.0983333333333333,158,137,0.4599621102965566,FTR=3.54; tov_pct=0.75; height_inches=0.45; orb_pct=0.16; blk_pct=-0.22,usg=-1.66; three_pa_per_100_team_poss=-1.36; resid_drb_pct_height=-1.28; three_share=-1.26; ast_pct=-1.21,usg,-1.656687696480137
role_residual_height_025,k8__division_zscore__role_residual_height_025__method-nnls__init-aa_plus_plus__ninit-1,8,division_zscore,role_residual_height_025,nnls,aa_plus_plus,0.3039979597431767,,16,mins_per_game|eFG|three_pct|ft_pct,3,537,0.179,285,252,0.4379180038970349,three_pa_per_100_team_poss=2.47; resid_three_share_height=2.22; three_share=2.18; usg=0.29; resid_three_pct_shot_mix=0.09,FTR=-1.74; tov_pct=-1.73; stl_pct=-1.63; ast_pct=-1.36; ast_tov=-1.30,usg,0.2860723925525186
role_residual_height_025,k8__division_zscore__role_residual_height_025__method-nnls__init-aa_plus_plus__ninit-1,8,division_zscore,role_residual_height_025,nnls,aa_plus_plus,0.3039979597431767,,16,mins_per_game|eFG|three_pct|ft_pct,4,503,0.1676666666666666,278,225,0.4600777148688272,resid_orb_pct_height=3.18; orb_pct=2.92; drb_pct=2.17; resid_drb_pct_height=2.15; blk_pct=1.62,three_share=-1.53; resid_three_share_height=-1.48; three_pa_per_100_team_poss=-1.43; ast_tov=-0.96; ast_pct=-0.60,usg,1.2673888295747815
role_residual_height_025,k8__division_zscore__role_residual_height_025__method-nnls__init-aa_plus_plus__ninit-1,8,division_zscore,role_residual_height_025,nnls,aa_plus_plus,0.3039979597431767,,16,mins_per_game|eFG|three_pct|ft_pct,5,278,0.0926666666666666,153,125,0.4311668931739094,ast_tov=3.61; resid_three_share_height=2.25; three_share=2.22; three_pa_per_100_team_poss=1.23; stl_pct=0.69,tov_pct=-2.31; usg=-1.81; FTR=-1.73; drb_pct=-1.38; resid_drb_pct_height=-1.20,usg,-1.812983547308053
role_residual_height_025,k8__division_zscore__role_residual_height_025__method-nnls__init-aa_plus_plus__ninit-1,8,division_zscore,role_residual_height_025,nnls,aa_plus_plus,0.3039979597431767,,16,mins_per_game|eFG|three_pct|ft_pct,6,774,0.258,423,351,0.4992093939194048,ast_pct=2.73; usg=1.98; stl_pct=1.46; ast_tov=1.02; FTR=0.53,height_inches=-1.46; resid_three_share_height=-0.88; orb_pct=-0.83; blk_pct=-0.56; drb_pct=-0.51,usg,1.9785800945939431
role_residual_height_025,k8__division_zscore__role_residual_height_025__method-nnls__init-aa_plus_plus__ninit-1,8,division_zscore,role_residual_height_025,nnls,aa_plus_plus,0.3039979597431767,,16,mins_per_game|eFG|three_pct|ft_pct,7,197,0.0656666666666666,98,99,0.4209347235024275,tov_pct=3.83; resid_drb_pct_height=0.45; resid_orb_pct_height=0.08; stl_pct=0.07; ast_tov=-0.11,usg=-2.02; FTR=-1.81; three_pa_per_100_team_poss=-1.21; resid_three_share_height=-1.21; three_share=-0.95,usg,-2.024383981382365
role_residual_height_025,k8__division_zscore__role_residual_height_025__method-nnls__init-aa_plus_plus__ninit-1,8,division_zscore,role_residual_height_025,nnls,aa_plus_plus,0.3039979597431767,,16,mins_per_game|eFG|three_pct|ft_pct,8,173,0.0576666666666666,102,71,0.4347385314200787,blk_pct=4.01; height_inches=1.98; tov_pct=0.82; orb_pct=0.68; drb_pct=0.23,stl_pct=-1.61; three_share=-1.55; three_pa_per_100_team_poss=-1.45; ast_tov=-1.38; usg=-1.31,usg,-1.306695740325539
quality_lite_residual_height_025,k6__division_zscore__quality_lite_residual_height_025__method-nnls__init-uniform__ninit-1,6,division_zscore,quality_lite_residual_height_025,nnls,uniform,0.3943301221227731,,19,mins_per_game,1,446,0.1486666666666666,234,212,0.4718340729331904,ast_tov=3.50; three_share=1.58; resid_three_share_height=1.43; three_pa_per_100_team_poss=1.01; three_pct=0.47,tov_pct=-1.55; height_inches=-1.46; drb_pct=-1.40; usg=-1.38; FTR=-1.37,ast_pct,0.3117777849518476
quality_lite_residual_height_025,k6__division_zscore__quality_lite_residual_height_025__method-nnls__init-uniform__ninit-1,6,division_zscore,quality_lite_residual_height_025,nnls,uniform,0.3943301221227731,,19,mins_per_game,2,318,0.106,171,147,0.4879865237314554,FTR=3.50; tov_pct=0.69; height_inches=0.59; eFG=0.45; orb_pct=0.44,usg=-1.54; three_pct=-1.40; three_share=-1.38; three_pa_per_100_team_poss=-1.36; resid_drb_pct_height=-1.34,ast_pct,-1.1709353923820771
quality_lite_residual_height_025,k6__division_zscore__quality_lite_residual_height_025__method-nnls__init-uniform__ninit-1,6,division_zscore,quality_lite_residual_height_025,nnls,uniform,0.3943301221227731,,19,mins_per_game,3,773,0.2576666666666666,423,350,0.5055253658617865,ast_pct=2.59; usg=2.09; stl_pct=1.74; resid_drb_pct_height=0.96; ft_pct=0.84,height_inches=-1.50; resid_three_share_height=-0.90; orb_pct=-0.68; blk_pct=-0.65; three_share=-0.43,ast_pct,2.5909084127286524
quality_lite_residual_height_025,k6__division_zscore__quality_lite_residual_height_025__method-nnls__init-uniform__ninit-1,6,division_zscore,quality_lite_residual_height_025,nnls,uniform,0.3943301221227731,,19,mins_per_game,4,150,0.05,78,72,0.4339951567489775,tov_pct=3.80; blk_pct=0.17; stl_pct=0.15; height_inches=-0.34; resid_drb_pct_height=-0.57,ft_pct=-3.47; eFG=-2.72; three_pct=-1.99; usg=-1.96; FTR=-1.75,ast_pct,-0.9913082304201736
quality_lite_residual_height_025,k6__division_zscore__quality_lite_residual_height_025__method-nnls__init-uniform__ninit-1,6,division_zscore,quality_lite_residual_height_025,nnls,uniform,0.3943301221227731,,19,mins_per_game,5,761,0.2536666666666666,414,347,0.461036528191439,three_pa_per_100_team_poss=2.48; resid_three_share_height=2.38; three_share=1.91; height_inches=0.94; ft_pct=0.91,resid_orb_pct_height=-1.62; tov_pct=-1.52; ast_tov=-1.45; ast_pct=-1.39; stl_pct=-1.06,ast_pct,-1.394422039734094
quality_lite_residual_height_025,k6__division_zscore__quality_lite_residual_height_025__method-nnls__init-uniform__ninit-1,6,division_zscore,quality_lite_residual_height_025,nnls,uniform,0.3943301221227731,,19,mins_per_game,6,552,0.184,308,244,0.4768258023438629,blk_pct=3.05; drb_pct=2.72; orb_pct=2.70; resid_drb_pct_height=2.61; resid_orb_pct_height=2.59,three_pct=-1.88; three_share=-1.55; three_pa_per_100_team_poss=-1.44; resid_three_share_height=-1.06; ast_tov=-1.02,ast_pct,-0.690105193543579
quality_lite_residual_height_025,k7__division_zscore__quality_lite_residual_height_025__method-nnls__init-aa_plus_plus__ninit-1,7,division_zscore,quality_lite_residual_height_025,nnls,aa_plus_plus,0.366285016296777,,19,mins_per_game,1,731,0.2436666666666666,408,323,0.5093574926750019,ast_pct=2.74; usg=1.99; stl_pct=1.59; ft_pct=0.88; ast_tov=0.68,height_inches=-1.60; orb_pct=-0.91; resid_three_share_height=-0.70; blk_pct=-0.56; drb_pct=-0.33,ast_pct,2.739879552357096
quality_lite_residual_height_025,k7__division_zscore__quality_lite_residual_height_025__method-nnls__init-aa_plus_plus__ninit-1,7,division_zscore,quality_lite_residual_height_025,nnls,aa_plus_plus,0.366285016296777,,19,mins_per_game,2,730,0.2433333333333333,398,332,0.4555683778150854,three_pa_per_100_team_poss=2.49; resid_three_share_height=2.34; three_share=1.91; ft_pct=0.87; height_inches=0.87,resid_orb_pct_height=-1.64; tov_pct=-1.53; ast_tov=-1.52; ast_pct=-1.39; resid_drb_pct_height=-0.99,ast_pct,-1.3917212863016757
quality_lite_residual_height_025,k7__division_zscore__quality_lite_residual_height_025__method-nnls__init-aa_plus_plus__ninit-1,7,division_zscore,quality_lite_residual_height_025,nnls,aa_plus_plus,0.366285016296777,,19,mins_per_game,3,205,0.0683333333333333,110,95,0.4730010463555472,FTR=3.53; tov_pct=0.95; height_inches=0.30; blk_pct=0.04; orb_pct=-0.05,three_pct=-1.67; usg=-1.59; resid_drb_pct_height=-1.56; drb_pct=-1.34; three_pa_per_100_team_poss=-1.33,ast_pct,-1.264401394255131
quality_lite_residual_height_025,k7__division_zscore__quality_lite_residual_height_025__method-nnls__init-aa_plus_plus__ninit-1,7,division_zscore,quality_lite_residual_height_025,nnls,aa_plus_plus,0.366285016296777,,19,mins_per_game,4,471,0.157,247,224,0.4506954290952387,resid_orb_pct_height=2.93; orb_pct=2.77; resid_drb_pct_height=2.65; drb_pct=2.57; FTR=1.40,three_share=-1.35; resid_three_share_height=-1.26; three_pa_per_100_team_poss=-1.23; ast_tov=-0.90; tov_pct=-0.62,ast_pct,-0.3580128577791054
quality_lite_residual_height_025,k7__division_zscore__quality_lite_residual_height_025__method-nnls__init-aa_plus_plus__ninit-1,7,division_zscore,quality_lite_residual_height_025,nnls,aa_plus_plus,0.366285016296777,,19,mins_per_game,5,265,0.0883333333333333,156,109,0.4819456209533383,blk_pct=3.96; height_inches=2.00; eFG=1.82; orb_pct=1.33; drb_pct=1.02,three_pct=-1.98; three_share=-1.56; three_pa_per_100_team_poss=-1.46; ast_tov=-0.99; stl_pct=-0.98,ast_pct,-0.7353233856067481
quality_lite_residual_height_025,k7__division_zscore__quality_lite_residual_height_025__method-nnls__init-aa_plus_plus__ninit-1,7,division_zscore,quality_lite_residual_height_025,nnls,aa_plus_plus,0.366285016296777,,19,mins_per_game,6,414,0.138,222,192,0.4665533421295215,ast_tov=3.48; three_share=1.72; resid_three_share_height=1.66; three_pa_per_100_team_poss=1.06; three_pct=0.66,tov_pct=-1.69; usg=-1.44; FTR=-1.26; drb_pct=-1.22; height_inches=-1.17,ast_pct,0.0566080140966113
quality_lite_residual_height_025,k7__division_zscore__quality_lite_residual_height_025__method-nnls__init-aa_plus_plus__ninit-1,7,division_zscore,quality_lite_residual_height_025,nnls,aa_plus_plus,0.366285016296777,,19,mins_per_game,7,184,0.0613333333333333,87,97,0.4189364894369921,tov_pct=3.68; stl_pct=0.35; resid_drb_pct_height=0.12; resid_orb_pct_height=0.07; ast_tov=-0.32,ft_pct=-3.25; eFG=-2.94; usg=-1.98; three_pct=-1.87; FTR=-1.74,ast_pct,-0.8681093041316446
quality_lite_residual_height_025,k8__division_zscore__quality_lite_residual_height_025__method-nnls__init-aa_plus_plus__ninit-1,8,division_zscore,quality_lite_residual_height_025,nnls,aa_plus_plus,0.3498785561307565,,19,mins_per_game,1,529,0.1763333333333333,307,222,0.4419119229795171,ast_pct=3.03; usg=1.93; ast_tov=1.76; ft_pct=1.06; three_pct=0.61,height_inches=-1.78; orb_pct=-0.93; drb_pct=-0.69; resid_three_share_height=-0.67; FTR=-0.60,ast_pct,3.0284158216448316
quality_lite_residual_height_025,k8__division_zscore__quality_lite_residual_height_025__method-nnls__init-aa_plus_plus__ninit-1,8,division_zscore,quality_lite_residual_height_025,nnls,aa_plus_plus,0.3498785561307565,,19,mins_per_game,2,752,0.2506666666666666,405,347,0.4366160202801528,three_pa_per_100_team_poss=2.47; resid_three_share_height=2.41; three_share=1.89; three_pct=0.93; ft_pct=0.92,resid_orb_pct_height=-1.87; ast_tov=-1.42; ast_pct=-1.41; tov_pct=-1.18; resid_drb_pct_height=-1.06,ast_pct,-1.4059499991924638
quality_lite_residual_height_025,k8__division_zscore__quality_lite_residual_height_025__method-nnls__init-aa_plus_plus__ninit-1,8,division_zscore,quality_lite_residual_height_025,nnls,aa_plus_plus,0.3498785561307565,,19,mins_per_game,3,312,0.104,166,146,0.43774446051854,ast_tov=3.61; three_share=2.22; resid_three_share_height=2.14; three_pa_per_100_team_poss=1.57; stl_pct=0.55,tov_pct=-1.87; FTR=-1.57; drb_pct=-1.49; usg=-1.42; height_inches=-1.38,ast_pct,-0.017912247936781
quality_lite_residual_height_025,k8__division_zscore__quality_lite_residual_height_025__method-nnls__init-aa_plus_plus__ninit-1,8,division_zscore,quality_lite_residual_height_025,nnls,aa_plus_plus,0.3498785561307565,,19,mins_per_game,4,588,0.196,330,258,0.4668806464987574,blk_pct=2.90; drb_pct=2.68; resid_drb_pct_height=2.59; orb_pct=2.45; resid_orb_pct_height=2.16,three_pct=-1.59; three_share=-1.54; three_pa_per_100_team_poss=-1.41; resid_three_share_height=-0.94; ast_tov=-0.94,ast_pct,-0.4134417410268335
quality_lite_residual_height_025,k8__division_zscore__quality_lite_residual_height_025__method-nnls__init-aa_plus_plus__ninit-1,8,division_zscore,quality_lite_residual_height_025,nnls,aa_plus_plus,0.3498785561307565,,19,mins_per_game,5,354,0.118,173,181,0.4255553392807613,stl_pct=3.42; FTR=2.12; ast_pct=1.57; tov_pct=1.11; resid_drb_pct_height=1.00,resid_three_share_height=-1.08; height_inches=-1.06; orb_pct=-0.63; three_share=-0.59; three_pa_per_100_team_poss=-0.59,ast_pct,1.5706629001875403
quality_lite_residual_height_025,k8__division_zscore__quality_lite_residual_height_025__method-nnls__init-aa_plus_plus__ninit-1,8,division_zscore,quality_lite_residual_height_025,nnls,aa_plus_plus,0.3498785561307565,,19,mins_per_game,6,81,0.027,45,36,0.357951212640229,resid_orb_pct_height=3.19; orb_pct=2.93; height_inches=1.08; usg=0.60; resid_three_share_height=0.40,resid_three_pct_shot_mix=-2.80; eFG=-2.26; stl_pct=-2.07; resid_drb_pct_height=-2.05; three_pct=-1.93,ast_pct,-1.6295764751861457
quality_lite_residual_height_025,k8__division_zscore__quality_lite_residual_height_025__method-nnls__init-aa_plus_plus__ninit-1,8,division_zscore,quality_lite_residual_height_025,nnls,aa_plus_plus,0.3498785561307565,,19,mins_per_game,7,210,0.07,117,93,0.4562841093401617,FTR=3.52; eFG=1.08; height_inches=0.95; tov_pct=0.51; orb_pct=0.47,usg=-1.99; stl_pct=-1.76; resid_drb_pct_height=-1.74; three_pct=-1.59; three_pa_per_100_team_poss=-1.34,ast_pct,-1.2285601184204442
quality_lite_residual_height_025,k8__division_zscore__quality_lite_residual_height_025__method-nnls__init-aa_plus_plus__ninit-1,8,division_zscore,quality_lite_residual_height_025,nnls,aa_plus_plus,0.3498785561307565,,19,mins_per_game,8,174,0.058,85,89,0.4032529874953709,tov_pct=3.87; blk_pct=0.50; stl_pct=-0.03; height_inches=-0.43; resid_three_pct_shot_mix=-0.49,ft_pct=-3.65; eFG=-2.39; usg=-1.95; FTR=-1.86; three_pct=-1.71,ast_pct,-0.7452004882949095
role_residual_context_only_height_025,k6__division_zscore__role_residual_context_only_height_025__method-nnls__init-furthest_sum__ninit-1,6,division_zscore,role_residual_context_only_height_025,nnls,furthest_sum,0.3368763307950451,,13,mins_per_game|eFG|three_share|orb_pct|drb_pct|three_pct|ft_pct,1,399,0.133,214,185,0.491566233306474,blk_pct=3.72; height_inches=1.81; resid_orb_pct_height=1.61; resid_drb_pct_height=1.58; usg=0.59,three_pa_per_100_team_poss=-1.40; resid_three_share_height=-1.12; ast_tov=-1.08; ast_pct=-0.76; stl_pct=-0.68,ast_pct,-0.7553327381465422
role_residual_context_only_height_025,k6__division_zscore__role_residual_context_only_height_025__method-nnls__init-furthest_sum__ninit-1,6,division_zscore,role_residual_context_only_height_025,nnls,furthest_sum,0.3368763307950451,,13,mins_per_game|eFG|three_share|orb_pct|drb_pct|three_pct|ft_pct,2,256,0.0853333333333333,134,122,0.4312523759271313,tov_pct=3.94; stl_pct=0.18; resid_drb_pct_height=-0.06; blk_pct=-0.17; resid_three_pct_shot_mix=-0.38,usg=-2.09; FTR=-1.85; resid_three_share_height=-1.65; three_pa_per_100_team_poss=-1.42; ast_pct=-0.80,ast_pct,-0.7953624594915267
role_residual_context_only_height_025,k6__division_zscore__role_residual_context_only_height_025__method-nnls__init-furthest_sum__ninit-1,6,division_zscore,role_residual_context_only_height_025,nnls,furthest_sum,0.3368763307950451,,13,mins_per_game|eFG|three_share|orb_pct|drb_pct|three_pct|ft_pct,3,447,0.149,247,200,0.4804909346980892,FTR=3.56; height_inches=0.93; resid_orb_pct_height=0.69; tov_pct=-0.01; resid_three_pct_shot_mix=-0.17,three_pa_per_100_team_poss=-1.44; ast_pct=-1.20; usg=-1.16; resid_three_share_height=-1.11; ast_tov=-0.87,ast_pct,-1.2012576089791402
role_residual_context_only_height_025,k6__division_zscore__role_residual_context_only_height_025__method-nnls__init-furthest_sum__ninit-1,6,division_zscore,role_residual_context_only_height_025,nnls,furthest_sum,0.3368763307950451,,13,mins_per_game|eFG|three_share|orb_pct|drb_pct|three_pct|ft_pct,4,770,0.2566666666666666,414,356,0.4768149356626522,three_pa_per_100_team_poss=2.49; resid_three_share_height=2.28; usg=0.58; height_inches=0.46; resid_three_pct_shot_mix=-0.04,tov_pct=-1.61; ast_tov=-1.48; ast_pct=-1.36; FTR=-1.34; resid_orb_pct_height=-1.26,ast_pct,-1.3591991127395546
role_residual_context_only_height_025,k6__division_zscore__role_residual_context_only_height_025__method-nnls__init-furthest_sum__ninit-1,6,division_zscore,role_residual_context_only_height_025,nnls,furthest_sum,0.3368763307950451,,13,mins_per_game|eFG|three_share|orb_pct|drb_pct|three_pct|ft_pct,5,336,0.112,180,156,0.4707344944722498,ast_tov=3.55; resid_three_share_height=1.48; three_pa_per_100_team_poss=0.72; stl_pct=0.12; ast_pct=0.06,tov_pct=-1.98; usg=-1.68; FTR=-1.40; resid_drb_pct_height=-0.77; height_inches=-0.65,ast_pct,0.0639892615564208
role_residual_context_only_height_025,k6__division_zscore__role_residual_context_only_height_025__method-nnls__init-furthest_sum__ninit-1,6,division_zscore,role_residual_context_only_height_025,nnls,furthest_sum,0.3368763307950451,,13,mins_per_game|eFG|three_share|orb_pct|drb_pct|three_pct|ft_pct,6,792,0.264,439,353,0.5086092677725567,ast_pct=2.67; usg=2.02; stl_pct=1.76; resid_drb_pct_height=1.03; ast_tov=0.64,height_inches=-1.50; resid_three_share_height=-0.88; blk_pct=-0.56; three_pa_per_100_team_poss=0.02; resid_three_pct_shot_mix=0.11,ast_pct,2.674830163381652
role_residual_context_only_height_025,k7__division_zscore__role_residual_context_only_height_025__method-nnls__init-uniform__ninit-1,7,division_zscore,role_residual_context_only_height_025,nnls,uniform,0.3029113353306103,,13,mins_per_game|eFG|three_share|orb_pct|drb_pct|three_pct|ft_pct,1,360,0.12,192,168,0.4584837224076431,FTR=3.53; height_inches=0.92; tov_pct=0.26; resid_orb_pct_height=0.21; resid_three_pct_shot_mix=0.07,usg=-1.67; stl_pct=-1.47; three_pa_per_100_team_poss=-1.36; ast_pct=-1.22; resid_drb_pct_height=-0.97,ast_pct,-1.2210018883023788
role_residual_context_only_height_025,k7__division_zscore__role_residual_context_only_height_025__method-nnls__init-uniform__ninit-1,7,division_zscore,role_residual_context_only_height_025,nnls,uniform,0.3029113353306103,,13,mins_per_game|eFG|three_share|orb_pct|drb_pct|three_pct|ft_pct,2,775,0.2583333333333333,419,356,0.4636316211350982,three_pa_per_100_team_poss=2.49; resid_three_share_height=2.22; usg=0.75; height_inches=0.35; resid_three_pct_shot_mix=-0.05,tov_pct=-1.55; ast_tov=-1.48; ast_pct=-1.31; FTR=-1.24; resid_orb_pct_height=-1.19,ast_pct,-1.3148199831588132
role_residual_context_only_height_025,k7__division_zscore__role_residual_context_only_height_025__method-nnls__init-uniform__ninit-1,7,division_zscore,role_residual_context_only_height_025,nnls,uniform,0.3029113353306103,,13,mins_per_game|eFG|three_share|orb_pct|drb_pct|three_pct|ft_pct,3,374,0.1246666666666666,212,162,0.4795775838729453,blk_pct=3.85; height_inches=2.10; resid_drb_pct_height=1.07; resid_orb_pct_height=0.58; usg=0.30,three_pa_per_100_team_poss=-1.42; stl_pct=-1.32; resid_three_share_height=-1.19; ast_tov=-0.96; ast_pct=-0.49,ast_pct,-0.4930384055550163
role_residual_context_only_height_025,k7__division_zscore__role_residual_context_only_height_025__method-nnls__init-uniform__ninit-1,7,division_zscore,role_residual_context_only_height_025,nnls,uniform,0.3029113353306103,,13,mins_per_game|eFG|three_share|orb_pct|drb_pct|three_pct|ft_pct,4,272,0.0906666666666666,150,122,0.4404852800545149,ast_tov=3.61; resid_three_share_height=2.19; three_pa_per_100_team_poss=1.11; stl_pct=0.64; resid_three_pct_shot_mix=-0.16,tov_pct=-2.23; usg=-1.84; FTR=-1.80; resid_drb_pct_height=-1.15; blk_pct=-0.87,ast_pct,-0.2216031429555196
role_residual_context_only_height_025,k7__division_zscore__role_residual_context_only_height_025__method-nnls__init-uniform__ninit-1,7,division_zscore,role_residual_context_only_height_025,nnls,uniform,0.3029113353306103,,13,mins_per_game|eFG|three_share|orb_pct|drb_pct|three_pct|ft_pct,5,223,0.0743333333333333,116,107,0.3941958095119705,stl_pct=3.24; resid_orb_pct_height=2.99; resid_drb_pct_height=1.33; usg=0.46; blk_pct=0.39,resid_three_share_height=-1.83; ast_tov=-1.44; three_pa_per_100_team_poss=-1.35; ast_pct=-1.11; resid_three_pct_shot_mix=-0.57,ast_pct,-1.1119332870387468
role_residual_context_only_height_025,k7__division_zscore__role_residual_context_only_height_025__method-nnls__init-uniform__ninit-1,7,division_zscore,role_residual_context_only_height_025,nnls,uniform,0.3029113353306103,,13,mins_per_game|eFG|three_share|orb_pct|drb_pct|three_pct|ft_pct,6,245,0.0816666666666666,130,115,0.4291862487342904,tov_pct=3.87; resid_drb_pct_height=0.09; stl_pct=0.06; resid_three_pct_shot_mix=-0.27; blk_pct=-0.29,usg=-2.05; FTR=-1.83; resid_three_share_height=-1.36; three_pa_per_100_team_poss=-1.28; height_inches=-0.75,ast_pct,-0.6346602726746737
role_residual_context_only_height_025,k7__division_zscore__role_residual_context_only_height_025__method-nnls__init-uniform__ninit-1,7,division_zscore,role_residual_context_only_height_025,nnls,uniform,0.3029113353306103,,13,mins_per_game|eFG|three_share|orb_pct|drb_pct|three_pct|ft_pct,7,751,0.2503333333333333,409,342,0.498680788830028,ast_pct=2.97; usg=1.95; ast_tov=1.28; stl_pct=0.91; resid_drb_pct_height=0.80,height_inches=-1.49; resid_three_share_height=-0.79; blk_pct=-0.55; tov_pct=-0.02; resid_orb_pct_height=-0.00,ast_pct,2.97042530939101
role_residual_context_only_height_025,k8__division_zscore__role_residual_context_only_height_025__method-nnls__init-uniform__ninit-1,8,division_zscore,role_residual_context_only_height_025,nnls,uniform,0.2749070877774018,,13,mins_per_game|eFG|three_share|orb_pct|drb_pct|three_pct|ft_pct,1,369,0.123,192,177,0.4455068245039268,FTR=3.56; height_inches=0.61; tov_pct=0.49; resid_orb_pct_height=0.19; resid_three_pct_shot_mix=-0.06,usg=-1.76; three_pa_per_100_team_poss=-1.40; ast_pct=-1.24; resid_three_share_height=-1.23; resid_drb_pct_height=-0.84,ast_pct,-1.2444947984279835
role_residual_context_only_height_025,k8__division_zscore__role_residual_context_only_height_025__method-nnls__init-uniform__ninit-1,8,division_zscore,role_residual_context_only_height_025,nnls,uniform,0.2749070877774018,,13,mins_per_game|eFG|three_share|orb_pct|drb_pct|three_pct|ft_pct,2,826,0.2753333333333333,443,383,0.4518674160266331,three_pa_per_100_team_poss=2.48; resid_three_share_height=2.28; usg=0.63; height_inches=0.30; resid_three_pct_shot_mix=0.14,tov_pct=-1.52; stl_pct=-1.42; ast_tov=-1.34; FTR=-1.26; ast_pct=-1.25,ast_pct,-1.2542402163343795
role_residual_context_only_height_025,k8__division_zscore__role_residual_context_only_height_025__method-nnls__init-uniform__ninit-1,8,division_zscore,role_residual_context_only_height_025,nnls,uniform,0.2749070877774018,,13,mins_per_game|eFG|three_share|orb_pct|drb_pct|three_pct|ft_pct,3,411,0.137,217,194,0.4364216184893016,stl_pct=3.46; usg=1.79; ast_pct=1.61; resid_drb_pct_height=0.57; FTR=0.56,height_inches=-1.31; resid_three_share_height=-0.79; blk_pct=-0.46; resid_three_pct_shot_mix=-0.42; ast_tov=-0.14,ast_pct,1.607221609427314
role_residual_context_only_height_025,k8__division_zscore__role_residual_context_only_height_025__method-nnls__init-uniform__ninit-1,8,division_zscore,role_residual_context_only_height_025,nnls,uniform,0.2749070877774018,,13,mins_per_game|eFG|three_share|orb_pct|drb_pct|three_pct|ft_pct,4,200,0.0666666666666666,122,78,0.4515182295428119,blk_pct=4.04; height_inches=1.95; tov_pct=0.70; FTR=0.18; resid_three_pct_shot_mix=-0.65,usg=-1.71; ast_pct=-1.37; three_pa_per_100_team_poss=-1.37; ast_tov=-1.18; resid_drb_pct_height=-1.10,ast_pct,-1.3741960747444228
role_residual_context_only_height_025,k8__division_zscore__role_residual_context_only_height_025__method-nnls__init-uniform__ninit-1,8,division_zscore,role_residual_context_only_height_025,nnls,uniform,0.2749070877774018,,13,mins_per_game|eFG|three_share|orb_pct|drb_pct|three_pct|ft_pct,5,239,0.0796666666666666,116,123,0.3974143304854777,tov_pct=3.94; resid_drb_pct_height=0.44; stl_pct=0.30; resid_orb_pct_height=0.25; ast_tov=-0.16,usg=-2.13; FTR=-1.95; resid_three_share_height=-1.84; three_pa_per_100_team_poss=-1.47; ast_pct=-0.97,ast_pct,-0.965157595022493
role_residual_context_only_height_025,k8__division_zscore__role_residual_context_only_height_025__method-nnls__init-uniform__ninit-1,8,division_zscore,role_residual_context_only_height_025,nnls,uniform,0.2749070877774018,,13,mins_per_game|eFG|three_share|orb_pct|drb_pct|three_pct|ft_pct,6,254,0.0846666666666666,139,115,0.4234989536962169,ast_tov=3.58; resid_three_share_height=2.18; three_pa_per_100_team_poss=1.17; stl_pct=0.80; resid_three_pct_shot_mix=-0.02,tov_pct=-2.33; usg=-1.84; FTR=-1.80; resid_drb_pct_height=-1.22; blk_pct=-0.83,ast_pct,-0.2384045639471249
role_residual_context_only_height_025,k8__division_zscore__role_residual_context_only_height_025__method-nnls__init-uniform__ninit-1,8,division_zscore,role_residual_context_only_height_025,nnls,uniform,0.2749070877774018,,13,mins_per_game|eFG|three_share|orb_pct|drb_pct|three_pct|ft_pct,7,400,0.1333333333333333,231,169,0.4460526475604965,ast_pct=3.00; ast_tov=2.25; usg=1.24; three_pa_per_100_team_poss=0.39; resid_three_pct_shot_mix=0.38,height_inches=-1.59; blk_pct=-0.55; stl_pct=-0.50; resid_three_share_height=-0.28; resid_orb_pct_height=-0.26,ast_pct,3.0021299882787393
role_residual_context_only_height_025,k8__division_zscore__role_residual_context_only_height_025__method-nnls__init-uniform__ninit-1,8,division_zscore,role_residual_context_only_height_025,nnls,uniform,0.2749070877774018,,13,mins_per_game|eFG|three_share|orb_pct|drb_pct|three_pct|ft_pct,8,301,0.1003333333333333,168,133,0.3918733651915209,resid_orb_pct_height=3.19; resid_drb_pct_height=2.92; usg=2.45; blk_pct=2.39; height_inches=2.27,resid_three_share_height=-1.73; stl_pct=-1.49; three_pa_per_100_team_poss=-1.45; ast_tov=-0.74; tov_pct=-0.64,ast_pct,0.2638902507194343
role_residual_height_025,k6__division_zscore__role_residual_height_025__method-nnls__init-uniform__ninit-1,6,division_zscore,role_residual_height_025,nnls,uniform,0.3614062219411871,,16,mins_per_game|eFG|three_pct|ft_pct,1,346,0.1153333333333333,187,159,0.4563014892775585,ast_tov=3.59; three_share=2.09; resid_three_share_height=2.03; three_pa_per_100_team_poss=1.16; stl_pct=0.41,tov_pct=-1.95; usg=-1.67; FTR=-1.62; drb_pct=-1.31; orb_pct=-1.00,ast_pct,-0.1023921300782487
role_residual_height_025,k6__division_zscore__role_residual_height_025__method-nnls__init-uniform__ninit-1,6,division_zscore,role_residual_height_025,nnls,uniform,0.3614062219411871,,16,mins_per_game|eFG|three_pct|ft_pct,2,325,0.1083333333333333,172,153,0.4763525499436981,FTR=3.50; height_inches=0.63; orb_pct=0.34; tov_pct=0.31; blk_pct=-0.07,resid_drb_pct_height=-1.53; usg=-1.52; three_pa_per_100_team_poss=-1.35; three_share=-1.33; ast_pct=-1.28,ast_pct,-1.281465309882818
role_residual_height_025,k6__division_zscore__role_residual_height_025__method-nnls__init-uniform__ninit-1,6,division_zscore,role_residual_height_025,nnls,uniform,0.3614062219411871,,16,mins_per_game|eFG|three_pct|ft_pct,3,821,0.2736666666666666,447,374,0.5104963785444115,ast_pct=2.72; usg=1.90; stl_pct=1.70; resid_drb_pct_height=0.82; ast_tov=0.76,height_inches=-1.52; resid_three_share_height=-0.94; orb_pct=-0.67; blk_pct=-0.65; three_share=-0.47,ast_pct,2.723310122545828
role_residual_height_025,k6__division_zscore__role_residual_height_025__method-nnls__init-uniform__ninit-1,6,division_zscore,role_residual_height_025,nnls,uniform,0.3614062219411871,,16,mins_per_game|eFG|three_pct|ft_pct,4,202,0.0673333333333333,109,93,0.4342773851104638,tov_pct=3.89; blk_pct=0.29; stl_pct=0.01; resid_drb_pct_height=-0.32; resid_three_pct_shot_mix=-0.40,usg=-2.04; FTR=-1.88; resid_three_share_height=-1.45; three_pa_per_100_team_poss=-1.33; three_share=-1.24,ast_pct,-0.772813431129075
role_residual_height_025,k6__division_zscore__role_residual_height_025__method-nnls__init-uniform__ninit-1,6,division_zscore,role_residual_height_025,nnls,uniform,0.3614062219411871,,16,mins_per_game|eFG|three_pct|ft_pct,5,699,0.233,373,326,0.4666287550621113,three_pa_per_100_team_poss=2.48; resid_three_share_height=2.32; three_share=2.07; usg=0.50; height_inches=0.49,tov_pct=-1.55; resid_orb_pct_height=-1.51; ast_tov=-1.45; ast_pct=-1.37; FTR=-1.29,ast_pct,-1.366038793423807
role_residual_height_025,k6__division_zscore__role_residual_height_025__method-nnls__init-uniform__ninit-1,6,division_zscore,role_residual_height_025,nnls,uniform,0.3614062219411871,,16,mins_per_game|eFG|three_pct|ft_pct,6,607,0.2023333333333333,340,267,0.4753486052151414,blk_pct=3.01; drb_pct=2.72; orb_pct=2.66; resid_drb_pct_height=2.59; resid_orb_pct_height=2.49,three_share=-1.56; three_pa_per_100_team_poss=-1.45; ast_tov=-1.09; resid_three_share_height=-1.05; ast_pct=-0.81,ast_pct,-0.809148773638311
role_residual_height_025,k7__division_zscore__role_residual_height_025__method-nnls__init-furthest_first__ninit-1,7,division_zscore,role_residual_height_025,nnls,furthest_first,0.3288383772877349,,16,mins_per_game|eFG|three_pct|ft_pct,1,305,0.1016666666666666,160,145,0.4493886514647095,ast_tov=3.61; three_share=2.18; resid_three_share_height=2.15; three_pa_per_100_team_poss=1.11; stl_pct=0.39,tov_pct=-2.10; usg=-1.78; FTR=-1.70; drb_pct=-1.24; orb_pct=-1.02,ast_pct,-0.2072437804011594
role_residual_height_025,k7__division_zscore__role_residual_height_025__method-nnls__init-furthest_first__ninit-1,7,division_zscore,role_residual_height_025,nnls,furthest_first,0.3288383772877349,,16,mins_per_game|eFG|three_pct|ft_pct,2,530,0.1766666666666666,301,229,0.4663893131361202,drb_pct=2.73; blk_pct=2.64; resid_drb_pct_height=2.63; height_inches=2.16; orb_pct=2.14,three_share=-1.43; three_pa_per_100_team_poss=-1.28; stl_pct=-1.11; ast_tov=-0.98; resid_three_share_height=-0.82,ast_pct,-0.5741682578182982
role_residual_height_025,k7__division_zscore__role_residual_height_025__method-nnls__init-furthest_first__ninit-1,7,division_zscore,role_residual_height_025,nnls,furthest_first,0.3288383772877349,,16,mins_per_game|eFG|three_pct|ft_pct,3,195,0.065,103,92,0.4231394793794408,tov_pct=3.87; blk_pct=0.32; stl_pct=-0.04; resid_three_pct_shot_mix=-0.29; resid_drb_pct_height=-0.31,usg=-2.06; FTR=-1.86; resid_three_share_height=-1.42; three_pa_per_100_team_poss=-1.30; three_share=-1.17,ast_pct,-0.6973974259007242
role_residual_height_025,k7__division_zscore__role_residual_height_025__method-nnls__init-furthest_first__ninit-1,7,division_zscore,role_residual_height_025,nnls,furthest_first,0.3288383772877349,,16,mins_per_game|eFG|three_pct|ft_pct,4,251,0.0836666666666666,136,115,0.4570718812515644,FTR=3.54; height_inches=0.89; tov_pct=0.63; blk_pct=0.42; orb_pct=0.29,usg=-2.05; resid_drb_pct_height=-1.83; stl_pct=-1.56; three_share=-1.39; three_pa_per_100_team_poss=-1.38,ast_pct,-1.236582393804826
role_residual_height_025,k7__division_zscore__role_residual_height_025__method-nnls__init-furthest_first__ninit-1,7,division_zscore,role_residual_height_025,nnls,furthest_first,0.3288383772877349,,16,mins_per_game|eFG|three_pct|ft_pct,5,722,0.2406666666666666,390,332,0.4585019932877403,three_pa_per_100_team_poss=2.47; resid_three_share_height=2.31; three_share=2.10; usg=0.41; height_inches=0.35,tov_pct=-1.55; ast_tov=-1.45; FTR=-1.40; ast_pct=-1.39; resid_orb_pct_height=-1.38,ast_pct,-1.38583443963425
role_residual_height_025,k7__division_zscore__role_residual_height_025__method-nnls__init-furthest_first__ninit-1,7,division_zscore,role_residual_height_025,nnls,furthest_first,0.3288383772877349,,16,mins_per_game|eFG|three_pct|ft_pct,6,812,0.2706666666666666,438,374,0.5056403990298297,ast_pct=2.87; usg=1.89; stl_pct=1.17; ast_tov=0.99; FTR=0.64,height_inches=-1.61; orb_pct=-0.88; resid_three_share_height=-0.79; blk_pct=-0.67; three_share=-0.33,ast_pct,2.873853400902986
role_residual_height_025,k7__division_zscore__role_residual_height_025__method-nnls__init-furthest_first__ninit-1,7,division_zscore,role_residual_height_025,nnls,furthest_first,0.3288383772877349,,16,mins_per_game|eFG|three_pct|ft_pct,7,185,0.0616666666666666,100,85,0.4014136376762342,stl_pct=3.24; resid_orb_pct_height=3.16; orb_pct=2.92; resid_drb_pct_height=1.41; drb_pct=1.35,resid_three_share_height=-1.77; three_share=-1.53; ast_tov=-1.46; three_pa_per_100_team_poss=-1.43; ast_pct=-1.27,ast_pct,-1.2716585192413692
role_residual_height_025,k8__division_zscore__role_residual_height_025__method-nnls__init-aa_plus_plus__ninit-1,8,division_zscore,role_residual_height_025,nnls,aa_plus_plus,0.3039979597431767,,16,mins_per_game|eFG|three_pct|ft_pct,1,243,0.081,131,112,0.398288912455824,resid_drb_pct_height=2.56; drb_pct=2.49; resid_three_share_height=1.61; height_inches=1.06; three_pa_per_100_team_poss=0.97,resid_orb_pct_height=-1.78; ast_tov=-0.71; orb_pct=-0.67; ast_pct=-0.26; stl_pct=-0.22,ast_pct,-0.2627976650034619
role_residual_height_025,k8__division_zscore__role_residual_height_025__method-nnls__init-aa_plus_plus__ninit-1,8,division_zscore,role_residual_height_025,nnls,aa_plus_plus,0.3039979597431767,,16,mins_per_game|eFG|three_pct|ft_pct,2,295,0.0983333333333333,158,137,0.4599621102965566,FTR=3.54; tov_pct=0.75; height_inches=0.45; orb_pct=0.16; blk_pct=-0.22,usg=-1.66; three_pa_per_100_team_poss=-1.36; resid_drb_pct_height=-1.28; three_share=-1.26; ast_pct=-1.21,ast_pct,-1.2078369708533336
role_residual_height_025,k8__division_zscore__role_residual_height_025__method-nnls__init-aa_plus_plus__ninit-1,8,division_zscore,role_residual_height_025,nnls,aa_plus_plus,0.3039979597431767,,16,mins_per_game|eFG|three_pct|ft_pct,3,537,0.179,285,252,0.4379180038970349,three_pa_per_100_team_poss=2.47; resid_three_share_height=2.22; three_share=2.18; usg=0.29; resid_three_pct_shot_mix=0.09,FTR=-1.74; tov_pct=-1.73; stl_pct=-1.63; ast_pct=-1.36; ast_tov=-1.30,ast_pct,-1.3587261338947396
role_residual_height_025,k8__division_zscore__role_residual_height_025__method-nnls__init-aa_plus_plus__ninit-1,8,division_zscore,role_residual_height_025,nnls,aa_plus_plus,0.3039979597431767,,16,mins_per_game|eFG|three_pct|ft_pct,4,503,0.1676666666666666,278,225,0.4600777148688272,resid_orb_pct_height=3.18; orb_pct=2.92; drb_pct=2.17; resid_drb_pct_height=2.15; blk_pct=1.62,three_share=-1.53; resid_three_share_height=-1.48; three_pa_per_100_team_poss=-1.43; ast_tov=-0.96; ast_pct=-0.60,ast_pct,-0.5971623748609084
role_residual_height_025,k8__division_zscore__role_residual_height_025__method-nnls__init-aa_plus_plus__ninit-1,8,division_zscore,role_residual_height_025,nnls,aa_plus_plus,0.3039979597431767,,16,mins_per_game|eFG|three_pct|ft_pct,5,278,0.0926666666666666,153,125,0.4311668931739094,ast_tov=3.61; resid_three_share_height=2.25; three_share=2.22; three_pa_per_100_team_poss=1.23; stl_pct=0.69,tov_pct=-2.31; usg=-1.81; FTR=-1.73; drb_pct=-1.38; resid_drb_pct_height=-1.20,ast_pct,-0.251718395611309
role_residual_height_025,k8__division_zscore__role_residual_height_025__method-nnls__init-aa_plus_plus__ninit-1,8,division_zscore,role_residual_height_025,nnls,aa_plus_plus,0.3039979597431767,,16,mins_per_game|eFG|three_pct|ft_pct,6,774,0.258,423,351,0.4992093939194048,ast_pct=2.73; usg=1.98; stl_pct=1.46; ast_tov=1.02; FTR=0.53,height_inches=-1.46; resid_three_share_height=-0.88; orb_pct=-0.83; blk_pct=-0.56; drb_pct=-0.51,ast_pct,2.7307238685488353
role_residual_height_025,k8__division_zscore__role_residual_height_025__method-nnls__init-aa_plus_plus__ninit-1,8,division_zscore,role_residual_height_025,nnls,aa_plus_plus,0.3039979597431767,,16,mins_per_game|eFG|three_pct|ft_pct,7,197,0.0656666666666666,98,99,0.4209347235024275,tov_pct=3.83; resid_drb_pct_height=0.45; resid_orb_pct_height=0.08; stl_pct=0.07; ast_tov=-0.11,usg=-2.02; FTR=-1.81; three_pa_per_100_team_poss=-1.21; resid_three_share_height=-1.21; three_share=-0.95,ast_pct,-0.5403653147441814
role_residual_height_025,k8__division_zscore__role_residual_height_025__method-nnls__init-aa_plus_plus__ninit-1,8,division_zscore,role_residual_height_025,nnls,aa_plus_plus,0.3039979597431767,,16,mins_per_game|eFG|three_pct|ft_pct,8,173,0.0576666666666666,102,71,0.4347385314200787,blk_pct=4.01; height_inches=1.98; tov_pct=0.82; orb_pct=0.68; drb_pct=0.23,stl_pct=-1.61; three_share=-1.55; three_pa_per_100_team_poss=-1.45; ast_tov=-1.38; usg=-1.31,ast_pct,-1.2510762914173703
quality_lite_residual_height_025,k6__division_zscore__quality_lite_residual_height_025__method-nnls__init-uniform__ninit-1,6,division_zscore,quality_lite_residual_height_025,nnls,uniform,0.3943301221227731,,19,mins_per_game,1,446,0.1486666666666666,234,212,0.4718340729331904,ast_tov=3.50; three_share=1.58; resid_three_share_height=1.43; three_pa_per_100_team_poss=1.01; three_pct=0.47,tov_pct=-1.55; height_inches=-1.46; drb_pct=-1.40; usg=-1.38; FTR=-1.37,tov_pct,-1.553533295854352
quality_lite_residual_height_025,k6__division_zscore__quality_lite_residual_height_025__method-nnls__init-uniform__ninit-1,6,division_zscore,quality_lite_residual_height_025,nnls,uniform,0.3943301221227731,,19,mins_per_game,2,318,0.106,171,147,0.4879865237314554,FTR=3.50; tov_pct=0.69; height_inches=0.59; eFG=0.45; orb_pct=0.44,usg=-1.54; three_pct=-1.40; three_share=-1.38; three_pa_per_100_team_poss=-1.36; resid_drb_pct_height=-1.34,tov_pct,0.6852528283763948
quality_lite_residual_height_025,k6__division_zscore__quality_lite_residual_height_025__method-nnls__init-uniform__ninit-1,6,division_zscore,quality_lite_residual_height_025,nnls,uniform,0.3943301221227731,,19,mins_per_game,3,773,0.2576666666666666,423,350,0.5055253658617865,ast_pct=2.59; usg=2.09; stl_pct=1.74; resid_drb_pct_height=0.96; ft_pct=0.84,height_inches=-1.50; resid_three_share_height=-0.90; orb_pct=-0.68; blk_pct=-0.65; three_share=-0.43,tov_pct,0.445406435222181
quality_lite_residual_height_025,k6__division_zscore__quality_lite_residual_height_025__method-nnls__init-uniform__ninit-1,6,division_zscore,quality_lite_residual_height_025,nnls,uniform,0.3943301221227731,,19,mins_per_game,4,150,0.05,78,72,0.4339951567489775,tov_pct=3.80; blk_pct=0.17; stl_pct=0.15; height_inches=-0.34; resid_drb_pct_height=-0.57,ft_pct=-3.47; eFG=-2.72; three_pct=-1.99; usg=-1.96; FTR=-1.75,tov_pct,3.804533528200363
quality_lite_residual_height_025,k6__division_zscore__quality_lite_residual_height_025__method-nnls__init-uniform__ninit-1,6,division_zscore,quality_lite_residual_height_025,nnls,uniform,0.3943301221227731,,19,mins_per_game,5,761,0.2536666666666666,414,347,0.461036528191439,three_pa_per_100_team_poss=2.48; resid_three_share_height=2.38; three_share=1.91; height_inches=0.94; ft_pct=0.91,resid_orb_pct_height=-1.62; tov_pct=-1.52; ast_tov=-1.45; ast_pct=-1.39; stl_pct=-1.06,tov_pct,-1.5194327038821482
quality_lite_residual_height_025,k6__division_zscore__quality_lite_residual_height_025__method-nnls__init-uniform__ninit-1,6,division_zscore,quality_lite_residual_height_025,nnls,uniform,0.3943301221227731,,19,mins_per_game,6,552,0.184,308,244,0.4768258023438629,blk_pct=3.05; drb_pct=2.72; orb_pct=2.70; resid_drb_pct_height=2.61; resid_orb_pct_height=2.59,three_pct=-1.88; three_share=-1.55; three_pa_per_100_team_poss=-1.44; resid_three_share_height=-1.06; ast_tov=-1.02,tov_pct,-0.7360982892849987
quality_lite_residual_height_025,k7__division_zscore__quality_lite_residual_height_025__method-nnls__init-aa_plus_plus__ninit-1,7,division_zscore,quality_lite_residual_height_025,nnls,aa_plus_plus,0.366285016296777,,19,mins_per_game,1,731,0.2436666666666666,408,323,0.5093574926750019,ast_pct=2.74; usg=1.99; stl_pct=1.59; ft_pct=0.88; ast_tov=0.68,height_inches=-1.60; orb_pct=-0.91; resid_three_share_height=-0.70; blk_pct=-0.56; drb_pct=-0.33,tov_pct,0.2313271628043512
quality_lite_residual_height_025,k7__division_zscore__quality_lite_residual_height_025__method-nnls__init-aa_plus_plus__ninit-1,7,division_zscore,quality_lite_residual_height_025,nnls,aa_plus_plus,0.366285016296777,,19,mins_per_game,2,730,0.2433333333333333,398,332,0.4555683778150854,three_pa_per_100_team_poss=2.49; resid_three_share_height=2.34; three_share=1.91; ft_pct=0.87; height_inches=0.87,resid_orb_pct_height=-1.64; tov_pct=-1.53; ast_tov=-1.52; ast_pct=-1.39; resid_drb_pct_height=-0.99,tov_pct,-1.5320987181483952
quality_lite_residual_height_025,k7__division_zscore__quality_lite_residual_height_025__method-nnls__init-aa_plus_plus__ninit-1,7,division_zscore,quality_lite_residual_height_025,nnls,aa_plus_plus,0.366285016296777,,19,mins_per_game,3,205,0.0683333333333333,110,95,0.4730010463555472,FTR=3.53; tov_pct=0.95; height_inches=0.30; blk_pct=0.04; orb_pct=-0.05,three_pct=-1.67; usg=-1.59; resid_drb_pct_height=-1.56; drb_pct=-1.34; three_pa_per_100_team_poss=-1.33,tov_pct,0.9501292364749776
quality_lite_residual_height_025,k7__division_zscore__quality_lite_residual_height_025__method-nnls__init-aa_plus_plus__ninit-1,7,division_zscore,quality_lite_residual_height_025,nnls,aa_plus_plus,0.366285016296777,,19,mins_per_game,4,471,0.157,247,224,0.4506954290952387,resid_orb_pct_height=2.93; orb_pct=2.77; resid_drb_pct_height=2.65; drb_pct=2.57; FTR=1.40,three_share=-1.35; resid_three_share_height=-1.26; three_pa_per_100_team_poss=-1.23; ast_tov=-0.90; tov_pct=-0.62,tov_pct,-0.6199707203204865
quality_lite_residual_height_025,k7__division_zscore__quality_lite_residual_height_025__method-nnls__init-aa_plus_plus__ninit-1,7,division_zscore,quality_lite_residual_height_025,nnls,aa_plus_plus,0.366285016296777,,19,mins_per_game,5,265,0.0883333333333333,156,109,0.4819456209533383,blk_pct=3.96; height_inches=2.00; eFG=1.82; orb_pct=1.33; drb_pct=1.02,three_pct=-1.98; three_share=-1.56; three_pa_per_100_team_poss=-1.46; ast_tov=-0.99; stl_pct=-0.98,tov_pct,0.5350718385246518
quality_lite_residual_height_025,k7__division_zscore__quality_lite_residual_height_025__method-nnls__init-aa_plus_plus__ninit-1,7,division_zscore,quality_lite_residual_height_025,nnls,aa_plus_plus,0.366285016296777,,19,mins_per_game,6,414,0.138,222,192,0.4665533421295215,ast_tov=3.48; three_share=1.72; resid_three_share_height=1.66; three_pa_per_100_team_poss=1.06; three_pct=0.66,tov_pct=-1.69; usg=-1.44; FTR=-1.26; drb_pct=-1.22; height_inches=-1.17,tov_pct,-1.694938562176471
quality_lite_residual_height_025,k7__division_zscore__quality_lite_residual_height_025__method-nnls__init-aa_plus_plus__ninit-1,7,division_zscore,quality_lite_residual_height_025,nnls,aa_plus_plus,0.366285016296777,,19,mins_per_game,7,184,0.0613333333333333,87,97,0.4189364894369921,tov_pct=3.68; stl_pct=0.35; resid_drb_pct_height=0.12; resid_orb_pct_height=0.07; ast_tov=-0.32,ft_pct=-3.25; eFG=-2.94; usg=-1.98; three_pct=-1.87; FTR=-1.74,tov_pct,3.6831768417441135
quality_lite_residual_height_025,k8__division_zscore__quality_lite_residual_height_025__method-nnls__init-aa_plus_plus__ninit-1,8,division_zscore,quality_lite_residual_height_025,nnls,aa_plus_plus,0.3498785561307565,,19,mins_per_game,1,529,0.1763333333333333,307,222,0.4419119229795171,ast_pct=3.03; usg=1.93; ast_tov=1.76; ft_pct=1.06; three_pct=0.61,height_inches=-1.78; orb_pct=-0.93; drb_pct=-0.69; resid_three_share_height=-0.67; FTR=-0.60,tov_pct,-0.3267678964234433
quality_lite_residual_height_025,k8__division_zscore__quality_lite_residual_height_025__method-nnls__init-aa_plus_plus__ninit-1,8,division_zscore,quality_lite_residual_height_025,nnls,aa_plus_plus,0.3498785561307565,,19,mins_per_game,2,752,0.2506666666666666,405,347,0.4366160202801528,three_pa_per_100_team_poss=2.47; resid_three_share_height=2.41; three_share=1.89; three_pct=0.93; ft_pct=0.92,resid_orb_pct_height=-1.87; ast_tov=-1.42; ast_pct=-1.41; tov_pct=-1.18; resid_drb_pct_height=-1.06,tov_pct,-1.1842635903492953
quality_lite_residual_height_025,k8__division_zscore__quality_lite_residual_height_025__method-nnls__init-aa_plus_plus__ninit-1,8,division_zscore,quality_lite_residual_height_025,nnls,aa_plus_plus,0.3498785561307565,,19,mins_per_game,3,312,0.104,166,146,0.43774446051854,ast_tov=3.61; three_share=2.22; resid_three_share_height=2.14; three_pa_per_100_team_poss=1.57; stl_pct=0.55,tov_pct=-1.87; FTR=-1.57; drb_pct=-1.49; usg=-1.42; height_inches=-1.38,tov_pct,-1.8711763434097368
quality_lite_residual_height_025,k8__division_zscore__quality_lite_residual_height_025__method-nnls__init-aa_plus_plus__ninit-1,8,division_zscore,quality_lite_residual_height_025,nnls,aa_plus_plus,0.3498785561307565,,19,mins_per_game,4,588,0.196,330,258,0.4668806464987574,blk_pct=2.90; drb_pct=2.68; resid_drb_pct_height=2.59; orb_pct=2.45; resid_orb_pct_height=2.16,three_pct=-1.59; three_share=-1.54; three_pa_per_100_team_poss=-1.41; resid_three_share_height=-0.94; ast_tov=-0.94,tov_pct,-0.4363180338210909
quality_lite_residual_height_025,k8__division_zscore__quality_lite_residual_height_025__method-nnls__init-aa_plus_plus__ninit-1,8,division_zscore,quality_lite_residual_height_025,nnls,aa_plus_plus,0.3498785561307565,,19,mins_per_game,5,354,0.118,173,181,0.4255553392807613,stl_pct=3.42; FTR=2.12; ast_pct=1.57; tov_pct=1.11; resid_drb_pct_height=1.00,resid_three_share_height=-1.08; height_inches=-1.06; orb_pct=-0.63; three_share=-0.59; three_pa_per_100_team_poss=-0.59,tov_pct,1.1085095780917833
quality_lite_residual_height_025,k8__division_zscore__quality_lite_residual_height_025__method-nnls__init-aa_plus_plus__ninit-1,8,division_zscore,quality_lite_residual_height_025,nnls,aa_plus_plus,0.3498785561307565,,19,mins_per_game,6,81,0.027,45,36,0.357951212640229,resid_orb_pct_height=3.19; orb_pct=2.93; height_inches=1.08; usg=0.60; resid_three_share_height=0.40,resid_three_pct_shot_mix=-2.80; eFG=-2.26; stl_pct=-2.07; resid_drb_pct_height=-2.05; three_pct=-1.93,tov_pct,-1.4690881820307335
quality_lite_residual_height_025,k8__division_zscore__quality_lite_residual_height_025__method-nnls__init-aa_plus_plus__ninit-1,8,division_zscore,quality_lite_residual_height_025,nnls,aa_plus_plus,0.3498785561307565,,19,mins_per_game,7,210,0.07,117,93,0.4562841093401617,FTR=3.52; eFG=1.08; height_inches=0.95; tov_pct=0.51; orb_pct=0.47,usg=-1.99; stl_pct=-1.76; resid_drb_pct_height=-1.74; three_pct=-1.59; three_pa_per_100_team_poss=-1.34,tov_pct,0.5053665678322272
quality_lite_residual_height_025,k8__division_zscore__quality_lite_residual_height_025__method-nnls__init-aa_plus_plus__ninit-1,8,division_zscore,quality_lite_residual_height_025,nnls,aa_plus_plus,0.3498785561307565,,19,mins_per_game,8,174,0.058,85,89,0.4032529874953709,tov_pct=3.87; blk_pct=0.50; stl_pct=-0.03; height_inches=-0.43; resid_three_pct_shot_mix=-0.49,ft_pct=-3.65; eFG=-2.39; usg=-1.95; FTR=-1.86; three_pct=-1.71,tov_pct,3.871750231729484
role_residual_context_only_height_025,k6__division_zscore__role_residual_context_only_height_025__method-nnls__init-furthest_sum__ninit-1,6,division_zscore,role_residual_context_only_height_025,nnls,furthest_sum,0.3368763307950451,,13,mins_per_game|eFG|three_share|orb_pct|drb_pct|three_pct|ft_pct,1,399,0.133,214,185,0.491566233306474,blk_pct=3.72; height_inches=1.81; resid_orb_pct_height=1.61; resid_drb_pct_height=1.58; usg=0.59,three_pa_per_100_team_poss=-1.40; resid_three_share_height=-1.12; ast_tov=-1.08; ast_pct=-0.76; stl_pct=-0.68,tov_pct,-0.2995093900219526
role_residual_context_only_height_025,k6__division_zscore__role_residual_context_only_height_025__method-nnls__init-furthest_sum__ninit-1,6,division_zscore,role_residual_context_only_height_025,nnls,furthest_sum,0.3368763307950451,,13,mins_per_game|eFG|three_share|orb_pct|drb_pct|three_pct|ft_pct,2,256,0.0853333333333333,134,122,0.4312523759271313,tov_pct=3.94; stl_pct=0.18; resid_drb_pct_height=-0.06; blk_pct=-0.17; resid_three_pct_shot_mix=-0.38,usg=-2.09; FTR=-1.85; resid_three_share_height=-1.65; three_pa_per_100_team_poss=-1.42; ast_pct=-0.80,tov_pct,3.939610737675249
role_residual_context_only_height_025,k6__division_zscore__role_residual_context_only_height_025__method-nnls__init-furthest_sum__ninit-1,6,division_zscore,role_residual_context_only_height_025,nnls,furthest_sum,0.3368763307950451,,13,mins_per_game|eFG|three_share|orb_pct|drb_pct|three_pct|ft_pct,3,447,0.149,247,200,0.4804909346980892,FTR=3.56; height_inches=0.93; resid_orb_pct_height=0.69; tov_pct=-0.01; resid_three_pct_shot_mix=-0.17,three_pa_per_100_team_poss=-1.44; ast_pct=-1.20; usg=-1.16; resid_three_share_height=-1.11; ast_tov=-0.87,tov_pct,-0.0055861230761636
role_residual_context_only_height_025,k6__division_zscore__role_residual_context_only_height_025__method-nnls__init-furthest_sum__ninit-1,6,division_zscore,role_residual_context_only_height_025,nnls,furthest_sum,0.3368763307950451,,13,mins_per_game|eFG|three_share|orb_pct|drb_pct|three_pct|ft_pct,4,770,0.2566666666666666,414,356,0.4768149356626522,three_pa_per_100_team_poss=2.49; resid_three_share_height=2.28; usg=0.58; height_inches=0.46; resid_three_pct_shot_mix=-0.04,tov_pct=-1.61; ast_tov=-1.48; ast_pct=-1.36; FTR=-1.34; resid_orb_pct_height=-1.26,tov_pct,-1.6063498132551317
role_residual_context_only_height_025,k6__division_zscore__role_residual_context_only_height_025__method-nnls__init-furthest_sum__ninit-1,6,division_zscore,role_residual_context_only_height_025,nnls,furthest_sum,0.3368763307950451,,13,mins_per_game|eFG|three_share|orb_pct|drb_pct|three_pct|ft_pct,5,336,0.112,180,156,0.4707344944722498,ast_tov=3.55; resid_three_share_height=1.48; three_pa_per_100_team_poss=0.72; stl_pct=0.12; ast_pct=0.06,tov_pct=-1.98; usg=-1.68; FTR=-1.40; resid_drb_pct_height=-0.77; height_inches=-0.65,tov_pct,-1.97919144755357
role_residual_context_only_height_025,k6__division_zscore__role_residual_context_only_height_025__method-nnls__init-furthest_sum__ninit-1,6,division_zscore,role_residual_context_only_height_025,nnls,furthest_sum,0.3368763307950451,,13,mins_per_game|eFG|three_share|orb_pct|drb_pct|three_pct|ft_pct,6,792,0.264,439,353,0.5086092677725567,ast_pct=2.67; usg=2.02; stl_pct=1.76; resid_drb_pct_height=1.03; ast_tov=0.64,height_inches=-1.50; resid_three_share_height=-0.88; blk_pct=-0.56; three_pa_per_100_team_poss=0.02; resid_three_pct_shot_mix=0.11,tov_pct,0.4228788617535541
role_residual_context_only_height_025,k7__division_zscore__role_residual_context_only_height_025__method-nnls__init-uniform__ninit-1,7,division_zscore,role_residual_context_only_height_025,nnls,uniform,0.3029113353306103,,13,mins_per_game|eFG|three_share|orb_pct|drb_pct|three_pct|ft_pct,1,360,0.12,192,168,0.4584837224076431,FTR=3.53; height_inches=0.92; tov_pct=0.26; resid_orb_pct_height=0.21; resid_three_pct_shot_mix=0.07,usg=-1.67; stl_pct=-1.47; three_pa_per_100_team_poss=-1.36; ast_pct=-1.22; resid_drb_pct_height=-0.97,tov_pct,0.2551029503255379
role_residual_context_only_height_025,k7__division_zscore__role_residual_context_only_height_025__method-nnls__init-uniform__ninit-1,7,division_zscore,role_residual_context_only_height_025,nnls,uniform,0.3029113353306103,,13,mins_per_game|eFG|three_share|orb_pct|drb_pct|three_pct|ft_pct,2,775,0.2583333333333333,419,356,0.4636316211350982,three_pa_per_100_team_poss=2.49; resid_three_share_height=2.22; usg=0.75; height_inches=0.35; resid_three_pct_shot_mix=-0.05,tov_pct=-1.55; ast_tov=-1.48; ast_pct=-1.31; FTR=-1.24; resid_orb_pct_height=-1.19,tov_pct,-1.5534059992158902
role_residual_context_only_height_025,k7__division_zscore__role_residual_context_only_height_025__method-nnls__init-uniform__ninit-1,7,division_zscore,role_residual_context_only_height_025,nnls,uniform,0.3029113353306103,,13,mins_per_game|eFG|three_share|orb_pct|drb_pct|three_pct|ft_pct,3,374,0.1246666666666666,212,162,0.4795775838729453,blk_pct=3.85; height_inches=2.10; resid_drb_pct_height=1.07; resid_orb_pct_height=0.58; usg=0.30,three_pa_per_100_team_poss=-1.42; stl_pct=-1.32; resid_three_share_height=-1.19; ast_tov=-0.96; ast_pct=-0.49,tov_pct,0.2938424337423756
role_residual_context_only_height_025,k7__division_zscore__role_residual_context_only_height_025__method-nnls__init-uniform__ninit-1,7,division_zscore,role_residual_context_only_height_025,nnls,uniform,0.3029113353306103,,13,mins_per_game|eFG|three_share|orb_pct|drb_pct|three_pct|ft_pct,4,272,0.0906666666666666,150,122,0.4404852800545149,ast_tov=3.61; resid_three_share_height=2.19; three_pa_per_100_team_poss=1.11; stl_pct=0.64; resid_three_pct_shot_mix=-0.16,tov_pct=-2.23; usg=-1.84; FTR=-1.80; resid_drb_pct_height=-1.15; blk_pct=-0.87,tov_pct,-2.232262208035329
role_residual_context_only_height_025,k7__division_zscore__role_residual_context_only_height_025__method-nnls__init-uniform__ninit-1,7,division_zscore,role_residual_context_only_height_025,nnls,uniform,0.3029113353306103,,13,mins_per_game|eFG|three_share|orb_pct|drb_pct|three_pct|ft_pct,5,223,0.0743333333333333,116,107,0.3941958095119705,stl_pct=3.24; resid_orb_pct_height=2.99; resid_drb_pct_height=1.33; usg=0.46; blk_pct=0.39,resid_three_share_height=-1.83; ast_tov=-1.44; three_pa_per_100_team_poss=-1.35; ast_pct=-1.11; resid_three_pct_shot_mix=-0.57,tov_pct,0.0821885020548246
role_residual_context_only_height_025,k7__division_zscore__role_residual_context_only_height_025__method-nnls__init-uniform__ninit-1,7,division_zscore,role_residual_context_only_height_025,nnls,uniform,0.3029113353306103,,13,mins_per_game|eFG|three_share|orb_pct|drb_pct|three_pct|ft_pct,6,245,0.0816666666666666,130,115,0.4291862487342904,tov_pct=3.87; resid_drb_pct_height=0.09; stl_pct=0.06; resid_three_pct_shot_mix=-0.27; blk_pct=-0.29,usg=-2.05; FTR=-1.83; resid_three_share_height=-1.36; three_pa_per_100_team_poss=-1.28; height_inches=-0.75,tov_pct,3.865912813564424
role_residual_context_only_height_025,k7__division_zscore__role_residual_context_only_height_025__method-nnls__init-uniform__ninit-1,7,division_zscore,role_residual_context_only_height_025,nnls,uniform,0.3029113353306103,,13,mins_per_game|eFG|three_share|orb_pct|drb_pct|three_pct|ft_pct,7,751,0.2503333333333333,409,342,0.498680788830028,ast_pct=2.97; usg=1.95; ast_tov=1.28; stl_pct=0.91; resid_drb_pct_height=0.80,height_inches=-1.49; resid_three_share_height=-0.79; blk_pct=-0.55; tov_pct=-0.02; resid_orb_pct_height=-0.00,tov_pct,-0.0160152189687422
role_residual_context_only_height_025,k8__division_zscore__role_residual_context_only_height_025__method-nnls__init-uniform__ninit-1,8,division_zscore,role_residual_context_only_height_025,nnls,uniform,0.2749070877774018,,13,mins_per_game|eFG|three_share|orb_pct|drb_pct|three_pct|ft_pct,1,369,0.123,192,177,0.4455068245039268,FTR=3.56; height_inches=0.61; tov_pct=0.49; resid_orb_pct_height=0.19; resid_three_pct_shot_mix=-0.06,usg=-1.76; three_pa_per_100_team_poss=-1.40; ast_pct=-1.24; resid_three_share_height=-1.23; resid_drb_pct_height=-0.84,tov_pct,0.489101501888746
role_residual_context_only_height_025,k8__division_zscore__role_residual_context_only_height_025__method-nnls__init-uniform__ninit-1,8,division_zscore,role_residual_context_only_height_025,nnls,uniform,0.2749070877774018,,13,mins_per_game|eFG|three_share|orb_pct|drb_pct|three_pct|ft_pct,2,826,0.2753333333333333,443,383,0.4518674160266331,three_pa_per_100_team_poss=2.48; resid_three_share_height=2.28; usg=0.63; height_inches=0.30; resid_three_pct_shot_mix=0.14,tov_pct=-1.52; stl_pct=-1.42; ast_tov=-1.34; FTR=-1.26; ast_pct=-1.25,tov_pct,-1.520072468087632
role_residual_context_only_height_025,k8__division_zscore__role_residual_context_only_height_025__method-nnls__init-uniform__ninit-1,8,division_zscore,role_residual_context_only_height_025,nnls,uniform,0.2749070877774018,,13,mins_per_game|eFG|three_share|orb_pct|drb_pct|three_pct|ft_pct,3,411,0.137,217,194,0.4364216184893016,stl_pct=3.46; usg=1.79; ast_pct=1.61; resid_drb_pct_height=0.57; FTR=0.56,height_inches=-1.31; resid_three_share_height=-0.79; blk_pct=-0.46; resid_three_pct_shot_mix=-0.42; ast_tov=-0.14,tov_pct,0.4624689228462825
role_residual_context_only_height_025,k8__division_zscore__role_residual_context_only_height_025__method-nnls__init-uniform__ninit-1,8,division_zscore,role_residual_context_only_height_025,nnls,uniform,0.2749070877774018,,13,mins_per_game|eFG|three_share|orb_pct|drb_pct|three_pct|ft_pct,4,200,0.0666666666666666,122,78,0.4515182295428119,blk_pct=4.04; height_inches=1.95; tov_pct=0.70; FTR=0.18; resid_three_pct_shot_mix=-0.65,usg=-1.71; ast_pct=-1.37; three_pa_per_100_team_poss=-1.37; ast_tov=-1.18; resid_drb_pct_height=-1.10,tov_pct,0.7043148886988082
role_residual_context_only_height_025,k8__division_zscore__role_residual_context_only_height_025__method-nnls__init-uniform__ninit-1,8,division_zscore,role_residual_context_only_height_025,nnls,uniform,0.2749070877774018,,13,mins_per_game|eFG|three_share|orb_pct|drb_pct|three_pct|ft_pct,5,239,0.0796666666666666,116,123,0.3974143304854777,tov_pct=3.94; resid_drb_pct_height=0.44; stl_pct=0.30; resid_orb_pct_height=0.25; ast_tov=-0.16,usg=-2.13; FTR=-1.95; resid_three_share_height=-1.84; three_pa_per_100_team_poss=-1.47; ast_pct=-0.97,tov_pct,3.940755473330527
role_residual_context_only_height_025,k8__division_zscore__role_residual_context_only_height_025__method-nnls__init-uniform__ninit-1,8,division_zscore,role_residual_context_only_height_025,nnls,uniform,0.2749070877774018,,13,mins_per_game|eFG|three_share|orb_pct|drb_pct|three_pct|ft_pct,6,254,0.0846666666666666,139,115,0.4234989536962169,ast_tov=3.58; resid_three_share_height=2.18; three_pa_per_100_team_poss=1.17; stl_pct=0.80; resid_three_pct_shot_mix=-0.02,tov_pct=-2.33; usg=-1.84; FTR=-1.80; resid_drb_pct_height=-1.22; blk_pct=-0.83,tov_pct,-2.327874476708251
role_residual_context_only_height_025,k8__division_zscore__role_residual_context_only_height_025__method-nnls__init-uniform__ninit-1,8,division_zscore,role_residual_context_only_height_025,nnls,uniform,0.2749070877774018,,13,mins_per_game|eFG|three_share|orb_pct|drb_pct|three_pct|ft_pct,7,400,0.1333333333333333,231,169,0.4460526475604965,ast_pct=3.00; ast_tov=2.25; usg=1.24; three_pa_per_100_team_poss=0.39; resid_three_pct_shot_mix=0.38,height_inches=-1.59; blk_pct=-0.55; stl_pct=-0.50; resid_three_share_height=-0.28; resid_orb_pct_height=-0.26,tov_pct,0.3810563400697369
role_residual_context_only_height_025,k8__division_zscore__role_residual_context_only_height_025__method-nnls__init-uniform__ninit-1,8,division_zscore,role_residual_context_only_height_025,nnls,uniform,0.2749070877774018,,13,mins_per_game|eFG|three_share|orb_pct|drb_pct|three_pct|ft_pct,8,301,0.1003333333333333,168,133,0.3918733651915209,resid_orb_pct_height=3.19; resid_drb_pct_height=2.92; usg=2.45; blk_pct=2.39; height_inches=2.27,resid_three_share_height=-1.73; stl_pct=-1.49; three_pa_per_100_team_poss=-1.45; ast_tov=-0.74; tov_pct=-0.64,tov_pct,-0.6379531100646899
role_residual_height_025,k6__division_zscore__role_residual_height_025__method-nnls__init-uniform__ninit-1,6,division_zscore,role_residual_height_025,nnls,uniform,0.3614062219411871,,16,mins_per_game|eFG|three_pct|ft_pct,1,346,0.1153333333333333,187,159,0.4563014892775585,ast_tov=3.59; three_share=2.09; resid_three_share_height=2.03; three_pa_per_100_team_poss=1.16; stl_pct=0.41,tov_pct=-1.95; usg=-1.67; FTR=-1.62; drb_pct=-1.31; orb_pct=-1.00,tov_pct,-1.9471843241428863
role_residual_height_025,k6__division_zscore__role_residual_height_025__method-nnls__init-uniform__ninit-1,6,division_zscore,role_residual_height_025,nnls,uniform,0.3614062219411871,,16,mins_per_game|eFG|three_pct|ft_pct,2,325,0.1083333333333333,172,153,0.4763525499436981,FTR=3.50; height_inches=0.63; orb_pct=0.34; tov_pct=0.31; blk_pct=-0.07,resid_drb_pct_height=-1.53; usg=-1.52; three_pa_per_100_team_poss=-1.35; three_share=-1.33; ast_pct=-1.28,tov_pct,0.3067129827628277
role_residual_height_025,k6__division_zscore__role_residual_height_025__method-nnls__init-uniform__ninit-1,6,division_zscore,role_residual_height_025,nnls,uniform,0.3614062219411871,,16,mins_per_game|eFG|three_pct|ft_pct,3,821,0.2736666666666666,447,374,0.5104963785444115,ast_pct=2.72; usg=1.90; stl_pct=1.70; resid_drb_pct_height=0.82; ast_tov=0.76,height_inches=-1.52; resid_three_share_height=-0.94; orb_pct=-0.67; blk_pct=-0.65; three_share=-0.47,tov_pct,0.3992339306542283
role_residual_height_025,k6__division_zscore__role_residual_height_025__method-nnls__init-uniform__ninit-1,6,division_zscore,role_residual_height_025,nnls,uniform,0.3614062219411871,,16,mins_per_game|eFG|three_pct|ft_pct,4,202,0.0673333333333333,109,93,0.4342773851104638,tov_pct=3.89; blk_pct=0.29; stl_pct=0.01; resid_drb_pct_height=-0.32; resid_three_pct_shot_mix=-0.40,usg=-2.04; FTR=-1.88; resid_three_share_height=-1.45; three_pa_per_100_team_poss=-1.33; three_share=-1.24,tov_pct,3.885127633161951
role_residual_height_025,k6__division_zscore__role_residual_height_025__method-nnls__init-uniform__ninit-1,6,division_zscore,role_residual_height_025,nnls,uniform,0.3614062219411871,,16,mins_per_game|eFG|three_pct|ft_pct,5,699,0.233,373,326,0.4666287550621113,three_pa_per_100_team_poss=2.48; resid_three_share_height=2.32; three_share=2.07; usg=0.50; height_inches=0.49,tov_pct=-1.55; resid_orb_pct_height=-1.51; ast_tov=-1.45; ast_pct=-1.37; FTR=-1.29,tov_pct,-1.5515398638446165
role_residual_height_025,k6__division_zscore__role_residual_height_025__method-nnls__init-uniform__ninit-1,6,division_zscore,role_residual_height_025,nnls,uniform,0.3614062219411871,,16,mins_per_game|eFG|three_pct|ft_pct,6,607,0.2023333333333333,340,267,0.4753486052151414,blk_pct=3.01; drb_pct=2.72; orb_pct=2.66; resid_drb_pct_height=2.59; resid_orb_pct_height=2.49,three_share=-1.56; three_pa_per_100_team_poss=-1.45; ast_tov=-1.09; resid_three_share_height=-1.05; ast_pct=-0.81,tov_pct,-0.733722124784791
role_residual_height_025,k7__division_zscore__role_residual_height_025__method-nnls__init-furthest_first__ninit-1,7,division_zscore,role_residual_height_025,nnls,furthest_first,0.3288383772877349,,16,mins_per_game|eFG|three_pct|ft_pct,1,305,0.1016666666666666,160,145,0.4493886514647095,ast_tov=3.61; three_share=2.18; resid_three_share_height=2.15; three_pa_per_100_team_poss=1.11; stl_pct=0.39,tov_pct=-2.10; usg=-1.78; FTR=-1.70; drb_pct=-1.24; orb_pct=-1.02,tov_pct,-2.1041199803088615
role_residual_height_025,k7__division_zscore__role_residual_height_025__method-nnls__init-furthest_first__ninit-1,7,division_zscore,role_residual_height_025,nnls,furthest_first,0.3288383772877349,,16,mins_per_game|eFG|three_pct|ft_pct,2,530,0.1766666666666666,301,229,0.4663893131361202,drb_pct=2.73; blk_pct=2.64; resid_drb_pct_height=2.63; height_inches=2.16; orb_pct=2.14,three_share=-1.43; three_pa_per_100_team_poss=-1.28; stl_pct=-1.11; ast_tov=-0.98; resid_three_share_height=-0.82,tov_pct,-0.3725246248758495
role_residual_height_025,k7__division_zscore__role_residual_height_025__method-nnls__init-furthest_first__ninit-1,7,division_zscore,role_residual_height_025,nnls,furthest_first,0.3288383772877349,,16,mins_per_game|eFG|three_pct|ft_pct,3,195,0.065,103,92,0.4231394793794408,tov_pct=3.87; blk_pct=0.32; stl_pct=-0.04; resid_three_pct_shot_mix=-0.29; resid_drb_pct_height=-0.31,usg=-2.06; FTR=-1.86; resid_three_share_height=-1.42; three_pa_per_100_team_poss=-1.30; three_share=-1.17,tov_pct,3.8690638864777527
role_residual_height_025,k7__division_zscore__role_residual_height_025__method-nnls__init-furthest_first__ninit-1,7,division_zscore,role_residual_height_025,nnls,furthest_first,0.3288383772877349,,16,mins_per_game|eFG|three_pct|ft_pct,4,251,0.0836666666666666,136,115,0.4570718812515644,FTR=3.54; height_inches=0.89; tov_pct=0.63; blk_pct=0.42; orb_pct=0.29,usg=-2.05; resid_drb_pct_height=-1.83; stl_pct=-1.56; three_share=-1.39; three_pa_per_100_team_poss=-1.38,tov_pct,0.6278526223499811
role_residual_height_025,k7__division_zscore__role_residual_height_025__method-nnls__init-furthest_first__ninit-1,7,division_zscore,role_residual_height_025,nnls,furthest_first,0.3288383772877349,,16,mins_per_game|eFG|three_pct|ft_pct,5,722,0.2406666666666666,390,332,0.4585019932877403,three_pa_per_100_team_poss=2.47; resid_three_share_height=2.31; three_share=2.10; usg=0.41; height_inches=0.35,tov_pct=-1.55; ast_tov=-1.45; FTR=-1.40; ast_pct=-1.39; resid_orb_pct_height=-1.38,tov_pct,-1.5520107576768285
role_residual_height_025,k7__division_zscore__role_residual_height_025__method-nnls__init-furthest_first__ninit-1,7,division_zscore,role_residual_height_025,nnls,furthest_first,0.3288383772877349,,16,mins_per_game|eFG|three_pct|ft_pct,6,812,0.2706666666666666,438,374,0.5056403990298297,ast_pct=2.87; usg=1.89; stl_pct=1.17; ast_tov=0.99; FTR=0.64,height_inches=-1.61; orb_pct=-0.88; resid_three_share_height=-0.79; blk_pct=-0.67; three_share=-0.33,tov_pct,0.1013567195675838
role_residual_height_025,k7__division_zscore__role_residual_height_025__method-nnls__init-furthest_first__ninit-1,7,division_zscore,role_residual_height_025,nnls,furthest_first,0.3288383772877349,,16,mins_per_game|eFG|three_pct|ft_pct,7,185,0.0616666666666666,100,85,0.4014136376762342,stl_pct=3.24; resid_orb_pct_height=3.16; orb_pct=2.92; resid_drb_pct_height=1.41; drb_pct=1.35,resid_three_share_height=-1.77; three_share=-1.53; ast_tov=-1.46; three_pa_per_100_team_poss=-1.43; ast_pct=-1.27,tov_pct,0.1247012801192341
role_residual_height_025,k8__division_zscore__role_residual_height_025__method-nnls__init-aa_plus_plus__ninit-1,8,division_zscore,role_residual_height_025,nnls,aa_plus_plus,0.3039979597431767,,16,mins_per_game|eFG|three_pct|ft_pct,1,243,0.081,131,112,0.398288912455824,resid_drb_pct_height=2.56; drb_pct=2.49; resid_three_share_height=1.61; height_inches=1.06; three_pa_per_100_team_poss=0.97,resid_orb_pct_height=-1.78; ast_tov=-0.71; orb_pct=-0.67; ast_pct=-0.26; stl_pct=-0.22,tov_pct,0.4803502552725622
role_residual_height_025,k8__division_zscore__role_residual_height_025__method-nnls__init-aa_plus_plus__ninit-1,8,division_zscore,role_residual_height_025,nnls,aa_plus_plus,0.3039979597431767,,16,mins_per_game|eFG|three_pct|ft_pct,2,295,0.0983333333333333,158,137,0.4599621102965566,FTR=3.54; tov_pct=0.75; height_inches=0.45; orb_pct=0.16; blk_pct=-0.22,usg=-1.66; three_pa_per_100_team_poss=-1.36; resid_drb_pct_height=-1.28; three_share=-1.26; ast_pct=-1.21,tov_pct,0.7541388667774231
role_residual_height_025,k8__division_zscore__role_residual_height_025__method-nnls__init-aa_plus_plus__ninit-1,8,division_zscore,role_residual_height_025,nnls,aa_plus_plus,0.3039979597431767,,16,mins_per_game|eFG|three_pct|ft_pct,3,537,0.179,285,252,0.4379180038970349,three_pa_per_100_team_poss=2.47; resid_three_share_height=2.22; three_share=2.18; usg=0.29; resid_three_pct_shot_mix=0.09,FTR=-1.74; tov_pct=-1.73; stl_pct=-1.63; ast_pct=-1.36; ast_tov=-1.30,tov_pct,-1.7314942359424317
role_residual_height_025,k8__division_zscore__role_residual_height_025__method-nnls__init-aa_plus_plus__ninit-1,8,division_zscore,role_residual_height_025,nnls,aa_plus_plus,0.3039979597431767,,16,mins_per_game|eFG|three_pct|ft_pct,4,503,0.1676666666666666,278,225,0.4600777148688272,resid_orb_pct_height=3.18; orb_pct=2.92; drb_pct=2.17; resid_drb_pct_height=2.15; blk_pct=1.62,three_share=-1.53; resid_three_share_height=-1.48; three_pa_per_100_team_poss=-1.43; ast_tov=-0.96; ast_pct=-0.60,tov_pct,-0.5827408307821665
role_residual_height_025,k8__division_zscore__role_residual_height_025__method-nnls__init-aa_plus_plus__ninit-1,8,division_zscore,role_residual_height_025,nnls,aa_plus_plus,0.3039979597431767,,16,mins_per_game|eFG|three_pct|ft_pct,5,278,0.0926666666666666,153,125,0.4311668931739094,ast_tov=3.61; resid_three_share_height=2.25; three_share=2.22; three_pa_per_100_team_poss=1.23; stl_pct=0.69,tov_pct=-2.31; usg=-1.81; FTR=-1.73; drb_pct=-1.38; resid_drb_pct_height=-1.20,tov_pct,-2.311864098021408
role_residual_height_025,k8__division_zscore__role_residual_height_025__method-nnls__init-aa_plus_plus__ninit-1,8,division_zscore,role_residual_height_025,nnls,aa_plus_plus,0.3039979597431767,,16,mins_per_game|eFG|three_pct|ft_pct,6,774,0.258,423,351,0.4992093939194048,ast_pct=2.73; usg=1.98; stl_pct=1.46; ast_tov=1.02; FTR=0.53,height_inches=-1.46; resid_three_share_height=-0.88; orb_pct=-0.83; blk_pct=-0.56; drb_pct=-0.51,tov_pct,-0.1325670187710764
role_residual_height_025,k8__division_zscore__role_residual_height_025__method-nnls__init-aa_plus_plus__ninit-1,8,division_zscore,role_residual_height_025,nnls,aa_plus_plus,0.3039979597431767,,16,mins_per_game|eFG|three_pct|ft_pct,7,197,0.0656666666666666,98,99,0.4209347235024275,tov_pct=3.83; resid_drb_pct_height=0.45; resid_orb_pct_height=0.08; stl_pct=0.07; ast_tov=-0.11,usg=-2.02; FTR=-1.81; three_pa_per_100_team_poss=-1.21; resid_three_share_height=-1.21; three_share=-0.95,tov_pct,3.83158570267068
role_residual_height_025,k8__division_zscore__role_residual_height_025__method-nnls__init-aa_plus_plus__ninit-1,8,division_zscore,role_residual_height_025,nnls,aa_plus_plus,0.3039979597431767,,16,mins_per_game|eFG|three_pct|ft_pct,8,173,0.0576666666666666,102,71,0.4347385314200787,blk_pct=4.01; height_inches=1.98; tov_pct=0.82; orb_pct=0.68; drb_pct=0.23,stl_pct=-1.61; three_share=-1.55; three_pa_per_100_team_poss=-1.45; ast_tov=-1.38; usg=-1.31,tov_pct,0.8234858541783457
quality_lite_residual_height_025,k6__division_zscore__quality_lite_residual_height_025__method-nnls__init-uniform__ninit-1,6,division_zscore,quality_lite_residual_height_025,nnls,uniform,0.3943301221227731,,19,mins_per_game,1,446,0.1486666666666666,234,212,0.4718340729331904,ast_tov=3.50; three_share=1.58; resid_three_share_height=1.43; three_pa_per_100_team_poss=1.01; three_pct=0.47,tov_pct=-1.55; height_inches=-1.46; drb_pct=-1.40; usg=-1.38; FTR=-1.37,ast_tov,3.495419224014029
quality_lite_residual_height_025,k6__division_zscore__quality_lite_residual_height_025__method-nnls__init-uniform__ninit-1,6,division_zscore,quality_lite_residual_height_025,nnls,uniform,0.3943301221227731,,19,mins_per_game,2,318,0.106,171,147,0.4879865237314554,FTR=3.50; tov_pct=0.69; height_inches=0.59; eFG=0.45; orb_pct=0.44,usg=-1.54; three_pct=-1.40; three_share=-1.38; three_pa_per_100_team_poss=-1.36; resid_drb_pct_height=-1.34,ast_tov,-0.8001309029189754
quality_lite_residual_height_025,k6__division_zscore__quality_lite_residual_height_025__method-nnls__init-uniform__ninit-1,6,division_zscore,quality_lite_residual_height_025,nnls,uniform,0.3943301221227731,,19,mins_per_game,3,773,0.2576666666666666,423,350,0.5055253658617865,ast_pct=2.59; usg=2.09; stl_pct=1.74; resid_drb_pct_height=0.96; ft_pct=0.84,height_inches=-1.50; resid_three_share_height=-0.90; orb_pct=-0.68; blk_pct=-0.65; three_share=-0.43,ast_tov,0.2918435777905931
quality_lite_residual_height_025,k6__division_zscore__quality_lite_residual_height_025__method-nnls__init-uniform__ninit-1,6,division_zscore,quality_lite_residual_height_025,nnls,uniform,0.3943301221227731,,19,mins_per_game,4,150,0.05,78,72,0.4339951567489775,tov_pct=3.80; blk_pct=0.17; stl_pct=0.15; height_inches=-0.34; resid_drb_pct_height=-0.57,ft_pct=-3.47; eFG=-2.72; three_pct=-1.99; usg=-1.96; FTR=-1.75,ast_tov,-0.8868992334710337
quality_lite_residual_height_025,k6__division_zscore__quality_lite_residual_height_025__method-nnls__init-uniform__ninit-1,6,division_zscore,quality_lite_residual_height_025,nnls,uniform,0.3943301221227731,,19,mins_per_game,5,761,0.2536666666666666,414,347,0.461036528191439,three_pa_per_100_team_poss=2.48; resid_three_share_height=2.38; three_share=1.91; height_inches=0.94; ft_pct=0.91,resid_orb_pct_height=-1.62; tov_pct=-1.52; ast_tov=-1.45; ast_pct=-1.39; stl_pct=-1.06,ast_tov,-1.4469854017377544
quality_lite_residual_height_025,k6__division_zscore__quality_lite_residual_height_025__method-nnls__init-uniform__ninit-1,6,division_zscore,quality_lite_residual_height_025,nnls,uniform,0.3943301221227731,,19,mins_per_game,6,552,0.184,308,244,0.4768258023438629,blk_pct=3.05; drb_pct=2.72; orb_pct=2.70; resid_drb_pct_height=2.61; resid_orb_pct_height=2.59,three_pct=-1.88; three_share=-1.55; three_pa_per_100_team_poss=-1.44; resid_three_share_height=-1.06; ast_tov=-1.02,ast_tov,-1.0204204016810912
quality_lite_residual_height_025,k7__division_zscore__quality_lite_residual_height_025__method-nnls__init-aa_plus_plus__ninit-1,7,division_zscore,quality_lite_residual_height_025,nnls,aa_plus_plus,0.366285016296777,,19,mins_per_game,1,731,0.2436666666666666,408,323,0.5093574926750019,ast_pct=2.74; usg=1.99; stl_pct=1.59; ft_pct=0.88; ast_tov=0.68,height_inches=-1.60; orb_pct=-0.91; resid_three_share_height=-0.70; blk_pct=-0.56; drb_pct=-0.33,ast_tov,0.679185858360089
quality_lite_residual_height_025,k7__division_zscore__quality_lite_residual_height_025__method-nnls__init-aa_plus_plus__ninit-1,7,division_zscore,quality_lite_residual_height_025,nnls,aa_plus_plus,0.366285016296777,,19,mins_per_game,2,730,0.2433333333333333,398,332,0.4555683778150854,three_pa_per_100_team_poss=2.49; resid_three_share_height=2.34; three_share=1.91; ft_pct=0.87; height_inches=0.87,resid_orb_pct_height=-1.64; tov_pct=-1.53; ast_tov=-1.52; ast_pct=-1.39; resid_drb_pct_height=-0.99,ast_tov,-1.5248527485744807
quality_lite_residual_height_025,k7__division_zscore__quality_lite_residual_height_025__method-nnls__init-aa_plus_plus__ninit-1,7,division_zscore,quality_lite_residual_height_025,nnls,aa_plus_plus,0.366285016296777,,19,mins_per_game,3,205,0.0683333333333333,110,95,0.4730010463555472,FTR=3.53; tov_pct=0.95; height_inches=0.30; blk_pct=0.04; orb_pct=-0.05,three_pct=-1.67; usg=-1.59; resid_drb_pct_height=-1.56; drb_pct=-1.34; three_pa_per_100_team_poss=-1.33,ast_tov,-1.0169257575389583
quality_lite_residual_height_025,k7__division_zscore__quality_lite_residual_height_025__method-nnls__init-aa_plus_plus__ninit-1,7,division_zscore,quality_lite_residual_height_025,nnls,aa_plus_plus,0.366285016296777,,19,mins_per_game,4,471,0.157,247,224,0.4506954290952387,resid_orb_pct_height=2.93; orb_pct=2.77; resid_drb_pct_height=2.65; drb_pct=2.57; FTR=1.40,three_share=-1.35; resid_three_share_height=-1.26; three_pa_per_100_team_poss=-1.23; ast_tov=-0.90; tov_pct=-0.62,ast_tov,-0.8959089015149168
quality_lite_residual_height_025,k7__division_zscore__quality_lite_residual_height_025__method-nnls__init-aa_plus_plus__ninit-1,7,division_zscore,quality_lite_residual_height_025,nnls,aa_plus_plus,0.366285016296777,,19,mins_per_game,5,265,0.0883333333333333,156,109,0.4819456209533383,blk_pct=3.96; height_inches=2.00; eFG=1.82; orb_pct=1.33; drb_pct=1.02,three_pct=-1.98; three_share=-1.56; three_pa_per_100_team_poss=-1.46; ast_tov=-0.99; stl_pct=-0.98,ast_tov,-0.9854291692761568
quality_lite_residual_height_025,k7__division_zscore__quality_lite_residual_height_025__method-nnls__init-aa_plus_plus__ninit-1,7,division_zscore,quality_lite_residual_height_025,nnls,aa_plus_plus,0.366285016296777,,19,mins_per_game,6,414,0.138,222,192,0.4665533421295215,ast_tov=3.48; three_share=1.72; resid_three_share_height=1.66; three_pa_per_100_team_poss=1.06; three_pct=0.66,tov_pct=-1.69; usg=-1.44; FTR=-1.26; drb_pct=-1.22; height_inches=-1.17,ast_tov,3.4839866005238624
quality_lite_residual_height_025,k7__division_zscore__quality_lite_residual_height_025__method-nnls__init-aa_plus_plus__ninit-1,7,division_zscore,quality_lite_residual_height_025,nnls,aa_plus_plus,0.366285016296777,,19,mins_per_game,7,184,0.0613333333333333,87,97,0.4189364894369921,tov_pct=3.68; stl_pct=0.35; resid_drb_pct_height=0.12; resid_orb_pct_height=0.07; ast_tov=-0.32,ft_pct=-3.25; eFG=-2.94; usg=-1.98; three_pct=-1.87; FTR=-1.74,ast_tov,-0.3180613168983012
quality_lite_residual_height_025,k8__division_zscore__quality_lite_residual_height_025__method-nnls__init-aa_plus_plus__ninit-1,8,division_zscore,quality_lite_residual_height_025,nnls,aa_plus_plus,0.3498785561307565,,19,mins_per_game,1,529,0.1763333333333333,307,222,0.4419119229795171,ast_pct=3.03; usg=1.93; ast_tov=1.76; ft_pct=1.06; three_pct=0.61,height_inches=-1.78; orb_pct=-0.93; drb_pct=-0.69; resid_three_share_height=-0.67; FTR=-0.60,ast_tov,1.7632999073136433
quality_lite_residual_height_025,k8__division_zscore__quality_lite_residual_height_025__method-nnls__init-aa_plus_plus__ninit-1,8,division_zscore,quality_lite_residual_height_025,nnls,aa_plus_plus,0.3498785561307565,,19,mins_per_game,2,752,0.2506666666666666,405,347,0.4366160202801528,three_pa_per_100_team_poss=2.47; resid_three_share_height=2.41; three_share=1.89; three_pct=0.93; ft_pct=0.92,resid_orb_pct_height=-1.87; ast_tov=-1.42; ast_pct=-1.41; tov_pct=-1.18; resid_drb_pct_height=-1.06,ast_tov,-1.4199472167916103
quality_lite_residual_height_025,k8__division_zscore__quality_lite_residual_height_025__method-nnls__init-aa_plus_plus__ninit-1,8,division_zscore,quality_lite_residual_height_025,nnls,aa_plus_plus,0.3498785561307565,,19,mins_per_game,3,312,0.104,166,146,0.43774446051854,ast_tov=3.61; three_share=2.22; resid_three_share_height=2.14; three_pa_per_100_team_poss=1.57; stl_pct=0.55,tov_pct=-1.87; FTR=-1.57; drb_pct=-1.49; usg=-1.42; height_inches=-1.38,ast_tov,3.60520392568149
quality_lite_residual_height_025,k8__division_zscore__quality_lite_residual_height_025__method-nnls__init-aa_plus_plus__ninit-1,8,division_zscore,quality_lite_residual_height_025,nnls,aa_plus_plus,0.3498785561307565,,19,mins_per_game,4,588,0.196,330,258,0.4668806464987574,blk_pct=2.90; drb_pct=2.68; resid_drb_pct_height=2.59; orb_pct=2.45; resid_orb_pct_height=2.16,three_pct=-1.59; three_share=-1.54; three_pa_per_100_team_poss=-1.41; resid_three_share_height=-0.94; ast_tov=-0.94,ast_tov,-0.9378202913404368
quality_lite_residual_height_025,k8__division_zscore__quality_lite_residual_height_025__method-nnls__init-aa_plus_plus__ninit-1,8,division_zscore,quality_lite_residual_height_025,nnls,aa_plus_plus,0.3498785561307565,,19,mins_per_game,5,354,0.118,173,181,0.4255553392807613,stl_pct=3.42; FTR=2.12; ast_pct=1.57; tov_pct=1.11; resid_drb_pct_height=1.00,resid_three_share_height=-1.08; height_inches=-1.06; orb_pct=-0.63; three_share=-0.59; three_pa_per_100_team_poss=-0.59,ast_tov,0.2822045780113842
quality_lite_residual_height_025,k8__division_zscore__quality_lite_residual_height_025__method-nnls__init-aa_plus_plus__ninit-1,8,division_zscore,quality_lite_residual_height_025,nnls,aa_plus_plus,0.3498785561307565,,19,mins_per_game,6,81,0.027,45,36,0.357951212640229,resid_orb_pct_height=3.19; orb_pct=2.93; height_inches=1.08; usg=0.60; resid_three_share_height=0.40,resid_three_pct_shot_mix=-2.80; eFG=-2.26; stl_pct=-2.07; resid_drb_pct_height=-2.05; three_pct=-1.93,ast_tov,-1.5711833172824905
quality_lite_residual_height_025,k8__division_zscore__quality_lite_residual_height_025__method-nnls__init-aa_plus_plus__ninit-1,8,division_zscore,quality_lite_residual_height_025,nnls,aa_plus_plus,0.3498785561307565,,19,mins_per_game,7,210,0.07,117,93,0.4562841093401617,FTR=3.52; eFG=1.08; height_inches=0.95; tov_pct=0.51; orb_pct=0.47,usg=-1.99; stl_pct=-1.76; resid_drb_pct_height=-1.74; three_pct=-1.59; three_pa_per_100_team_poss=-1.34,ast_tov,-0.310234452397056
quality_lite_residual_height_025,k8__division_zscore__quality_lite_residual_height_025__method-nnls__init-aa_plus_plus__ninit-1,8,division_zscore,quality_lite_residual_height_025,nnls,aa_plus_plus,0.3498785561307565,,19,mins_per_game,8,174,0.058,85,89,0.4032529874953709,tov_pct=3.87; blk_pct=0.50; stl_pct=-0.03; height_inches=-0.43; resid_three_pct_shot_mix=-0.49,ft_pct=-3.65; eFG=-2.39; usg=-1.95; FTR=-1.86; three_pct=-1.71,ast_tov,-0.8930179718945154
role_residual_context_only_height_025,k6__division_zscore__role_residual_context_only_height_025__method-nnls__init-furthest_sum__ninit-1,6,division_zscore,role_residual_context_only_height_025,nnls,furthest_sum,0.3368763307950451,,13,mins_per_game|eFG|three_share|orb_pct|drb_pct|three_pct|ft_pct,1,399,0.133,214,185,0.491566233306474,blk_pct=3.72; height_inches=1.81; resid_orb_pct_height=1.61; resid_drb_pct_height=1.58; usg=0.59,three_pa_per_100_team_poss=-1.40; resid_three_share_height=-1.12; ast_tov=-1.08; ast_pct=-0.76; stl_pct=-0.68,ast_tov,-1.0766014290956392
role_residual_context_only_height_025,k6__division_zscore__role_residual_context_only_height_025__method-nnls__init-furthest_sum__ninit-1,6,division_zscore,role_residual_context_only_height_025,nnls,furthest_sum,0.3368763307950451,,13,mins_per_game|eFG|three_share|orb_pct|drb_pct|three_pct|ft_pct,2,256,0.0853333333333333,134,122,0.4312523759271313,tov_pct=3.94; stl_pct=0.18; resid_drb_pct_height=-0.06; blk_pct=-0.17; resid_three_pct_shot_mix=-0.38,usg=-2.09; FTR=-1.85; resid_three_share_height=-1.65; three_pa_per_100_team_poss=-1.42; ast_pct=-0.80,ast_tov,-0.4611628358703699
role_residual_context_only_height_025,k6__division_zscore__role_residual_context_only_height_025__method-nnls__init-furthest_sum__ninit-1,6,division_zscore,role_residual_context_only_height_025,nnls,furthest_sum,0.3368763307950451,,13,mins_per_game|eFG|three_share|orb_pct|drb_pct|three_pct|ft_pct,3,447,0.149,247,200,0.4804909346980892,FTR=3.56; height_inches=0.93; resid_orb_pct_height=0.69; tov_pct=-0.01; resid_three_pct_shot_mix=-0.17,three_pa_per_100_team_poss=-1.44; ast_pct=-1.20; usg=-1.16; resid_three_share_height=-1.11; ast_tov=-0.87,ast_tov,-0.8721480945126762
role_residual_context_only_height_025,k6__division_zscore__role_residual_context_only_height_025__method-nnls__init-furthest_sum__ninit-1,6,division_zscore,role_residual_context_only_height_025,nnls,furthest_sum,0.3368763307950451,,13,mins_per_game|eFG|three_share|orb_pct|drb_pct|three_pct|ft_pct,4,770,0.2566666666666666,414,356,0.4768149356626522,three_pa_per_100_team_poss=2.49; resid_three_share_height=2.28; usg=0.58; height_inches=0.46; resid_three_pct_shot_mix=-0.04,tov_pct=-1.61; ast_tov=-1.48; ast_pct=-1.36; FTR=-1.34; resid_orb_pct_height=-1.26,ast_tov,-1.4776544317101044
role_residual_context_only_height_025,k6__division_zscore__role_residual_context_only_height_025__method-nnls__init-furthest_sum__ninit-1,6,division_zscore,role_residual_context_only_height_025,nnls,furthest_sum,0.3368763307950451,,13,mins_per_game|eFG|three_share|orb_pct|drb_pct|three_pct|ft_pct,5,336,0.112,180,156,0.4707344944722498,ast_tov=3.55; resid_three_share_height=1.48; three_pa_per_100_team_poss=0.72; stl_pct=0.12; ast_pct=0.06,tov_pct=-1.98; usg=-1.68; FTR=-1.40; resid_drb_pct_height=-0.77; height_inches=-0.65,ast_tov,3.554485301416661
role_residual_context_only_height_025,k6__division_zscore__role_residual_context_only_height_025__method-nnls__init-furthest_sum__ninit-1,6,division_zscore,role_residual_context_only_height_025,nnls,furthest_sum,0.3368763307950451,,13,mins_per_game|eFG|three_share|orb_pct|drb_pct|three_pct|ft_pct,6,792,0.264,439,353,0.5086092677725567,ast_pct=2.67; usg=2.02; stl_pct=1.76; resid_drb_pct_height=1.03; ast_tov=0.64,height_inches=-1.50; resid_three_share_height=-0.88; blk_pct=-0.56; three_pa_per_100_team_poss=0.02; resid_three_pct_shot_mix=0.11,ast_tov,0.6434190674951429
role_residual_context_only_height_025,k7__division_zscore__role_residual_context_only_height_025__method-nnls__init-uniform__ninit-1,7,division_zscore,role_residual_context_only_height_025,nnls,uniform,0.3029113353306103,,13,mins_per_game|eFG|three_share|orb_pct|drb_pct|three_pct|ft_pct,1,360,0.12,192,168,0.4584837224076431,FTR=3.53; height_inches=0.92; tov_pct=0.26; resid_orb_pct_height=0.21; resid_three_pct_shot_mix=0.07,usg=-1.67; stl_pct=-1.47; three_pa_per_100_team_poss=-1.36; ast_pct=-1.22; resid_drb_pct_height=-0.97,ast_tov,-0.3774310579181886
role_residual_context_only_height_025,k7__division_zscore__role_residual_context_only_height_025__method-nnls__init-uniform__ninit-1,7,division_zscore,role_residual_context_only_height_025,nnls,uniform,0.3029113353306103,,13,mins_per_game|eFG|three_share|orb_pct|drb_pct|three_pct|ft_pct,2,775,0.2583333333333333,419,356,0.4636316211350982,three_pa_per_100_team_poss=2.49; resid_three_share_height=2.22; usg=0.75; height_inches=0.35; resid_three_pct_shot_mix=-0.05,tov_pct=-1.55; ast_tov=-1.48; ast_pct=-1.31; FTR=-1.24; resid_orb_pct_height=-1.19,ast_tov,-1.4787248142041196
role_residual_context_only_height_025,k7__division_zscore__role_residual_context_only_height_025__method-nnls__init-uniform__ninit-1,7,division_zscore,role_residual_context_only_height_025,nnls,uniform,0.3029113353306103,,13,mins_per_game|eFG|three_share|orb_pct|drb_pct|three_pct|ft_pct,3,374,0.1246666666666666,212,162,0.4795775838729453,blk_pct=3.85; height_inches=2.10; resid_drb_pct_height=1.07; resid_orb_pct_height=0.58; usg=0.30,three_pa_per_100_team_poss=-1.42; stl_pct=-1.32; resid_three_share_height=-1.19; ast_tov=-0.96; ast_pct=-0.49,ast_tov,-0.9552293167303196
role_residual_context_only_height_025,k7__division_zscore__role_residual_context_only_height_025__method-nnls__init-uniform__ninit-1,7,division_zscore,role_residual_context_only_height_025,nnls,uniform,0.3029113353306103,,13,mins_per_game|eFG|three_share|orb_pct|drb_pct|three_pct|ft_pct,4,272,0.0906666666666666,150,122,0.4404852800545149,ast_tov=3.61; resid_three_share_height=2.19; three_pa_per_100_team_poss=1.11; stl_pct=0.64; resid_three_pct_shot_mix=-0.16,tov_pct=-2.23; usg=-1.84; FTR=-1.80; resid_drb_pct_height=-1.15; blk_pct=-0.87,ast_tov,3.605203926795027
role_residual_context_only_height_025,k7__division_zscore__role_residual_context_only_height_025__method-nnls__init-uniform__ninit-1,7,division_zscore,role_residual_context_only_height_025,nnls,uniform,0.3029113353306103,,13,mins_per_game|eFG|three_share|orb_pct|drb_pct|three_pct|ft_pct,5,223,0.0743333333333333,116,107,0.3941958095119705,stl_pct=3.24; resid_orb_pct_height=2.99; resid_drb_pct_height=1.33; usg=0.46; blk_pct=0.39,resid_three_share_height=-1.83; ast_tov=-1.44; three_pa_per_100_team_poss=-1.35; ast_pct=-1.11; resid_three_pct_shot_mix=-0.57,ast_tov,-1.437694047793861
role_residual_context_only_height_025,k7__division_zscore__role_residual_context_only_height_025__method-nnls__init-uniform__ninit-1,7,division_zscore,role_residual_context_only_height_025,nnls,uniform,0.3029113353306103,,13,mins_per_game|eFG|three_share|orb_pct|drb_pct|three_pct|ft_pct,6,245,0.0816666666666666,130,115,0.4291862487342904,tov_pct=3.87; resid_drb_pct_height=0.09; stl_pct=0.06; resid_three_pct_shot_mix=-0.27; blk_pct=-0.29,usg=-2.05; FTR=-1.83; resid_three_share_height=-1.36; three_pa_per_100_team_poss=-1.28; height_inches=-0.75,ast_tov,-0.3751979985091726
role_residual_context_only_height_025,k7__division_zscore__role_residual_context_only_height_025__method-nnls__init-uniform__ninit-1,7,division_zscore,role_residual_context_only_height_025,nnls,uniform,0.3029113353306103,,13,mins_per_game|eFG|three_share|orb_pct|drb_pct|three_pct|ft_pct,7,751,0.2503333333333333,409,342,0.498680788830028,ast_pct=2.97; usg=1.95; ast_tov=1.28; stl_pct=0.91; resid_drb_pct_height=0.80,height_inches=-1.49; resid_three_share_height=-0.79; blk_pct=-0.55; tov_pct=-0.02; resid_orb_pct_height=-0.00,ast_tov,1.283512812789042
role_residual_context_only_height_025,k8__division_zscore__role_residual_context_only_height_025__method-nnls__init-uniform__ninit-1,8,division_zscore,role_residual_context_only_height_025,nnls,uniform,0.2749070877774018,,13,mins_per_game|eFG|three_share|orb_pct|drb_pct|three_pct|ft_pct,1,369,0.123,192,177,0.4455068245039268,FTR=3.56; height_inches=0.61; tov_pct=0.49; resid_orb_pct_height=0.19; resid_three_pct_shot_mix=-0.06,usg=-1.76; three_pa_per_100_team_poss=-1.40; ast_pct=-1.24; resid_three_share_height=-1.23; resid_drb_pct_height=-0.84,ast_tov,-0.7150630217969312
role_residual_context_only_height_025,k8__division_zscore__role_residual_context_only_height_025__method-nnls__init-uniform__ninit-1,8,division_zscore,role_residual_context_only_height_025,nnls,uniform,0.2749070877774018,,13,mins_per_game|eFG|three_share|orb_pct|drb_pct|three_pct|ft_pct,2,826,0.2753333333333333,443,383,0.4518674160266331,three_pa_per_100_team_poss=2.48; resid_three_share_height=2.28; usg=0.63; height_inches=0.30; resid_three_pct_shot_mix=0.14,tov_pct=-1.52; stl_pct=-1.42; ast_tov=-1.34; FTR=-1.26; ast_pct=-1.25,ast_tov,-1.3422487462154202
role_residual_context_only_height_025,k8__division_zscore__role_residual_context_only_height_025__method-nnls__init-uniform__ninit-1,8,division_zscore,role_residual_context_only_height_025,nnls,uniform,0.2749070877774018,,13,mins_per_game|eFG|three_share|orb_pct|drb_pct|three_pct|ft_pct,3,411,0.137,217,194,0.4364216184893016,stl_pct=3.46; usg=1.79; ast_pct=1.61; resid_drb_pct_height=0.57; FTR=0.56,height_inches=-1.31; resid_three_share_height=-0.79; blk_pct=-0.46; resid_three_pct_shot_mix=-0.42; ast_tov=-0.14,ast_tov,-0.1420385902895645
role_residual_context_only_height_025,k8__division_zscore__role_residual_context_only_height_025__method-nnls__init-uniform__ninit-1,8,division_zscore,role_residual_context_only_height_025,nnls,uniform,0.2749070877774018,,13,mins_per_game|eFG|three_share|orb_pct|drb_pct|three_pct|ft_pct,4,200,0.0666666666666666,122,78,0.4515182295428119,blk_pct=4.04; height_inches=1.95; tov_pct=0.70; FTR=0.18; resid_three_pct_shot_mix=-0.65,usg=-1.71; ast_pct=-1.37; three_pa_per_100_team_poss=-1.37; ast_tov=-1.18; resid_drb_pct_height=-1.10,ast_tov,-1.1808042408619417
role_residual_context_only_height_025,k8__division_zscore__role_residual_context_only_height_025__method-nnls__init-uniform__ninit-1,8,division_zscore,role_residual_context_only_height_025,nnls,uniform,0.2749070877774018,,13,mins_per_game|eFG|three_share|orb_pct|drb_pct|three_pct|ft_pct,5,239,0.0796666666666666,116,123,0.3974143304854777,tov_pct=3.94; resid_drb_pct_height=0.44; stl_pct=0.30; resid_orb_pct_height=0.25; ast_tov=-0.16,usg=-2.13; FTR=-1.95; resid_three_share_height=-1.84; three_pa_per_100_team_poss=-1.47; ast_pct=-0.97,ast_tov,-0.159301825085023
role_residual_context_only_height_025,k8__division_zscore__role_residual_context_only_height_025__method-nnls__init-uniform__ninit-1,8,division_zscore,role_residual_context_only_height_025,nnls,uniform,0.2749070877774018,,13,mins_per_game|eFG|three_share|orb_pct|drb_pct|three_pct|ft_pct,6,254,0.0846666666666666,139,115,0.4234989536962169,ast_tov=3.58; resid_three_share_height=2.18; three_pa_per_100_team_poss=1.17; stl_pct=0.80; resid_three_pct_shot_mix=-0.02,tov_pct=-2.33; usg=-1.84; FTR=-1.80; resid_drb_pct_height=-1.22; blk_pct=-0.83,ast_tov,3.580539838793968
role_residual_context_only_height_025,k8__division_zscore__role_residual_context_only_height_025__method-nnls__init-uniform__ninit-1,8,division_zscore,role_residual_context_only_height_025,nnls,uniform,0.2749070877774018,,13,mins_per_game|eFG|three_share|orb_pct|drb_pct|three_pct|ft_pct,7,400,0.1333333333333333,231,169,0.4460526475604965,ast_pct=3.00; ast_tov=2.25; usg=1.24; three_pa_per_100_team_poss=0.39; resid_three_pct_shot_mix=0.38,height_inches=-1.59; blk_pct=-0.55; stl_pct=-0.50; resid_three_share_height=-0.28; resid_orb_pct_height=-0.26,ast_tov,2.248138083506118
role_residual_context_only_height_025,k8__division_zscore__role_residual_context_only_height_025__method-nnls__init-uniform__ninit-1,8,division_zscore,role_residual_context_only_height_025,nnls,uniform,0.2749070877774018,,13,mins_per_game|eFG|three_share|orb_pct|drb_pct|three_pct|ft_pct,8,301,0.1003333333333333,168,133,0.3918733651915209,resid_orb_pct_height=3.19; resid_drb_pct_height=2.92; usg=2.45; blk_pct=2.39; height_inches=2.27,resid_three_share_height=-1.73; stl_pct=-1.49; three_pa_per_100_team_poss=-1.45; ast_tov=-0.74; tov_pct=-0.64,ast_tov,-0.7380965541714208
role_residual_height_025,k6__division_zscore__role_residual_height_025__method-nnls__init-uniform__ninit-1,6,division_zscore,role_residual_height_025,nnls,uniform,0.3614062219411871,,16,mins_per_game|eFG|three_pct|ft_pct,1,346,0.1153333333333333,187,159,0.4563014892775585,ast_tov=3.59; three_share=2.09; resid_three_share_height=2.03; three_pa_per_100_team_poss=1.16; stl_pct=0.41,tov_pct=-1.95; usg=-1.67; FTR=-1.62; drb_pct=-1.31; orb_pct=-1.00,ast_tov,3.5932319460780167
role_residual_height_025,k6__division_zscore__role_residual_height_025__method-nnls__init-uniform__ninit-1,6,division_zscore,role_residual_height_025,nnls,uniform,0.3614062219411871,,16,mins_per_game|eFG|three_pct|ft_pct,2,325,0.1083333333333333,172,153,0.4763525499436981,FTR=3.50; height_inches=0.63; orb_pct=0.34; tov_pct=0.31; blk_pct=-0.07,resid_drb_pct_height=-1.53; usg=-1.52; three_pa_per_100_team_poss=-1.35; three_share=-1.33; ast_pct=-1.28,ast_tov,-0.7981179865664338
role_residual_height_025,k6__division_zscore__role_residual_height_025__method-nnls__init-uniform__ninit-1,6,division_zscore,role_residual_height_025,nnls,uniform,0.3614062219411871,,16,mins_per_game|eFG|three_pct|ft_pct,3,821,0.2736666666666666,447,374,0.5104963785444115,ast_pct=2.72; usg=1.90; stl_pct=1.70; resid_drb_pct_height=0.82; ast_tov=0.76,height_inches=-1.52; resid_three_share_height=-0.94; orb_pct=-0.67; blk_pct=-0.65; three_share=-0.47,ast_tov,0.7571683262706972
role_residual_height_025,k6__division_zscore__role_residual_height_025__method-nnls__init-uniform__ninit-1,6,division_zscore,role_residual_height_025,nnls,uniform,0.3614062219411871,,16,mins_per_game|eFG|three_pct|ft_pct,4,202,0.0673333333333333,109,93,0.4342773851104638,tov_pct=3.89; blk_pct=0.29; stl_pct=0.01; resid_drb_pct_height=-0.32; resid_three_pct_shot_mix=-0.40,usg=-2.04; FTR=-1.88; resid_three_share_height=-1.45; three_pa_per_100_team_poss=-1.33; three_share=-1.24,ast_tov,-0.738019202445574
role_residual_height_025,k6__division_zscore__role_residual_height_025__method-nnls__init-uniform__ninit-1,6,division_zscore,role_residual_height_025,nnls,uniform,0.3614062219411871,,16,mins_per_game|eFG|three_pct|ft_pct,5,699,0.233,373,326,0.4666287550621113,three_pa_per_100_team_poss=2.48; resid_three_share_height=2.32; three_share=2.07; usg=0.50; height_inches=0.49,tov_pct=-1.55; resid_orb_pct_height=-1.51; ast_tov=-1.45; ast_pct=-1.37; FTR=-1.29,ast_tov,-1.4530397381597264
role_residual_height_025,k6__division_zscore__role_residual_height_025__method-nnls__init-uniform__ninit-1,6,division_zscore,role_residual_height_025,nnls,uniform,0.3614062219411871,,16,mins_per_game|eFG|three_pct|ft_pct,6,607,0.2023333333333333,340,267,0.4753486052151414,blk_pct=3.01; drb_pct=2.72; orb_pct=2.66; resid_drb_pct_height=2.59; resid_orb_pct_height=2.49,three_share=-1.56; three_pa_per_100_team_poss=-1.45; ast_tov=-1.09; resid_three_share_height=-1.05; ast_pct=-0.81,ast_tov,-1.0923332391792775
role_residual_height_025,k7__division_zscore__role_residual_height_025__method-nnls__init-furthest_first__ninit-1,7,division_zscore,role_residual_height_025,nnls,furthest_first,0.3288383772877349,,16,mins_per_game|eFG|three_pct|ft_pct,1,305,0.1016666666666666,160,145,0.4493886514647095,ast_tov=3.61; three_share=2.18; resid_three_share_height=2.15; three_pa_per_100_team_poss=1.11; stl_pct=0.39,tov_pct=-2.10; usg=-1.78; FTR=-1.70; drb_pct=-1.24; orb_pct=-1.02,ast_tov,3.6052039254586887
role_residual_height_025,k7__division_zscore__role_residual_height_025__method-nnls__init-furthest_first__ninit-1,7,division_zscore,role_residual_height_025,nnls,furthest_first,0.3288383772877349,,16,mins_per_game|eFG|three_pct|ft_pct,2,530,0.1766666666666666,301,229,0.4663893131361202,drb_pct=2.73; blk_pct=2.64; resid_drb_pct_height=2.63; height_inches=2.16; orb_pct=2.14,three_share=-1.43; three_pa_per_100_team_poss=-1.28; stl_pct=-1.11; ast_tov=-0.98; resid_three_share_height=-0.82,ast_tov,-0.9808898669918386
role_residual_height_025,k7__division_zscore__role_residual_height_025__method-nnls__init-furthest_first__ninit-1,7,division_zscore,role_residual_height_025,nnls,furthest_first,0.3288383772877349,,16,mins_per_game|eFG|three_pct|ft_pct,3,195,0.065,103,92,0.4231394793794408,tov_pct=3.87; blk_pct=0.32; stl_pct=-0.04; resid_three_pct_shot_mix=-0.29; resid_drb_pct_height=-0.31,usg=-2.06; FTR=-1.86; resid_three_share_height=-1.42; three_pa_per_100_team_poss=-1.30; three_share=-1.17,ast_tov,-0.7054261026958042
role_residual_height_025,k7__division_zscore__role_residual_height_025__method-nnls__init-furthest_first__ninit-1,7,division_zscore,role_residual_height_025,nnls,furthest_first,0.3288383772877349,,16,mins_per_game|eFG|three_pct|ft_pct,4,251,0.0836666666666666,136,115,0.4570718812515644,FTR=3.54; height_inches=0.89; tov_pct=0.63; blk_pct=0.42; orb_pct=0.29,usg=-2.05; resid_drb_pct_height=-1.83; stl_pct=-1.56; three_share=-1.39; three_pa_per_100_team_poss=-1.38,ast_tov,-0.4532178272671021
role_residual_height_025,k7__division_zscore__role_residual_height_025__method-nnls__init-furthest_first__ninit-1,7,division_zscore,role_residual_height_025,nnls,furthest_first,0.3288383772877349,,16,mins_per_game|eFG|three_pct|ft_pct,5,722,0.2406666666666666,390,332,0.4585019932877403,three_pa_per_100_team_poss=2.47; resid_three_share_height=2.31; three_share=2.10; usg=0.41; height_inches=0.35,tov_pct=-1.55; ast_tov=-1.45; FTR=-1.40; ast_pct=-1.39; resid_orb_pct_height=-1.38,ast_tov,-1.446012962698927
role_residual_height_025,k7__division_zscore__role_residual_height_025__method-nnls__init-furthest_first__ninit-1,7,division_zscore,role_residual_height_025,nnls,furthest_first,0.3288383772877349,,16,mins_per_game|eFG|three_pct|ft_pct,6,812,0.2706666666666666,438,374,0.5056403990298297,ast_pct=2.87; usg=1.89; stl_pct=1.17; ast_tov=0.99; FTR=0.64,height_inches=-1.61; orb_pct=-0.88; resid_three_share_height=-0.79; blk_pct=-0.67; three_share=-0.33,ast_tov,0.9870441731448208
role_residual_height_025,k7__division_zscore__role_residual_height_025__method-nnls__init-furthest_first__ninit-1,7,division_zscore,role_residual_height_025,nnls,furthest_first,0.3288383772877349,,16,mins_per_game|eFG|three_pct|ft_pct,7,185,0.0616666666666666,100,85,0.4014136376762342,stl_pct=3.24; resid_orb_pct_height=3.16; orb_pct=2.92; resid_drb_pct_height=1.41; drb_pct=1.35,resid_three_share_height=-1.77; three_share=-1.53; ast_tov=-1.46; three_pa_per_100_team_poss=-1.43; ast_pct=-1.27,ast_tov,-1.4594341976901088
role_residual_height_025,k8__division_zscore__role_residual_height_025__method-nnls__init-aa_plus_plus__ninit-1,8,division_zscore,role_residual_height_025,nnls,aa_plus_plus,0.3039979597431767,,16,mins_per_game|eFG|three_pct|ft_pct,1,243,0.081,131,112,0.398288912455824,resid_drb_pct_height=2.56; drb_pct=2.49; resid_three_share_height=1.61; height_inches=1.06; three_pa_per_100_team_poss=0.97,resid_orb_pct_height=-1.78; ast_tov=-0.71; orb_pct=-0.67; ast_pct=-0.26; stl_pct=-0.22,ast_tov,-0.7141127510920291
role_residual_height_025,k8__division_zscore__role_residual_height_025__method-nnls__init-aa_plus_plus__ninit-1,8,division_zscore,role_residual_height_025,nnls,aa_plus_plus,0.3039979597431767,,16,mins_per_game|eFG|three_pct|ft_pct,2,295,0.0983333333333333,158,137,0.4599621102965566,FTR=3.54; tov_pct=0.75; height_inches=0.45; orb_pct=0.16; blk_pct=-0.22,usg=-1.66; three_pa_per_100_team_poss=-1.36; resid_drb_pct_height=-1.28; three_share=-1.26; ast_pct=-1.21,ast_tov,-0.7975383057315103
role_residual_height_025,k8__division_zscore__role_residual_height_025__method-nnls__init-aa_plus_plus__ninit-1,8,division_zscore,role_residual_height_025,nnls,aa_plus_plus,0.3039979597431767,,16,mins_per_game|eFG|three_pct|ft_pct,3,537,0.179,285,252,0.4379180038970349,three_pa_per_100_team_poss=2.47; resid_three_share_height=2.22; three_share=2.18; usg=0.29; resid_three_pct_shot_mix=0.09,FTR=-1.74; tov_pct=-1.73; stl_pct=-1.63; ast_pct=-1.36; ast_tov=-1.30,ast_tov,-1.3011348768725313
role_residual_height_025,k8__division_zscore__role_residual_height_025__method-nnls__init-aa_plus_plus__ninit-1,8,division_zscore,role_residual_height_025,nnls,aa_plus_plus,0.3039979597431767,,16,mins_per_game|eFG|three_pct|ft_pct,4,503,0.1676666666666666,278,225,0.4600777148688272,resid_orb_pct_height=3.18; orb_pct=2.92; drb_pct=2.17; resid_drb_pct_height=2.15; blk_pct=1.62,three_share=-1.53; resid_three_share_height=-1.48; three_pa_per_100_team_poss=-1.43; ast_tov=-0.96; ast_pct=-0.60,ast_tov,-0.9574754839223762
role_residual_height_025,k8__division_zscore__role_residual_height_025__method-nnls__init-aa_plus_plus__ninit-1,8,division_zscore,role_residual_height_025,nnls,aa_plus_plus,0.3039979597431767,,16,mins_per_game|eFG|three_pct|ft_pct,5,278,0.0926666666666666,153,125,0.4311668931739094,ast_tov=3.61; resid_three_share_height=2.25; three_share=2.22; three_pa_per_100_team_poss=1.23; stl_pct=0.69,tov_pct=-2.31; usg=-1.81; FTR=-1.73; drb_pct=-1.38; resid_drb_pct_height=-1.20,ast_tov,3.6052039261237248
role_residual_height_025,k8__division_zscore__role_residual_height_025__method-nnls__init-aa_plus_plus__ninit-1,8,division_zscore,role_residual_height_025,nnls,aa_plus_plus,0.3039979597431767,,16,mins_per_game|eFG|three_pct|ft_pct,6,774,0.258,423,351,0.4992093939194048,ast_pct=2.73; usg=1.98; stl_pct=1.46; ast_tov=1.02; FTR=0.53,height_inches=-1.46; resid_three_share_height=-0.88; orb_pct=-0.83; blk_pct=-0.56; drb_pct=-0.51,ast_tov,1.0198842043064658
role_residual_height_025,k8__division_zscore__role_residual_height_025__method-nnls__init-aa_plus_plus__ninit-1,8,division_zscore,role_residual_height_025,nnls,aa_plus_plus,0.3039979597431767,,16,mins_per_game|eFG|three_pct|ft_pct,7,197,0.0656666666666666,98,99,0.4209347235024275,tov_pct=3.83; resid_drb_pct_height=0.45; resid_orb_pct_height=0.08; stl_pct=0.07; ast_tov=-0.11,usg=-2.02; FTR=-1.81; three_pa_per_100_team_poss=-1.21; resid_three_share_height=-1.21; three_share=-0.95,ast_tov,-0.1088603150869403
role_residual_height_025,k8__division_zscore__role_residual_height_025__method-nnls__init-aa_plus_plus__ninit-1,8,division_zscore,role_residual_height_025,nnls,aa_plus_plus,0.3039979597431767,,16,mins_per_game|eFG|three_pct|ft_pct,8,173,0.0576666666666666,102,71,0.4347385314200787,blk_pct=4.01; height_inches=1.98; tov_pct=0.82; orb_pct=0.68; drb_pct=0.23,stl_pct=-1.61; three_share=-1.55; three_pa_per_100_team_poss=-1.45; ast_tov=-1.38; usg=-1.31,ast_tov,-1.3773398276341469
quality_lite_residual_height_025,k6__division_zscore__quality_lite_residual_height_025__method-nnls__init-uniform__ninit-1,6,division_zscore,quality_lite_residual_height_025,nnls,uniform,0.3943301221227731,,19,mins_per_game,1,446,0.1486666666666666,234,212,0.4718340729331904,ast_tov=3.50; three_share=1.58; resid_three_share_height=1.43; three_pa_per_100_team_poss=1.01; three_pct=0.47,tov_pct=-1.55; height_inches=-1.46; drb_pct=-1.40; usg=-1.38; FTR=-1.37,FTR,-1.3748165480935366
quality_lite_residual_height_025,k6__division_zscore__quality_lite_residual_height_025__method-nnls__init-uniform__ninit-1,6,division_zscore,quality_lite_residual_height_025,nnls,uniform,0.3943301221227731,,19,mins_per_game,2,318,0.106,171,147,0.4879865237314554,FTR=3.50; tov_pct=0.69; height_inches=0.59; eFG=0.45; orb_pct=0.44,usg=-1.54; three_pct=-1.40; three_share=-1.38; three_pa_per_100_team_poss=-1.36; resid_drb_pct_height=-1.34,FTR,3.4997022731444725
quality_lite_residual_height_025,k6__division_zscore__quality_lite_residual_height_025__method-nnls__init-uniform__ninit-1,6,division_zscore,quality_lite_residual_height_025,nnls,uniform,0.3943301221227731,,19,mins_per_game,3,773,0.2576666666666666,423,350,0.5055253658617865,ast_pct=2.59; usg=2.09; stl_pct=1.74; resid_drb_pct_height=0.96; ft_pct=0.84,height_inches=-1.50; resid_three_share_height=-0.90; orb_pct=-0.68; blk_pct=-0.65; three_share=-0.43,FTR,0.5552626403284584
quality_lite_residual_height_025,k6__division_zscore__quality_lite_residual_height_025__method-nnls__init-uniform__ninit-1,6,division_zscore,quality_lite_residual_height_025,nnls,uniform,0.3943301221227731,,19,mins_per_game,4,150,0.05,78,72,0.4339951567489775,tov_pct=3.80; blk_pct=0.17; stl_pct=0.15; height_inches=-0.34; resid_drb_pct_height=-0.57,ft_pct=-3.47; eFG=-2.72; three_pct=-1.99; usg=-1.96; FTR=-1.75,FTR,-1.749397578655454
quality_lite_residual_height_025,k6__division_zscore__quality_lite_residual_height_025__method-nnls__init-uniform__ninit-1,6,division_zscore,quality_lite_residual_height_025,nnls,uniform,0.3943301221227731,,19,mins_per_game,5,761,0.2536666666666666,414,347,0.461036528191439,three_pa_per_100_team_poss=2.48; resid_three_share_height=2.38; three_share=1.91; height_inches=0.94; ft_pct=0.91,resid_orb_pct_height=-1.62; tov_pct=-1.52; ast_tov=-1.45; ast_pct=-1.39; stl_pct=-1.06,FTR,-0.9500512231324466
quality_lite_residual_height_025,k6__division_zscore__quality_lite_residual_height_025__method-nnls__init-uniform__ninit-1,6,division_zscore,quality_lite_residual_height_025,nnls,uniform,0.3943301221227731,,19,mins_per_game,6,552,0.184,308,244,0.4768258023438629,blk_pct=3.05; drb_pct=2.72; orb_pct=2.70; resid_drb_pct_height=2.61; resid_orb_pct_height=2.59,three_pct=-1.88; three_share=-1.55; three_pa_per_100_team_poss=-1.44; resid_three_share_height=-1.06; ast_tov=-1.02,FTR,0.1743579251910251
quality_lite_residual_height_025,k7__division_zscore__quality_lite_residual_height_025__method-nnls__init-aa_plus_plus__ninit-1,7,division_zscore,quality_lite_residual_height_025,nnls,aa_plus_plus,0.366285016296777,,19,mins_per_game,1,731,0.2436666666666666,408,323,0.5093574926750019,ast_pct=2.74; usg=1.99; stl_pct=1.59; ft_pct=0.88; ast_tov=0.68,height_inches=-1.60; orb_pct=-0.91; resid_three_share_height=-0.70; blk_pct=-0.56; drb_pct=-0.33,FTR,0.3405792149553272
quality_lite_residual_height_025,k7__division_zscore__quality_lite_residual_height_025__method-nnls__init-aa_plus_plus__ninit-1,7,division_zscore,quality_lite_residual_height_025,nnls,aa_plus_plus,0.366285016296777,,19,mins_per_game,2,730,0.2433333333333333,398,332,0.4555683778150854,three_pa_per_100_team_poss=2.49; resid_three_share_height=2.34; three_share=1.91; ft_pct=0.87; height_inches=0.87,resid_orb_pct_height=-1.64; tov_pct=-1.53; ast_tov=-1.52; ast_pct=-1.39; resid_drb_pct_height=-0.99,FTR,-0.9303797428601563
quality_lite_residual_height_025,k7__division_zscore__quality_lite_residual_height_025__method-nnls__init-aa_plus_plus__ninit-1,7,division_zscore,quality_lite_residual_height_025,nnls,aa_plus_plus,0.366285016296777,,19,mins_per_game,3,205,0.0683333333333333,110,95,0.4730010463555472,FTR=3.53; tov_pct=0.95; height_inches=0.30; blk_pct=0.04; orb_pct=-0.05,three_pct=-1.67; usg=-1.59; resid_drb_pct_height=-1.56; drb_pct=-1.34; three_pa_per_100_team_poss=-1.33,FTR,3.528644330359592
quality_lite_residual_height_025,k7__division_zscore__quality_lite_residual_height_025__method-nnls__init-aa_plus_plus__ninit-1,7,division_zscore,quality_lite_residual_height_025,nnls,aa_plus_plus,0.366285016296777,,19,mins_per_game,4,471,0.157,247,224,0.4506954290952387,resid_orb_pct_height=2.93; orb_pct=2.77; resid_drb_pct_height=2.65; drb_pct=2.57; FTR=1.40,three_share=-1.35; resid_three_share_height=-1.26; three_pa_per_100_team_poss=-1.23; ast_tov=-0.90; tov_pct=-0.62,FTR,1.4041296451801164
quality_lite_residual_height_025,k7__division_zscore__quality_lite_residual_height_025__method-nnls__init-aa_plus_plus__ninit-1,7,division_zscore,quality_lite_residual_height_025,nnls,aa_plus_plus,0.366285016296777,,19,mins_per_game,5,265,0.0883333333333333,156,109,0.4819456209533383,blk_pct=3.96; height_inches=2.00; eFG=1.82; orb_pct=1.33; drb_pct=1.02,three_pct=-1.98; three_share=-1.56; three_pa_per_100_team_poss=-1.46; ast_tov=-0.99; stl_pct=-0.98,FTR,-0.2277161930174941
quality_lite_residual_height_025,k7__division_zscore__quality_lite_residual_height_025__method-nnls__init-aa_plus_plus__ninit-1,7,division_zscore,quality_lite_residual_height_025,nnls,aa_plus_plus,0.366285016296777,,19,mins_per_game,6,414,0.138,222,192,0.4665533421295215,ast_tov=3.48; three_share=1.72; resid_three_share_height=1.66; three_pa_per_100_team_poss=1.06; three_pct=0.66,tov_pct=-1.69; usg=-1.44; FTR=-1.26; drb_pct=-1.22; height_inches=-1.17,FTR,-1.2612517039249684
quality_lite_residual_height_025,k7__division_zscore__quality_lite_residual_height_025__method-nnls__init-aa_plus_plus__ninit-1,7,division_zscore,quality_lite_residual_height_025,nnls,aa_plus_plus,0.366285016296777,,19,mins_per_game,7,184,0.0613333333333333,87,97,0.4189364894369921,tov_pct=3.68; stl_pct=0.35; resid_drb_pct_height=0.12; resid_orb_pct_height=0.07; ast_tov=-0.32,ft_pct=-3.25; eFG=-2.94; usg=-1.98; three_pct=-1.87; FTR=-1.74,FTR,-1.736630973934754
quality_lite_residual_height_025,k8__division_zscore__quality_lite_residual_height_025__method-nnls__init-aa_plus_plus__ninit-1,8,division_zscore,quality_lite_residual_height_025,nnls,aa_plus_plus,0.3498785561307565,,19,mins_per_game,1,529,0.1763333333333333,307,222,0.4419119229795171,ast_pct=3.03; usg=1.93; ast_tov=1.76; ft_pct=1.06; three_pct=0.61,height_inches=-1.78; orb_pct=-0.93; drb_pct=-0.69; resid_three_share_height=-0.67; FTR=-0.60,FTR,-0.5975112392668955
quality_lite_residual_height_025,k8__division_zscore__quality_lite_residual_height_025__method-nnls__init-aa_plus_plus__ninit-1,8,division_zscore,quality_lite_residual_height_025,nnls,aa_plus_plus,0.3498785561307565,,19,mins_per_game,2,752,0.2506666666666666,405,347,0.4366160202801528,three_pa_per_100_team_poss=2.47; resid_three_share_height=2.41; three_share=1.89; three_pct=0.93; ft_pct=0.92,resid_orb_pct_height=-1.87; ast_tov=-1.42; ast_pct=-1.41; tov_pct=-1.18; resid_drb_pct_height=-1.06,FTR,-0.7363357564125947
quality_lite_residual_height_025,k8__division_zscore__quality_lite_residual_height_025__method-nnls__init-aa_plus_plus__ninit-1,8,division_zscore,quality_lite_residual_height_025,nnls,aa_plus_plus,0.3498785561307565,,19,mins_per_game,3,312,0.104,166,146,0.43774446051854,ast_tov=3.61; three_share=2.22; resid_three_share_height=2.14; three_pa_per_100_team_poss=1.57; stl_pct=0.55,tov_pct=-1.87; FTR=-1.57; drb_pct=-1.49; usg=-1.42; height_inches=-1.38,FTR,-1.574525404977688
quality_lite_residual_height_025,k8__division_zscore__quality_lite_residual_height_025__method-nnls__init-aa_plus_plus__ninit-1,8,division_zscore,quality_lite_residual_height_025,nnls,aa_plus_plus,0.3498785561307565,,19,mins_per_game,4,588,0.196,330,258,0.4668806464987574,blk_pct=2.90; drb_pct=2.68; resid_drb_pct_height=2.59; orb_pct=2.45; resid_orb_pct_height=2.16,three_pct=-1.59; three_share=-1.54; three_pa_per_100_team_poss=-1.41; resid_three_share_height=-0.94; ast_tov=-0.94,FTR,0.0180133464177382
quality_lite_residual_height_025,k8__division_zscore__quality_lite_residual_height_025__method-nnls__init-aa_plus_plus__ninit-1,8,division_zscore,quality_lite_residual_height_025,nnls,aa_plus_plus,0.3498785561307565,,19,mins_per_game,5,354,0.118,173,181,0.4255553392807613,stl_pct=3.42; FTR=2.12; ast_pct=1.57; tov_pct=1.11; resid_drb_pct_height=1.00,resid_three_share_height=-1.08; height_inches=-1.06; orb_pct=-0.63; three_share=-0.59; three_pa_per_100_team_poss=-0.59,FTR,2.121247274703793
quality_lite_residual_height_025,k8__division_zscore__quality_lite_residual_height_025__method-nnls__init-aa_plus_plus__ninit-1,8,division_zscore,quality_lite_residual_height_025,nnls,aa_plus_plus,0.3498785561307565,,19,mins_per_game,6,81,0.027,45,36,0.357951212640229,resid_orb_pct_height=3.19; orb_pct=2.93; height_inches=1.08; usg=0.60; resid_three_share_height=0.40,resid_three_pct_shot_mix=-2.80; eFG=-2.26; stl_pct=-2.07; resid_drb_pct_height=-2.05; three_pct=-1.93,FTR,0.3356734579384328
quality_lite_residual_height_025,k8__division_zscore__quality_lite_residual_height_025__method-nnls__init-aa_plus_plus__ninit-1,8,division_zscore,quality_lite_residual_height_025,nnls,aa_plus_plus,0.3498785561307565,,19,mins_per_game,7,210,0.07,117,93,0.4562841093401617,FTR=3.52; eFG=1.08; height_inches=0.95; tov_pct=0.51; orb_pct=0.47,usg=-1.99; stl_pct=-1.76; resid_drb_pct_height=-1.74; three_pct=-1.59; three_pa_per_100_team_poss=-1.34,FTR,3.5176343542065327
quality_lite_residual_height_025,k8__division_zscore__quality_lite_residual_height_025__method-nnls__init-aa_plus_plus__ninit-1,8,division_zscore,quality_lite_residual_height_025,nnls,aa_plus_plus,0.3498785561307565,,19,mins_per_game,8,174,0.058,85,89,0.4032529874953709,tov_pct=3.87; blk_pct=0.50; stl_pct=-0.03; height_inches=-0.43; resid_three_pct_shot_mix=-0.49,ft_pct=-3.65; eFG=-2.39; usg=-1.95; FTR=-1.86; three_pct=-1.71,FTR,-1.8628979314432537
role_residual_context_only_height_025,k6__division_zscore__role_residual_context_only_height_025__method-nnls__init-furthest_sum__ninit-1,6,division_zscore,role_residual_context_only_height_025,nnls,furthest_sum,0.3368763307950451,,13,mins_per_game|eFG|three_share|orb_pct|drb_pct|three_pct|ft_pct,1,399,0.133,214,185,0.491566233306474,blk_pct=3.72; height_inches=1.81; resid_orb_pct_height=1.61; resid_drb_pct_height=1.58; usg=0.59,three_pa_per_100_team_poss=-1.40; resid_three_share_height=-1.12; ast_tov=-1.08; ast_pct=-0.76; stl_pct=-0.68,FTR,-0.0956225441838663
role_residual_context_only_height_025,k6__division_zscore__role_residual_context_only_height_025__method-nnls__init-furthest_sum__ninit-1,6,division_zscore,role_residual_context_only_height_025,nnls,furthest_sum,0.3368763307950451,,13,mins_per_game|eFG|three_share|orb_pct|drb_pct|three_pct|ft_pct,2,256,0.0853333333333333,134,122,0.4312523759271313,tov_pct=3.94; stl_pct=0.18; resid_drb_pct_height=-0.06; blk_pct=-0.17; resid_three_pct_shot_mix=-0.38,usg=-2.09; FTR=-1.85; resid_three_share_height=-1.65; three_pa_per_100_team_poss=-1.42; ast_pct=-0.80,FTR,-1.8460541865808848
role_residual_context_only_height_025,k6__division_zscore__role_residual_context_only_height_025__method-nnls__init-furthest_sum__ninit-1,6,division_zscore,role_residual_context_only_height_025,nnls,furthest_sum,0.3368763307950451,,13,mins_per_game|eFG|three_share|orb_pct|drb_pct|three_pct|ft_pct,3,447,0.149,247,200,0.4804909346980892,FTR=3.56; height_inches=0.93; resid_orb_pct_height=0.69; tov_pct=-0.01; resid_three_pct_shot_mix=-0.17,three_pa_per_100_team_poss=-1.44; ast_pct=-1.20; usg=-1.16; resid_three_share_height=-1.11; ast_tov=-0.87,FTR,3.5619941600359866
role_residual_context_only_height_025,k6__division_zscore__role_residual_context_only_height_025__method-nnls__init-furthest_sum__ninit-1,6,division_zscore,role_residual_context_only_height_025,nnls,furthest_sum,0.3368763307950451,,13,mins_per_game|eFG|three_share|orb_pct|drb_pct|three_pct|ft_pct,4,770,0.2566666666666666,414,356,0.4768149356626522,three_pa_per_100_team_poss=2.49; resid_three_share_height=2.28; usg=0.58; height_inches=0.46; resid_three_pct_shot_mix=-0.04,tov_pct=-1.61; ast_tov=-1.48; ast_pct=-1.36; FTR=-1.34; resid_orb_pct_height=-1.26,FTR,-1.3364579795726743
role_residual_context_only_height_025,k6__division_zscore__role_residual_context_only_height_025__method-nnls__init-furthest_sum__ninit-1,6,division_zscore,role_residual_context_only_height_025,nnls,furthest_sum,0.3368763307950451,,13,mins_per_game|eFG|three_share|orb_pct|drb_pct|three_pct|ft_pct,5,336,0.112,180,156,0.4707344944722498,ast_tov=3.55; resid_three_share_height=1.48; three_pa_per_100_team_poss=0.72; stl_pct=0.12; ast_pct=0.06,tov_pct=-1.98; usg=-1.68; FTR=-1.40; resid_drb_pct_height=-0.77; height_inches=-0.65,FTR,-1.4003822806362711
role_residual_context_only_height_025,k6__division_zscore__role_residual_context_only_height_025__method-nnls__init-furthest_sum__ninit-1,6,division_zscore,role_residual_context_only_height_025,nnls,furthest_sum,0.3368763307950451,,13,mins_per_game|eFG|three_share|orb_pct|drb_pct|three_pct|ft_pct,6,792,0.264,439,353,0.5086092677725567,ast_pct=2.67; usg=2.02; stl_pct=1.76; resid_drb_pct_height=1.03; ast_tov=0.64,height_inches=-1.50; resid_three_share_height=-0.88; blk_pct=-0.56; three_pa_per_100_team_poss=0.02; resid_three_pct_shot_mix=0.11,FTR,0.5623385236927192
role_residual_context_only_height_025,k7__division_zscore__role_residual_context_only_height_025__method-nnls__init-uniform__ninit-1,7,division_zscore,role_residual_context_only_height_025,nnls,uniform,0.3029113353306103,,13,mins_per_game|eFG|three_share|orb_pct|drb_pct|three_pct|ft_pct,1,360,0.12,192,168,0.4584837224076431,FTR=3.53; height_inches=0.92; tov_pct=0.26; resid_orb_pct_height=0.21; resid_three_pct_shot_mix=0.07,usg=-1.67; stl_pct=-1.47; three_pa_per_100_team_poss=-1.36; ast_pct=-1.22; resid_drb_pct_height=-0.97,FTR,3.5261657853220116
role_residual_context_only_height_025,k7__division_zscore__role_residual_context_only_height_025__method-nnls__init-uniform__ninit-1,7,division_zscore,role_residual_context_only_height_025,nnls,uniform,0.3029113353306103,,13,mins_per_game|eFG|three_share|orb_pct|drb_pct|three_pct|ft_pct,2,775,0.2583333333333333,419,356,0.4636316211350982,three_pa_per_100_team_poss=2.49; resid_three_share_height=2.22; usg=0.75; height_inches=0.35; resid_three_pct_shot_mix=-0.05,tov_pct=-1.55; ast_tov=-1.48; ast_pct=-1.31; FTR=-1.24; resid_orb_pct_height=-1.19,FTR,-1.2350640284062846
role_residual_context_only_height_025,k7__division_zscore__role_residual_context_only_height_025__method-nnls__init-uniform__ninit-1,7,division_zscore,role_residual_context_only_height_025,nnls,uniform,0.3029113353306103,,13,mins_per_game|eFG|three_share|orb_pct|drb_pct|three_pct|ft_pct,3,374,0.1246666666666666,212,162,0.4795775838729453,blk_pct=3.85; height_inches=2.10; resid_drb_pct_height=1.07; resid_orb_pct_height=0.58; usg=0.30,three_pa_per_100_team_poss=-1.42; stl_pct=-1.32; resid_three_share_height=-1.19; ast_tov=-0.96; ast_pct=-0.49,FTR,0.106275725103704
role_residual_context_only_height_025,k7__division_zscore__role_residual_context_only_height_025__method-nnls__init-uniform__ninit-1,7,division_zscore,role_residual_context_only_height_025,nnls,uniform,0.3029113353306103,,13,mins_per_game|eFG|three_share|orb_pct|drb_pct|three_pct|ft_pct,4,272,0.0906666666666666,150,122,0.4404852800545149,ast_tov=3.61; resid_three_share_height=2.19; three_pa_per_100_team_poss=1.11; stl_pct=0.64; resid_three_pct_shot_mix=-0.16,tov_pct=-2.23; usg=-1.84; FTR=-1.80; resid_drb_pct_height=-1.15; blk_pct=-0.87,FTR,-1.7985357652428382
role_residual_context_only_height_025,k7__division_zscore__role_residual_context_only_height_025__method-nnls__init-uniform__ninit-1,7,division_zscore,role_residual_context_only_height_025,nnls,uniform,0.3029113353306103,,13,mins_per_game|eFG|three_share|orb_pct|drb_pct|three_pct|ft_pct,5,223,0.0743333333333333,116,107,0.3941958095119705,stl_pct=3.24; resid_orb_pct_height=2.99; resid_drb_pct_height=1.33; usg=0.46; blk_pct=0.39,resid_three_share_height=-1.83; ast_tov=-1.44; three_pa_per_100_team_poss=-1.35; ast_pct=-1.11; resid_three_pct_shot_mix=-0.57,FTR,0.2813565791856488
role_residual_context_only_height_025,k7__division_zscore__role_residual_context_only_height_025__method-nnls__init-uniform__ninit-1,7,division_zscore,role_residual_context_only_height_025,nnls,uniform,0.3029113353306103,,13,mins_per_game|eFG|three_share|orb_pct|drb_pct|three_pct|ft_pct,6,245,0.0816666666666666,130,115,0.4291862487342904,tov_pct=3.87; resid_drb_pct_height=0.09; stl_pct=0.06; resid_three_pct_shot_mix=-0.27; blk_pct=-0.29,usg=-2.05; FTR=-1.83; resid_three_share_height=-1.36; three_pa_per_100_team_poss=-1.28; height_inches=-0.75,FTR,-1.8287840850382784
role_residual_context_only_height_025,k7__division_zscore__role_residual_context_only_height_025__method-nnls__init-uniform__ninit-1,7,division_zscore,role_residual_context_only_height_025,nnls,uniform,0.3029113353306103,,13,mins_per_game|eFG|three_share|orb_pct|drb_pct|three_pct|ft_pct,7,751,0.2503333333333333,409,342,0.498680788830028,ast_pct=2.97; usg=1.95; ast_tov=1.28; stl_pct=0.91; resid_drb_pct_height=0.80,height_inches=-1.49; resid_three_share_height=-0.79; blk_pct=-0.55; tov_pct=-0.02; resid_orb_pct_height=-0.00,FTR,0.6513841454733186
role_residual_context_only_height_025,k8__division_zscore__role_residual_context_only_height_025__method-nnls__init-uniform__ninit-1,8,division_zscore,role_residual_context_only_height_025,nnls,uniform,0.2749070877774018,,13,mins_per_game|eFG|three_share|orb_pct|drb_pct|three_pct|ft_pct,1,369,0.123,192,177,0.4455068245039268,FTR=3.56; height_inches=0.61; tov_pct=0.49; resid_orb_pct_height=0.19; resid_three_pct_shot_mix=-0.06,usg=-1.76; three_pa_per_100_team_poss=-1.40; ast_pct=-1.24; resid_three_share_height=-1.23; resid_drb_pct_height=-0.84,FTR,3.559126035760945
role_residual_context_only_height_025,k8__division_zscore__role_residual_context_only_height_025__method-nnls__init-uniform__ninit-1,8,division_zscore,role_residual_context_only_height_025,nnls,uniform,0.2749070877774018,,13,mins_per_game|eFG|three_share|orb_pct|drb_pct|three_pct|ft_pct,2,826,0.2753333333333333,443,383,0.4518674160266331,three_pa_per_100_team_poss=2.48; resid_three_share_height=2.28; usg=0.63; height_inches=0.30; resid_three_pct_shot_mix=0.14,tov_pct=-1.52; stl_pct=-1.42; ast_tov=-1.34; FTR=-1.26; ast_pct=-1.25,FTR,-1.2599633126151366
role_residual_context_only_height_025,k8__division_zscore__role_residual_context_only_height_025__method-nnls__init-uniform__ninit-1,8,division_zscore,role_residual_context_only_height_025,nnls,uniform,0.2749070877774018,,13,mins_per_game|eFG|three_share|orb_pct|drb_pct|three_pct|ft_pct,3,411,0.137,217,194,0.4364216184893016,stl_pct=3.46; usg=1.79; ast_pct=1.61; resid_drb_pct_height=0.57; FTR=0.56,height_inches=-1.31; resid_three_share_height=-0.79; blk_pct=-0.46; resid_three_pct_shot_mix=-0.42; ast_tov=-0.14,FTR,0.5628253645574242
role_residual_context_only_height_025,k8__division_zscore__role_residual_context_only_height_025__method-nnls__init-uniform__ninit-1,8,division_zscore,role_residual_context_only_height_025,nnls,uniform,0.2749070877774018,,13,mins_per_game|eFG|three_share|orb_pct|drb_pct|three_pct|ft_pct,4,200,0.0666666666666666,122,78,0.4515182295428119,blk_pct=4.04; height_inches=1.95; tov_pct=0.70; FTR=0.18; resid_three_pct_shot_mix=-0.65,usg=-1.71; ast_pct=-1.37; three_pa_per_100_team_poss=-1.37; ast_tov=-1.18; resid_drb_pct_height=-1.10,FTR,0.1780615130200389
role_residual_context_only_height_025,k8__division_zscore__role_residual_context_only_height_025__method-nnls__init-uniform__ninit-1,8,division_zscore,role_residual_context_only_height_025,nnls,uniform,0.2749070877774018,,13,mins_per_game|eFG|three_share|orb_pct|drb_pct|three_pct|ft_pct,5,239,0.0796666666666666,116,123,0.3974143304854777,tov_pct=3.94; resid_drb_pct_height=0.44; stl_pct=0.30; resid_orb_pct_height=0.25; ast_tov=-0.16,usg=-2.13; FTR=-1.95; resid_three_share_height=-1.84; three_pa_per_100_team_poss=-1.47; ast_pct=-0.97,FTR,-1.950972533822185
role_residual_context_only_height_025,k8__division_zscore__role_residual_context_only_height_025__method-nnls__init-uniform__ninit-1,8,division_zscore,role_residual_context_only_height_025,nnls,uniform,0.2749070877774018,,13,mins_per_game|eFG|three_share|orb_pct|drb_pct|three_pct|ft_pct,6,254,0.0846666666666666,139,115,0.4234989536962169,ast_tov=3.58; resid_three_share_height=2.18; three_pa_per_100_team_poss=1.17; stl_pct=0.80; resid_three_pct_shot_mix=-0.02,tov_pct=-2.33; usg=-1.84; FTR=-1.80; resid_drb_pct_height=-1.22; blk_pct=-0.83,FTR,-1.8029309113195515
role_residual_context_only_height_025,k8__division_zscore__role_residual_context_only_height_025__method-nnls__init-uniform__ninit-1,8,division_zscore,role_residual_context_only_height_025,nnls,uniform,0.2749070877774018,,13,mins_per_game|eFG|three_share|orb_pct|drb_pct|three_pct|ft_pct,7,400,0.1333333333333333,231,169,0.4460526475604965,ast_pct=3.00; ast_tov=2.25; usg=1.24; three_pa_per_100_team_poss=0.39; resid_three_pct_shot_mix=0.38,height_inches=-1.59; blk_pct=-0.55; stl_pct=-0.50; resid_three_share_height=-0.28; resid_orb_pct_height=-0.26,FTR,-0.0259418490612705
role_residual_context_only_height_025,k8__division_zscore__role_residual_context_only_height_025__method-nnls__init-uniform__ninit-1,8,division_zscore,role_residual_context_only_height_025,nnls,uniform,0.2749070877774018,,13,mins_per_game|eFG|three_share|orb_pct|drb_pct|three_pct|ft_pct,8,301,0.1003333333333333,168,133,0.3918733651915209,resid_orb_pct_height=3.19; resid_drb_pct_height=2.92; usg=2.45; blk_pct=2.39; height_inches=2.27,resid_three_share_height=-1.73; stl_pct=-1.49; three_pa_per_100_team_poss=-1.45; ast_tov=-0.74; tov_pct=-0.64,FTR,0.8949871721333018
role_residual_height_025,k6__division_zscore__role_residual_height_025__method-nnls__init-uniform__ninit-1,6,division_zscore,role_residual_height_025,nnls,uniform,0.3614062219411871,,16,mins_per_game|eFG|three_pct|ft_pct,1,346,0.1153333333333333,187,159,0.4563014892775585,ast_tov=3.59; three_share=2.09; resid_three_share_height=2.03; three_pa_per_100_team_poss=1.16; stl_pct=0.41,tov_pct=-1.95; usg=-1.67; FTR=-1.62; drb_pct=-1.31; orb_pct=-1.00,FTR,-1.624225727080813
role_residual_height_025,k6__division_zscore__role_residual_height_025__method-nnls__init-uniform__ninit-1,6,division_zscore,role_residual_height_025,nnls,uniform,0.3614062219411871,,16,mins_per_game|eFG|three_pct|ft_pct,2,325,0.1083333333333333,172,153,0.4763525499436981,FTR=3.50; height_inches=0.63; orb_pct=0.34; tov_pct=0.31; blk_pct=-0.07,resid_drb_pct_height=-1.53; usg=-1.52; three_pa_per_100_team_poss=-1.35; three_share=-1.33; ast_pct=-1.28,FTR,3.4984728268300933
role_residual_height_025,k6__division_zscore__role_residual_height_025__method-nnls__init-uniform__ninit-1,6,division_zscore,role_residual_height_025,nnls,uniform,0.3614062219411871,,16,mins_per_game|eFG|three_pct|ft_pct,3,821,0.2736666666666666,447,374,0.5104963785444115,ast_pct=2.72; usg=1.90; stl_pct=1.70; resid_drb_pct_height=0.82; ast_tov=0.76,height_inches=-1.52; resid_three_share_height=-0.94; orb_pct=-0.67; blk_pct=-0.65; three_share=-0.47,FTR,0.6345949499762408
role_residual_height_025,k6__division_zscore__role_residual_height_025__method-nnls__init-uniform__ninit-1,6,division_zscore,role_residual_height_025,nnls,uniform,0.3614062219411871,,16,mins_per_game|eFG|three_pct|ft_pct,4,202,0.0673333333333333,109,93,0.4342773851104638,tov_pct=3.89; blk_pct=0.29; stl_pct=0.01; resid_drb_pct_height=-0.32; resid_three_pct_shot_mix=-0.40,usg=-2.04; FTR=-1.88; resid_three_share_height=-1.45; three_pa_per_100_team_poss=-1.33; three_share=-1.24,FTR,-1.8799721328813015
role_residual_height_025,k6__division_zscore__role_residual_height_025__method-nnls__init-uniform__ninit-1,6,division_zscore,role_residual_height_025,nnls,uniform,0.3614062219411871,,16,mins_per_game|eFG|three_pct|ft_pct,5,699,0.233,373,326,0.4666287550621113,three_pa_per_100_team_poss=2.48; resid_three_share_height=2.32; three_share=2.07; usg=0.50; height_inches=0.49,tov_pct=-1.55; resid_orb_pct_height=-1.51; ast_tov=-1.45; ast_pct=-1.37; FTR=-1.29,FTR,-1.2915199530369268
role_residual_height_025,k6__division_zscore__role_residual_height_025__method-nnls__init-uniform__ninit-1,6,division_zscore,role_residual_height_025,nnls,uniform,0.3614062219411871,,16,mins_per_game|eFG|three_pct|ft_pct,6,607,0.2023333333333333,340,267,0.4753486052151414,blk_pct=3.01; drb_pct=2.72; orb_pct=2.66; resid_drb_pct_height=2.59; resid_orb_pct_height=2.49,three_share=-1.56; three_pa_per_100_team_poss=-1.45; ast_tov=-1.09; resid_three_share_height=-1.05; ast_pct=-0.81,FTR,0.2844914035926394
role_residual_height_025,k7__division_zscore__role_residual_height_025__method-nnls__init-furthest_first__ninit-1,7,division_zscore,role_residual_height_025,nnls,furthest_first,0.3288383772877349,,16,mins_per_game|eFG|three_pct|ft_pct,1,305,0.1016666666666666,160,145,0.4493886514647095,ast_tov=3.61; three_share=2.18; resid_three_share_height=2.15; three_pa_per_100_team_poss=1.11; stl_pct=0.39,tov_pct=-2.10; usg=-1.78; FTR=-1.70; drb_pct=-1.24; orb_pct=-1.02,FTR,-1.6968674571918485
role_residual_height_025,k7__division_zscore__role_residual_height_025__method-nnls__init-furthest_first__ninit-1,7,division_zscore,role_residual_height_025,nnls,furthest_first,0.3288383772877349,,16,mins_per_game|eFG|three_pct|ft_pct,2,530,0.1766666666666666,301,229,0.4663893131361202,drb_pct=2.73; blk_pct=2.64; resid_drb_pct_height=2.63; height_inches=2.16; orb_pct=2.14,three_share=-1.43; three_pa_per_100_team_poss=-1.28; stl_pct=-1.11; ast_tov=-0.98; resid_three_share_height=-0.82,FTR,0.4292098456722878
role_residual_height_025,k7__division_zscore__role_residual_height_025__method-nnls__init-furthest_first__ninit-1,7,division_zscore,role_residual_height_025,nnls,furthest_first,0.3288383772877349,,16,mins_per_game|eFG|three_pct|ft_pct,3,195,0.065,103,92,0.4231394793794408,tov_pct=3.87; blk_pct=0.32; stl_pct=-0.04; resid_three_pct_shot_mix=-0.29; resid_drb_pct_height=-0.31,usg=-2.06; FTR=-1.86; resid_three_share_height=-1.42; three_pa_per_100_team_poss=-1.30; three_share=-1.17,FTR,-1.8594692243784696
role_residual_height_025,k7__division_zscore__role_residual_height_025__method-nnls__init-furthest_first__ninit-1,7,division_zscore,role_residual_height_025,nnls,furthest_first,0.3288383772877349,,16,mins_per_game|eFG|three_pct|ft_pct,4,251,0.0836666666666666,136,115,0.4570718812515644,FTR=3.54; height_inches=0.89; tov_pct=0.63; blk_pct=0.42; orb_pct=0.29,usg=-2.05; resid_drb_pct_height=-1.83; stl_pct=-1.56; three_share=-1.39; three_pa_per_100_team_poss=-1.38,FTR,3.53676333574074
role_residual_height_025,k7__division_zscore__role_residual_height_025__method-nnls__init-furthest_first__ninit-1,7,division_zscore,role_residual_height_025,nnls,furthest_first,0.3288383772877349,,16,mins_per_game|eFG|three_pct|ft_pct,5,722,0.2406666666666666,390,332,0.4585019932877403,three_pa_per_100_team_poss=2.47; resid_three_share_height=2.31; three_share=2.10; usg=0.41; height_inches=0.35,tov_pct=-1.55; ast_tov=-1.45; FTR=-1.40; ast_pct=-1.39; resid_orb_pct_height=-1.38,FTR,-1.3981435511983875
role_residual_height_025,k7__division_zscore__role_residual_height_025__method-nnls__init-furthest_first__ninit-1,7,division_zscore,role_residual_height_025,nnls,furthest_first,0.3288383772877349,,16,mins_per_game|eFG|three_pct|ft_pct,6,812,0.2706666666666666,438,374,0.5056403990298297,ast_pct=2.87; usg=1.89; stl_pct=1.17; ast_tov=0.99; FTR=0.64,height_inches=-1.61; orb_pct=-0.88; resid_three_share_height=-0.79; blk_pct=-0.67; three_share=-0.33,FTR,0.6352630236972526
role_residual_height_025,k7__division_zscore__role_residual_height_025__method-nnls__init-furthest_first__ninit-1,7,division_zscore,role_residual_height_025,nnls,furthest_first,0.3288383772877349,,16,mins_per_game|eFG|three_pct|ft_pct,7,185,0.0616666666666666,100,85,0.4014136376762342,stl_pct=3.24; resid_orb_pct_height=3.16; orb_pct=2.92; resid_drb_pct_height=1.41; drb_pct=1.35,resid_three_share_height=-1.77; three_share=-1.53; ast_tov=-1.46; three_pa_per_100_team_poss=-1.43; ast_pct=-1.27,FTR,0.5511161135228242
role_residual_height_025,k8__division_zscore__role_residual_height_025__method-nnls__init-aa_plus_plus__ninit-1,8,division_zscore,role_residual_height_025,nnls,aa_plus_plus,0.3039979597431767,,16,mins_per_game|eFG|three_pct|ft_pct,1,243,0.081,131,112,0.398288912455824,resid_drb_pct_height=2.56; drb_pct=2.49; resid_three_share_height=1.61; height_inches=1.06; three_pa_per_100_team_poss=0.97,resid_orb_pct_height=-1.78; ast_tov=-0.71; orb_pct=-0.67; ast_pct=-0.26; stl_pct=-0.22,FTR,0.2221553206935385
role_residual_height_025,k8__division_zscore__role_residual_height_025__method-nnls__init-aa_plus_plus__ninit-1,8,division_zscore,role_residual_height_025,nnls,aa_plus_plus,0.3039979597431767,,16,mins_per_game|eFG|three_pct|ft_pct,2,295,0.0983333333333333,158,137,0.4599621102965566,FTR=3.54; tov_pct=0.75; height_inches=0.45; orb_pct=0.16; blk_pct=-0.22,usg=-1.66; three_pa_per_100_team_poss=-1.36; resid_drb_pct_height=-1.28; three_share=-1.26; ast_pct=-1.21,FTR,3.537997238061134
role_residual_height_025,k8__division_zscore__role_residual_height_025__method-nnls__init-aa_plus_plus__ninit-1,8,division_zscore,role_residual_height_025,nnls,aa_plus_plus,0.3039979597431767,,16,mins_per_game|eFG|three_pct|ft_pct,3,537,0.179,285,252,0.4379180038970349,three_pa_per_100_team_poss=2.47; resid_three_share_height=2.22; three_share=2.18; usg=0.29; resid_three_pct_shot_mix=0.09,FTR=-1.74; tov_pct=-1.73; stl_pct=-1.63; ast_pct=-1.36; ast_tov=-1.30,FTR,-1.740137595330694
role_residual_height_025,k8__division_zscore__role_residual_height_025__method-nnls__init-aa_plus_plus__ninit-1,8,division_zscore,role_residual_height_025,nnls,aa_plus_plus,0.3039979597431767,,16,mins_per_game|eFG|three_pct|ft_pct,4,503,0.1676666666666666,278,225,0.4600777148688272,resid_orb_pct_height=3.18; orb_pct=2.92; drb_pct=2.17; resid_drb_pct_height=2.15; blk_pct=1.62,three_share=-1.53; resid_three_share_height=-1.48; three_pa_per_100_team_poss=-1.43; ast_tov=-0.96; ast_pct=-0.60,FTR,0.5997814805392098
role_residual_height_025,k8__division_zscore__role_residual_height_025__method-nnls__init-aa_plus_plus__ninit-1,8,division_zscore,role_residual_height_025,nnls,aa_plus_plus,0.3039979597431767,,16,mins_per_game|eFG|three_pct|ft_pct,5,278,0.0926666666666666,153,125,0.4311668931739094,ast_tov=3.61; resid_three_share_height=2.25; three_share=2.22; three_pa_per_100_team_poss=1.23; stl_pct=0.69,tov_pct=-2.31; usg=-1.81; FTR=-1.73; drb_pct=-1.38; resid_drb_pct_height=-1.20,FTR,-1.7337536461238936
role_residual_height_025,k8__division_zscore__role_residual_height_025__method-nnls__init-aa_plus_plus__ninit-1,8,division_zscore,role_residual_height_025,nnls,aa_plus_plus,0.3039979597431767,,16,mins_per_game|eFG|three_pct|ft_pct,6,774,0.258,423,351,0.4992093939194048,ast_pct=2.73; usg=1.98; stl_pct=1.46; ast_tov=1.02; FTR=0.53,height_inches=-1.46; resid_three_share_height=-0.88; orb_pct=-0.83; blk_pct=-0.56; drb_pct=-0.51,FTR,0.5295102756130715
role_residual_height_025,k8__division_zscore__role_residual_height_025__method-nnls__init-aa_plus_plus__ninit-1,8,division_zscore,role_residual_height_025,nnls,aa_plus_plus,0.3039979597431767,,16,mins_per_game|eFG|three_pct|ft_pct,7,197,0.0656666666666666,98,99,0.4209347235024275,tov_pct=3.83; resid_drb_pct_height=0.45; resid_orb_pct_height=0.08; stl_pct=0.07; ast_tov=-0.11,usg=-2.02; FTR=-1.81; three_pa_per_100_team_poss=-1.21; resid_three_share_height=-1.21; three_share=-0.95,FTR,-1.8116340735276824
role_residual_height_025,k8__division_zscore__role_residual_height_025__method-nnls__init-aa_plus_plus__ninit-1,8,division_zscore,role_residual_height_025,nnls,aa_plus_plus,0.3039979597431767,,16,mins_per_game|eFG|three_pct|ft_pct,8,173,0.0576666666666666,102,71,0.4347385314200787,blk_pct=4.01; height_inches=1.98; tov_pct=0.82; orb_pct=0.68; drb_pct=0.23,stl_pct=-1.61; three_share=-1.55; three_pa_per_100_team_poss=-1.45; ast_tov=-1.38; usg=-1.31,FTR,-0.7034642593384364
quality_lite_residual_height_025,k6__division_zscore__quality_lite_residual_height_025__method-nnls__init-uniform__ninit-1,6,division_zscore,quality_lite_residual_height_025,nnls,uniform,0.3943301221227731,,19,mins_per_game,1,446,0.1486666666666666,234,212,0.4718340729331904,ast_tov=3.50; three_share=1.58; resid_three_share_height=1.43; three_pa_per_100_team_poss=1.01; three_pct=0.47,tov_pct=-1.55; height_inches=-1.46; drb_pct=-1.40; usg=-1.38; FTR=-1.37,three_share,1.581246730178274
quality_lite_residual_height_025,k6__division_zscore__quality_lite_residual_height_025__method-nnls__init-uniform__ninit-1,6,division_zscore,quality_lite_residual_height_025,nnls,uniform,0.3943301221227731,,19,mins_per_game,2,318,0.106,171,147,0.4879865237314554,FTR=3.50; tov_pct=0.69; height_inches=0.59; eFG=0.45; orb_pct=0.44,usg=-1.54; three_pct=-1.40; three_share=-1.38; three_pa_per_100_team_poss=-1.36; resid_drb_pct_height=-1.34,three_share,-1.3800085480304811
quality_lite_residual_height_025,k6__division_zscore__quality_lite_residual_height_025__method-nnls__init-uniform__ninit-1,6,division_zscore,quality_lite_residual_height_025,nnls,uniform,0.3943301221227731,,19,mins_per_game,3,773,0.2576666666666666,423,350,0.5055253658617865,ast_pct=2.59; usg=2.09; stl_pct=1.74; resid_drb_pct_height=0.96; ft_pct=0.84,height_inches=-1.50; resid_three_share_height=-0.90; orb_pct=-0.68; blk_pct=-0.65; three_share=-0.43,three_share,-0.4279525867779374
quality_lite_residual_height_025,k6__division_zscore__quality_lite_residual_height_025__method-nnls__init-uniform__ninit-1,6,division_zscore,quality_lite_residual_height_025,nnls,uniform,0.3943301221227731,,19,mins_per_game,4,150,0.05,78,72,0.4339951567489775,tov_pct=3.80; blk_pct=0.17; stl_pct=0.15; height_inches=-0.34; resid_drb_pct_height=-0.57,ft_pct=-3.47; eFG=-2.72; three_pct=-1.99; usg=-1.96; FTR=-1.75,three_share,-1.291603436614581
quality_lite_residual_height_025,k6__division_zscore__quality_lite_residual_height_025__method-nnls__init-uniform__ninit-1,6,division_zscore,quality_lite_residual_height_025,nnls,uniform,0.3943301221227731,,19,mins_per_game,5,761,0.2536666666666666,414,347,0.461036528191439,three_pa_per_100_team_poss=2.48; resid_three_share_height=2.38; three_share=1.91; height_inches=0.94; ft_pct=0.91,resid_orb_pct_height=-1.62; tov_pct=-1.52; ast_tov=-1.45; ast_pct=-1.39; stl_pct=-1.06,three_share,1.914231571278525
quality_lite_residual_height_025,k6__division_zscore__quality_lite_residual_height_025__method-nnls__init-uniform__ninit-1,6,division_zscore,quality_lite_residual_height_025,nnls,uniform,0.3943301221227731,,19,mins_per_game,6,552,0.184,308,244,0.4768258023438629,blk_pct=3.05; drb_pct=2.72; orb_pct=2.70; resid_drb_pct_height=2.61; resid_orb_pct_height=2.59,three_pct=-1.88; three_share=-1.55; three_pa_per_100_team_poss=-1.44; resid_three_share_height=-1.06; ast_tov=-1.02,three_share,-1.553887571067119
quality_lite_residual_height_025,k7__division_zscore__quality_lite_residual_height_025__method-nnls__init-aa_plus_plus__ninit-1,7,division_zscore,quality_lite_residual_height_025,nnls,aa_plus_plus,0.366285016296777,,19,mins_per_game,1,731,0.2436666666666666,408,323,0.5093574926750019,ast_pct=2.74; usg=1.99; stl_pct=1.59; ft_pct=0.88; ast_tov=0.68,height_inches=-1.60; orb_pct=-0.91; resid_three_share_height=-0.70; blk_pct=-0.56; drb_pct=-0.33,three_share,-0.2568332268589117
quality_lite_residual_height_025,k7__division_zscore__quality_lite_residual_height_025__method-nnls__init-aa_plus_plus__ninit-1,7,division_zscore,quality_lite_residual_height_025,nnls,aa_plus_plus,0.366285016296777,,19,mins_per_game,2,730,0.2433333333333333,398,332,0.4555683778150854,three_pa_per_100_team_poss=2.49; resid_three_share_height=2.34; three_share=1.91; ft_pct=0.87; height_inches=0.87,resid_orb_pct_height=-1.64; tov_pct=-1.53; ast_tov=-1.52; ast_pct=-1.39; resid_drb_pct_height=-0.99,three_share,1.914463220765945
quality_lite_residual_height_025,k7__division_zscore__quality_lite_residual_height_025__method-nnls__init-aa_plus_plus__ninit-1,7,division_zscore,quality_lite_residual_height_025,nnls,aa_plus_plus,0.366285016296777,,19,mins_per_game,3,205,0.0683333333333333,110,95,0.4730010463555472,FTR=3.53; tov_pct=0.95; height_inches=0.30; blk_pct=0.04; orb_pct=-0.05,three_pct=-1.67; usg=-1.59; resid_drb_pct_height=-1.56; drb_pct=-1.34; three_pa_per_100_team_poss=-1.33,three_share,-1.2730081739593844
quality_lite_residual_height_025,k7__division_zscore__quality_lite_residual_height_025__method-nnls__init-aa_plus_plus__ninit-1,7,division_zscore,quality_lite_residual_height_025,nnls,aa_plus_plus,0.366285016296777,,19,mins_per_game,4,471,0.157,247,224,0.4506954290952387,resid_orb_pct_height=2.93; orb_pct=2.77; resid_drb_pct_height=2.65; drb_pct=2.57; FTR=1.40,three_share=-1.35; resid_three_share_height=-1.26; three_pa_per_100_team_poss=-1.23; ast_tov=-0.90; tov_pct=-0.62,three_share,-1.3457456179187055
quality_lite_residual_height_025,k7__division_zscore__quality_lite_residual_height_025__method-nnls__init-aa_plus_plus__ninit-1,7,division_zscore,quality_lite_residual_height_025,nnls,aa_plus_plus,0.366285016296777,,19,mins_per_game,5,265,0.0883333333333333,156,109,0.4819456209533383,blk_pct=3.96; height_inches=2.00; eFG=1.82; orb_pct=1.33; drb_pct=1.02,three_pct=-1.98; three_share=-1.56; three_pa_per_100_team_poss=-1.46; ast_tov=-0.99; stl_pct=-0.98,three_share,-1.563340632271935
quality_lite_residual_height_025,k7__division_zscore__quality_lite_residual_height_025__method-nnls__init-aa_plus_plus__ninit-1,7,division_zscore,quality_lite_residual_height_025,nnls,aa_plus_plus,0.366285016296777,,19,mins_per_game,6,414,0.138,222,192,0.4665533421295215,ast_tov=3.48; three_share=1.72; resid_three_share_height=1.66; three_pa_per_100_team_poss=1.06; three_pct=0.66,tov_pct=-1.69; usg=-1.44; FTR=-1.26; drb_pct=-1.22; height_inches=-1.17,three_share,1.7216851538095426
quality_lite_residual_height_025,k7__division_zscore__quality_lite_residual_height_025__method-nnls__init-aa_plus_plus__ninit-1,7,division_zscore,quality_lite_residual_height_025,nnls,aa_plus_plus,0.366285016296777,,19,mins_per_game,7,184,0.0613333333333333,87,97,0.4189364894369921,tov_pct=3.68; stl_pct=0.35; resid_drb_pct_height=0.12; resid_orb_pct_height=0.07; ast_tov=-0.32,ft_pct=-3.25; eFG=-2.94; usg=-1.98; three_pct=-1.87; FTR=-1.74,three_share,-1.04962622665404
quality_lite_residual_height_025,k8__division_zscore__quality_lite_residual_height_025__method-nnls__init-aa_plus_plus__ninit-1,8,division_zscore,quality_lite_residual_height_025,nnls,aa_plus_plus,0.3498785561307565,,19,mins_per_game,1,529,0.1763333333333333,307,222,0.4419119229795171,ast_pct=3.03; usg=1.93; ast_tov=1.76; ft_pct=1.06; three_pct=0.61,height_inches=-1.78; orb_pct=-0.93; drb_pct=-0.69; resid_three_share_height=-0.67; FTR=-0.60,three_share,-0.1874450175177546
quality_lite_residual_height_025,k8__division_zscore__quality_lite_residual_height_025__method-nnls__init-aa_plus_plus__ninit-1,8,division_zscore,quality_lite_residual_height_025,nnls,aa_plus_plus,0.3498785561307565,,19,mins_per_game,2,752,0.2506666666666666,405,347,0.4366160202801528,three_pa_per_100_team_poss=2.47; resid_three_share_height=2.41; three_share=1.89; three_pct=0.93; ft_pct=0.92,resid_orb_pct_height=-1.87; ast_tov=-1.42; ast_pct=-1.41; tov_pct=-1.18; resid_drb_pct_height=-1.06,three_share,1.8859517530328405
quality_lite_residual_height_025,k8__division_zscore__quality_lite_residual_height_025__method-nnls__init-aa_plus_plus__ninit-1,8,division_zscore,quality_lite_residual_height_025,nnls,aa_plus_plus,0.3498785561307565,,19,mins_per_game,3,312,0.104,166,146,0.43774446051854,ast_tov=3.61; three_share=2.22; resid_three_share_height=2.14; three_pa_per_100_team_poss=1.57; stl_pct=0.55,tov_pct=-1.87; FTR=-1.57; drb_pct=-1.49; usg=-1.42; height_inches=-1.38,three_share,2.2210838521159677
quality_lite_residual_height_025,k8__division_zscore__quality_lite_residual_height_025__method-nnls__init-aa_plus_plus__ninit-1,8,division_zscore,quality_lite_residual_height_025,nnls,aa_plus_plus,0.3498785561307565,,19,mins_per_game,4,588,0.196,330,258,0.4668806464987574,blk_pct=2.90; drb_pct=2.68; resid_drb_pct_height=2.59; orb_pct=2.45; resid_orb_pct_height=2.16,three_pct=-1.59; three_share=-1.54; three_pa_per_100_team_poss=-1.41; resid_three_share_height=-0.94; ast_tov=-0.94,three_share,-1.5359951739105262
quality_lite_residual_height_025,k8__division_zscore__quality_lite_residual_height_025__method-nnls__init-aa_plus_plus__ninit-1,8,division_zscore,quality_lite_residual_height_025,nnls,aa_plus_plus,0.3498785561307565,,19,mins_per_game,5,354,0.118,173,181,0.4255553392807613,stl_pct=3.42; FTR=2.12; ast_pct=1.57; tov_pct=1.11; resid_drb_pct_height=1.00,resid_three_share_height=-1.08; height_inches=-1.06; orb_pct=-0.63; three_share=-0.59; three_pa_per_100_team_poss=-0.59,three_share,-0.5907811542669046
quality_lite_residual_height_025,k8__division_zscore__quality_lite_residual_height_025__method-nnls__init-aa_plus_plus__ninit-1,8,division_zscore,quality_lite_residual_height_025,nnls,aa_plus_plus,0.3498785561307565,,19,mins_per_game,6,81,0.027,45,36,0.357951212640229,resid_orb_pct_height=3.19; orb_pct=2.93; height_inches=1.08; usg=0.60; resid_three_share_height=0.40,resid_three_pct_shot_mix=-2.80; eFG=-2.26; stl_pct=-2.07; resid_drb_pct_height=-2.05; three_pct=-1.93,three_share,-0.310040158555749
quality_lite_residual_height_025,k8__division_zscore__quality_lite_residual_height_025__method-nnls__init-aa_plus_plus__ninit-1,8,division_zscore,quality_lite_residual_height_025,nnls,aa_plus_plus,0.3498785561307565,,19,mins_per_game,7,210,0.07,117,93,0.4562841093401617,FTR=3.52; eFG=1.08; height_inches=0.95; tov_pct=0.51; orb_pct=0.47,usg=-1.99; stl_pct=-1.76; resid_drb_pct_height=-1.74; three_pct=-1.59; three_pa_per_100_team_poss=-1.34,three_share,-1.2777813715254984
quality_lite_residual_height_025,k8__division_zscore__quality_lite_residual_height_025__method-nnls__init-aa_plus_plus__ninit-1,8,division_zscore,quality_lite_residual_height_025,nnls,aa_plus_plus,0.3498785561307565,,19,mins_per_game,8,174,0.058,85,89,0.4032529874953709,tov_pct=3.87; blk_pct=0.50; stl_pct=-0.03; height_inches=-0.43; resid_three_pct_shot_mix=-0.49,ft_pct=-3.65; eFG=-2.39; usg=-1.95; FTR=-1.86; three_pct=-1.71,three_share,-1.1235665452817185
role_residual_context_only_height_025,k6__division_zscore__role_residual_context_only_height_025__method-nnls__init-furthest_sum__ninit-1,6,division_zscore,role_residual_context_only_height_025,nnls,furthest_sum,0.3368763307950451,,13,mins_per_game|eFG|three_share|orb_pct|drb_pct|three_pct|ft_pct,1,399,0.133,214,185,0.491566233306474,blk_pct=3.72; height_inches=1.81; resid_orb_pct_height=1.61; resid_drb_pct_height=1.58; usg=0.59,three_pa_per_100_team_poss=-1.40; resid_three_share_height=-1.12; ast_tov=-1.08; ast_pct=-0.76; stl_pct=-0.68,three_share,
role_residual_context_only_height_025,k6__division_zscore__role_residual_context_only_height_025__method-nnls__init-furthest_sum__ninit-1,6,division_zscore,role_residual_context_only_height_025,nnls,furthest_sum,0.3368763307950451,,13,mins_per_game|eFG|three_share|orb_pct|drb_pct|three_pct|ft_pct,2,256,0.0853333333333333,134,122,0.4312523759271313,tov_pct=3.94; stl_pct=0.18; resid_drb_pct_height=-0.06; blk_pct=-0.17; resid_three_pct_shot_mix=-0.38,usg=-2.09; FTR=-1.85; resid_three_share_height=-1.65; three_pa_per_100_team_poss=-1.42; ast_pct=-0.80,three_share,
role_residual_context_only_height_025,k6__division_zscore__role_residual_context_only_height_025__method-nnls__init-furthest_sum__ninit-1,6,division_zscore,role_residual_context_only_height_025,nnls,furthest_sum,0.3368763307950451,,13,mins_per_game|eFG|three_share|orb_pct|drb_pct|three_pct|ft_pct,3,447,0.149,247,200,0.4804909346980892,FTR=3.56; height_inches=0.93; resid_orb_pct_height=0.69; tov_pct=-0.01; resid_three_pct_shot_mix=-0.17,three_pa_per_100_team_poss=-1.44; ast_pct=-1.20; usg=-1.16; resid_three_share_height=-1.11; ast_tov=-0.87,three_share,
role_residual_context_only_height_025,k6__division_zscore__role_residual_context_only_height_025__method-nnls__init-furthest_sum__ninit-1,6,division_zscore,role_residual_context_only_height_025,nnls,furthest_sum,0.3368763307950451,,13,mins_per_game|eFG|three_share|orb_pct|drb_pct|three_pct|ft_pct,4,770,0.2566666666666666,414,356,0.4768149356626522,three_pa_per_100_team_poss=2.49; resid_three_share_height=2.28; usg=0.58; height_inches=0.46; resid_three_pct_shot_mix=-0.04,tov_pct=-1.61; ast_tov=-1.48; ast_pct=-1.36; FTR=-1.34; resid_orb_pct_height=-1.26,three_share,
role_residual_context_only_height_025,k6__division_zscore__role_residual_context_only_height_025__method-nnls__init-furthest_sum__ninit-1,6,division_zscore,role_residual_context_only_height_025,nnls,furthest_sum,0.3368763307950451,,13,mins_per_game|eFG|three_share|orb_pct|drb_pct|three_pct|ft_pct,5,336,0.112,180,156,0.4707344944722498,ast_tov=3.55; resid_three_share_height=1.48; three_pa_per_100_team_poss=0.72; stl_pct=0.12; ast_pct=0.06,tov_pct=-1.98; usg=-1.68; FTR=-1.40; resid_drb_pct_height=-0.77; height_inches=-0.65,three_share,
role_residual_context_only_height_025,k6__division_zscore__role_residual_context_only_height_025__method-nnls__init-furthest_sum__ninit-1,6,division_zscore,role_residual_context_only_height_025,nnls,furthest_sum,0.3368763307950451,,13,mins_per_game|eFG|three_share|orb_pct|drb_pct|three_pct|ft_pct,6,792,0.264,439,353,0.5086092677725567,ast_pct=2.67; usg=2.02; stl_pct=1.76; resid_drb_pct_height=1.03; ast_tov=0.64,height_inches=-1.50; resid_three_share_height=-0.88; blk_pct=-0.56; three_pa_per_100_team_poss=0.02; resid_three_pct_shot_mix=0.11,three_share,
role_residual_context_only_height_025,k7__division_zscore__role_residual_context_only_height_025__method-nnls__init-uniform__ninit-1,7,division_zscore,role_residual_context_only_height_025,nnls,uniform,0.3029113353306103,,13,mins_per_game|eFG|three_share|orb_pct|drb_pct|three_pct|ft_pct,1,360,0.12,192,168,0.4584837224076431,FTR=3.53; height_inches=0.92; tov_pct=0.26; resid_orb_pct_height=0.21; resid_three_pct_shot_mix=0.07,usg=-1.67; stl_pct=-1.47; three_pa_per_100_team_poss=-1.36; ast_pct=-1.22; resid_drb_pct_height=-0.97,three_share,
role_residual_context_only_height_025,k7__division_zscore__role_residual_context_only_height_025__method-nnls__init-uniform__ninit-1,7,division_zscore,role_residual_context_only_height_025,nnls,uniform,0.3029113353306103,,13,mins_per_game|eFG|three_share|orb_pct|drb_pct|three_pct|ft_pct,2,775,0.2583333333333333,419,356,0.4636316211350982,three_pa_per_100_team_poss=2.49; resid_three_share_height=2.22; usg=0.75; height_inches=0.35; resid_three_pct_shot_mix=-0.05,tov_pct=-1.55; ast_tov=-1.48; ast_pct=-1.31; FTR=-1.24; resid_orb_pct_height=-1.19,three_share,
role_residual_context_only_height_025,k7__division_zscore__role_residual_context_only_height_025__method-nnls__init-uniform__ninit-1,7,division_zscore,role_residual_context_only_height_025,nnls,uniform,0.3029113353306103,,13,mins_per_game|eFG|three_share|orb_pct|drb_pct|three_pct|ft_pct,3,374,0.1246666666666666,212,162,0.4795775838729453,blk_pct=3.85; height_inches=2.10; resid_drb_pct_height=1.07; resid_orb_pct_height=0.58; usg=0.30,three_pa_per_100_team_poss=-1.42; stl_pct=-1.32; resid_three_share_height=-1.19; ast_tov=-0.96; ast_pct=-0.49,three_share,
role_residual_context_only_height_025,k7__division_zscore__role_residual_context_only_height_025__method-nnls__init-uniform__ninit-1,7,division_zscore,role_residual_context_only_height_025,nnls,uniform,0.3029113353306103,,13,mins_per_game|eFG|three_share|orb_pct|drb_pct|three_pct|ft_pct,4,272,0.0906666666666666,150,122,0.4404852800545149,ast_tov=3.61; resid_three_share_height=2.19; three_pa_per_100_team_poss=1.11; stl_pct=0.64; resid_three_pct_shot_mix=-0.16,tov_pct=-2.23; usg=-1.84; FTR=-1.80; resid_drb_pct_height=-1.15; blk_pct=-0.87,three_share,
role_residual_context_only_height_025,k7__division_zscore__role_residual_context_only_height_025__method-nnls__init-uniform__ninit-1,7,division_zscore,role_residual_context_only_height_025,nnls,uniform,0.3029113353306103,,13,mins_per_game|eFG|three_share|orb_pct|drb_pct|three_pct|ft_pct,5,223,0.0743333333333333,116,107,0.3941958095119705,stl_pct=3.24; resid_orb_pct_height=2.99; resid_drb_pct_height=1.33; usg=0.46; blk_pct=0.39,resid_three_share_height=-1.83; ast_tov=-1.44; three_pa_per_100_team_poss=-1.35; ast_pct=-1.11; resid_three_pct_shot_mix=-0.57,three_share,
role_residual_context_only_height_025,k7__division_zscore__role_residual_context_only_height_025__method-nnls__init-uniform__ninit-1,7,division_zscore,role_residual_context_only_height_025,nnls,uniform,0.3029113353306103,,13,mins_per_game|eFG|three_share|orb_pct|drb_pct|three_pct|ft_pct,6,245,0.0816666666666666,130,115,0.4291862487342904,tov_pct=3.87; resid_drb_pct_height=0.09; stl_pct=0.06; resid_three_pct_shot_mix=-0.27; blk_pct=-0.29,usg=-2.05; FTR=-1.83; resid_three_share_height=-1.36; three_pa_per_100_team_poss=-1.28; height_inches=-0.75,three_share,
role_residual_context_only_height_025,k7__division_zscore__role_residual_context_only_height_025__method-nnls__init-uniform__ninit-1,7,division_zscore,role_residual_context_only_height_025,nnls,uniform,0.3029113353306103,,13,mins_per_game|eFG|three_share|orb_pct|drb_pct|three_pct|ft_pct,7,751,0.2503333333333333,409,342,0.498680788830028,ast_pct=2.97; usg=1.95; ast_tov=1.28; stl_pct=0.91; resid_drb_pct_height=0.80,height_inches=-1.49; resid_three_share_height=-0.79; blk_pct=-0.55; tov_pct=-0.02; resid_orb_pct_height=-0.00,three_share,
role_residual_context_only_height_025,k8__division_zscore__role_residual_context_only_height_025__method-nnls__init-uniform__ninit-1,8,division_zscore,role_residual_context_only_height_025,nnls,uniform,0.2749070877774018,,13,mins_per_game|eFG|three_share|orb_pct|drb_pct|three_pct|ft_pct,1,369,0.123,192,177,0.4455068245039268,FTR=3.56; height_inches=0.61; tov_pct=0.49; resid_orb_pct_height=0.19; resid_three_pct_shot_mix=-0.06,usg=-1.76; three_pa_per_100_team_poss=-1.40; ast_pct=-1.24; resid_three_share_height=-1.23; resid_drb_pct_height=-0.84,three_share,
role_residual_context_only_height_025,k8__division_zscore__role_residual_context_only_height_025__method-nnls__init-uniform__ninit-1,8,division_zscore,role_residual_context_only_height_025,nnls,uniform,0.2749070877774018,,13,mins_per_game|eFG|three_share|orb_pct|drb_pct|three_pct|ft_pct,2,826,0.2753333333333333,443,383,0.4518674160266331,three_pa_per_100_team_poss=2.48; resid_three_share_height=2.28; usg=0.63; height_inches=0.30; resid_three_pct_shot_mix=0.14,tov_pct=-1.52; stl_pct=-1.42; ast_tov=-1.34; FTR=-1.26; ast_pct=-1.25,three_share,
role_residual_context_only_height_025,k8__division_zscore__role_residual_context_only_height_025__method-nnls__init-uniform__ninit-1,8,division_zscore,role_residual_context_only_height_025,nnls,uniform,0.2749070877774018,,13,mins_per_game|eFG|three_share|orb_pct|drb_pct|three_pct|ft_pct,3,411,0.137,217,194,0.4364216184893016,stl_pct=3.46; usg=1.79; ast_pct=1.61; resid_drb_pct_height=0.57; FTR=0.56,height_inches=-1.31; resid_three_share_height=-0.79; blk_pct=-0.46; resid_three_pct_shot_mix=-0.42; ast_tov=-0.14,three_share,
role_residual_context_only_height_025,k8__division_zscore__role_residual_context_only_height_025__method-nnls__init-uniform__ninit-1,8,division_zscore,role_residual_context_only_height_025,nnls,uniform,0.2749070877774018,,13,mins_per_game|eFG|three_share|orb_pct|drb_pct|three_pct|ft_pct,4,200,0.0666666666666666,122,78,0.4515182295428119,blk_pct=4.04; height_inches=1.95; tov_pct=0.70; FTR=0.18; resid_three_pct_shot_mix=-0.65,usg=-1.71; ast_pct=-1.37; three_pa_per_100_team_poss=-1.37; ast_tov=-1.18; resid_drb_pct_height=-1.10,three_share,
role_residual_context_only_height_025,k8__division_zscore__role_residual_context_only_height_025__method-nnls__init-uniform__ninit-1,8,division_zscore,role_residual_context_only_height_025,nnls,uniform,0.2749070877774018,,13,mins_per_game|eFG|three_share|orb_pct|drb_pct|three_pct|ft_pct,5,239,0.0796666666666666,116,123,0.3974143304854777,tov_pct=3.94; resid_drb_pct_height=0.44; stl_pct=0.30; resid_orb_pct_height=0.25; ast_tov=-0.16,usg=-2.13; FTR=-1.95; resid_three_share_height=-1.84; three_pa_per_100_team_poss=-1.47; ast_pct=-0.97,three_share,
role_residual_context_only_height_025,k8__division_zscore__role_residual_context_only_height_025__method-nnls__init-uniform__ninit-1,8,division_zscore,role_residual_context_only_height_025,nnls,uniform,0.2749070877774018,,13,mins_per_game|eFG|three_share|orb_pct|drb_pct|three_pct|ft_pct,6,254,0.0846666666666666,139,115,0.4234989536962169,ast_tov=3.58; resid_three_share_height=2.18; three_pa_per_100_team_poss=1.17; stl_pct=0.80; resid_three_pct_shot_mix=-0.02,tov_pct=-2.33; usg=-1.84; FTR=-1.80; resid_drb_pct_height=-1.22; blk_pct=-0.83,three_share,
role_residual_context_only_height_025,k8__division_zscore__role_residual_context_only_height_025__method-nnls__init-uniform__ninit-1,8,division_zscore,role_residual_context_only_height_025,nnls,uniform,0.2749070877774018,,13,mins_per_game|eFG|three_share|orb_pct|drb_pct|three_pct|ft_pct,7,400,0.1333333333333333,231,169,0.4460526475604965,ast_pct=3.00; ast_tov=2.25; usg=1.24; three_pa_per_100_team_poss=0.39; resid_three_pct_shot_mix=0.38,height_inches=-1.59; blk_pct=-0.55; stl_pct=-0.50; resid_three_share_height=-0.28; resid_orb_pct_height=-0.26,three_share,
role_residual_context_only_height_025,k8__division_zscore__role_residual_context_only_height_025__method-nnls__init-uniform__ninit-1,8,division_zscore,role_residual_context_only_height_025,nnls,uniform,0.2749070877774018,,13,mins_per_game|eFG|three_share|orb_pct|drb_pct|three_pct|ft_pct,8,301,0.1003333333333333,168,133,0.3918733651915209,resid_orb_pct_height=3.19; resid_drb_pct_height=2.92; usg=2.45; blk_pct=2.39; height_inches=2.27,resid_three_share_height=-1.73; stl_pct=-1.49; three_pa_per_100_team_poss=-1.45; ast_tov=-0.74; tov_pct=-0.64,three_share,
role_residual_height_025,k6__division_zscore__role_residual_height_025__method-nnls__init-uniform__ninit-1,6,division_zscore,role_residual_height_025,nnls,uniform,0.3614062219411871,,16,mins_per_game|eFG|three_pct|ft_pct,1,346,0.1153333333333333,187,159,0.4563014892775585,ast_tov=3.59; three_share=2.09; resid_three_share_height=2.03; three_pa_per_100_team_poss=1.16; stl_pct=0.41,tov_pct=-1.95; usg=-1.67; FTR=-1.62; drb_pct=-1.31; orb_pct=-1.00,three_share,2.0938706453636775
role_residual_height_025,k6__division_zscore__role_residual_height_025__method-nnls__init-uniform__ninit-1,6,division_zscore,role_residual_height_025,nnls,uniform,0.3614062219411871,,16,mins_per_game|eFG|three_pct|ft_pct,2,325,0.1083333333333333,172,153,0.4763525499436981,FTR=3.50; height_inches=0.63; orb_pct=0.34; tov_pct=0.31; blk_pct=-0.07,resid_drb_pct_height=-1.53; usg=-1.52; three_pa_per_100_team_poss=-1.35; three_share=-1.33; ast_pct=-1.28,three_share,-1.3261990925316014
role_residual_height_025,k6__division_zscore__role_residual_height_025__method-nnls__init-uniform__ninit-1,6,division_zscore,role_residual_height_025,nnls,uniform,0.3614062219411871,,16,mins_per_game|eFG|three_pct|ft_pct,3,821,0.2736666666666666,447,374,0.5104963785444115,ast_pct=2.72; usg=1.90; stl_pct=1.70; resid_drb_pct_height=0.82; ast_tov=0.76,height_inches=-1.52; resid_three_share_height=-0.94; orb_pct=-0.67; blk_pct=-0.65; three_share=-0.47,three_share,-0.4713495681322303
role_residual_height_025,k6__division_zscore__role_residual_height_025__method-nnls__init-uniform__ninit-1,6,division_zscore,role_residual_height_025,nnls,uniform,0.3614062219411871,,16,mins_per_game|eFG|three_pct|ft_pct,4,202,0.0673333333333333,109,93,0.4342773851104638,tov_pct=3.89; blk_pct=0.29; stl_pct=0.01; resid_drb_pct_height=-0.32; resid_three_pct_shot_mix=-0.40,usg=-2.04; FTR=-1.88; resid_three_share_height=-1.45; three_pa_per_100_team_poss=-1.33; three_share=-1.24,three_share,-1.2445625016681952
role_residual_height_025,k6__division_zscore__role_residual_height_025__method-nnls__init-uniform__ninit-1,6,division_zscore,role_residual_height_025,nnls,uniform,0.3614062219411871,,16,mins_per_game|eFG|three_pct|ft_pct,5,699,0.233,373,326,0.4666287550621113,three_pa_per_100_team_poss=2.48; resid_three_share_height=2.32; three_share=2.07; usg=0.50; height_inches=0.49,tov_pct=-1.55; resid_orb_pct_height=-1.51; ast_tov=-1.45; ast_pct=-1.37; FTR=-1.29,three_share,2.066302335668689
role_residual_height_025,k6__division_zscore__role_residual_height_025__method-nnls__init-uniform__ninit-1,6,division_zscore,role_residual_height_025,nnls,uniform,0.3614062219411871,,16,mins_per_game|eFG|three_pct|ft_pct,6,607,0.2023333333333333,340,267,0.4753486052151414,blk_pct=3.01; drb_pct=2.72; orb_pct=2.66; resid_drb_pct_height=2.59; resid_orb_pct_height=2.49,three_share=-1.56; three_pa_per_100_team_poss=-1.45; ast_tov=-1.09; resid_three_share_height=-1.05; ast_pct=-0.81,three_share,-1.5616462558585669
role_residual_height_025,k7__division_zscore__role_residual_height_025__method-nnls__init-furthest_first__ninit-1,7,division_zscore,role_residual_height_025,nnls,furthest_first,0.3288383772877349,,16,mins_per_game|eFG|three_pct|ft_pct,1,305,0.1016666666666666,160,145,0.4493886514647095,ast_tov=3.61; three_share=2.18; resid_three_share_height=2.15; three_pa_per_100_team_poss=1.11; stl_pct=0.39,tov_pct=-2.10; usg=-1.78; FTR=-1.70; drb_pct=-1.24; orb_pct=-1.02,three_share,2.179027037909576
role_residual_height_025,k7__division_zscore__role_residual_height_025__method-nnls__init-furthest_first__ninit-1,7,division_zscore,role_residual_height_025,nnls,furthest_first,0.3288383772877349,,16,mins_per_game|eFG|three_pct|ft_pct,2,530,0.1766666666666666,301,229,0.4663893131361202,drb_pct=2.73; blk_pct=2.64; resid_drb_pct_height=2.63; height_inches=2.16; orb_pct=2.14,three_share=-1.43; three_pa_per_100_team_poss=-1.28; stl_pct=-1.11; ast_tov=-0.98; resid_three_share_height=-0.82,three_share,-1.4283101644778124
role_residual_height_025,k7__division_zscore__role_residual_height_025__method-nnls__init-furthest_first__ninit-1,7,division_zscore,role_residual_height_025,nnls,furthest_first,0.3288383772877349,,16,mins_per_game|eFG|three_pct|ft_pct,3,195,0.065,103,92,0.4231394793794408,tov_pct=3.87; blk_pct=0.32; stl_pct=-0.04; resid_three_pct_shot_mix=-0.29; resid_drb_pct_height=-0.31,usg=-2.06; FTR=-1.86; resid_three_share_height=-1.42; three_pa_per_100_team_poss=-1.30; three_share=-1.17,three_share,-1.1748514334714952
role_residual_height_025,k7__division_zscore__role_residual_height_025__method-nnls__init-furthest_first__ninit-1,7,division_zscore,role_residual_height_025,nnls,furthest_first,0.3288383772877349,,16,mins_per_game|eFG|three_pct|ft_pct,4,251,0.0836666666666666,136,115,0.4570718812515644,FTR=3.54; height_inches=0.89; tov_pct=0.63; blk_pct=0.42; orb_pct=0.29,usg=-2.05; resid_drb_pct_height=-1.83; stl_pct=-1.56; three_share=-1.39; three_pa_per_100_team_poss=-1.38,three_share,-1.3874703498022498
role_residual_height_025,k7__division_zscore__role_residual_height_025__method-nnls__init-furthest_first__ninit-1,7,division_zscore,role_residual_height_025,nnls,furthest_first,0.3288383772877349,,16,mins_per_game|eFG|three_pct|ft_pct,5,722,0.2406666666666666,390,332,0.4585019932877403,three_pa_per_100_team_poss=2.47; resid_three_share_height=2.31; three_share=2.10; usg=0.41; height_inches=0.35,tov_pct=-1.55; ast_tov=-1.45; FTR=-1.40; ast_pct=-1.39; resid_orb_pct_height=-1.38,three_share,2.102845597746844
role_residual_height_025,k7__division_zscore__role_residual_height_025__method-nnls__init-furthest_first__ninit-1,7,division_zscore,role_residual_height_025,nnls,furthest_first,0.3288383772877349,,16,mins_per_game|eFG|three_pct|ft_pct,6,812,0.2706666666666666,438,374,0.5056403990298297,ast_pct=2.87; usg=1.89; stl_pct=1.17; ast_tov=0.99; FTR=0.64,height_inches=-1.61; orb_pct=-0.88; resid_three_share_height=-0.79; blk_pct=-0.67; three_share=-0.33,three_share,-0.3254840272210309
role_residual_height_025,k7__division_zscore__role_residual_height_025__method-nnls__init-furthest_first__ninit-1,7,division_zscore,role_residual_height_025,nnls,furthest_first,0.3288383772877349,,16,mins_per_game|eFG|three_pct|ft_pct,7,185,0.0616666666666666,100,85,0.4014136376762342,stl_pct=3.24; resid_orb_pct_height=3.16; orb_pct=2.92; resid_drb_pct_height=1.41; drb_pct=1.35,resid_three_share_height=-1.77; three_share=-1.53; ast_tov=-1.46; three_pa_per_100_team_poss=-1.43; ast_pct=-1.27,three_share,-1.5310964957325977
role_residual_height_025,k8__division_zscore__role_residual_height_025__method-nnls__init-aa_plus_plus__ninit-1,8,division_zscore,role_residual_height_025,nnls,aa_plus_plus,0.3039979597431767,,16,mins_per_game|eFG|three_pct|ft_pct,1,243,0.081,131,112,0.398288912455824,resid_drb_pct_height=2.56; drb_pct=2.49; resid_three_share_height=1.61; height_inches=1.06; three_pa_per_100_team_poss=0.97,resid_orb_pct_height=-1.78; ast_tov=-0.71; orb_pct=-0.67; ast_pct=-0.26; stl_pct=-0.22,three_share,0.9251124024974736
role_residual_height_025,k8__division_zscore__role_residual_height_025__method-nnls__init-aa_plus_plus__ninit-1,8,division_zscore,role_residual_height_025,nnls,aa_plus_plus,0.3039979597431767,,16,mins_per_game|eFG|three_pct|ft_pct,2,295,0.0983333333333333,158,137,0.4599621102965566,FTR=3.54; tov_pct=0.75; height_inches=0.45; orb_pct=0.16; blk_pct=-0.22,usg=-1.66; three_pa_per_100_team_poss=-1.36; resid_drb_pct_height=-1.28; three_share=-1.26; ast_pct=-1.21,three_share,-1.2558808415784402
role_residual_height_025,k8__division_zscore__role_residual_height_025__method-nnls__init-aa_plus_plus__ninit-1,8,division_zscore,role_residual_height_025,nnls,aa_plus_plus,0.3039979597431767,,16,mins_per_game|eFG|three_pct|ft_pct,3,537,0.179,285,252,0.4379180038970349,three_pa_per_100_team_poss=2.47; resid_three_share_height=2.22; three_share=2.18; usg=0.29; resid_three_pct_shot_mix=0.09,FTR=-1.74; tov_pct=-1.73; stl_pct=-1.63; ast_pct=-1.36; ast_tov=-1.30,three_share,2.181349313271863
role_residual_height_025,k8__division_zscore__role_residual_height_025__method-nnls__init-aa_plus_plus__ninit-1,8,division_zscore,role_residual_height_025,nnls,aa_plus_plus,0.3039979597431767,,16,mins_per_game|eFG|three_pct|ft_pct,4,503,0.1676666666666666,278,225,0.4600777148688272,resid_orb_pct_height=3.18; orb_pct=2.92; drb_pct=2.17; resid_drb_pct_height=2.15; blk_pct=1.62,three_share=-1.53; resid_three_share_height=-1.48; three_pa_per_100_team_poss=-1.43; ast_tov=-0.96; ast_pct=-0.60,three_share,-1.5345473501852571
role_residual_height_025,k8__division_zscore__role_residual_height_025__method-nnls__init-aa_plus_plus__ninit-1,8,division_zscore,role_residual_height_025,nnls,aa_plus_plus,0.3039979597431767,,16,mins_per_game|eFG|three_pct|ft_pct,5,278,0.0926666666666666,153,125,0.4311668931739094,ast_tov=3.61; resid_three_share_height=2.25; three_share=2.22; three_pa_per_100_team_poss=1.23; stl_pct=0.69,tov_pct=-2.31; usg=-1.81; FTR=-1.73; drb_pct=-1.38; resid_drb_pct_height=-1.20,three_share,2.221065205887635
role_residual_height_025,k8__division_zscore__role_residual_height_025__method-nnls__init-aa_plus_plus__ninit-1,8,division_zscore,role_residual_height_025,nnls,aa_plus_plus,0.3039979597431767,,16,mins_per_game|eFG|three_pct|ft_pct,6,774,0.258,423,351,0.4992093939194048,ast_pct=2.73; usg=1.98; stl_pct=1.46; ast_tov=1.02; FTR=0.53,height_inches=-1.46; resid_three_share_height=-0.88; orb_pct=-0.83; blk_pct=-0.56; drb_pct=-0.51,three_share,-0.399622814476632
role_residual_height_025,k8__division_zscore__role_residual_height_025__method-nnls__init-aa_plus_plus__ninit-1,8,division_zscore,role_residual_height_025,nnls,aa_plus_plus,0.3039979597431767,,16,mins_per_game|eFG|three_pct|ft_pct,7,197,0.0656666666666666,98,99,0.4209347235024275,tov_pct=3.83; resid_drb_pct_height=0.45; resid_orb_pct_height=0.08; stl_pct=0.07; ast_tov=-0.11,usg=-2.02; FTR=-1.81; three_pa_per_100_team_poss=-1.21; resid_three_share_height=-1.21; three_share=-0.95,three_share,-0.9546018859906106
role_residual_height_025,k8__division_zscore__role_residual_height_025__method-nnls__init-aa_plus_plus__ninit-1,8,division_zscore,role_residual_height_025,nnls,aa_plus_plus,0.3039979597431767,,16,mins_per_game|eFG|three_pct|ft_pct,8,173,0.0576666666666666,102,71,0.4347385314200787,blk_pct=4.01; height_inches=1.98; tov_pct=0.82; orb_pct=0.68; drb_pct=0.23,stl_pct=-1.61; three_share=-1.55; three_pa_per_100_team_poss=-1.45; ast_tov=-1.38; usg=-1.31,three_share,-1.5451876708530776
quality_lite_residual_height_025,k6__division_zscore__quality_lite_residual_height_025__method-nnls__init-uniform__ninit-1,6,division_zscore,quality_lite_residual_height_025,nnls,uniform,0.3943301221227731,,19,mins_per_game,1,446,0.1486666666666666,234,212,0.4718340729331904,ast_tov=3.50; three_share=1.58; resid_three_share_height=1.43; three_pa_per_100_team_poss=1.01; three_pct=0.47,tov_pct=-1.55; height_inches=-1.46; drb_pct=-1.40; usg=-1.38; FTR=-1.37,three_pa_per_100_team_poss,1.0084927072148346
quality_lite_residual_height_025,k6__division_zscore__quality_lite_residual_height_025__method-nnls__init-uniform__ninit-1,6,division_zscore,quality_lite_residual_height_025,nnls,uniform,0.3943301221227731,,19,mins_per_game,2,318,0.106,171,147,0.4879865237314554,FTR=3.50; tov_pct=0.69; height_inches=0.59; eFG=0.45; orb_pct=0.44,usg=-1.54; three_pct=-1.40; three_share=-1.38; three_pa_per_100_team_poss=-1.36; resid_drb_pct_height=-1.34,three_pa_per_100_team_poss,-1.3623279148173728
quality_lite_residual_height_025,k6__division_zscore__quality_lite_residual_height_025__method-nnls__init-uniform__ninit-1,6,division_zscore,quality_lite_residual_height_025,nnls,uniform,0.3943301221227731,,19,mins_per_game,3,773,0.2576666666666666,423,350,0.5055253658617865,ast_pct=2.59; usg=2.09; stl_pct=1.74; resid_drb_pct_height=0.96; ft_pct=0.84,height_inches=-1.50; resid_three_share_height=-0.90; orb_pct=-0.68; blk_pct=-0.65; three_share=-0.43,three_pa_per_100_team_poss,0.0376892044907412
quality_lite_residual_height_025,k6__division_zscore__quality_lite_residual_height_025__method-nnls__init-uniform__ninit-1,6,division_zscore,quality_lite_residual_height_025,nnls,uniform,0.3943301221227731,,19,mins_per_game,4,150,0.05,78,72,0.4339951567489775,tov_pct=3.80; blk_pct=0.17; stl_pct=0.15; height_inches=-0.34; resid_drb_pct_height=-0.57,ft_pct=-3.47; eFG=-2.72; three_pct=-1.99; usg=-1.96; FTR=-1.75,three_pa_per_100_team_poss,-1.3326770231100562
quality_lite_residual_height_025,k6__division_zscore__quality_lite_residual_height_025__method-nnls__init-uniform__ninit-1,6,division_zscore,quality_lite_residual_height_025,nnls,uniform,0.3943301221227731,,19,mins_per_game,5,761,0.2536666666666666,414,347,0.461036528191439,three_pa_per_100_team_poss=2.48; resid_three_share_height=2.38; three_share=1.91; height_inches=0.94; ft_pct=0.91,resid_orb_pct_height=-1.62; tov_pct=-1.52; ast_tov=-1.45; ast_pct=-1.39; stl_pct=-1.06,three_pa_per_100_team_poss,2.4788451448285085
quality_lite_residual_height_025,k6__division_zscore__quality_lite_residual_height_025__method-nnls__init-uniform__ninit-1,6,division_zscore,quality_lite_residual_height_025,nnls,uniform,0.3943301221227731,,19,mins_per_game,6,552,0.184,308,244,0.4768258023438629,blk_pct=3.05; drb_pct=2.72; orb_pct=2.70; resid_drb_pct_height=2.61; resid_orb_pct_height=2.59,three_pct=-1.88; three_share=-1.55; three_pa_per_100_team_poss=-1.44; resid_three_share_height=-1.06; ast_tov=-1.02,three_pa_per_100_team_poss,-1.4447041408412449
quality_lite_residual_height_025,k7__division_zscore__quality_lite_residual_height_025__method-nnls__init-aa_plus_plus__ninit-1,7,division_zscore,quality_lite_residual_height_025,nnls,aa_plus_plus,0.366285016296777,,19,mins_per_game,1,731,0.2436666666666666,408,323,0.5093574926750019,ast_pct=2.74; usg=1.99; stl_pct=1.59; ft_pct=0.88; ast_tov=0.68,height_inches=-1.60; orb_pct=-0.91; resid_three_share_height=-0.70; blk_pct=-0.56; drb_pct=-0.33,three_pa_per_100_team_poss,0.252796403038613
quality_lite_residual_height_025,k7__division_zscore__quality_lite_residual_height_025__method-nnls__init-aa_plus_plus__ninit-1,7,division_zscore,quality_lite_residual_height_025,nnls,aa_plus_plus,0.366285016296777,,19,mins_per_game,2,730,0.2433333333333333,398,332,0.4555683778150854,three_pa_per_100_team_poss=2.49; resid_three_share_height=2.34; three_share=1.91; ft_pct=0.87; height_inches=0.87,resid_orb_pct_height=-1.64; tov_pct=-1.53; ast_tov=-1.52; ast_pct=-1.39; resid_drb_pct_height=-0.99,three_pa_per_100_team_poss,2.4889594573953486
quality_lite_residual_height_025,k7__division_zscore__quality_lite_residual_height_025__method-nnls__init-aa_plus_plus__ninit-1,7,division_zscore,quality_lite_residual_height_025,nnls,aa_plus_plus,0.366285016296777,,19,mins_per_game,3,205,0.0683333333333333,110,95,0.4730010463555472,FTR=3.53; tov_pct=0.95; height_inches=0.30; blk_pct=0.04; orb_pct=-0.05,three_pct=-1.67; usg=-1.59; resid_drb_pct_height=-1.56; drb_pct=-1.34; three_pa_per_100_team_poss=-1.33,three_pa_per_100_team_poss,-1.33237134043949
quality_lite_residual_height_025,k7__division_zscore__quality_lite_residual_height_025__method-nnls__init-aa_plus_plus__ninit-1,7,division_zscore,quality_lite_residual_height_025,nnls,aa_plus_plus,0.366285016296777,,19,mins_per_game,4,471,0.157,247,224,0.4506954290952387,resid_orb_pct_height=2.93; orb_pct=2.77; resid_drb_pct_height=2.65; drb_pct=2.57; FTR=1.40,three_share=-1.35; resid_three_share_height=-1.26; three_pa_per_100_team_poss=-1.23; ast_tov=-0.90; tov_pct=-0.62,three_pa_per_100_team_poss,-1.2255833586302824
quality_lite_residual_height_025,k7__division_zscore__quality_lite_residual_height_025__method-nnls__init-aa_plus_plus__ninit-1,7,division_zscore,quality_lite_residual_height_025,nnls,aa_plus_plus,0.366285016296777,,19,mins_per_game,5,265,0.0883333333333333,156,109,0.4819456209533383,blk_pct=3.96; height_inches=2.00; eFG=1.82; orb_pct=1.33; drb_pct=1.02,three_pct=-1.98; three_share=-1.56; three_pa_per_100_team_poss=-1.46; ast_tov=-0.99; stl_pct=-0.98,three_pa_per_100_team_poss,-1.455153936214714
quality_lite_residual_height_025,k7__division_zscore__quality_lite_residual_height_025__method-nnls__init-aa_plus_plus__ninit-1,7,division_zscore,quality_lite_residual_height_025,nnls,aa_plus_plus,0.366285016296777,,19,mins_per_game,6,414,0.138,222,192,0.4665533421295215,ast_tov=3.48; three_share=1.72; resid_three_share_height=1.66; three_pa_per_100_team_poss=1.06; three_pct=0.66,tov_pct=-1.69; usg=-1.44; FTR=-1.26; drb_pct=-1.22; height_inches=-1.17,three_pa_per_100_team_poss,1.0559427373029662
quality_lite_residual_height_025,k7__division_zscore__quality_lite_residual_height_025__method-nnls__init-aa_plus_plus__ninit-1,7,division_zscore,quality_lite_residual_height_025,nnls,aa_plus_plus,0.366285016296777,,19,mins_per_game,7,184,0.0613333333333333,87,97,0.4189364894369921,tov_pct=3.68; stl_pct=0.35; resid_drb_pct_height=0.12; resid_orb_pct_height=0.07; ast_tov=-0.32,ft_pct=-3.25; eFG=-2.94; usg=-1.98; three_pct=-1.87; FTR=-1.74,three_pa_per_100_team_poss,-1.2216276197839229
quality_lite_residual_height_025,k8__division_zscore__quality_lite_residual_height_025__method-nnls__init-aa_plus_plus__ninit-1,8,division_zscore,quality_lite_residual_height_025,nnls,aa_plus_plus,0.3498785561307565,,19,mins_per_game,1,529,0.1763333333333333,307,222,0.4419119229795171,ast_pct=3.03; usg=1.93; ast_tov=1.76; ft_pct=1.06; three_pct=0.61,height_inches=-1.78; orb_pct=-0.93; drb_pct=-0.69; resid_three_share_height=-0.67; FTR=-0.60,three_pa_per_100_team_poss,0.6034304409086385
quality_lite_residual_height_025,k8__division_zscore__quality_lite_residual_height_025__method-nnls__init-aa_plus_plus__ninit-1,8,division_zscore,quality_lite_residual_height_025,nnls,aa_plus_plus,0.3498785561307565,,19,mins_per_game,2,752,0.2506666666666666,405,347,0.4366160202801528,three_pa_per_100_team_poss=2.47; resid_three_share_height=2.41; three_share=1.89; three_pct=0.93; ft_pct=0.92,resid_orb_pct_height=-1.87; ast_tov=-1.42; ast_pct=-1.41; tov_pct=-1.18; resid_drb_pct_height=-1.06,three_pa_per_100_team_poss,2.4717188401123007
quality_lite_residual_height_025,k8__division_zscore__quality_lite_residual_height_025__method-nnls__init-aa_plus_plus__ninit-1,8,division_zscore,quality_lite_residual_height_025,nnls,aa_plus_plus,0.3498785561307565,,19,mins_per_game,3,312,0.104,166,146,0.43774446051854,ast_tov=3.61; three_share=2.22; resid_three_share_height=2.14; three_pa_per_100_team_poss=1.57; stl_pct=0.55,tov_pct=-1.87; FTR=-1.57; drb_pct=-1.49; usg=-1.42; height_inches=-1.38,three_pa_per_100_team_poss,1.566744285944725
quality_lite_residual_height_025,k8__division_zscore__quality_lite_residual_height_025__method-nnls__init-aa_plus_plus__ninit-1,8,division_zscore,quality_lite_residual_height_025,nnls,aa_plus_plus,0.3498785561307565,,19,mins_per_game,4,588,0.196,330,258,0.4668806464987574,blk_pct=2.90; drb_pct=2.68; resid_drb_pct_height=2.59; orb_pct=2.45; resid_orb_pct_height=2.16,three_pct=-1.59; three_share=-1.54; three_pa_per_100_team_poss=-1.41; resid_three_share_height=-0.94; ast_tov=-0.94,three_pa_per_100_team_poss,-1.41496577938808
quality_lite_residual_height_025,k8__division_zscore__quality_lite_residual_height_025__method-nnls__init-aa_plus_plus__ninit-1,8,division_zscore,quality_lite_residual_height_025,nnls,aa_plus_plus,0.3498785561307565,,19,mins_per_game,5,354,0.118,173,181,0.4255553392807613,stl_pct=3.42; FTR=2.12; ast_pct=1.57; tov_pct=1.11; resid_drb_pct_height=1.00,resid_three_share_height=-1.08; height_inches=-1.06; orb_pct=-0.63; three_share=-0.59; three_pa_per_100_team_poss=-0.59,three_pa_per_100_team_poss,-0.5881736666002846
quality_lite_residual_height_025,k8__division_zscore__quality_lite_residual_height_025__method-nnls__init-aa_plus_plus__ninit-1,8,division_zscore,quality_lite_residual_height_025,nnls,aa_plus_plus,0.3498785561307565,,19,mins_per_game,6,81,0.027,45,36,0.357951212640229,resid_orb_pct_height=3.19; orb_pct=2.93; height_inches=1.08; usg=0.60; resid_three_share_height=0.40,resid_three_pct_shot_mix=-2.80; eFG=-2.26; stl_pct=-2.07; resid_drb_pct_height=-2.05; three_pct=-1.93,three_pa_per_100_team_poss,-0.0888587884892365
quality_lite_residual_height_025,k8__division_zscore__quality_lite_residual_height_025__method-nnls__init-aa_plus_plus__ninit-1,8,division_zscore,quality_lite_residual_height_025,nnls,aa_plus_plus,0.3498785561307565,,19,mins_per_game,7,210,0.07,117,93,0.4562841093401617,FTR=3.52; eFG=1.08; height_inches=0.95; tov_pct=0.51; orb_pct=0.47,usg=-1.99; stl_pct=-1.76; resid_drb_pct_height=-1.74; three_pct=-1.59; three_pa_per_100_team_poss=-1.34,three_pa_per_100_team_poss,-1.3430335362627013
quality_lite_residual_height_025,k8__division_zscore__quality_lite_residual_height_025__method-nnls__init-aa_plus_plus__ninit-1,8,division_zscore,quality_lite_residual_height_025,nnls,aa_plus_plus,0.3498785561307565,,19,mins_per_game,8,174,0.058,85,89,0.4032529874953709,tov_pct=3.87; blk_pct=0.50; stl_pct=-0.03; height_inches=-0.43; resid_three_pct_shot_mix=-0.49,ft_pct=-3.65; eFG=-2.39; usg=-1.95; FTR=-1.86; three_pct=-1.71,three_pa_per_100_team_poss,-1.2779451077911508
role_residual_context_only_height_025,k6__division_zscore__role_residual_context_only_height_025__method-nnls__init-furthest_sum__ninit-1,6,division_zscore,role_residual_context_only_height_025,nnls,furthest_sum,0.3368763307950451,,13,mins_per_game|eFG|three_share|orb_pct|drb_pct|three_pct|ft_pct,1,399,0.133,214,185,0.491566233306474,blk_pct=3.72; height_inches=1.81; resid_orb_pct_height=1.61; resid_drb_pct_height=1.58; usg=0.59,three_pa_per_100_team_poss=-1.40; resid_three_share_height=-1.12; ast_tov=-1.08; ast_pct=-0.76; stl_pct=-0.68,three_pa_per_100_team_poss,-1.404689116568885
role_residual_context_only_height_025,k6__division_zscore__role_residual_context_only_height_025__method-nnls__init-furthest_sum__ninit-1,6,division_zscore,role_residual_context_only_height_025,nnls,furthest_sum,0.3368763307950451,,13,mins_per_game|eFG|three_share|orb_pct|drb_pct|three_pct|ft_pct,2,256,0.0853333333333333,134,122,0.4312523759271313,tov_pct=3.94; stl_pct=0.18; resid_drb_pct_height=-0.06; blk_pct=-0.17; resid_three_pct_shot_mix=-0.38,usg=-2.09; FTR=-1.85; resid_three_share_height=-1.65; three_pa_per_100_team_poss=-1.42; ast_pct=-0.80,three_pa_per_100_team_poss,-1.4190756243948102
role_residual_context_only_height_025,k6__division_zscore__role_residual_context_only_height_025__method-nnls__init-furthest_sum__ninit-1,6,division_zscore,role_residual_context_only_height_025,nnls,furthest_sum,0.3368763307950451,,13,mins_per_game|eFG|three_share|orb_pct|drb_pct|three_pct|ft_pct,3,447,0.149,247,200,0.4804909346980892,FTR=3.56; height_inches=0.93; resid_orb_pct_height=0.69; tov_pct=-0.01; resid_three_pct_shot_mix=-0.17,three_pa_per_100_team_poss=-1.44; ast_pct=-1.20; usg=-1.16; resid_three_share_height=-1.11; ast_tov=-0.87,three_pa_per_100_team_poss,-1.4410259097524891
role_residual_context_only_height_025,k6__division_zscore__role_residual_context_only_height_025__method-nnls__init-furthest_sum__ninit-1,6,division_zscore,role_residual_context_only_height_025,nnls,furthest_sum,0.3368763307950451,,13,mins_per_game|eFG|three_share|orb_pct|drb_pct|three_pct|ft_pct,4,770,0.2566666666666666,414,356,0.4768149356626522,three_pa_per_100_team_poss=2.49; resid_three_share_height=2.28; usg=0.58; height_inches=0.46; resid_three_pct_shot_mix=-0.04,tov_pct=-1.61; ast_tov=-1.48; ast_pct=-1.36; FTR=-1.34; resid_orb_pct_height=-1.26,three_pa_per_100_team_poss,2.4872250569544314
role_residual_context_only_height_025,k6__division_zscore__role_residual_context_only_height_025__method-nnls__init-furthest_sum__ninit-1,6,division_zscore,role_residual_context_only_height_025,nnls,furthest_sum,0.3368763307950451,,13,mins_per_game|eFG|three_share|orb_pct|drb_pct|three_pct|ft_pct,5,336,0.112,180,156,0.4707344944722498,ast_tov=3.55; resid_three_share_height=1.48; three_pa_per_100_team_poss=0.72; stl_pct=0.12; ast_pct=0.06,tov_pct=-1.98; usg=-1.68; FTR=-1.40; resid_drb_pct_height=-0.77; height_inches=-0.65,three_pa_per_100_team_poss,0.7161323625141836
role_residual_context_only_height_025,k6__division_zscore__role_residual_context_only_height_025__method-nnls__init-furthest_sum__ninit-1,6,division_zscore,role_residual_context_only_height_025,nnls,furthest_sum,0.3368763307950451,,13,mins_per_game|eFG|three_share|orb_pct|drb_pct|three_pct|ft_pct,6,792,0.264,439,353,0.5086092677725567,ast_pct=2.67; usg=2.02; stl_pct=1.76; resid_drb_pct_height=1.03; ast_tov=0.64,height_inches=-1.50; resid_three_share_height=-0.88; blk_pct=-0.56; three_pa_per_100_team_poss=0.02; resid_three_pct_shot_mix=0.11,three_pa_per_100_team_poss,0.0248874330776628
role_residual_context_only_height_025,k7__division_zscore__role_residual_context_only_height_025__method-nnls__init-uniform__ninit-1,7,division_zscore,role_residual_context_only_height_025,nnls,uniform,0.3029113353306103,,13,mins_per_game|eFG|three_share|orb_pct|drb_pct|three_pct|ft_pct,1,360,0.12,192,168,0.4584837224076431,FTR=3.53; height_inches=0.92; tov_pct=0.26; resid_orb_pct_height=0.21; resid_three_pct_shot_mix=0.07,usg=-1.67; stl_pct=-1.47; three_pa_per_100_team_poss=-1.36; ast_pct=-1.22; resid_drb_pct_height=-0.97,three_pa_per_100_team_poss,-1.362917021980779
role_residual_context_only_height_025,k7__division_zscore__role_residual_context_only_height_025__method-nnls__init-uniform__ninit-1,7,division_zscore,role_residual_context_only_height_025,nnls,uniform,0.3029113353306103,,13,mins_per_game|eFG|three_share|orb_pct|drb_pct|three_pct|ft_pct,2,775,0.2583333333333333,419,356,0.4636316211350982,three_pa_per_100_team_poss=2.49; resid_three_share_height=2.22; usg=0.75; height_inches=0.35; resid_three_pct_shot_mix=-0.05,tov_pct=-1.55; ast_tov=-1.48; ast_pct=-1.31; FTR=-1.24; resid_orb_pct_height=-1.19,three_pa_per_100_team_poss,2.4933494191295975
role_residual_context_only_height_025,k7__division_zscore__role_residual_context_only_height_025__method-nnls__init-uniform__ninit-1,7,division_zscore,role_residual_context_only_height_025,nnls,uniform,0.3029113353306103,,13,mins_per_game|eFG|three_share|orb_pct|drb_pct|three_pct|ft_pct,3,374,0.1246666666666666,212,162,0.4795775838729453,blk_pct=3.85; height_inches=2.10; resid_drb_pct_height=1.07; resid_orb_pct_height=0.58; usg=0.30,three_pa_per_100_team_poss=-1.42; stl_pct=-1.32; resid_three_share_height=-1.19; ast_tov=-0.96; ast_pct=-0.49,three_pa_per_100_team_poss,-1.418801591611549
role_residual_context_only_height_025,k7__division_zscore__role_residual_context_only_height_025__method-nnls__init-uniform__ninit-1,7,division_zscore,role_residual_context_only_height_025,nnls,uniform,0.3029113353306103,,13,mins_per_game|eFG|three_share|orb_pct|drb_pct|three_pct|ft_pct,4,272,0.0906666666666666,150,122,0.4404852800545149,ast_tov=3.61; resid_three_share_height=2.19; three_pa_per_100_team_poss=1.11; stl_pct=0.64; resid_three_pct_shot_mix=-0.16,tov_pct=-2.23; usg=-1.84; FTR=-1.80; resid_drb_pct_height=-1.15; blk_pct=-0.87,three_pa_per_100_team_poss,1.109671676184347
role_residual_context_only_height_025,k7__division_zscore__role_residual_context_only_height_025__method-nnls__init-uniform__ninit-1,7,division_zscore,role_residual_context_only_height_025,nnls,uniform,0.3029113353306103,,13,mins_per_game|eFG|three_share|orb_pct|drb_pct|three_pct|ft_pct,5,223,0.0743333333333333,116,107,0.3941958095119705,stl_pct=3.24; resid_orb_pct_height=2.99; resid_drb_pct_height=1.33; usg=0.46; blk_pct=0.39,resid_three_share_height=-1.83; ast_tov=-1.44; three_pa_per_100_team_poss=-1.35; ast_pct=-1.11; resid_three_pct_shot_mix=-0.57,three_pa_per_100_team_poss,-1.3534102222117297
role_residual_context_only_height_025,k7__division_zscore__role_residual_context_only_height_025__method-nnls__init-uniform__ninit-1,7,division_zscore,role_residual_context_only_height_025,nnls,uniform,0.3029113353306103,,13,mins_per_game|eFG|three_share|orb_pct|drb_pct|three_pct|ft_pct,6,245,0.0816666666666666,130,115,0.4291862487342904,tov_pct=3.87; resid_drb_pct_height=0.09; stl_pct=0.06; resid_three_pct_shot_mix=-0.27; blk_pct=-0.29,usg=-2.05; FTR=-1.83; resid_three_share_height=-1.36; three_pa_per_100_team_poss=-1.28; height_inches=-0.75,three_pa_per_100_team_poss,-1.2818551640298546
role_residual_context_only_height_025,k7__division_zscore__role_residual_context_only_height_025__method-nnls__init-uniform__ninit-1,7,division_zscore,role_residual_context_only_height_025,nnls,uniform,0.3029113353306103,,13,mins_per_game|eFG|three_share|orb_pct|drb_pct|three_pct|ft_pct,7,751,0.2503333333333333,409,342,0.498680788830028,ast_pct=2.97; usg=1.95; ast_tov=1.28; stl_pct=0.91; resid_drb_pct_height=0.80,height_inches=-1.49; resid_three_share_height=-0.79; blk_pct=-0.55; tov_pct=-0.02; resid_orb_pct_height=-0.00,three_pa_per_100_team_poss,0.1793284512587503
role_residual_context_only_height_025,k8__division_zscore__role_residual_context_only_height_025__method-nnls__init-uniform__ninit-1,8,division_zscore,role_residual_context_only_height_025,nnls,uniform,0.2749070877774018,,13,mins_per_game|eFG|three_share|orb_pct|drb_pct|three_pct|ft_pct,1,369,0.123,192,177,0.4455068245039268,FTR=3.56; height_inches=0.61; tov_pct=0.49; resid_orb_pct_height=0.19; resid_three_pct_shot_mix=-0.06,usg=-1.76; three_pa_per_100_team_poss=-1.40; ast_pct=-1.24; resid_three_share_height=-1.23; resid_drb_pct_height=-0.84,three_pa_per_100_team_poss,-1.3970829768479065
role_residual_context_only_height_025,k8__division_zscore__role_residual_context_only_height_025__method-nnls__init-uniform__ninit-1,8,division_zscore,role_residual_context_only_height_025,nnls,uniform,0.2749070877774018,,13,mins_per_game|eFG|three_share|orb_pct|drb_pct|three_pct|ft_pct,2,826,0.2753333333333333,443,383,0.4518674160266331,three_pa_per_100_team_poss=2.48; resid_three_share_height=2.28; usg=0.63; height_inches=0.30; resid_three_pct_shot_mix=0.14,tov_pct=-1.52; stl_pct=-1.42; ast_tov=-1.34; FTR=-1.26; ast_pct=-1.25,three_pa_per_100_team_poss,2.483716697639806
role_residual_context_only_height_025,k8__division_zscore__role_residual_context_only_height_025__method-nnls__init-uniform__ninit-1,8,division_zscore,role_residual_context_only_height_025,nnls,uniform,0.2749070877774018,,13,mins_per_game|eFG|three_share|orb_pct|drb_pct|three_pct|ft_pct,3,411,0.137,217,194,0.4364216184893016,stl_pct=3.46; usg=1.79; ast_pct=1.61; resid_drb_pct_height=0.57; FTR=0.56,height_inches=-1.31; resid_three_share_height=-0.79; blk_pct=-0.46; resid_three_pct_shot_mix=-0.42; ast_tov=-0.14,three_pa_per_100_team_poss,0.2428549308958104
role_residual_context_only_height_025,k8__division_zscore__role_residual_context_only_height_025__method-nnls__init-uniform__ninit-1,8,division_zscore,role_residual_context_only_height_025,nnls,uniform,0.2749070877774018,,13,mins_per_game|eFG|three_share|orb_pct|drb_pct|three_pct|ft_pct,4,200,0.0666666666666666,122,78,0.4515182295428119,blk_pct=4.04; height_inches=1.95; tov_pct=0.70; FTR=0.18; resid_three_pct_shot_mix=-0.65,usg=-1.71; ast_pct=-1.37; three_pa_per_100_team_poss=-1.37; ast_tov=-1.18; resid_drb_pct_height=-1.10,three_pa_per_100_team_poss,-1.37408856032418
role_residual_context_only_height_025,k8__division_zscore__role_residual_context_only_height_025__method-nnls__init-uniform__ninit-1,8,division_zscore,role_residual_context_only_height_025,nnls,uniform,0.2749070877774018,,13,mins_per_game|eFG|three_share|orb_pct|drb_pct|three_pct|ft_pct,5,239,0.0796666666666666,116,123,0.3974143304854777,tov_pct=3.94; resid_drb_pct_height=0.44; stl_pct=0.30; resid_orb_pct_height=0.25; ast_tov=-0.16,usg=-2.13; FTR=-1.95; resid_three_share_height=-1.84; three_pa_per_100_team_poss=-1.47; ast_pct=-0.97,three_pa_per_100_team_poss,-1.473518496986327
role_residual_context_only_height_025,k8__division_zscore__role_residual_context_only_height_025__method-nnls__init-uniform__ninit-1,8,division_zscore,role_residual_context_only_height_025,nnls,uniform,0.2749070877774018,,13,mins_per_game|eFG|three_share|orb_pct|drb_pct|three_pct|ft_pct,6,254,0.0846666666666666,139,115,0.4234989536962169,ast_tov=3.58; resid_three_share_height=2.18; three_pa_per_100_team_poss=1.17; stl_pct=0.80; resid_three_pct_shot_mix=-0.02,tov_pct=-2.33; usg=-1.84; FTR=-1.80; resid_drb_pct_height=-1.22; blk_pct=-0.83,three_pa_per_100_team_poss,1.165385303640574
role_residual_context_only_height_025,k8__division_zscore__role_residual_context_only_height_025__method-nnls__init-uniform__ninit-1,8,division_zscore,role_residual_context_only_height_025,nnls,uniform,0.2749070877774018,,13,mins_per_game|eFG|three_share|orb_pct|drb_pct|three_pct|ft_pct,7,400,0.1333333333333333,231,169,0.4460526475604965,ast_pct=3.00; ast_tov=2.25; usg=1.24; three_pa_per_100_team_poss=0.39; resid_three_pct_shot_mix=0.38,height_inches=-1.59; blk_pct=-0.55; stl_pct=-0.50; resid_three_share_height=-0.28; resid_orb_pct_height=-0.26,three_pa_per_100_team_poss,0.394855165035246
role_residual_context_only_height_025,k8__division_zscore__role_residual_context_only_height_025__method-nnls__init-uniform__ninit-1,8,division_zscore,role_residual_context_only_height_025,nnls,uniform,0.2749070877774018,,13,mins_per_game|eFG|three_share|orb_pct|drb_pct|three_pct|ft_pct,8,301,0.1003333333333333,168,133,0.3918733651915209,resid_orb_pct_height=3.19; resid_drb_pct_height=2.92; usg=2.45; blk_pct=2.39; height_inches=2.27,resid_three_share_height=-1.73; stl_pct=-1.49; three_pa_per_100_team_poss=-1.45; ast_tov=-0.74; tov_pct=-0.64,three_pa_per_100_team_poss,-1.4475592882386183
role_residual_height_025,k6__division_zscore__role_residual_height_025__method-nnls__init-uniform__ninit-1,6,division_zscore,role_residual_height_025,nnls,uniform,0.3614062219411871,,16,mins_per_game|eFG|three_pct|ft_pct,1,346,0.1153333333333333,187,159,0.4563014892775585,ast_tov=3.59; three_share=2.09; resid_three_share_height=2.03; three_pa_per_100_team_poss=1.16; stl_pct=0.41,tov_pct=-1.95; usg=-1.67; FTR=-1.62; drb_pct=-1.31; orb_pct=-1.00,three_pa_per_100_team_poss,1.155190948104616
role_residual_height_025,k6__division_zscore__role_residual_height_025__method-nnls__init-uniform__ninit-1,6,division_zscore,role_residual_height_025,nnls,uniform,0.3614062219411871,,16,mins_per_game|eFG|three_pct|ft_pct,2,325,0.1083333333333333,172,153,0.4763525499436981,FTR=3.50; height_inches=0.63; orb_pct=0.34; tov_pct=0.31; blk_pct=-0.07,resid_drb_pct_height=-1.53; usg=-1.52; three_pa_per_100_team_poss=-1.35; three_share=-1.33; ast_pct=-1.28,three_pa_per_100_team_poss,-1.349472359663718
role_residual_height_025,k6__division_zscore__role_residual_height_025__method-nnls__init-uniform__ninit-1,6,division_zscore,role_residual_height_025,nnls,uniform,0.3614062219411871,,16,mins_per_game|eFG|three_pct|ft_pct,3,821,0.2736666666666666,447,374,0.5104963785444115,ast_pct=2.72; usg=1.90; stl_pct=1.70; resid_drb_pct_height=0.82; ast_tov=0.76,height_inches=-1.52; resid_three_share_height=-0.94; orb_pct=-0.67; blk_pct=-0.65; three_share=-0.47,three_pa_per_100_team_poss,-0.0516480143163233
role_residual_height_025,k6__division_zscore__role_residual_height_025__method-nnls__init-uniform__ninit-1,6,division_zscore,role_residual_height_025,nnls,uniform,0.3614062219411871,,16,mins_per_game|eFG|three_pct|ft_pct,4,202,0.0673333333333333,109,93,0.4342773851104638,tov_pct=3.89; blk_pct=0.29; stl_pct=0.01; resid_drb_pct_height=-0.32; resid_three_pct_shot_mix=-0.40,usg=-2.04; FTR=-1.88; resid_three_share_height=-1.45; three_pa_per_100_team_poss=-1.33; three_share=-1.24,three_pa_per_100_team_poss,-1.329501937899975
role_residual_height_025,k6__division_zscore__role_residual_height_025__method-nnls__init-uniform__ninit-1,6,division_zscore,role_residual_height_025,nnls,uniform,0.3614062219411871,,16,mins_per_game|eFG|three_pct|ft_pct,5,699,0.233,373,326,0.4666287550621113,three_pa_per_100_team_poss=2.48; resid_three_share_height=2.32; three_share=2.07; usg=0.50; height_inches=0.49,tov_pct=-1.55; resid_orb_pct_height=-1.51; ast_tov=-1.45; ast_pct=-1.37; FTR=-1.29,three_pa_per_100_team_poss,2.4780216354984748
role_residual_height_025,k6__division_zscore__role_residual_height_025__method-nnls__init-uniform__ninit-1,6,division_zscore,role_residual_height_025,nnls,uniform,0.3614062219411871,,16,mins_per_game|eFG|three_pct|ft_pct,6,607,0.2023333333333333,340,267,0.4753486052151414,blk_pct=3.01; drb_pct=2.72; orb_pct=2.66; resid_drb_pct_height=2.59; resid_orb_pct_height=2.49,three_share=-1.56; three_pa_per_100_team_poss=-1.45; ast_tov=-1.09; resid_three_share_height=-1.05; ast_pct=-0.81,three_pa_per_100_team_poss,-1.4543113663667069
role_residual_height_025,k7__division_zscore__role_residual_height_025__method-nnls__init-furthest_first__ninit-1,7,division_zscore,role_residual_height_025,nnls,furthest_first,0.3288383772877349,,16,mins_per_game|eFG|three_pct|ft_pct,1,305,0.1016666666666666,160,145,0.4493886514647095,ast_tov=3.61; three_share=2.18; resid_three_share_height=2.15; three_pa_per_100_team_poss=1.11; stl_pct=0.39,tov_pct=-2.10; usg=-1.78; FTR=-1.70; drb_pct=-1.24; orb_pct=-1.02,three_pa_per_100_team_poss,1.1092293204202963
role_residual_height_025,k7__division_zscore__role_residual_height_025__method-nnls__init-furthest_first__ninit-1,7,division_zscore,role_residual_height_025,nnls,furthest_first,0.3288383772877349,,16,mins_per_game|eFG|three_pct|ft_pct,2,530,0.1766666666666666,301,229,0.4663893131361202,drb_pct=2.73; blk_pct=2.64; resid_drb_pct_height=2.63; height_inches=2.16; orb_pct=2.14,three_share=-1.43; three_pa_per_100_team_poss=-1.28; stl_pct=-1.11; ast_tov=-0.98; resid_three_share_height=-0.82,three_pa_per_100_team_poss,-1.2833855466873467
role_residual_height_025,k7__division_zscore__role_residual_height_025__method-nnls__init-furthest_first__ninit-1,7,division_zscore,role_residual_height_025,nnls,furthest_first,0.3288383772877349,,16,mins_per_game|eFG|three_pct|ft_pct,3,195,0.065,103,92,0.4231394793794408,tov_pct=3.87; blk_pct=0.32; stl_pct=-0.04; resid_three_pct_shot_mix=-0.29; resid_drb_pct_height=-0.31,usg=-2.06; FTR=-1.86; resid_three_share_height=-1.42; three_pa_per_100_team_poss=-1.30; three_share=-1.17,three_pa_per_100_team_poss,-1.3026917194061425
role_residual_height_025,k7__division_zscore__role_residual_height_025__method-nnls__init-furthest_first__ninit-1,7,division_zscore,role_residual_height_025,nnls,furthest_first,0.3288383772877349,,16,mins_per_game|eFG|three_pct|ft_pct,4,251,0.0836666666666666,136,115,0.4570718812515644,FTR=3.54; height_inches=0.89; tov_pct=0.63; blk_pct=0.42; orb_pct=0.29,usg=-2.05; resid_drb_pct_height=-1.83; stl_pct=-1.56; three_share=-1.39; three_pa_per_100_team_poss=-1.38,three_pa_per_100_team_poss,-1.3840903393805453
role_residual_height_025,k7__division_zscore__role_residual_height_025__method-nnls__init-furthest_first__ninit-1,7,division_zscore,role_residual_height_025,nnls,furthest_first,0.3288383772877349,,16,mins_per_game|eFG|three_pct|ft_pct,5,722,0.2406666666666666,390,332,0.4585019932877403,three_pa_per_100_team_poss=2.47; resid_three_share_height=2.31; three_share=2.10; usg=0.41; height_inches=0.35,tov_pct=-1.55; ast_tov=-1.45; FTR=-1.40; ast_pct=-1.39; resid_orb_pct_height=-1.38,three_pa_per_100_team_poss,2.474182172455821
role_residual_height_025,k7__division_zscore__role_residual_height_025__method-nnls__init-furthest_first__ninit-1,7,division_zscore,role_residual_height_025,nnls,furthest_first,0.3288383772877349,,16,mins_per_game|eFG|three_pct|ft_pct,6,812,0.2706666666666666,438,374,0.5056403990298297,ast_pct=2.87; usg=1.89; stl_pct=1.17; ast_tov=0.99; FTR=0.64,height_inches=-1.61; orb_pct=-0.88; resid_three_share_height=-0.79; blk_pct=-0.67; three_share=-0.33,three_pa_per_100_team_poss,0.1744268671186628
role_residual_height_025,k7__division_zscore__role_residual_height_025__method-nnls__init-furthest_first__ninit-1,7,division_zscore,role_residual_height_025,nnls,furthest_first,0.3288383772877349,,16,mins_per_game|eFG|three_pct|ft_pct,7,185,0.0616666666666666,100,85,0.4014136376762342,stl_pct=3.24; resid_orb_pct_height=3.16; orb_pct=2.92; resid_drb_pct_height=1.41; drb_pct=1.35,resid_three_share_height=-1.77; three_share=-1.53; ast_tov=-1.46; three_pa_per_100_team_poss=-1.43; ast_pct=-1.27,three_pa_per_100_team_poss,-1.4312871009750772
role_residual_height_025,k8__division_zscore__role_residual_height_025__method-nnls__init-aa_plus_plus__ninit-1,8,division_zscore,role_residual_height_025,nnls,aa_plus_plus,0.3039979597431767,,16,mins_per_game|eFG|three_pct|ft_pct,1,243,0.081,131,112,0.398288912455824,resid_drb_pct_height=2.56; drb_pct=2.49; resid_three_share_height=1.61; height_inches=1.06; three_pa_per_100_team_poss=0.97,resid_orb_pct_height=-1.78; ast_tov=-0.71; orb_pct=-0.67; ast_pct=-0.26; stl_pct=-0.22,three_pa_per_100_team_poss,0.9722108413311276
role_residual_height_025,k8__division_zscore__role_residual_height_025__method-nnls__init-aa_plus_plus__ninit-1,8,division_zscore,role_residual_height_025,nnls,aa_plus_plus,0.3039979597431767,,16,mins_per_game|eFG|three_pct|ft_pct,2,295,0.0983333333333333,158,137,0.4599621102965566,FTR=3.54; tov_pct=0.75; height_inches=0.45; orb_pct=0.16; blk_pct=-0.22,usg=-1.66; three_pa_per_100_team_poss=-1.36; resid_drb_pct_height=-1.28; three_share=-1.26; ast_pct=-1.21,three_pa_per_100_team_poss,-1.3593796744908735
role_residual_height_025,k8__division_zscore__role_residual_height_025__method-nnls__init-aa_plus_plus__ninit-1,8,division_zscore,role_residual_height_025,nnls,aa_plus_plus,0.3039979597431767,,16,mins_per_game|eFG|three_pct|ft_pct,3,537,0.179,285,252,0.4379180038970349,three_pa_per_100_team_poss=2.47; resid_three_share_height=2.22; three_share=2.18; usg=0.29; resid_three_pct_shot_mix=0.09,FTR=-1.74; tov_pct=-1.73; stl_pct=-1.63; ast_pct=-1.36; ast_tov=-1.30,three_pa_per_100_team_poss,2.4737766751353405
role_residual_height_025,k8__division_zscore__role_residual_height_025__method-nnls__init-aa_plus_plus__ninit-1,8,division_zscore,role_residual_height_025,nnls,aa_plus_plus,0.3039979597431767,,16,mins_per_game|eFG|three_pct|ft_pct,4,503,0.1676666666666666,278,225,0.4600777148688272,resid_orb_pct_height=3.18; orb_pct=2.92; drb_pct=2.17; resid_drb_pct_height=2.15; blk_pct=1.62,three_share=-1.53; resid_three_share_height=-1.48; three_pa_per_100_team_poss=-1.43; ast_tov=-0.96; ast_pct=-0.60,three_pa_per_100_team_poss,-1.4307657148936264
role_residual_height_025,k8__division_zscore__role_residual_height_025__method-nnls__init-aa_plus_plus__ninit-1,8,division_zscore,role_residual_height_025,nnls,aa_plus_plus,0.3039979597431767,,16,mins_per_game|eFG|three_pct|ft_pct,5,278,0.0926666666666666,153,125,0.4311668931739094,ast_tov=3.61; resid_three_share_height=2.25; three_share=2.22; three_pa_per_100_team_poss=1.23; stl_pct=0.69,tov_pct=-2.31; usg=-1.81; FTR=-1.73; drb_pct=-1.38; resid_drb_pct_height=-1.20,three_pa_per_100_team_poss,1.2317341787459548
role_residual_height_025,k8__division_zscore__role_residual_height_025__method-nnls__init-aa_plus_plus__ninit-1,8,division_zscore,role_residual_height_025,nnls,aa_plus_plus,0.3039979597431767,,16,mins_per_game|eFG|three_pct|ft_pct,6,774,0.258,423,351,0.4992093939194048,ast_pct=2.73; usg=1.98; stl_pct=1.46; ast_tov=1.02; FTR=0.53,height_inches=-1.46; resid_three_share_height=-0.88; orb_pct=-0.83; blk_pct=-0.56; drb_pct=-0.51,three_pa_per_100_team_poss,0.1382896841566565
role_residual_height_025,k8__division_zscore__role_residual_height_025__method-nnls__init-aa_plus_plus__ninit-1,8,division_zscore,role_residual_height_025,nnls,aa_plus_plus,0.3039979597431767,,16,mins_per_game|eFG|three_pct|ft_pct,7,197,0.0656666666666666,98,99,0.4209347235024275,tov_pct=3.83; resid_drb_pct_height=0.45; resid_orb_pct_height=0.08; stl_pct=0.07; ast_tov=-0.11,usg=-2.02; FTR=-1.81; three_pa_per_100_team_poss=-1.21; resid_three_share_height=-1.21; three_share=-0.95,three_pa_per_100_team_poss,-1.213388668577105
role_residual_height_025,k8__division_zscore__role_residual_height_025__method-nnls__init-aa_plus_plus__ninit-1,8,division_zscore,role_residual_height_025,nnls,aa_plus_plus,0.3039979597431767,,16,mins_per_game|eFG|three_pct|ft_pct,8,173,0.0576666666666666,102,71,0.4347385314200787,blk_pct=4.01; height_inches=1.98; tov_pct=0.82; orb_pct=0.68; drb_pct=0.23,stl_pct=-1.61; three_share=-1.55; three_pa_per_100_team_poss=-1.45; ast_tov=-1.38; usg=-1.31,three_pa_per_100_team_poss,-1.44679858632361
quality_lite_residual_height_025,k6__division_zscore__quality_lite_residual_height_025__method-nnls__init-uniform__ninit-1,6,division_zscore,quality_lite_residual_height_025,nnls,uniform,0.3943301221227731,,19,mins_per_game,1,446,0.1486666666666666,234,212,0.4718340729331904,ast_tov=3.50; three_share=1.58; resid_three_share_height=1.43; three_pa_per_100_team_poss=1.01; three_pct=0.47,tov_pct=-1.55; height_inches=-1.46; drb_pct=-1.40; usg=-1.38; FTR=-1.37,orb_pct,-0.8951814337861626
quality_lite_residual_height_025,k6__division_zscore__quality_lite_residual_height_025__method-nnls__init-uniform__ninit-1,6,division_zscore,quality_lite_residual_height_025,nnls,uniform,0.3943301221227731,,19,mins_per_game,2,318,0.106,171,147,0.4879865237314554,FTR=3.50; tov_pct=0.69; height_inches=0.59; eFG=0.45; orb_pct=0.44,usg=-1.54; three_pct=-1.40; three_share=-1.38; three_pa_per_100_team_poss=-1.36; resid_drb_pct_height=-1.34,orb_pct,0.4430620101253498
quality_lite_residual_height_025,k6__division_zscore__quality_lite_residual_height_025__method-nnls__init-uniform__ninit-1,6,division_zscore,quality_lite_residual_height_025,nnls,uniform,0.3943301221227731,,19,mins_per_game,3,773,0.2576666666666666,423,350,0.5055253658617865,ast_pct=2.59; usg=2.09; stl_pct=1.74; resid_drb_pct_height=0.96; ft_pct=0.84,height_inches=-1.50; resid_three_share_height=-0.90; orb_pct=-0.68; blk_pct=-0.65; three_share=-0.43,orb_pct,-0.6817626408939089
quality_lite_residual_height_025,k6__division_zscore__quality_lite_residual_height_025__method-nnls__init-uniform__ninit-1,6,division_zscore,quality_lite_residual_height_025,nnls,uniform,0.3943301221227731,,19,mins_per_game,4,150,0.05,78,72,0.4339951567489775,tov_pct=3.80; blk_pct=0.17; stl_pct=0.15; height_inches=-0.34; resid_drb_pct_height=-0.57,ft_pct=-3.47; eFG=-2.72; three_pct=-1.99; usg=-1.96; FTR=-1.75,orb_pct,-0.8731790913890336
quality_lite_residual_height_025,k6__division_zscore__quality_lite_residual_height_025__method-nnls__init-uniform__ninit-1,6,division_zscore,quality_lite_residual_height_025,nnls,uniform,0.3943301221227731,,19,mins_per_game,5,761,0.2536666666666666,414,347,0.461036528191439,three_pa_per_100_team_poss=2.48; resid_three_share_height=2.38; three_share=1.91; height_inches=0.94; ft_pct=0.91,resid_orb_pct_height=-1.62; tov_pct=-1.52; ast_tov=-1.45; ast_pct=-1.39; stl_pct=-1.06,orb_pct,-0.6741351290595093
quality_lite_residual_height_025,k6__division_zscore__quality_lite_residual_height_025__method-nnls__init-uniform__ninit-1,6,division_zscore,quality_lite_residual_height_025,nnls,uniform,0.3943301221227731,,19,mins_per_game,6,552,0.184,308,244,0.4768258023438629,blk_pct=3.05; drb_pct=2.72; orb_pct=2.70; resid_drb_pct_height=2.61; resid_orb_pct_height=2.59,three_pct=-1.88; three_share=-1.55; three_pa_per_100_team_poss=-1.44; resid_three_share_height=-1.06; ast_tov=-1.02,orb_pct,2.701013800795096
quality_lite_residual_height_025,k7__division_zscore__quality_lite_residual_height_025__method-nnls__init-aa_plus_plus__ninit-1,7,division_zscore,quality_lite_residual_height_025,nnls,aa_plus_plus,0.366285016296777,,19,mins_per_game,1,731,0.2436666666666666,408,323,0.5093574926750019,ast_pct=2.74; usg=1.99; stl_pct=1.59; ft_pct=0.88; ast_tov=0.68,height_inches=-1.60; orb_pct=-0.91; resid_three_share_height=-0.70; blk_pct=-0.56; drb_pct=-0.33,orb_pct,-0.9110381268127842
quality_lite_residual_height_025,k7__division_zscore__quality_lite_residual_height_025__method-nnls__init-aa_plus_plus__ninit-1,7,division_zscore,quality_lite_residual_height_025,nnls,aa_plus_plus,0.366285016296777,,19,mins_per_game,2,730,0.2433333333333333,398,332,0.4555683778150854,three_pa_per_100_team_poss=2.49; resid_three_share_height=2.34; three_share=1.91; ft_pct=0.87; height_inches=0.87,resid_orb_pct_height=-1.64; tov_pct=-1.53; ast_tov=-1.52; ast_pct=-1.39; resid_drb_pct_height=-0.99,orb_pct,-0.7533684296909445
quality_lite_residual_height_025,k7__division_zscore__quality_lite_residual_height_025__method-nnls__init-aa_plus_plus__ninit-1,7,division_zscore,quality_lite_residual_height_025,nnls,aa_plus_plus,0.366285016296777,,19,mins_per_game,3,205,0.0683333333333333,110,95,0.4730010463555472,FTR=3.53; tov_pct=0.95; height_inches=0.30; blk_pct=0.04; orb_pct=-0.05,three_pct=-1.67; usg=-1.59; resid_drb_pct_height=-1.56; drb_pct=-1.34; three_pa_per_100_team_poss=-1.33,orb_pct,-0.0456665734828188
quality_lite_residual_height_025,k7__division_zscore__quality_lite_residual_height_025__method-nnls__init-aa_plus_plus__ninit-1,7,division_zscore,quality_lite_residual_height_025,nnls,aa_plus_plus,0.366285016296777,,19,mins_per_game,4,471,0.157,247,224,0.4506954290952387,resid_orb_pct_height=2.93; orb_pct=2.77; resid_drb_pct_height=2.65; drb_pct=2.57; FTR=1.40,three_share=-1.35; resid_three_share_height=-1.26; three_pa_per_100_team_poss=-1.23; ast_tov=-0.90; tov_pct=-0.62,orb_pct,2.772573928538177
quality_lite_residual_height_025,k7__division_zscore__quality_lite_residual_height_025__method-nnls__init-aa_plus_plus__ninit-1,7,division_zscore,quality_lite_residual_height_025,nnls,aa_plus_plus,0.366285016296777,,19,mins_per_game,5,265,0.0883333333333333,156,109,0.4819456209533383,blk_pct=3.96; height_inches=2.00; eFG=1.82; orb_pct=1.33; drb_pct=1.02,three_pct=-1.98; three_share=-1.56; three_pa_per_100_team_poss=-1.46; ast_tov=-0.99; stl_pct=-0.98,orb_pct,1.3270644806364216
quality_lite_residual_height_025,k7__division_zscore__quality_lite_residual_height_025__method-nnls__init-aa_plus_plus__ninit-1,7,division_zscore,quality_lite_residual_height_025,nnls,aa_plus_plus,0.366285016296777,,19,mins_per_game,6,414,0.138,222,192,0.4665533421295215,ast_tov=3.48; three_share=1.72; resid_three_share_height=1.66; three_pa_per_100_team_poss=1.06; three_pct=0.66,tov_pct=-1.69; usg=-1.44; FTR=-1.26; drb_pct=-1.22; height_inches=-1.17,orb_pct,-0.8517090131796441
quality_lite_residual_height_025,k7__division_zscore__quality_lite_residual_height_025__method-nnls__init-aa_plus_plus__ninit-1,7,division_zscore,quality_lite_residual_height_025,nnls,aa_plus_plus,0.366285016296777,,19,mins_per_game,7,184,0.0613333333333333,87,97,0.4189364894369921,tov_pct=3.68; stl_pct=0.35; resid_drb_pct_height=0.12; resid_orb_pct_height=0.07; ast_tov=-0.32,ft_pct=-3.25; eFG=-2.94; usg=-1.98; three_pct=-1.87; FTR=-1.74,orb_pct,-0.534268713711261
quality_lite_residual_height_025,k8__division_zscore__quality_lite_residual_height_025__method-nnls__init-aa_plus_plus__ninit-1,8,division_zscore,quality_lite_residual_height_025,nnls,aa_plus_plus,0.3498785561307565,,19,mins_per_game,1,529,0.1763333333333333,307,222,0.4419119229795171,ast_pct=3.03; usg=1.93; ast_tov=1.76; ft_pct=1.06; three_pct=0.61,height_inches=-1.78; orb_pct=-0.93; drb_pct=-0.69; resid_three_share_height=-0.67; FTR=-0.60,orb_pct,-0.9299324080068816
quality_lite_residual_height_025,k8__division_zscore__quality_lite_residual_height_025__method-nnls__init-aa_plus_plus__ninit-1,8,division_zscore,quality_lite_residual_height_025,nnls,aa_plus_plus,0.3498785561307565,,19,mins_per_game,2,752,0.2506666666666666,405,347,0.4366160202801528,three_pa_per_100_team_poss=2.47; resid_three_share_height=2.41; three_share=1.89; three_pct=0.93; ft_pct=0.92,resid_orb_pct_height=-1.87; ast_tov=-1.42; ast_pct=-1.41; tov_pct=-1.18; resid_drb_pct_height=-1.06,orb_pct,-0.865078743937556
quality_lite_residual_height_025,k8__division_zscore__quality_lite_residual_height_025__method-nnls__init-aa_plus_plus__ninit-1,8,division_zscore,quality_lite_residual_height_025,nnls,aa_plus_plus,0.3498785561307565,,19,mins_per_game,3,312,0.104,166,146,0.43774446051854,ast_tov=3.61; three_share=2.22; resid_three_share_height=2.14; three_pa_per_100_team_poss=1.57; stl_pct=0.55,tov_pct=-1.87; FTR=-1.57; drb_pct=-1.49; usg=-1.42; height_inches=-1.38,orb_pct,-0.960761936427254
quality_lite_residual_height_025,k8__division_zscore__quality_lite_residual_height_025__method-nnls__init-aa_plus_plus__ninit-1,8,division_zscore,quality_lite_residual_height_025,nnls,aa_plus_plus,0.3498785561307565,,19,mins_per_game,4,588,0.196,330,258,0.4668806464987574,blk_pct=2.90; drb_pct=2.68; resid_drb_pct_height=2.59; orb_pct=2.45; resid_orb_pct_height=2.16,three_pct=-1.59; three_share=-1.54; three_pa_per_100_team_poss=-1.41; resid_three_share_height=-0.94; ast_tov=-0.94,orb_pct,2.44774933531651
quality_lite_residual_height_025,k8__division_zscore__quality_lite_residual_height_025__method-nnls__init-aa_plus_plus__ninit-1,8,division_zscore,quality_lite_residual_height_025,nnls,aa_plus_plus,0.3498785561307565,,19,mins_per_game,5,354,0.118,173,181,0.4255553392807613,stl_pct=3.42; FTR=2.12; ast_pct=1.57; tov_pct=1.11; resid_drb_pct_height=1.00,resid_three_share_height=-1.08; height_inches=-1.06; orb_pct=-0.63; three_share=-0.59; three_pa_per_100_team_poss=-0.59,orb_pct,-0.6335068114481033
quality_lite_residual_height_025,k8__division_zscore__quality_lite_residual_height_025__method-nnls__init-aa_plus_plus__ninit-1,8,division_zscore,quality_lite_residual_height_025,nnls,aa_plus_plus,0.3498785561307565,,19,mins_per_game,6,81,0.027,45,36,0.357951212640229,resid_orb_pct_height=3.19; orb_pct=2.93; height_inches=1.08; usg=0.60; resid_three_share_height=0.40,resid_three_pct_shot_mix=-2.80; eFG=-2.26; stl_pct=-2.07; resid_drb_pct_height=-2.05; three_pct=-1.93,orb_pct,2.9268575535231656
quality_lite_residual_height_025,k8__division_zscore__quality_lite_residual_height_025__method-nnls__init-aa_plus_plus__ninit-1,8,division_zscore,quality_lite_residual_height_025,nnls,aa_plus_plus,0.3498785561307565,,19,mins_per_game,7,210,0.07,117,93,0.4562841093401617,FTR=3.52; eFG=1.08; height_inches=0.95; tov_pct=0.51; orb_pct=0.47,usg=-1.99; stl_pct=-1.76; resid_drb_pct_height=-1.74; three_pct=-1.59; three_pa_per_100_team_poss=-1.34,orb_pct,0.4745852289406707
quality_lite_residual_height_025,k8__division_zscore__quality_lite_residual_height_025__method-nnls__init-aa_plus_plus__ninit-1,8,division_zscore,quality_lite_residual_height_025,nnls,aa_plus_plus,0.3498785561307565,,19,mins_per_game,8,174,0.058,85,89,0.4032529874953709,tov_pct=3.87; blk_pct=0.50; stl_pct=-0.03; height_inches=-0.43; resid_three_pct_shot_mix=-0.49,ft_pct=-3.65; eFG=-2.39; usg=-1.95; FTR=-1.86; three_pct=-1.71,orb_pct,-1.1166554158397146
role_residual_context_only_height_025,k6__division_zscore__role_residual_context_only_height_025__method-nnls__init-furthest_sum__ninit-1,6,division_zscore,role_residual_context_only_height_025,nnls,furthest_sum,0.3368763307950451,,13,mins_per_game|eFG|three_share|orb_pct|drb_pct|three_pct|ft_pct,1,399,0.133,214,185,0.491566233306474,blk_pct=3.72; height_inches=1.81; resid_orb_pct_height=1.61; resid_drb_pct_height=1.58; usg=0.59,three_pa_per_100_team_poss=-1.40; resid_three_share_height=-1.12; ast_tov=-1.08; ast_pct=-0.76; stl_pct=-0.68,orb_pct,
role_residual_context_only_height_025,k6__division_zscore__role_residual_context_only_height_025__method-nnls__init-furthest_sum__ninit-1,6,division_zscore,role_residual_context_only_height_025,nnls,furthest_sum,0.3368763307950451,,13,mins_per_game|eFG|three_share|orb_pct|drb_pct|three_pct|ft_pct,2,256,0.0853333333333333,134,122,0.4312523759271313,tov_pct=3.94; stl_pct=0.18; resid_drb_pct_height=-0.06; blk_pct=-0.17; resid_three_pct_shot_mix=-0.38,usg=-2.09; FTR=-1.85; resid_three_share_height=-1.65; three_pa_per_100_team_poss=-1.42; ast_pct=-0.80,orb_pct,
role_residual_context_only_height_025,k6__division_zscore__role_residual_context_only_height_025__method-nnls__init-furthest_sum__ninit-1,6,division_zscore,role_residual_context_only_height_025,nnls,furthest_sum,0.3368763307950451,,13,mins_per_game|eFG|three_share|orb_pct|drb_pct|three_pct|ft_pct,3,447,0.149,247,200,0.4804909346980892,FTR=3.56; height_inches=0.93; resid_orb_pct_height=0.69; tov_pct=-0.01; resid_three_pct_shot_mix=-0.17,three_pa_per_100_team_poss=-1.44; ast_pct=-1.20; usg=-1.16; resid_three_share_height=-1.11; ast_tov=-0.87,orb_pct,
role_residual_context_only_height_025,k6__division_zscore__role_residual_context_only_height_025__method-nnls__init-furthest_sum__ninit-1,6,division_zscore,role_residual_context_only_height_025,nnls,furthest_sum,0.3368763307950451,,13,mins_per_game|eFG|three_share|orb_pct|drb_pct|three_pct|ft_pct,4,770,0.2566666666666666,414,356,0.4768149356626522,three_pa_per_100_team_poss=2.49; resid_three_share_height=2.28; usg=0.58; height_inches=0.46; resid_three_pct_shot_mix=-0.04,tov_pct=-1.61; ast_tov=-1.48; ast_pct=-1.36; FTR=-1.34; resid_orb_pct_height=-1.26,orb_pct,
role_residual_context_only_height_025,k6__division_zscore__role_residual_context_only_height_025__method-nnls__init-furthest_sum__ninit-1,6,division_zscore,role_residual_context_only_height_025,nnls,furthest_sum,0.3368763307950451,,13,mins_per_game|eFG|three_share|orb_pct|drb_pct|three_pct|ft_pct,5,336,0.112,180,156,0.4707344944722498,ast_tov=3.55; resid_three_share_height=1.48; three_pa_per_100_team_poss=0.72; stl_pct=0.12; ast_pct=0.06,tov_pct=-1.98; usg=-1.68; FTR=-1.40; resid_drb_pct_height=-0.77; height_inches=-0.65,orb_pct,
role_residual_context_only_height_025,k6__division_zscore__role_residual_context_only_height_025__method-nnls__init-furthest_sum__ninit-1,6,division_zscore,role_residual_context_only_height_025,nnls,furthest_sum,0.3368763307950451,,13,mins_per_game|eFG|three_share|orb_pct|drb_pct|three_pct|ft_pct,6,792,0.264,439,353,0.5086092677725567,ast_pct=2.67; usg=2.02; stl_pct=1.76; resid_drb_pct_height=1.03; ast_tov=0.64,height_inches=-1.50; resid_three_share_height=-0.88; blk_pct=-0.56; three_pa_per_100_team_poss=0.02; resid_three_pct_shot_mix=0.11,orb_pct,
role_residual_context_only_height_025,k7__division_zscore__role_residual_context_only_height_025__method-nnls__init-uniform__ninit-1,7,division_zscore,role_residual_context_only_height_025,nnls,uniform,0.3029113353306103,,13,mins_per_game|eFG|three_share|orb_pct|drb_pct|three_pct|ft_pct,1,360,0.12,192,168,0.4584837224076431,FTR=3.53; height_inches=0.92; tov_pct=0.26; resid_orb_pct_height=0.21; resid_three_pct_shot_mix=0.07,usg=-1.67; stl_pct=-1.47; three_pa_per_100_team_poss=-1.36; ast_pct=-1.22; resid_drb_pct_height=-0.97,orb_pct,
role_residual_context_only_height_025,k7__division_zscore__role_residual_context_only_height_025__method-nnls__init-uniform__ninit-1,7,division_zscore,role_residual_context_only_height_025,nnls,uniform,0.3029113353306103,,13,mins_per_game|eFG|three_share|orb_pct|drb_pct|three_pct|ft_pct,2,775,0.2583333333333333,419,356,0.4636316211350982,three_pa_per_100_team_poss=2.49; resid_three_share_height=2.22; usg=0.75; height_inches=0.35; resid_three_pct_shot_mix=-0.05,tov_pct=-1.55; ast_tov=-1.48; ast_pct=-1.31; FTR=-1.24; resid_orb_pct_height=-1.19,orb_pct,
role_residual_context_only_height_025,k7__division_zscore__role_residual_context_only_height_025__method-nnls__init-uniform__ninit-1,7,division_zscore,role_residual_context_only_height_025,nnls,uniform,0.3029113353306103,,13,mins_per_game|eFG|three_share|orb_pct|drb_pct|three_pct|ft_pct,3,374,0.1246666666666666,212,162,0.4795775838729453,blk_pct=3.85; height_inches=2.10; resid_drb_pct_height=1.07; resid_orb_pct_height=0.58; usg=0.30,three_pa_per_100_team_poss=-1.42; stl_pct=-1.32; resid_three_share_height=-1.19; ast_tov=-0.96; ast_pct=-0.49,orb_pct,
role_residual_context_only_height_025,k7__division_zscore__role_residual_context_only_height_025__method-nnls__init-uniform__ninit-1,7,division_zscore,role_residual_context_only_height_025,nnls,uniform,0.3029113353306103,,13,mins_per_game|eFG|three_share|orb_pct|drb_pct|three_pct|ft_pct,4,272,0.0906666666666666,150,122,0.4404852800545149,ast_tov=3.61; resid_three_share_height=2.19; three_pa_per_100_team_poss=1.11; stl_pct=0.64; resid_three_pct_shot_mix=-0.16,tov_pct=-2.23; usg=-1.84; FTR=-1.80; resid_drb_pct_height=-1.15; blk_pct=-0.87,orb_pct,
role_residual_context_only_height_025,k7__division_zscore__role_residual_context_only_height_025__method-nnls__init-uniform__ninit-1,7,division_zscore,role_residual_context_only_height_025,nnls,uniform,0.3029113353306103,,13,mins_per_game|eFG|three_share|orb_pct|drb_pct|three_pct|ft_pct,5,223,0.0743333333333333,116,107,0.3941958095119705,stl_pct=3.24; resid_orb_pct_height=2.99; resid_drb_pct_height=1.33; usg=0.46; blk_pct=0.39,resid_three_share_height=-1.83; ast_tov=-1.44; three_pa_per_100_team_poss=-1.35; ast_pct=-1.11; resid_three_pct_shot_mix=-0.57,orb_pct,
role_residual_context_only_height_025,k7__division_zscore__role_residual_context_only_height_025__method-nnls__init-uniform__ninit-1,7,division_zscore,role_residual_context_only_height_025,nnls,uniform,0.3029113353306103,,13,mins_per_game|eFG|three_share|orb_pct|drb_pct|three_pct|ft_pct,6,245,0.0816666666666666,130,115,0.4291862487342904,tov_pct=3.87; resid_drb_pct_height=0.09; stl_pct=0.06; resid_three_pct_shot_mix=-0.27; blk_pct=-0.29,usg=-2.05; FTR=-1.83; resid_three_share_height=-1.36; three_pa_per_100_team_poss=-1.28; height_inches=-0.75,orb_pct,
role_residual_context_only_height_025,k7__division_zscore__role_residual_context_only_height_025__method-nnls__init-uniform__ninit-1,7,division_zscore,role_residual_context_only_height_025,nnls,uniform,0.3029113353306103,,13,mins_per_game|eFG|three_share|orb_pct|drb_pct|three_pct|ft_pct,7,751,0.2503333333333333,409,342,0.498680788830028,ast_pct=2.97; usg=1.95; ast_tov=1.28; stl_pct=0.91; resid_drb_pct_height=0.80,height_inches=-1.49; resid_three_share_height=-0.79; blk_pct=-0.55; tov_pct=-0.02; resid_orb_pct_height=-0.00,orb_pct,
role_residual_context_only_height_025,k8__division_zscore__role_residual_context_only_height_025__method-nnls__init-uniform__ninit-1,8,division_zscore,role_residual_context_only_height_025,nnls,uniform,0.2749070877774018,,13,mins_per_game|eFG|three_share|orb_pct|drb_pct|three_pct|ft_pct,1,369,0.123,192,177,0.4455068245039268,FTR=3.56; height_inches=0.61; tov_pct=0.49; resid_orb_pct_height=0.19; resid_three_pct_shot_mix=-0.06,usg=-1.76; three_pa_per_100_team_poss=-1.40; ast_pct=-1.24; resid_three_share_height=-1.23; resid_drb_pct_height=-0.84,orb_pct,
role_residual_context_only_height_025,k8__division_zscore__role_residual_context_only_height_025__method-nnls__init-uniform__ninit-1,8,division_zscore,role_residual_context_only_height_025,nnls,uniform,0.2749070877774018,,13,mins_per_game|eFG|three_share|orb_pct|drb_pct|three_pct|ft_pct,2,826,0.2753333333333333,443,383,0.4518674160266331,three_pa_per_100_team_poss=2.48; resid_three_share_height=2.28; usg=0.63; height_inches=0.30; resid_three_pct_shot_mix=0.14,tov_pct=-1.52; stl_pct=-1.42; ast_tov=-1.34; FTR=-1.26; ast_pct=-1.25,orb_pct,
role_residual_context_only_height_025,k8__division_zscore__role_residual_context_only_height_025__method-nnls__init-uniform__ninit-1,8,division_zscore,role_residual_context_only_height_025,nnls,uniform,0.2749070877774018,,13,mins_per_game|eFG|three_share|orb_pct|drb_pct|three_pct|ft_pct,3,411,0.137,217,194,0.4364216184893016,stl_pct=3.46; usg=1.79; ast_pct=1.61; resid_drb_pct_height=0.57; FTR=0.56,height_inches=-1.31; resid_three_share_height=-0.79; blk_pct=-0.46; resid_three_pct_shot_mix=-0.42; ast_tov=-0.14,orb_pct,
role_residual_context_only_height_025,k8__division_zscore__role_residual_context_only_height_025__method-nnls__init-uniform__ninit-1,8,division_zscore,role_residual_context_only_height_025,nnls,uniform,0.2749070877774018,,13,mins_per_game|eFG|three_share|orb_pct|drb_pct|three_pct|ft_pct,4,200,0.0666666666666666,122,78,0.4515182295428119,blk_pct=4.04; height_inches=1.95; tov_pct=0.70; FTR=0.18; resid_three_pct_shot_mix=-0.65,usg=-1.71; ast_pct=-1.37; three_pa_per_100_team_poss=-1.37; ast_tov=-1.18; resid_drb_pct_height=-1.10,orb_pct,
role_residual_context_only_height_025,k8__division_zscore__role_residual_context_only_height_025__method-nnls__init-uniform__ninit-1,8,division_zscore,role_residual_context_only_height_025,nnls,uniform,0.2749070877774018,,13,mins_per_game|eFG|three_share|orb_pct|drb_pct|three_pct|ft_pct,5,239,0.0796666666666666,116,123,0.3974143304854777,tov_pct=3.94; resid_drb_pct_height=0.44; stl_pct=0.30; resid_orb_pct_height=0.25; ast_tov=-0.16,usg=-2.13; FTR=-1.95; resid_three_share_height=-1.84; three_pa_per_100_team_poss=-1.47; ast_pct=-0.97,orb_pct,
role_residual_context_only_height_025,k8__division_zscore__role_residual_context_only_height_025__method-nnls__init-uniform__ninit-1,8,division_zscore,role_residual_context_only_height_025,nnls,uniform,0.2749070877774018,,13,mins_per_game|eFG|three_share|orb_pct|drb_pct|three_pct|ft_pct,6,254,0.0846666666666666,139,115,0.4234989536962169,ast_tov=3.58; resid_three_share_height=2.18; three_pa_per_100_team_poss=1.17; stl_pct=0.80; resid_three_pct_shot_mix=-0.02,tov_pct=-2.33; usg=-1.84; FTR=-1.80; resid_drb_pct_height=-1.22; blk_pct=-0.83,orb_pct,
role_residual_context_only_height_025,k8__division_zscore__role_residual_context_only_height_025__method-nnls__init-uniform__ninit-1,8,division_zscore,role_residual_context_only_height_025,nnls,uniform,0.2749070877774018,,13,mins_per_game|eFG|three_share|orb_pct|drb_pct|three_pct|ft_pct,7,400,0.1333333333333333,231,169,0.4460526475604965,ast_pct=3.00; ast_tov=2.25; usg=1.24; three_pa_per_100_team_poss=0.39; resid_three_pct_shot_mix=0.38,height_inches=-1.59; blk_pct=-0.55; stl_pct=-0.50; resid_three_share_height=-0.28; resid_orb_pct_height=-0.26,orb_pct,
role_residual_context_only_height_025,k8__division_zscore__role_residual_context_only_height_025__method-nnls__init-uniform__ninit-1,8,division_zscore,role_residual_context_only_height_025,nnls,uniform,0.2749070877774018,,13,mins_per_game|eFG|three_share|orb_pct|drb_pct|three_pct|ft_pct,8,301,0.1003333333333333,168,133,0.3918733651915209,resid_orb_pct_height=3.19; resid_drb_pct_height=2.92; usg=2.45; blk_pct=2.39; height_inches=2.27,resid_three_share_height=-1.73; stl_pct=-1.49; three_pa_per_100_team_poss=-1.45; ast_tov=-0.74; tov_pct=-0.64,orb_pct,
role_residual_height_025,k6__division_zscore__role_residual_height_025__method-nnls__init-uniform__ninit-1,6,division_zscore,role_residual_height_025,nnls,uniform,0.3614062219411871,,16,mins_per_game|eFG|three_pct|ft_pct,1,346,0.1153333333333333,187,159,0.4563014892775585,ast_tov=3.59; three_share=2.09; resid_three_share_height=2.03; three_pa_per_100_team_poss=1.16; stl_pct=0.41,tov_pct=-1.95; usg=-1.67; FTR=-1.62; drb_pct=-1.31; orb_pct=-1.00,orb_pct,-0.9956473393326049
role_residual_height_025,k6__division_zscore__role_residual_height_025__method-nnls__init-uniform__ninit-1,6,division_zscore,role_residual_height_025,nnls,uniform,0.3614062219411871,,16,mins_per_game|eFG|three_pct|ft_pct,2,325,0.1083333333333333,172,153,0.4763525499436981,FTR=3.50; height_inches=0.63; orb_pct=0.34; tov_pct=0.31; blk_pct=-0.07,resid_drb_pct_height=-1.53; usg=-1.52; three_pa_per_100_team_poss=-1.35; three_share=-1.33; ast_pct=-1.28,orb_pct,0.3449929107575277
role_residual_height_025,k6__division_zscore__role_residual_height_025__method-nnls__init-uniform__ninit-1,6,division_zscore,role_residual_height_025,nnls,uniform,0.3614062219411871,,16,mins_per_game|eFG|three_pct|ft_pct,3,821,0.2736666666666666,447,374,0.5104963785444115,ast_pct=2.72; usg=1.90; stl_pct=1.70; resid_drb_pct_height=0.82; ast_tov=0.76,height_inches=-1.52; resid_three_share_height=-0.94; orb_pct=-0.67; blk_pct=-0.65; three_share=-0.47,orb_pct,-0.6712594164237466
role_residual_height_025,k6__division_zscore__role_residual_height_025__method-nnls__init-uniform__ninit-1,6,division_zscore,role_residual_height_025,nnls,uniform,0.3614062219411871,,16,mins_per_game|eFG|three_pct|ft_pct,4,202,0.0673333333333333,109,93,0.4342773851104638,tov_pct=3.89; blk_pct=0.29; stl_pct=0.01; resid_drb_pct_height=-0.32; resid_three_pct_shot_mix=-0.40,usg=-2.04; FTR=-1.88; resid_three_share_height=-1.45; three_pa_per_100_team_poss=-1.33; three_share=-1.24,orb_pct,-1.038153567104156
role_residual_height_025,k6__division_zscore__role_residual_height_025__method-nnls__init-uniform__ninit-1,6,division_zscore,role_residual_height_025,nnls,uniform,0.3614062219411871,,16,mins_per_game|eFG|three_pct|ft_pct,5,699,0.233,373,326,0.4666287550621113,three_pa_per_100_team_poss=2.48; resid_three_share_height=2.32; three_share=2.07; usg=0.50; height_inches=0.49,tov_pct=-1.55; resid_orb_pct_height=-1.51; ast_tov=-1.45; ast_pct=-1.37; FTR=-1.29,orb_pct,-1.0033590244575992
role_residual_height_025,k6__division_zscore__role_residual_height_025__method-nnls__init-uniform__ninit-1,6,division_zscore,role_residual_height_025,nnls,uniform,0.3614062219411871,,16,mins_per_game|eFG|three_pct|ft_pct,6,607,0.2023333333333333,340,267,0.4753486052151414,blk_pct=3.01; drb_pct=2.72; orb_pct=2.66; resid_drb_pct_height=2.59; resid_orb_pct_height=2.49,three_share=-1.56; three_pa_per_100_team_poss=-1.45; ast_tov=-1.09; resid_three_share_height=-1.05; ast_pct=-0.81,orb_pct,2.6649868345820575
role_residual_height_025,k7__division_zscore__role_residual_height_025__method-nnls__init-furthest_first__ninit-1,7,division_zscore,role_residual_height_025,nnls,furthest_first,0.3288383772877349,,16,mins_per_game|eFG|three_pct|ft_pct,1,305,0.1016666666666666,160,145,0.4493886514647095,ast_tov=3.61; three_share=2.18; resid_three_share_height=2.15; three_pa_per_100_team_poss=1.11; stl_pct=0.39,tov_pct=-2.10; usg=-1.78; FTR=-1.70; drb_pct=-1.24; orb_pct=-1.02,orb_pct,-1.0233008529397123
role_residual_height_025,k7__division_zscore__role_residual_height_025__method-nnls__init-furthest_first__ninit-1,7,division_zscore,role_residual_height_025,nnls,furthest_first,0.3288383772877349,,16,mins_per_game|eFG|three_pct|ft_pct,2,530,0.1766666666666666,301,229,0.4663893131361202,drb_pct=2.73; blk_pct=2.64; resid_drb_pct_height=2.63; height_inches=2.16; orb_pct=2.14,three_share=-1.43; three_pa_per_100_team_poss=-1.28; stl_pct=-1.11; ast_tov=-0.98; resid_three_share_height=-0.82,orb_pct,2.138371109704298
role_residual_height_025,k7__division_zscore__role_residual_height_025__method-nnls__init-furthest_first__ninit-1,7,division_zscore,role_residual_height_025,nnls,furthest_first,0.3288383772877349,,16,mins_per_game|eFG|three_pct|ft_pct,3,195,0.065,103,92,0.4231394793794408,tov_pct=3.87; blk_pct=0.32; stl_pct=-0.04; resid_three_pct_shot_mix=-0.29; resid_drb_pct_height=-0.31,usg=-2.06; FTR=-1.86; resid_three_share_height=-1.42; three_pa_per_100_team_poss=-1.30; three_share=-1.17,orb_pct,-1.1078264488922205
role_residual_height_025,k7__division_zscore__role_residual_height_025__method-nnls__init-furthest_first__ninit-1,7,division_zscore,role_residual_height_025,nnls,furthest_first,0.3288383772877349,,16,mins_per_game|eFG|three_pct|ft_pct,4,251,0.0836666666666666,136,115,0.4570718812515644,FTR=3.54; height_inches=0.89; tov_pct=0.63; blk_pct=0.42; orb_pct=0.29,usg=-2.05; resid_drb_pct_height=-1.83; stl_pct=-1.56; three_share=-1.39; three_pa_per_100_team_poss=-1.38,orb_pct,0.2857643843440994
role_residual_height_025,k7__division_zscore__role_residual_height_025__method-nnls__init-furthest_first__ninit-1,7,division_zscore,role_residual_height_025,nnls,furthest_first,0.3288383772877349,,16,mins_per_game|eFG|three_pct|ft_pct,5,722,0.2406666666666666,390,332,0.4585019932877403,three_pa_per_100_team_poss=2.47; resid_three_share_height=2.31; three_share=2.10; usg=0.41; height_inches=0.35,tov_pct=-1.55; ast_tov=-1.45; FTR=-1.40; ast_pct=-1.39; resid_orb_pct_height=-1.38,orb_pct,-0.9975397653609362
role_residual_height_025,k7__division_zscore__role_residual_height_025__method-nnls__init-furthest_first__ninit-1,7,division_zscore,role_residual_height_025,nnls,furthest_first,0.3288383772877349,,16,mins_per_game|eFG|three_pct|ft_pct,6,812,0.2706666666666666,438,374,0.5056403990298297,ast_pct=2.87; usg=1.89; stl_pct=1.17; ast_tov=0.99; FTR=0.64,height_inches=-1.61; orb_pct=-0.88; resid_three_share_height=-0.79; blk_pct=-0.67; three_share=-0.33,orb_pct,-0.8834585141845076
role_residual_height_025,k7__division_zscore__role_residual_height_025__method-nnls__init-furthest_first__ninit-1,7,division_zscore,role_residual_height_025,nnls,furthest_first,0.3288383772877349,,16,mins_per_game|eFG|three_pct|ft_pct,7,185,0.0616666666666666,100,85,0.4014136376762342,stl_pct=3.24; resid_orb_pct_height=3.16; orb_pct=2.92; resid_drb_pct_height=1.41; drb_pct=1.35,resid_three_share_height=-1.77; three_share=-1.53; ast_tov=-1.46; three_pa_per_100_team_poss=-1.43; ast_pct=-1.27,orb_pct,2.9229790399033275
role_residual_height_025,k8__division_zscore__role_residual_height_025__method-nnls__init-aa_plus_plus__ninit-1,8,division_zscore,role_residual_height_025,nnls,aa_plus_plus,0.3039979597431767,,16,mins_per_game|eFG|three_pct|ft_pct,1,243,0.081,131,112,0.398288912455824,resid_drb_pct_height=2.56; drb_pct=2.49; resid_three_share_height=1.61; height_inches=1.06; three_pa_per_100_team_poss=0.97,resid_orb_pct_height=-1.78; ast_tov=-0.71; orb_pct=-0.67; ast_pct=-0.26; stl_pct=-0.22,orb_pct,-0.6674695459539837
role_residual_height_025,k8__division_zscore__role_residual_height_025__method-nnls__init-aa_plus_plus__ninit-1,8,division_zscore,role_residual_height_025,nnls,aa_plus_plus,0.3039979597431767,,16,mins_per_game|eFG|three_pct|ft_pct,2,295,0.0983333333333333,158,137,0.4599621102965566,FTR=3.54; tov_pct=0.75; height_inches=0.45; orb_pct=0.16; blk_pct=-0.22,usg=-1.66; three_pa_per_100_team_poss=-1.36; resid_drb_pct_height=-1.28; three_share=-1.26; ast_pct=-1.21,orb_pct,0.1615917974723106
role_residual_height_025,k8__division_zscore__role_residual_height_025__method-nnls__init-aa_plus_plus__ninit-1,8,division_zscore,role_residual_height_025,nnls,aa_plus_plus,0.3039979597431767,,16,mins_per_game|eFG|three_pct|ft_pct,3,537,0.179,285,252,0.4379180038970349,three_pa_per_100_team_poss=2.47; resid_three_share_height=2.22; three_share=2.18; usg=0.29; resid_three_pct_shot_mix=0.09,FTR=-1.74; tov_pct=-1.73; stl_pct=-1.63; ast_pct=-1.36; ast_tov=-1.30,orb_pct,-0.7017215955704728
role_residual_height_025,k8__division_zscore__role_residual_height_025__method-nnls__init-aa_plus_plus__ninit-1,8,division_zscore,role_residual_height_025,nnls,aa_plus_plus,0.3039979597431767,,16,mins_per_game|eFG|three_pct|ft_pct,4,503,0.1676666666666666,278,225,0.4600777148688272,resid_orb_pct_height=3.18; orb_pct=2.92; drb_pct=2.17; resid_drb_pct_height=2.15; blk_pct=1.62,three_share=-1.53; resid_three_share_height=-1.48; three_pa_per_100_team_poss=-1.43; ast_tov=-0.96; ast_pct=-0.60,orb_pct,2.9195570664312847
role_residual_height_025,k8__division_zscore__role_residual_height_025__method-nnls__init-aa_plus_plus__ninit-1,8,division_zscore,role_residual_height_025,nnls,aa_plus_plus,0.3039979597431767,,16,mins_per_game|eFG|three_pct|ft_pct,5,278,0.0926666666666666,153,125,0.4311668931739094,ast_tov=3.61; resid_three_share_height=2.25; three_share=2.22; three_pa_per_100_team_poss=1.23; stl_pct=0.69,tov_pct=-2.31; usg=-1.81; FTR=-1.73; drb_pct=-1.38; resid_drb_pct_height=-1.20,orb_pct,-1.0665542178023864
role_residual_height_025,k8__division_zscore__role_residual_height_025__method-nnls__init-aa_plus_plus__ninit-1,8,division_zscore,role_residual_height_025,nnls,aa_plus_plus,0.3039979597431767,,16,mins_per_game|eFG|three_pct|ft_pct,6,774,0.258,423,351,0.4992093939194048,ast_pct=2.73; usg=1.98; stl_pct=1.46; ast_tov=1.02; FTR=0.53,height_inches=-1.46; resid_three_share_height=-0.88; orb_pct=-0.83; blk_pct=-0.56; drb_pct=-0.51,orb_pct,-0.8287969567190465
role_residual_height_025,k8__division_zscore__role_residual_height_025__method-nnls__init-aa_plus_plus__ninit-1,8,division_zscore,role_residual_height_025,nnls,aa_plus_plus,0.3039979597431767,,16,mins_per_game|eFG|three_pct|ft_pct,7,197,0.0656666666666666,98,99,0.4209347235024275,tov_pct=3.83; resid_drb_pct_height=0.45; resid_orb_pct_height=0.08; stl_pct=0.07; ast_tov=-0.11,usg=-2.02; FTR=-1.81; three_pa_per_100_team_poss=-1.21; resid_three_share_height=-1.21; three_share=-0.95,orb_pct,-0.5594740063165289
role_residual_height_025,k8__division_zscore__role_residual_height_025__method-nnls__init-aa_plus_plus__ninit-1,8,division_zscore,role_residual_height_025,nnls,aa_plus_plus,0.3039979597431767,,16,mins_per_game|eFG|three_pct|ft_pct,8,173,0.0576666666666666,102,71,0.4347385314200787,blk_pct=4.01; height_inches=1.98; tov_pct=0.82; orb_pct=0.68; drb_pct=0.23,stl_pct=-1.61; three_share=-1.55; three_pa_per_100_team_poss=-1.45; ast_tov=-1.38; usg=-1.31,orb_pct,0.6791748323981045
quality_lite_residual_height_025,k6__division_zscore__quality_lite_residual_height_025__method-nnls__init-uniform__ninit-1,6,division_zscore,quality_lite_residual_height_025,nnls,uniform,0.3943301221227731,,19,mins_per_game,1,446,0.1486666666666666,234,212,0.4718340729331904,ast_tov=3.50; three_share=1.58; resid_three_share_height=1.43; three_pa_per_100_team_poss=1.01; three_pct=0.47,tov_pct=-1.55; height_inches=-1.46; drb_pct=-1.40; usg=-1.38; FTR=-1.37,drb_pct,-1.4019673336842986
quality_lite_residual_height_025,k6__division_zscore__quality_lite_residual_height_025__method-nnls__init-uniform__ninit-1,6,division_zscore,quality_lite_residual_height_025,nnls,uniform,0.3943301221227731,,19,mins_per_game,2,318,0.106,171,147,0.4879865237314554,FTR=3.50; tov_pct=0.69; height_inches=0.59; eFG=0.45; orb_pct=0.44,usg=-1.54; three_pct=-1.40; three_share=-1.38; three_pa_per_100_team_poss=-1.36; resid_drb_pct_height=-1.34,drb_pct,-0.8640568312829126
quality_lite_residual_height_025,k6__division_zscore__quality_lite_residual_height_025__method-nnls__init-uniform__ninit-1,6,division_zscore,quality_lite_residual_height_025,nnls,uniform,0.3943301221227731,,19,mins_per_game,3,773,0.2576666666666666,423,350,0.5055253658617865,ast_pct=2.59; usg=2.09; stl_pct=1.74; resid_drb_pct_height=0.96; ft_pct=0.84,height_inches=-1.50; resid_three_share_height=-0.90; orb_pct=-0.68; blk_pct=-0.65; three_share=-0.43,drb_pct,0.0161901561513038
quality_lite_residual_height_025,k6__division_zscore__quality_lite_residual_height_025__method-nnls__init-uniform__ninit-1,6,division_zscore,quality_lite_residual_height_025,nnls,uniform,0.3943301221227731,,19,mins_per_game,4,150,0.05,78,72,0.4339951567489775,tov_pct=3.80; blk_pct=0.17; stl_pct=0.15; height_inches=-0.34; resid_drb_pct_height=-0.57,ft_pct=-3.47; eFG=-2.72; three_pct=-1.99; usg=-1.96; FTR=-1.75,drb_pct,-0.7318834864407915
quality_lite_residual_height_025,k6__division_zscore__quality_lite_residual_height_025__method-nnls__init-uniform__ninit-1,6,division_zscore,quality_lite_residual_height_025,nnls,uniform,0.3943301221227731,,19,mins_per_game,5,761,0.2536666666666666,414,347,0.461036528191439,three_pa_per_100_team_poss=2.48; resid_three_share_height=2.38; three_share=1.91; height_inches=0.94; ft_pct=0.91,resid_orb_pct_height=-1.62; tov_pct=-1.52; ast_tov=-1.45; ast_pct=-1.39; stl_pct=-1.06,drb_pct,-0.2549545844740194
quality_lite_residual_height_025,k6__division_zscore__quality_lite_residual_height_025__method-nnls__init-uniform__ninit-1,6,division_zscore,quality_lite_residual_height_025,nnls,uniform,0.3943301221227731,,19,mins_per_game,6,552,0.184,308,244,0.4768258023438629,blk_pct=3.05; drb_pct=2.72; orb_pct=2.70; resid_drb_pct_height=2.61; resid_orb_pct_height=2.59,three_pct=-1.88; three_share=-1.55; three_pa_per_100_team_poss=-1.44; resid_three_share_height=-1.06; ast_tov=-1.02,drb_pct,2.722850493123586
quality_lite_residual_height_025,k7__division_zscore__quality_lite_residual_height_025__method-nnls__init-aa_plus_plus__ninit-1,7,division_zscore,quality_lite_residual_height_025,nnls,aa_plus_plus,0.366285016296777,,19,mins_per_game,1,731,0.2436666666666666,408,323,0.5093574926750019,ast_pct=2.74; usg=1.99; stl_pct=1.59; ft_pct=0.88; ast_tov=0.68,height_inches=-1.60; orb_pct=-0.91; resid_three_share_height=-0.70; blk_pct=-0.56; drb_pct=-0.33,drb_pct,-0.3279978147671192
quality_lite_residual_height_025,k7__division_zscore__quality_lite_residual_height_025__method-nnls__init-aa_plus_plus__ninit-1,7,division_zscore,quality_lite_residual_height_025,nnls,aa_plus_plus,0.366285016296777,,19,mins_per_game,2,730,0.2433333333333333,398,332,0.4555683778150854,three_pa_per_100_team_poss=2.49; resid_three_share_height=2.34; three_share=1.91; ft_pct=0.87; height_inches=0.87,resid_orb_pct_height=-1.64; tov_pct=-1.53; ast_tov=-1.52; ast_pct=-1.39; resid_drb_pct_height=-0.99,drb_pct,-0.2841868190176362
quality_lite_residual_height_025,k7__division_zscore__quality_lite_residual_height_025__method-nnls__init-aa_plus_plus__ninit-1,7,division_zscore,quality_lite_residual_height_025,nnls,aa_plus_plus,0.366285016296777,,19,mins_per_game,3,205,0.0683333333333333,110,95,0.4730010463555472,FTR=3.53; tov_pct=0.95; height_inches=0.30; blk_pct=0.04; orb_pct=-0.05,three_pct=-1.67; usg=-1.59; resid_drb_pct_height=-1.56; drb_pct=-1.34; three_pa_per_100_team_poss=-1.33,drb_pct,-1.3367953405996862
quality_lite_residual_height_025,k7__division_zscore__quality_lite_residual_height_025__method-nnls__init-aa_plus_plus__ninit-1,7,division_zscore,quality_lite_residual_height_025,nnls,aa_plus_plus,0.366285016296777,,19,mins_per_game,4,471,0.157,247,224,0.4506954290952387,resid_orb_pct_height=2.93; orb_pct=2.77; resid_drb_pct_height=2.65; drb_pct=2.57; FTR=1.40,three_share=-1.35; resid_three_share_height=-1.26; three_pa_per_100_team_poss=-1.23; ast_tov=-0.90; tov_pct=-0.62,drb_pct,2.5705294126046168
quality_lite_residual_height_025,k7__division_zscore__quality_lite_residual_height_025__method-nnls__init-aa_plus_plus__ninit-1,7,division_zscore,quality_lite_residual_height_025,nnls,aa_plus_plus,0.366285016296777,,19,mins_per_game,5,265,0.0883333333333333,156,109,0.4819456209533383,blk_pct=3.96; height_inches=2.00; eFG=1.82; orb_pct=1.33; drb_pct=1.02,three_pct=-1.98; three_share=-1.56; three_pa_per_100_team_poss=-1.46; ast_tov=-0.99; stl_pct=-0.98,drb_pct,1.0193761740094454
quality_lite_residual_height_025,k7__division_zscore__quality_lite_residual_height_025__method-nnls__init-aa_plus_plus__ninit-1,7,division_zscore,quality_lite_residual_height_025,nnls,aa_plus_plus,0.366285016296777,,19,mins_per_game,6,414,0.138,222,192,0.4665533421295215,ast_tov=3.48; three_share=1.72; resid_three_share_height=1.66; three_pa_per_100_team_poss=1.06; three_pct=0.66,tov_pct=-1.69; usg=-1.44; FTR=-1.26; drb_pct=-1.22; height_inches=-1.17,drb_pct,-1.2219846743965652
quality_lite_residual_height_025,k7__division_zscore__quality_lite_residual_height_025__method-nnls__init-aa_plus_plus__ninit-1,7,division_zscore,quality_lite_residual_height_025,nnls,aa_plus_plus,0.366285016296777,,19,mins_per_game,7,184,0.0613333333333333,87,97,0.4189364894369921,tov_pct=3.68; stl_pct=0.35; resid_drb_pct_height=0.12; resid_orb_pct_height=0.07; ast_tov=-0.32,ft_pct=-3.25; eFG=-2.94; usg=-1.98; three_pct=-1.87; FTR=-1.74,drb_pct,-0.4751776518982513
quality_lite_residual_height_025,k8__division_zscore__quality_lite_residual_height_025__method-nnls__init-aa_plus_plus__ninit-1,8,division_zscore,quality_lite_residual_height_025,nnls,aa_plus_plus,0.3498785561307565,,19,mins_per_game,1,529,0.1763333333333333,307,222,0.4419119229795171,ast_pct=3.03; usg=1.93; ast_tov=1.76; ft_pct=1.06; three_pct=0.61,height_inches=-1.78; orb_pct=-0.93; drb_pct=-0.69; resid_three_share_height=-0.67; FTR=-0.60,drb_pct,-0.6911673233026706
quality_lite_residual_height_025,k8__division_zscore__quality_lite_residual_height_025__method-nnls__init-aa_plus_plus__ninit-1,8,division_zscore,quality_lite_residual_height_025,nnls,aa_plus_plus,0.3498785561307565,,19,mins_per_game,2,752,0.2506666666666666,405,347,0.4366160202801528,three_pa_per_100_team_poss=2.47; resid_three_share_height=2.41; three_share=1.89; three_pct=0.93; ft_pct=0.92,resid_orb_pct_height=-1.87; ast_tov=-1.42; ast_pct=-1.41; tov_pct=-1.18; resid_drb_pct_height=-1.06,drb_pct,-0.2893161855775607
quality_lite_residual_height_025,k8__division_zscore__quality_lite_residual_height_025__method-nnls__init-aa_plus_plus__ninit-1,8,division_zscore,quality_lite_residual_height_025,nnls,aa_plus_plus,0.3498785561307565,,19,mins_per_game,3,312,0.104,166,146,0.43774446051854,ast_tov=3.61; three_share=2.22; resid_three_share_height=2.14; three_pa_per_100_team_poss=1.57; stl_pct=0.55,tov_pct=-1.87; FTR=-1.57; drb_pct=-1.49; usg=-1.42; height_inches=-1.38,drb_pct,-1.4887718679637758
quality_lite_residual_height_025,k8__division_zscore__quality_lite_residual_height_025__method-nnls__init-aa_plus_plus__ninit-1,8,division_zscore,quality_lite_residual_height_025,nnls,aa_plus_plus,0.3498785561307565,,19,mins_per_game,4,588,0.196,330,258,0.4668806464987574,blk_pct=2.90; drb_pct=2.68; resid_drb_pct_height=2.59; orb_pct=2.45; resid_orb_pct_height=2.16,three_pct=-1.59; three_share=-1.54; three_pa_per_100_team_poss=-1.41; resid_three_share_height=-0.94; ast_tov=-0.94,drb_pct,2.684131211250826
quality_lite_residual_height_025,k8__division_zscore__quality_lite_residual_height_025__method-nnls__init-aa_plus_plus__ninit-1,8,division_zscore,quality_lite_residual_height_025,nnls,aa_plus_plus,0.3498785561307565,,19,mins_per_game,5,354,0.118,173,181,0.4255553392807613,stl_pct=3.42; FTR=2.12; ast_pct=1.57; tov_pct=1.11; resid_drb_pct_height=1.00,resid_three_share_height=-1.08; height_inches=-1.06; orb_pct=-0.63; three_share=-0.59; three_pa_per_100_team_poss=-0.59,drb_pct,0.2138012830146181
quality_lite_residual_height_025,k8__division_zscore__quality_lite_residual_height_025__method-nnls__init-aa_plus_plus__ninit-1,8,division_zscore,quality_lite_residual_height_025,nnls,aa_plus_plus,0.3498785561307565,,19,mins_per_game,6,81,0.027,45,36,0.357951212640229,resid_orb_pct_height=3.19; orb_pct=2.93; height_inches=1.08; usg=0.60; resid_three_share_height=0.40,resid_three_pct_shot_mix=-2.80; eFG=-2.26; stl_pct=-2.07; resid_drb_pct_height=-2.05; three_pct=-1.93,drb_pct,-0.9792503506972844
quality_lite_residual_height_025,k8__division_zscore__quality_lite_residual_height_025__method-nnls__init-aa_plus_plus__ninit-1,8,division_zscore,quality_lite_residual_height_025,nnls,aa_plus_plus,0.3498785561307565,,19,mins_per_game,7,210,0.07,117,93,0.4562841093401617,FTR=3.52; eFG=1.08; height_inches=0.95; tov_pct=0.51; orb_pct=0.47,usg=-1.99; stl_pct=-1.76; resid_drb_pct_height=-1.74; three_pct=-1.59; three_pa_per_100_team_poss=-1.34,drb_pct,-1.041799583905697
quality_lite_residual_height_025,k8__division_zscore__quality_lite_residual_height_025__method-nnls__init-aa_plus_plus__ninit-1,8,division_zscore,quality_lite_residual_height_025,nnls,aa_plus_plus,0.3498785561307565,,19,mins_per_game,8,174,0.058,85,89,0.4032529874953709,tov_pct=3.87; blk_pct=0.50; stl_pct=-0.03; height_inches=-0.43; resid_three_pct_shot_mix=-0.49,ft_pct=-3.65; eFG=-2.39; usg=-1.95; FTR=-1.86; three_pct=-1.71,drb_pct,-0.7366235471590472
role_residual_context_only_height_025,k6__division_zscore__role_residual_context_only_height_025__method-nnls__init-furthest_sum__ninit-1,6,division_zscore,role_residual_context_only_height_025,nnls,furthest_sum,0.3368763307950451,,13,mins_per_game|eFG|three_share|orb_pct|drb_pct|three_pct|ft_pct,1,399,0.133,214,185,0.491566233306474,blk_pct=3.72; height_inches=1.81; resid_orb_pct_height=1.61; resid_drb_pct_height=1.58; usg=0.59,three_pa_per_100_team_poss=-1.40; resid_three_share_height=-1.12; ast_tov=-1.08; ast_pct=-0.76; stl_pct=-0.68,drb_pct,
role_residual_context_only_height_025,k6__division_zscore__role_residual_context_only_height_025__method-nnls__init-furthest_sum__ninit-1,6,division_zscore,role_residual_context_only_height_025,nnls,furthest_sum,0.3368763307950451,,13,mins_per_game|eFG|three_share|orb_pct|drb_pct|three_pct|ft_pct,2,256,0.0853333333333333,134,122,0.4312523759271313,tov_pct=3.94; stl_pct=0.18; resid_drb_pct_height=-0.06; blk_pct=-0.17; resid_three_pct_shot_mix=-0.38,usg=-2.09; FTR=-1.85; resid_three_share_height=-1.65; three_pa_per_100_team_poss=-1.42; ast_pct=-0.80,drb_pct,
role_residual_context_only_height_025,k6__division_zscore__role_residual_context_only_height_025__method-nnls__init-furthest_sum__ninit-1,6,division_zscore,role_residual_context_only_height_025,nnls,furthest_sum,0.3368763307950451,,13,mins_per_game|eFG|three_share|orb_pct|drb_pct|three_pct|ft_pct,3,447,0.149,247,200,0.4804909346980892,FTR=3.56; height_inches=0.93; resid_orb_pct_height=0.69; tov_pct=-0.01; resid_three_pct_shot_mix=-0.17,three_pa_per_100_team_poss=-1.44; ast_pct=-1.20; usg=-1.16; resid_three_share_height=-1.11; ast_tov=-0.87,drb_pct,
role_residual_context_only_height_025,k6__division_zscore__role_residual_context_only_height_025__method-nnls__init-furthest_sum__ninit-1,6,division_zscore,role_residual_context_only_height_025,nnls,furthest_sum,0.3368763307950451,,13,mins_per_game|eFG|three_share|orb_pct|drb_pct|three_pct|ft_pct,4,770,0.2566666666666666,414,356,0.4768149356626522,three_pa_per_100_team_poss=2.49; resid_three_share_height=2.28; usg=0.58; height_inches=0.46; resid_three_pct_shot_mix=-0.04,tov_pct=-1.61; ast_tov=-1.48; ast_pct=-1.36; FTR=-1.34; resid_orb_pct_height=-1.26,drb_pct,
role_residual_context_only_height_025,k6__division_zscore__role_residual_context_only_height_025__method-nnls__init-furthest_sum__ninit-1,6,division_zscore,role_residual_context_only_height_025,nnls,furthest_sum,0.3368763307950451,,13,mins_per_game|eFG|three_share|orb_pct|drb_pct|three_pct|ft_pct,5,336,0.112,180,156,0.4707344944722498,ast_tov=3.55; resid_three_share_height=1.48; three_pa_per_100_team_poss=0.72; stl_pct=0.12; ast_pct=0.06,tov_pct=-1.98; usg=-1.68; FTR=-1.40; resid_drb_pct_height=-0.77; height_inches=-0.65,drb_pct,
role_residual_context_only_height_025,k6__division_zscore__role_residual_context_only_height_025__method-nnls__init-furthest_sum__ninit-1,6,division_zscore,role_residual_context_only_height_025,nnls,furthest_sum,0.3368763307950451,,13,mins_per_game|eFG|three_share|orb_pct|drb_pct|three_pct|ft_pct,6,792,0.264,439,353,0.5086092677725567,ast_pct=2.67; usg=2.02; stl_pct=1.76; resid_drb_pct_height=1.03; ast_tov=0.64,height_inches=-1.50; resid_three_share_height=-0.88; blk_pct=-0.56; three_pa_per_100_team_poss=0.02; resid_three_pct_shot_mix=0.11,drb_pct,
role_residual_context_only_height_025,k7__division_zscore__role_residual_context_only_height_025__method-nnls__init-uniform__ninit-1,7,division_zscore,role_residual_context_only_height_025,nnls,uniform,0.3029113353306103,,13,mins_per_game|eFG|three_share|orb_pct|drb_pct|three_pct|ft_pct,1,360,0.12,192,168,0.4584837224076431,FTR=3.53; height_inches=0.92; tov_pct=0.26; resid_orb_pct_height=0.21; resid_three_pct_shot_mix=0.07,usg=-1.67; stl_pct=-1.47; three_pa_per_100_team_poss=-1.36; ast_pct=-1.22; resid_drb_pct_height=-0.97,drb_pct,
role_residual_context_only_height_025,k7__division_zscore__role_residual_context_only_height_025__method-nnls__init-uniform__ninit-1,7,division_zscore,role_residual_context_only_height_025,nnls,uniform,0.3029113353306103,,13,mins_per_game|eFG|three_share|orb_pct|drb_pct|three_pct|ft_pct,2,775,0.2583333333333333,419,356,0.4636316211350982,three_pa_per_100_team_poss=2.49; resid_three_share_height=2.22; usg=0.75; height_inches=0.35; resid_three_pct_shot_mix=-0.05,tov_pct=-1.55; ast_tov=-1.48; ast_pct=-1.31; FTR=-1.24; resid_orb_pct_height=-1.19,drb_pct,
role_residual_context_only_height_025,k7__division_zscore__role_residual_context_only_height_025__method-nnls__init-uniform__ninit-1,7,division_zscore,role_residual_context_only_height_025,nnls,uniform,0.3029113353306103,,13,mins_per_game|eFG|three_share|orb_pct|drb_pct|three_pct|ft_pct,3,374,0.1246666666666666,212,162,0.4795775838729453,blk_pct=3.85; height_inches=2.10; resid_drb_pct_height=1.07; resid_orb_pct_height=0.58; usg=0.30,three_pa_per_100_team_poss=-1.42; stl_pct=-1.32; resid_three_share_height=-1.19; ast_tov=-0.96; ast_pct=-0.49,drb_pct,
role_residual_context_only_height_025,k7__division_zscore__role_residual_context_only_height_025__method-nnls__init-uniform__ninit-1,7,division_zscore,role_residual_context_only_height_025,nnls,uniform,0.3029113353306103,,13,mins_per_game|eFG|three_share|orb_pct|drb_pct|three_pct|ft_pct,4,272,0.0906666666666666,150,122,0.4404852800545149,ast_tov=3.61; resid_three_share_height=2.19; three_pa_per_100_team_poss=1.11; stl_pct=0.64; resid_three_pct_shot_mix=-0.16,tov_pct=-2.23; usg=-1.84; FTR=-1.80; resid_drb_pct_height=-1.15; blk_pct=-0.87,drb_pct,
role_residual_context_only_height_025,k7__division_zscore__role_residual_context_only_height_025__method-nnls__init-uniform__ninit-1,7,division_zscore,role_residual_context_only_height_025,nnls,uniform,0.3029113353306103,,13,mins_per_game|eFG|three_share|orb_pct|drb_pct|three_pct|ft_pct,5,223,0.0743333333333333,116,107,0.3941958095119705,stl_pct=3.24; resid_orb_pct_height=2.99; resid_drb_pct_height=1.33; usg=0.46; blk_pct=0.39,resid_three_share_height=-1.83; ast_tov=-1.44; three_pa_per_100_team_poss=-1.35; ast_pct=-1.11; resid_three_pct_shot_mix=-0.57,drb_pct,
role_residual_context_only_height_025,k7__division_zscore__role_residual_context_only_height_025__method-nnls__init-uniform__ninit-1,7,division_zscore,role_residual_context_only_height_025,nnls,uniform,0.3029113353306103,,13,mins_per_game|eFG|three_share|orb_pct|drb_pct|three_pct|ft_pct,6,245,0.0816666666666666,130,115,0.4291862487342904,tov_pct=3.87; resid_drb_pct_height=0.09; stl_pct=0.06; resid_three_pct_shot_mix=-0.27; blk_pct=-0.29,usg=-2.05; FTR=-1.83; resid_three_share_height=-1.36; three_pa_per_100_team_poss=-1.28; height_inches=-0.75,drb_pct,
role_residual_context_only_height_025,k7__division_zscore__role_residual_context_only_height_025__method-nnls__init-uniform__ninit-1,7,division_zscore,role_residual_context_only_height_025,nnls,uniform,0.3029113353306103,,13,mins_per_game|eFG|three_share|orb_pct|drb_pct|three_pct|ft_pct,7,751,0.2503333333333333,409,342,0.498680788830028,ast_pct=2.97; usg=1.95; ast_tov=1.28; stl_pct=0.91; resid_drb_pct_height=0.80,height_inches=-1.49; resid_three_share_height=-0.79; blk_pct=-0.55; tov_pct=-0.02; resid_orb_pct_height=-0.00,drb_pct,
role_residual_context_only_height_025,k8__division_zscore__role_residual_context_only_height_025__method-nnls__init-uniform__ninit-1,8,division_zscore,role_residual_context_only_height_025,nnls,uniform,0.2749070877774018,,13,mins_per_game|eFG|three_share|orb_pct|drb_pct|three_pct|ft_pct,1,369,0.123,192,177,0.4455068245039268,FTR=3.56; height_inches=0.61; tov_pct=0.49; resid_orb_pct_height=0.19; resid_three_pct_shot_mix=-0.06,usg=-1.76; three_pa_per_100_team_poss=-1.40; ast_pct=-1.24; resid_three_share_height=-1.23; resid_drb_pct_height=-0.84,drb_pct,
role_residual_context_only_height_025,k8__division_zscore__role_residual_context_only_height_025__method-nnls__init-uniform__ninit-1,8,division_zscore,role_residual_context_only_height_025,nnls,uniform,0.2749070877774018,,13,mins_per_game|eFG|three_share|orb_pct|drb_pct|three_pct|ft_pct,2,826,0.2753333333333333,443,383,0.4518674160266331,three_pa_per_100_team_poss=2.48; resid_three_share_height=2.28; usg=0.63; height_inches=0.30; resid_three_pct_shot_mix=0.14,tov_pct=-1.52; stl_pct=-1.42; ast_tov=-1.34; FTR=-1.26; ast_pct=-1.25,drb_pct,
role_residual_context_only_height_025,k8__division_zscore__role_residual_context_only_height_025__method-nnls__init-uniform__ninit-1,8,division_zscore,role_residual_context_only_height_025,nnls,uniform,0.2749070877774018,,13,mins_per_game|eFG|three_share|orb_pct|drb_pct|three_pct|ft_pct,3,411,0.137,217,194,0.4364216184893016,stl_pct=3.46; usg=1.79; ast_pct=1.61; resid_drb_pct_height=0.57; FTR=0.56,height_inches=-1.31; resid_three_share_height=-0.79; blk_pct=-0.46; resid_three_pct_shot_mix=-0.42; ast_tov=-0.14,drb_pct,
role_residual_context_only_height_025,k8__division_zscore__role_residual_context_only_height_025__method-nnls__init-uniform__ninit-1,8,division_zscore,role_residual_context_only_height_025,nnls,uniform,0.2749070877774018,,13,mins_per_game|eFG|three_share|orb_pct|drb_pct|three_pct|ft_pct,4,200,0.0666666666666666,122,78,0.4515182295428119,blk_pct=4.04; height_inches=1.95; tov_pct=0.70; FTR=0.18; resid_three_pct_shot_mix=-0.65,usg=-1.71; ast_pct=-1.37; three_pa_per_100_team_poss=-1.37; ast_tov=-1.18; resid_drb_pct_height=-1.10,drb_pct,
role_residual_context_only_height_025,k8__division_zscore__role_residual_context_only_height_025__method-nnls__init-uniform__ninit-1,8,division_zscore,role_residual_context_only_height_025,nnls,uniform,0.2749070877774018,,13,mins_per_game|eFG|three_share|orb_pct|drb_pct|three_pct|ft_pct,5,239,0.0796666666666666,116,123,0.3974143304854777,tov_pct=3.94; resid_drb_pct_height=0.44; stl_pct=0.30; resid_orb_pct_height=0.25; ast_tov=-0.16,usg=-2.13; FTR=-1.95; resid_three_share_height=-1.84; three_pa_per_100_team_poss=-1.47; ast_pct=-0.97,drb_pct,
role_residual_context_only_height_025,k8__division_zscore__role_residual_context_only_height_025__method-nnls__init-uniform__ninit-1,8,division_zscore,role_residual_context_only_height_025,nnls,uniform,0.2749070877774018,,13,mins_per_game|eFG|three_share|orb_pct|drb_pct|three_pct|ft_pct,6,254,0.0846666666666666,139,115,0.4234989536962169,ast_tov=3.58; resid_three_share_height=2.18; three_pa_per_100_team_poss=1.17; stl_pct=0.80; resid_three_pct_shot_mix=-0.02,tov_pct=-2.33; usg=-1.84; FTR=-1.80; resid_drb_pct_height=-1.22; blk_pct=-0.83,drb_pct,
role_residual_context_only_height_025,k8__division_zscore__role_residual_context_only_height_025__method-nnls__init-uniform__ninit-1,8,division_zscore,role_residual_context_only_height_025,nnls,uniform,0.2749070877774018,,13,mins_per_game|eFG|three_share|orb_pct|drb_pct|three_pct|ft_pct,7,400,0.1333333333333333,231,169,0.4460526475604965,ast_pct=3.00; ast_tov=2.25; usg=1.24; three_pa_per_100_team_poss=0.39; resid_three_pct_shot_mix=0.38,height_inches=-1.59; blk_pct=-0.55; stl_pct=-0.50; resid_three_share_height=-0.28; resid_orb_pct_height=-0.26,drb_pct,
role_residual_context_only_height_025,k8__division_zscore__role_residual_context_only_height_025__method-nnls__init-uniform__ninit-1,8,division_zscore,role_residual_context_only_height_025,nnls,uniform,0.2749070877774018,,13,mins_per_game|eFG|three_share|orb_pct|drb_pct|three_pct|ft_pct,8,301,0.1003333333333333,168,133,0.3918733651915209,resid_orb_pct_height=3.19; resid_drb_pct_height=2.92; usg=2.45; blk_pct=2.39; height_inches=2.27,resid_three_share_height=-1.73; stl_pct=-1.49; three_pa_per_100_team_poss=-1.45; ast_tov=-0.74; tov_pct=-0.64,drb_pct,
role_residual_height_025,k6__division_zscore__role_residual_height_025__method-nnls__init-uniform__ninit-1,6,division_zscore,role_residual_height_025,nnls,uniform,0.3614062219411871,,16,mins_per_game|eFG|three_pct|ft_pct,1,346,0.1153333333333333,187,159,0.4563014892775585,ast_tov=3.59; three_share=2.09; resid_three_share_height=2.03; three_pa_per_100_team_poss=1.16; stl_pct=0.41,tov_pct=-1.95; usg=-1.67; FTR=-1.62; drb_pct=-1.31; orb_pct=-1.00,drb_pct,-1.3100417940951512
role_residual_height_025,k6__division_zscore__role_residual_height_025__method-nnls__init-uniform__ninit-1,6,division_zscore,role_residual_height_025,nnls,uniform,0.3614062219411871,,16,mins_per_game|eFG|three_pct|ft_pct,2,325,0.1083333333333333,172,153,0.4763525499436981,FTR=3.50; height_inches=0.63; orb_pct=0.34; tov_pct=0.31; blk_pct=-0.07,resid_drb_pct_height=-1.53; usg=-1.52; three_pa_per_100_team_poss=-1.35; three_share=-1.33; ast_pct=-1.28,drb_pct,-1.0382145614522331
role_residual_height_025,k6__division_zscore__role_residual_height_025__method-nnls__init-uniform__ninit-1,6,division_zscore,role_residual_height_025,nnls,uniform,0.3614062219411871,,16,mins_per_game|eFG|three_pct|ft_pct,3,821,0.2736666666666666,447,374,0.5104963785444115,ast_pct=2.72; usg=1.90; stl_pct=1.70; resid_drb_pct_height=0.82; ast_tov=0.76,height_inches=-1.52; resid_three_share_height=-0.94; orb_pct=-0.67; blk_pct=-0.65; three_share=-0.47,drb_pct,-0.1232866935373228
role_residual_height_025,k6__division_zscore__role_residual_height_025__method-nnls__init-uniform__ninit-1,6,division_zscore,role_residual_height_025,nnls,uniform,0.3614062219411871,,16,mins_per_game|eFG|three_pct|ft_pct,4,202,0.0673333333333333,109,93,0.4342773851104638,tov_pct=3.89; blk_pct=0.29; stl_pct=0.01; resid_drb_pct_height=-0.32; resid_three_pct_shot_mix=-0.40,usg=-2.04; FTR=-1.88; resid_three_share_height=-1.45; three_pa_per_100_team_poss=-1.33; three_share=-1.24,drb_pct,-0.6881441149571365
role_residual_height_025,k6__division_zscore__role_residual_height_025__method-nnls__init-uniform__ninit-1,6,division_zscore,role_residual_height_025,nnls,uniform,0.3614062219411871,,16,mins_per_game|eFG|three_pct|ft_pct,5,699,0.233,373,326,0.4666287550621113,three_pa_per_100_team_poss=2.48; resid_three_share_height=2.32; three_share=2.07; usg=0.50; height_inches=0.49,tov_pct=-1.55; resid_orb_pct_height=-1.51; ast_tov=-1.45; ast_pct=-1.37; FTR=-1.29,drb_pct,-0.4916963147163332
role_residual_height_025,k6__division_zscore__role_residual_height_025__method-nnls__init-uniform__ninit-1,6,division_zscore,role_residual_height_025,nnls,uniform,0.3614062219411871,,16,mins_per_game|eFG|three_pct|ft_pct,6,607,0.2023333333333333,340,267,0.4753486052151414,blk_pct=3.01; drb_pct=2.72; orb_pct=2.66; resid_drb_pct_height=2.59; resid_orb_pct_height=2.49,three_share=-1.56; three_pa_per_100_team_poss=-1.45; ast_tov=-1.09; resid_three_share_height=-1.05; ast_pct=-0.81,drb_pct,2.723772465668173
role_residual_height_025,k7__division_zscore__role_residual_height_025__method-nnls__init-furthest_first__ninit-1,7,division_zscore,role_residual_height_025,nnls,furthest_first,0.3288383772877349,,16,mins_per_game|eFG|three_pct|ft_pct,1,305,0.1016666666666666,160,145,0.4493886514647095,ast_tov=3.61; three_share=2.18; resid_three_share_height=2.15; three_pa_per_100_team_poss=1.11; stl_pct=0.39,tov_pct=-2.10; usg=-1.78; FTR=-1.70; drb_pct=-1.24; orb_pct=-1.02,drb_pct,-1.2438793190993649
role_residual_height_025,k7__division_zscore__role_residual_height_025__method-nnls__init-furthest_first__ninit-1,7,division_zscore,role_residual_height_025,nnls,furthest_first,0.3288383772877349,,16,mins_per_game|eFG|three_pct|ft_pct,2,530,0.1766666666666666,301,229,0.4663893131361202,drb_pct=2.73; blk_pct=2.64; resid_drb_pct_height=2.63; height_inches=2.16; orb_pct=2.14,three_share=-1.43; three_pa_per_100_team_poss=-1.28; stl_pct=-1.11; ast_tov=-0.98; resid_three_share_height=-0.82,drb_pct,2.7259460178265953
role_residual_height_025,k7__division_zscore__role_residual_height_025__method-nnls__init-furthest_first__ninit-1,7,division_zscore,role_residual_height_025,nnls,furthest_first,0.3288383772877349,,16,mins_per_game|eFG|three_pct|ft_pct,3,195,0.065,103,92,0.4231394793794408,tov_pct=3.87; blk_pct=0.32; stl_pct=-0.04; resid_three_pct_shot_mix=-0.29; resid_drb_pct_height=-0.31,usg=-2.06; FTR=-1.86; resid_three_share_height=-1.42; three_pa_per_100_team_poss=-1.30; three_share=-1.17,drb_pct,-0.7341589322230062
role_residual_height_025,k7__division_zscore__role_residual_height_025__method-nnls__init-furthest_first__ninit-1,7,division_zscore,role_residual_height_025,nnls,furthest_first,0.3288383772877349,,16,mins_per_game|eFG|three_pct|ft_pct,4,251,0.0836666666666666,136,115,0.4570718812515644,FTR=3.54; height_inches=0.89; tov_pct=0.63; blk_pct=0.42; orb_pct=0.29,usg=-2.05; resid_drb_pct_height=-1.83; stl_pct=-1.56; three_share=-1.39; three_pa_per_100_team_poss=-1.38,drb_pct,-1.248175755357941
role_residual_height_025,k7__division_zscore__role_residual_height_025__method-nnls__init-furthest_first__ninit-1,7,division_zscore,role_residual_height_025,nnls,furthest_first,0.3288383772877349,,16,mins_per_game|eFG|three_pct|ft_pct,5,722,0.2406666666666666,390,332,0.4585019932877403,three_pa_per_100_team_poss=2.47; resid_three_share_height=2.31; three_share=2.10; usg=0.41; height_inches=0.35,tov_pct=-1.55; ast_tov=-1.45; FTR=-1.40; ast_pct=-1.39; resid_orb_pct_height=-1.38,drb_pct,-0.5747122451367483
role_residual_height_025,k7__division_zscore__role_residual_height_025__method-nnls__init-furthest_first__ninit-1,7,division_zscore,role_residual_height_025,nnls,furthest_first,0.3288383772877349,,16,mins_per_game|eFG|three_pct|ft_pct,6,812,0.2706666666666666,438,374,0.5056403990298297,ast_pct=2.87; usg=1.89; stl_pct=1.17; ast_tov=0.99; FTR=0.64,height_inches=-1.61; orb_pct=-0.88; resid_three_share_height=-0.79; blk_pct=-0.67; three_share=-0.33,drb_pct,-0.3069580922120412
role_residual_height_025,k7__division_zscore__role_residual_height_025__method-nnls__init-furthest_first__ninit-1,7,division_zscore,role_residual_height_025,nnls,furthest_first,0.3288383772877349,,16,mins_per_game|eFG|three_pct|ft_pct,7,185,0.0616666666666666,100,85,0.4014136376762342,stl_pct=3.24; resid_orb_pct_height=3.16; orb_pct=2.92; resid_drb_pct_height=1.41; drb_pct=1.35,resid_three_share_height=-1.77; three_share=-1.53; ast_tov=-1.46; three_pa_per_100_team_poss=-1.43; ast_pct=-1.27,drb_pct,1.347275122510761
role_residual_height_025,k8__division_zscore__role_residual_height_025__method-nnls__init-aa_plus_plus__ninit-1,8,division_zscore,role_residual_height_025,nnls,aa_plus_plus,0.3039979597431767,,16,mins_per_game|eFG|three_pct|ft_pct,1,243,0.081,131,112,0.398288912455824,resid_drb_pct_height=2.56; drb_pct=2.49; resid_three_share_height=1.61; height_inches=1.06; three_pa_per_100_team_poss=0.97,resid_orb_pct_height=-1.78; ast_tov=-0.71; orb_pct=-0.67; ast_pct=-0.26; stl_pct=-0.22,drb_pct,2.49002036509619
role_residual_height_025,k8__division_zscore__role_residual_height_025__method-nnls__init-aa_plus_plus__ninit-1,8,division_zscore,role_residual_height_025,nnls,aa_plus_plus,0.3039979597431767,,16,mins_per_game|eFG|three_pct|ft_pct,2,295,0.0983333333333333,158,137,0.4599621102965566,FTR=3.54; tov_pct=0.75; height_inches=0.45; orb_pct=0.16; blk_pct=-0.22,usg=-1.66; three_pa_per_100_team_poss=-1.36; resid_drb_pct_height=-1.28; three_share=-1.26; ast_pct=-1.21,drb_pct,-0.9121395187123664
role_residual_height_025,k8__division_zscore__role_residual_height_025__method-nnls__init-aa_plus_plus__ninit-1,8,division_zscore,role_residual_height_025,nnls,aa_plus_plus,0.3039979597431767,,16,mins_per_game|eFG|three_pct|ft_pct,3,537,0.179,285,252,0.4379180038970349,three_pa_per_100_team_poss=2.47; resid_three_share_height=2.22; three_share=2.18; usg=0.29; resid_three_pct_shot_mix=0.09,FTR=-1.74; tov_pct=-1.73; stl_pct=-1.63; ast_pct=-1.36; ast_tov=-1.30,drb_pct,-1.139671031718137
role_residual_height_025,k8__division_zscore__role_residual_height_025__method-nnls__init-aa_plus_plus__ninit-1,8,division_zscore,role_residual_height_025,nnls,aa_plus_plus,0.3039979597431767,,16,mins_per_game|eFG|three_pct|ft_pct,4,503,0.1676666666666666,278,225,0.4600777148688272,resid_orb_pct_height=3.18; orb_pct=2.92; drb_pct=2.17; resid_drb_pct_height=2.15; blk_pct=1.62,three_share=-1.53; resid_three_share_height=-1.48; three_pa_per_100_team_poss=-1.43; ast_tov=-0.96; ast_pct=-0.60,drb_pct,2.169364106825274
role_residual_height_025,k8__division_zscore__role_residual_height_025__method-nnls__init-aa_plus_plus__ninit-1,8,division_zscore,role_residual_height_025,nnls,aa_plus_plus,0.3039979597431767,,16,mins_per_game|eFG|three_pct|ft_pct,5,278,0.0926666666666666,153,125,0.4311668931739094,ast_tov=3.61; resid_three_share_height=2.25; three_share=2.22; three_pa_per_100_team_poss=1.23; stl_pct=0.69,tov_pct=-2.31; usg=-1.81; FTR=-1.73; drb_pct=-1.38; resid_drb_pct_height=-1.20,drb_pct,-1.3751523119920244
role_residual_height_025,k8__division_zscore__role_residual_height_025__method-nnls__init-aa_plus_plus__ninit-1,8,division_zscore,role_residual_height_025,nnls,aa_plus_plus,0.3039979597431767,,16,mins_per_game|eFG|three_pct|ft_pct,6,774,0.258,423,351,0.4992093939194048,ast_pct=2.73; usg=1.98; stl_pct=1.46; ast_tov=1.02; FTR=0.53,height_inches=-1.46; resid_three_share_height=-0.88; orb_pct=-0.83; blk_pct=-0.56; drb_pct=-0.51,drb_pct,-0.5130623467819466
role_residual_height_025,k8__division_zscore__role_residual_height_025__method-nnls__init-aa_plus_plus__ninit-1,8,division_zscore,role_residual_height_025,nnls,aa_plus_plus,0.3039979597431767,,16,mins_per_game|eFG|three_pct|ft_pct,7,197,0.0656666666666666,98,99,0.4209347235024275,tov_pct=3.83; resid_drb_pct_height=0.45; resid_orb_pct_height=0.08; stl_pct=0.07; ast_tov=-0.11,usg=-2.02; FTR=-1.81; three_pa_per_100_team_poss=-1.21; resid_three_share_height=-1.21; three_share=-0.95,drb_pct,-0.2149579319016964
role_residual_height_025,k8__division_zscore__role_residual_height_025__method-nnls__init-aa_plus_plus__ninit-1,8,division_zscore,role_residual_height_025,nnls,aa_plus_plus,0.3039979597431767,,16,mins_per_game|eFG|three_pct|ft_pct,8,173,0.0576666666666666,102,71,0.4347385314200787,blk_pct=4.01; height_inches=1.98; tov_pct=0.82; orb_pct=0.68; drb_pct=0.23,stl_pct=-1.61; three_share=-1.55; three_pa_per_100_team_poss=-1.45; ast_tov=-1.38; usg=-1.31,drb_pct,0.2303558480944115
quality_lite_residual_height_025,k6__division_zscore__quality_lite_residual_height_025__method-nnls__init-uniform__ninit-1,6,division_zscore,quality_lite_residual_height_025,nnls,uniform,0.3943301221227731,,19,mins_per_game,1,446,0.1486666666666666,234,212,0.4718340729331904,ast_tov=3.50; three_share=1.58; resid_three_share_height=1.43; three_pa_per_100_team_poss=1.01; three_pct=0.47,tov_pct=-1.55; height_inches=-1.46; drb_pct=-1.40; usg=-1.38; FTR=-1.37,stl_pct,0.383605190241355
quality_lite_residual_height_025,k6__division_zscore__quality_lite_residual_height_025__method-nnls__init-uniform__ninit-1,6,division_zscore,quality_lite_residual_height_025,nnls,uniform,0.3943301221227731,,19,mins_per_game,2,318,0.106,171,147,0.4879865237314554,FTR=3.50; tov_pct=0.69; height_inches=0.59; eFG=0.45; orb_pct=0.44,usg=-1.54; three_pct=-1.40; three_share=-1.38; three_pa_per_100_team_poss=-1.36; resid_drb_pct_height=-1.34,stl_pct,-0.8722191899587683
quality_lite_residual_height_025,k6__division_zscore__quality_lite_residual_height_025__method-nnls__init-uniform__ninit-1,6,division_zscore,quality_lite_residual_height_025,nnls,uniform,0.3943301221227731,,19,mins_per_game,3,773,0.2576666666666666,423,350,0.5055253658617865,ast_pct=2.59; usg=2.09; stl_pct=1.74; resid_drb_pct_height=0.96; ft_pct=0.84,height_inches=-1.50; resid_three_share_height=-0.90; orb_pct=-0.68; blk_pct=-0.65; three_share=-0.43,stl_pct,1.7443876183757496
quality_lite_residual_height_025,k6__division_zscore__quality_lite_residual_height_025__method-nnls__init-uniform__ninit-1,6,division_zscore,quality_lite_residual_height_025,nnls,uniform,0.3943301221227731,,19,mins_per_game,4,150,0.05,78,72,0.4339951567489775,tov_pct=3.80; blk_pct=0.17; stl_pct=0.15; height_inches=-0.34; resid_drb_pct_height=-0.57,ft_pct=-3.47; eFG=-2.72; three_pct=-1.99; usg=-1.96; FTR=-1.75,stl_pct,0.1452590402108408
quality_lite_residual_height_025,k6__division_zscore__quality_lite_residual_height_025__method-nnls__init-uniform__ninit-1,6,division_zscore,quality_lite_residual_height_025,nnls,uniform,0.3943301221227731,,19,mins_per_game,5,761,0.2536666666666666,414,347,0.461036528191439,three_pa_per_100_team_poss=2.48; resid_three_share_height=2.38; three_share=1.91; height_inches=0.94; ft_pct=0.91,resid_orb_pct_height=-1.62; tov_pct=-1.52; ast_tov=-1.45; ast_pct=-1.39; stl_pct=-1.06,stl_pct,-1.0596748755666032
quality_lite_residual_height_025,k6__division_zscore__quality_lite_residual_height_025__method-nnls__init-uniform__ninit-1,6,division_zscore,quality_lite_residual_height_025,nnls,uniform,0.3943301221227731,,19,mins_per_game,6,552,0.184,308,244,0.4768258023438629,blk_pct=3.05; drb_pct=2.72; orb_pct=2.70; resid_drb_pct_height=2.61; resid_orb_pct_height=2.59,three_pct=-1.88; three_share=-1.55; three_pa_per_100_team_poss=-1.44; resid_three_share_height=-1.06; ast_tov=-1.02,stl_pct,-0.665199028243921
quality_lite_residual_height_025,k7__division_zscore__quality_lite_residual_height_025__method-nnls__init-aa_plus_plus__ninit-1,7,division_zscore,quality_lite_residual_height_025,nnls,aa_plus_plus,0.366285016296777,,19,mins_per_game,1,731,0.2436666666666666,408,323,0.5093574926750019,ast_pct=2.74; usg=1.99; stl_pct=1.59; ft_pct=0.88; ast_tov=0.68,height_inches=-1.60; orb_pct=-0.91; resid_three_share_height=-0.70; blk_pct=-0.56; drb_pct=-0.33,stl_pct,1.5940161385715887
quality_lite_residual_height_025,k7__division_zscore__quality_lite_residual_height_025__method-nnls__init-aa_plus_plus__ninit-1,7,division_zscore,quality_lite_residual_height_025,nnls,aa_plus_plus,0.366285016296777,,19,mins_per_game,2,730,0.2433333333333333,398,332,0.4555683778150854,three_pa_per_100_team_poss=2.49; resid_three_share_height=2.34; three_share=1.91; ft_pct=0.87; height_inches=0.87,resid_orb_pct_height=-1.64; tov_pct=-1.53; ast_tov=-1.52; ast_pct=-1.39; resid_drb_pct_height=-0.99,stl_pct,-0.992858214999623
quality_lite_residual_height_025,k7__division_zscore__quality_lite_residual_height_025__method-nnls__init-aa_plus_plus__ninit-1,7,division_zscore,quality_lite_residual_height_025,nnls,aa_plus_plus,0.366285016296777,,19,mins_per_game,3,205,0.0683333333333333,110,95,0.4730010463555472,FTR=3.53; tov_pct=0.95; height_inches=0.30; blk_pct=0.04; orb_pct=-0.05,three_pct=-1.67; usg=-1.59; resid_drb_pct_height=-1.56; drb_pct=-1.34; three_pa_per_100_team_poss=-1.33,stl_pct,-0.9564851642220398
quality_lite_residual_height_025,k7__division_zscore__quality_lite_residual_height_025__method-nnls__init-aa_plus_plus__ninit-1,7,division_zscore,quality_lite_residual_height_025,nnls,aa_plus_plus,0.366285016296777,,19,mins_per_game,4,471,0.157,247,224,0.4506954290952387,resid_orb_pct_height=2.93; orb_pct=2.77; resid_drb_pct_height=2.65; drb_pct=2.57; FTR=1.40,three_share=-1.35; resid_three_share_height=-1.26; three_pa_per_100_team_poss=-1.23; ast_tov=-0.90; tov_pct=-0.62,stl_pct,-0.0984890346430624
quality_lite_residual_height_025,k7__division_zscore__quality_lite_residual_height_025__method-nnls__init-aa_plus_plus__ninit-1,7,division_zscore,quality_lite_residual_height_025,nnls,aa_plus_plus,0.366285016296777,,19,mins_per_game,5,265,0.0883333333333333,156,109,0.4819456209533383,blk_pct=3.96; height_inches=2.00; eFG=1.82; orb_pct=1.33; drb_pct=1.02,three_pct=-1.98; three_share=-1.56; three_pa_per_100_team_poss=-1.46; ast_tov=-0.99; stl_pct=-0.98,stl_pct,-0.9827717536104962
quality_lite_residual_height_025,k7__division_zscore__quality_lite_residual_height_025__method-nnls__init-aa_plus_plus__ninit-1,7,division_zscore,quality_lite_residual_height_025,nnls,aa_plus_plus,0.366285016296777,,19,mins_per_game,6,414,0.138,222,192,0.4665533421295215,ast_tov=3.48; three_share=1.72; resid_three_share_height=1.66; three_pa_per_100_team_poss=1.06; three_pct=0.66,tov_pct=-1.69; usg=-1.44; FTR=-1.26; drb_pct=-1.22; height_inches=-1.17,stl_pct,0.3427343338691191
quality_lite_residual_height_025,k7__division_zscore__quality_lite_residual_height_025__method-nnls__init-aa_plus_plus__ninit-1,7,division_zscore,quality_lite_residual_height_025,nnls,aa_plus_plus,0.366285016296777,,19,mins_per_game,7,184,0.0613333333333333,87,97,0.4189364894369921,tov_pct=3.68; stl_pct=0.35; resid_drb_pct_height=0.12; resid_orb_pct_height=0.07; ast_tov=-0.32,ft_pct=-3.25; eFG=-2.94; usg=-1.98; three_pct=-1.87; FTR=-1.74,stl_pct,0.3527275368217119
quality_lite_residual_height_025,k8__division_zscore__quality_lite_residual_height_025__method-nnls__init-aa_plus_plus__ninit-1,8,division_zscore,quality_lite_residual_height_025,nnls,aa_plus_plus,0.3498785561307565,,19,mins_per_game,1,529,0.1763333333333333,307,222,0.4419119229795171,ast_pct=3.03; usg=1.93; ast_tov=1.76; ft_pct=1.06; three_pct=0.61,height_inches=-1.78; orb_pct=-0.93; drb_pct=-0.69; resid_three_share_height=-0.67; FTR=-0.60,stl_pct,-0.4116250298888058
quality_lite_residual_height_025,k8__division_zscore__quality_lite_residual_height_025__method-nnls__init-aa_plus_plus__ninit-1,8,division_zscore,quality_lite_residual_height_025,nnls,aa_plus_plus,0.3498785561307565,,19,mins_per_game,2,752,0.2506666666666666,405,347,0.4366160202801528,three_pa_per_100_team_poss=2.47; resid_three_share_height=2.41; three_share=1.89; three_pct=0.93; ft_pct=0.92,resid_orb_pct_height=-1.87; ast_tov=-1.42; ast_pct=-1.41; tov_pct=-1.18; resid_drb_pct_height=-1.06,stl_pct,-0.949197677587263
quality_lite_residual_height_025,k8__division_zscore__quality_lite_residual_height_025__method-nnls__init-aa_plus_plus__ninit-1,8,division_zscore,quality_lite_residual_height_025,nnls,aa_plus_plus,0.3498785561307565,,19,mins_per_game,3,312,0.104,166,146,0.43774446051854,ast_tov=3.61; three_share=2.22; resid_three_share_height=2.14; three_pa_per_100_team_poss=1.57; stl_pct=0.55,tov_pct=-1.87; FTR=-1.57; drb_pct=-1.49; usg=-1.42; height_inches=-1.38,stl_pct,0.5535635627583398
quality_lite_residual_height_025,k8__division_zscore__quality_lite_residual_height_025__method-nnls__init-aa_plus_plus__ninit-1,8,division_zscore,quality_lite_residual_height_025,nnls,aa_plus_plus,0.3498785561307565,,19,mins_per_game,4,588,0.196,330,258,0.4668806464987574,blk_pct=2.90; drb_pct=2.68; resid_drb_pct_height=2.59; orb_pct=2.45; resid_orb_pct_height=2.16,three_pct=-1.59; three_share=-1.54; three_pa_per_100_team_poss=-1.41; resid_three_share_height=-0.94; ast_tov=-0.94,stl_pct,-0.4560998339984825
quality_lite_residual_height_025,k8__division_zscore__quality_lite_residual_height_025__method-nnls__init-aa_plus_plus__ninit-1,8,division_zscore,quality_lite_residual_height_025,nnls,aa_plus_plus,0.3498785561307565,,19,mins_per_game,5,354,0.118,173,181,0.4255553392807613,stl_pct=3.42; FTR=2.12; ast_pct=1.57; tov_pct=1.11; resid_drb_pct_height=1.00,resid_three_share_height=-1.08; height_inches=-1.06; orb_pct=-0.63; three_share=-0.59; three_pa_per_100_team_poss=-0.59,stl_pct,3.415280458558712
quality_lite_residual_height_025,k8__division_zscore__quality_lite_residual_height_025__method-nnls__init-aa_plus_plus__ninit-1,8,division_zscore,quality_lite_residual_height_025,nnls,aa_plus_plus,0.3498785561307565,,19,mins_per_game,6,81,0.027,45,36,0.357951212640229,resid_orb_pct_height=3.19; orb_pct=2.93; height_inches=1.08; usg=0.60; resid_three_share_height=0.40,resid_three_pct_shot_mix=-2.80; eFG=-2.26; stl_pct=-2.07; resid_drb_pct_height=-2.05; three_pct=-1.93,stl_pct,-2.069540786051267
quality_lite_residual_height_025,k8__division_zscore__quality_lite_residual_height_025__method-nnls__init-aa_plus_plus__ninit-1,8,division_zscore,quality_lite_residual_height_025,nnls,aa_plus_plus,0.3498785561307565,,19,mins_per_game,7,210,0.07,117,93,0.4562841093401617,FTR=3.52; eFG=1.08; height_inches=0.95; tov_pct=0.51; orb_pct=0.47,usg=-1.99; stl_pct=-1.76; resid_drb_pct_height=-1.74; three_pct=-1.59; three_pa_per_100_team_poss=-1.34,stl_pct,-1.7637523242043989
quality_lite_residual_height_025,k8__division_zscore__quality_lite_residual_height_025__method-nnls__init-aa_plus_plus__ninit-1,8,division_zscore,quality_lite_residual_height_025,nnls,aa_plus_plus,0.3498785561307565,,19,mins_per_game,8,174,0.058,85,89,0.4032529874953709,tov_pct=3.87; blk_pct=0.50; stl_pct=-0.03; height_inches=-0.43; resid_three_pct_shot_mix=-0.49,ft_pct=-3.65; eFG=-2.39; usg=-1.95; FTR=-1.86; three_pct=-1.71,stl_pct,-0.0338114362142694
role_residual_context_only_height_025,k6__division_zscore__role_residual_context_only_height_025__method-nnls__init-furthest_sum__ninit-1,6,division_zscore,role_residual_context_only_height_025,nnls,furthest_sum,0.3368763307950451,,13,mins_per_game|eFG|three_share|orb_pct|drb_pct|three_pct|ft_pct,1,399,0.133,214,185,0.491566233306474,blk_pct=3.72; height_inches=1.81; resid_orb_pct_height=1.61; resid_drb_pct_height=1.58; usg=0.59,three_pa_per_100_team_poss=-1.40; resid_three_share_height=-1.12; ast_tov=-1.08; ast_pct=-0.76; stl_pct=-0.68,stl_pct,-0.6828170269536805
role_residual_context_only_height_025,k6__division_zscore__role_residual_context_only_height_025__method-nnls__init-furthest_sum__ninit-1,6,division_zscore,role_residual_context_only_height_025,nnls,furthest_sum,0.3368763307950451,,13,mins_per_game|eFG|three_share|orb_pct|drb_pct|three_pct|ft_pct,2,256,0.0853333333333333,134,122,0.4312523759271313,tov_pct=3.94; stl_pct=0.18; resid_drb_pct_height=-0.06; blk_pct=-0.17; resid_three_pct_shot_mix=-0.38,usg=-2.09; FTR=-1.85; resid_three_share_height=-1.65; three_pa_per_100_team_poss=-1.42; ast_pct=-0.80,stl_pct,0.1843571593185357
role_residual_context_only_height_025,k6__division_zscore__role_residual_context_only_height_025__method-nnls__init-furthest_sum__ninit-1,6,division_zscore,role_residual_context_only_height_025,nnls,furthest_sum,0.3368763307950451,,13,mins_per_game|eFG|three_share|orb_pct|drb_pct|three_pct|ft_pct,3,447,0.149,247,200,0.4804909346980892,FTR=3.56; height_inches=0.93; resid_orb_pct_height=0.69; tov_pct=-0.01; resid_three_pct_shot_mix=-0.17,three_pa_per_100_team_poss=-1.44; ast_pct=-1.20; usg=-1.16; resid_three_share_height=-1.11; ast_tov=-0.87,stl_pct,-0.4644877086768251
role_residual_context_only_height_025,k6__division_zscore__role_residual_context_only_height_025__method-nnls__init-furthest_sum__ninit-1,6,division_zscore,role_residual_context_only_height_025,nnls,furthest_sum,0.3368763307950451,,13,mins_per_game|eFG|three_share|orb_pct|drb_pct|three_pct|ft_pct,4,770,0.2566666666666666,414,356,0.4768149356626522,three_pa_per_100_team_poss=2.49; resid_three_share_height=2.28; usg=0.58; height_inches=0.46; resid_three_pct_shot_mix=-0.04,tov_pct=-1.61; ast_tov=-1.48; ast_pct=-1.36; FTR=-1.34; resid_orb_pct_height=-1.26,stl_pct,-1.1030431995983585
role_residual_context_only_height_025,k6__division_zscore__role_residual_context_only_height_025__method-nnls__init-furthest_sum__ninit-1,6,division_zscore,role_residual_context_only_height_025,nnls,furthest_sum,0.3368763307950451,,13,mins_per_game|eFG|three_share|orb_pct|drb_pct|three_pct|ft_pct,5,336,0.112,180,156,0.4707344944722498,ast_tov=3.55; resid_three_share_height=1.48; three_pa_per_100_team_poss=0.72; stl_pct=0.12; ast_pct=0.06,tov_pct=-1.98; usg=-1.68; FTR=-1.40; resid_drb_pct_height=-0.77; height_inches=-0.65,stl_pct,0.1182384953265016
role_residual_context_only_height_025,k6__division_zscore__role_residual_context_only_height_025__method-nnls__init-furthest_sum__ninit-1,6,division_zscore,role_residual_context_only_height_025,nnls,furthest_sum,0.3368763307950451,,13,mins_per_game|eFG|three_share|orb_pct|drb_pct|three_pct|ft_pct,6,792,0.264,439,353,0.5086092677725567,ast_pct=2.67; usg=2.02; stl_pct=1.76; resid_drb_pct_height=1.03; ast_tov=0.64,height_inches=-1.50; resid_three_share_height=-0.88; blk_pct=-0.56; three_pa_per_100_team_poss=0.02; resid_three_pct_shot_mix=0.11,stl_pct,1.7631766791859873
role_residual_context_only_height_025,k7__division_zscore__role_residual_context_only_height_025__method-nnls__init-uniform__ninit-1,7,division_zscore,role_residual_context_only_height_025,nnls,uniform,0.3029113353306103,,13,mins_per_game|eFG|three_share|orb_pct|drb_pct|three_pct|ft_pct,1,360,0.12,192,168,0.4584837224076431,FTR=3.53; height_inches=0.92; tov_pct=0.26; resid_orb_pct_height=0.21; resid_three_pct_shot_mix=0.07,usg=-1.67; stl_pct=-1.47; three_pa_per_100_team_poss=-1.36; ast_pct=-1.22; resid_drb_pct_height=-0.97,stl_pct,-1.471071809833003
role_residual_context_only_height_025,k7__division_zscore__role_residual_context_only_height_025__method-nnls__init-uniform__ninit-1,7,division_zscore,role_residual_context_only_height_025,nnls,uniform,0.3029113353306103,,13,mins_per_game|eFG|three_share|orb_pct|drb_pct|three_pct|ft_pct,2,775,0.2583333333333333,419,356,0.4636316211350982,three_pa_per_100_team_poss=2.49; resid_three_share_height=2.22; usg=0.75; height_inches=0.35; resid_three_pct_shot_mix=-0.05,tov_pct=-1.55; ast_tov=-1.48; ast_pct=-1.31; FTR=-1.24; resid_orb_pct_height=-1.19,stl_pct,-1.1600162481810528
role_residual_context_only_height_025,k7__division_zscore__role_residual_context_only_height_025__method-nnls__init-uniform__ninit-1,7,division_zscore,role_residual_context_only_height_025,nnls,uniform,0.3029113353306103,,13,mins_per_game|eFG|three_share|orb_pct|drb_pct|three_pct|ft_pct,3,374,0.1246666666666666,212,162,0.4795775838729453,blk_pct=3.85; height_inches=2.10; resid_drb_pct_height=1.07; resid_orb_pct_height=0.58; usg=0.30,three_pa_per_100_team_poss=-1.42; stl_pct=-1.32; resid_three_share_height=-1.19; ast_tov=-0.96; ast_pct=-0.49,stl_pct,-1.323735004502017
role_residual_context_only_height_025,k7__division_zscore__role_residual_context_only_height_025__method-nnls__init-uniform__ninit-1,7,division_zscore,role_residual_context_only_height_025,nnls,uniform,0.3029113353306103,,13,mins_per_game|eFG|three_share|orb_pct|drb_pct|three_pct|ft_pct,4,272,0.0906666666666666,150,122,0.4404852800545149,ast_tov=3.61; resid_three_share_height=2.19; three_pa_per_100_team_poss=1.11; stl_pct=0.64; resid_three_pct_shot_mix=-0.16,tov_pct=-2.23; usg=-1.84; FTR=-1.80; resid_drb_pct_height=-1.15; blk_pct=-0.87,stl_pct,0.6421237211601235
role_residual_context_only_height_025,k7__division_zscore__role_residual_context_only_height_025__method-nnls__init-uniform__ninit-1,7,division_zscore,role_residual_context_only_height_025,nnls,uniform,0.3029113353306103,,13,mins_per_game|eFG|three_share|orb_pct|drb_pct|three_pct|ft_pct,5,223,0.0743333333333333,116,107,0.3941958095119705,stl_pct=3.24; resid_orb_pct_height=2.99; resid_drb_pct_height=1.33; usg=0.46; blk_pct=0.39,resid_three_share_height=-1.83; ast_tov=-1.44; three_pa_per_100_team_poss=-1.35; ast_pct=-1.11; resid_three_pct_shot_mix=-0.57,stl_pct,3.2443099422462796
role_residual_context_only_height_025,k7__division_zscore__role_residual_context_only_height_025__method-nnls__init-uniform__ninit-1,7,division_zscore,role_residual_context_only_height_025,nnls,uniform,0.3029113353306103,,13,mins_per_game|eFG|three_share|orb_pct|drb_pct|three_pct|ft_pct,6,245,0.0816666666666666,130,115,0.4291862487342904,tov_pct=3.87; resid_drb_pct_height=0.09; stl_pct=0.06; resid_three_pct_shot_mix=-0.27; blk_pct=-0.29,usg=-2.05; FTR=-1.83; resid_three_share_height=-1.36; three_pa_per_100_team_poss=-1.28; height_inches=-0.75,stl_pct,0.0570383346938422
role_residual_context_only_height_025,k7__division_zscore__role_residual_context_only_height_025__method-nnls__init-uniform__ninit-1,7,division_zscore,role_residual_context_only_height_025,nnls,uniform,0.3029113353306103,,13,mins_per_game|eFG|three_share|orb_pct|drb_pct|three_pct|ft_pct,7,751,0.2503333333333333,409,342,0.498680788830028,ast_pct=2.97; usg=1.95; ast_tov=1.28; stl_pct=0.91; resid_drb_pct_height=0.80,height_inches=-1.49; resid_three_share_height=-0.79; blk_pct=-0.55; tov_pct=-0.02; resid_orb_pct_height=-0.00,stl_pct,0.905624325227088
role_residual_context_only_height_025,k8__division_zscore__role_residual_context_only_height_025__method-nnls__init-uniform__ninit-1,8,division_zscore,role_residual_context_only_height_025,nnls,uniform,0.2749070877774018,,13,mins_per_game|eFG|three_share|orb_pct|drb_pct|three_pct|ft_pct,1,369,0.123,192,177,0.4455068245039268,FTR=3.56; height_inches=0.61; tov_pct=0.49; resid_orb_pct_height=0.19; resid_three_pct_shot_mix=-0.06,usg=-1.76; three_pa_per_100_team_poss=-1.40; ast_pct=-1.24; resid_three_share_height=-1.23; resid_drb_pct_height=-0.84,stl_pct,-0.7758318459837008
role_residual_context_only_height_025,k8__division_zscore__role_residual_context_only_height_025__method-nnls__init-uniform__ninit-1,8,division_zscore,role_residual_context_only_height_025,nnls,uniform,0.2749070877774018,,13,mins_per_game|eFG|three_share|orb_pct|drb_pct|three_pct|ft_pct,2,826,0.2753333333333333,443,383,0.4518674160266331,three_pa_per_100_team_poss=2.48; resid_three_share_height=2.28; usg=0.63; height_inches=0.30; resid_three_pct_shot_mix=0.14,tov_pct=-1.52; stl_pct=-1.42; ast_tov=-1.34; FTR=-1.26; ast_pct=-1.25,stl_pct,-1.4208407859162169
role_residual_context_only_height_025,k8__division_zscore__role_residual_context_only_height_025__method-nnls__init-uniform__ninit-1,8,division_zscore,role_residual_context_only_height_025,nnls,uniform,0.2749070877774018,,13,mins_per_game|eFG|three_share|orb_pct|drb_pct|three_pct|ft_pct,3,411,0.137,217,194,0.4364216184893016,stl_pct=3.46; usg=1.79; ast_pct=1.61; resid_drb_pct_height=0.57; FTR=0.56,height_inches=-1.31; resid_three_share_height=-0.79; blk_pct=-0.46; resid_three_pct_shot_mix=-0.42; ast_tov=-0.14,stl_pct,3.4641115852724367
role_residual_context_only_height_025,k8__division_zscore__role_residual_context_only_height_025__method-nnls__init-uniform__ninit-1,8,division_zscore,role_residual_context_only_height_025,nnls,uniform,0.2749070877774018,,13,mins_per_game|eFG|three_share|orb_pct|drb_pct|three_pct|ft_pct,4,200,0.0666666666666666,122,78,0.4515182295428119,blk_pct=4.04; height_inches=1.95; tov_pct=0.70; FTR=0.18; resid_three_pct_shot_mix=-0.65,usg=-1.71; ast_pct=-1.37; three_pa_per_100_team_poss=-1.37; ast_tov=-1.18; resid_drb_pct_height=-1.10,stl_pct,-0.9005798596587202
role_residual_context_only_height_025,k8__division_zscore__role_residual_context_only_height_025__method-nnls__init-uniform__ninit-1,8,division_zscore,role_residual_context_only_height_025,nnls,uniform,0.2749070877774018,,13,mins_per_game|eFG|three_share|orb_pct|drb_pct|three_pct|ft_pct,5,239,0.0796666666666666,116,123,0.3974143304854777,tov_pct=3.94; resid_drb_pct_height=0.44; stl_pct=0.30; resid_orb_pct_height=0.25; ast_tov=-0.16,usg=-2.13; FTR=-1.95; resid_three_share_height=-1.84; three_pa_per_100_team_poss=-1.47; ast_pct=-0.97,stl_pct,0.3041568716033561
role_residual_context_only_height_025,k8__division_zscore__role_residual_context_only_height_025__method-nnls__init-uniform__ninit-1,8,division_zscore,role_residual_context_only_height_025,nnls,uniform,0.2749070877774018,,13,mins_per_game|eFG|three_share|orb_pct|drb_pct|three_pct|ft_pct,6,254,0.0846666666666666,139,115,0.4234989536962169,ast_tov=3.58; resid_three_share_height=2.18; three_pa_per_100_team_poss=1.17; stl_pct=0.80; resid_three_pct_shot_mix=-0.02,tov_pct=-2.33; usg=-1.84; FTR=-1.80; resid_drb_pct_height=-1.22; blk_pct=-0.83,stl_pct,0.8038333342928613
role_residual_context_only_height_025,k8__division_zscore__role_residual_context_only_height_025__method-nnls__init-uniform__ninit-1,8,division_zscore,role_residual_context_only_height_025,nnls,uniform,0.2749070877774018,,13,mins_per_game|eFG|three_share|orb_pct|drb_pct|three_pct|ft_pct,7,400,0.1333333333333333,231,169,0.4460526475604965,ast_pct=3.00; ast_tov=2.25; usg=1.24; three_pa_per_100_team_poss=0.39; resid_three_pct_shot_mix=0.38,height_inches=-1.59; blk_pct=-0.55; stl_pct=-0.50; resid_three_share_height=-0.28; resid_orb_pct_height=-0.26,stl_pct,-0.5023595027841383
role_residual_context_only_height_025,k8__division_zscore__role_residual_context_only_height_025__method-nnls__init-uniform__ninit-1,8,division_zscore,role_residual_context_only_height_025,nnls,uniform,0.2749070877774018,,13,mins_per_game|eFG|three_share|orb_pct|drb_pct|three_pct|ft_pct,8,301,0.1003333333333333,168,133,0.3918733651915209,resid_orb_pct_height=3.19; resid_drb_pct_height=2.92; usg=2.45; blk_pct=2.39; height_inches=2.27,resid_three_share_height=-1.73; stl_pct=-1.49; three_pa_per_100_team_poss=-1.45; ast_tov=-0.74; tov_pct=-0.64,stl_pct,-1.4919483142711258
role_residual_height_025,k6__division_zscore__role_residual_height_025__method-nnls__init-uniform__ninit-1,6,division_zscore,role_residual_height_025,nnls,uniform,0.3614062219411871,,16,mins_per_game|eFG|three_pct|ft_pct,1,346,0.1153333333333333,187,159,0.4563014892775585,ast_tov=3.59; three_share=2.09; resid_three_share_height=2.03; three_pa_per_100_team_poss=1.16; stl_pct=0.41,tov_pct=-1.95; usg=-1.67; FTR=-1.62; drb_pct=-1.31; orb_pct=-1.00,stl_pct,0.413215113517602
role_residual_height_025,k6__division_zscore__role_residual_height_025__method-nnls__init-uniform__ninit-1,6,division_zscore,role_residual_height_025,nnls,uniform,0.3614062219411871,,16,mins_per_game|eFG|three_pct|ft_pct,2,325,0.1083333333333333,172,153,0.4763525499436981,FTR=3.50; height_inches=0.63; orb_pct=0.34; tov_pct=0.31; blk_pct=-0.07,resid_drb_pct_height=-1.53; usg=-1.52; three_pa_per_100_team_poss=-1.35; three_share=-1.33; ast_pct=-1.28,stl_pct,-0.833814558273503
role_residual_height_025,k6__division_zscore__role_residual_height_025__method-nnls__init-uniform__ninit-1,6,division_zscore,role_residual_height_025,nnls,uniform,0.3614062219411871,,16,mins_per_game|eFG|three_pct|ft_pct,3,821,0.2736666666666666,447,374,0.5104963785444115,ast_pct=2.72; usg=1.90; stl_pct=1.70; resid_drb_pct_height=0.82; ast_tov=0.76,height_inches=-1.52; resid_three_share_height=-0.94; orb_pct=-0.67; blk_pct=-0.65; three_share=-0.47,stl_pct,1.6999202285675483
role_residual_height_025,k6__division_zscore__role_residual_height_025__method-nnls__init-uniform__ninit-1,6,division_zscore,role_residual_height_025,nnls,uniform,0.3614062219411871,,16,mins_per_game|eFG|three_pct|ft_pct,4,202,0.0673333333333333,109,93,0.4342773851104638,tov_pct=3.89; blk_pct=0.29; stl_pct=0.01; resid_drb_pct_height=-0.32; resid_three_pct_shot_mix=-0.40,usg=-2.04; FTR=-1.88; resid_three_share_height=-1.45; three_pa_per_100_team_poss=-1.33; three_share=-1.24,stl_pct,0.0061082966661221
role_residual_height_025,k6__division_zscore__role_residual_height_025__method-nnls__init-uniform__ninit-1,6,division_zscore,role_residual_height_025,nnls,uniform,0.3614062219411871,,16,mins_per_game|eFG|three_pct|ft_pct,5,699,0.233,373,326,0.4666287550621113,three_pa_per_100_team_poss=2.48; resid_three_share_height=2.32; three_share=2.07; usg=0.50; height_inches=0.49,tov_pct=-1.55; resid_orb_pct_height=-1.51; ast_tov=-1.45; ast_pct=-1.37; FTR=-1.29,stl_pct,-1.0764030809750151
role_residual_height_025,k6__division_zscore__role_residual_height_025__method-nnls__init-uniform__ninit-1,6,division_zscore,role_residual_height_025,nnls,uniform,0.3614062219411871,,16,mins_per_game|eFG|three_pct|ft_pct,6,607,0.2023333333333333,340,267,0.4753486052151414,blk_pct=3.01; drb_pct=2.72; orb_pct=2.66; resid_drb_pct_height=2.59; resid_orb_pct_height=2.49,three_share=-1.56; three_pa_per_100_team_poss=-1.45; ast_tov=-1.09; resid_three_share_height=-1.05; ast_pct=-0.81,stl_pct,-0.765175648113351
role_residual_height_025,k7__division_zscore__role_residual_height_025__method-nnls__init-furthest_first__ninit-1,7,division_zscore,role_residual_height_025,nnls,furthest_first,0.3288383772877349,,16,mins_per_game|eFG|three_pct|ft_pct,1,305,0.1016666666666666,160,145,0.4493886514647095,ast_tov=3.61; three_share=2.18; resid_three_share_height=2.15; three_pa_per_100_team_poss=1.11; stl_pct=0.39,tov_pct=-2.10; usg=-1.78; FTR=-1.70; drb_pct=-1.24; orb_pct=-1.02,stl_pct,0.386415159187464
role_residual_height_025,k7__division_zscore__role_residual_height_025__method-nnls__init-furthest_first__ninit-1,7,division_zscore,role_residual_height_025,nnls,furthest_first,0.3288383772877349,,16,mins_per_game|eFG|three_pct|ft_pct,2,530,0.1766666666666666,301,229,0.4663893131361202,drb_pct=2.73; blk_pct=2.64; resid_drb_pct_height=2.63; height_inches=2.16; orb_pct=2.14,three_share=-1.43; three_pa_per_100_team_poss=-1.28; stl_pct=-1.11; ast_tov=-0.98; resid_three_share_height=-0.82,stl_pct,-1.1060995569950298
role_residual_height_025,k7__division_zscore__role_residual_height_025__method-nnls__init-furthest_first__ninit-1,7,division_zscore,role_residual_height_025,nnls,furthest_first,0.3288383772877349,,16,mins_per_game|eFG|three_pct|ft_pct,3,195,0.065,103,92,0.4231394793794408,tov_pct=3.87; blk_pct=0.32; stl_pct=-0.04; resid_three_pct_shot_mix=-0.29; resid_drb_pct_height=-0.31,usg=-2.06; FTR=-1.86; resid_three_share_height=-1.42; three_pa_per_100_team_poss=-1.30; three_share=-1.17,stl_pct,-0.0444372923768157
role_residual_height_025,k7__division_zscore__role_residual_height_025__method-nnls__init-furthest_first__ninit-1,7,division_zscore,role_residual_height_025,nnls,furthest_first,0.3288383772877349,,16,mins_per_game|eFG|three_pct|ft_pct,4,251,0.0836666666666666,136,115,0.4570718812515644,FTR=3.54; height_inches=0.89; tov_pct=0.63; blk_pct=0.42; orb_pct=0.29,usg=-2.05; resid_drb_pct_height=-1.83; stl_pct=-1.56; three_share=-1.39; three_pa_per_100_team_poss=-1.38,stl_pct,-1.555643847628055
role_residual_height_025,k7__division_zscore__role_residual_height_025__method-nnls__init-furthest_first__ninit-1,7,division_zscore,role_residual_height_025,nnls,furthest_first,0.3288383772877349,,16,mins_per_game|eFG|three_pct|ft_pct,5,722,0.2406666666666666,390,332,0.4585019932877403,three_pa_per_100_team_poss=2.47; resid_three_share_height=2.31; three_share=2.10; usg=0.41; height_inches=0.35,tov_pct=-1.55; ast_tov=-1.45; FTR=-1.40; ast_pct=-1.39; resid_orb_pct_height=-1.38,stl_pct,-1.1050982454141547
role_residual_height_025,k7__division_zscore__role_residual_height_025__method-nnls__init-furthest_first__ninit-1,7,division_zscore,role_residual_height_025,nnls,furthest_first,0.3288383772877349,,16,mins_per_game|eFG|three_pct|ft_pct,6,812,0.2706666666666666,438,374,0.5056403990298297,ast_pct=2.87; usg=1.89; stl_pct=1.17; ast_tov=0.99; FTR=0.64,height_inches=-1.61; orb_pct=-0.88; resid_three_share_height=-0.79; blk_pct=-0.67; three_share=-0.33,stl_pct,1.1731082398888957
role_residual_height_025,k7__division_zscore__role_residual_height_025__method-nnls__init-furthest_first__ninit-1,7,division_zscore,role_residual_height_025,nnls,furthest_first,0.3288383772877349,,16,mins_per_game|eFG|three_pct|ft_pct,7,185,0.0616666666666666,100,85,0.4014136376762342,stl_pct=3.24; resid_orb_pct_height=3.16; orb_pct=2.92; resid_drb_pct_height=1.41; drb_pct=1.35,resid_three_share_height=-1.77; three_share=-1.53; ast_tov=-1.46; three_pa_per_100_team_poss=-1.43; ast_pct=-1.27,stl_pct,3.238612920708797
role_residual_height_025,k8__division_zscore__role_residual_height_025__method-nnls__init-aa_plus_plus__ninit-1,8,division_zscore,role_residual_height_025,nnls,aa_plus_plus,0.3039979597431767,,16,mins_per_game|eFG|three_pct|ft_pct,1,243,0.081,131,112,0.398288912455824,resid_drb_pct_height=2.56; drb_pct=2.49; resid_three_share_height=1.61; height_inches=1.06; three_pa_per_100_team_poss=0.97,resid_orb_pct_height=-1.78; ast_tov=-0.71; orb_pct=-0.67; ast_pct=-0.26; stl_pct=-0.22,stl_pct,-0.2216665983123105
role_residual_height_025,k8__division_zscore__role_residual_height_025__method-nnls__init-aa_plus_plus__ninit-1,8,division_zscore,role_residual_height_025,nnls,aa_plus_plus,0.3039979597431767,,16,mins_per_game|eFG|three_pct|ft_pct,2,295,0.0983333333333333,158,137,0.4599621102965566,FTR=3.54; tov_pct=0.75; height_inches=0.45; orb_pct=0.16; blk_pct=-0.22,usg=-1.66; three_pa_per_100_team_poss=-1.36; resid_drb_pct_height=-1.28; three_share=-1.26; ast_pct=-1.21,stl_pct,-0.7166208017449287
role_residual_height_025,k8__division_zscore__role_residual_height_025__method-nnls__init-aa_plus_plus__ninit-1,8,division_zscore,role_residual_height_025,nnls,aa_plus_plus,0.3039979597431767,,16,mins_per_game|eFG|three_pct|ft_pct,3,537,0.179,285,252,0.4379180038970349,three_pa_per_100_team_poss=2.47; resid_three_share_height=2.22; three_share=2.18; usg=0.29; resid_three_pct_shot_mix=0.09,FTR=-1.74; tov_pct=-1.73; stl_pct=-1.63; ast_pct=-1.36; ast_tov=-1.30,stl_pct,-1.6320660266046645
role_residual_height_025,k8__division_zscore__role_residual_height_025__method-nnls__init-aa_plus_plus__ninit-1,8,division_zscore,role_residual_height_025,nnls,aa_plus_plus,0.3039979597431767,,16,mins_per_game|eFG|three_pct|ft_pct,4,503,0.1676666666666666,278,225,0.4600777148688272,resid_orb_pct_height=3.18; orb_pct=2.92; drb_pct=2.17; resid_drb_pct_height=2.15; blk_pct=1.62,three_share=-1.53; resid_three_share_height=-1.48; three_pa_per_100_team_poss=-1.43; ast_tov=-0.96; ast_pct=-0.60,stl_pct,0.1933470281403879
role_residual_height_025,k8__division_zscore__role_residual_height_025__method-nnls__init-aa_plus_plus__ninit-1,8,division_zscore,role_residual_height_025,nnls,aa_plus_plus,0.3039979597431767,,16,mins_per_game|eFG|three_pct|ft_pct,5,278,0.0926666666666666,153,125,0.4311668931739094,ast_tov=3.61; resid_three_share_height=2.25; three_share=2.22; three_pa_per_100_team_poss=1.23; stl_pct=0.69,tov_pct=-2.31; usg=-1.81; FTR=-1.73; drb_pct=-1.38; resid_drb_pct_height=-1.20,stl_pct,0.6943541423932076
role_residual_height_025,k8__division_zscore__role_residual_height_025__method-nnls__init-aa_plus_plus__ninit-1,8,division_zscore,role_residual_height_025,nnls,aa_plus_plus,0.3039979597431767,,16,mins_per_game|eFG|three_pct|ft_pct,6,774,0.258,423,351,0.4992093939194048,ast_pct=2.73; usg=1.98; stl_pct=1.46; ast_tov=1.02; FTR=0.53,height_inches=-1.46; resid_three_share_height=-0.88; orb_pct=-0.83; blk_pct=-0.56; drb_pct=-0.51,stl_pct,1.4576184690316056
role_residual_height_025,k8__division_zscore__role_residual_height_025__method-nnls__init-aa_plus_plus__ninit-1,8,division_zscore,role_residual_height_025,nnls,aa_plus_plus,0.3039979597431767,,16,mins_per_game|eFG|three_pct|ft_pct,7,197,0.0656666666666666,98,99,0.4209347235024275,tov_pct=3.83; resid_drb_pct_height=0.45; resid_orb_pct_height=0.08; stl_pct=0.07; ast_tov=-0.11,usg=-2.02; FTR=-1.81; three_pa_per_100_team_poss=-1.21; resid_three_share_height=-1.21; three_share=-0.95,stl_pct,0.0734605073698242
role_residual_height_025,k8__division_zscore__role_residual_height_025__method-nnls__init-aa_plus_plus__ninit-1,8,division_zscore,role_residual_height_025,nnls,aa_plus_plus,0.3039979597431767,,16,mins_per_game|eFG|three_pct|ft_pct,8,173,0.0576666666666666,102,71,0.4347385314200787,blk_pct=4.01; height_inches=1.98; tov_pct=0.82; orb_pct=0.68; drb_pct=0.23,stl_pct=-1.61; three_share=-1.55; three_pa_per_100_team_poss=-1.45; ast_tov=-1.38; usg=-1.31,stl_pct,-1.6093950205552514
quality_lite_residual_height_025,k6__division_zscore__quality_lite_residual_height_025__method-nnls__init-uniform__ninit-1,6,division_zscore,quality_lite_residual_height_025,nnls,uniform,0.3943301221227731,,19,mins_per_game,1,446,0.1486666666666666,234,212,0.4718340729331904,ast_tov=3.50; three_share=1.58; resid_three_share_height=1.43; three_pa_per_100_team_poss=1.01; three_pct=0.47,tov_pct=-1.55; height_inches=-1.46; drb_pct=-1.40; usg=-1.38; FTR=-1.37,blk_pct,-0.7746397737188725
quality_lite_residual_height_025,k6__division_zscore__quality_lite_residual_height_025__method-nnls__init-uniform__ninit-1,6,division_zscore,quality_lite_residual_height_025,nnls,uniform,0.3943301221227731,,19,mins_per_game,2,318,0.106,171,147,0.4879865237314554,FTR=3.50; tov_pct=0.69; height_inches=0.59; eFG=0.45; orb_pct=0.44,usg=-1.54; three_pct=-1.40; three_share=-1.38; three_pa_per_100_team_poss=-1.36; resid_drb_pct_height=-1.34,blk_pct,-0.0144106784964354
quality_lite_residual_height_025,k6__division_zscore__quality_lite_residual_height_025__method-nnls__init-uniform__ninit-1,6,division_zscore,quality_lite_residual_height_025,nnls,uniform,0.3943301221227731,,19,mins_per_game,3,773,0.2576666666666666,423,350,0.5055253658617865,ast_pct=2.59; usg=2.09; stl_pct=1.74; resid_drb_pct_height=0.96; ft_pct=0.84,height_inches=-1.50; resid_three_share_height=-0.90; orb_pct=-0.68; blk_pct=-0.65; three_share=-0.43,blk_pct,-0.6475268272083217
quality_lite_residual_height_025,k6__division_zscore__quality_lite_residual_height_025__method-nnls__init-uniform__ninit-1,6,division_zscore,quality_lite_residual_height_025,nnls,uniform,0.3943301221227731,,19,mins_per_game,4,150,0.05,78,72,0.4339951567489775,tov_pct=3.80; blk_pct=0.17; stl_pct=0.15; height_inches=-0.34; resid_drb_pct_height=-0.57,ft_pct=-3.47; eFG=-2.72; three_pct=-1.99; usg=-1.96; FTR=-1.75,blk_pct,0.1683613539525668
quality_lite_residual_height_025,k6__division_zscore__quality_lite_residual_height_025__method-nnls__init-uniform__ninit-1,6,division_zscore,quality_lite_residual_height_025,nnls,uniform,0.3943301221227731,,19,mins_per_game,5,761,0.2536666666666666,414,347,0.461036528191439,three_pa_per_100_team_poss=2.48; resid_three_share_height=2.38; three_share=1.91; height_inches=0.94; ft_pct=0.91,resid_orb_pct_height=-1.62; tov_pct=-1.52; ast_tov=-1.45; ast_pct=-1.39; stl_pct=-1.06,blk_pct,0.0523618289956636
quality_lite_residual_height_025,k6__division_zscore__quality_lite_residual_height_025__method-nnls__init-uniform__ninit-1,6,division_zscore,quality_lite_residual_height_025,nnls,uniform,0.3943301221227731,,19,mins_per_game,6,552,0.184,308,244,0.4768258023438629,blk_pct=3.05; drb_pct=2.72; orb_pct=2.70; resid_drb_pct_height=2.61; resid_orb_pct_height=2.59,three_pct=-1.88; three_share=-1.55; three_pa_per_100_team_poss=-1.44; resid_three_share_height=-1.06; ast_tov=-1.02,blk_pct,3.047496137907143
quality_lite_residual_height_025,k7__division_zscore__quality_lite_residual_height_025__method-nnls__init-aa_plus_plus__ninit-1,7,division_zscore,quality_lite_residual_height_025,nnls,aa_plus_plus,0.366285016296777,,19,mins_per_game,1,731,0.2436666666666666,408,323,0.5093574926750019,ast_pct=2.74; usg=1.99; stl_pct=1.59; ft_pct=0.88; ast_tov=0.68,height_inches=-1.60; orb_pct=-0.91; resid_three_share_height=-0.70; blk_pct=-0.56; drb_pct=-0.33,blk_pct,-0.5608610966791047
quality_lite_residual_height_025,k7__division_zscore__quality_lite_residual_height_025__method-nnls__init-aa_plus_plus__ninit-1,7,division_zscore,quality_lite_residual_height_025,nnls,aa_plus_plus,0.366285016296777,,19,mins_per_game,2,730,0.2433333333333333,398,332,0.4555683778150854,three_pa_per_100_team_poss=2.49; resid_three_share_height=2.34; three_share=1.91; ft_pct=0.87; height_inches=0.87,resid_orb_pct_height=-1.64; tov_pct=-1.53; ast_tov=-1.52; ast_pct=-1.39; resid_drb_pct_height=-0.99,blk_pct,0.1613401250969271
quality_lite_residual_height_025,k7__division_zscore__quality_lite_residual_height_025__method-nnls__init-aa_plus_plus__ninit-1,7,division_zscore,quality_lite_residual_height_025,nnls,aa_plus_plus,0.366285016296777,,19,mins_per_game,3,205,0.0683333333333333,110,95,0.4730010463555472,FTR=3.53; tov_pct=0.95; height_inches=0.30; blk_pct=0.04; orb_pct=-0.05,three_pct=-1.67; usg=-1.59; resid_drb_pct_height=-1.56; drb_pct=-1.34; three_pa_per_100_team_poss=-1.33,blk_pct,0.0438543449406277
quality_lite_residual_height_025,k7__division_zscore__quality_lite_residual_height_025__method-nnls__init-aa_plus_plus__ninit-1,7,division_zscore,quality_lite_residual_height_025,nnls,aa_plus_plus,0.366285016296777,,19,mins_per_game,4,471,0.157,247,224,0.4506954290952387,resid_orb_pct_height=2.93; orb_pct=2.77; resid_drb_pct_height=2.65; drb_pct=2.57; FTR=1.40,three_share=-1.35; resid_three_share_height=-1.26; three_pa_per_100_team_poss=-1.23; ast_tov=-0.90; tov_pct=-0.62,blk_pct,0.7999138307473722
quality_lite_residual_height_025,k7__division_zscore__quality_lite_residual_height_025__method-nnls__init-aa_plus_plus__ninit-1,7,division_zscore,quality_lite_residual_height_025,nnls,aa_plus_plus,0.366285016296777,,19,mins_per_game,5,265,0.0883333333333333,156,109,0.4819456209533383,blk_pct=3.96; height_inches=2.00; eFG=1.82; orb_pct=1.33; drb_pct=1.02,three_pct=-1.98; three_share=-1.56; three_pa_per_100_team_poss=-1.46; ast_tov=-0.99; stl_pct=-0.98,blk_pct,3.959532284485779
quality_lite_residual_height_025,k7__division_zscore__quality_lite_residual_height_025__method-nnls__init-aa_plus_plus__ninit-1,7,division_zscore,quality_lite_residual_height_025,nnls,aa_plus_plus,0.366285016296777,,19,mins_per_game,6,414,0.138,222,192,0.4665533421295215,ast_tov=3.48; three_share=1.72; resid_three_share_height=1.66; three_pa_per_100_team_poss=1.06; three_pct=0.66,tov_pct=-1.69; usg=-1.44; FTR=-1.26; drb_pct=-1.22; height_inches=-1.17,blk_pct,-0.8345865276620695
quality_lite_residual_height_025,k7__division_zscore__quality_lite_residual_height_025__method-nnls__init-aa_plus_plus__ninit-1,7,division_zscore,quality_lite_residual_height_025,nnls,aa_plus_plus,0.366285016296777,,19,mins_per_game,7,184,0.0613333333333333,87,97,0.4189364894369921,tov_pct=3.68; stl_pct=0.35; resid_drb_pct_height=0.12; resid_orb_pct_height=0.07; ast_tov=-0.32,ft_pct=-3.25; eFG=-2.94; usg=-1.98; three_pct=-1.87; FTR=-1.74,blk_pct,-0.8304217426523489
quality_lite_residual_height_025,k8__division_zscore__quality_lite_residual_height_025__method-nnls__init-aa_plus_plus__ninit-1,8,division_zscore,quality_lite_residual_height_025,nnls,aa_plus_plus,0.3498785561307565,,19,mins_per_game,1,529,0.1763333333333333,307,222,0.4419119229795171,ast_pct=3.03; usg=1.93; ast_tov=1.76; ft_pct=1.06; three_pct=0.61,height_inches=-1.78; orb_pct=-0.93; drb_pct=-0.69; resid_three_share_height=-0.67; FTR=-0.60,blk_pct,-0.5673799408263763
quality_lite_residual_height_025,k8__division_zscore__quality_lite_residual_height_025__method-nnls__init-aa_plus_plus__ninit-1,8,division_zscore,quality_lite_residual_height_025,nnls,aa_plus_plus,0.3498785561307565,,19,mins_per_game,2,752,0.2506666666666666,405,347,0.4366160202801528,three_pa_per_100_team_poss=2.47; resid_three_share_height=2.41; three_share=1.89; three_pct=0.93; ft_pct=0.92,resid_orb_pct_height=-1.87; ast_tov=-1.42; ast_pct=-1.41; tov_pct=-1.18; resid_drb_pct_height=-1.06,blk_pct,-0.0856540657882089
quality_lite_residual_height_025,k8__division_zscore__quality_lite_residual_height_025__method-nnls__init-aa_plus_plus__ninit-1,8,division_zscore,quality_lite_residual_height_025,nnls,aa_plus_plus,0.3498785561307565,,19,mins_per_game,3,312,0.104,166,146,0.43774446051854,ast_tov=3.61; three_share=2.22; resid_three_share_height=2.14; three_pa_per_100_team_poss=1.57; stl_pct=0.55,tov_pct=-1.87; FTR=-1.57; drb_pct=-1.49; usg=-1.42; height_inches=-1.38,blk_pct,-0.8906493415754543
quality_lite_residual_height_025,k8__division_zscore__quality_lite_residual_height_025__method-nnls__init-aa_plus_plus__ninit-1,8,division_zscore,quality_lite_residual_height_025,nnls,aa_plus_plus,0.3498785561307565,,19,mins_per_game,4,588,0.196,330,258,0.4668806464987574,blk_pct=2.90; drb_pct=2.68; resid_drb_pct_height=2.59; orb_pct=2.45; resid_orb_pct_height=2.16,three_pct=-1.59; three_share=-1.54; three_pa_per_100_team_poss=-1.41; resid_three_share_height=-0.94; ast_tov=-0.94,blk_pct,2.904149668419002
quality_lite_residual_height_025,k8__division_zscore__quality_lite_residual_height_025__method-nnls__init-aa_plus_plus__ninit-1,8,division_zscore,quality_lite_residual_height_025,nnls,aa_plus_plus,0.3498785561307565,,19,mins_per_game,5,354,0.118,173,181,0.4255553392807613,stl_pct=3.42; FTR=2.12; ast_pct=1.57; tov_pct=1.11; resid_drb_pct_height=1.00,resid_three_share_height=-1.08; height_inches=-1.06; orb_pct=-0.63; three_share=-0.59; three_pa_per_100_team_poss=-0.59,blk_pct,-0.2034452534230512
quality_lite_residual_height_025,k8__division_zscore__quality_lite_residual_height_025__method-nnls__init-aa_plus_plus__ninit-1,8,division_zscore,quality_lite_residual_height_025,nnls,aa_plus_plus,0.3498785561307565,,19,mins_per_game,6,81,0.027,45,36,0.357951212640229,resid_orb_pct_height=3.19; orb_pct=2.93; height_inches=1.08; usg=0.60; resid_three_share_height=0.40,resid_three_pct_shot_mix=-2.80; eFG=-2.26; stl_pct=-2.07; resid_drb_pct_height=-2.05; three_pct=-1.93,blk_pct,-0.8906493423198393
quality_lite_residual_height_025,k8__division_zscore__quality_lite_residual_height_025__method-nnls__init-aa_plus_plus__ninit-1,8,division_zscore,quality_lite_residual_height_025,nnls,aa_plus_plus,0.3498785561307565,,19,mins_per_game,7,210,0.07,117,93,0.4562841093401617,FTR=3.52; eFG=1.08; height_inches=0.95; tov_pct=0.51; orb_pct=0.47,usg=-1.99; stl_pct=-1.76; resid_drb_pct_height=-1.74; three_pct=-1.59; three_pa_per_100_team_poss=-1.34,blk_pct,0.2988782731838564
quality_lite_residual_height_025,k8__division_zscore__quality_lite_residual_height_025__method-nnls__init-aa_plus_plus__ninit-1,8,division_zscore,quality_lite_residual_height_025,nnls,aa_plus_plus,0.3498785561307565,,19,mins_per_game,8,174,0.058,85,89,0.4032529874953709,tov_pct=3.87; blk_pct=0.50; stl_pct=-0.03; height_inches=-0.43; resid_three_pct_shot_mix=-0.49,ft_pct=-3.65; eFG=-2.39; usg=-1.95; FTR=-1.86; three_pct=-1.71,blk_pct,0.5049836719866456
role_residual_context_only_height_025,k6__division_zscore__role_residual_context_only_height_025__method-nnls__init-furthest_sum__ninit-1,6,division_zscore,role_residual_context_only_height_025,nnls,furthest_sum,0.3368763307950451,,13,mins_per_game|eFG|three_share|orb_pct|drb_pct|three_pct|ft_pct,1,399,0.133,214,185,0.491566233306474,blk_pct=3.72; height_inches=1.81; resid_orb_pct_height=1.61; resid_drb_pct_height=1.58; usg=0.59,three_pa_per_100_team_poss=-1.40; resid_three_share_height=-1.12; ast_tov=-1.08; ast_pct=-0.76; stl_pct=-0.68,blk_pct,3.722125448075725
role_residual_context_only_height_025,k6__division_zscore__role_residual_context_only_height_025__method-nnls__init-furthest_sum__ninit-1,6,division_zscore,role_residual_context_only_height_025,nnls,furthest_sum,0.3368763307950451,,13,mins_per_game|eFG|three_share|orb_pct|drb_pct|three_pct|ft_pct,2,256,0.0853333333333333,134,122,0.4312523759271313,tov_pct=3.94; stl_pct=0.18; resid_drb_pct_height=-0.06; blk_pct=-0.17; resid_three_pct_shot_mix=-0.38,usg=-2.09; FTR=-1.85; resid_three_share_height=-1.65; three_pa_per_100_team_poss=-1.42; ast_pct=-0.80,blk_pct,-0.170481672831484
role_residual_context_only_height_025,k6__division_zscore__role_residual_context_only_height_025__method-nnls__init-furthest_sum__ninit-1,6,division_zscore,role_residual_context_only_height_025,nnls,furthest_sum,0.3368763307950451,,13,mins_per_game|eFG|three_share|orb_pct|drb_pct|three_pct|ft_pct,3,447,0.149,247,200,0.4804909346980892,FTR=3.56; height_inches=0.93; resid_orb_pct_height=0.69; tov_pct=-0.01; resid_three_pct_shot_mix=-0.17,three_pa_per_100_team_poss=-1.44; ast_pct=-1.20; usg=-1.16; resid_three_share_height=-1.11; ast_tov=-0.87,blk_pct,-0.2255352919413629
role_residual_context_only_height_025,k6__division_zscore__role_residual_context_only_height_025__method-nnls__init-furthest_sum__ninit-1,6,division_zscore,role_residual_context_only_height_025,nnls,furthest_sum,0.3368763307950451,,13,mins_per_game|eFG|three_share|orb_pct|drb_pct|three_pct|ft_pct,4,770,0.2566666666666666,414,356,0.4768149356626522,three_pa_per_100_team_poss=2.49; resid_three_share_height=2.28; usg=0.58; height_inches=0.46; resid_three_pct_shot_mix=-0.04,tov_pct=-1.61; ast_tov=-1.48; ast_pct=-1.36; FTR=-1.34; resid_orb_pct_height=-1.26,blk_pct,-0.1652592970720055
role_residual_context_only_height_025,k6__division_zscore__role_residual_context_only_height_025__method-nnls__init-furthest_sum__ninit-1,6,division_zscore,role_residual_context_only_height_025,nnls,furthest_sum,0.3368763307950451,,13,mins_per_game|eFG|three_share|orb_pct|drb_pct|three_pct|ft_pct,5,336,0.112,180,156,0.4707344944722498,ast_tov=3.55; resid_three_share_height=1.48; three_pa_per_100_team_poss=0.72; stl_pct=0.12; ast_pct=0.06,tov_pct=-1.98; usg=-1.68; FTR=-1.40; resid_drb_pct_height=-0.77; height_inches=-0.65,blk_pct,-0.6261290917285539
role_residual_context_only_height_025,k6__division_zscore__role_residual_context_only_height_025__method-nnls__init-furthest_sum__ninit-1,6,division_zscore,role_residual_context_only_height_025,nnls,furthest_sum,0.3368763307950451,,13,mins_per_game|eFG|three_share|orb_pct|drb_pct|three_pct|ft_pct,6,792,0.264,439,353,0.5086092677725567,ast_pct=2.67; usg=2.02; stl_pct=1.76; resid_drb_pct_height=1.03; ast_tov=0.64,height_inches=-1.50; resid_three_share_height=-0.88; blk_pct=-0.56; three_pa_per_100_team_poss=0.02; resid_three_pct_shot_mix=0.11,blk_pct,-0.5569660137097735
role_residual_context_only_height_025,k7__division_zscore__role_residual_context_only_height_025__method-nnls__init-uniform__ninit-1,7,division_zscore,role_residual_context_only_height_025,nnls,uniform,0.3029113353306103,,13,mins_per_game|eFG|three_share|orb_pct|drb_pct|three_pct|ft_pct,1,360,0.12,192,168,0.4584837224076431,FTR=3.53; height_inches=0.92; tov_pct=0.26; resid_orb_pct_height=0.21; resid_three_pct_shot_mix=0.07,usg=-1.67; stl_pct=-1.47; three_pa_per_100_team_poss=-1.36; ast_pct=-1.22; resid_drb_pct_height=-0.97,blk_pct,-0.2279637078826638
role_residual_context_only_height_025,k7__division_zscore__role_residual_context_only_height_025__method-nnls__init-uniform__ninit-1,7,division_zscore,role_residual_context_only_height_025,nnls,uniform,0.3029113353306103,,13,mins_per_game|eFG|three_share|orb_pct|drb_pct|three_pct|ft_pct,2,775,0.2583333333333333,419,356,0.4636316211350982,three_pa_per_100_team_poss=2.49; resid_three_share_height=2.22; usg=0.75; height_inches=0.35; resid_three_pct_shot_mix=-0.05,tov_pct=-1.55; ast_tov=-1.48; ast_pct=-1.31; FTR=-1.24; resid_orb_pct_height=-1.19,blk_pct,-0.1374679285831933
role_residual_context_only_height_025,k7__division_zscore__role_residual_context_only_height_025__method-nnls__init-uniform__ninit-1,7,division_zscore,role_residual_context_only_height_025,nnls,uniform,0.3029113353306103,,13,mins_per_game|eFG|three_share|orb_pct|drb_pct|three_pct|ft_pct,3,374,0.1246666666666666,212,162,0.4795775838729453,blk_pct=3.85; height_inches=2.10; resid_drb_pct_height=1.07; resid_orb_pct_height=0.58; usg=0.30,three_pa_per_100_team_poss=-1.42; stl_pct=-1.32; resid_three_share_height=-1.19; ast_tov=-0.96; ast_pct=-0.49,blk_pct,3.8537872760680094
role_residual_context_only_height_025,k7__division_zscore__role_residual_context_only_height_025__method-nnls__init-uniform__ninit-1,7,division_zscore,role_residual_context_only_height_025,nnls,uniform,0.3029113353306103,,13,mins_per_game|eFG|three_share|orb_pct|drb_pct|three_pct|ft_pct,4,272,0.0906666666666666,150,122,0.4404852800545149,ast_tov=3.61; resid_three_share_height=2.19; three_pa_per_100_team_poss=1.11; stl_pct=0.64; resid_three_pct_shot_mix=-0.16,tov_pct=-2.23; usg=-1.84; FTR=-1.80; resid_drb_pct_height=-1.15; blk_pct=-0.87,blk_pct,-0.8684659132239988
role_residual_context_only_height_025,k7__division_zscore__role_residual_context_only_height_025__method-nnls__init-uniform__ninit-1,7,division_zscore,role_residual_context_only_height_025,nnls,uniform,0.3029113353306103,,13,mins_per_game|eFG|three_share|orb_pct|drb_pct|three_pct|ft_pct,5,223,0.0743333333333333,116,107,0.3941958095119705,stl_pct=3.24; resid_orb_pct_height=2.99; resid_drb_pct_height=1.33; usg=0.46; blk_pct=0.39,resid_three_share_height=-1.83; ast_tov=-1.44; three_pa_per_100_team_poss=-1.35; ast_pct=-1.11; resid_three_pct_shot_mix=-0.57,blk_pct,0.3896481433259448
role_residual_context_only_height_025,k7__division_zscore__role_residual_context_only_height_025__method-nnls__init-uniform__ninit-1,7,division_zscore,role_residual_context_only_height_025,nnls,uniform,0.3029113353306103,,13,mins_per_game|eFG|three_share|orb_pct|drb_pct|three_pct|ft_pct,6,245,0.0816666666666666,130,115,0.4291862487342904,tov_pct=3.87; resid_drb_pct_height=0.09; stl_pct=0.06; resid_three_pct_shot_mix=-0.27; blk_pct=-0.29,usg=-2.05; FTR=-1.83; resid_three_share_height=-1.36; three_pa_per_100_team_poss=-1.28; height_inches=-0.75,blk_pct,-0.2939426964331513
role_residual_context_only_height_025,k7__division_zscore__role_residual_context_only_height_025__method-nnls__init-uniform__ninit-1,7,division_zscore,role_residual_context_only_height_025,nnls,uniform,0.3029113353306103,,13,mins_per_game|eFG|three_share|orb_pct|drb_pct|three_pct|ft_pct,7,751,0.2503333333333333,409,342,0.498680788830028,ast_pct=2.97; usg=1.95; ast_tov=1.28; stl_pct=0.91; resid_drb_pct_height=0.80,height_inches=-1.49; resid_three_share_height=-0.79; blk_pct=-0.55; tov_pct=-0.02; resid_orb_pct_height=-0.00,blk_pct,-0.5527154987537193
role_residual_context_only_height_025,k8__division_zscore__role_residual_context_only_height_025__method-nnls__init-uniform__ninit-1,8,division_zscore,role_residual_context_only_height_025,nnls,uniform,0.2749070877774018,,13,mins_per_game|eFG|three_share|orb_pct|drb_pct|three_pct|ft_pct,1,369,0.123,192,177,0.4455068245039268,FTR=3.56; height_inches=0.61; tov_pct=0.49; resid_orb_pct_height=0.19; resid_three_pct_shot_mix=-0.06,usg=-1.76; three_pa_per_100_team_poss=-1.40; ast_pct=-1.24; resid_three_share_height=-1.23; resid_drb_pct_height=-0.84,blk_pct,-0.5318940431726514
role_residual_context_only_height_025,k8__division_zscore__role_residual_context_only_height_025__method-nnls__init-uniform__ninit-1,8,division_zscore,role_residual_context_only_height_025,nnls,uniform,0.2749070877774018,,13,mins_per_game|eFG|three_share|orb_pct|drb_pct|three_pct|ft_pct,2,826,0.2753333333333333,443,383,0.4518674160266331,three_pa_per_100_team_poss=2.48; resid_three_share_height=2.28; usg=0.63; height_inches=0.30; resid_three_pct_shot_mix=0.14,tov_pct=-1.52; stl_pct=-1.42; ast_tov=-1.34; FTR=-1.26; ast_pct=-1.25,blk_pct,-0.277669947791735
role_residual_context_only_height_025,k8__division_zscore__role_residual_context_only_height_025__method-nnls__init-uniform__ninit-1,8,division_zscore,role_residual_context_only_height_025,nnls,uniform,0.2749070877774018,,13,mins_per_game|eFG|three_share|orb_pct|drb_pct|three_pct|ft_pct,3,411,0.137,217,194,0.4364216184893016,stl_pct=3.46; usg=1.79; ast_pct=1.61; resid_drb_pct_height=0.57; FTR=0.56,height_inches=-1.31; resid_three_share_height=-0.79; blk_pct=-0.46; resid_three_pct_shot_mix=-0.42; ast_tov=-0.14,blk_pct,-0.4611373111648513
role_residual_context_only_height_025,k8__division_zscore__role_residual_context_only_height_025__method-nnls__init-uniform__ninit-1,8,division_zscore,role_residual_context_only_height_025,nnls,uniform,0.2749070877774018,,13,mins_per_game|eFG|three_share|orb_pct|drb_pct|three_pct|ft_pct,4,200,0.0666666666666666,122,78,0.4515182295428119,blk_pct=4.04; height_inches=1.95; tov_pct=0.70; FTR=0.18; resid_three_pct_shot_mix=-0.65,usg=-1.71; ast_pct=-1.37; three_pa_per_100_team_poss=-1.37; ast_tov=-1.18; resid_drb_pct_height=-1.10,blk_pct,4.038294751315579
role_residual_context_only_height_025,k8__division_zscore__role_residual_context_only_height_025__method-nnls__init-uniform__ninit-1,8,division_zscore,role_residual_context_only_height_025,nnls,uniform,0.2749070877774018,,13,mins_per_game|eFG|three_share|orb_pct|drb_pct|three_pct|ft_pct,5,239,0.0796666666666666,116,123,0.3974143304854777,tov_pct=3.94; resid_drb_pct_height=0.44; stl_pct=0.30; resid_orb_pct_height=0.25; ast_tov=-0.16,usg=-2.13; FTR=-1.95; resid_three_share_height=-1.84; three_pa_per_100_team_poss=-1.47; ast_pct=-0.97,blk_pct,-0.8850086445778353
role_residual_context_only_height_025,k8__division_zscore__role_residual_context_only_height_025__method-nnls__init-uniform__ninit-1,8,division_zscore,role_residual_context_only_height_025,nnls,uniform,0.2749070877774018,,13,mins_per_game|eFG|three_share|orb_pct|drb_pct|three_pct|ft_pct,6,254,0.0846666666666666,139,115,0.4234989536962169,ast_tov=3.58; resid_three_share_height=2.18; three_pa_per_100_team_poss=1.17; stl_pct=0.80; resid_three_pct_shot_mix=-0.02,tov_pct=-2.33; usg=-1.84; FTR=-1.80; resid_drb_pct_height=-1.22; blk_pct=-0.83,blk_pct,-0.8266329735751049
role_residual_context_only_height_025,k8__division_zscore__role_residual_context_only_height_025__method-nnls__init-uniform__ninit-1,8,division_zscore,role_residual_context_only_height_025,nnls,uniform,0.2749070877774018,,13,mins_per_game|eFG|three_share|orb_pct|drb_pct|three_pct|ft_pct,7,400,0.1333333333333333,231,169,0.4460526475604965,ast_pct=3.00; ast_tov=2.25; usg=1.24; three_pa_per_100_team_poss=0.39; resid_three_pct_shot_mix=0.38,height_inches=-1.59; blk_pct=-0.55; stl_pct=-0.50; resid_three_share_height=-0.28; resid_orb_pct_height=-0.26,blk_pct,-0.5450274547534345
role_residual_context_only_height_025,k8__division_zscore__role_residual_context_only_height_025__method-nnls__init-uniform__ninit-1,8,division_zscore,role_residual_context_only_height_025,nnls,uniform,0.2749070877774018,,13,mins_per_game|eFG|three_share|orb_pct|drb_pct|three_pct|ft_pct,8,301,0.1003333333333333,168,133,0.3918733651915209,resid_orb_pct_height=3.19; resid_drb_pct_height=2.92; usg=2.45; blk_pct=2.39; height_inches=2.27,resid_three_share_height=-1.73; stl_pct=-1.49; three_pa_per_100_team_poss=-1.45; ast_tov=-0.74; tov_pct=-0.64,blk_pct,2.3941956807406553
role_residual_height_025,k6__division_zscore__role_residual_height_025__method-nnls__init-uniform__ninit-1,6,division_zscore,role_residual_height_025,nnls,uniform,0.3614062219411871,,16,mins_per_game|eFG|three_pct|ft_pct,1,346,0.1153333333333333,187,159,0.4563014892775585,ast_tov=3.59; three_share=2.09; resid_three_share_height=2.03; three_pa_per_100_team_poss=1.16; stl_pct=0.41,tov_pct=-1.95; usg=-1.67; FTR=-1.62; drb_pct=-1.31; orb_pct=-1.00,blk_pct,-0.8474056694350932
role_residual_height_025,k6__division_zscore__role_residual_height_025__method-nnls__init-uniform__ninit-1,6,division_zscore,role_residual_height_025,nnls,uniform,0.3614062219411871,,16,mins_per_game|eFG|three_pct|ft_pct,2,325,0.1083333333333333,172,153,0.4763525499436981,FTR=3.50; height_inches=0.63; orb_pct=0.34; tov_pct=0.31; blk_pct=-0.07,resid_drb_pct_height=-1.53; usg=-1.52; three_pa_per_100_team_poss=-1.35; three_share=-1.33; ast_pct=-1.28,blk_pct,-0.0722427406431971
role_residual_height_025,k6__division_zscore__role_residual_height_025__method-nnls__init-uniform__ninit-1,6,division_zscore,role_residual_height_025,nnls,uniform,0.3614062219411871,,16,mins_per_game|eFG|three_pct|ft_pct,3,821,0.2736666666666666,447,374,0.5104963785444115,ast_pct=2.72; usg=1.90; stl_pct=1.70; resid_drb_pct_height=0.82; ast_tov=0.76,height_inches=-1.52; resid_three_share_height=-0.94; orb_pct=-0.67; blk_pct=-0.65; three_share=-0.47,blk_pct,-0.6514063530328598
role_residual_height_025,k6__division_zscore__role_residual_height_025__method-nnls__init-uniform__ninit-1,6,division_zscore,role_residual_height_025,nnls,uniform,0.3614062219411871,,16,mins_per_game|eFG|three_pct|ft_pct,4,202,0.0673333333333333,109,93,0.4342773851104638,tov_pct=3.89; blk_pct=0.29; stl_pct=0.01; resid_drb_pct_height=-0.32; resid_three_pct_shot_mix=-0.40,usg=-2.04; FTR=-1.88; resid_three_share_height=-1.45; three_pa_per_100_team_poss=-1.33; three_share=-1.24,blk_pct,0.2874853575497884
role_residual_height_025,k6__division_zscore__role_residual_height_025__method-nnls__init-uniform__ninit-1,6,division_zscore,role_residual_height_025,nnls,uniform,0.3614062219411871,,16,mins_per_game|eFG|three_pct|ft_pct,5,699,0.233,373,326,0.4666287550621113,three_pa_per_100_team_poss=2.48; resid_three_share_height=2.32; three_share=2.07; usg=0.50; height_inches=0.49,tov_pct=-1.55; resid_orb_pct_height=-1.51; ast_tov=-1.45; ast_pct=-1.37; FTR=-1.29,blk_pct,-0.1749305957771732
role_residual_height_025,k6__division_zscore__role_residual_height_025__method-nnls__init-uniform__ninit-1,6,division_zscore,role_residual_height_025,nnls,uniform,0.3614062219411871,,16,mins_per_game|eFG|three_pct|ft_pct,6,607,0.2023333333333333,340,267,0.4753486052151414,blk_pct=3.01; drb_pct=2.72; orb_pct=2.66; resid_drb_pct_height=2.59; resid_orb_pct_height=2.49,three_share=-1.56; three_pa_per_100_team_poss=-1.45; ast_tov=-1.09; resid_three_share_height=-1.05; ast_pct=-0.81,blk_pct,3.011757147740785
role_residual_height_025,k7__division_zscore__role_residual_height_025__method-nnls__init-furthest_first__ninit-1,7,division_zscore,role_residual_height_025,nnls,furthest_first,0.3288383772877349,,16,mins_per_game|eFG|three_pct|ft_pct,1,305,0.1016666666666666,160,145,0.4493886514647095,ast_tov=3.61; three_share=2.18; resid_three_share_height=2.15; three_pa_per_100_team_poss=1.11; stl_pct=0.39,tov_pct=-2.10; usg=-1.78; FTR=-1.70; drb_pct=-1.24; orb_pct=-1.02,blk_pct,-0.8479213298450945
role_residual_height_025,k7__division_zscore__role_residual_height_025__method-nnls__init-furthest_first__ninit-1,7,division_zscore,role_residual_height_025,nnls,furthest_first,0.3288383772877349,,16,mins_per_game|eFG|three_pct|ft_pct,2,530,0.1766666666666666,301,229,0.4663893131361202,drb_pct=2.73; blk_pct=2.64; resid_drb_pct_height=2.63; height_inches=2.16; orb_pct=2.14,three_share=-1.43; three_pa_per_100_team_poss=-1.28; stl_pct=-1.11; ast_tov=-0.98; resid_three_share_height=-0.82,blk_pct,2.641331536445989
role_residual_height_025,k7__division_zscore__role_residual_height_025__method-nnls__init-furthest_first__ninit-1,7,division_zscore,role_residual_height_025,nnls,furthest_first,0.3288383772877349,,16,mins_per_game|eFG|three_pct|ft_pct,3,195,0.065,103,92,0.4231394793794408,tov_pct=3.87; blk_pct=0.32; stl_pct=-0.04; resid_three_pct_shot_mix=-0.29; resid_drb_pct_height=-0.31,usg=-2.06; FTR=-1.86; resid_three_share_height=-1.42; three_pa_per_100_team_poss=-1.30; three_share=-1.17,blk_pct,0.3175193724727198
role_residual_height_025,k7__division_zscore__role_residual_height_025__method-nnls__init-furthest_first__ninit-1,7,division_zscore,role_residual_height_025,nnls,furthest_first,0.3288383772877349,,16,mins_per_game|eFG|three_pct|ft_pct,4,251,0.0836666666666666,136,115,0.4570718812515644,FTR=3.54; height_inches=0.89; tov_pct=0.63; blk_pct=0.42; orb_pct=0.29,usg=-2.05; resid_drb_pct_height=-1.83; stl_pct=-1.56; three_share=-1.39; three_pa_per_100_team_poss=-1.38,blk_pct,0.4156321615744667
role_residual_height_025,k7__division_zscore__role_residual_height_025__method-nnls__init-furthest_first__ninit-1,7,division_zscore,role_residual_height_025,nnls,furthest_first,0.3288383772877349,,16,mins_per_game|eFG|three_pct|ft_pct,5,722,0.2406666666666666,390,332,0.4585019932877403,three_pa_per_100_team_poss=2.47; resid_three_share_height=2.31; three_share=2.10; usg=0.41; height_inches=0.35,tov_pct=-1.55; ast_tov=-1.45; FTR=-1.40; ast_pct=-1.39; resid_orb_pct_height=-1.38,blk_pct,-0.3071004314508617
role_residual_height_025,k7__division_zscore__role_residual_height_025__method-nnls__init-furthest_first__ninit-1,7,division_zscore,role_residual_height_025,nnls,furthest_first,0.3288383772877349,,16,mins_per_game|eFG|three_pct|ft_pct,6,812,0.2706666666666666,438,374,0.5056403990298297,ast_pct=2.87; usg=1.89; stl_pct=1.17; ast_tov=0.99; FTR=0.64,height_inches=-1.61; orb_pct=-0.88; resid_three_share_height=-0.79; blk_pct=-0.67; three_share=-0.33,blk_pct,-0.6685530611231707
role_residual_height_025,k7__division_zscore__role_residual_height_025__method-nnls__init-furthest_first__ninit-1,7,division_zscore,role_residual_height_025,nnls,furthest_first,0.3288383772877349,,16,mins_per_game|eFG|three_pct|ft_pct,7,185,0.0616666666666666,100,85,0.4014136376762342,stl_pct=3.24; resid_orb_pct_height=3.16; orb_pct=2.92; resid_drb_pct_height=1.41; drb_pct=1.35,resid_three_share_height=-1.77; three_share=-1.53; ast_tov=-1.46; three_pa_per_100_team_poss=-1.43; ast_pct=-1.27,blk_pct,0.4790992137652176
role_residual_height_025,k8__division_zscore__role_residual_height_025__method-nnls__init-aa_plus_plus__ninit-1,8,division_zscore,role_residual_height_025,nnls,aa_plus_plus,0.3039979597431767,,16,mins_per_game|eFG|three_pct|ft_pct,1,243,0.081,131,112,0.398288912455824,resid_drb_pct_height=2.56; drb_pct=2.49; resid_three_share_height=1.61; height_inches=1.06; three_pa_per_100_team_poss=0.97,resid_orb_pct_height=-1.78; ast_tov=-0.71; orb_pct=-0.67; ast_pct=-0.26; stl_pct=-0.22,blk_pct,-0.1642711727703212
role_residual_height_025,k8__division_zscore__role_residual_height_025__method-nnls__init-aa_plus_plus__ninit-1,8,division_zscore,role_residual_height_025,nnls,aa_plus_plus,0.3039979597431767,,16,mins_per_game|eFG|three_pct|ft_pct,2,295,0.0983333333333333,158,137,0.4599621102965566,FTR=3.54; tov_pct=0.75; height_inches=0.45; orb_pct=0.16; blk_pct=-0.22,usg=-1.66; three_pa_per_100_team_poss=-1.36; resid_drb_pct_height=-1.28; three_share=-1.26; ast_pct=-1.21,blk_pct,-0.2206689832006848
role_residual_height_025,k8__division_zscore__role_residual_height_025__method-nnls__init-aa_plus_plus__ninit-1,8,division_zscore,role_residual_height_025,nnls,aa_plus_plus,0.3039979597431767,,16,mins_per_game|eFG|three_pct|ft_pct,3,537,0.179,285,252,0.4379180038970349,three_pa_per_100_team_poss=2.47; resid_three_share_height=2.22; three_share=2.18; usg=0.29; resid_three_pct_shot_mix=0.09,FTR=-1.74; tov_pct=-1.73; stl_pct=-1.63; ast_pct=-1.36; ast_tov=-1.30,blk_pct,-0.7254772619755574
role_residual_height_025,k8__division_zscore__role_residual_height_025__method-nnls__init-aa_plus_plus__ninit-1,8,division_zscore,role_residual_height_025,nnls,aa_plus_plus,0.3039979597431767,,16,mins_per_game|eFG|three_pct|ft_pct,4,503,0.1676666666666666,278,225,0.4600777148688272,resid_orb_pct_height=3.18; orb_pct=2.92; drb_pct=2.17; resid_drb_pct_height=2.15; blk_pct=1.62,three_share=-1.53; resid_three_share_height=-1.48; three_pa_per_100_team_poss=-1.43; ast_tov=-0.96; ast_pct=-0.60,blk_pct,1.6172488582581803
role_residual_height_025,k8__division_zscore__role_residual_height_025__method-nnls__init-aa_plus_plus__ninit-1,8,division_zscore,role_residual_height_025,nnls,aa_plus_plus,0.3039979597431767,,16,mins_per_game|eFG|three_pct|ft_pct,5,278,0.0926666666666666,153,125,0.4311668931739094,ast_tov=3.61; resid_three_share_height=2.25; three_share=2.22; three_pa_per_100_team_poss=1.23; stl_pct=0.69,tov_pct=-2.31; usg=-1.81; FTR=-1.73; drb_pct=-1.38; resid_drb_pct_height=-1.20,blk_pct,-0.8906493416846957
role_residual_height_025,k8__division_zscore__role_residual_height_025__method-nnls__init-aa_plus_plus__ninit-1,8,division_zscore,role_residual_height_025,nnls,aa_plus_plus,0.3039979597431767,,16,mins_per_game|eFG|three_pct|ft_pct,6,774,0.258,423,351,0.4992093939194048,ast_pct=2.73; usg=1.98; stl_pct=1.46; ast_tov=1.02; FTR=0.53,height_inches=-1.46; resid_three_share_height=-0.88; orb_pct=-0.83; blk_pct=-0.56; drb_pct=-0.51,blk_pct,-0.5644500266574154
role_residual_height_025,k8__division_zscore__role_residual_height_025__method-nnls__init-aa_plus_plus__ninit-1,8,division_zscore,role_residual_height_025,nnls,aa_plus_plus,0.3039979597431767,,16,mins_per_game|eFG|three_pct|ft_pct,7,197,0.0656666666666666,98,99,0.4209347235024275,tov_pct=3.83; resid_drb_pct_height=0.45; resid_orb_pct_height=0.08; stl_pct=0.07; ast_tov=-0.11,usg=-2.02; FTR=-1.81; three_pa_per_100_team_poss=-1.21; resid_three_share_height=-1.21; three_share=-0.95,blk_pct,-0.7850337102457515
role_residual_height_025,k8__division_zscore__role_residual_height_025__method-nnls__init-aa_plus_plus__ninit-1,8,division_zscore,role_residual_height_025,nnls,aa_plus_plus,0.3039979597431767,,16,mins_per_game|eFG|three_pct|ft_pct,8,173,0.0576666666666666,102,71,0.4347385314200787,blk_pct=4.01; height_inches=1.98; tov_pct=0.82; orb_pct=0.68; drb_pct=0.23,stl_pct=-1.61; three_share=-1.55; three_pa_per_100_team_poss=-1.45; ast_tov=-1.38; usg=-1.31,blk_pct,4.012360556306073
quality_lite_residual_height_025,k6__division_zscore__quality_lite_residual_height_025__method-nnls__init-uniform__ninit-1,6,division_zscore,quality_lite_residual_height_025,nnls,uniform,0.3943301221227731,,19,mins_per_game,1,446,0.1486666666666666,234,212,0.4718340729331904,ast_tov=3.50; three_share=1.58; resid_three_share_height=1.43; three_pa_per_100_team_poss=1.01; three_pct=0.47,tov_pct=-1.55; height_inches=-1.46; drb_pct=-1.40; usg=-1.38; FTR=-1.37,eFG,-0.0330740971054518
quality_lite_residual_height_025,k6__division_zscore__quality_lite_residual_height_025__method-nnls__init-uniform__ninit-1,6,division_zscore,quality_lite_residual_height_025,nnls,uniform,0.3943301221227731,,19,mins_per_game,2,318,0.106,171,147,0.4879865237314554,FTR=3.50; tov_pct=0.69; height_inches=0.59; eFG=0.45; orb_pct=0.44,usg=-1.54; three_pct=-1.40; three_share=-1.38; three_pa_per_100_team_poss=-1.36; resid_drb_pct_height=-1.34,eFG,0.4488247244411774
quality_lite_residual_height_025,k6__division_zscore__quality_lite_residual_height_025__method-nnls__init-uniform__ninit-1,6,division_zscore,quality_lite_residual_height_025,nnls,uniform,0.3943301221227731,,19,mins_per_game,3,773,0.2576666666666666,423,350,0.5055253658617865,ast_pct=2.59; usg=2.09; stl_pct=1.74; resid_drb_pct_height=0.96; ft_pct=0.84,height_inches=-1.50; resid_three_share_height=-0.90; orb_pct=-0.68; blk_pct=-0.65; three_share=-0.43,eFG,-0.3837093846451637
quality_lite_residual_height_025,k6__division_zscore__quality_lite_residual_height_025__method-nnls__init-uniform__ninit-1,6,division_zscore,quality_lite_residual_height_025,nnls,uniform,0.3943301221227731,,19,mins_per_game,4,150,0.05,78,72,0.4339951567489775,tov_pct=3.80; blk_pct=0.17; stl_pct=0.15; height_inches=-0.34; resid_drb_pct_height=-0.57,ft_pct=-3.47; eFG=-2.72; three_pct=-1.99; usg=-1.96; FTR=-1.75,eFG,-2.720721345110539
quality_lite_residual_height_025,k6__division_zscore__quality_lite_residual_height_025__method-nnls__init-uniform__ninit-1,6,division_zscore,quality_lite_residual_height_025,nnls,uniform,0.3943301221227731,,19,mins_per_game,5,761,0.2536666666666666,414,347,0.461036528191439,three_pa_per_100_team_poss=2.48; resid_three_share_height=2.38; three_share=1.91; height_inches=0.94; ft_pct=0.91,resid_orb_pct_height=-1.62; tov_pct=-1.52; ast_tov=-1.45; ast_pct=-1.39; stl_pct=-1.06,eFG,0.6979262288142046
quality_lite_residual_height_025,k6__division_zscore__quality_lite_residual_height_025__method-nnls__init-uniform__ninit-1,6,division_zscore,quality_lite_residual_height_025,nnls,uniform,0.3943301221227731,,19,mins_per_game,6,552,0.184,308,244,0.4768258023438629,blk_pct=3.05; drb_pct=2.72; orb_pct=2.70; resid_drb_pct_height=2.61; resid_orb_pct_height=2.59,three_pct=-1.88; three_share=-1.55; three_pa_per_100_team_poss=-1.44; resid_three_share_height=-1.06; ast_tov=-1.02,eFG,0.9210105381865966
quality_lite_residual_height_025,k7__division_zscore__quality_lite_residual_height_025__method-nnls__init-aa_plus_plus__ninit-1,7,division_zscore,quality_lite_residual_height_025,nnls,aa_plus_plus,0.366285016296777,,19,mins_per_game,1,731,0.2436666666666666,408,323,0.5093574926750019,ast_pct=2.74; usg=1.99; stl_pct=1.59; ft_pct=0.88; ast_tov=0.68,height_inches=-1.60; orb_pct=-0.91; resid_three_share_height=-0.70; blk_pct=-0.56; drb_pct=-0.33,eFG,-0.2717459486579012
quality_lite_residual_height_025,k7__division_zscore__quality_lite_residual_height_025__method-nnls__init-aa_plus_plus__ninit-1,7,division_zscore,quality_lite_residual_height_025,nnls,aa_plus_plus,0.366285016296777,,19,mins_per_game,2,730,0.2433333333333333,398,332,0.4555683778150854,three_pa_per_100_team_poss=2.49; resid_three_share_height=2.34; three_share=1.91; ft_pct=0.87; height_inches=0.87,resid_orb_pct_height=-1.64; tov_pct=-1.53; ast_tov=-1.52; ast_pct=-1.39; resid_drb_pct_height=-0.99,eFG,0.5364470982553619
quality_lite_residual_height_025,k7__division_zscore__quality_lite_residual_height_025__method-nnls__init-aa_plus_plus__ninit-1,7,division_zscore,quality_lite_residual_height_025,nnls,aa_plus_plus,0.366285016296777,,19,mins_per_game,3,205,0.0683333333333333,110,95,0.4730010463555472,FTR=3.53; tov_pct=0.95; height_inches=0.30; blk_pct=0.04; orb_pct=-0.05,three_pct=-1.67; usg=-1.59; resid_drb_pct_height=-1.56; drb_pct=-1.34; three_pa_per_100_team_poss=-1.33,eFG,-0.2130052854779104
quality_lite_residual_height_025,k7__division_zscore__quality_lite_residual_height_025__method-nnls__init-aa_plus_plus__ninit-1,7,division_zscore,quality_lite_residual_height_025,nnls,aa_plus_plus,0.366285016296777,,19,mins_per_game,4,471,0.157,247,224,0.4506954290952387,resid_orb_pct_height=2.93; orb_pct=2.77; resid_drb_pct_height=2.65; drb_pct=2.57; FTR=1.40,three_share=-1.35; resid_three_share_height=-1.26; three_pa_per_100_team_poss=-1.23; ast_tov=-0.90; tov_pct=-0.62,eFG,0.7184541538660244
quality_lite_residual_height_025,k7__division_zscore__quality_lite_residual_height_025__method-nnls__init-aa_plus_plus__ninit-1,7,division_zscore,quality_lite_residual_height_025,nnls,aa_plus_plus,0.366285016296777,,19,mins_per_game,5,265,0.0883333333333333,156,109,0.4819456209533383,blk_pct=3.96; height_inches=2.00; eFG=1.82; orb_pct=1.33; drb_pct=1.02,three_pct=-1.98; three_share=-1.56; three_pa_per_100_team_poss=-1.46; ast_tov=-0.99; stl_pct=-0.98,eFG,1.8246502496661372
quality_lite_residual_height_025,k7__division_zscore__quality_lite_residual_height_025__method-nnls__init-aa_plus_plus__ninit-1,7,division_zscore,quality_lite_residual_height_025,nnls,aa_plus_plus,0.366285016296777,,19,mins_per_game,6,414,0.138,222,192,0.4665533421295215,ast_tov=3.48; three_share=1.72; resid_three_share_height=1.66; three_pa_per_100_team_poss=1.06; three_pct=0.66,tov_pct=-1.69; usg=-1.44; FTR=-1.26; drb_pct=-1.22; height_inches=-1.17,eFG,0.2399760019410056
quality_lite_residual_height_025,k7__division_zscore__quality_lite_residual_height_025__method-nnls__init-aa_plus_plus__ninit-1,7,division_zscore,quality_lite_residual_height_025,nnls,aa_plus_plus,0.366285016296777,,19,mins_per_game,7,184,0.0613333333333333,87,97,0.4189364894369921,tov_pct=3.68; stl_pct=0.35; resid_drb_pct_height=0.12; resid_orb_pct_height=0.07; ast_tov=-0.32,ft_pct=-3.25; eFG=-2.94; usg=-1.98; three_pct=-1.87; FTR=-1.74,eFG,-2.938387331957365
quality_lite_residual_height_025,k8__division_zscore__quality_lite_residual_height_025__method-nnls__init-aa_plus_plus__ninit-1,8,division_zscore,quality_lite_residual_height_025,nnls,aa_plus_plus,0.3498785561307565,,19,mins_per_game,1,529,0.1763333333333333,307,222,0.4419119229795171,ast_pct=3.03; usg=1.93; ast_tov=1.76; ft_pct=1.06; three_pct=0.61,height_inches=-1.78; orb_pct=-0.93; drb_pct=-0.69; resid_three_share_height=-0.67; FTR=-0.60,eFG,0.0991852277198477
quality_lite_residual_height_025,k8__division_zscore__quality_lite_residual_height_025__method-nnls__init-aa_plus_plus__ninit-1,8,division_zscore,quality_lite_residual_height_025,nnls,aa_plus_plus,0.3498785561307565,,19,mins_per_game,2,752,0.2506666666666666,405,347,0.4366160202801528,three_pa_per_100_team_poss=2.47; resid_three_share_height=2.41; three_share=1.89; three_pct=0.93; ft_pct=0.92,resid_orb_pct_height=-1.87; ast_tov=-1.42; ast_pct=-1.41; tov_pct=-1.18; resid_drb_pct_height=-1.06,eFG,0.8676510482855407
quality_lite_residual_height_025,k8__division_zscore__quality_lite_residual_height_025__method-nnls__init-aa_plus_plus__ninit-1,8,division_zscore,quality_lite_residual_height_025,nnls,aa_plus_plus,0.3498785561307565,,19,mins_per_game,3,312,0.104,166,146,0.43774446051854,ast_tov=3.61; three_share=2.22; resid_three_share_height=2.14; three_pa_per_100_team_poss=1.57; stl_pct=0.55,tov_pct=-1.87; FTR=-1.57; drb_pct=-1.49; usg=-1.42; height_inches=-1.38,eFG,0.007702670441715
quality_lite_residual_height_025,k8__division_zscore__quality_lite_residual_height_025__method-nnls__init-aa_plus_plus__ninit-1,8,division_zscore,quality_lite_residual_height_025,nnls,aa_plus_plus,0.3498785561307565,,19,mins_per_game,4,588,0.196,330,258,0.4668806464987574,blk_pct=2.90; drb_pct=2.68; resid_drb_pct_height=2.59; orb_pct=2.45; resid_orb_pct_height=2.16,three_pct=-1.59; three_share=-1.54; three_pa_per_100_team_poss=-1.41; resid_three_share_height=-0.94; ast_tov=-0.94,eFG,1.008248045806966
quality_lite_residual_height_025,k8__division_zscore__quality_lite_residual_height_025__method-nnls__init-aa_plus_plus__ninit-1,8,division_zscore,quality_lite_residual_height_025,nnls,aa_plus_plus,0.3498785561307565,,19,mins_per_game,5,354,0.118,173,181,0.4255553392807613,stl_pct=3.42; FTR=2.12; ast_pct=1.57; tov_pct=1.11; resid_drb_pct_height=1.00,resid_three_share_height=-1.08; height_inches=-1.06; orb_pct=-0.63; three_share=-0.59; three_pa_per_100_team_poss=-0.59,eFG,-0.0684725660831369
quality_lite_residual_height_025,k8__division_zscore__quality_lite_residual_height_025__method-nnls__init-aa_plus_plus__ninit-1,8,division_zscore,quality_lite_residual_height_025,nnls,aa_plus_plus,0.3498785561307565,,19,mins_per_game,6,81,0.027,45,36,0.357951212640229,resid_orb_pct_height=3.19; orb_pct=2.93; height_inches=1.08; usg=0.60; resid_three_share_height=0.40,resid_three_pct_shot_mix=-2.80; eFG=-2.26; stl_pct=-2.07; resid_drb_pct_height=-2.05; three_pct=-1.93,eFG,-2.262175306589457
quality_lite_residual_height_025,k8__division_zscore__quality_lite_residual_height_025__method-nnls__init-aa_plus_plus__ninit-1,8,division_zscore,quality_lite_residual_height_025,nnls,aa_plus_plus,0.3498785561307565,,19,mins_per_game,7,210,0.07,117,93,0.4562841093401617,FTR=3.52; eFG=1.08; height_inches=0.95; tov_pct=0.51; orb_pct=0.47,usg=-1.99; stl_pct=-1.76; resid_drb_pct_height=-1.74; three_pct=-1.59; three_pa_per_100_team_poss=-1.34,eFG,1.0804434083899543
quality_lite_residual_height_025,k8__division_zscore__quality_lite_residual_height_025__method-nnls__init-aa_plus_plus__ninit-1,8,division_zscore,quality_lite_residual_height_025,nnls,aa_plus_plus,0.3498785561307565,,19,mins_per_game,8,174,0.058,85,89,0.4032529874953709,tov_pct=3.87; blk_pct=0.50; stl_pct=-0.03; height_inches=-0.43; resid_three_pct_shot_mix=-0.49,ft_pct=-3.65; eFG=-2.39; usg=-1.95; FTR=-1.86; three_pct=-1.71,eFG,-2.3941056216905494
role_residual_context_only_height_025,k6__division_zscore__role_residual_context_only_height_025__method-nnls__init-furthest_sum__ninit-1,6,division_zscore,role_residual_context_only_height_025,nnls,furthest_sum,0.3368763307950451,,13,mins_per_game|eFG|three_share|orb_pct|drb_pct|three_pct|ft_pct,1,399,0.133,214,185,0.491566233306474,blk_pct=3.72; height_inches=1.81; resid_orb_pct_height=1.61; resid_drb_pct_height=1.58; usg=0.59,three_pa_per_100_team_poss=-1.40; resid_three_share_height=-1.12; ast_tov=-1.08; ast_pct=-0.76; stl_pct=-0.68,eFG,
role_residual_context_only_height_025,k6__division_zscore__role_residual_context_only_height_025__method-nnls__init-furthest_sum__ninit-1,6,division_zscore,role_residual_context_only_height_025,nnls,furthest_sum,0.3368763307950451,,13,mins_per_game|eFG|three_share|orb_pct|drb_pct|three_pct|ft_pct,2,256,0.0853333333333333,134,122,0.4312523759271313,tov_pct=3.94; stl_pct=0.18; resid_drb_pct_height=-0.06; blk_pct=-0.17; resid_three_pct_shot_mix=-0.38,usg=-2.09; FTR=-1.85; resid_three_share_height=-1.65; three_pa_per_100_team_poss=-1.42; ast_pct=-0.80,eFG,
role_residual_context_only_height_025,k6__division_zscore__role_residual_context_only_height_025__method-nnls__init-furthest_sum__ninit-1,6,division_zscore,role_residual_context_only_height_025,nnls,furthest_sum,0.3368763307950451,,13,mins_per_game|eFG|three_share|orb_pct|drb_pct|three_pct|ft_pct,3,447,0.149,247,200,0.4804909346980892,FTR=3.56; height_inches=0.93; resid_orb_pct_height=0.69; tov_pct=-0.01; resid_three_pct_shot_mix=-0.17,three_pa_per_100_team_poss=-1.44; ast_pct=-1.20; usg=-1.16; resid_three_share_height=-1.11; ast_tov=-0.87,eFG,
role_residual_context_only_height_025,k6__division_zscore__role_residual_context_only_height_025__method-nnls__init-furthest_sum__ninit-1,6,division_zscore,role_residual_context_only_height_025,nnls,furthest_sum,0.3368763307950451,,13,mins_per_game|eFG|three_share|orb_pct|drb_pct|three_pct|ft_pct,4,770,0.2566666666666666,414,356,0.4768149356626522,three_pa_per_100_team_poss=2.49; resid_three_share_height=2.28; usg=0.58; height_inches=0.46; resid_three_pct_shot_mix=-0.04,tov_pct=-1.61; ast_tov=-1.48; ast_pct=-1.36; FTR=-1.34; resid_orb_pct_height=-1.26,eFG,
role_residual_context_only_height_025,k6__division_zscore__role_residual_context_only_height_025__method-nnls__init-furthest_sum__ninit-1,6,division_zscore,role_residual_context_only_height_025,nnls,furthest_sum,0.3368763307950451,,13,mins_per_game|eFG|three_share|orb_pct|drb_pct|three_pct|ft_pct,5,336,0.112,180,156,0.4707344944722498,ast_tov=3.55; resid_three_share_height=1.48; three_pa_per_100_team_poss=0.72; stl_pct=0.12; ast_pct=0.06,tov_pct=-1.98; usg=-1.68; FTR=-1.40; resid_drb_pct_height=-0.77; height_inches=-0.65,eFG,
role_residual_context_only_height_025,k6__division_zscore__role_residual_context_only_height_025__method-nnls__init-furthest_sum__ninit-1,6,division_zscore,role_residual_context_only_height_025,nnls,furthest_sum,0.3368763307950451,,13,mins_per_game|eFG|three_share|orb_pct|drb_pct|three_pct|ft_pct,6,792,0.264,439,353,0.5086092677725567,ast_pct=2.67; usg=2.02; stl_pct=1.76; resid_drb_pct_height=1.03; ast_tov=0.64,height_inches=-1.50; resid_three_share_height=-0.88; blk_pct=-0.56; three_pa_per_100_team_poss=0.02; resid_three_pct_shot_mix=0.11,eFG,
role_residual_context_only_height_025,k7__division_zscore__role_residual_context_only_height_025__method-nnls__init-uniform__ninit-1,7,division_zscore,role_residual_context_only_height_025,nnls,uniform,0.3029113353306103,,13,mins_per_game|eFG|three_share|orb_pct|drb_pct|three_pct|ft_pct,1,360,0.12,192,168,0.4584837224076431,FTR=3.53; height_inches=0.92; tov_pct=0.26; resid_orb_pct_height=0.21; resid_three_pct_shot_mix=0.07,usg=-1.67; stl_pct=-1.47; three_pa_per_100_team_poss=-1.36; ast_pct=-1.22; resid_drb_pct_height=-0.97,eFG,
role_residual_context_only_height_025,k7__division_zscore__role_residual_context_only_height_025__method-nnls__init-uniform__ninit-1,7,division_zscore,role_residual_context_only_height_025,nnls,uniform,0.3029113353306103,,13,mins_per_game|eFG|three_share|orb_pct|drb_pct|three_pct|ft_pct,2,775,0.2583333333333333,419,356,0.4636316211350982,three_pa_per_100_team_poss=2.49; resid_three_share_height=2.22; usg=0.75; height_inches=0.35; resid_three_pct_shot_mix=-0.05,tov_pct=-1.55; ast_tov=-1.48; ast_pct=-1.31; FTR=-1.24; resid_orb_pct_height=-1.19,eFG,
role_residual_context_only_height_025,k7__division_zscore__role_residual_context_only_height_025__method-nnls__init-uniform__ninit-1,7,division_zscore,role_residual_context_only_height_025,nnls,uniform,0.3029113353306103,,13,mins_per_game|eFG|three_share|orb_pct|drb_pct|three_pct|ft_pct,3,374,0.1246666666666666,212,162,0.4795775838729453,blk_pct=3.85; height_inches=2.10; resid_drb_pct_height=1.07; resid_orb_pct_height=0.58; usg=0.30,three_pa_per_100_team_poss=-1.42; stl_pct=-1.32; resid_three_share_height=-1.19; ast_tov=-0.96; ast_pct=-0.49,eFG,
role_residual_context_only_height_025,k7__division_zscore__role_residual_context_only_height_025__method-nnls__init-uniform__ninit-1,7,division_zscore,role_residual_context_only_height_025,nnls,uniform,0.3029113353306103,,13,mins_per_game|eFG|three_share|orb_pct|drb_pct|three_pct|ft_pct,4,272,0.0906666666666666,150,122,0.4404852800545149,ast_tov=3.61; resid_three_share_height=2.19; three_pa_per_100_team_poss=1.11; stl_pct=0.64; resid_three_pct_shot_mix=-0.16,tov_pct=-2.23; usg=-1.84; FTR=-1.80; resid_drb_pct_height=-1.15; blk_pct=-0.87,eFG,
role_residual_context_only_height_025,k7__division_zscore__role_residual_context_only_height_025__method-nnls__init-uniform__ninit-1,7,division_zscore,role_residual_context_only_height_025,nnls,uniform,0.3029113353306103,,13,mins_per_game|eFG|three_share|orb_pct|drb_pct|three_pct|ft_pct,5,223,0.0743333333333333,116,107,0.3941958095119705,stl_pct=3.24; resid_orb_pct_height=2.99; resid_drb_pct_height=1.33; usg=0.46; blk_pct=0.39,resid_three_share_height=-1.83; ast_tov=-1.44; three_pa_per_100_team_poss=-1.35; ast_pct=-1.11; resid_three_pct_shot_mix=-0.57,eFG,
role_residual_context_only_height_025,k7__division_zscore__role_residual_context_only_height_025__method-nnls__init-uniform__ninit-1,7,division_zscore,role_residual_context_only_height_025,nnls,uniform,0.3029113353306103,,13,mins_per_game|eFG|three_share|orb_pct|drb_pct|three_pct|ft_pct,6,245,0.0816666666666666,130,115,0.4291862487342904,tov_pct=3.87; resid_drb_pct_height=0.09; stl_pct=0.06; resid_three_pct_shot_mix=-0.27; blk_pct=-0.29,usg=-2.05; FTR=-1.83; resid_three_share_height=-1.36; three_pa_per_100_team_poss=-1.28; height_inches=-0.75,eFG,
role_residual_context_only_height_025,k7__division_zscore__role_residual_context_only_height_025__method-nnls__init-uniform__ninit-1,7,division_zscore,role_residual_context_only_height_025,nnls,uniform,0.3029113353306103,,13,mins_per_game|eFG|three_share|orb_pct|drb_pct|three_pct|ft_pct,7,751,0.2503333333333333,409,342,0.498680788830028,ast_pct=2.97; usg=1.95; ast_tov=1.28; stl_pct=0.91; resid_drb_pct_height=0.80,height_inches=-1.49; resid_three_share_height=-0.79; blk_pct=-0.55; tov_pct=-0.02; resid_orb_pct_height=-0.00,eFG,
role_residual_context_only_height_025,k8__division_zscore__role_residual_context_only_height_025__method-nnls__init-uniform__ninit-1,8,division_zscore,role_residual_context_only_height_025,nnls,uniform,0.2749070877774018,,13,mins_per_game|eFG|three_share|orb_pct|drb_pct|three_pct|ft_pct,1,369,0.123,192,177,0.4455068245039268,FTR=3.56; height_inches=0.61; tov_pct=0.49; resid_orb_pct_height=0.19; resid_three_pct_shot_mix=-0.06,usg=-1.76; three_pa_per_100_team_poss=-1.40; ast_pct=-1.24; resid_three_share_height=-1.23; resid_drb_pct_height=-0.84,eFG,
role_residual_context_only_height_025,k8__division_zscore__role_residual_context_only_height_025__method-nnls__init-uniform__ninit-1,8,division_zscore,role_residual_context_only_height_025,nnls,uniform,0.2749070877774018,,13,mins_per_game|eFG|three_share|orb_pct|drb_pct|three_pct|ft_pct,2,826,0.2753333333333333,443,383,0.4518674160266331,three_pa_per_100_team_poss=2.48; resid_three_share_height=2.28; usg=0.63; height_inches=0.30; resid_three_pct_shot_mix=0.14,tov_pct=-1.52; stl_pct=-1.42; ast_tov=-1.34; FTR=-1.26; ast_pct=-1.25,eFG,
role_residual_context_only_height_025,k8__division_zscore__role_residual_context_only_height_025__method-nnls__init-uniform__ninit-1,8,division_zscore,role_residual_context_only_height_025,nnls,uniform,0.2749070877774018,,13,mins_per_game|eFG|three_share|orb_pct|drb_pct|three_pct|ft_pct,3,411,0.137,217,194,0.4364216184893016,stl_pct=3.46; usg=1.79; ast_pct=1.61; resid_drb_pct_height=0.57; FTR=0.56,height_inches=-1.31; resid_three_share_height=-0.79; blk_pct=-0.46; resid_three_pct_shot_mix=-0.42; ast_tov=-0.14,eFG,
role_residual_context_only_height_025,k8__division_zscore__role_residual_context_only_height_025__method-nnls__init-uniform__ninit-1,8,division_zscore,role_residual_context_only_height_025,nnls,uniform,0.2749070877774018,,13,mins_per_game|eFG|three_share|orb_pct|drb_pct|three_pct|ft_pct,4,200,0.0666666666666666,122,78,0.4515182295428119,blk_pct=4.04; height_inches=1.95; tov_pct=0.70; FTR=0.18; resid_three_pct_shot_mix=-0.65,usg=-1.71; ast_pct=-1.37; three_pa_per_100_team_poss=-1.37; ast_tov=-1.18; resid_drb_pct_height=-1.10,eFG,
role_residual_context_only_height_025,k8__division_zscore__role_residual_context_only_height_025__method-nnls__init-uniform__ninit-1,8,division_zscore,role_residual_context_only_height_025,nnls,uniform,0.2749070877774018,,13,mins_per_game|eFG|three_share|orb_pct|drb_pct|three_pct|ft_pct,5,239,0.0796666666666666,116,123,0.3974143304854777,tov_pct=3.94; resid_drb_pct_height=0.44; stl_pct=0.30; resid_orb_pct_height=0.25; ast_tov=-0.16,usg=-2.13; FTR=-1.95; resid_three_share_height=-1.84; three_pa_per_100_team_poss=-1.47; ast_pct=-0.97,eFG,
role_residual_context_only_height_025,k8__division_zscore__role_residual_context_only_height_025__method-nnls__init-uniform__ninit-1,8,division_zscore,role_residual_context_only_height_025,nnls,uniform,0.2749070877774018,,13,mins_per_game|eFG|three_share|orb_pct|drb_pct|three_pct|ft_pct,6,254,0.0846666666666666,139,115,0.4234989536962169,ast_tov=3.58; resid_three_share_height=2.18; three_pa_per_100_team_poss=1.17; stl_pct=0.80; resid_three_pct_shot_mix=-0.02,tov_pct=-2.33; usg=-1.84; FTR=-1.80; resid_drb_pct_height=-1.22; blk_pct=-0.83,eFG,
role_residual_context_only_height_025,k8__division_zscore__role_residual_context_only_height_025__method-nnls__init-uniform__ninit-1,8,division_zscore,role_residual_context_only_height_025,nnls,uniform,0.2749070877774018,,13,mins_per_game|eFG|three_share|orb_pct|drb_pct|three_pct|ft_pct,7,400,0.1333333333333333,231,169,0.4460526475604965,ast_pct=3.00; ast_tov=2.25; usg=1.24; three_pa_per_100_team_poss=0.39; resid_three_pct_shot_mix=0.38,height_inches=-1.59; blk_pct=-0.55; stl_pct=-0.50; resid_three_share_height=-0.28; resid_orb_pct_height=-0.26,eFG,
role_residual_context_only_height_025,k8__division_zscore__role_residual_context_only_height_025__method-nnls__init-uniform__ninit-1,8,division_zscore,role_residual_context_only_height_025,nnls,uniform,0.2749070877774018,,13,mins_per_game|eFG|three_share|orb_pct|drb_pct|three_pct|ft_pct,8,301,0.1003333333333333,168,133,0.3918733651915209,resid_orb_pct_height=3.19; resid_drb_pct_height=2.92; usg=2.45; blk_pct=2.39; height_inches=2.27,resid_three_share_height=-1.73; stl_pct=-1.49; three_pa_per_100_team_poss=-1.45; ast_tov=-0.74; tov_pct=-0.64,eFG,
role_residual_height_025,k6__division_zscore__role_residual_height_025__method-nnls__init-uniform__ninit-1,6,division_zscore,role_residual_height_025,nnls,uniform,0.3614062219411871,,16,mins_per_game|eFG|three_pct|ft_pct,1,346,0.1153333333333333,187,159,0.4563014892775585,ast_tov=3.59; three_share=2.09; resid_three_share_height=2.03; three_pa_per_100_team_poss=1.16; stl_pct=0.41,tov_pct=-1.95; usg=-1.67; FTR=-1.62; drb_pct=-1.31; orb_pct=-1.00,eFG,
role_residual_height_025,k6__division_zscore__role_residual_height_025__method-nnls__init-uniform__ninit-1,6,division_zscore,role_residual_height_025,nnls,uniform,0.3614062219411871,,16,mins_per_game|eFG|three_pct|ft_pct,2,325,0.1083333333333333,172,153,0.4763525499436981,FTR=3.50; height_inches=0.63; orb_pct=0.34; tov_pct=0.31; blk_pct=-0.07,resid_drb_pct_height=-1.53; usg=-1.52; three_pa_per_100_team_poss=-1.35; three_share=-1.33; ast_pct=-1.28,eFG,
role_residual_height_025,k6__division_zscore__role_residual_height_025__method-nnls__init-uniform__ninit-1,6,division_zscore,role_residual_height_025,nnls,uniform,0.3614062219411871,,16,mins_per_game|eFG|three_pct|ft_pct,3,821,0.2736666666666666,447,374,0.5104963785444115,ast_pct=2.72; usg=1.90; stl_pct=1.70; resid_drb_pct_height=0.82; ast_tov=0.76,height_inches=-1.52; resid_three_share_height=-0.94; orb_pct=-0.67; blk_pct=-0.65; three_share=-0.47,eFG,
role_residual_height_025,k6__division_zscore__role_residual_height_025__method-nnls__init-uniform__ninit-1,6,division_zscore,role_residual_height_025,nnls,uniform,0.3614062219411871,,16,mins_per_game|eFG|three_pct|ft_pct,4,202,0.0673333333333333,109,93,0.4342773851104638,tov_pct=3.89; blk_pct=0.29; stl_pct=0.01; resid_drb_pct_height=-0.32; resid_three_pct_shot_mix=-0.40,usg=-2.04; FTR=-1.88; resid_three_share_height=-1.45; three_pa_per_100_team_poss=-1.33; three_share=-1.24,eFG,
role_residual_height_025,k6__division_zscore__role_residual_height_025__method-nnls__init-uniform__ninit-1,6,division_zscore,role_residual_height_025,nnls,uniform,0.3614062219411871,,16,mins_per_game|eFG|three_pct|ft_pct,5,699,0.233,373,326,0.4666287550621113,three_pa_per_100_team_poss=2.48; resid_three_share_height=2.32; three_share=2.07; usg=0.50; height_inches=0.49,tov_pct=-1.55; resid_orb_pct_height=-1.51; ast_tov=-1.45; ast_pct=-1.37; FTR=-1.29,eFG,
role_residual_height_025,k6__division_zscore__role_residual_height_025__method-nnls__init-uniform__ninit-1,6,division_zscore,role_residual_height_025,nnls,uniform,0.3614062219411871,,16,mins_per_game|eFG|three_pct|ft_pct,6,607,0.2023333333333333,340,267,0.4753486052151414,blk_pct=3.01; drb_pct=2.72; orb_pct=2.66; resid_drb_pct_height=2.59; resid_orb_pct_height=2.49,three_share=-1.56; three_pa_per_100_team_poss=-1.45; ast_tov=-1.09; resid_three_share_height=-1.05; ast_pct=-0.81,eFG,
role_residual_height_025,k7__division_zscore__role_residual_height_025__method-nnls__init-furthest_first__ninit-1,7,division_zscore,role_residual_height_025,nnls,furthest_first,0.3288383772877349,,16,mins_per_game|eFG|three_pct|ft_pct,1,305,0.1016666666666666,160,145,0.4493886514647095,ast_tov=3.61; three_share=2.18; resid_three_share_height=2.15; three_pa_per_100_team_poss=1.11; stl_pct=0.39,tov_pct=-2.10; usg=-1.78; FTR=-1.70; drb_pct=-1.24; orb_pct=-1.02,eFG,
role_residual_height_025,k7__division_zscore__role_residual_height_025__method-nnls__init-furthest_first__ninit-1,7,division_zscore,role_residual_height_025,nnls,furthest_first,0.3288383772877349,,16,mins_per_game|eFG|three_pct|ft_pct,2,530,0.1766666666666666,301,229,0.4663893131361202,drb_pct=2.73; blk_pct=2.64; resid_drb_pct_height=2.63; height_inches=2.16; orb_pct=2.14,three_share=-1.43; three_pa_per_100_team_poss=-1.28; stl_pct=-1.11; ast_tov=-0.98; resid_three_share_height=-0.82,eFG,
role_residual_height_025,k7__division_zscore__role_residual_height_025__method-nnls__init-furthest_first__ninit-1,7,division_zscore,role_residual_height_025,nnls,furthest_first,0.3288383772877349,,16,mins_per_game|eFG|three_pct|ft_pct,3,195,0.065,103,92,0.4231394793794408,tov_pct=3.87; blk_pct=0.32; stl_pct=-0.04; resid_three_pct_shot_mix=-0.29; resid_drb_pct_height=-0.31,usg=-2.06; FTR=-1.86; resid_three_share_height=-1.42; three_pa_per_100_team_poss=-1.30; three_share=-1.17,eFG,
role_residual_height_025,k7__division_zscore__role_residual_height_025__method-nnls__init-furthest_first__ninit-1,7,division_zscore,role_residual_height_025,nnls,furthest_first,0.3288383772877349,,16,mins_per_game|eFG|three_pct|ft_pct,4,251,0.0836666666666666,136,115,0.4570718812515644,FTR=3.54; height_inches=0.89; tov_pct=0.63; blk_pct=0.42; orb_pct=0.29,usg=-2.05; resid_drb_pct_height=-1.83; stl_pct=-1.56; three_share=-1.39; three_pa_per_100_team_poss=-1.38,eFG,
role_residual_height_025,k7__division_zscore__role_residual_height_025__method-nnls__init-furthest_first__ninit-1,7,division_zscore,role_residual_height_025,nnls,furthest_first,0.3288383772877349,,16,mins_per_game|eFG|three_pct|ft_pct,5,722,0.2406666666666666,390,332,0.4585019932877403,three_pa_per_100_team_poss=2.47; resid_three_share_height=2.31; three_share=2.10; usg=0.41; height_inches=0.35,tov_pct=-1.55; ast_tov=-1.45; FTR=-1.40; ast_pct=-1.39; resid_orb_pct_height=-1.38,eFG,
role_residual_height_025,k7__division_zscore__role_residual_height_025__method-nnls__init-furthest_first__ninit-1,7,division_zscore,role_residual_height_025,nnls,furthest_first,0.3288383772877349,,16,mins_per_game|eFG|three_pct|ft_pct,6,812,0.2706666666666666,438,374,0.5056403990298297,ast_pct=2.87; usg=1.89; stl_pct=1.17; ast_tov=0.99; FTR=0.64,height_inches=-1.61; orb_pct=-0.88; resid_three_share_height=-0.79; blk_pct=-0.67; three_share=-0.33,eFG,
role_residual_height_025,k7__division_zscore__role_residual_height_025__method-nnls__init-furthest_first__ninit-1,7,division_zscore,role_residual_height_025,nnls,furthest_first,0.3288383772877349,,16,mins_per_game|eFG|three_pct|ft_pct,7,185,0.0616666666666666,100,85,0.4014136376762342,stl_pct=3.24; resid_orb_pct_height=3.16; orb_pct=2.92; resid_drb_pct_height=1.41; drb_pct=1.35,resid_three_share_height=-1.77; three_share=-1.53; ast_tov=-1.46; three_pa_per_100_team_poss=-1.43; ast_pct=-1.27,eFG,
role_residual_height_025,k8__division_zscore__role_residual_height_025__method-nnls__init-aa_plus_plus__ninit-1,8,division_zscore,role_residual_height_025,nnls,aa_plus_plus,0.3039979597431767,,16,mins_per_game|eFG|three_pct|ft_pct,1,243,0.081,131,112,0.398288912455824,resid_drb_pct_height=2.56; drb_pct=2.49; resid_three_share_height=1.61; height_inches=1.06; three_pa_per_100_team_poss=0.97,resid_orb_pct_height=-1.78; ast_tov=-0.71; orb_pct=-0.67; ast_pct=-0.26; stl_pct=-0.22,eFG,
role_residual_height_025,k8__division_zscore__role_residual_height_025__method-nnls__init-aa_plus_plus__ninit-1,8,division_zscore,role_residual_height_025,nnls,aa_plus_plus,0.3039979597431767,,16,mins_per_game|eFG|three_pct|ft_pct,2,295,0.0983333333333333,158,137,0.4599621102965566,FTR=3.54; tov_pct=0.75; height_inches=0.45; orb_pct=0.16; blk_pct=-0.22,usg=-1.66; three_pa_per_100_team_poss=-1.36; resid_drb_pct_height=-1.28; three_share=-1.26; ast_pct=-1.21,eFG,
role_residual_height_025,k8__division_zscore__role_residual_height_025__method-nnls__init-aa_plus_plus__ninit-1,8,division_zscore,role_residual_height_025,nnls,aa_plus_plus,0.3039979597431767,,16,mins_per_game|eFG|three_pct|ft_pct,3,537,0.179,285,252,0.4379180038970349,three_pa_per_100_team_poss=2.47; resid_three_share_height=2.22; three_share=2.18; usg=0.29; resid_three_pct_shot_mix=0.09,FTR=-1.74; tov_pct=-1.73; stl_pct=-1.63; ast_pct=-1.36; ast_tov=-1.30,eFG,
role_residual_height_025,k8__division_zscore__role_residual_height_025__method-nnls__init-aa_plus_plus__ninit-1,8,division_zscore,role_residual_height_025,nnls,aa_plus_plus,0.3039979597431767,,16,mins_per_game|eFG|three_pct|ft_pct,4,503,0.1676666666666666,278,225,0.4600777148688272,resid_orb_pct_height=3.18; orb_pct=2.92; drb_pct=2.17; resid_drb_pct_height=2.15; blk_pct=1.62,three_share=-1.53; resid_three_share_height=-1.48; three_pa_per_100_team_poss=-1.43; ast_tov=-0.96; ast_pct=-0.60,eFG,
role_residual_height_025,k8__division_zscore__role_residual_height_025__method-nnls__init-aa_plus_plus__ninit-1,8,division_zscore,role_residual_height_025,nnls,aa_plus_plus,0.3039979597431767,,16,mins_per_game|eFG|three_pct|ft_pct,5,278,0.0926666666666666,153,125,0.4311668931739094,ast_tov=3.61; resid_three_share_height=2.25; three_share=2.22; three_pa_per_100_team_poss=1.23; stl_pct=0.69,tov_pct=-2.31; usg=-1.81; FTR=-1.73; drb_pct=-1.38; resid_drb_pct_height=-1.20,eFG,
role_residual_height_025,k8__division_zscore__role_residual_height_025__method-nnls__init-aa_plus_plus__ninit-1,8,division_zscore,role_residual_height_025,nnls,aa_plus_plus,0.3039979597431767,,16,mins_per_game|eFG|three_pct|ft_pct,6,774,0.258,423,351,0.4992093939194048,ast_pct=2.73; usg=1.98; stl_pct=1.46; ast_tov=1.02; FTR=0.53,height_inches=-1.46; resid_three_share_height=-0.88; orb_pct=-0.83; blk_pct=-0.56; drb_pct=-0.51,eFG,
role_residual_height_025,k8__division_zscore__role_residual_height_025__method-nnls__init-aa_plus_plus__ninit-1,8,division_zscore,role_residual_height_025,nnls,aa_plus_plus,0.3039979597431767,,16,mins_per_game|eFG|three_pct|ft_pct,7,197,0.0656666666666666,98,99,0.4209347235024275,tov_pct=3.83; resid_drb_pct_height=0.45; resid_orb_pct_height=0.08; stl_pct=0.07; ast_tov=-0.11,usg=-2.02; FTR=-1.81; three_pa_per_100_team_poss=-1.21; resid_three_share_height=-1.21; three_share=-0.95,eFG,
role_residual_height_025,k8__division_zscore__role_residual_height_025__method-nnls__init-aa_plus_plus__ninit-1,8,division_zscore,role_residual_height_025,nnls,aa_plus_plus,0.3039979597431767,,16,mins_per_game|eFG|three_pct|ft_pct,8,173,0.0576666666666666,102,71,0.4347385314200787,blk_pct=4.01; height_inches=1.98; tov_pct=0.82; orb_pct=0.68; drb_pct=0.23,stl_pct=-1.61; three_share=-1.55; three_pa_per_100_team_poss=-1.45; ast_tov=-1.38; usg=-1.31,eFG,
quality_lite_residual_height_025,k6__division_zscore__quality_lite_residual_height_025__method-nnls__init-uniform__ninit-1,6,division_zscore,quality_lite_residual_height_025,nnls,uniform,0.3943301221227731,,19,mins_per_game,1,446,0.1486666666666666,234,212,0.4718340729331904,ast_tov=3.50; three_share=1.58; resid_three_share_height=1.43; three_pa_per_100_team_poss=1.01; three_pct=0.47,tov_pct=-1.55; height_inches=-1.46; drb_pct=-1.40; usg=-1.38; FTR=-1.37,three_pct,0.4739070711161177
quality_lite_residual_height_025,k6__division_zscore__quality_lite_residual_height_025__method-nnls__init-uniform__ninit-1,6,division_zscore,quality_lite_residual_height_025,nnls,uniform,0.3943301221227731,,19,mins_per_game,2,318,0.106,171,147,0.4879865237314554,FTR=3.50; tov_pct=0.69; height_inches=0.59; eFG=0.45; orb_pct=0.44,usg=-1.54; three_pct=-1.40; three_share=-1.38; three_pa_per_100_team_poss=-1.36; resid_drb_pct_height=-1.34,three_pct,-1.3993394072387346
quality_lite_residual_height_025,k6__division_zscore__quality_lite_residual_height_025__method-nnls__init-uniform__ninit-1,6,division_zscore,quality_lite_residual_height_025,nnls,uniform,0.3943301221227731,,19,mins_per_game,3,773,0.2576666666666666,423,350,0.5055253658617865,ast_pct=2.59; usg=2.09; stl_pct=1.74; resid_drb_pct_height=0.96; ft_pct=0.84,height_inches=-1.50; resid_three_share_height=-0.90; orb_pct=-0.68; blk_pct=-0.65; three_share=-0.43,three_pct,0.3815058709587745
quality_lite_residual_height_025,k6__division_zscore__quality_lite_residual_height_025__method-nnls__init-uniform__ninit-1,6,division_zscore,quality_lite_residual_height_025,nnls,uniform,0.3943301221227731,,19,mins_per_game,4,150,0.05,78,72,0.4339951567489775,tov_pct=3.80; blk_pct=0.17; stl_pct=0.15; height_inches=-0.34; resid_drb_pct_height=-0.57,ft_pct=-3.47; eFG=-2.72; three_pct=-1.99; usg=-1.96; FTR=-1.75,three_pct,-1.985432189291597
quality_lite_residual_height_025,k6__division_zscore__quality_lite_residual_height_025__method-nnls__init-uniform__ninit-1,6,division_zscore,quality_lite_residual_height_025,nnls,uniform,0.3943301221227731,,19,mins_per_game,5,761,0.2536666666666666,414,347,0.461036528191439,three_pa_per_100_team_poss=2.48; resid_three_share_height=2.38; three_share=1.91; height_inches=0.94; ft_pct=0.91,resid_orb_pct_height=-1.62; tov_pct=-1.52; ast_tov=-1.45; ast_pct=-1.39; stl_pct=-1.06,three_pct,0.8386276518351636
quality_lite_residual_height_025,k6__division_zscore__quality_lite_residual_height_025__method-nnls__init-uniform__ninit-1,6,division_zscore,quality_lite_residual_height_025,nnls,uniform,0.3943301221227731,,19,mins_per_game,6,552,0.184,308,244,0.4768258023438629,blk_pct=3.05; drb_pct=2.72; orb_pct=2.70; resid_drb_pct_height=2.61; resid_orb_pct_height=2.59,three_pct=-1.88; three_share=-1.55; three_pa_per_100_team_poss=-1.44; resid_three_share_height=-1.06; ast_tov=-1.02,three_pct,-1.8808578342637403
quality_lite_residual_height_025,k7__division_zscore__quality_lite_residual_height_025__method-nnls__init-aa_plus_plus__ninit-1,7,division_zscore,quality_lite_residual_height_025,nnls,aa_plus_plus,0.366285016296777,,19,mins_per_game,1,731,0.2436666666666666,408,323,0.5093574926750019,ast_pct=2.74; usg=1.99; stl_pct=1.59; ft_pct=0.88; ast_tov=0.68,height_inches=-1.60; orb_pct=-0.91; resid_three_share_height=-0.70; blk_pct=-0.56; drb_pct=-0.33,three_pct,0.4779315970561705
quality_lite_residual_height_025,k7__division_zscore__quality_lite_residual_height_025__method-nnls__init-aa_plus_plus__ninit-1,7,division_zscore,quality_lite_residual_height_025,nnls,aa_plus_plus,0.366285016296777,,19,mins_per_game,2,730,0.2433333333333333,398,332,0.4555683778150854,three_pa_per_100_team_poss=2.49; resid_three_share_height=2.34; three_share=1.91; ft_pct=0.87; height_inches=0.87,resid_orb_pct_height=-1.64; tov_pct=-1.53; ast_tov=-1.52; ast_pct=-1.39; resid_drb_pct_height=-0.99,three_pct,0.7689947158477838
quality_lite_residual_height_025,k7__division_zscore__quality_lite_residual_height_025__method-nnls__init-aa_plus_plus__ninit-1,7,division_zscore,quality_lite_residual_height_025,nnls,aa_plus_plus,0.366285016296777,,19,mins_per_game,3,205,0.0683333333333333,110,95,0.4730010463555472,FTR=3.53; tov_pct=0.95; height_inches=0.30; blk_pct=0.04; orb_pct=-0.05,three_pct=-1.67; usg=-1.59; resid_drb_pct_height=-1.56; drb_pct=-1.34; three_pa_per_100_team_poss=-1.33,three_pct,-1.6738410595732371
quality_lite_residual_height_025,k7__division_zscore__quality_lite_residual_height_025__method-nnls__init-aa_plus_plus__ninit-1,7,division_zscore,quality_lite_residual_height_025,nnls,aa_plus_plus,0.366285016296777,,19,mins_per_game,4,471,0.157,247,224,0.4506954290952387,resid_orb_pct_height=2.93; orb_pct=2.77; resid_drb_pct_height=2.65; drb_pct=2.57; FTR=1.40,three_share=-1.35; resid_three_share_height=-1.26; three_pa_per_100_team_poss=-1.23; ast_tov=-0.90; tov_pct=-0.62,three_pct,-0.3436820920233218
quality_lite_residual_height_025,k7__division_zscore__quality_lite_residual_height_025__method-nnls__init-aa_plus_plus__ninit-1,7,division_zscore,quality_lite_residual_height_025,nnls,aa_plus_plus,0.366285016296777,,19,mins_per_game,5,265,0.0883333333333333,156,109,0.4819456209533383,blk_pct=3.96; height_inches=2.00; eFG=1.82; orb_pct=1.33; drb_pct=1.02,three_pct=-1.98; three_share=-1.56; three_pa_per_100_team_poss=-1.46; ast_tov=-0.99; stl_pct=-0.98,three_pct,-1.9835792809131143
quality_lite_residual_height_025,k7__division_zscore__quality_lite_residual_height_025__method-nnls__init-aa_plus_plus__ninit-1,7,division_zscore,quality_lite_residual_height_025,nnls,aa_plus_plus,0.366285016296777,,19,mins_per_game,6,414,0.138,222,192,0.4665533421295215,ast_tov=3.48; three_share=1.72; resid_three_share_height=1.66; three_pa_per_100_team_poss=1.06; three_pct=0.66,tov_pct=-1.69; usg=-1.44; FTR=-1.26; drb_pct=-1.22; height_inches=-1.17,three_pct,0.6620326243262442
quality_lite_residual_height_025,k7__division_zscore__quality_lite_residual_height_025__method-nnls__init-aa_plus_plus__ninit-1,7,division_zscore,quality_lite_residual_height_025,nnls,aa_plus_plus,0.366285016296777,,19,mins_per_game,7,184,0.0613333333333333,87,97,0.4189364894369921,tov_pct=3.68; stl_pct=0.35; resid_drb_pct_height=0.12; resid_orb_pct_height=0.07; ast_tov=-0.32,ft_pct=-3.25; eFG=-2.94; usg=-1.98; three_pct=-1.87; FTR=-1.74,three_pct,-1.8694506718727728
quality_lite_residual_height_025,k8__division_zscore__quality_lite_residual_height_025__method-nnls__init-aa_plus_plus__ninit-1,8,division_zscore,quality_lite_residual_height_025,nnls,aa_plus_plus,0.3498785561307565,,19,mins_per_game,1,529,0.1763333333333333,307,222,0.4419119229795171,ast_pct=3.03; usg=1.93; ast_tov=1.76; ft_pct=1.06; three_pct=0.61,height_inches=-1.78; orb_pct=-0.93; drb_pct=-0.69; resid_three_share_height=-0.67; FTR=-0.60,three_pct,0.6078916148066438
quality_lite_residual_height_025,k8__division_zscore__quality_lite_residual_height_025__method-nnls__init-aa_plus_plus__ninit-1,8,division_zscore,quality_lite_residual_height_025,nnls,aa_plus_plus,0.3498785561307565,,19,mins_per_game,2,752,0.2506666666666666,405,347,0.4366160202801528,three_pa_per_100_team_poss=2.47; resid_three_share_height=2.41; three_share=1.89; three_pct=0.93; ft_pct=0.92,resid_orb_pct_height=-1.87; ast_tov=-1.42; ast_pct=-1.41; tov_pct=-1.18; resid_drb_pct_height=-1.06,three_pct,0.9280358994308456
quality_lite_residual_height_025,k8__division_zscore__quality_lite_residual_height_025__method-nnls__init-aa_plus_plus__ninit-1,8,division_zscore,quality_lite_residual_height_025,nnls,aa_plus_plus,0.3498785561307565,,19,mins_per_game,3,312,0.104,166,146,0.43774446051854,ast_tov=3.61; three_share=2.22; resid_three_share_height=2.14; three_pa_per_100_team_poss=1.57; stl_pct=0.55,tov_pct=-1.87; FTR=-1.57; drb_pct=-1.49; usg=-1.42; height_inches=-1.38,three_pct,0.4479379932359498
quality_lite_residual_height_025,k8__division_zscore__quality_lite_residual_height_025__method-nnls__init-aa_plus_plus__ninit-1,8,division_zscore,quality_lite_residual_height_025,nnls,aa_plus_plus,0.3498785561307565,,19,mins_per_game,4,588,0.196,330,258,0.4668806464987574,blk_pct=2.90; drb_pct=2.68; resid_drb_pct_height=2.59; orb_pct=2.45; resid_orb_pct_height=2.16,three_pct=-1.59; three_share=-1.54; three_pa_per_100_team_poss=-1.41; resid_three_share_height=-0.94; ast_tov=-0.94,three_pct,-1.5943714454941118
quality_lite_residual_height_025,k8__division_zscore__quality_lite_residual_height_025__method-nnls__init-aa_plus_plus__ninit-1,8,division_zscore,quality_lite_residual_height_025,nnls,aa_plus_plus,0.3498785561307565,,19,mins_per_game,5,354,0.118,173,181,0.4255553392807613,stl_pct=3.42; FTR=2.12; ast_pct=1.57; tov_pct=1.11; resid_drb_pct_height=1.00,resid_three_share_height=-1.08; height_inches=-1.06; orb_pct=-0.63; three_share=-0.59; three_pa_per_100_team_poss=-0.59,three_pct,0.0430570963569586
quality_lite_residual_height_025,k8__division_zscore__quality_lite_residual_height_025__method-nnls__init-aa_plus_plus__ninit-1,8,division_zscore,quality_lite_residual_height_025,nnls,aa_plus_plus,0.3498785561307565,,19,mins_per_game,6,81,0.027,45,36,0.357951212640229,resid_orb_pct_height=3.19; orb_pct=2.93; height_inches=1.08; usg=0.60; resid_three_share_height=0.40,resid_three_pct_shot_mix=-2.80; eFG=-2.26; stl_pct=-2.07; resid_drb_pct_height=-2.05; three_pct=-1.93,three_pct,-1.9281435436668275
quality_lite_residual_height_025,k8__division_zscore__quality_lite_residual_height_025__method-nnls__init-aa_plus_plus__ninit-1,8,division_zscore,quality_lite_residual_height_025,nnls,aa_plus_plus,0.3498785561307565,,19,mins_per_game,7,210,0.07,117,93,0.4562841093401617,FTR=3.52; eFG=1.08; height_inches=0.95; tov_pct=0.51; orb_pct=0.47,usg=-1.99; stl_pct=-1.76; resid_drb_pct_height=-1.74; three_pct=-1.59; three_pa_per_100_team_poss=-1.34,three_pct,-1.5911003527965413
quality_lite_residual_height_025,k8__division_zscore__quality_lite_residual_height_025__method-nnls__init-aa_plus_plus__ninit-1,8,division_zscore,quality_lite_residual_height_025,nnls,aa_plus_plus,0.3498785561307565,,19,mins_per_game,8,174,0.058,85,89,0.4032529874953709,tov_pct=3.87; blk_pct=0.50; stl_pct=-0.03; height_inches=-0.43; resid_three_pct_shot_mix=-0.49,ft_pct=-3.65; eFG=-2.39; usg=-1.95; FTR=-1.86; three_pct=-1.71,three_pct,-1.7060398423899912
role_residual_context_only_height_025,k6__division_zscore__role_residual_context_only_height_025__method-nnls__init-furthest_sum__ninit-1,6,division_zscore,role_residual_context_only_height_025,nnls,furthest_sum,0.3368763307950451,,13,mins_per_game|eFG|three_share|orb_pct|drb_pct|three_pct|ft_pct,1,399,0.133,214,185,0.491566233306474,blk_pct=3.72; height_inches=1.81; resid_orb_pct_height=1.61; resid_drb_pct_height=1.58; usg=0.59,three_pa_per_100_team_poss=-1.40; resid_three_share_height=-1.12; ast_tov=-1.08; ast_pct=-0.76; stl_pct=-0.68,three_pct,
role_residual_context_only_height_025,k6__division_zscore__role_residual_context_only_height_025__method-nnls__init-furthest_sum__ninit-1,6,division_zscore,role_residual_context_only_height_025,nnls,furthest_sum,0.3368763307950451,,13,mins_per_game|eFG|three_share|orb_pct|drb_pct|three_pct|ft_pct,2,256,0.0853333333333333,134,122,0.4312523759271313,tov_pct=3.94; stl_pct=0.18; resid_drb_pct_height=-0.06; blk_pct=-0.17; resid_three_pct_shot_mix=-0.38,usg=-2.09; FTR=-1.85; resid_three_share_height=-1.65; three_pa_per_100_team_poss=-1.42; ast_pct=-0.80,three_pct,
role_residual_context_only_height_025,k6__division_zscore__role_residual_context_only_height_025__method-nnls__init-furthest_sum__ninit-1,6,division_zscore,role_residual_context_only_height_025,nnls,furthest_sum,0.3368763307950451,,13,mins_per_game|eFG|three_share|orb_pct|drb_pct|three_pct|ft_pct,3,447,0.149,247,200,0.4804909346980892,FTR=3.56; height_inches=0.93; resid_orb_pct_height=0.69; tov_pct=-0.01; resid_three_pct_shot_mix=-0.17,three_pa_per_100_team_poss=-1.44; ast_pct=-1.20; usg=-1.16; resid_three_share_height=-1.11; ast_tov=-0.87,three_pct,
role_residual_context_only_height_025,k6__division_zscore__role_residual_context_only_height_025__method-nnls__init-furthest_sum__ninit-1,6,division_zscore,role_residual_context_only_height_025,nnls,furthest_sum,0.3368763307950451,,13,mins_per_game|eFG|three_share|orb_pct|drb_pct|three_pct|ft_pct,4,770,0.2566666666666666,414,356,0.4768149356626522,three_pa_per_100_team_poss=2.49; resid_three_share_height=2.28; usg=0.58; height_inches=0.46; resid_three_pct_shot_mix=-0.04,tov_pct=-1.61; ast_tov=-1.48; ast_pct=-1.36; FTR=-1.34; resid_orb_pct_height=-1.26,three_pct,
role_residual_context_only_height_025,k6__division_zscore__role_residual_context_only_height_025__method-nnls__init-furthest_sum__ninit-1,6,division_zscore,role_residual_context_only_height_025,nnls,furthest_sum,0.3368763307950451,,13,mins_per_game|eFG|three_share|orb_pct|drb_pct|three_pct|ft_pct,5,336,0.112,180,156,0.4707344944722498,ast_tov=3.55; resid_three_share_height=1.48; three_pa_per_100_team_poss=0.72; stl_pct=0.12; ast_pct=0.06,tov_pct=-1.98; usg=-1.68; FTR=-1.40; resid_drb_pct_height=-0.77; height_inches=-0.65,three_pct,
role_residual_context_only_height_025,k6__division_zscore__role_residual_context_only_height_025__method-nnls__init-furthest_sum__ninit-1,6,division_zscore,role_residual_context_only_height_025,nnls,furthest_sum,0.3368763307950451,,13,mins_per_game|eFG|three_share|orb_pct|drb_pct|three_pct|ft_pct,6,792,0.264,439,353,0.5086092677725567,ast_pct=2.67; usg=2.02; stl_pct=1.76; resid_drb_pct_height=1.03; ast_tov=0.64,height_inches=-1.50; resid_three_share_height=-0.88; blk_pct=-0.56; three_pa_per_100_team_poss=0.02; resid_three_pct_shot_mix=0.11,three_pct,
role_residual_context_only_height_025,k7__division_zscore__role_residual_context_only_height_025__method-nnls__init-uniform__ninit-1,7,division_zscore,role_residual_context_only_height_025,nnls,uniform,0.3029113353306103,,13,mins_per_game|eFG|three_share|orb_pct|drb_pct|three_pct|ft_pct,1,360,0.12,192,168,0.4584837224076431,FTR=3.53; height_inches=0.92; tov_pct=0.26; resid_orb_pct_height=0.21; resid_three_pct_shot_mix=0.07,usg=-1.67; stl_pct=-1.47; three_pa_per_100_team_poss=-1.36; ast_pct=-1.22; resid_drb_pct_height=-0.97,three_pct,
role_residual_context_only_height_025,k7__division_zscore__role_residual_context_only_height_025__method-nnls__init-uniform__ninit-1,7,division_zscore,role_residual_context_only_height_025,nnls,uniform,0.3029113353306103,,13,mins_per_game|eFG|three_share|orb_pct|drb_pct|three_pct|ft_pct,2,775,0.2583333333333333,419,356,0.4636316211350982,three_pa_per_100_team_poss=2.49; resid_three_share_height=2.22; usg=0.75; height_inches=0.35; resid_three_pct_shot_mix=-0.05,tov_pct=-1.55; ast_tov=-1.48; ast_pct=-1.31; FTR=-1.24; resid_orb_pct_height=-1.19,three_pct,
role_residual_context_only_height_025,k7__division_zscore__role_residual_context_only_height_025__method-nnls__init-uniform__ninit-1,7,division_zscore,role_residual_context_only_height_025,nnls,uniform,0.3029113353306103,,13,mins_per_game|eFG|three_share|orb_pct|drb_pct|three_pct|ft_pct,3,374,0.1246666666666666,212,162,0.4795775838729453,blk_pct=3.85; height_inches=2.10; resid_drb_pct_height=1.07; resid_orb_pct_height=0.58; usg=0.30,three_pa_per_100_team_poss=-1.42; stl_pct=-1.32; resid_three_share_height=-1.19; ast_tov=-0.96; ast_pct=-0.49,three_pct,
role_residual_context_only_height_025,k7__division_zscore__role_residual_context_only_height_025__method-nnls__init-uniform__ninit-1,7,division_zscore,role_residual_context_only_height_025,nnls,uniform,0.3029113353306103,,13,mins_per_game|eFG|three_share|orb_pct|drb_pct|three_pct|ft_pct,4,272,0.0906666666666666,150,122,0.4404852800545149,ast_tov=3.61; resid_three_share_height=2.19; three_pa_per_100_team_poss=1.11; stl_pct=0.64; resid_three_pct_shot_mix=-0.16,tov_pct=-2.23; usg=-1.84; FTR=-1.80; resid_drb_pct_height=-1.15; blk_pct=-0.87,three_pct,
role_residual_context_only_height_025,k7__division_zscore__role_residual_context_only_height_025__method-nnls__init-uniform__ninit-1,7,division_zscore,role_residual_context_only_height_025,nnls,uniform,0.3029113353306103,,13,mins_per_game|eFG|three_share|orb_pct|drb_pct|three_pct|ft_pct,5,223,0.0743333333333333,116,107,0.3941958095119705,stl_pct=3.24; resid_orb_pct_height=2.99; resid_drb_pct_height=1.33; usg=0.46; blk_pct=0.39,resid_three_share_height=-1.83; ast_tov=-1.44; three_pa_per_100_team_poss=-1.35; ast_pct=-1.11; resid_three_pct_shot_mix=-0.57,three_pct,
role_residual_context_only_height_025,k7__division_zscore__role_residual_context_only_height_025__method-nnls__init-uniform__ninit-1,7,division_zscore,role_residual_context_only_height_025,nnls,uniform,0.3029113353306103,,13,mins_per_game|eFG|three_share|orb_pct|drb_pct|three_pct|ft_pct,6,245,0.0816666666666666,130,115,0.4291862487342904,tov_pct=3.87; resid_drb_pct_height=0.09; stl_pct=0.06; resid_three_pct_shot_mix=-0.27; blk_pct=-0.29,usg=-2.05; FTR=-1.83; resid_three_share_height=-1.36; three_pa_per_100_team_poss=-1.28; height_inches=-0.75,three_pct,
role_residual_context_only_height_025,k7__division_zscore__role_residual_context_only_height_025__method-nnls__init-uniform__ninit-1,7,division_zscore,role_residual_context_only_height_025,nnls,uniform,0.3029113353306103,,13,mins_per_game|eFG|three_share|orb_pct|drb_pct|three_pct|ft_pct,7,751,0.2503333333333333,409,342,0.498680788830028,ast_pct=2.97; usg=1.95; ast_tov=1.28; stl_pct=0.91; resid_drb_pct_height=0.80,height_inches=-1.49; resid_three_share_height=-0.79; blk_pct=-0.55; tov_pct=-0.02; resid_orb_pct_height=-0.00,three_pct,
role_residual_context_only_height_025,k8__division_zscore__role_residual_context_only_height_025__method-nnls__init-uniform__ninit-1,8,division_zscore,role_residual_context_only_height_025,nnls,uniform,0.2749070877774018,,13,mins_per_game|eFG|three_share|orb_pct|drb_pct|three_pct|ft_pct,1,369,0.123,192,177,0.4455068245039268,FTR=3.56; height_inches=0.61; tov_pct=0.49; resid_orb_pct_height=0.19; resid_three_pct_shot_mix=-0.06,usg=-1.76; three_pa_per_100_team_poss=-1.40; ast_pct=-1.24; resid_three_share_height=-1.23; resid_drb_pct_height=-0.84,three_pct,
role_residual_context_only_height_025,k8__division_zscore__role_residual_context_only_height_025__method-nnls__init-uniform__ninit-1,8,division_zscore,role_residual_context_only_height_025,nnls,uniform,0.2749070877774018,,13,mins_per_game|eFG|three_share|orb_pct|drb_pct|three_pct|ft_pct,2,826,0.2753333333333333,443,383,0.4518674160266331,three_pa_per_100_team_poss=2.48; resid_three_share_height=2.28; usg=0.63; height_inches=0.30; resid_three_pct_shot_mix=0.14,tov_pct=-1.52; stl_pct=-1.42; ast_tov=-1.34; FTR=-1.26; ast_pct=-1.25,three_pct,
role_residual_context_only_height_025,k8__division_zscore__role_residual_context_only_height_025__method-nnls__init-uniform__ninit-1,8,division_zscore,role_residual_context_only_height_025,nnls,uniform,0.2749070877774018,,13,mins_per_game|eFG|three_share|orb_pct|drb_pct|three_pct|ft_pct,3,411,0.137,217,194,0.4364216184893016,stl_pct=3.46; usg=1.79; ast_pct=1.61; resid_drb_pct_height=0.57; FTR=0.56,height_inches=-1.31; resid_three_share_height=-0.79; blk_pct=-0.46; resid_three_pct_shot_mix=-0.42; ast_tov=-0.14,three_pct,
role_residual_context_only_height_025,k8__division_zscore__role_residual_context_only_height_025__method-nnls__init-uniform__ninit-1,8,division_zscore,role_residual_context_only_height_025,nnls,uniform,0.2749070877774018,,13,mins_per_game|eFG|three_share|orb_pct|drb_pct|three_pct|ft_pct,4,200,0.0666666666666666,122,78,0.4515182295428119,blk_pct=4.04; height_inches=1.95; tov_pct=0.70; FTR=0.18; resid_three_pct_shot_mix=-0.65,usg=-1.71; ast_pct=-1.37; three_pa_per_100_team_poss=-1.37; ast_tov=-1.18; resid_drb_pct_height=-1.10,three_pct,
role_residual_context_only_height_025,k8__division_zscore__role_residual_context_only_height_025__method-nnls__init-uniform__ninit-1,8,division_zscore,role_residual_context_only_height_025,nnls,uniform,0.2749070877774018,,13,mins_per_game|eFG|three_share|orb_pct|drb_pct|three_pct|ft_pct,5,239,0.0796666666666666,116,123,0.3974143304854777,tov_pct=3.94; resid_drb_pct_height=0.44; stl_pct=0.30; resid_orb_pct_height=0.25; ast_tov=-0.16,usg=-2.13; FTR=-1.95; resid_three_share_height=-1.84; three_pa_per_100_team_poss=-1.47; ast_pct=-0.97,three_pct,
role_residual_context_only_height_025,k8__division_zscore__role_residual_context_only_height_025__method-nnls__init-uniform__ninit-1,8,division_zscore,role_residual_context_only_height_025,nnls,uniform,0.2749070877774018,,13,mins_per_game|eFG|three_share|orb_pct|drb_pct|three_pct|ft_pct,6,254,0.0846666666666666,139,115,0.4234989536962169,ast_tov=3.58; resid_three_share_height=2.18; three_pa_per_100_team_poss=1.17; stl_pct=0.80; resid_three_pct_shot_mix=-0.02,tov_pct=-2.33; usg=-1.84; FTR=-1.80; resid_drb_pct_height=-1.22; blk_pct=-0.83,three_pct,
role_residual_context_only_height_025,k8__division_zscore__role_residual_context_only_height_025__method-nnls__init-uniform__ninit-1,8,division_zscore,role_residual_context_only_height_025,nnls,uniform,0.2749070877774018,,13,mins_per_game|eFG|three_share|orb_pct|drb_pct|three_pct|ft_pct,7,400,0.1333333333333333,231,169,0.4460526475604965,ast_pct=3.00; ast_tov=2.25; usg=1.24; three_pa_per_100_team_poss=0.39; resid_three_pct_shot_mix=0.38,height_inches=-1.59; blk_pct=-0.55; stl_pct=-0.50; resid_three_share_height=-0.28; resid_orb_pct_height=-0.26,three_pct,
role_residual_context_only_height_025,k8__division_zscore__role_residual_context_only_height_025__method-nnls__init-uniform__ninit-1,8,division_zscore,role_residual_context_only_height_025,nnls,uniform,0.2749070877774018,,13,mins_per_game|eFG|three_share|orb_pct|drb_pct|three_pct|ft_pct,8,301,0.1003333333333333,168,133,0.3918733651915209,resid_orb_pct_height=3.19; resid_drb_pct_height=2.92; usg=2.45; blk_pct=2.39; height_inches=2.27,resid_three_share_height=-1.73; stl_pct=-1.49; three_pa_per_100_team_poss=-1.45; ast_tov=-0.74; tov_pct=-0.64,three_pct,
role_residual_height_025,k6__division_zscore__role_residual_height_025__method-nnls__init-uniform__ninit-1,6,division_zscore,role_residual_height_025,nnls,uniform,0.3614062219411871,,16,mins_per_game|eFG|three_pct|ft_pct,1,346,0.1153333333333333,187,159,0.4563014892775585,ast_tov=3.59; three_share=2.09; resid_three_share_height=2.03; three_pa_per_100_team_poss=1.16; stl_pct=0.41,tov_pct=-1.95; usg=-1.67; FTR=-1.62; drb_pct=-1.31; orb_pct=-1.00,three_pct,
role_residual_height_025,k6__division_zscore__role_residual_height_025__method-nnls__init-uniform__ninit-1,6,division_zscore,role_residual_height_025,nnls,uniform,0.3614062219411871,,16,mins_per_game|eFG|three_pct|ft_pct,2,325,0.1083333333333333,172,153,0.4763525499436981,FTR=3.50; height_inches=0.63; orb_pct=0.34; tov_pct=0.31; blk_pct=-0.07,resid_drb_pct_height=-1.53; usg=-1.52; three_pa_per_100_team_poss=-1.35; three_share=-1.33; ast_pct=-1.28,three_pct,
role_residual_height_025,k6__division_zscore__role_residual_height_025__method-nnls__init-uniform__ninit-1,6,division_zscore,role_residual_height_025,nnls,uniform,0.3614062219411871,,16,mins_per_game|eFG|three_pct|ft_pct,3,821,0.2736666666666666,447,374,0.5104963785444115,ast_pct=2.72; usg=1.90; stl_pct=1.70; resid_drb_pct_height=0.82; ast_tov=0.76,height_inches=-1.52; resid_three_share_height=-0.94; orb_pct=-0.67; blk_pct=-0.65; three_share=-0.47,three_pct,
role_residual_height_025,k6__division_zscore__role_residual_height_025__method-nnls__init-uniform__ninit-1,6,division_zscore,role_residual_height_025,nnls,uniform,0.3614062219411871,,16,mins_per_game|eFG|three_pct|ft_pct,4,202,0.0673333333333333,109,93,0.4342773851104638,tov_pct=3.89; blk_pct=0.29; stl_pct=0.01; resid_drb_pct_height=-0.32; resid_three_pct_shot_mix=-0.40,usg=-2.04; FTR=-1.88; resid_three_share_height=-1.45; three_pa_per_100_team_poss=-1.33; three_share=-1.24,three_pct,
role_residual_height_025,k6__division_zscore__role_residual_height_025__method-nnls__init-uniform__ninit-1,6,division_zscore,role_residual_height_025,nnls,uniform,0.3614062219411871,,16,mins_per_game|eFG|three_pct|ft_pct,5,699,0.233,373,326,0.4666287550621113,three_pa_per_100_team_poss=2.48; resid_three_share_height=2.32; three_share=2.07; usg=0.50; height_inches=0.49,tov_pct=-1.55; resid_orb_pct_height=-1.51; ast_tov=-1.45; ast_pct=-1.37; FTR=-1.29,three_pct,
role_residual_height_025,k6__division_zscore__role_residual_height_025__method-nnls__init-uniform__ninit-1,6,division_zscore,role_residual_height_025,nnls,uniform,0.3614062219411871,,16,mins_per_game|eFG|three_pct|ft_pct,6,607,0.2023333333333333,340,267,0.4753486052151414,blk_pct=3.01; drb_pct=2.72; orb_pct=2.66; resid_drb_pct_height=2.59; resid_orb_pct_height=2.49,three_share=-1.56; three_pa_per_100_team_poss=-1.45; ast_tov=-1.09; resid_three_share_height=-1.05; ast_pct=-0.81,three_pct,
role_residual_height_025,k7__division_zscore__role_residual_height_025__method-nnls__init-furthest_first__ninit-1,7,division_zscore,role_residual_height_025,nnls,furthest_first,0.3288383772877349,,16,mins_per_game|eFG|three_pct|ft_pct,1,305,0.1016666666666666,160,145,0.4493886514647095,ast_tov=3.61; three_share=2.18; resid_three_share_height=2.15; three_pa_per_100_team_poss=1.11; stl_pct=0.39,tov_pct=-2.10; usg=-1.78; FTR=-1.70; drb_pct=-1.24; orb_pct=-1.02,three_pct,
role_residual_height_025,k7__division_zscore__role_residual_height_025__method-nnls__init-furthest_first__ninit-1,7,division_zscore,role_residual_height_025,nnls,furthest_first,0.3288383772877349,,16,mins_per_game|eFG|three_pct|ft_pct,2,530,0.1766666666666666,301,229,0.4663893131361202,drb_pct=2.73; blk_pct=2.64; resid_drb_pct_height=2.63; height_inches=2.16; orb_pct=2.14,three_share=-1.43; three_pa_per_100_team_poss=-1.28; stl_pct=-1.11; ast_tov=-0.98; resid_three_share_height=-0.82,three_pct,
role_residual_height_025,k7__division_zscore__role_residual_height_025__method-nnls__init-furthest_first__ninit-1,7,division_zscore,role_residual_height_025,nnls,furthest_first,0.3288383772877349,,16,mins_per_game|eFG|three_pct|ft_pct,3,195,0.065,103,92,0.4231394793794408,tov_pct=3.87; blk_pct=0.32; stl_pct=-0.04; resid_three_pct_shot_mix=-0.29; resid_drb_pct_height=-0.31,usg=-2.06; FTR=-1.86; resid_three_share_height=-1.42; three_pa_per_100_team_poss=-1.30; three_share=-1.17,three_pct,
role_residual_height_025,k7__division_zscore__role_residual_height_025__method-nnls__init-furthest_first__ninit-1,7,division_zscore,role_residual_height_025,nnls,furthest_first,0.3288383772877349,,16,mins_per_game|eFG|three_pct|ft_pct,4,251,0.0836666666666666,136,115,0.4570718812515644,FTR=3.54; height_inches=0.89; tov_pct=0.63; blk_pct=0.42; orb_pct=0.29,usg=-2.05; resid_drb_pct_height=-1.83; stl_pct=-1.56; three_share=-1.39; three_pa_per_100_team_poss=-1.38,three_pct,
role_residual_height_025,k7__division_zscore__role_residual_height_025__method-nnls__init-furthest_first__ninit-1,7,division_zscore,role_residual_height_025,nnls,furthest_first,0.3288383772877349,,16,mins_per_game|eFG|three_pct|ft_pct,5,722,0.2406666666666666,390,332,0.4585019932877403,three_pa_per_100_team_poss=2.47; resid_three_share_height=2.31; three_share=2.10; usg=0.41; height_inches=0.35,tov_pct=-1.55; ast_tov=-1.45; FTR=-1.40; ast_pct=-1.39; resid_orb_pct_height=-1.38,three_pct,
role_residual_height_025,k7__division_zscore__role_residual_height_025__method-nnls__init-furthest_first__ninit-1,7,division_zscore,role_residual_height_025,nnls,furthest_first,0.3288383772877349,,16,mins_per_game|eFG|three_pct|ft_pct,6,812,0.2706666666666666,438,374,0.5056403990298297,ast_pct=2.87; usg=1.89; stl_pct=1.17; ast_tov=0.99; FTR=0.64,height_inches=-1.61; orb_pct=-0.88; resid_three_share_height=-0.79; blk_pct=-0.67; three_share=-0.33,three_pct,
role_residual_height_025,k7__division_zscore__role_residual_height_025__method-nnls__init-furthest_first__ninit-1,7,division_zscore,role_residual_height_025,nnls,furthest_first,0.3288383772877349,,16,mins_per_game|eFG|three_pct|ft_pct,7,185,0.0616666666666666,100,85,0.4014136376762342,stl_pct=3.24; resid_orb_pct_height=3.16; orb_pct=2.92; resid_drb_pct_height=1.41; drb_pct=1.35,resid_three_share_height=-1.77; three_share=-1.53; ast_tov=-1.46; three_pa_per_100_team_poss=-1.43; ast_pct=-1.27,three_pct,
role_residual_height_025,k8__division_zscore__role_residual_height_025__method-nnls__init-aa_plus_plus__ninit-1,8,division_zscore,role_residual_height_025,nnls,aa_plus_plus,0.3039979597431767,,16,mins_per_game|eFG|three_pct|ft_pct,1,243,0.081,131,112,0.398288912455824,resid_drb_pct_height=2.56; drb_pct=2.49; resid_three_share_height=1.61; height_inches=1.06; three_pa_per_100_team_poss=0.97,resid_orb_pct_height=-1.78; ast_tov=-0.71; orb_pct=-0.67; ast_pct=-0.26; stl_pct=-0.22,three_pct,
role_residual_height_025,k8__division_zscore__role_residual_height_025__method-nnls__init-aa_plus_plus__ninit-1,8,division_zscore,role_residual_height_025,nnls,aa_plus_plus,0.3039979597431767,,16,mins_per_game|eFG|three_pct|ft_pct,2,295,0.0983333333333333,158,137,0.4599621102965566,FTR=3.54; tov_pct=0.75; height_inches=0.45; orb_pct=0.16; blk_pct=-0.22,usg=-1.66; three_pa_per_100_team_poss=-1.36; resid_drb_pct_height=-1.28; three_share=-1.26; ast_pct=-1.21,three_pct,
role_residual_height_025,k8__division_zscore__role_residual_height_025__method-nnls__init-aa_plus_plus__ninit-1,8,division_zscore,role_residual_height_025,nnls,aa_plus_plus,0.3039979597431767,,16,mins_per_game|eFG|three_pct|ft_pct,3,537,0.179,285,252,0.4379180038970349,three_pa_per_100_team_poss=2.47; resid_three_share_height=2.22; three_share=2.18; usg=0.29; resid_three_pct_shot_mix=0.09,FTR=-1.74; tov_pct=-1.73; stl_pct=-1.63; ast_pct=-1.36; ast_tov=-1.30,three_pct,
role_residual_height_025,k8__division_zscore__role_residual_height_025__method-nnls__init-aa_plus_plus__ninit-1,8,division_zscore,role_residual_height_025,nnls,aa_plus_plus,0.3039979597431767,,16,mins_per_game|eFG|three_pct|ft_pct,4,503,0.1676666666666666,278,225,0.4600777148688272,resid_orb_pct_height=3.18; orb_pct=2.92; drb_pct=2.17; resid_drb_pct_height=2.15; blk_pct=1.62,three_share=-1.53; resid_three_share_height=-1.48; three_pa_per_100_team_poss=-1.43; ast_tov=-0.96; ast_pct=-0.60,three_pct,
role_residual_height_025,k8__division_zscore__role_residual_height_025__method-nnls__init-aa_plus_plus__ninit-1,8,division_zscore,role_residual_height_025,nnls,aa_plus_plus,0.3039979597431767,,16,mins_per_game|eFG|three_pct|ft_pct,5,278,0.0926666666666666,153,125,0.4311668931739094,ast_tov=3.61; resid_three_share_height=2.25; three_share=2.22; three_pa_per_100_team_poss=1.23; stl_pct=0.69,tov_pct=-2.31; usg=-1.81; FTR=-1.73; drb_pct=-1.38; resid_drb_pct_height=-1.20,three_pct,
role_residual_height_025,k8__division_zscore__role_residual_height_025__method-nnls__init-aa_plus_plus__ninit-1,8,division_zscore,role_residual_height_025,nnls,aa_plus_plus,0.3039979597431767,,16,mins_per_game|eFG|three_pct|ft_pct,6,774,0.258,423,351,0.4992093939194048,ast_pct=2.73; usg=1.98; stl_pct=1.46; ast_tov=1.02; FTR=0.53,height_inches=-1.46; resid_three_share_height=-0.88; orb_pct=-0.83; blk_pct=-0.56; drb_pct=-0.51,three_pct,
role_residual_height_025,k8__division_zscore__role_residual_height_025__method-nnls__init-aa_plus_plus__ninit-1,8,division_zscore,role_residual_height_025,nnls,aa_plus_plus,0.3039979597431767,,16,mins_per_game|eFG|three_pct|ft_pct,7,197,0.0656666666666666,98,99,0.4209347235024275,tov_pct=3.83; resid_drb_pct_height=0.45; resid_orb_pct_height=0.08; stl_pct=0.07; ast_tov=-0.11,usg=-2.02; FTR=-1.81; three_pa_per_100_team_poss=-1.21; resid_three_share_height=-1.21; three_share=-0.95,three_pct,
role_residual_height_025,k8__division_zscore__role_residual_height_025__method-nnls__init-aa_plus_plus__ninit-1,8,division_zscore,role_residual_height_025,nnls,aa_plus_plus,0.3039979597431767,,16,mins_per_game|eFG|three_pct|ft_pct,8,173,0.0576666666666666,102,71,0.4347385314200787,blk_pct=4.01; height_inches=1.98; tov_pct=0.82; orb_pct=0.68; drb_pct=0.23,stl_pct=-1.61; three_share=-1.55; three_pa_per_100_team_poss=-1.45; ast_tov=-1.38; usg=-1.31,three_pct,
quality_lite_residual_height_025,k6__division_zscore__quality_lite_residual_height_025__method-nnls__init-uniform__ninit-1,6,division_zscore,quality_lite_residual_height_025,nnls,uniform,0.3943301221227731,,19,mins_per_game,1,446,0.1486666666666666,234,212,0.4718340729331904,ast_tov=3.50; three_share=1.58; resid_three_share_height=1.43; three_pa_per_100_team_poss=1.01; three_pct=0.47,tov_pct=-1.55; height_inches=-1.46; drb_pct=-1.40; usg=-1.38; FTR=-1.37,ft_pct,-0.0552005443966511
quality_lite_residual_height_025,k6__division_zscore__quality_lite_residual_height_025__method-nnls__init-uniform__ninit-1,6,division_zscore,quality_lite_residual_height_025,nnls,uniform,0.3943301221227731,,19,mins_per_game,2,318,0.106,171,147,0.4879865237314554,FTR=3.50; tov_pct=0.69; height_inches=0.59; eFG=0.45; orb_pct=0.44,usg=-1.54; three_pct=-1.40; three_share=-1.38; three_pa_per_100_team_poss=-1.36; resid_drb_pct_height=-1.34,ft_pct,-0.9073823475400592
quality_lite_residual_height_025,k6__division_zscore__quality_lite_residual_height_025__method-nnls__init-uniform__ninit-1,6,division_zscore,quality_lite_residual_height_025,nnls,uniform,0.3943301221227731,,19,mins_per_game,3,773,0.2576666666666666,423,350,0.5055253658617865,ast_pct=2.59; usg=2.09; stl_pct=1.74; resid_drb_pct_height=0.96; ft_pct=0.84,height_inches=-1.50; resid_three_share_height=-0.90; orb_pct=-0.68; blk_pct=-0.65; three_share=-0.43,ft_pct,0.8421534776089771
quality_lite_residual_height_025,k6__division_zscore__quality_lite_residual_height_025__method-nnls__init-uniform__ninit-1,6,division_zscore,quality_lite_residual_height_025,nnls,uniform,0.3943301221227731,,19,mins_per_game,4,150,0.05,78,72,0.4339951567489775,tov_pct=3.80; blk_pct=0.17; stl_pct=0.15; height_inches=-0.34; resid_drb_pct_height=-0.57,ft_pct=-3.47; eFG=-2.72; three_pct=-1.99; usg=-1.96; FTR=-1.75,ft_pct,-3.4681256949647485
quality_lite_residual_height_025,k6__division_zscore__quality_lite_residual_height_025__method-nnls__init-uniform__ninit-1,6,division_zscore,quality_lite_residual_height_025,nnls,uniform,0.3943301221227731,,19,mins_per_game,5,761,0.2536666666666666,414,347,0.461036528191439,three_pa_per_100_team_poss=2.48; resid_three_share_height=2.38; three_share=1.91; height_inches=0.94; ft_pct=0.91,resid_orb_pct_height=-1.62; tov_pct=-1.52; ast_tov=-1.45; ast_pct=-1.39; stl_pct=-1.06,ft_pct,0.9149149317081652
quality_lite_residual_height_025,k6__division_zscore__quality_lite_residual_height_025__method-nnls__init-uniform__ninit-1,6,division_zscore,quality_lite_residual_height_025,nnls,uniform,0.3943301221227731,,19,mins_per_game,6,552,0.184,308,244,0.4768258023438629,blk_pct=3.05; drb_pct=2.72; orb_pct=2.70; resid_drb_pct_height=2.61; resid_orb_pct_height=2.59,three_pct=-1.88; three_share=-1.55; three_pa_per_100_team_poss=-1.44; resid_three_share_height=-1.06; ast_tov=-1.02,ft_pct,-0.35873442650111
quality_lite_residual_height_025,k7__division_zscore__quality_lite_residual_height_025__method-nnls__init-aa_plus_plus__ninit-1,7,division_zscore,quality_lite_residual_height_025,nnls,aa_plus_plus,0.366285016296777,,19,mins_per_game,1,731,0.2436666666666666,408,323,0.5093574926750019,ast_pct=2.74; usg=1.99; stl_pct=1.59; ft_pct=0.88; ast_tov=0.68,height_inches=-1.60; orb_pct=-0.91; resid_three_share_height=-0.70; blk_pct=-0.56; drb_pct=-0.33,ft_pct,0.8836353797480249
quality_lite_residual_height_025,k7__division_zscore__quality_lite_residual_height_025__method-nnls__init-aa_plus_plus__ninit-1,7,division_zscore,quality_lite_residual_height_025,nnls,aa_plus_plus,0.366285016296777,,19,mins_per_game,2,730,0.2433333333333333,398,332,0.4555683778150854,three_pa_per_100_team_poss=2.49; resid_three_share_height=2.34; three_share=1.91; ft_pct=0.87; height_inches=0.87,resid_orb_pct_height=-1.64; tov_pct=-1.53; ast_tov=-1.52; ast_pct=-1.39; resid_drb_pct_height=-0.99,ft_pct,0.8723256737690441
quality_lite_residual_height_025,k7__division_zscore__quality_lite_residual_height_025__method-nnls__init-aa_plus_plus__ninit-1,7,division_zscore,quality_lite_residual_height_025,nnls,aa_plus_plus,0.366285016296777,,19,mins_per_game,3,205,0.0683333333333333,110,95,0.4730010463555472,FTR=3.53; tov_pct=0.95; height_inches=0.30; blk_pct=0.04; orb_pct=-0.05,three_pct=-1.67; usg=-1.59; resid_drb_pct_height=-1.56; drb_pct=-1.34; three_pa_per_100_team_poss=-1.33,ft_pct,-0.8687188876464322
quality_lite_residual_height_025,k7__division_zscore__quality_lite_residual_height_025__method-nnls__init-aa_plus_plus__ninit-1,7,division_zscore,quality_lite_residual_height_025,nnls,aa_plus_plus,0.366285016296777,,19,mins_per_game,4,471,0.157,247,224,0.4506954290952387,resid_orb_pct_height=2.93; orb_pct=2.77; resid_drb_pct_height=2.65; drb_pct=2.57; FTR=1.40,three_share=-1.35; resid_three_share_height=-1.26; three_pa_per_100_team_poss=-1.23; ast_tov=-0.90; tov_pct=-0.62,ft_pct,-0.1061451244290191
quality_lite_residual_height_025,k7__division_zscore__quality_lite_residual_height_025__method-nnls__init-aa_plus_plus__ninit-1,7,division_zscore,quality_lite_residual_height_025,nnls,aa_plus_plus,0.366285016296777,,19,mins_per_game,5,265,0.0883333333333333,156,109,0.4819456209533383,blk_pct=3.96; height_inches=2.00; eFG=1.82; orb_pct=1.33; drb_pct=1.02,three_pct=-1.98; three_share=-1.56; three_pa_per_100_team_poss=-1.46; ast_tov=-0.99; stl_pct=-0.98,ft_pct,-0.8822278007701193
quality_lite_residual_height_025,k7__division_zscore__quality_lite_residual_height_025__method-nnls__init-aa_plus_plus__ninit-1,7,division_zscore,quality_lite_residual_height_025,nnls,aa_plus_plus,0.366285016296777,,19,mins_per_game,6,414,0.138,222,192,0.4665533421295215,ast_tov=3.48; three_share=1.72; resid_three_share_height=1.66; three_pa_per_100_team_poss=1.06; three_pct=0.66,tov_pct=-1.69; usg=-1.44; FTR=-1.26; drb_pct=-1.22; height_inches=-1.17,ft_pct,-0.0303646432030781
quality_lite_residual_height_025,k7__division_zscore__quality_lite_residual_height_025__method-nnls__init-aa_plus_plus__ninit-1,7,division_zscore,quality_lite_residual_height_025,nnls,aa_plus_plus,0.366285016296777,,19,mins_per_game,7,184,0.0613333333333333,87,97,0.4189364894369921,tov_pct=3.68; stl_pct=0.35; resid_drb_pct_height=0.12; resid_orb_pct_height=0.07; ast_tov=-0.32,ft_pct=-3.25; eFG=-2.94; usg=-1.98; three_pct=-1.87; FTR=-1.74,ft_pct,-3.25045628942922
quality_lite_residual_height_025,k8__division_zscore__quality_lite_residual_height_025__method-nnls__init-aa_plus_plus__ninit-1,8,division_zscore,quality_lite_residual_height_025,nnls,aa_plus_plus,0.3498785561307565,,19,mins_per_game,1,529,0.1763333333333333,307,222,0.4419119229795171,ast_pct=3.03; usg=1.93; ast_tov=1.76; ft_pct=1.06; three_pct=0.61,height_inches=-1.78; orb_pct=-0.93; drb_pct=-0.69; resid_three_share_height=-0.67; FTR=-0.60,ft_pct,1.0589770139720596
quality_lite_residual_height_025,k8__division_zscore__quality_lite_residual_height_025__method-nnls__init-aa_plus_plus__ninit-1,8,division_zscore,quality_lite_residual_height_025,nnls,aa_plus_plus,0.3498785561307565,,19,mins_per_game,2,752,0.2506666666666666,405,347,0.4366160202801528,three_pa_per_100_team_poss=2.47; resid_three_share_height=2.41; three_share=1.89; three_pct=0.93; ft_pct=0.92,resid_orb_pct_height=-1.87; ast_tov=-1.42; ast_pct=-1.41; tov_pct=-1.18; resid_drb_pct_height=-1.06,ft_pct,0.9162543017130031
quality_lite_residual_height_025,k8__division_zscore__quality_lite_residual_height_025__method-nnls__init-aa_plus_plus__ninit-1,8,division_zscore,quality_lite_residual_height_025,nnls,aa_plus_plus,0.3498785561307565,,19,mins_per_game,3,312,0.104,166,146,0.43774446051854,ast_tov=3.61; three_share=2.22; resid_three_share_height=2.14; three_pa_per_100_team_poss=1.57; stl_pct=0.55,tov_pct=-1.87; FTR=-1.57; drb_pct=-1.49; usg=-1.42; height_inches=-1.38,ft_pct,-0.838860595565581
quality_lite_residual_height_025,k8__division_zscore__quality_lite_residual_height_025__method-nnls__init-aa_plus_plus__ninit-1,8,division_zscore,quality_lite_residual_height_025,nnls,aa_plus_plus,0.3498785561307565,,19,mins_per_game,4,588,0.196,330,258,0.4668806464987574,blk_pct=2.90; drb_pct=2.68; resid_drb_pct_height=2.59; orb_pct=2.45; resid_orb_pct_height=2.16,three_pct=-1.59; three_share=-1.54; three_pa_per_100_team_poss=-1.41; resid_three_share_height=-0.94; ast_tov=-0.94,ft_pct,-0.4472274326560189
quality_lite_residual_height_025,k8__division_zscore__quality_lite_residual_height_025__method-nnls__init-aa_plus_plus__ninit-1,8,division_zscore,quality_lite_residual_height_025,nnls,aa_plus_plus,0.3498785561307565,,19,mins_per_game,5,354,0.118,173,181,0.4255553392807613,stl_pct=3.42; FTR=2.12; ast_pct=1.57; tov_pct=1.11; resid_drb_pct_height=1.00,resid_three_share_height=-1.08; height_inches=-1.06; orb_pct=-0.63; three_share=-0.59; three_pa_per_100_team_poss=-0.59,ft_pct,-0.332241103080843
quality_lite_residual_height_025,k8__division_zscore__quality_lite_residual_height_025__method-nnls__init-aa_plus_plus__ninit-1,8,division_zscore,quality_lite_residual_height_025,nnls,aa_plus_plus,0.3498785561307565,,19,mins_per_game,6,81,0.027,45,36,0.357951212640229,resid_orb_pct_height=3.19; orb_pct=2.93; height_inches=1.08; usg=0.60; resid_three_share_height=0.40,resid_three_pct_shot_mix=-2.80; eFG=-2.26; stl_pct=-2.07; resid_drb_pct_height=-2.05; three_pct=-1.93,ft_pct,0.3869587335316768
quality_lite_residual_height_025,k8__division_zscore__quality_lite_residual_height_025__method-nnls__init-aa_plus_plus__ninit-1,8,division_zscore,quality_lite_residual_height_025,nnls,aa_plus_plus,0.3498785561307565,,19,mins_per_game,7,210,0.07,117,93,0.4562841093401617,FTR=3.52; eFG=1.08; height_inches=0.95; tov_pct=0.51; orb_pct=0.47,usg=-1.99; stl_pct=-1.76; resid_drb_pct_height=-1.74; three_pct=-1.59; three_pa_per_100_team_poss=-1.34,ft_pct,-0.960550222393082
quality_lite_residual_height_025,k8__division_zscore__quality_lite_residual_height_025__method-nnls__init-aa_plus_plus__ninit-1,8,division_zscore,quality_lite_residual_height_025,nnls,aa_plus_plus,0.3498785561307565,,19,mins_per_game,8,174,0.058,85,89,0.4032529874953709,tov_pct=3.87; blk_pct=0.50; stl_pct=-0.03; height_inches=-0.43; resid_three_pct_shot_mix=-0.49,ft_pct=-3.65; eFG=-2.39; usg=-1.95; FTR=-1.86; three_pct=-1.71,ft_pct,-3.645117525761141
role_residual_context_only_height_025,k6__division_zscore__role_residual_context_only_height_025__method-nnls__init-furthest_sum__ninit-1,6,division_zscore,role_residual_context_only_height_025,nnls,furthest_sum,0.3368763307950451,,13,mins_per_game|eFG|three_share|orb_pct|drb_pct|three_pct|ft_pct,1,399,0.133,214,185,0.491566233306474,blk_pct=3.72; height_inches=1.81; resid_orb_pct_height=1.61; resid_drb_pct_height=1.58; usg=0.59,three_pa_per_100_team_poss=-1.40; resid_three_share_height=-1.12; ast_tov=-1.08; ast_pct=-0.76; stl_pct=-0.68,ft_pct,
role_residual_context_only_height_025,k6__division_zscore__role_residual_context_only_height_025__method-nnls__init-furthest_sum__ninit-1,6,division_zscore,role_residual_context_only_height_025,nnls,furthest_sum,0.3368763307950451,,13,mins_per_game|eFG|three_share|orb_pct|drb_pct|three_pct|ft_pct,2,256,0.0853333333333333,134,122,0.4312523759271313,tov_pct=3.94; stl_pct=0.18; resid_drb_pct_height=-0.06; blk_pct=-0.17; resid_three_pct_shot_mix=-0.38,usg=-2.09; FTR=-1.85; resid_three_share_height=-1.65; three_pa_per_100_team_poss=-1.42; ast_pct=-0.80,ft_pct,
role_residual_context_only_height_025,k6__division_zscore__role_residual_context_only_height_025__method-nnls__init-furthest_sum__ninit-1,6,division_zscore,role_residual_context_only_height_025,nnls,furthest_sum,0.3368763307950451,,13,mins_per_game|eFG|three_share|orb_pct|drb_pct|three_pct|ft_pct,3,447,0.149,247,200,0.4804909346980892,FTR=3.56; height_inches=0.93; resid_orb_pct_height=0.69; tov_pct=-0.01; resid_three_pct_shot_mix=-0.17,three_pa_per_100_team_poss=-1.44; ast_pct=-1.20; usg=-1.16; resid_three_share_height=-1.11; ast_tov=-0.87,ft_pct,
role_residual_context_only_height_025,k6__division_zscore__role_residual_context_only_height_025__method-nnls__init-furthest_sum__ninit-1,6,division_zscore,role_residual_context_only_height_025,nnls,furthest_sum,0.3368763307950451,,13,mins_per_game|eFG|three_share|orb_pct|drb_pct|three_pct|ft_pct,4,770,0.2566666666666666,414,356,0.4768149356626522,three_pa_per_100_team_poss=2.49; resid_three_share_height=2.28; usg=0.58; height_inches=0.46; resid_three_pct_shot_mix=-0.04,tov_pct=-1.61; ast_tov=-1.48; ast_pct=-1.36; FTR=-1.34; resid_orb_pct_height=-1.26,ft_pct,
role_residual_context_only_height_025,k6__division_zscore__role_residual_context_only_height_025__method-nnls__init-furthest_sum__ninit-1,6,division_zscore,role_residual_context_only_height_025,nnls,furthest_sum,0.3368763307950451,,13,mins_per_game|eFG|three_share|orb_pct|drb_pct|three_pct|ft_pct,5,336,0.112,180,156,0.4707344944722498,ast_tov=3.55; resid_three_share_height=1.48; three_pa_per_100_team_poss=0.72; stl_pct=0.12; ast_pct=0.06,tov_pct=-1.98; usg=-1.68; FTR=-1.40; resid_drb_pct_height=-0.77; height_inches=-0.65,ft_pct,
role_residual_context_only_height_025,k6__division_zscore__role_residual_context_only_height_025__method-nnls__init-furthest_sum__ninit-1,6,division_zscore,role_residual_context_only_height_025,nnls,furthest_sum,0.3368763307950451,,13,mins_per_game|eFG|three_share|orb_pct|drb_pct|three_pct|ft_pct,6,792,0.264,439,353,0.5086092677725567,ast_pct=2.67; usg=2.02; stl_pct=1.76; resid_drb_pct_height=1.03; ast_tov=0.64,height_inches=-1.50; resid_three_share_height=-0.88; blk_pct=-0.56; three_pa_per_100_team_poss=0.02; resid_three_pct_shot_mix=0.11,ft_pct,
role_residual_context_only_height_025,k7__division_zscore__role_residual_context_only_height_025__method-nnls__init-uniform__ninit-1,7,division_zscore,role_residual_context_only_height_025,nnls,uniform,0.3029113353306103,,13,mins_per_game|eFG|three_share|orb_pct|drb_pct|three_pct|ft_pct,1,360,0.12,192,168,0.4584837224076431,FTR=3.53; height_inches=0.92; tov_pct=0.26; resid_orb_pct_height=0.21; resid_three_pct_shot_mix=0.07,usg=-1.67; stl_pct=-1.47; three_pa_per_100_team_poss=-1.36; ast_pct=-1.22; resid_drb_pct_height=-0.97,ft_pct,
role_residual_context_only_height_025,k7__division_zscore__role_residual_context_only_height_025__method-nnls__init-uniform__ninit-1,7,division_zscore,role_residual_context_only_height_025,nnls,uniform,0.3029113353306103,,13,mins_per_game|eFG|three_share|orb_pct|drb_pct|three_pct|ft_pct,2,775,0.2583333333333333,419,356,0.4636316211350982,three_pa_per_100_team_poss=2.49; resid_three_share_height=2.22; usg=0.75; height_inches=0.35; resid_three_pct_shot_mix=-0.05,tov_pct=-1.55; ast_tov=-1.48; ast_pct=-1.31; FTR=-1.24; resid_orb_pct_height=-1.19,ft_pct,
role_residual_context_only_height_025,k7__division_zscore__role_residual_context_only_height_025__method-nnls__init-uniform__ninit-1,7,division_zscore,role_residual_context_only_height_025,nnls,uniform,0.3029113353306103,,13,mins_per_game|eFG|three_share|orb_pct|drb_pct|three_pct|ft_pct,3,374,0.1246666666666666,212,162,0.4795775838729453,blk_pct=3.85; height_inches=2.10; resid_drb_pct_height=1.07; resid_orb_pct_height=0.58; usg=0.30,three_pa_per_100_team_poss=-1.42; stl_pct=-1.32; resid_three_share_height=-1.19; ast_tov=-0.96; ast_pct=-0.49,ft_pct,
role_residual_context_only_height_025,k7__division_zscore__role_residual_context_only_height_025__method-nnls__init-uniform__ninit-1,7,division_zscore,role_residual_context_only_height_025,nnls,uniform,0.3029113353306103,,13,mins_per_game|eFG|three_share|orb_pct|drb_pct|three_pct|ft_pct,4,272,0.0906666666666666,150,122,0.4404852800545149,ast_tov=3.61; resid_three_share_height=2.19; three_pa_per_100_team_poss=1.11; stl_pct=0.64; resid_three_pct_shot_mix=-0.16,tov_pct=-2.23; usg=-1.84; FTR=-1.80; resid_drb_pct_height=-1.15; blk_pct=-0.87,ft_pct,
role_residual_context_only_height_025,k7__division_zscore__role_residual_context_only_height_025__method-nnls__init-uniform__ninit-1,7,division_zscore,role_residual_context_only_height_025,nnls,uniform,0.3029113353306103,,13,mins_per_game|eFG|three_share|orb_pct|drb_pct|three_pct|ft_pct,5,223,0.0743333333333333,116,107,0.3941958095119705,stl_pct=3.24; resid_orb_pct_height=2.99; resid_drb_pct_height=1.33; usg=0.46; blk_pct=0.39,resid_three_share_height=-1.83; ast_tov=-1.44; three_pa_per_100_team_poss=-1.35; ast_pct=-1.11; resid_three_pct_shot_mix=-0.57,ft_pct,
role_residual_context_only_height_025,k7__division_zscore__role_residual_context_only_height_025__method-nnls__init-uniform__ninit-1,7,division_zscore,role_residual_context_only_height_025,nnls,uniform,0.3029113353306103,,13,mins_per_game|eFG|three_share|orb_pct|drb_pct|three_pct|ft_pct,6,245,0.0816666666666666,130,115,0.4291862487342904,tov_pct=3.87; resid_drb_pct_height=0.09; stl_pct=0.06; resid_three_pct_shot_mix=-0.27; blk_pct=-0.29,usg=-2.05; FTR=-1.83; resid_three_share_height=-1.36; three_pa_per_100_team_poss=-1.28; height_inches=-0.75,ft_pct,
role_residual_context_only_height_025,k7__division_zscore__role_residual_context_only_height_025__method-nnls__init-uniform__ninit-1,7,division_zscore,role_residual_context_only_height_025,nnls,uniform,0.3029113353306103,,13,mins_per_game|eFG|three_share|orb_pct|drb_pct|three_pct|ft_pct,7,751,0.2503333333333333,409,342,0.498680788830028,ast_pct=2.97; usg=1.95; ast_tov=1.28; stl_pct=0.91; resid_drb_pct_height=0.80,height_inches=-1.49; resid_three_share_height=-0.79; blk_pct=-0.55; tov_pct=-0.02; resid_orb_pct_height=-0.00,ft_pct,
role_residual_context_only_height_025,k8__division_zscore__role_residual_context_only_height_025__method-nnls__init-uniform__ninit-1,8,division_zscore,role_residual_context_only_height_025,nnls,uniform,0.2749070877774018,,13,mins_per_game|eFG|three_share|orb_pct|drb_pct|three_pct|ft_pct,1,369,0.123,192,177,0.4455068245039268,FTR=3.56; height_inches=0.61; tov_pct=0.49; resid_orb_pct_height=0.19; resid_three_pct_shot_mix=-0.06,usg=-1.76; three_pa_per_100_team_poss=-1.40; ast_pct=-1.24; resid_three_share_height=-1.23; resid_drb_pct_height=-0.84,ft_pct,
role_residual_context_only_height_025,k8__division_zscore__role_residual_context_only_height_025__method-nnls__init-uniform__ninit-1,8,division_zscore,role_residual_context_only_height_025,nnls,uniform,0.2749070877774018,,13,mins_per_game|eFG|three_share|orb_pct|drb_pct|three_pct|ft_pct,2,826,0.2753333333333333,443,383,0.4518674160266331,three_pa_per_100_team_poss=2.48; resid_three_share_height=2.28; usg=0.63; height_inches=0.30; resid_three_pct_shot_mix=0.14,tov_pct=-1.52; stl_pct=-1.42; ast_tov=-1.34; FTR=-1.26; ast_pct=-1.25,ft_pct,
role_residual_context_only_height_025,k8__division_zscore__role_residual_context_only_height_025__method-nnls__init-uniform__ninit-1,8,division_zscore,role_residual_context_only_height_025,nnls,uniform,0.2749070877774018,,13,mins_per_game|eFG|three_share|orb_pct|drb_pct|three_pct|ft_pct,3,411,0.137,217,194,0.4364216184893016,stl_pct=3.46; usg=1.79; ast_pct=1.61; resid_drb_pct_height=0.57; FTR=0.56,height_inches=-1.31; resid_three_share_height=-0.79; blk_pct=-0.46; resid_three_pct_shot_mix=-0.42; ast_tov=-0.14,ft_pct,
role_residual_context_only_height_025,k8__division_zscore__role_residual_context_only_height_025__method-nnls__init-uniform__ninit-1,8,division_zscore,role_residual_context_only_height_025,nnls,uniform,0.2749070877774018,,13,mins_per_game|eFG|three_share|orb_pct|drb_pct|three_pct|ft_pct,4,200,0.0666666666666666,122,78,0.4515182295428119,blk_pct=4.04; height_inches=1.95; tov_pct=0.70; FTR=0.18; resid_three_pct_shot_mix=-0.65,usg=-1.71; ast_pct=-1.37; three_pa_per_100_team_poss=-1.37; ast_tov=-1.18; resid_drb_pct_height=-1.10,ft_pct,
role_residual_context_only_height_025,k8__division_zscore__role_residual_context_only_height_025__method-nnls__init-uniform__ninit-1,8,division_zscore,role_residual_context_only_height_025,nnls,uniform,0.2749070877774018,,13,mins_per_game|eFG|three_share|orb_pct|drb_pct|three_pct|ft_pct,5,239,0.0796666666666666,116,123,0.3974143304854777,tov_pct=3.94; resid_drb_pct_height=0.44; stl_pct=0.30; resid_orb_pct_height=0.25; ast_tov=-0.16,usg=-2.13; FTR=-1.95; resid_three_share_height=-1.84; three_pa_per_100_team_poss=-1.47; ast_pct=-0.97,ft_pct,
role_residual_context_only_height_025,k8__division_zscore__role_residual_context_only_height_025__method-nnls__init-uniform__ninit-1,8,division_zscore,role_residual_context_only_height_025,nnls,uniform,0.2749070877774018,,13,mins_per_game|eFG|three_share|orb_pct|drb_pct|three_pct|ft_pct,6,254,0.0846666666666666,139,115,0.4234989536962169,ast_tov=3.58; resid_three_share_height=2.18; three_pa_per_100_team_poss=1.17; stl_pct=0.80; resid_three_pct_shot_mix=-0.02,tov_pct=-2.33; usg=-1.84; FTR=-1.80; resid_drb_pct_height=-1.22; blk_pct=-0.83,ft_pct,
role_residual_context_only_height_025,k8__division_zscore__role_residual_context_only_height_025__method-nnls__init-uniform__ninit-1,8,division_zscore,role_residual_context_only_height_025,nnls,uniform,0.2749070877774018,,13,mins_per_game|eFG|three_share|orb_pct|drb_pct|three_pct|ft_pct,7,400,0.1333333333333333,231,169,0.4460526475604965,ast_pct=3.00; ast_tov=2.25; usg=1.24; three_pa_per_100_team_poss=0.39; resid_three_pct_shot_mix=0.38,height_inches=-1.59; blk_pct=-0.55; stl_pct=-0.50; resid_three_share_height=-0.28; resid_orb_pct_height=-0.26,ft_pct,
role_residual_context_only_height_025,k8__division_zscore__role_residual_context_only_height_025__method-nnls__init-uniform__ninit-1,8,division_zscore,role_residual_context_only_height_025,nnls,uniform,0.2749070877774018,,13,mins_per_game|eFG|three_share|orb_pct|drb_pct|three_pct|ft_pct,8,301,0.1003333333333333,168,133,0.3918733651915209,resid_orb_pct_height=3.19; resid_drb_pct_height=2.92; usg=2.45; blk_pct=2.39; height_inches=2.27,resid_three_share_height=-1.73; stl_pct=-1.49; three_pa_per_100_team_poss=-1.45; ast_tov=-0.74; tov_pct=-0.64,ft_pct,
role_residual_height_025,k6__division_zscore__role_residual_height_025__method-nnls__init-uniform__ninit-1,6,division_zscore,role_residual_height_025,nnls,uniform,0.3614062219411871,,16,mins_per_game|eFG|three_pct|ft_pct,1,346,0.1153333333333333,187,159,0.4563014892775585,ast_tov=3.59; three_share=2.09; resid_three_share_height=2.03; three_pa_per_100_team_poss=1.16; stl_pct=0.41,tov_pct=-1.95; usg=-1.67; FTR=-1.62; drb_pct=-1.31; orb_pct=-1.00,ft_pct,
role_residual_height_025,k6__division_zscore__role_residual_height_025__method-nnls__init-uniform__ninit-1,6,division_zscore,role_residual_height_025,nnls,uniform,0.3614062219411871,,16,mins_per_game|eFG|three_pct|ft_pct,2,325,0.1083333333333333,172,153,0.4763525499436981,FTR=3.50; height_inches=0.63; orb_pct=0.34; tov_pct=0.31; blk_pct=-0.07,resid_drb_pct_height=-1.53; usg=-1.52; three_pa_per_100_team_poss=-1.35; three_share=-1.33; ast_pct=-1.28,ft_pct,
role_residual_height_025,k6__division_zscore__role_residual_height_025__method-nnls__init-uniform__ninit-1,6,division_zscore,role_residual_height_025,nnls,uniform,0.3614062219411871,,16,mins_per_game|eFG|three_pct|ft_pct,3,821,0.2736666666666666,447,374,0.5104963785444115,ast_pct=2.72; usg=1.90; stl_pct=1.70; resid_drb_pct_height=0.82; ast_tov=0.76,height_inches=-1.52; resid_three_share_height=-0.94; orb_pct=-0.67; blk_pct=-0.65; three_share=-0.47,ft_pct,
role_residual_height_025,k6__division_zscore__role_residual_height_025__method-nnls__init-uniform__ninit-1,6,division_zscore,role_residual_height_025,nnls,uniform,0.3614062219411871,,16,mins_per_game|eFG|three_pct|ft_pct,4,202,0.0673333333333333,109,93,0.4342773851104638,tov_pct=3.89; blk_pct=0.29; stl_pct=0.01; resid_drb_pct_height=-0.32; resid_three_pct_shot_mix=-0.40,usg=-2.04; FTR=-1.88; resid_three_share_height=-1.45; three_pa_per_100_team_poss=-1.33; three_share=-1.24,ft_pct,
role_residual_height_025,k6__division_zscore__role_residual_height_025__method-nnls__init-uniform__ninit-1,6,division_zscore,role_residual_height_025,nnls,uniform,0.3614062219411871,,16,mins_per_game|eFG|three_pct|ft_pct,5,699,0.233,373,326,0.4666287550621113,three_pa_per_100_team_poss=2.48; resid_three_share_height=2.32; three_share=2.07; usg=0.50; height_inches=0.49,tov_pct=-1.55; resid_orb_pct_height=-1.51; ast_tov=-1.45; ast_pct=-1.37; FTR=-1.29,ft_pct,
role_residual_height_025,k6__division_zscore__role_residual_height_025__method-nnls__init-uniform__ninit-1,6,division_zscore,role_residual_height_025,nnls,uniform,0.3614062219411871,,16,mins_per_game|eFG|three_pct|ft_pct,6,607,0.2023333333333333,340,267,0.4753486052151414,blk_pct=3.01; drb_pct=2.72; orb_pct=2.66; resid_drb_pct_height=2.59; resid_orb_pct_height=2.49,three_share=-1.56; three_pa_per_100_team_poss=-1.45; ast_tov=-1.09; resid_three_share_height=-1.05; ast_pct=-0.81,ft_pct,
role_residual_height_025,k7__division_zscore__role_residual_height_025__method-nnls__init-furthest_first__ninit-1,7,division_zscore,role_residual_height_025,nnls,furthest_first,0.3288383772877349,,16,mins_per_game|eFG|three_pct|ft_pct,1,305,0.1016666666666666,160,145,0.4493886514647095,ast_tov=3.61; three_share=2.18; resid_three_share_height=2.15; three_pa_per_100_team_poss=1.11; stl_pct=0.39,tov_pct=-2.10; usg=-1.78; FTR=-1.70; drb_pct=-1.24; orb_pct=-1.02,ft_pct,
role_residual_height_025,k7__division_zscore__role_residual_height_025__method-nnls__init-furthest_first__ninit-1,7,division_zscore,role_residual_height_025,nnls,furthest_first,0.3288383772877349,,16,mins_per_game|eFG|three_pct|ft_pct,2,530,0.1766666666666666,301,229,0.4663893131361202,drb_pct=2.73; blk_pct=2.64; resid_drb_pct_height=2.63; height_inches=2.16; orb_pct=2.14,three_share=-1.43; three_pa_per_100_team_poss=-1.28; stl_pct=-1.11; ast_tov=-0.98; resid_three_share_height=-0.82,ft_pct,
role_residual_height_025,k7__division_zscore__role_residual_height_025__method-nnls__init-furthest_first__ninit-1,7,division_zscore,role_residual_height_025,nnls,furthest_first,0.3288383772877349,,16,mins_per_game|eFG|three_pct|ft_pct,3,195,0.065,103,92,0.4231394793794408,tov_pct=3.87; blk_pct=0.32; stl_pct=-0.04; resid_three_pct_shot_mix=-0.29; resid_drb_pct_height=-0.31,usg=-2.06; FTR=-1.86; resid_three_share_height=-1.42; three_pa_per_100_team_poss=-1.30; three_share=-1.17,ft_pct,
role_residual_height_025,k7__division_zscore__role_residual_height_025__method-nnls__init-furthest_first__ninit-1,7,division_zscore,role_residual_height_025,nnls,furthest_first,0.3288383772877349,,16,mins_per_game|eFG|three_pct|ft_pct,4,251,0.0836666666666666,136,115,0.4570718812515644,FTR=3.54; height_inches=0.89; tov_pct=0.63; blk_pct=0.42; orb_pct=0.29,usg=-2.05; resid_drb_pct_height=-1.83; stl_pct=-1.56; three_share=-1.39; three_pa_per_100_team_poss=-1.38,ft_pct,
role_residual_height_025,k7__division_zscore__role_residual_height_025__method-nnls__init-furthest_first__ninit-1,7,division_zscore,role_residual_height_025,nnls,furthest_first,0.3288383772877349,,16,mins_per_game|eFG|three_pct|ft_pct,5,722,0.2406666666666666,390,332,0.4585019932877403,three_pa_per_100_team_poss=2.47; resid_three_share_height=2.31; three_share=2.10; usg=0.41; height_inches=0.35,tov_pct=-1.55; ast_tov=-1.45; FTR=-1.40; ast_pct=-1.39; resid_orb_pct_height=-1.38,ft_pct,
role_residual_height_025,k7__division_zscore__role_residual_height_025__method-nnls__init-furthest_first__ninit-1,7,division_zscore,role_residual_height_025,nnls,furthest_first,0.3288383772877349,,16,mins_per_game|eFG|three_pct|ft_pct,6,812,0.2706666666666666,438,374,0.5056403990298297,ast_pct=2.87; usg=1.89; stl_pct=1.17; ast_tov=0.99; FTR=0.64,height_inches=-1.61; orb_pct=-0.88; resid_three_share_height=-0.79; blk_pct=-0.67; three_share=-0.33,ft_pct,
role_residual_height_025,k7__division_zscore__role_residual_height_025__method-nnls__init-furthest_first__ninit-1,7,division_zscore,role_residual_height_025,nnls,furthest_first,0.3288383772877349,,16,mins_per_game|eFG|three_pct|ft_pct,7,185,0.0616666666666666,100,85,0.4014136376762342,stl_pct=3.24; resid_orb_pct_height=3.16; orb_pct=2.92; resid_drb_pct_height=1.41; drb_pct=1.35,resid_three_share_height=-1.77; three_share=-1.53; ast_tov=-1.46; three_pa_per_100_team_poss=-1.43; ast_pct=-1.27,ft_pct,
role_residual_height_025,k8__division_zscore__role_residual_height_025__method-nnls__init-aa_plus_plus__ninit-1,8,division_zscore,role_residual_height_025,nnls,aa_plus_plus,0.3039979597431767,,16,mins_per_game|eFG|three_pct|ft_pct,1,243,0.081,131,112,0.398288912455824,resid_drb_pct_height=2.56; drb_pct=2.49; resid_three_share_height=1.61; height_inches=1.06; three_pa_per_100_team_poss=0.97,resid_orb_pct_height=-1.78; ast_tov=-0.71; orb_pct=-0.67; ast_pct=-0.26; stl_pct=-0.22,ft_pct,
role_residual_height_025,k8__division_zscore__role_residual_height_025__method-nnls__init-aa_plus_plus__ninit-1,8,division_zscore,role_residual_height_025,nnls,aa_plus_plus,0.3039979597431767,,16,mins_per_game|eFG|three_pct|ft_pct,2,295,0.0983333333333333,158,137,0.4599621102965566,FTR=3.54; tov_pct=0.75; height_inches=0.45; orb_pct=0.16; blk_pct=-0.22,usg=-1.66; three_pa_per_100_team_poss=-1.36; resid_drb_pct_height=-1.28; three_share=-1.26; ast_pct=-1.21,ft_pct,
role_residual_height_025,k8__division_zscore__role_residual_height_025__method-nnls__init-aa_plus_plus__ninit-1,8,division_zscore,role_residual_height_025,nnls,aa_plus_plus,0.3039979597431767,,16,mins_per_game|eFG|three_pct|ft_pct,3,537,0.179,285,252,0.4379180038970349,three_pa_per_100_team_poss=2.47; resid_three_share_height=2.22; three_share=2.18; usg=0.29; resid_three_pct_shot_mix=0.09,FTR=-1.74; tov_pct=-1.73; stl_pct=-1.63; ast_pct=-1.36; ast_tov=-1.30,ft_pct,
role_residual_height_025,k8__division_zscore__role_residual_height_025__method-nnls__init-aa_plus_plus__ninit-1,8,division_zscore,role_residual_height_025,nnls,aa_plus_plus,0.3039979597431767,,16,mins_per_game|eFG|three_pct|ft_pct,4,503,0.1676666666666666,278,225,0.4600777148688272,resid_orb_pct_height=3.18; orb_pct=2.92; drb_pct=2.17; resid_drb_pct_height=2.15; blk_pct=1.62,three_share=-1.53; resid_three_share_height=-1.48; three_pa_per_100_team_poss=-1.43; ast_tov=-0.96; ast_pct=-0.60,ft_pct,
role_residual_height_025,k8__division_zscore__role_residual_height_025__method-nnls__init-aa_plus_plus__ninit-1,8,division_zscore,role_residual_height_025,nnls,aa_plus_plus,0.3039979597431767,,16,mins_per_game|eFG|three_pct|ft_pct,5,278,0.0926666666666666,153,125,0.4311668931739094,ast_tov=3.61; resid_three_share_height=2.25; three_share=2.22; three_pa_per_100_team_poss=1.23; stl_pct=0.69,tov_pct=-2.31; usg=-1.81; FTR=-1.73; drb_pct=-1.38; resid_drb_pct_height=-1.20,ft_pct,
role_residual_height_025,k8__division_zscore__role_residual_height_025__method-nnls__init-aa_plus_plus__ninit-1,8,division_zscore,role_residual_height_025,nnls,aa_plus_plus,0.3039979597431767,,16,mins_per_game|eFG|three_pct|ft_pct,6,774,0.258,423,351,0.4992093939194048,ast_pct=2.73; usg=1.98; stl_pct=1.46; ast_tov=1.02; FTR=0.53,height_inches=-1.46; resid_three_share_height=-0.88; orb_pct=-0.83; blk_pct=-0.56; drb_pct=-0.51,ft_pct,
role_residual_height_025,k8__division_zscore__role_residual_height_025__method-nnls__init-aa_plus_plus__ninit-1,8,division_zscore,role_residual_height_025,nnls,aa_plus_plus,0.3039979597431767,,16,mins_per_game|eFG|three_pct|ft_pct,7,197,0.0656666666666666,98,99,0.4209347235024275,tov_pct=3.83; resid_drb_pct_height=0.45; resid_orb_pct_height=0.08; stl_pct=0.07; ast_tov=-0.11,usg=-2.02; FTR=-1.81; three_pa_per_100_team_poss=-1.21; resid_three_share_height=-1.21; three_share=-0.95,ft_pct,
role_residual_height_025,k8__division_zscore__role_residual_height_025__method-nnls__init-aa_plus_plus__ninit-1,8,division_zscore,role_residual_height_025,nnls,aa_plus_plus,0.3039979597431767,,16,mins_per_game|eFG|three_pct|ft_pct,8,173,0.0576666666666666,102,71,0.4347385314200787,blk_pct=4.01; height_inches=1.98; tov_pct=0.82; orb_pct=0.68; drb_pct=0.23,stl_pct=-1.61; three_share=-1.55; three_pa_per_100_team_poss=-1.45; ast_tov=-1.38; usg=-1.31,ft_pct,
quality_lite_residual_height_025,k6__division_zscore__quality_lite_residual_height_025__method-nnls__init-uniform__ninit-1,6,division_zscore,quality_lite_residual_height_025,nnls,uniform,0.3943301221227731,,19,mins_per_game,1,446,0.1486666666666666,234,212,0.4718340729331904,ast_tov=3.50; three_share=1.58; resid_three_share_height=1.43; three_pa_per_100_team_poss=1.01; three_pct=0.47,tov_pct=-1.55; height_inches=-1.46; drb_pct=-1.40; usg=-1.38; FTR=-1.37,height_inches,-1.4642768879533137
quality_lite_residual_height_025,k6__division_zscore__quality_lite_residual_height_025__method-nnls__init-uniform__ninit-1,6,division_zscore,quality_lite_residual_height_025,nnls,uniform,0.3943301221227731,,19,mins_per_game,2,318,0.106,171,147,0.4879865237314554,FTR=3.50; tov_pct=0.69; height_inches=0.59; eFG=0.45; orb_pct=0.44,usg=-1.54; three_pct=-1.40; three_share=-1.38; three_pa_per_100_team_poss=-1.36; resid_drb_pct_height=-1.34,height_inches,0.5920502330926678
quality_lite_residual_height_025,k6__division_zscore__quality_lite_residual_height_025__method-nnls__init-uniform__ninit-1,6,division_zscore,quality_lite_residual_height_025,nnls,uniform,0.3943301221227731,,19,mins_per_game,3,773,0.2576666666666666,423,350,0.5055253658617865,ast_pct=2.59; usg=2.09; stl_pct=1.74; resid_drb_pct_height=0.96; ft_pct=0.84,height_inches=-1.50; resid_three_share_height=-0.90; orb_pct=-0.68; blk_pct=-0.65; three_share=-0.43,height_inches,-1.501066071362047
quality_lite_residual_height_025,k6__division_zscore__quality_lite_residual_height_025__method-nnls__init-uniform__ninit-1,6,division_zscore,quality_lite_residual_height_025,nnls,uniform,0.3943301221227731,,19,mins_per_game,4,150,0.05,78,72,0.4339951567489775,tov_pct=3.80; blk_pct=0.17; stl_pct=0.15; height_inches=-0.34; resid_drb_pct_height=-0.57,ft_pct=-3.47; eFG=-2.72; three_pct=-1.99; usg=-1.96; FTR=-1.75,height_inches,-0.3446514183162966
quality_lite_residual_height_025,k6__division_zscore__quality_lite_residual_height_025__method-nnls__init-uniform__ninit-1,6,division_zscore,quality_lite_residual_height_025,nnls,uniform,0.3943301221227731,,19,mins_per_game,5,761,0.2536666666666666,414,347,0.461036528191439,three_pa_per_100_team_poss=2.48; resid_three_share_height=2.38; three_share=1.91; height_inches=0.94; ft_pct=0.91,resid_orb_pct_height=-1.62; tov_pct=-1.52; ast_tov=-1.45; ast_pct=-1.39; stl_pct=-1.06,height_inches,0.9407800312697304
quality_lite_residual_height_025,k6__division_zscore__quality_lite_residual_height_025__method-nnls__init-uniform__ninit-1,6,division_zscore,quality_lite_residual_height_025,nnls,uniform,0.3943301221227731,,19,mins_per_game,6,552,0.184,308,244,0.4768258023438629,blk_pct=3.05; drb_pct=2.72; orb_pct=2.70; resid_drb_pct_height=2.61; resid_orb_pct_height=2.59,three_pct=-1.88; three_share=-1.55; three_pa_per_100_team_poss=-1.44; resid_three_share_height=-1.06; ast_tov=-1.02,height_inches,1.750063553913008
quality_lite_residual_height_025,k7__division_zscore__quality_lite_residual_height_025__method-nnls__init-aa_plus_plus__ninit-1,7,division_zscore,quality_lite_residual_height_025,nnls,aa_plus_plus,0.366285016296777,,19,mins_per_game,1,731,0.2436666666666666,408,323,0.5093574926750019,ast_pct=2.74; usg=1.99; stl_pct=1.59; ft_pct=0.88; ast_tov=0.68,height_inches=-1.60; orb_pct=-0.91; resid_three_share_height=-0.70; blk_pct=-0.56; drb_pct=-0.33,height_inches,-1.600267553163692
quality_lite_residual_height_025,k7__division_zscore__quality_lite_residual_height_025__method-nnls__init-aa_plus_plus__ninit-1,7,division_zscore,quality_lite_residual_height_025,nnls,aa_plus_plus,0.366285016296777,,19,mins_per_game,2,730,0.2433333333333333,398,332,0.4555683778150854,three_pa_per_100_team_poss=2.49; resid_three_share_height=2.34; three_share=1.91; ft_pct=0.87; height_inches=0.87,resid_orb_pct_height=-1.64; tov_pct=-1.53; ast_tov=-1.52; ast_pct=-1.39; resid_drb_pct_height=-0.99,height_inches,0.8722082256609552
quality_lite_residual_height_025,k7__division_zscore__quality_lite_residual_height_025__method-nnls__init-aa_plus_plus__ninit-1,7,division_zscore,quality_lite_residual_height_025,nnls,aa_plus_plus,0.366285016296777,,19,mins_per_game,3,205,0.0683333333333333,110,95,0.4730010463555472,FTR=3.53; tov_pct=0.95; height_inches=0.30; blk_pct=0.04; orb_pct=-0.05,three_pct=-1.67; usg=-1.59; resid_drb_pct_height=-1.56; drb_pct=-1.34; three_pa_per_100_team_poss=-1.33,height_inches,0.3010956291327422
quality_lite_residual_height_025,k7__division_zscore__quality_lite_residual_height_025__method-nnls__init-aa_plus_plus__ninit-1,7,division_zscore,quality_lite_residual_height_025,nnls,aa_plus_plus,0.366285016296777,,19,mins_per_game,4,471,0.157,247,224,0.4506954290952387,resid_orb_pct_height=2.93; orb_pct=2.77; resid_drb_pct_height=2.65; drb_pct=2.57; FTR=1.40,three_share=-1.35; resid_three_share_height=-1.26; three_pa_per_100_team_poss=-1.23; ast_tov=-0.90; tov_pct=-0.62,height_inches,1.2186683439203332
quality_lite_residual_height_025,k7__division_zscore__quality_lite_residual_height_025__method-nnls__init-aa_plus_plus__ninit-1,7,division_zscore,quality_lite_residual_height_025,nnls,aa_plus_plus,0.366285016296777,,19,mins_per_game,5,265,0.0883333333333333,156,109,0.4819456209533383,blk_pct=3.96; height_inches=2.00; eFG=1.82; orb_pct=1.33; drb_pct=1.02,three_pct=-1.98; three_share=-1.56; three_pa_per_100_team_poss=-1.46; ast_tov=-0.99; stl_pct=-0.98,height_inches,1.9996609361865336
quality_lite_residual_height_025,k7__division_zscore__quality_lite_residual_height_025__method-nnls__init-aa_plus_plus__ninit-1,7,division_zscore,quality_lite_residual_height_025,nnls,aa_plus_plus,0.366285016296777,,19,mins_per_game,6,414,0.138,222,192,0.4665533421295215,ast_tov=3.48; three_share=1.72; resid_three_share_height=1.66; three_pa_per_100_team_poss=1.06; three_pct=0.66,tov_pct=-1.69; usg=-1.44; FTR=-1.26; drb_pct=-1.22; height_inches=-1.17,height_inches,-1.1665857391559324
quality_lite_residual_height_025,k7__division_zscore__quality_lite_residual_height_025__method-nnls__init-aa_plus_plus__ninit-1,7,division_zscore,quality_lite_residual_height_025,nnls,aa_plus_plus,0.366285016296777,,19,mins_per_game,7,184,0.0613333333333333,87,97,0.4189364894369921,tov_pct=3.68; stl_pct=0.35; resid_drb_pct_height=0.12; resid_orb_pct_height=0.07; ast_tov=-0.32,ft_pct=-3.25; eFG=-2.94; usg=-1.98; three_pct=-1.87; FTR=-1.74,height_inches,-0.8992836382790378
quality_lite_residual_height_025,k8__division_zscore__quality_lite_residual_height_025__method-nnls__init-aa_plus_plus__ninit-1,8,division_zscore,quality_lite_residual_height_025,nnls,aa_plus_plus,0.3498785561307565,,19,mins_per_game,1,529,0.1763333333333333,307,222,0.4419119229795171,ast_pct=3.03; usg=1.93; ast_tov=1.76; ft_pct=1.06; three_pct=0.61,height_inches=-1.78; orb_pct=-0.93; drb_pct=-0.69; resid_three_share_height=-0.67; FTR=-0.60,height_inches,-1.782724173418246
quality_lite_residual_height_025,k8__division_zscore__quality_lite_residual_height_025__method-nnls__init-aa_plus_plus__ninit-1,8,division_zscore,quality_lite_residual_height_025,nnls,aa_plus_plus,0.3498785561307565,,19,mins_per_game,2,752,0.2506666666666666,405,347,0.4366160202801528,three_pa_per_100_team_poss=2.47; resid_three_share_height=2.41; three_share=1.89; three_pct=0.93; ft_pct=0.92,resid_orb_pct_height=-1.87; ast_tov=-1.42; ast_pct=-1.41; tov_pct=-1.18; resid_drb_pct_height=-1.06,height_inches,0.9077052281756132
quality_lite_residual_height_025,k8__division_zscore__quality_lite_residual_height_025__method-nnls__init-aa_plus_plus__ninit-1,8,division_zscore,quality_lite_residual_height_025,nnls,aa_plus_plus,0.3498785561307565,,19,mins_per_game,3,312,0.104,166,146,0.43774446051854,ast_tov=3.61; three_share=2.22; resid_three_share_height=2.14; three_pa_per_100_team_poss=1.57; stl_pct=0.55,tov_pct=-1.87; FTR=-1.57; drb_pct=-1.49; usg=-1.42; height_inches=-1.38,height_inches,-1.3801554352053065
quality_lite_residual_height_025,k8__division_zscore__quality_lite_residual_height_025__method-nnls__init-aa_plus_plus__ninit-1,8,division_zscore,quality_lite_residual_height_025,nnls,aa_plus_plus,0.3498785561307565,,19,mins_per_game,4,588,0.196,330,258,0.4668806464987574,blk_pct=2.90; drb_pct=2.68; resid_drb_pct_height=2.59; orb_pct=2.45; resid_orb_pct_height=2.16,three_pct=-1.59; three_share=-1.54; three_pa_per_100_team_poss=-1.41; resid_three_share_height=-0.94; ast_tov=-0.94,height_inches,1.7320179816331598
quality_lite_residual_height_025,k8__division_zscore__quality_lite_residual_height_025__method-nnls__init-aa_plus_plus__ninit-1,8,division_zscore,quality_lite_residual_height_025,nnls,aa_plus_plus,0.3498785561307565,,19,mins_per_game,5,354,0.118,173,181,0.4255553392807613,stl_pct=3.42; FTR=2.12; ast_pct=1.57; tov_pct=1.11; resid_drb_pct_height=1.00,resid_three_share_height=-1.08; height_inches=-1.06; orb_pct=-0.63; three_share=-0.59; three_pa_per_100_team_poss=-0.59,height_inches,-1.0631632281512862
quality_lite_residual_height_025,k8__division_zscore__quality_lite_residual_height_025__method-nnls__init-aa_plus_plus__ninit-1,8,division_zscore,quality_lite_residual_height_025,nnls,aa_plus_plus,0.3498785561307565,,19,mins_per_game,6,81,0.027,45,36,0.357951212640229,resid_orb_pct_height=3.19; orb_pct=2.93; height_inches=1.08; usg=0.60; resid_three_share_height=0.40,resid_three_pct_shot_mix=-2.80; eFG=-2.26; stl_pct=-2.07; resid_drb_pct_height=-2.05; three_pct=-1.93,height_inches,1.0780260219283708
quality_lite_residual_height_025,k8__division_zscore__quality_lite_residual_height_025__method-nnls__init-aa_plus_plus__ninit-1,8,division_zscore,quality_lite_residual_height_025,nnls,aa_plus_plus,0.3498785561307565,,19,mins_per_game,7,210,0.07,117,93,0.4562841093401617,FTR=3.52; eFG=1.08; height_inches=0.95; tov_pct=0.51; orb_pct=0.47,usg=-1.99; stl_pct=-1.76; resid_drb_pct_height=-1.74; three_pct=-1.59; three_pa_per_100_team_poss=-1.34,height_inches,0.9476310588782568
quality_lite_residual_height_025,k8__division_zscore__quality_lite_residual_height_025__method-nnls__init-aa_plus_plus__ninit-1,8,division_zscore,quality_lite_residual_height_025,nnls,aa_plus_plus,0.3498785561307565,,19,mins_per_game,8,174,0.058,85,89,0.4032529874953709,tov_pct=3.87; blk_pct=0.50; stl_pct=-0.03; height_inches=-0.43; resid_three_pct_shot_mix=-0.49,ft_pct=-3.65; eFG=-2.39; usg=-1.95; FTR=-1.86; three_pct=-1.71,height_inches,-0.4328179813885741
role_residual_context_only_height_025,k6__division_zscore__role_residual_context_only_height_025__method-nnls__init-furthest_sum__ninit-1,6,division_zscore,role_residual_context_only_height_025,nnls,furthest_sum,0.3368763307950451,,13,mins_per_game|eFG|three_share|orb_pct|drb_pct|three_pct|ft_pct,1,399,0.133,214,185,0.491566233306474,blk_pct=3.72; height_inches=1.81; resid_orb_pct_height=1.61; resid_drb_pct_height=1.58; usg=0.59,three_pa_per_100_team_poss=-1.40; resid_three_share_height=-1.12; ast_tov=-1.08; ast_pct=-0.76; stl_pct=-0.68,height_inches,1.8132504298792695
role_residual_context_only_height_025,k6__division_zscore__role_residual_context_only_height_025__method-nnls__init-furthest_sum__ninit-1,6,division_zscore,role_residual_context_only_height_025,nnls,furthest_sum,0.3368763307950451,,13,mins_per_game|eFG|three_share|orb_pct|drb_pct|three_pct|ft_pct,2,256,0.0853333333333333,134,122,0.4312523759271313,tov_pct=3.94; stl_pct=0.18; resid_drb_pct_height=-0.06; blk_pct=-0.17; resid_three_pct_shot_mix=-0.38,usg=-2.09; FTR=-1.85; resid_three_share_height=-1.65; three_pa_per_100_team_poss=-1.42; ast_pct=-0.80,height_inches,-0.5260487831255335
role_residual_context_only_height_025,k6__division_zscore__role_residual_context_only_height_025__method-nnls__init-furthest_sum__ninit-1,6,division_zscore,role_residual_context_only_height_025,nnls,furthest_sum,0.3368763307950451,,13,mins_per_game|eFG|three_share|orb_pct|drb_pct|three_pct|ft_pct,3,447,0.149,247,200,0.4804909346980892,FTR=3.56; height_inches=0.93; resid_orb_pct_height=0.69; tov_pct=-0.01; resid_three_pct_shot_mix=-0.17,three_pa_per_100_team_poss=-1.44; ast_pct=-1.20; usg=-1.16; resid_three_share_height=-1.11; ast_tov=-0.87,height_inches,0.934514203098799
role_residual_context_only_height_025,k6__division_zscore__role_residual_context_only_height_025__method-nnls__init-furthest_sum__ninit-1,6,division_zscore,role_residual_context_only_height_025,nnls,furthest_sum,0.3368763307950451,,13,mins_per_game|eFG|three_share|orb_pct|drb_pct|three_pct|ft_pct,4,770,0.2566666666666666,414,356,0.4768149356626522,three_pa_per_100_team_poss=2.49; resid_three_share_height=2.28; usg=0.58; height_inches=0.46; resid_three_pct_shot_mix=-0.04,tov_pct=-1.61; ast_tov=-1.48; ast_pct=-1.36; FTR=-1.34; resid_orb_pct_height=-1.26,height_inches,0.460059851241863
role_residual_context_only_height_025,k6__division_zscore__role_residual_context_only_height_025__method-nnls__init-furthest_sum__ninit-1,6,division_zscore,role_residual_context_only_height_025,nnls,furthest_sum,0.3368763307950451,,13,mins_per_game|eFG|three_share|orb_pct|drb_pct|three_pct|ft_pct,5,336,0.112,180,156,0.4707344944722498,ast_tov=3.55; resid_three_share_height=1.48; three_pa_per_100_team_poss=0.72; stl_pct=0.12; ast_pct=0.06,tov_pct=-1.98; usg=-1.68; FTR=-1.40; resid_drb_pct_height=-0.77; height_inches=-0.65,height_inches,-0.6535911072318048
role_residual_context_only_height_025,k6__division_zscore__role_residual_context_only_height_025__method-nnls__init-furthest_sum__ninit-1,6,division_zscore,role_residual_context_only_height_025,nnls,furthest_sum,0.3368763307950451,,13,mins_per_game|eFG|three_share|orb_pct|drb_pct|three_pct|ft_pct,6,792,0.264,439,353,0.5086092677725567,ast_pct=2.67; usg=2.02; stl_pct=1.76; resid_drb_pct_height=1.03; ast_tov=0.64,height_inches=-1.50; resid_three_share_height=-0.88; blk_pct=-0.56; three_pa_per_100_team_poss=0.02; resid_three_pct_shot_mix=0.11,height_inches,-1.495683824035387
role_residual_context_only_height_025,k7__division_zscore__role_residual_context_only_height_025__method-nnls__init-uniform__ninit-1,7,division_zscore,role_residual_context_only_height_025,nnls,uniform,0.3029113353306103,,13,mins_per_game|eFG|three_share|orb_pct|drb_pct|three_pct|ft_pct,1,360,0.12,192,168,0.4584837224076431,FTR=3.53; height_inches=0.92; tov_pct=0.26; resid_orb_pct_height=0.21; resid_three_pct_shot_mix=0.07,usg=-1.67; stl_pct=-1.47; three_pa_per_100_team_poss=-1.36; ast_pct=-1.22; resid_drb_pct_height=-0.97,height_inches,0.9237839565825212
role_residual_context_only_height_025,k7__division_zscore__role_residual_context_only_height_025__method-nnls__init-uniform__ninit-1,7,division_zscore,role_residual_context_only_height_025,nnls,uniform,0.3029113353306103,,13,mins_per_game|eFG|three_share|orb_pct|drb_pct|three_pct|ft_pct,2,775,0.2583333333333333,419,356,0.4636316211350982,three_pa_per_100_team_poss=2.49; resid_three_share_height=2.22; usg=0.75; height_inches=0.35; resid_three_pct_shot_mix=-0.05,tov_pct=-1.55; ast_tov=-1.48; ast_pct=-1.31; FTR=-1.24; resid_orb_pct_height=-1.19,height_inches,0.3451613635578205
role_residual_context_only_height_025,k7__division_zscore__role_residual_context_only_height_025__method-nnls__init-uniform__ninit-1,7,division_zscore,role_residual_context_only_height_025,nnls,uniform,0.3029113353306103,,13,mins_per_game|eFG|three_share|orb_pct|drb_pct|three_pct|ft_pct,3,374,0.1246666666666666,212,162,0.4795775838729453,blk_pct=3.85; height_inches=2.10; resid_drb_pct_height=1.07; resid_orb_pct_height=0.58; usg=0.30,three_pa_per_100_team_poss=-1.42; stl_pct=-1.32; resid_three_share_height=-1.19; ast_tov=-0.96; ast_pct=-0.49,height_inches,2.1041624038066904
role_residual_context_only_height_025,k7__division_zscore__role_residual_context_only_height_025__method-nnls__init-uniform__ninit-1,7,division_zscore,role_residual_context_only_height_025,nnls,uniform,0.3029113353306103,,13,mins_per_game|eFG|three_share|orb_pct|drb_pct|three_pct|ft_pct,4,272,0.0906666666666666,150,122,0.4404852800545149,ast_tov=3.61; resid_three_share_height=2.19; three_pa_per_100_team_poss=1.11; stl_pct=0.64; resid_three_pct_shot_mix=-0.16,tov_pct=-2.23; usg=-1.84; FTR=-1.80; resid_drb_pct_height=-1.15; blk_pct=-0.87,height_inches,-0.4643497490986858
role_residual_context_only_height_025,k7__division_zscore__role_residual_context_only_height_025__method-nnls__init-uniform__ninit-1,7,division_zscore,role_residual_context_only_height_025,nnls,uniform,0.3029113353306103,,13,mins_per_game|eFG|three_share|orb_pct|drb_pct|three_pct|ft_pct,5,223,0.0743333333333333,116,107,0.3941958095119705,stl_pct=3.24; resid_orb_pct_height=2.99; resid_drb_pct_height=1.33; usg=0.46; blk_pct=0.39,resid_three_share_height=-1.83; ast_tov=-1.44; three_pa_per_100_team_poss=-1.35; ast_pct=-1.11; resid_three_pct_shot_mix=-0.57,height_inches,0.1290048275370082
role_residual_context_only_height_025,k7__division_zscore__role_residual_context_only_height_025__method-nnls__init-uniform__ninit-1,7,division_zscore,role_residual_context_only_height_025,nnls,uniform,0.3029113353306103,,13,mins_per_game|eFG|three_share|orb_pct|drb_pct|three_pct|ft_pct,6,245,0.0816666666666666,130,115,0.4291862487342904,tov_pct=3.87; resid_drb_pct_height=0.09; stl_pct=0.06; resid_three_pct_shot_mix=-0.27; blk_pct=-0.29,usg=-2.05; FTR=-1.83; resid_three_share_height=-1.36; three_pa_per_100_team_poss=-1.28; height_inches=-0.75,height_inches,-0.747665007456083
role_residual_context_only_height_025,k7__division_zscore__role_residual_context_only_height_025__method-nnls__init-uniform__ninit-1,7,division_zscore,role_residual_context_only_height_025,nnls,uniform,0.3029113353306103,,13,mins_per_game|eFG|three_share|orb_pct|drb_pct|three_pct|ft_pct,7,751,0.2503333333333333,409,342,0.498680788830028,ast_pct=2.97; usg=1.95; ast_tov=1.28; stl_pct=0.91; resid_drb_pct_height=0.80,height_inches=-1.49; resid_three_share_height=-0.79; blk_pct=-0.55; tov_pct=-0.02; resid_orb_pct_height=-0.00,height_inches,-1.488355766406707
role_residual_context_only_height_025,k8__division_zscore__role_residual_context_only_height_025__method-nnls__init-uniform__ninit-1,8,division_zscore,role_residual_context_only_height_025,nnls,uniform,0.2749070877774018,,13,mins_per_game|eFG|three_share|orb_pct|drb_pct|three_pct|ft_pct,1,369,0.123,192,177,0.4455068245039268,FTR=3.56; height_inches=0.61; tov_pct=0.49; resid_orb_pct_height=0.19; resid_three_pct_shot_mix=-0.06,usg=-1.76; three_pa_per_100_team_poss=-1.40; ast_pct=-1.24; resid_three_share_height=-1.23; resid_drb_pct_height=-0.84,height_inches,0.6083160824684191
role_residual_context_only_height_025,k8__division_zscore__role_residual_context_only_height_025__method-nnls__init-uniform__ninit-1,8,division_zscore,role_residual_context_only_height_025,nnls,uniform,0.2749070877774018,,13,mins_per_game|eFG|three_share|orb_pct|drb_pct|three_pct|ft_pct,2,826,0.2753333333333333,443,383,0.4518674160266331,three_pa_per_100_team_poss=2.48; resid_three_share_height=2.28; usg=0.63; height_inches=0.30; resid_three_pct_shot_mix=0.14,tov_pct=-1.52; stl_pct=-1.42; ast_tov=-1.34; FTR=-1.26; ast_pct=-1.25,height_inches,0.299274171699242
role_residual_context_only_height_025,k8__division_zscore__role_residual_context_only_height_025__method-nnls__init-uniform__ninit-1,8,division_zscore,role_residual_context_only_height_025,nnls,uniform,0.2749070877774018,,13,mins_per_game|eFG|three_share|orb_pct|drb_pct|three_pct|ft_pct,3,411,0.137,217,194,0.4364216184893016,stl_pct=3.46; usg=1.79; ast_pct=1.61; resid_drb_pct_height=0.57; FTR=0.56,height_inches=-1.31; resid_three_share_height=-0.79; blk_pct=-0.46; resid_three_pct_shot_mix=-0.42; ast_tov=-0.14,height_inches,-1.3063244128212943
role_residual_context_only_height_025,k8__division_zscore__role_residual_context_only_height_025__method-nnls__init-uniform__ninit-1,8,division_zscore,role_residual_context_only_height_025,nnls,uniform,0.2749070877774018,,13,mins_per_game|eFG|three_share|orb_pct|drb_pct|three_pct|ft_pct,4,200,0.0666666666666666,122,78,0.4515182295428119,blk_pct=4.04; height_inches=1.95; tov_pct=0.70; FTR=0.18; resid_three_pct_shot_mix=-0.65,usg=-1.71; ast_pct=-1.37; three_pa_per_100_team_poss=-1.37; ast_tov=-1.18; resid_drb_pct_height=-1.10,height_inches,1.9527031058685336
role_residual_context_only_height_025,k8__division_zscore__role_residual_context_only_height_025__method-nnls__init-uniform__ninit-1,8,division_zscore,role_residual_context_only_height_025,nnls,uniform,0.2749070877774018,,13,mins_per_game|eFG|three_share|orb_pct|drb_pct|three_pct|ft_pct,5,239,0.0796666666666666,116,123,0.3974143304854777,tov_pct=3.94; resid_drb_pct_height=0.44; stl_pct=0.30; resid_orb_pct_height=0.25; ast_tov=-0.16,usg=-2.13; FTR=-1.95; resid_three_share_height=-1.84; three_pa_per_100_team_poss=-1.47; ast_pct=-0.97,height_inches,-0.707886154570965
role_residual_context_only_height_025,k8__division_zscore__role_residual_context_only_height_025__method-nnls__init-uniform__ninit-1,8,division_zscore,role_residual_context_only_height_025,nnls,uniform,0.2749070877774018,,13,mins_per_game|eFG|three_share|orb_pct|drb_pct|three_pct|ft_pct,6,254,0.0846666666666666,139,115,0.4234989536962169,ast_tov=3.58; resid_three_share_height=2.18; three_pa_per_100_team_poss=1.17; stl_pct=0.80; resid_three_pct_shot_mix=-0.02,tov_pct=-2.33; usg=-1.84; FTR=-1.80; resid_drb_pct_height=-1.22; blk_pct=-0.83,height_inches,-0.4116753582392299
role_residual_context_only_height_025,k8__division_zscore__role_residual_context_only_height_025__method-nnls__init-uniform__ninit-1,8,division_zscore,role_residual_context_only_height_025,nnls,uniform,0.2749070877774018,,13,mins_per_game|eFG|three_share|orb_pct|drb_pct|three_pct|ft_pct,7,400,0.1333333333333333,231,169,0.4460526475604965,ast_pct=3.00; ast_tov=2.25; usg=1.24; three_pa_per_100_team_poss=0.39; resid_three_pct_shot_mix=0.38,height_inches=-1.59; blk_pct=-0.55; stl_pct=-0.50; resid_three_share_height=-0.28; resid_orb_pct_height=-0.26,height_inches,-1.5938458507115607
role_residual_context_only_height_025,k8__division_zscore__role_residual_context_only_height_025__method-nnls__init-uniform__ninit-1,8,division_zscore,role_residual_context_only_height_025,nnls,uniform,0.2749070877774018,,13,mins_per_game|eFG|three_share|orb_pct|drb_pct|three_pct|ft_pct,8,301,0.1003333333333333,168,133,0.3918733651915209,resid_orb_pct_height=3.19; resid_drb_pct_height=2.92; usg=2.45; blk_pct=2.39; height_inches=2.27,resid_three_share_height=-1.73; stl_pct=-1.49; three_pa_per_100_team_poss=-1.45; ast_tov=-0.74; tov_pct=-0.64,height_inches,2.2731410107809986
role_residual_height_025,k6__division_zscore__role_residual_height_025__method-nnls__init-uniform__ninit-1,6,division_zscore,role_residual_height_025,nnls,uniform,0.3614062219411871,,16,mins_per_game|eFG|three_pct|ft_pct,1,346,0.1153333333333333,187,159,0.4563014892775585,ast_tov=3.59; three_share=2.09; resid_three_share_height=2.03; three_pa_per_100_team_poss=1.16; stl_pct=0.41,tov_pct=-1.95; usg=-1.67; FTR=-1.62; drb_pct=-1.31; orb_pct=-1.00,height_inches,-0.981358818650331
role_residual_height_025,k6__division_zscore__role_residual_height_025__method-nnls__init-uniform__ninit-1,6,division_zscore,role_residual_height_025,nnls,uniform,0.3614062219411871,,16,mins_per_game|eFG|three_pct|ft_pct,2,325,0.1083333333333333,172,153,0.4763525499436981,FTR=3.50; height_inches=0.63; orb_pct=0.34; tov_pct=0.31; blk_pct=-0.07,resid_drb_pct_height=-1.53; usg=-1.52; three_pa_per_100_team_poss=-1.35; three_share=-1.33; ast_pct=-1.28,height_inches,0.6258106097666177
role_residual_height_025,k6__division_zscore__role_residual_height_025__method-nnls__init-uniform__ninit-1,6,division_zscore,role_residual_height_025,nnls,uniform,0.3614062219411871,,16,mins_per_game|eFG|three_pct|ft_pct,3,821,0.2736666666666666,447,374,0.5104963785444115,ast_pct=2.72; usg=1.90; stl_pct=1.70; resid_drb_pct_height=0.82; ast_tov=0.76,height_inches=-1.52; resid_three_share_height=-0.94; orb_pct=-0.67; blk_pct=-0.65; three_share=-0.47,height_inches,-1.5245424249905646
role_residual_height_025,k6__division_zscore__role_residual_height_025__method-nnls__init-uniform__ninit-1,6,division_zscore,role_residual_height_025,nnls,uniform,0.3614062219411871,,16,mins_per_game|eFG|three_pct|ft_pct,4,202,0.0673333333333333,109,93,0.4342773851104638,tov_pct=3.89; blk_pct=0.29; stl_pct=0.01; resid_drb_pct_height=-0.32; resid_three_pct_shot_mix=-0.40,usg=-2.04; FTR=-1.88; resid_three_share_height=-1.45; three_pa_per_100_team_poss=-1.33; three_share=-1.24,height_inches,-0.5649435241644344
role_residual_height_025,k6__division_zscore__role_residual_height_025__method-nnls__init-uniform__ninit-1,6,division_zscore,role_residual_height_025,nnls,uniform,0.3614062219411871,,16,mins_per_game|eFG|three_pct|ft_pct,5,699,0.233,373,326,0.4666287550621113,three_pa_per_100_team_poss=2.48; resid_three_share_height=2.32; three_share=2.07; usg=0.50; height_inches=0.49,tov_pct=-1.55; resid_orb_pct_height=-1.51; ast_tov=-1.45; ast_pct=-1.37; FTR=-1.29,height_inches,0.4860263485309811
role_residual_height_025,k6__division_zscore__role_residual_height_025__method-nnls__init-uniform__ninit-1,6,division_zscore,role_residual_height_025,nnls,uniform,0.3614062219411871,,16,mins_per_game|eFG|three_pct|ft_pct,6,607,0.2023333333333333,340,267,0.4753486052151414,blk_pct=3.01; drb_pct=2.72; orb_pct=2.66; resid_drb_pct_height=2.59; resid_orb_pct_height=2.49,three_share=-1.56; three_pa_per_100_team_poss=-1.45; ast_tov=-1.09; resid_three_share_height=-1.05; ast_pct=-0.81,height_inches,1.847637074895897
role_residual_height_025,k7__division_zscore__role_residual_height_025__method-nnls__init-furthest_first__ninit-1,7,division_zscore,role_residual_height_025,nnls,furthest_first,0.3288383772877349,,16,mins_per_game|eFG|three_pct|ft_pct,1,305,0.1016666666666666,160,145,0.4493886514647095,ast_tov=3.61; three_share=2.18; resid_three_share_height=2.15; three_pa_per_100_team_poss=1.11; stl_pct=0.39,tov_pct=-2.10; usg=-1.78; FTR=-1.70; drb_pct=-1.24; orb_pct=-1.02,height_inches,-0.6561571465904079
role_residual_height_025,k7__division_zscore__role_residual_height_025__method-nnls__init-furthest_first__ninit-1,7,division_zscore,role_residual_height_025,nnls,furthest_first,0.3288383772877349,,16,mins_per_game|eFG|three_pct|ft_pct,2,530,0.1766666666666666,301,229,0.4663893131361202,drb_pct=2.73; blk_pct=2.64; resid_drb_pct_height=2.63; height_inches=2.16; orb_pct=2.14,three_share=-1.43; three_pa_per_100_team_poss=-1.28; stl_pct=-1.11; ast_tov=-0.98; resid_three_share_height=-0.82,height_inches,2.157334847307652
role_residual_height_025,k7__division_zscore__role_residual_height_025__method-nnls__init-furthest_first__ninit-1,7,division_zscore,role_residual_height_025,nnls,furthest_first,0.3288383772877349,,16,mins_per_game|eFG|three_pct|ft_pct,3,195,0.065,103,92,0.4231394793794408,tov_pct=3.87; blk_pct=0.32; stl_pct=-0.04; resid_three_pct_shot_mix=-0.29; resid_drb_pct_height=-0.31,usg=-2.06; FTR=-1.86; resid_three_share_height=-1.42; three_pa_per_100_team_poss=-1.30; three_share=-1.17,height_inches,-0.6655407201361042
role_residual_height_025,k7__division_zscore__role_residual_height_025__method-nnls__init-furthest_first__ninit-1,7,division_zscore,role_residual_height_025,nnls,furthest_first,0.3288383772877349,,16,mins_per_game|eFG|three_pct|ft_pct,4,251,0.0836666666666666,136,115,0.4570718812515644,FTR=3.54; height_inches=0.89; tov_pct=0.63; blk_pct=0.42; orb_pct=0.29,usg=-2.05; resid_drb_pct_height=-1.83; stl_pct=-1.56; three_share=-1.39; three_pa_per_100_team_poss=-1.38,height_inches,0.8868750425450842
role_residual_height_025,k7__division_zscore__role_residual_height_025__method-nnls__init-furthest_first__ninit-1,7,division_zscore,role_residual_height_025,nnls,furthest_first,0.3288383772877349,,16,mins_per_game|eFG|three_pct|ft_pct,5,722,0.2406666666666666,390,332,0.4585019932877403,three_pa_per_100_team_poss=2.47; resid_three_share_height=2.31; three_share=2.10; usg=0.41; height_inches=0.35,tov_pct=-1.55; ast_tov=-1.45; FTR=-1.40; ast_pct=-1.39; resid_orb_pct_height=-1.38,height_inches,0.3509427063588217
role_residual_height_025,k7__division_zscore__role_residual_height_025__method-nnls__init-furthest_first__ninit-1,7,division_zscore,role_residual_height_025,nnls,furthest_first,0.3288383772877349,,16,mins_per_game|eFG|three_pct|ft_pct,6,812,0.2706666666666666,438,374,0.5056403990298297,ast_pct=2.87; usg=1.89; stl_pct=1.17; ast_tov=0.99; FTR=0.64,height_inches=-1.61; orb_pct=-0.88; resid_three_share_height=-0.79; blk_pct=-0.67; three_share=-0.33,height_inches,-1.6050872115907209
role_residual_height_025,k7__division_zscore__role_residual_height_025__method-nnls__init-furthest_first__ninit-1,7,division_zscore,role_residual_height_025,nnls,furthest_first,0.3288383772877349,,16,mins_per_game|eFG|three_pct|ft_pct,7,185,0.0616666666666666,100,85,0.4014136376762342,stl_pct=3.24; resid_orb_pct_height=3.16; orb_pct=2.92; resid_drb_pct_height=1.41; drb_pct=1.35,resid_three_share_height=-1.77; three_share=-1.53; ast_tov=-1.46; three_pa_per_100_team_poss=-1.43; ast_pct=-1.27,height_inches,0.2491602697879135
role_residual_height_025,k8__division_zscore__role_residual_height_025__method-nnls__init-aa_plus_plus__ninit-1,8,division_zscore,role_residual_height_025,nnls,aa_plus_plus,0.3039979597431767,,16,mins_per_game|eFG|three_pct|ft_pct,1,243,0.081,131,112,0.398288912455824,resid_drb_pct_height=2.56; drb_pct=2.49; resid_three_share_height=1.61; height_inches=1.06; three_pa_per_100_team_poss=0.97,resid_orb_pct_height=-1.78; ast_tov=-0.71; orb_pct=-0.67; ast_pct=-0.26; stl_pct=-0.22,height_inches,1.055228977691982
role_residual_height_025,k8__division_zscore__role_residual_height_025__method-nnls__init-aa_plus_plus__ninit-1,8,division_zscore,role_residual_height_025,nnls,aa_plus_plus,0.3039979597431767,,16,mins_per_game|eFG|three_pct|ft_pct,2,295,0.0983333333333333,158,137,0.4599621102965566,FTR=3.54; tov_pct=0.75; height_inches=0.45; orb_pct=0.16; blk_pct=-0.22,usg=-1.66; three_pa_per_100_team_poss=-1.36; resid_drb_pct_height=-1.28; three_share=-1.26; ast_pct=-1.21,height_inches,0.4530350317665236
role_residual_height_025,k8__division_zscore__role_residual_height_025__method-nnls__init-aa_plus_plus__ninit-1,8,division_zscore,role_residual_height_025,nnls,aa_plus_plus,0.3039979597431767,,16,mins_per_game|eFG|three_pct|ft_pct,3,537,0.179,285,252,0.4379180038970349,three_pa_per_100_team_poss=2.47; resid_three_share_height=2.22; three_share=2.18; usg=0.29; resid_three_pct_shot_mix=0.09,FTR=-1.74; tov_pct=-1.73; stl_pct=-1.63; ast_pct=-1.36; ast_tov=-1.30,height_inches,-0.0910972346121864
role_residual_height_025,k8__division_zscore__role_residual_height_025__method-nnls__init-aa_plus_plus__ninit-1,8,division_zscore,role_residual_height_025,nnls,aa_plus_plus,0.3039979597431767,,16,mins_per_game|eFG|three_pct|ft_pct,4,503,0.1676666666666666,278,225,0.4600777148688272,resid_orb_pct_height=3.18; orb_pct=2.92; drb_pct=2.17; resid_drb_pct_height=2.15; blk_pct=1.62,three_share=-1.53; resid_three_share_height=-1.48; three_pa_per_100_team_poss=-1.43; ast_tov=-0.96; ast_pct=-0.60,height_inches,1.2334052688906934
role_residual_height_025,k8__division_zscore__role_residual_height_025__method-nnls__init-aa_plus_plus__ninit-1,8,division_zscore,role_residual_height_025,nnls,aa_plus_plus,0.3039979597431767,,16,mins_per_game|eFG|three_pct|ft_pct,5,278,0.0926666666666666,153,125,0.4311668931739094,ast_tov=3.61; resid_three_share_height=2.25; three_share=2.22; three_pa_per_100_team_poss=1.23; stl_pct=0.69,tov_pct=-2.31; usg=-1.81; FTR=-1.73; drb_pct=-1.38; resid_drb_pct_height=-1.20,height_inches,-0.4867967649276228
role_residual_height_025,k8__division_zscore__role_residual_height_025__method-nnls__init-aa_plus_plus__ninit-1,8,division_zscore,role_residual_height_025,nnls,aa_plus_plus,0.3039979597431767,,16,mins_per_game|eFG|three_pct|ft_pct,6,774,0.258,423,351,0.4992093939194048,ast_pct=2.73; usg=1.98; stl_pct=1.46; ast_tov=1.02; FTR=0.53,height_inches=-1.46; resid_three_share_height=-0.88; orb_pct=-0.83; blk_pct=-0.56; drb_pct=-0.51,height_inches,-1.4559726707854013
role_residual_height_025,k8__division_zscore__role_residual_height_025__method-nnls__init-aa_plus_plus__ninit-1,8,division_zscore,role_residual_height_025,nnls,aa_plus_plus,0.3039979597431767,,16,mins_per_game|eFG|three_pct|ft_pct,7,197,0.0656666666666666,98,99,0.4209347235024275,tov_pct=3.83; resid_drb_pct_height=0.45; resid_orb_pct_height=0.08; stl_pct=0.07; ast_tov=-0.11,usg=-2.02; FTR=-1.81; three_pa_per_100_team_poss=-1.21; resid_three_share_height=-1.21; three_share=-0.95,height_inches,-0.9115949214556428
role_residual_height_025,k8__division_zscore__role_residual_height_025__method-nnls__init-aa_plus_plus__ninit-1,8,division_zscore,role_residual_height_025,nnls,aa_plus_plus,0.3039979597431767,,16,mins_per_game|eFG|three_pct|ft_pct,8,173,0.0576666666666666,102,71,0.4347385314200787,blk_pct=4.01; height_inches=1.98; tov_pct=0.82; orb_pct=0.68; drb_pct=0.23,stl_pct=-1.61; three_share=-1.55; three_pa_per_100_team_poss=-1.45; ast_tov=-1.38; usg=-1.31,height_inches,1.9758555902652633
quality_lite_residual_height_025,k6__division_zscore__quality_lite_residual_height_025__method-nnls__init-uniform__ninit-1,6,division_zscore,quality_lite_residual_height_025,nnls,uniform,0.3943301221227731,,19,mins_per_game,1,446,0.1486666666666666,234,212,0.4718340729331904,ast_tov=3.50; three_share=1.58; resid_three_share_height=1.43; three_pa_per_100_team_poss=1.01; three_pct=0.47,tov_pct=-1.55; height_inches=-1.46; drb_pct=-1.40; usg=-1.38; FTR=-1.37,resid_three_pct_shot_mix,0.2137822676091966
quality_lite_residual_height_025,k6__division_zscore__quality_lite_residual_height_025__method-nnls__init-uniform__ninit-1,6,division_zscore,quality_lite_residual_height_025,nnls,uniform,0.3943301221227731,,19,mins_per_game,2,318,0.106,171,147,0.4879865237314554,FTR=3.50; tov_pct=0.69; height_inches=0.59; eFG=0.45; orb_pct=0.44,usg=-1.54; three_pct=-1.40; three_share=-1.38; three_pa_per_100_team_poss=-1.36; resid_drb_pct_height=-1.34,resid_three_pct_shot_mix,-0.0696715970227053
quality_lite_residual_height_025,k6__division_zscore__quality_lite_residual_height_025__method-nnls__init-uniform__ninit-1,6,division_zscore,quality_lite_residual_height_025,nnls,uniform,0.3943301221227731,,19,mins_per_game,3,773,0.2576666666666666,423,350,0.5055253658617865,ast_pct=2.59; usg=2.09; stl_pct=1.74; resid_drb_pct_height=0.96; ft_pct=0.84,height_inches=-1.50; resid_three_share_height=-0.90; orb_pct=-0.68; blk_pct=-0.65; three_share=-0.43,resid_three_pct_shot_mix,0.1663438921169637
quality_lite_residual_height_025,k6__division_zscore__quality_lite_residual_height_025__method-nnls__init-uniform__ninit-1,6,division_zscore,quality_lite_residual_height_025,nnls,uniform,0.3943301221227731,,19,mins_per_game,4,150,0.05,78,72,0.4339951567489775,tov_pct=3.80; blk_pct=0.17; stl_pct=0.15; height_inches=-0.34; resid_drb_pct_height=-0.57,ft_pct=-3.47; eFG=-2.72; three_pct=-1.99; usg=-1.96; FTR=-1.75,resid_three_pct_shot_mix,-0.8286903932478856
quality_lite_residual_height_025,k6__division_zscore__quality_lite_residual_height_025__method-nnls__init-uniform__ninit-1,6,division_zscore,quality_lite_residual_height_025,nnls,uniform,0.3943301221227731,,19,mins_per_game,5,761,0.2536666666666666,414,347,0.461036528191439,three_pa_per_100_team_poss=2.48; resid_three_share_height=2.38; three_share=1.91; height_inches=0.94; ft_pct=0.91,resid_orb_pct_height=-1.62; tov_pct=-1.52; ast_tov=-1.45; ast_pct=-1.39; stl_pct=-1.06,resid_three_pct_shot_mix,0.4815109303463258
quality_lite_residual_height_025,k6__division_zscore__quality_lite_residual_height_025__method-nnls__init-uniform__ninit-1,6,division_zscore,quality_lite_residual_height_025,nnls,uniform,0.3943301221227731,,19,mins_per_game,6,552,0.184,308,244,0.4768258023438629,blk_pct=3.05; drb_pct=2.72; orb_pct=2.70; resid_drb_pct_height=2.61; resid_orb_pct_height=2.59,three_pct=-1.88; three_share=-1.55; three_pa_per_100_team_poss=-1.44; resid_three_share_height=-1.06; ast_tov=-1.02,resid_three_pct_shot_mix,-0.1127401570581661
quality_lite_residual_height_025,k7__division_zscore__quality_lite_residual_height_025__method-nnls__init-aa_plus_plus__ninit-1,7,division_zscore,quality_lite_residual_height_025,nnls,aa_plus_plus,0.366285016296777,,19,mins_per_game,1,731,0.2436666666666666,408,323,0.5093574926750019,ast_pct=2.74; usg=1.99; stl_pct=1.59; ft_pct=0.88; ast_tov=0.68,height_inches=-1.60; orb_pct=-0.91; resid_three_share_height=-0.70; blk_pct=-0.56; drb_pct=-0.33,resid_three_pct_shot_mix,0.2086241827465455
quality_lite_residual_height_025,k7__division_zscore__quality_lite_residual_height_025__method-nnls__init-aa_plus_plus__ninit-1,7,division_zscore,quality_lite_residual_height_025,nnls,aa_plus_plus,0.366285016296777,,19,mins_per_game,2,730,0.2433333333333333,398,332,0.4555683778150854,three_pa_per_100_team_poss=2.49; resid_three_share_height=2.34; three_share=1.91; ft_pct=0.87; height_inches=0.87,resid_orb_pct_height=-1.64; tov_pct=-1.53; ast_tov=-1.52; ast_pct=-1.39; resid_drb_pct_height=-0.99,resid_three_pct_shot_mix,0.3813440206669412
quality_lite_residual_height_025,k7__division_zscore__quality_lite_residual_height_025__method-nnls__init-aa_plus_plus__ninit-1,7,division_zscore,quality_lite_residual_height_025,nnls,aa_plus_plus,0.366285016296777,,19,mins_per_game,3,205,0.0683333333333333,110,95,0.4730010463555472,FTR=3.53; tov_pct=0.95; height_inches=0.30; blk_pct=0.04; orb_pct=-0.05,three_pct=-1.67; usg=-1.59; resid_drb_pct_height=-1.56; drb_pct=-1.34; three_pa_per_100_team_poss=-1.33,resid_three_pct_shot_mix,-0.4780551114053111
quality_lite_residual_height_025,k7__division_zscore__quality_lite_residual_height_025__method-nnls__init-aa_plus_plus__ninit-1,7,division_zscore,quality_lite_residual_height_025,nnls,aa_plus_plus,0.366285016296777,,19,mins_per_game,4,471,0.157,247,224,0.4506954290952387,resid_orb_pct_height=2.93; orb_pct=2.77; resid_drb_pct_height=2.65; drb_pct=2.57; FTR=1.40,three_share=-1.35; resid_three_share_height=-1.26; three_pa_per_100_team_poss=-1.23; ast_tov=-0.90; tov_pct=-0.62,resid_three_pct_shot_mix,1.0159799678608192
quality_lite_residual_height_025,k7__division_zscore__quality_lite_residual_height_025__method-nnls__init-aa_plus_plus__ninit-1,7,division_zscore,quality_lite_residual_height_025,nnls,aa_plus_plus,0.366285016296777,,19,mins_per_game,5,265,0.0883333333333333,156,109,0.4819456209533383,blk_pct=3.96; height_inches=2.00; eFG=1.82; orb_pct=1.33; drb_pct=1.02,three_pct=-1.98; three_share=-1.56; three_pa_per_100_team_poss=-1.46; ast_tov=-0.99; stl_pct=-0.98,resid_three_pct_shot_mix,-0.346256803765769
quality_lite_residual_height_025,k7__division_zscore__quality_lite_residual_height_025__method-nnls__init-aa_plus_plus__ninit-1,7,division_zscore,quality_lite_residual_height_025,nnls,aa_plus_plus,0.366285016296777,,19,mins_per_game,6,414,0.138,222,192,0.4665533421295215,ast_tov=3.48; three_share=1.72; resid_three_share_height=1.66; three_pa_per_100_team_poss=1.06; three_pct=0.66,tov_pct=-1.69; usg=-1.44; FTR=-1.26; drb_pct=-1.22; height_inches=-1.17,resid_three_pct_shot_mix,0.3944682826743833
quality_lite_residual_height_025,k7__division_zscore__quality_lite_residual_height_025__method-nnls__init-aa_plus_plus__ninit-1,7,division_zscore,quality_lite_residual_height_025,nnls,aa_plus_plus,0.366285016296777,,19,mins_per_game,7,184,0.0613333333333333,87,97,0.4189364894369921,tov_pct=3.68; stl_pct=0.35; resid_drb_pct_height=0.12; resid_orb_pct_height=0.07; ast_tov=-0.32,ft_pct=-3.25; eFG=-2.94; usg=-1.98; three_pct=-1.87; FTR=-1.74,resid_three_pct_shot_mix,-0.6789601699060739
quality_lite_residual_height_025,k8__division_zscore__quality_lite_residual_height_025__method-nnls__init-aa_plus_plus__ninit-1,8,division_zscore,quality_lite_residual_height_025,nnls,aa_plus_plus,0.3498785561307565,,19,mins_per_game,1,529,0.1763333333333333,307,222,0.4419119229795171,ast_pct=3.03; usg=1.93; ast_tov=1.76; ft_pct=1.06; three_pct=0.61,height_inches=-1.78; orb_pct=-0.93; drb_pct=-0.69; resid_three_share_height=-0.67; FTR=-0.60,resid_three_pct_shot_mix,0.36272976265265
quality_lite_residual_height_025,k8__division_zscore__quality_lite_residual_height_025__method-nnls__init-aa_plus_plus__ninit-1,8,division_zscore,quality_lite_residual_height_025,nnls,aa_plus_plus,0.3498785561307565,,19,mins_per_game,2,752,0.2506666666666666,405,347,0.4366160202801528,three_pa_per_100_team_poss=2.47; resid_three_share_height=2.41; three_share=1.89; three_pct=0.93; ft_pct=0.92,resid_orb_pct_height=-1.87; ast_tov=-1.42; ast_pct=-1.41; tov_pct=-1.18; resid_drb_pct_height=-1.06,resid_three_pct_shot_mix,0.5997242978279393
quality_lite_residual_height_025,k8__division_zscore__quality_lite_residual_height_025__method-nnls__init-aa_plus_plus__ninit-1,8,division_zscore,quality_lite_residual_height_025,nnls,aa_plus_plus,0.3498785561307565,,19,mins_per_game,3,312,0.104,166,146,0.43774446051854,ast_tov=3.61; three_share=2.22; resid_three_share_height=2.14; three_pa_per_100_team_poss=1.57; stl_pct=0.55,tov_pct=-1.87; FTR=-1.57; drb_pct=-1.49; usg=-1.42; height_inches=-1.38,resid_three_pct_shot_mix,-0.0394675738013153
quality_lite_residual_height_025,k8__division_zscore__quality_lite_residual_height_025__method-nnls__init-aa_plus_plus__ninit-1,8,division_zscore,quality_lite_residual_height_025,nnls,aa_plus_plus,0.3498785561307565,,19,mins_per_game,4,588,0.196,330,258,0.4668806464987574,blk_pct=2.90; drb_pct=2.68; resid_drb_pct_height=2.59; orb_pct=2.45; resid_orb_pct_height=2.16,three_pct=-1.59; three_share=-1.54; three_pa_per_100_team_poss=-1.41; resid_three_share_height=-0.94; ast_tov=-0.94,resid_three_pct_shot_mix,0.0920314358742216
quality_lite_residual_height_025,k8__division_zscore__quality_lite_residual_height_025__method-nnls__init-aa_plus_plus__ninit-1,8,division_zscore,quality_lite_residual_height_025,nnls,aa_plus_plus,0.3498785561307565,,19,mins_per_game,5,354,0.118,173,181,0.4255553392807613,stl_pct=3.42; FTR=2.12; ast_pct=1.57; tov_pct=1.11; resid_drb_pct_height=1.00,resid_three_share_height=-1.08; height_inches=-1.06; orb_pct=-0.63; three_share=-0.59; three_pa_per_100_team_poss=-0.59,resid_three_pct_shot_mix,0.1028294906557268
quality_lite_residual_height_025,k8__division_zscore__quality_lite_residual_height_025__method-nnls__init-aa_plus_plus__ninit-1,8,division_zscore,quality_lite_residual_height_025,nnls,aa_plus_plus,0.3498785561307565,,19,mins_per_game,6,81,0.027,45,36,0.357951212640229,resid_orb_pct_height=3.19; orb_pct=2.93; height_inches=1.08; usg=0.60; resid_three_share_height=0.40,resid_three_pct_shot_mix=-2.80; eFG=-2.26; stl_pct=-2.07; resid_drb_pct_height=-2.05; three_pct=-1.93,resid_three_pct_shot_mix,-2.8011631955684915
quality_lite_residual_height_025,k8__division_zscore__quality_lite_residual_height_025__method-nnls__init-aa_plus_plus__ninit-1,8,division_zscore,quality_lite_residual_height_025,nnls,aa_plus_plus,0.3498785561307565,,19,mins_per_game,7,210,0.07,117,93,0.4562841093401617,FTR=3.52; eFG=1.08; height_inches=0.95; tov_pct=0.51; orb_pct=0.47,usg=-1.99; stl_pct=-1.76; resid_drb_pct_height=-1.74; three_pct=-1.59; three_pa_per_100_team_poss=-1.34,resid_three_pct_shot_mix,0.1053279116616165
quality_lite_residual_height_025,k8__division_zscore__quality_lite_residual_height_025__method-nnls__init-aa_plus_plus__ninit-1,8,division_zscore,quality_lite_residual_height_025,nnls,aa_plus_plus,0.3498785561307565,,19,mins_per_game,8,174,0.058,85,89,0.4032529874953709,tov_pct=3.87; blk_pct=0.50; stl_pct=-0.03; height_inches=-0.43; resid_three_pct_shot_mix=-0.49,ft_pct=-3.65; eFG=-2.39; usg=-1.95; FTR=-1.86; three_pct=-1.71,resid_three_pct_shot_mix,-0.4854814136194452
role_residual_context_only_height_025,k6__division_zscore__role_residual_context_only_height_025__method-nnls__init-furthest_sum__ninit-1,6,division_zscore,role_residual_context_only_height_025,nnls,furthest_sum,0.3368763307950451,,13,mins_per_game|eFG|three_share|orb_pct|drb_pct|three_pct|ft_pct,1,399,0.133,214,185,0.491566233306474,blk_pct=3.72; height_inches=1.81; resid_orb_pct_height=1.61; resid_drb_pct_height=1.58; usg=0.59,three_pa_per_100_team_poss=-1.40; resid_three_share_height=-1.12; ast_tov=-1.08; ast_pct=-0.76; stl_pct=-0.68,resid_three_pct_shot_mix,-0.5557733129325715
role_residual_context_only_height_025,k6__division_zscore__role_residual_context_only_height_025__method-nnls__init-furthest_sum__ninit-1,6,division_zscore,role_residual_context_only_height_025,nnls,furthest_sum,0.3368763307950451,,13,mins_per_game|eFG|three_share|orb_pct|drb_pct|three_pct|ft_pct,2,256,0.0853333333333333,134,122,0.4312523759271313,tov_pct=3.94; stl_pct=0.18; resid_drb_pct_height=-0.06; blk_pct=-0.17; resid_three_pct_shot_mix=-0.38,usg=-2.09; FTR=-1.85; resid_three_share_height=-1.65; three_pa_per_100_team_poss=-1.42; ast_pct=-0.80,resid_three_pct_shot_mix,-0.3830927321842808
role_residual_context_only_height_025,k6__division_zscore__role_residual_context_only_height_025__method-nnls__init-furthest_sum__ninit-1,6,division_zscore,role_residual_context_only_height_025,nnls,furthest_sum,0.3368763307950451,,13,mins_per_game|eFG|three_share|orb_pct|drb_pct|three_pct|ft_pct,3,447,0.149,247,200,0.4804909346980892,FTR=3.56; height_inches=0.93; resid_orb_pct_height=0.69; tov_pct=-0.01; resid_three_pct_shot_mix=-0.17,three_pa_per_100_team_poss=-1.44; ast_pct=-1.20; usg=-1.16; resid_three_share_height=-1.11; ast_tov=-0.87,resid_three_pct_shot_mix,-0.1740591515680606
role_residual_context_only_height_025,k6__division_zscore__role_residual_context_only_height_025__method-nnls__init-furthest_sum__ninit-1,6,division_zscore,role_residual_context_only_height_025,nnls,furthest_sum,0.3368763307950451,,13,mins_per_game|eFG|three_share|orb_pct|drb_pct|three_pct|ft_pct,4,770,0.2566666666666666,414,356,0.4768149356626522,three_pa_per_100_team_poss=2.49; resid_three_share_height=2.28; usg=0.58; height_inches=0.46; resid_three_pct_shot_mix=-0.04,tov_pct=-1.61; ast_tov=-1.48; ast_pct=-1.36; FTR=-1.34; resid_orb_pct_height=-1.26,resid_three_pct_shot_mix,-0.0407779811827767
role_residual_context_only_height_025,k6__division_zscore__role_residual_context_only_height_025__method-nnls__init-furthest_sum__ninit-1,6,division_zscore,role_residual_context_only_height_025,nnls,furthest_sum,0.3368763307950451,,13,mins_per_game|eFG|three_share|orb_pct|drb_pct|three_pct|ft_pct,5,336,0.112,180,156,0.4707344944722498,ast_tov=3.55; resid_three_share_height=1.48; three_pa_per_100_team_poss=0.72; stl_pct=0.12; ast_pct=0.06,tov_pct=-1.98; usg=-1.68; FTR=-1.40; resid_drb_pct_height=-0.77; height_inches=-0.65,resid_three_pct_shot_mix,-0.0332921668575076
role_residual_context_only_height_025,k6__division_zscore__role_residual_context_only_height_025__method-nnls__init-furthest_sum__ninit-1,6,division_zscore,role_residual_context_only_height_025,nnls,furthest_sum,0.3368763307950451,,13,mins_per_game|eFG|three_share|orb_pct|drb_pct|three_pct|ft_pct,6,792,0.264,439,353,0.5086092677725567,ast_pct=2.67; usg=2.02; stl_pct=1.76; resid_drb_pct_height=1.03; ast_tov=0.64,height_inches=-1.50; resid_three_share_height=-0.88; blk_pct=-0.56; three_pa_per_100_team_poss=0.02; resid_three_pct_shot_mix=0.11,resid_three_pct_shot_mix,0.1084219166335733
role_residual_context_only_height_025,k7__division_zscore__role_residual_context_only_height_025__method-nnls__init-uniform__ninit-1,7,division_zscore,role_residual_context_only_height_025,nnls,uniform,0.3029113353306103,,13,mins_per_game|eFG|three_share|orb_pct|drb_pct|three_pct|ft_pct,1,360,0.12,192,168,0.4584837224076431,FTR=3.53; height_inches=0.92; tov_pct=0.26; resid_orb_pct_height=0.21; resid_three_pct_shot_mix=0.07,usg=-1.67; stl_pct=-1.47; three_pa_per_100_team_poss=-1.36; ast_pct=-1.22; resid_drb_pct_height=-0.97,resid_three_pct_shot_mix,0.0669269262714341
role_residual_context_only_height_025,k7__division_zscore__role_residual_context_only_height_025__method-nnls__init-uniform__ninit-1,7,division_zscore,role_residual_context_only_height_025,nnls,uniform,0.3029113353306103,,13,mins_per_game|eFG|three_share|orb_pct|drb_pct|three_pct|ft_pct,2,775,0.2583333333333333,419,356,0.4636316211350982,three_pa_per_100_team_poss=2.49; resid_three_share_height=2.22; usg=0.75; height_inches=0.35; resid_three_pct_shot_mix=-0.05,tov_pct=-1.55; ast_tov=-1.48; ast_pct=-1.31; FTR=-1.24; resid_orb_pct_height=-1.19,resid_three_pct_shot_mix,-0.0465622165458112
role_residual_context_only_height_025,k7__division_zscore__role_residual_context_only_height_025__method-nnls__init-uniform__ninit-1,7,division_zscore,role_residual_context_only_height_025,nnls,uniform,0.3029113353306103,,13,mins_per_game|eFG|three_share|orb_pct|drb_pct|three_pct|ft_pct,3,374,0.1246666666666666,212,162,0.4795775838729453,blk_pct=3.85; height_inches=2.10; resid_drb_pct_height=1.07; resid_orb_pct_height=0.58; usg=0.30,three_pa_per_100_team_poss=-1.42; stl_pct=-1.32; resid_three_share_height=-1.19; ast_tov=-0.96; ast_pct=-0.49,resid_three_pct_shot_mix,-0.4903702268186138
role_residual_context_only_height_025,k7__division_zscore__role_residual_context_only_height_025__method-nnls__init-uniform__ninit-1,7,division_zscore,role_residual_context_only_height_025,nnls,uniform,0.3029113353306103,,13,mins_per_game|eFG|three_share|orb_pct|drb_pct|three_pct|ft_pct,4,272,0.0906666666666666,150,122,0.4404852800545149,ast_tov=3.61; resid_three_share_height=2.19; three_pa_per_100_team_poss=1.11; stl_pct=0.64; resid_three_pct_shot_mix=-0.16,tov_pct=-2.23; usg=-1.84; FTR=-1.80; resid_drb_pct_height=-1.15; blk_pct=-0.87,resid_three_pct_shot_mix,-0.161835531026334
role_residual_context_only_height_025,k7__division_zscore__role_residual_context_only_height_025__method-nnls__init-uniform__ninit-1,7,division_zscore,role_residual_context_only_height_025,nnls,uniform,0.3029113353306103,,13,mins_per_game|eFG|three_share|orb_pct|drb_pct|three_pct|ft_pct,5,223,0.0743333333333333,116,107,0.3941958095119705,stl_pct=3.24; resid_orb_pct_height=2.99; resid_drb_pct_height=1.33; usg=0.46; blk_pct=0.39,resid_three_share_height=-1.83; ast_tov=-1.44; three_pa_per_100_team_poss=-1.35; ast_pct=-1.11; resid_three_pct_shot_mix=-0.57,resid_three_pct_shot_mix,-0.5681913812340464
role_residual_context_only_height_025,k7__division_zscore__role_residual_context_only_height_025__method-nnls__init-uniform__ninit-1,7,division_zscore,role_residual_context_only_height_025,nnls,uniform,0.3029113353306103,,13,mins_per_game|eFG|three_share|orb_pct|drb_pct|three_pct|ft_pct,6,245,0.0816666666666666,130,115,0.4291862487342904,tov_pct=3.87; resid_drb_pct_height=0.09; stl_pct=0.06; resid_three_pct_shot_mix=-0.27; blk_pct=-0.29,usg=-2.05; FTR=-1.83; resid_three_share_height=-1.36; three_pa_per_100_team_poss=-1.28; height_inches=-0.75,resid_three_pct_shot_mix,-0.2690045747134518
role_residual_context_only_height_025,k7__division_zscore__role_residual_context_only_height_025__method-nnls__init-uniform__ninit-1,7,division_zscore,role_residual_context_only_height_025,nnls,uniform,0.3029113353306103,,13,mins_per_game|eFG|three_share|orb_pct|drb_pct|three_pct|ft_pct,7,751,0.2503333333333333,409,342,0.498680788830028,ast_pct=2.97; usg=1.95; ast_tov=1.28; stl_pct=0.91; resid_drb_pct_height=0.80,height_inches=-1.49; resid_three_share_height=-0.79; blk_pct=-0.55; tov_pct=-0.02; resid_orb_pct_height=-0.00,resid_three_pct_shot_mix,0.2721885900864731
role_residual_context_only_height_025,k8__division_zscore__role_residual_context_only_height_025__method-nnls__init-uniform__ninit-1,8,division_zscore,role_residual_context_only_height_025,nnls,uniform,0.2749070877774018,,13,mins_per_game|eFG|three_share|orb_pct|drb_pct|three_pct|ft_pct,1,369,0.123,192,177,0.4455068245039268,FTR=3.56; height_inches=0.61; tov_pct=0.49; resid_orb_pct_height=0.19; resid_three_pct_shot_mix=-0.06,usg=-1.76; three_pa_per_100_team_poss=-1.40; ast_pct=-1.24; resid_three_share_height=-1.23; resid_drb_pct_height=-0.84,resid_three_pct_shot_mix,-0.0568959823920231
role_residual_context_only_height_025,k8__division_zscore__role_residual_context_only_height_025__method-nnls__init-uniform__ninit-1,8,division_zscore,role_residual_context_only_height_025,nnls,uniform,0.2749070877774018,,13,mins_per_game|eFG|three_share|orb_pct|drb_pct|three_pct|ft_pct,2,826,0.2753333333333333,443,383,0.4518674160266331,three_pa_per_100_team_poss=2.48; resid_three_share_height=2.28; usg=0.63; height_inches=0.30; resid_three_pct_shot_mix=0.14,tov_pct=-1.52; stl_pct=-1.42; ast_tov=-1.34; FTR=-1.26; ast_pct=-1.25,resid_three_pct_shot_mix,0.1426344721442262
role_residual_context_only_height_025,k8__division_zscore__role_residual_context_only_height_025__method-nnls__init-uniform__ninit-1,8,division_zscore,role_residual_context_only_height_025,nnls,uniform,0.2749070877774018,,13,mins_per_game|eFG|three_share|orb_pct|drb_pct|three_pct|ft_pct,3,411,0.137,217,194,0.4364216184893016,stl_pct=3.46; usg=1.79; ast_pct=1.61; resid_drb_pct_height=0.57; FTR=0.56,height_inches=-1.31; resid_three_share_height=-0.79; blk_pct=-0.46; resid_three_pct_shot_mix=-0.42; ast_tov=-0.14,resid_three_pct_shot_mix,-0.4152387224085595
role_residual_context_only_height_025,k8__division_zscore__role_residual_context_only_height_025__method-nnls__init-uniform__ninit-1,8,division_zscore,role_residual_context_only_height_025,nnls,uniform,0.2749070877774018,,13,mins_per_game|eFG|three_share|orb_pct|drb_pct|three_pct|ft_pct,4,200,0.0666666666666666,122,78,0.4515182295428119,blk_pct=4.04; height_inches=1.95; tov_pct=0.70; FTR=0.18; resid_three_pct_shot_mix=-0.65,usg=-1.71; ast_pct=-1.37; three_pa_per_100_team_poss=-1.37; ast_tov=-1.18; resid_drb_pct_height=-1.10,resid_three_pct_shot_mix,-0.6512360023819532
role_residual_context_only_height_025,k8__division_zscore__role_residual_context_only_height_025__method-nnls__init-uniform__ninit-1,8,division_zscore,role_residual_context_only_height_025,nnls,uniform,0.2749070877774018,,13,mins_per_game|eFG|three_share|orb_pct|drb_pct|three_pct|ft_pct,5,239,0.0796666666666666,116,123,0.3974143304854777,tov_pct=3.94; resid_drb_pct_height=0.44; stl_pct=0.30; resid_orb_pct_height=0.25; ast_tov=-0.16,usg=-2.13; FTR=-1.95; resid_three_share_height=-1.84; three_pa_per_100_team_poss=-1.47; ast_pct=-0.97,resid_three_pct_shot_mix,-0.4579079158363644
role_residual_context_only_height_025,k8__division_zscore__role_residual_context_only_height_025__method-nnls__init-uniform__ninit-1,8,division_zscore,role_residual_context_only_height_025,nnls,uniform,0.2749070877774018,,13,mins_per_game|eFG|three_share|orb_pct|drb_pct|three_pct|ft_pct,6,254,0.0846666666666666,139,115,0.4234989536962169,ast_tov=3.58; resid_three_share_height=2.18; three_pa_per_100_team_poss=1.17; stl_pct=0.80; resid_three_pct_shot_mix=-0.02,tov_pct=-2.33; usg=-1.84; FTR=-1.80; resid_drb_pct_height=-1.22; blk_pct=-0.83,resid_three_pct_shot_mix,-0.0167935267749834
role_residual_context_only_height_025,k8__division_zscore__role_residual_context_only_height_025__method-nnls__init-uniform__ninit-1,8,division_zscore,role_residual_context_only_height_025,nnls,uniform,0.2749070877774018,,13,mins_per_game|eFG|three_share|orb_pct|drb_pct|three_pct|ft_pct,7,400,0.1333333333333333,231,169,0.4460526475604965,ast_pct=3.00; ast_tov=2.25; usg=1.24; three_pa_per_100_team_poss=0.39; resid_three_pct_shot_mix=0.38,height_inches=-1.59; blk_pct=-0.55; stl_pct=-0.50; resid_three_share_height=-0.28; resid_orb_pct_height=-0.26,resid_three_pct_shot_mix,0.3845983597511472
role_residual_context_only_height_025,k8__division_zscore__role_residual_context_only_height_025__method-nnls__init-uniform__ninit-1,8,division_zscore,role_residual_context_only_height_025,nnls,uniform,0.2749070877774018,,13,mins_per_game|eFG|three_share|orb_pct|drb_pct|three_pct|ft_pct,8,301,0.1003333333333333,168,133,0.3918733651915209,resid_orb_pct_height=3.19; resid_drb_pct_height=2.92; usg=2.45; blk_pct=2.39; height_inches=2.27,resid_three_share_height=-1.73; stl_pct=-1.49; three_pa_per_100_team_poss=-1.45; ast_tov=-0.74; tov_pct=-0.64,resid_three_pct_shot_mix,-0.0965427185191697
role_residual_height_025,k6__division_zscore__role_residual_height_025__method-nnls__init-uniform__ninit-1,6,division_zscore,role_residual_height_025,nnls,uniform,0.3614062219411871,,16,mins_per_game|eFG|three_pct|ft_pct,1,346,0.1153333333333333,187,159,0.4563014892775585,ast_tov=3.59; three_share=2.09; resid_three_share_height=2.03; three_pa_per_100_team_poss=1.16; stl_pct=0.41,tov_pct=-1.95; usg=-1.67; FTR=-1.62; drb_pct=-1.31; orb_pct=-1.00,resid_three_pct_shot_mix,-0.2083891514917409
role_residual_height_025,k6__division_zscore__role_residual_height_025__method-nnls__init-uniform__ninit-1,6,division_zscore,role_residual_height_025,nnls,uniform,0.3614062219411871,,16,mins_per_game|eFG|three_pct|ft_pct,2,325,0.1083333333333333,172,153,0.4763525499436981,FTR=3.50; height_inches=0.63; orb_pct=0.34; tov_pct=0.31; blk_pct=-0.07,resid_drb_pct_height=-1.53; usg=-1.52; three_pa_per_100_team_poss=-1.35; three_share=-1.33; ast_pct=-1.28,resid_three_pct_shot_mix,-0.2533542786028316
role_residual_height_025,k6__division_zscore__role_residual_height_025__method-nnls__init-uniform__ninit-1,6,division_zscore,role_residual_height_025,nnls,uniform,0.3614062219411871,,16,mins_per_game|eFG|three_pct|ft_pct,3,821,0.2736666666666666,447,374,0.5104963785444115,ast_pct=2.72; usg=1.90; stl_pct=1.70; resid_drb_pct_height=0.82; ast_tov=0.76,height_inches=-1.52; resid_three_share_height=-0.94; orb_pct=-0.67; blk_pct=-0.65; three_share=-0.47,resid_three_pct_shot_mix,0.131148947742431
role_residual_height_025,k6__division_zscore__role_residual_height_025__method-nnls__init-uniform__ninit-1,6,division_zscore,role_residual_height_025,nnls,uniform,0.3614062219411871,,16,mins_per_game|eFG|three_pct|ft_pct,4,202,0.0673333333333333,109,93,0.4342773851104638,tov_pct=3.89; blk_pct=0.29; stl_pct=0.01; resid_drb_pct_height=-0.32; resid_three_pct_shot_mix=-0.40,usg=-2.04; FTR=-1.88; resid_three_share_height=-1.45; three_pa_per_100_team_poss=-1.33; three_share=-1.24,resid_three_pct_shot_mix,-0.3992869854096384
role_residual_height_025,k6__division_zscore__role_residual_height_025__method-nnls__init-uniform__ninit-1,6,division_zscore,role_residual_height_025,nnls,uniform,0.3614062219411871,,16,mins_per_game|eFG|three_pct|ft_pct,5,699,0.233,373,326,0.4666287550621113,three_pa_per_100_team_poss=2.48; resid_three_share_height=2.32; three_share=2.07; usg=0.50; height_inches=0.49,tov_pct=-1.55; resid_orb_pct_height=-1.51; ast_tov=-1.45; ast_pct=-1.37; FTR=-1.29,resid_three_pct_shot_mix,0.0286802271275597
role_residual_height_025,k6__division_zscore__role_residual_height_025__method-nnls__init-uniform__ninit-1,6,division_zscore,role_residual_height_025,nnls,uniform,0.3614062219411871,,16,mins_per_game|eFG|three_pct|ft_pct,6,607,0.2023333333333333,340,267,0.4753486052151414,blk_pct=3.01; drb_pct=2.72; orb_pct=2.66; resid_drb_pct_height=2.59; resid_orb_pct_height=2.49,three_share=-1.56; three_pa_per_100_team_poss=-1.45; ast_tov=-1.09; resid_three_share_height=-1.05; ast_pct=-0.81,resid_three_pct_shot_mix,-0.1905350361820789
role_residual_height_025,k7__division_zscore__role_residual_height_025__method-nnls__init-furthest_first__ninit-1,7,division_zscore,role_residual_height_025,nnls,furthest_first,0.3288383772877349,,16,mins_per_game|eFG|three_pct|ft_pct,1,305,0.1016666666666666,160,145,0.4493886514647095,ast_tov=3.61; three_share=2.18; resid_three_share_height=2.15; three_pa_per_100_team_poss=1.11; stl_pct=0.39,tov_pct=-2.10; usg=-1.78; FTR=-1.70; drb_pct=-1.24; orb_pct=-1.02,resid_three_pct_shot_mix,-0.277696437134286
role_residual_height_025,k7__division_zscore__role_residual_height_025__method-nnls__init-furthest_first__ninit-1,7,division_zscore,role_residual_height_025,nnls,furthest_first,0.3288383772877349,,16,mins_per_game|eFG|three_pct|ft_pct,2,530,0.1766666666666666,301,229,0.4663893131361202,drb_pct=2.73; blk_pct=2.64; resid_drb_pct_height=2.63; height_inches=2.16; orb_pct=2.14,three_share=-1.43; three_pa_per_100_team_poss=-1.28; stl_pct=-1.11; ast_tov=-0.98; resid_three_share_height=-0.82,resid_three_pct_shot_mix,-0.1354516722911848
role_residual_height_025,k7__division_zscore__role_residual_height_025__method-nnls__init-furthest_first__ninit-1,7,division_zscore,role_residual_height_025,nnls,furthest_first,0.3288383772877349,,16,mins_per_game|eFG|three_pct|ft_pct,3,195,0.065,103,92,0.4231394793794408,tov_pct=3.87; blk_pct=0.32; stl_pct=-0.04; resid_three_pct_shot_mix=-0.29; resid_drb_pct_height=-0.31,usg=-2.06; FTR=-1.86; resid_three_share_height=-1.42; three_pa_per_100_team_poss=-1.30; three_share=-1.17,resid_three_pct_shot_mix,-0.2947846433555464
role_residual_height_025,k7__division_zscore__role_residual_height_025__method-nnls__init-furthest_first__ninit-1,7,division_zscore,role_residual_height_025,nnls,furthest_first,0.3288383772877349,,16,mins_per_game|eFG|three_pct|ft_pct,4,251,0.0836666666666666,136,115,0.4570718812515644,FTR=3.54; height_inches=0.89; tov_pct=0.63; blk_pct=0.42; orb_pct=0.29,usg=-2.05; resid_drb_pct_height=-1.83; stl_pct=-1.56; three_share=-1.39; three_pa_per_100_team_poss=-1.38,resid_three_pct_shot_mix,-0.0328844795253678
role_residual_height_025,k7__division_zscore__role_residual_height_025__method-nnls__init-furthest_first__ninit-1,7,division_zscore,role_residual_height_025,nnls,furthest_first,0.3288383772877349,,16,mins_per_game|eFG|three_pct|ft_pct,5,722,0.2406666666666666,390,332,0.4585019932877403,three_pa_per_100_team_poss=2.47; resid_three_share_height=2.31; three_share=2.10; usg=0.41; height_inches=0.35,tov_pct=-1.55; ast_tov=-1.45; FTR=-1.40; ast_pct=-1.39; resid_orb_pct_height=-1.38,resid_three_pct_shot_mix,0.0328729370933716
role_residual_height_025,k7__division_zscore__role_residual_height_025__method-nnls__init-furthest_first__ninit-1,7,division_zscore,role_residual_height_025,nnls,furthest_first,0.3288383772877349,,16,mins_per_game|eFG|three_pct|ft_pct,6,812,0.2706666666666666,438,374,0.5056403990298297,ast_pct=2.87; usg=1.89; stl_pct=1.17; ast_tov=0.99; FTR=0.64,height_inches=-1.61; orb_pct=-0.88; resid_three_share_height=-0.79; blk_pct=-0.67; three_share=-0.33,resid_three_pct_shot_mix,0.1975161277839943
role_residual_height_025,k7__division_zscore__role_residual_height_025__method-nnls__init-furthest_first__ninit-1,7,division_zscore,role_residual_height_025,nnls,furthest_first,0.3288383772877349,,16,mins_per_game|eFG|three_pct|ft_pct,7,185,0.0616666666666666,100,85,0.4014136376762342,stl_pct=3.24; resid_orb_pct_height=3.16; orb_pct=2.92; resid_drb_pct_height=1.41; drb_pct=1.35,resid_three_share_height=-1.77; three_share=-1.53; ast_tov=-1.46; three_pa_per_100_team_poss=-1.43; ast_pct=-1.27,resid_three_pct_shot_mix,-0.2689050842411514
role_residual_height_025,k8__division_zscore__role_residual_height_025__method-nnls__init-aa_plus_plus__ninit-1,8,division_zscore,role_residual_height_025,nnls,aa_plus_plus,0.3039979597431767,,16,mins_per_game|eFG|three_pct|ft_pct,1,243,0.081,131,112,0.398288912455824,resid_drb_pct_height=2.56; drb_pct=2.49; resid_three_share_height=1.61; height_inches=1.06; three_pa_per_100_team_poss=0.97,resid_orb_pct_height=-1.78; ast_tov=-0.71; orb_pct=-0.67; ast_pct=-0.26; stl_pct=-0.22,resid_three_pct_shot_mix,0.0231978101053509
role_residual_height_025,k8__division_zscore__role_residual_height_025__method-nnls__init-aa_plus_plus__ninit-1,8,division_zscore,role_residual_height_025,nnls,aa_plus_plus,0.3039979597431767,,16,mins_per_game|eFG|three_pct|ft_pct,2,295,0.0983333333333333,158,137,0.4599621102965566,FTR=3.54; tov_pct=0.75; height_inches=0.45; orb_pct=0.16; blk_pct=-0.22,usg=-1.66; three_pa_per_100_team_poss=-1.36; resid_drb_pct_height=-1.28; three_share=-1.26; ast_pct=-1.21,resid_three_pct_shot_mix,-0.4093644264100811
role_residual_height_025,k8__division_zscore__role_residual_height_025__method-nnls__init-aa_plus_plus__ninit-1,8,division_zscore,role_residual_height_025,nnls,aa_plus_plus,0.3039979597431767,,16,mins_per_game|eFG|three_pct|ft_pct,3,537,0.179,285,252,0.4379180038970349,three_pa_per_100_team_poss=2.47; resid_three_share_height=2.22; three_share=2.18; usg=0.29; resid_three_pct_shot_mix=0.09,FTR=-1.74; tov_pct=-1.73; stl_pct=-1.63; ast_pct=-1.36; ast_tov=-1.30,resid_three_pct_shot_mix,0.0853519866548264
role_residual_height_025,k8__division_zscore__role_residual_height_025__method-nnls__init-aa_plus_plus__ninit-1,8,division_zscore,role_residual_height_025,nnls,aa_plus_plus,0.3039979597431767,,16,mins_per_game|eFG|three_pct|ft_pct,4,503,0.1676666666666666,278,225,0.4600777148688272,resid_orb_pct_height=3.18; orb_pct=2.92; drb_pct=2.17; resid_drb_pct_height=2.15; blk_pct=1.62,three_share=-1.53; resid_three_share_height=-1.48; three_pa_per_100_team_poss=-1.43; ast_tov=-0.96; ast_pct=-0.60,resid_three_pct_shot_mix,-0.2179817613687484
role_residual_height_025,k8__division_zscore__role_residual_height_025__method-nnls__init-aa_plus_plus__ninit-1,8,division_zscore,role_residual_height_025,nnls,aa_plus_plus,0.3039979597431767,,16,mins_per_game|eFG|three_pct|ft_pct,5,278,0.0926666666666666,153,125,0.4311668931739094,ast_tov=3.61; resid_three_share_height=2.25; three_share=2.22; three_pa_per_100_team_poss=1.23; stl_pct=0.69,tov_pct=-2.31; usg=-1.81; FTR=-1.73; drb_pct=-1.38; resid_drb_pct_height=-1.20,resid_three_pct_shot_mix,-0.0338914364928164
role_residual_height_025,k8__division_zscore__role_residual_height_025__method-nnls__init-aa_plus_plus__ninit-1,8,division_zscore,role_residual_height_025,nnls,aa_plus_plus,0.3039979597431767,,16,mins_per_game|eFG|three_pct|ft_pct,6,774,0.258,423,351,0.4992093939194048,ast_pct=2.73; usg=1.98; stl_pct=1.46; ast_tov=1.02; FTR=0.53,height_inches=-1.46; resid_three_share_height=-0.88; orb_pct=-0.83; blk_pct=-0.56; drb_pct=-0.51,resid_three_pct_shot_mix,0.1905530714596917
role_residual_height_025,k8__division_zscore__role_residual_height_025__method-nnls__init-aa_plus_plus__ninit-1,8,division_zscore,role_residual_height_025,nnls,aa_plus_plus,0.3039979597431767,,16,mins_per_game|eFG|three_pct|ft_pct,7,197,0.0656666666666666,98,99,0.4209347235024275,tov_pct=3.83; resid_drb_pct_height=0.45; resid_orb_pct_height=0.08; stl_pct=0.07; ast_tov=-0.11,usg=-2.02; FTR=-1.81; three_pa_per_100_team_poss=-1.21; resid_three_share_height=-1.21; three_share=-0.95,resid_three_pct_shot_mix,-0.2095087509226714
role_residual_height_025,k8__division_zscore__role_residual_height_025__method-nnls__init-aa_plus_plus__ninit-1,8,division_zscore,role_residual_height_025,nnls,aa_plus_plus,0.3039979597431767,,16,mins_per_game|eFG|three_pct|ft_pct,8,173,0.0576666666666666,102,71,0.4347385314200787,blk_pct=4.01; height_inches=1.98; tov_pct=0.82; orb_pct=0.68; drb_pct=0.23,stl_pct=-1.61; three_share=-1.55; three_pa_per_100_team_poss=-1.45; ast_tov=-1.38; usg=-1.31,resid_three_pct_shot_mix,-0.1074534919448891
quality_lite_residual_height_025,k6__division_zscore__quality_lite_residual_height_025__method-nnls__init-uniform__ninit-1,6,division_zscore,quality_lite_residual_height_025,nnls,uniform,0.3943301221227731,,19,mins_per_game,1,446,0.1486666666666666,234,212,0.4718340729331904,ast_tov=3.50; three_share=1.58; resid_three_share_height=1.43; three_pa_per_100_team_poss=1.01; three_pct=0.47,tov_pct=-1.55; height_inches=-1.46; drb_pct=-1.40; usg=-1.38; FTR=-1.37,resid_orb_pct_height,-0.312613193175199
quality_lite_residual_height_025,k6__division_zscore__quality_lite_residual_height_025__method-nnls__init-uniform__ninit-1,6,division_zscore,quality_lite_residual_height_025,nnls,uniform,0.3943301221227731,,19,mins_per_game,2,318,0.106,171,147,0.4879865237314554,FTR=3.50; tov_pct=0.69; height_inches=0.59; eFG=0.45; orb_pct=0.44,usg=-1.54; three_pct=-1.40; three_share=-1.38; three_pa_per_100_team_poss=-1.36; resid_drb_pct_height=-1.34,resid_orb_pct_height,-0.0135436809982765
quality_lite_residual_height_025,k6__division_zscore__quality_lite_residual_height_025__method-nnls__init-uniform__ninit-1,6,division_zscore,quality_lite_residual_height_025,nnls,uniform,0.3943301221227731,,19,mins_per_game,3,773,0.2576666666666666,423,350,0.5055253658617865,ast_pct=2.59; usg=2.09; stl_pct=1.74; resid_drb_pct_height=0.96; ft_pct=0.84,height_inches=-1.50; resid_three_share_height=-0.90; orb_pct=-0.68; blk_pct=-0.65; three_share=-0.43,resid_orb_pct_height,0.15198384476493
quality_lite_residual_height_025,k6__division_zscore__quality_lite_residual_height_025__method-nnls__init-uniform__ninit-1,6,division_zscore,quality_lite_residual_height_025,nnls,uniform,0.3943301221227731,,19,mins_per_game,4,150,0.05,78,72,0.4339951567489775,tov_pct=3.80; blk_pct=0.17; stl_pct=0.15; height_inches=-0.34; resid_drb_pct_height=-0.57,ft_pct=-3.47; eFG=-2.72; three_pct=-1.99; usg=-1.96; FTR=-1.75,resid_orb_pct_height,-0.7751160255400142
quality_lite_residual_height_025,k6__division_zscore__quality_lite_residual_height_025__method-nnls__init-uniform__ninit-1,6,division_zscore,quality_lite_residual_height_025,nnls,uniform,0.3943301221227731,,19,mins_per_game,5,761,0.2536666666666666,414,347,0.461036528191439,three_pa_per_100_team_poss=2.48; resid_three_share_height=2.38; three_share=1.91; height_inches=0.94; ft_pct=0.91,resid_orb_pct_height=-1.62; tov_pct=-1.52; ast_tov=-1.45; ast_pct=-1.39; stl_pct=-1.06,resid_orb_pct_height,-1.62098440132193
quality_lite_residual_height_025,k6__division_zscore__quality_lite_residual_height_025__method-nnls__init-uniform__ninit-1,6,division_zscore,quality_lite_residual_height_025,nnls,uniform,0.3943301221227731,,19,mins_per_game,6,552,0.184,308,244,0.4768258023438629,blk_pct=3.05; drb_pct=2.72; orb_pct=2.70; resid_drb_pct_height=2.61; resid_orb_pct_height=2.59,three_pct=-1.88; three_share=-1.55; three_pa_per_100_team_poss=-1.44; resid_three_share_height=-1.06; ast_tov=-1.02,resid_orb_pct_height,2.593938004655391
quality_lite_residual_height_025,k7__division_zscore__quality_lite_residual_height_025__method-nnls__init-aa_plus_plus__ninit-1,7,division_zscore,quality_lite_residual_height_025,nnls,aa_plus_plus,0.366285016296777,,19,mins_per_game,1,731,0.2436666666666666,408,323,0.5093574926750019,ast_pct=2.74; usg=1.99; stl_pct=1.59; ft_pct=0.88; ast_tov=0.68,height_inches=-1.60; orb_pct=-0.91; resid_three_share_height=-0.70; blk_pct=-0.56; drb_pct=-0.33,resid_orb_pct_height,-0.1131065026435809
quality_lite_residual_height_025,k7__division_zscore__quality_lite_residual_height_025__method-nnls__init-aa_plus_plus__ninit-1,7,division_zscore,quality_lite_residual_height_025,nnls,aa_plus_plus,0.366285016296777,,19,mins_per_game,2,730,0.2433333333333333,398,332,0.4555683778150854,three_pa_per_100_team_poss=2.49; resid_three_share_height=2.34; three_share=1.91; ft_pct=0.87; height_inches=0.87,resid_orb_pct_height=-1.64; tov_pct=-1.53; ast_tov=-1.52; ast_pct=-1.39; resid_drb_pct_height=-0.99,resid_orb_pct_height,-1.6401235146072275
quality_lite_residual_height_025,k7__division_zscore__quality_lite_residual_height_025__method-nnls__init-aa_plus_plus__ninit-1,7,division_zscore,quality_lite_residual_height_025,nnls,aa_plus_plus,0.366285016296777,,19,mins_per_game,3,205,0.0683333333333333,110,95,0.4730010463555472,FTR=3.53; tov_pct=0.95; height_inches=0.30; blk_pct=0.04; orb_pct=-0.05,three_pct=-1.67; usg=-1.59; resid_drb_pct_height=-1.56; drb_pct=-1.34; three_pa_per_100_team_poss=-1.33,resid_orb_pct_height,-0.4115610859325689
quality_lite_residual_height_025,k7__division_zscore__quality_lite_residual_height_025__method-nnls__init-aa_plus_plus__ninit-1,7,division_zscore,quality_lite_residual_height_025,nnls,aa_plus_plus,0.366285016296777,,19,mins_per_game,4,471,0.157,247,224,0.4506954290952387,resid_orb_pct_height=2.93; orb_pct=2.77; resid_drb_pct_height=2.65; drb_pct=2.57; FTR=1.40,three_share=-1.35; resid_three_share_height=-1.26; three_pa_per_100_team_poss=-1.23; ast_tov=-0.90; tov_pct=-0.62,resid_orb_pct_height,2.9252020273149855
quality_lite_residual_height_025,k7__division_zscore__quality_lite_residual_height_025__method-nnls__init-aa_plus_plus__ninit-1,7,division_zscore,quality_lite_residual_height_025,nnls,aa_plus_plus,0.366285016296777,,19,mins_per_game,5,265,0.0883333333333333,156,109,0.4819456209533383,blk_pct=3.96; height_inches=2.00; eFG=1.82; orb_pct=1.33; drb_pct=1.02,three_pct=-1.98; three_share=-1.56; three_pa_per_100_team_poss=-1.46; ast_tov=-0.99; stl_pct=-0.98,resid_orb_pct_height,0.1017539943293487
quality_lite_residual_height_025,k7__division_zscore__quality_lite_residual_height_025__method-nnls__init-aa_plus_plus__ninit-1,7,division_zscore,quality_lite_residual_height_025,nnls,aa_plus_plus,0.366285016296777,,19,mins_per_game,6,414,0.138,222,192,0.4665533421295215,ast_tov=3.48; three_share=1.72; resid_three_share_height=1.66; three_pa_per_100_team_poss=1.06; three_pct=0.66,tov_pct=-1.69; usg=-1.44; FTR=-1.26; drb_pct=-1.22; height_inches=-1.17,resid_orb_pct_height,-0.4380891627000179
quality_lite_residual_height_025,k7__division_zscore__quality_lite_residual_height_025__method-nnls__init-aa_plus_plus__ninit-1,7,division_zscore,quality_lite_residual_height_025,nnls,aa_plus_plus,0.366285016296777,,19,mins_per_game,7,184,0.0613333333333333,87,97,0.4189364894369921,tov_pct=3.68; stl_pct=0.35; resid_drb_pct_height=0.12; resid_orb_pct_height=0.07; ast_tov=-0.32,ft_pct=-3.25; eFG=-2.94; usg=-1.98; three_pct=-1.87; FTR=-1.74,resid_orb_pct_height,0.0747885057048448
quality_lite_residual_height_025,k8__division_zscore__quality_lite_residual_height_025__method-nnls__init-aa_plus_plus__ninit-1,8,division_zscore,quality_lite_residual_height_025,nnls,aa_plus_plus,0.3498785561307565,,19,mins_per_game,1,529,0.1763333333333333,307,222,0.4419119229795171,ast_pct=3.03; usg=1.93; ast_tov=1.76; ft_pct=1.06; three_pct=0.61,height_inches=-1.78; orb_pct=-0.93; drb_pct=-0.69; resid_three_share_height=-0.67; FTR=-0.60,resid_orb_pct_height,-0.1605697134705246
quality_lite_residual_height_025,k8__division_zscore__quality_lite_residual_height_025__method-nnls__init-aa_plus_plus__ninit-1,8,division_zscore,quality_lite_residual_height_025,nnls,aa_plus_plus,0.3498785561307565,,19,mins_per_game,2,752,0.2506666666666666,405,347,0.4366160202801528,three_pa_per_100_team_poss=2.47; resid_three_share_height=2.41; three_share=1.89; three_pct=0.93; ft_pct=0.92,resid_orb_pct_height=-1.87; ast_tov=-1.42; ast_pct=-1.41; tov_pct=-1.18; resid_drb_pct_height=-1.06,resid_orb_pct_height,-1.865168139280132
quality_lite_residual_height_025,k8__division_zscore__quality_lite_residual_height_025__method-nnls__init-aa_plus_plus__ninit-1,8,division_zscore,quality_lite_residual_height_025,nnls,aa_plus_plus,0.3498785561307565,,19,mins_per_game,3,312,0.104,166,146,0.43774446051854,ast_tov=3.61; three_share=2.22; resid_three_share_height=2.14; three_pa_per_100_team_poss=1.57; stl_pct=0.55,tov_pct=-1.87; FTR=-1.57; drb_pct=-1.49; usg=-1.42; height_inches=-1.38,resid_orb_pct_height,-0.361669526401443
quality_lite_residual_height_025,k8__division_zscore__quality_lite_residual_height_025__method-nnls__init-aa_plus_plus__ninit-1,8,division_zscore,quality_lite_residual_height_025,nnls,aa_plus_plus,0.3498785561307565,,19,mins_per_game,4,588,0.196,330,258,0.4668806464987574,blk_pct=2.90; drb_pct=2.68; resid_drb_pct_height=2.59; orb_pct=2.45; resid_orb_pct_height=2.16,three_pct=-1.59; three_share=-1.54; three_pa_per_100_team_poss=-1.41; resid_three_share_height=-0.94; ast_tov=-0.94,resid_orb_pct_height,2.1582577788150052
quality_lite_residual_height_025,k8__division_zscore__quality_lite_residual_height_025__method-nnls__init-aa_plus_plus__ninit-1,8,division_zscore,quality_lite_residual_height_025,nnls,aa_plus_plus,0.3498785561307565,,19,mins_per_game,5,354,0.118,173,181,0.4255553392807613,stl_pct=3.42; FTR=2.12; ast_pct=1.57; tov_pct=1.11; resid_drb_pct_height=1.00,resid_three_share_height=-1.08; height_inches=-1.06; orb_pct=-0.63; three_share=-0.59; three_pa_per_100_team_poss=-0.59,resid_orb_pct_height,0.0866495581758042
quality_lite_residual_height_025,k8__division_zscore__quality_lite_residual_height_025__method-nnls__init-aa_plus_plus__ninit-1,8,division_zscore,quality_lite_residual_height_025,nnls,aa_plus_plus,0.3498785561307565,,19,mins_per_game,6,81,0.027,45,36,0.357951212640229,resid_orb_pct_height=3.19; orb_pct=2.93; height_inches=1.08; usg=0.60; resid_three_share_height=0.40,resid_three_pct_shot_mix=-2.80; eFG=-2.26; stl_pct=-2.07; resid_drb_pct_height=-2.05; three_pct=-1.93,resid_orb_pct_height,3.192881021743536
quality_lite_residual_height_025,k8__division_zscore__quality_lite_residual_height_025__method-nnls__init-aa_plus_plus__ninit-1,8,division_zscore,quality_lite_residual_height_025,nnls,aa_plus_plus,0.3498785561307565,,19,mins_per_game,7,210,0.07,117,93,0.4562841093401617,FTR=3.52; eFG=1.08; height_inches=0.95; tov_pct=0.51; orb_pct=0.47,usg=-1.99; stl_pct=-1.76; resid_drb_pct_height=-1.74; three_pct=-1.59; three_pa_per_100_team_poss=-1.34,resid_orb_pct_height,-0.3944232518819103
quality_lite_residual_height_025,k8__division_zscore__quality_lite_residual_height_025__method-nnls__init-aa_plus_plus__ninit-1,8,division_zscore,quality_lite_residual_height_025,nnls,aa_plus_plus,0.3498785561307565,,19,mins_per_game,8,174,0.058,85,89,0.4032529874953709,tov_pct=3.87; blk_pct=0.50; stl_pct=-0.03; height_inches=-0.43; resid_three_pct_shot_mix=-0.49,ft_pct=-3.65; eFG=-2.39; usg=-1.95; FTR=-1.86; three_pct=-1.71,resid_orb_pct_height,-0.9903925066456184
role_residual_context_only_height_025,k6__division_zscore__role_residual_context_only_height_025__method-nnls__init-furthest_sum__ninit-1,6,division_zscore,role_residual_context_only_height_025,nnls,furthest_sum,0.3368763307950451,,13,mins_per_game|eFG|three_share|orb_pct|drb_pct|three_pct|ft_pct,1,399,0.133,214,185,0.491566233306474,blk_pct=3.72; height_inches=1.81; resid_orb_pct_height=1.61; resid_drb_pct_height=1.58; usg=0.59,three_pa_per_100_team_poss=-1.40; resid_three_share_height=-1.12; ast_tov=-1.08; ast_pct=-0.76; stl_pct=-0.68,resid_orb_pct_height,1.6062934289699884
role_residual_context_only_height_025,k6__division_zscore__role_residual_context_only_height_025__method-nnls__init-furthest_sum__ninit-1,6,division_zscore,role_residual_context_only_height_025,nnls,furthest_sum,0.3368763307950451,,13,mins_per_game|eFG|three_share|orb_pct|drb_pct|three_pct|ft_pct,2,256,0.0853333333333333,134,122,0.4312523759271313,tov_pct=3.94; stl_pct=0.18; resid_drb_pct_height=-0.06; blk_pct=-0.17; resid_three_pct_shot_mix=-0.38,usg=-2.09; FTR=-1.85; resid_three_share_height=-1.65; three_pa_per_100_team_poss=-1.42; ast_pct=-0.80,resid_orb_pct_height,-0.4216127146454707
role_residual_context_only_height_025,k6__division_zscore__role_residual_context_only_height_025__method-nnls__init-furthest_sum__ninit-1,6,division_zscore,role_residual_context_only_height_025,nnls,furthest_sum,0.3368763307950451,,13,mins_per_game|eFG|three_share|orb_pct|drb_pct|three_pct|ft_pct,3,447,0.149,247,200,0.4804909346980892,FTR=3.56; height_inches=0.93; resid_orb_pct_height=0.69; tov_pct=-0.01; resid_three_pct_shot_mix=-0.17,three_pa_per_100_team_poss=-1.44; ast_pct=-1.20; usg=-1.16; resid_three_share_height=-1.11; ast_tov=-0.87,resid_orb_pct_height,0.6863440167073679
role_residual_context_only_height_025,k6__division_zscore__role_residual_context_only_height_025__method-nnls__init-furthest_sum__ninit-1,6,division_zscore,role_residual_context_only_height_025,nnls,furthest_sum,0.3368763307950451,,13,mins_per_game|eFG|three_share|orb_pct|drb_pct|three_pct|ft_pct,4,770,0.2566666666666666,414,356,0.4768149356626522,three_pa_per_100_team_poss=2.49; resid_three_share_height=2.28; usg=0.58; height_inches=0.46; resid_three_pct_shot_mix=-0.04,tov_pct=-1.61; ast_tov=-1.48; ast_pct=-1.36; FTR=-1.34; resid_orb_pct_height=-1.26,resid_orb_pct_height,-1.2605804085764647
role_residual_context_only_height_025,k6__division_zscore__role_residual_context_only_height_025__method-nnls__init-furthest_sum__ninit-1,6,division_zscore,role_residual_context_only_height_025,nnls,furthest_sum,0.3368763307950451,,13,mins_per_game|eFG|three_share|orb_pct|drb_pct|three_pct|ft_pct,5,336,0.112,180,156,0.4707344944722498,ast_tov=3.55; resid_three_share_height=1.48; three_pa_per_100_team_poss=0.72; stl_pct=0.12; ast_pct=0.06,tov_pct=-1.98; usg=-1.68; FTR=-1.40; resid_drb_pct_height=-0.77; height_inches=-0.65,resid_orb_pct_height,-0.6171370738641461
role_residual_context_only_height_025,k6__division_zscore__role_residual_context_only_height_025__method-nnls__init-furthest_sum__ninit-1,6,division_zscore,role_residual_context_only_height_025,nnls,furthest_sum,0.3368763307950451,,13,mins_per_game|eFG|three_share|orb_pct|drb_pct|three_pct|ft_pct,6,792,0.264,439,353,0.5086092677725567,ast_pct=2.67; usg=2.02; stl_pct=1.76; resid_drb_pct_height=1.03; ast_tov=0.64,height_inches=-1.50; resid_three_share_height=-0.88; blk_pct=-0.56; three_pa_per_100_team_poss=0.02; resid_three_pct_shot_mix=0.11,resid_orb_pct_height,0.2127602593357809
role_residual_context_only_height_025,k7__division_zscore__role_residual_context_only_height_025__method-nnls__init-uniform__ninit-1,7,division_zscore,role_residual_context_only_height_025,nnls,uniform,0.3029113353306103,,13,mins_per_game|eFG|three_share|orb_pct|drb_pct|three_pct|ft_pct,1,360,0.12,192,168,0.4584837224076431,FTR=3.53; height_inches=0.92; tov_pct=0.26; resid_orb_pct_height=0.21; resid_three_pct_shot_mix=0.07,usg=-1.67; stl_pct=-1.47; three_pa_per_100_team_poss=-1.36; ast_pct=-1.22; resid_drb_pct_height=-0.97,resid_orb_pct_height,0.213914359046465
role_residual_context_only_height_025,k7__division_zscore__role_residual_context_only_height_025__method-nnls__init-uniform__ninit-1,7,division_zscore,role_residual_context_only_height_025,nnls,uniform,0.3029113353306103,,13,mins_per_game|eFG|three_share|orb_pct|drb_pct|three_pct|ft_pct,2,775,0.2583333333333333,419,356,0.4636316211350982,three_pa_per_100_team_poss=2.49; resid_three_share_height=2.22; usg=0.75; height_inches=0.35; resid_three_pct_shot_mix=-0.05,tov_pct=-1.55; ast_tov=-1.48; ast_pct=-1.31; FTR=-1.24; resid_orb_pct_height=-1.19,resid_orb_pct_height,-1.188530436373567
role_residual_context_only_height_025,k7__division_zscore__role_residual_context_only_height_025__method-nnls__init-uniform__ninit-1,7,division_zscore,role_residual_context_only_height_025,nnls,uniform,0.3029113353306103,,13,mins_per_game|eFG|three_share|orb_pct|drb_pct|three_pct|ft_pct,3,374,0.1246666666666666,212,162,0.4795775838729453,blk_pct=3.85; height_inches=2.10; resid_drb_pct_height=1.07; resid_orb_pct_height=0.58; usg=0.30,three_pa_per_100_team_poss=-1.42; stl_pct=-1.32; resid_three_share_height=-1.19; ast_tov=-0.96; ast_pct=-0.49,resid_orb_pct_height,0.5814775306226375
role_residual_context_only_height_025,k7__division_zscore__role_residual_context_only_height_025__method-nnls__init-uniform__ninit-1,7,division_zscore,role_residual_context_only_height_025,nnls,uniform,0.3029113353306103,,13,mins_per_game|eFG|three_share|orb_pct|drb_pct|three_pct|ft_pct,4,272,0.0906666666666666,150,122,0.4404852800545149,ast_tov=3.61; resid_three_share_height=2.19; three_pa_per_100_team_poss=1.11; stl_pct=0.64; resid_three_pct_shot_mix=-0.16,tov_pct=-2.23; usg=-1.84; FTR=-1.80; resid_drb_pct_height=-1.15; blk_pct=-0.87,resid_orb_pct_height,-0.7426829788981306
role_residual_context_only_height_025,k7__division_zscore__role_residual_context_only_height_025__method-nnls__init-uniform__ninit-1,7,division_zscore,role_residual_context_only_height_025,nnls,uniform,0.3029113353306103,,13,mins_per_game|eFG|three_share|orb_pct|drb_pct|three_pct|ft_pct,5,223,0.0743333333333333,116,107,0.3941958095119705,stl_pct=3.24; resid_orb_pct_height=2.99; resid_drb_pct_height=1.33; usg=0.46; blk_pct=0.39,resid_three_share_height=-1.83; ast_tov=-1.44; three_pa_per_100_team_poss=-1.35; ast_pct=-1.11; resid_three_pct_shot_mix=-0.57,resid_orb_pct_height,2.9855459955686805
role_residual_context_only_height_025,k7__division_zscore__role_residual_context_only_height_025__method-nnls__init-uniform__ninit-1,7,division_zscore,role_residual_context_only_height_025,nnls,uniform,0.3029113353306103,,13,mins_per_game|eFG|three_share|orb_pct|drb_pct|three_pct|ft_pct,6,245,0.0816666666666666,130,115,0.4291862487342904,tov_pct=3.87; resid_drb_pct_height=0.09; stl_pct=0.06; resid_three_pct_shot_mix=-0.27; blk_pct=-0.29,usg=-2.05; FTR=-1.83; resid_three_share_height=-1.36; three_pa_per_100_team_poss=-1.28; height_inches=-0.75,resid_orb_pct_height,-0.3074776166373659
role_residual_context_only_height_025,k7__division_zscore__role_residual_context_only_height_025__method-nnls__init-uniform__ninit-1,7,division_zscore,role_residual_context_only_height_025,nnls,uniform,0.3029113353306103,,13,mins_per_game|eFG|three_share|orb_pct|drb_pct|three_pct|ft_pct,7,751,0.2503333333333333,409,342,0.498680788830028,ast_pct=2.97; usg=1.95; ast_tov=1.28; stl_pct=0.91; resid_drb_pct_height=0.80,height_inches=-1.49; resid_three_share_height=-0.79; blk_pct=-0.55; tov_pct=-0.02; resid_orb_pct_height=-0.00,resid_orb_pct_height,-0.0004663155956693
role_residual_context_only_height_025,k8__division_zscore__role_residual_context_only_height_025__method-nnls__init-uniform__ninit-1,8,division_zscore,role_residual_context_only_height_025,nnls,uniform,0.2749070877774018,,13,mins_per_game|eFG|three_share|orb_pct|drb_pct|three_pct|ft_pct,1,369,0.123,192,177,0.4455068245039268,FTR=3.56; height_inches=0.61; tov_pct=0.49; resid_orb_pct_height=0.19; resid_three_pct_shot_mix=-0.06,usg=-1.76; three_pa_per_100_team_poss=-1.40; ast_pct=-1.24; resid_three_share_height=-1.23; resid_drb_pct_height=-0.84,resid_orb_pct_height,0.1910149943902855
role_residual_context_only_height_025,k8__division_zscore__role_residual_context_only_height_025__method-nnls__init-uniform__ninit-1,8,division_zscore,role_residual_context_only_height_025,nnls,uniform,0.2749070877774018,,13,mins_per_game|eFG|three_share|orb_pct|drb_pct|three_pct|ft_pct,2,826,0.2753333333333333,443,383,0.4518674160266331,three_pa_per_100_team_poss=2.48; resid_three_share_height=2.28; usg=0.63; height_inches=0.30; resid_three_pct_shot_mix=0.14,tov_pct=-1.52; stl_pct=-1.42; ast_tov=-1.34; FTR=-1.26; ast_pct=-1.25,resid_orb_pct_height,-1.198788697156573
role_residual_context_only_height_025,k8__division_zscore__role_residual_context_only_height_025__method-nnls__init-uniform__ninit-1,8,division_zscore,role_residual_context_only_height_025,nnls,uniform,0.2749070877774018,,13,mins_per_game|eFG|three_share|orb_pct|drb_pct|three_pct|ft_pct,3,411,0.137,217,194,0.4364216184893016,stl_pct=3.46; usg=1.79; ast_pct=1.61; resid_drb_pct_height=0.57; FTR=0.56,height_inches=-1.31; resid_three_share_height=-0.79; blk_pct=-0.46; resid_three_pct_shot_mix=-0.42; ast_tov=-0.14,resid_orb_pct_height,0.4755178560230735
role_residual_context_only_height_025,k8__division_zscore__role_residual_context_only_height_025__method-nnls__init-uniform__ninit-1,8,division_zscore,role_residual_context_only_height_025,nnls,uniform,0.2749070877774018,,13,mins_per_game|eFG|three_share|orb_pct|drb_pct|three_pct|ft_pct,4,200,0.0666666666666666,122,78,0.4515182295428119,blk_pct=4.04; height_inches=1.95; tov_pct=0.70; FTR=0.18; resid_three_pct_shot_mix=-0.65,usg=-1.71; ast_pct=-1.37; three_pa_per_100_team_poss=-1.37; ast_tov=-1.18; resid_drb_pct_height=-1.10,resid_orb_pct_height,-0.8972070179080857
role_residual_context_only_height_025,k8__division_zscore__role_residual_context_only_height_025__method-nnls__init-uniform__ninit-1,8,division_zscore,role_residual_context_only_height_025,nnls,uniform,0.2749070877774018,,13,mins_per_game|eFG|three_share|orb_pct|drb_pct|three_pct|ft_pct,5,239,0.0796666666666666,116,123,0.3974143304854777,tov_pct=3.94; resid_drb_pct_height=0.44; stl_pct=0.30; resid_orb_pct_height=0.25; ast_tov=-0.16,usg=-2.13; FTR=-1.95; resid_three_share_height=-1.84; three_pa_per_100_team_poss=-1.47; ast_pct=-0.97,resid_orb_pct_height,0.2521758607482226
role_residual_context_only_height_025,k8__division_zscore__role_residual_context_only_height_025__method-nnls__init-uniform__ninit-1,8,division_zscore,role_residual_context_only_height_025,nnls,uniform,0.2749070877774018,,13,mins_per_game|eFG|three_share|orb_pct|drb_pct|three_pct|ft_pct,6,254,0.0846666666666666,139,115,0.4234989536962169,ast_tov=3.58; resid_three_share_height=2.18; three_pa_per_100_team_poss=1.17; stl_pct=0.80; resid_three_pct_shot_mix=-0.02,tov_pct=-2.33; usg=-1.84; FTR=-1.80; resid_drb_pct_height=-1.22; blk_pct=-0.83,resid_orb_pct_height,-0.7877082034124508
role_residual_context_only_height_025,k8__division_zscore__role_residual_context_only_height_025__method-nnls__init-uniform__ninit-1,8,division_zscore,role_residual_context_only_height_025,nnls,uniform,0.2749070877774018,,13,mins_per_game|eFG|three_share|orb_pct|drb_pct|three_pct|ft_pct,7,400,0.1333333333333333,231,169,0.4460526475604965,ast_pct=3.00; ast_tov=2.25; usg=1.24; three_pa_per_100_team_poss=0.39; resid_three_pct_shot_mix=0.38,height_inches=-1.59; blk_pct=-0.55; stl_pct=-0.50; resid_three_share_height=-0.28; resid_orb_pct_height=-0.26,resid_orb_pct_height,-0.2583285642111665
role_residual_context_only_height_025,k8__division_zscore__role_residual_context_only_height_025__method-nnls__init-uniform__ninit-1,8,division_zscore,role_residual_context_only_height_025,nnls,uniform,0.2749070877774018,,13,mins_per_game|eFG|three_share|orb_pct|drb_pct|three_pct|ft_pct,8,301,0.1003333333333333,168,133,0.3918733651915209,resid_orb_pct_height=3.19; resid_drb_pct_height=2.92; usg=2.45; blk_pct=2.39; height_inches=2.27,resid_three_share_height=-1.73; stl_pct=-1.49; three_pa_per_100_team_poss=-1.45; ast_tov=-0.74; tov_pct=-0.64,resid_orb_pct_height,3.1928810192863275
role_residual_height_025,k6__division_zscore__role_residual_height_025__method-nnls__init-uniform__ninit-1,6,division_zscore,role_residual_height_025,nnls,uniform,0.3614062219411871,,16,mins_per_game|eFG|three_pct|ft_pct,1,346,0.1153333333333333,187,159,0.4563014892775585,ast_tov=3.59; three_share=2.09; resid_three_share_height=2.03; three_pa_per_100_team_poss=1.16; stl_pct=0.41,tov_pct=-1.95; usg=-1.67; FTR=-1.62; drb_pct=-1.31; orb_pct=-1.00,resid_orb_pct_height,-0.5127226907679459
role_residual_height_025,k6__division_zscore__role_residual_height_025__method-nnls__init-uniform__ninit-1,6,division_zscore,role_residual_height_025,nnls,uniform,0.3614062219411871,,16,mins_per_game|eFG|three_pct|ft_pct,2,325,0.1083333333333333,172,153,0.4763525499436981,FTR=3.50; height_inches=0.63; orb_pct=0.34; tov_pct=0.31; blk_pct=-0.07,resid_drb_pct_height=-1.53; usg=-1.52; three_pa_per_100_team_poss=-1.35; three_share=-1.33; ast_pct=-1.28,resid_orb_pct_height,-0.2339298683773741
role_residual_height_025,k6__division_zscore__role_residual_height_025__method-nnls__init-uniform__ninit-1,6,division_zscore,role_residual_height_025,nnls,uniform,0.3614062219411871,,16,mins_per_game|eFG|three_pct|ft_pct,3,821,0.2736666666666666,447,374,0.5104963785444115,ast_pct=2.72; usg=1.90; stl_pct=1.70; resid_drb_pct_height=0.82; ast_tov=0.76,height_inches=-1.52; resid_three_share_height=-0.94; orb_pct=-0.67; blk_pct=-0.65; three_share=-0.47,resid_orb_pct_height,0.1761929587489946
role_residual_height_025,k6__division_zscore__role_residual_height_025__method-nnls__init-uniform__ninit-1,6,division_zscore,role_residual_height_025,nnls,uniform,0.3614062219411871,,16,mins_per_game|eFG|three_pct|ft_pct,4,202,0.0673333333333333,109,93,0.4342773851104638,tov_pct=3.89; blk_pct=0.29; stl_pct=0.01; resid_drb_pct_height=-0.32; resid_three_pct_shot_mix=-0.40,usg=-2.04; FTR=-1.88; resid_three_share_height=-1.45; three_pa_per_100_team_poss=-1.33; three_share=-1.24,resid_orb_pct_height,-0.7503848951145394
role_residual_height_025,k6__division_zscore__role_residual_height_025__method-nnls__init-uniform__ninit-1,6,division_zscore,role_residual_height_025,nnls,uniform,0.3614062219411871,,16,mins_per_game|eFG|three_pct|ft_pct,5,699,0.233,373,326,0.4666287550621113,three_pa_per_100_team_poss=2.48; resid_three_share_height=2.32; three_share=2.07; usg=0.50; height_inches=0.49,tov_pct=-1.55; resid_orb_pct_height=-1.51; ast_tov=-1.45; ast_pct=-1.37; FTR=-1.29,resid_orb_pct_height,-1.5083755010212887
role_residual_height_025,k6__division_zscore__role_residual_height_025__method-nnls__init-uniform__ninit-1,6,division_zscore,role_residual_height_025,nnls,uniform,0.3614062219411871,,16,mins_per_game|eFG|three_pct|ft_pct,6,607,0.2023333333333333,340,267,0.4753486052151414,blk_pct=3.01; drb_pct=2.72; orb_pct=2.66; resid_drb_pct_height=2.59; resid_orb_pct_height=2.49,three_share=-1.56; three_pa_per_100_team_poss=-1.45; ast_tov=-1.09; resid_three_share_height=-1.05; ast_pct=-0.81,resid_orb_pct_height,2.493813306000896
role_residual_height_025,k7__division_zscore__role_residual_height_025__method-nnls__init-furthest_first__ninit-1,7,division_zscore,role_residual_height_025,nnls,furthest_first,0.3288383772877349,,16,mins_per_game|eFG|three_pct|ft_pct,1,305,0.1016666666666666,160,145,0.4493886514647095,ast_tov=3.61; three_share=2.18; resid_three_share_height=2.15; three_pa_per_100_team_poss=1.11; stl_pct=0.39,tov_pct=-2.10; usg=-1.78; FTR=-1.70; drb_pct=-1.24; orb_pct=-1.02,resid_orb_pct_height,-0.6509418352211418
role_residual_height_025,k7__division_zscore__role_residual_height_025__method-nnls__init-furthest_first__ninit-1,7,division_zscore,role_residual_height_025,nnls,furthest_first,0.3288383772877349,,16,mins_per_game|eFG|three_pct|ft_pct,2,530,0.1766666666666666,301,229,0.4663893131361202,drb_pct=2.73; blk_pct=2.64; resid_drb_pct_height=2.63; height_inches=2.16; orb_pct=2.14,three_share=-1.43; three_pa_per_100_team_poss=-1.28; stl_pct=-1.11; ast_tov=-0.98; resid_three_share_height=-0.82,resid_orb_pct_height,1.514562121859364
role_residual_height_025,k7__division_zscore__role_residual_height_025__method-nnls__init-furthest_first__ninit-1,7,division_zscore,role_residual_height_025,nnls,furthest_first,0.3288383772877349,,16,mins_per_game|eFG|three_pct|ft_pct,3,195,0.065,103,92,0.4231394793794408,tov_pct=3.87; blk_pct=0.32; stl_pct=-0.04; resid_three_pct_shot_mix=-0.29; resid_drb_pct_height=-0.31,usg=-2.06; FTR=-1.86; resid_three_share_height=-1.42; three_pa_per_100_team_poss=-1.30; three_share=-1.17,resid_orb_pct_height,-0.7548776370329204
role_residual_height_025,k7__division_zscore__role_residual_height_025__method-nnls__init-furthest_first__ninit-1,7,division_zscore,role_residual_height_025,nnls,furthest_first,0.3288383772877349,,16,mins_per_game|eFG|three_pct|ft_pct,4,251,0.0836666666666666,136,115,0.4570718812515644,FTR=3.54; height_inches=0.89; tov_pct=0.63; blk_pct=0.42; orb_pct=0.29,usg=-2.05; resid_drb_pct_height=-1.83; stl_pct=-1.56; three_share=-1.39; three_pa_per_100_team_poss=-1.38,resid_orb_pct_height,-0.6104527315138569
role_residual_height_025,k7__division_zscore__role_residual_height_025__method-nnls__init-furthest_first__ninit-1,7,division_zscore,role_residual_height_025,nnls,furthest_first,0.3288383772877349,,16,mins_per_game|eFG|three_pct|ft_pct,5,722,0.2406666666666666,390,332,0.4585019932877403,three_pa_per_100_team_poss=2.47; resid_three_share_height=2.31; three_share=2.10; usg=0.41; height_inches=0.35,tov_pct=-1.55; ast_tov=-1.45; FTR=-1.40; ast_pct=-1.39; resid_orb_pct_height=-1.38,resid_orb_pct_height,-1.3823127689516392
role_residual_height_025,k7__division_zscore__role_residual_height_025__method-nnls__init-furthest_first__ninit-1,7,division_zscore,role_residual_height_025,nnls,furthest_first,0.3288383772877349,,16,mins_per_game|eFG|three_pct|ft_pct,6,812,0.2706666666666666,438,374,0.5056403990298297,ast_pct=2.87; usg=1.89; stl_pct=1.17; ast_tov=0.99; FTR=0.64,height_inches=-1.61; orb_pct=-0.88; resid_three_share_height=-0.79; blk_pct=-0.67; three_share=-0.33,resid_orb_pct_height,-0.0758468413534866
role_residual_height_025,k7__division_zscore__role_residual_height_025__method-nnls__init-furthest_first__ninit-1,7,division_zscore,role_residual_height_025,nnls,furthest_first,0.3288383772877349,,16,mins_per_game|eFG|three_pct|ft_pct,7,185,0.0616666666666666,100,85,0.4014136376762342,stl_pct=3.24; resid_orb_pct_height=3.16; orb_pct=2.92; resid_drb_pct_height=1.41; drb_pct=1.35,resid_three_share_height=-1.77; three_share=-1.53; ast_tov=-1.46; three_pa_per_100_team_poss=-1.43; ast_pct=-1.27,resid_orb_pct_height,3.1595326482601775
role_residual_height_025,k8__division_zscore__role_residual_height_025__method-nnls__init-aa_plus_plus__ninit-1,8,division_zscore,role_residual_height_025,nnls,aa_plus_plus,0.3039979597431767,,16,mins_per_game|eFG|three_pct|ft_pct,1,243,0.081,131,112,0.398288912455824,resid_drb_pct_height=2.56; drb_pct=2.49; resid_three_share_height=1.61; height_inches=1.06; three_pa_per_100_team_poss=0.97,resid_orb_pct_height=-1.78; ast_tov=-0.71; orb_pct=-0.67; ast_pct=-0.26; stl_pct=-0.22,resid_orb_pct_height,-1.7808521428484383
role_residual_height_025,k8__division_zscore__role_residual_height_025__method-nnls__init-aa_plus_plus__ninit-1,8,division_zscore,role_residual_height_025,nnls,aa_plus_plus,0.3039979597431767,,16,mins_per_game|eFG|three_pct|ft_pct,2,295,0.0983333333333333,158,137,0.4599621102965566,FTR=3.54; tov_pct=0.75; height_inches=0.45; orb_pct=0.16; blk_pct=-0.22,usg=-1.66; three_pa_per_100_team_poss=-1.36; resid_drb_pct_height=-1.28; three_share=-1.26; ast_pct=-1.21,resid_orb_pct_height,-0.2742930645626436
role_residual_height_025,k8__division_zscore__role_residual_height_025__method-nnls__init-aa_plus_plus__ninit-1,8,division_zscore,role_residual_height_025,nnls,aa_plus_plus,0.3039979597431767,,16,mins_per_game|eFG|three_pct|ft_pct,3,537,0.179,285,252,0.4379180038970349,three_pa_per_100_team_poss=2.47; resid_three_share_height=2.22; three_share=2.18; usg=0.29; resid_three_pct_shot_mix=0.09,FTR=-1.74; tov_pct=-1.73; stl_pct=-1.63; ast_pct=-1.36; ast_tov=-1.30,resid_orb_pct_height,-0.6438009521933036
role_residual_height_025,k8__division_zscore__role_residual_height_025__method-nnls__init-aa_plus_plus__ninit-1,8,division_zscore,role_residual_height_025,nnls,aa_plus_plus,0.3039979597431767,,16,mins_per_game|eFG|three_pct|ft_pct,4,503,0.1676666666666666,278,225,0.4600777148688272,resid_orb_pct_height=3.18; orb_pct=2.92; drb_pct=2.17; resid_drb_pct_height=2.15; blk_pct=1.62,three_share=-1.53; resid_three_share_height=-1.48; three_pa_per_100_team_poss=-1.43; ast_tov=-0.96; ast_pct=-0.60,resid_orb_pct_height,3.180719262399516
role_residual_height_025,k8__division_zscore__role_residual_height_025__method-nnls__init-aa_plus_plus__ninit-1,8,division_zscore,role_residual_height_025,nnls,aa_plus_plus,0.3039979597431767,,16,mins_per_game|eFG|three_pct|ft_pct,5,278,0.0926666666666666,153,125,0.4311668931739094,ast_tov=3.61; resid_three_share_height=2.25; three_share=2.22; three_pa_per_100_team_poss=1.23; stl_pct=0.69,tov_pct=-2.31; usg=-1.81; FTR=-1.73; drb_pct=-1.38; resid_drb_pct_height=-1.20,resid_orb_pct_height,-0.7898604380970079
role_residual_height_025,k8__division_zscore__role_residual_height_025__method-nnls__init-aa_plus_plus__ninit-1,8,division_zscore,role_residual_height_025,nnls,aa_plus_plus,0.3039979597431767,,16,mins_per_game|eFG|three_pct|ft_pct,6,774,0.258,423,351,0.4992093939194048,ast_pct=2.73; usg=1.98; stl_pct=1.46; ast_tov=1.02; FTR=0.53,height_inches=-1.46; resid_three_share_height=-0.88; orb_pct=-0.83; blk_pct=-0.56; drb_pct=-0.51,resid_orb_pct_height,-0.0265884984032753
role_residual_height_025,k8__division_zscore__role_residual_height_025__method-nnls__init-aa_plus_plus__ninit-1,8,division_zscore,role_residual_height_025,nnls,aa_plus_plus,0.3039979597431767,,16,mins_per_game|eFG|three_pct|ft_pct,7,197,0.0656666666666666,98,99,0.4209347235024275,tov_pct=3.83; resid_drb_pct_height=0.45; resid_orb_pct_height=0.08; stl_pct=0.07; ast_tov=-0.11,usg=-2.02; FTR=-1.81; three_pa_per_100_team_poss=-1.21; resid_three_share_height=-1.21; three_share=-0.95,resid_orb_pct_height,0.0756196917782843
role_residual_height_025,k8__division_zscore__role_residual_height_025__method-nnls__init-aa_plus_plus__ninit-1,8,division_zscore,role_residual_height_025,nnls,aa_plus_plus,0.3039979597431767,,16,mins_per_game|eFG|three_pct|ft_pct,8,173,0.0576666666666666,102,71,0.4347385314200787,blk_pct=4.01; height_inches=1.98; tov_pct=0.82; orb_pct=0.68; drb_pct=0.23,stl_pct=-1.61; three_share=-1.55; three_pa_per_100_team_poss=-1.45; ast_tov=-1.38; usg=-1.31,resid_orb_pct_height,-0.6108762273336034
quality_lite_residual_height_025,k6__division_zscore__quality_lite_residual_height_025__method-nnls__init-uniform__ninit-1,6,division_zscore,quality_lite_residual_height_025,nnls,uniform,0.3943301221227731,,19,mins_per_game,1,446,0.1486666666666666,234,212,0.4718340729331904,ast_tov=3.50; three_share=1.58; resid_three_share_height=1.43; three_pa_per_100_team_poss=1.01; three_pct=0.47,tov_pct=-1.55; height_inches=-1.46; drb_pct=-1.40; usg=-1.38; FTR=-1.37,resid_three_share_height,1.4323337393501538
quality_lite_residual_height_025,k6__division_zscore__quality_lite_residual_height_025__method-nnls__init-uniform__ninit-1,6,division_zscore,quality_lite_residual_height_025,nnls,uniform,0.3943301221227731,,19,mins_per_game,2,318,0.106,171,147,0.4879865237314554,FTR=3.50; tov_pct=0.69; height_inches=0.59; eFG=0.45; orb_pct=0.44,usg=-1.54; three_pct=-1.40; three_share=-1.38; three_pa_per_100_team_poss=-1.36; resid_drb_pct_height=-1.34,resid_three_share_height,-1.157645943001003
quality_lite_residual_height_025,k6__division_zscore__quality_lite_residual_height_025__method-nnls__init-uniform__ninit-1,6,division_zscore,quality_lite_residual_height_025,nnls,uniform,0.3943301221227731,,19,mins_per_game,3,773,0.2576666666666666,423,350,0.5055253658617865,ast_pct=2.59; usg=2.09; stl_pct=1.74; resid_drb_pct_height=0.96; ft_pct=0.84,height_inches=-1.50; resid_three_share_height=-0.90; orb_pct=-0.68; blk_pct=-0.65; three_share=-0.43,resid_three_share_height,-0.8994414062134817
quality_lite_residual_height_025,k6__division_zscore__quality_lite_residual_height_025__method-nnls__init-uniform__ninit-1,6,division_zscore,quality_lite_residual_height_025,nnls,uniform,0.3943301221227731,,19,mins_per_game,4,150,0.05,78,72,0.4339951567489775,tov_pct=3.80; blk_pct=0.17; stl_pct=0.15; height_inches=-0.34; resid_drb_pct_height=-0.57,ft_pct=-3.47; eFG=-2.72; three_pct=-1.99; usg=-1.96; FTR=-1.75,resid_three_share_height,-1.401044356999962
quality_lite_residual_height_025,k6__division_zscore__quality_lite_residual_height_025__method-nnls__init-uniform__ninit-1,6,division_zscore,quality_lite_residual_height_025,nnls,uniform,0.3943301221227731,,19,mins_per_game,5,761,0.2536666666666666,414,347,0.461036528191439,three_pa_per_100_team_poss=2.48; resid_three_share_height=2.38; three_share=1.91; height_inches=0.94; ft_pct=0.91,resid_orb_pct_height=-1.62; tov_pct=-1.52; ast_tov=-1.45; ast_pct=-1.39; stl_pct=-1.06,resid_three_share_height,2.3763034331123247
quality_lite_residual_height_025,k6__division_zscore__quality_lite_residual_height_025__method-nnls__init-uniform__ninit-1,6,division_zscore,quality_lite_residual_height_025,nnls,uniform,0.3943301221227731,,19,mins_per_game,6,552,0.184,308,244,0.4768258023438629,blk_pct=3.05; drb_pct=2.72; orb_pct=2.70; resid_drb_pct_height=2.61; resid_orb_pct_height=2.59,three_pct=-1.88; three_share=-1.55; three_pa_per_100_team_poss=-1.44; resid_three_share_height=-1.06; ast_tov=-1.02,resid_three_share_height,-1.0592065371046704
quality_lite_residual_height_025,k7__division_zscore__quality_lite_residual_height_025__method-nnls__init-aa_plus_plus__ninit-1,7,division_zscore,quality_lite_residual_height_025,nnls,aa_plus_plus,0.366285016296777,,19,mins_per_game,1,731,0.2436666666666666,408,323,0.5093574926750019,ast_pct=2.74; usg=1.99; stl_pct=1.59; ft_pct=0.88; ast_tov=0.68,height_inches=-1.60; orb_pct=-0.91; resid_three_share_height=-0.70; blk_pct=-0.56; drb_pct=-0.33,resid_three_share_height,-0.6989180584597313
quality_lite_residual_height_025,k7__division_zscore__quality_lite_residual_height_025__method-nnls__init-aa_plus_plus__ninit-1,7,division_zscore,quality_lite_residual_height_025,nnls,aa_plus_plus,0.366285016296777,,19,mins_per_game,2,730,0.2433333333333333,398,332,0.4555683778150854,three_pa_per_100_team_poss=2.49; resid_three_share_height=2.34; three_share=1.91; ft_pct=0.87; height_inches=0.87,resid_orb_pct_height=-1.64; tov_pct=-1.53; ast_tov=-1.52; ast_pct=-1.39; resid_drb_pct_height=-0.99,resid_three_share_height,2.3430150635896982
quality_lite_residual_height_025,k7__division_zscore__quality_lite_residual_height_025__method-nnls__init-aa_plus_plus__ninit-1,7,division_zscore,quality_lite_residual_height_025,nnls,aa_plus_plus,0.366285016296777,,19,mins_per_game,3,205,0.0683333333333333,110,95,0.4730010463555472,FTR=3.53; tov_pct=0.95; height_inches=0.30; blk_pct=0.04; orb_pct=-0.05,three_pct=-1.67; usg=-1.59; resid_drb_pct_height=-1.56; drb_pct=-1.34; three_pa_per_100_team_poss=-1.33,resid_three_share_height,-1.1787018288615594
quality_lite_residual_height_025,k7__division_zscore__quality_lite_residual_height_025__method-nnls__init-aa_plus_plus__ninit-1,7,division_zscore,quality_lite_residual_height_025,nnls,aa_plus_plus,0.366285016296777,,19,mins_per_game,4,471,0.157,247,224,0.4506954290952387,resid_orb_pct_height=2.93; orb_pct=2.77; resid_drb_pct_height=2.65; drb_pct=2.57; FTR=1.40,three_share=-1.35; resid_three_share_height=-1.26; three_pa_per_100_team_poss=-1.23; ast_tov=-0.90; tov_pct=-0.62,resid_three_share_height,-1.2613307194603998
quality_lite_residual_height_025,k7__division_zscore__quality_lite_residual_height_025__method-nnls__init-aa_plus_plus__ninit-1,7,division_zscore,quality_lite_residual_height_025,nnls,aa_plus_plus,0.366285016296777,,19,mins_per_game,5,265,0.0883333333333333,156,109,0.4819456209533383,blk_pct=3.96; height_inches=2.00; eFG=1.82; orb_pct=1.33; drb_pct=1.02,three_pct=-1.98; three_share=-1.56; three_pa_per_100_team_poss=-1.46; ast_tov=-0.99; stl_pct=-0.98,resid_three_share_height,-0.5591082373061051
quality_lite_residual_height_025,k7__division_zscore__quality_lite_residual_height_025__method-nnls__init-aa_plus_plus__ninit-1,7,division_zscore,quality_lite_residual_height_025,nnls,aa_plus_plus,0.366285016296777,,19,mins_per_game,6,414,0.138,222,192,0.4665533421295215,ast_tov=3.48; three_share=1.72; resid_three_share_height=1.66; three_pa_per_100_team_poss=1.06; three_pct=0.66,tov_pct=-1.69; usg=-1.44; FTR=-1.26; drb_pct=-1.22; height_inches=-1.17,resid_three_share_height,1.658537327395202
quality_lite_residual_height_025,k7__division_zscore__quality_lite_residual_height_025__method-nnls__init-aa_plus_plus__ninit-1,7,division_zscore,quality_lite_residual_height_025,nnls,aa_plus_plus,0.366285016296777,,19,mins_per_game,7,184,0.0613333333333333,87,97,0.4189364894369921,tov_pct=3.68; stl_pct=0.35; resid_drb_pct_height=0.12; resid_orb_pct_height=0.07; ast_tov=-0.32,ft_pct=-3.25; eFG=-2.94; usg=-1.98; three_pct=-1.87; FTR=-1.74,resid_three_share_height,-1.3037651670916774
quality_lite_residual_height_025,k8__division_zscore__quality_lite_residual_height_025__method-nnls__init-aa_plus_plus__ninit-1,8,division_zscore,quality_lite_residual_height_025,nnls,aa_plus_plus,0.3498785561307565,,19,mins_per_game,1,529,0.1763333333333333,307,222,0.4419119229795171,ast_pct=3.03; usg=1.93; ast_tov=1.76; ft_pct=1.06; three_pct=0.61,height_inches=-1.78; orb_pct=-0.93; drb_pct=-0.69; resid_three_share_height=-0.67; FTR=-0.60,resid_three_share_height,-0.6717952475304731
quality_lite_residual_height_025,k8__division_zscore__quality_lite_residual_height_025__method-nnls__init-aa_plus_plus__ninit-1,8,division_zscore,quality_lite_residual_height_025,nnls,aa_plus_plus,0.3498785561307565,,19,mins_per_game,2,752,0.2506666666666666,405,347,0.4366160202801528,three_pa_per_100_team_poss=2.47; resid_three_share_height=2.41; three_share=1.89; three_pct=0.93; ft_pct=0.92,resid_orb_pct_height=-1.87; ast_tov=-1.42; ast_pct=-1.41; tov_pct=-1.18; resid_drb_pct_height=-1.06,resid_three_share_height,2.409461446516324
quality_lite_residual_height_025,k8__division_zscore__quality_lite_residual_height_025__method-nnls__init-aa_plus_plus__ninit-1,8,division_zscore,quality_lite_residual_height_025,nnls,aa_plus_plus,0.3498785561307565,,19,mins_per_game,3,312,0.104,166,146,0.43774446051854,ast_tov=3.61; three_share=2.22; resid_three_share_height=2.14; three_pa_per_100_team_poss=1.57; stl_pct=0.55,tov_pct=-1.87; FTR=-1.57; drb_pct=-1.49; usg=-1.42; height_inches=-1.38,resid_three_share_height,2.1398496187300253
quality_lite_residual_height_025,k8__division_zscore__quality_lite_residual_height_025__method-nnls__init-aa_plus_plus__ninit-1,8,division_zscore,quality_lite_residual_height_025,nnls,aa_plus_plus,0.3498785561307565,,19,mins_per_game,4,588,0.196,330,258,0.4668806464987574,blk_pct=2.90; drb_pct=2.68; resid_drb_pct_height=2.59; orb_pct=2.45; resid_orb_pct_height=2.16,three_pct=-1.59; three_share=-1.54; three_pa_per_100_team_poss=-1.41; resid_three_share_height=-0.94; ast_tov=-0.94,resid_three_share_height,-0.943445675970552
quality_lite_residual_height_025,k8__division_zscore__quality_lite_residual_height_025__method-nnls__init-aa_plus_plus__ninit-1,8,division_zscore,quality_lite_residual_height_025,nnls,aa_plus_plus,0.3498785561307565,,19,mins_per_game,5,354,0.118,173,181,0.4255553392807613,stl_pct=3.42; FTR=2.12; ast_pct=1.57; tov_pct=1.11; resid_drb_pct_height=1.00,resid_three_share_height=-1.08; height_inches=-1.06; orb_pct=-0.63; three_share=-0.59; three_pa_per_100_team_poss=-0.59,resid_three_share_height,-1.0824401333124838
quality_lite_residual_height_025,k8__division_zscore__quality_lite_residual_height_025__method-nnls__init-aa_plus_plus__ninit-1,8,division_zscore,quality_lite_residual_height_025,nnls,aa_plus_plus,0.3498785561307565,,19,mins_per_game,6,81,0.027,45,36,0.357951212640229,resid_orb_pct_height=3.19; orb_pct=2.93; height_inches=1.08; usg=0.60; resid_three_share_height=0.40,resid_three_pct_shot_mix=-2.80; eFG=-2.26; stl_pct=-2.07; resid_drb_pct_height=-2.05; three_pct=-1.93,resid_three_share_height,0.40329308089317
quality_lite_residual_height_025,k8__division_zscore__quality_lite_residual_height_025__method-nnls__init-aa_plus_plus__ninit-1,8,division_zscore,quality_lite_residual_height_025,nnls,aa_plus_plus,0.3498785561307565,,19,mins_per_game,7,210,0.07,117,93,0.4562841093401617,FTR=3.52; eFG=1.08; height_inches=0.95; tov_pct=0.51; orb_pct=0.47,usg=-1.99; stl_pct=-1.76; resid_drb_pct_height=-1.74; three_pct=-1.59; three_pa_per_100_team_poss=-1.34,resid_three_share_height,-0.8492076615678411
quality_lite_residual_height_025,k8__division_zscore__quality_lite_residual_height_025__method-nnls__init-aa_plus_plus__ninit-1,8,division_zscore,quality_lite_residual_height_025,nnls,aa_plus_plus,0.3498785561307565,,19,mins_per_game,8,174,0.058,85,89,0.4032529874953709,tov_pct=3.87; blk_pct=0.50; stl_pct=-0.03; height_inches=-0.43; resid_three_pct_shot_mix=-0.49,ft_pct=-3.65; eFG=-2.39; usg=-1.95; FTR=-1.86; three_pct=-1.71,resid_three_share_height,-1.2691555040842026
role_residual_context_only_height_025,k6__division_zscore__role_residual_context_only_height_025__method-nnls__init-furthest_sum__ninit-1,6,division_zscore,role_residual_context_only_height_025,nnls,furthest_sum,0.3368763307950451,,13,mins_per_game|eFG|three_share|orb_pct|drb_pct|three_pct|ft_pct,1,399,0.133,214,185,0.491566233306474,blk_pct=3.72; height_inches=1.81; resid_orb_pct_height=1.61; resid_drb_pct_height=1.58; usg=0.59,three_pa_per_100_team_poss=-1.40; resid_three_share_height=-1.12; ast_tov=-1.08; ast_pct=-0.76; stl_pct=-0.68,resid_three_share_height,-1.1190796182719458
role_residual_context_only_height_025,k6__division_zscore__role_residual_context_only_height_025__method-nnls__init-furthest_sum__ninit-1,6,division_zscore,role_residual_context_only_height_025,nnls,furthest_sum,0.3368763307950451,,13,mins_per_game|eFG|three_share|orb_pct|drb_pct|three_pct|ft_pct,2,256,0.0853333333333333,134,122,0.4312523759271313,tov_pct=3.94; stl_pct=0.18; resid_drb_pct_height=-0.06; blk_pct=-0.17; resid_three_pct_shot_mix=-0.38,usg=-2.09; FTR=-1.85; resid_three_share_height=-1.65; three_pa_per_100_team_poss=-1.42; ast_pct=-0.80,resid_three_share_height,-1.6492755313642575
role_residual_context_only_height_025,k6__division_zscore__role_residual_context_only_height_025__method-nnls__init-furthest_sum__ninit-1,6,division_zscore,role_residual_context_only_height_025,nnls,furthest_sum,0.3368763307950451,,13,mins_per_game|eFG|three_share|orb_pct|drb_pct|three_pct|ft_pct,3,447,0.149,247,200,0.4804909346980892,FTR=3.56; height_inches=0.93; resid_orb_pct_height=0.69; tov_pct=-0.01; resid_three_pct_shot_mix=-0.17,three_pa_per_100_team_poss=-1.44; ast_pct=-1.20; usg=-1.16; resid_three_share_height=-1.11; ast_tov=-0.87,resid_three_share_height,-1.1069457254836803
role_residual_context_only_height_025,k6__division_zscore__role_residual_context_only_height_025__method-nnls__init-furthest_sum__ninit-1,6,division_zscore,role_residual_context_only_height_025,nnls,furthest_sum,0.3368763307950451,,13,mins_per_game|eFG|three_share|orb_pct|drb_pct|three_pct|ft_pct,4,770,0.2566666666666666,414,356,0.4768149356626522,three_pa_per_100_team_poss=2.49; resid_three_share_height=2.28; usg=0.58; height_inches=0.46; resid_three_pct_shot_mix=-0.04,tov_pct=-1.61; ast_tov=-1.48; ast_pct=-1.36; FTR=-1.34; resid_orb_pct_height=-1.26,resid_three_share_height,2.28382190552852
role_residual_context_only_height_025,k6__division_zscore__role_residual_context_only_height_025__method-nnls__init-furthest_sum__ninit-1,6,division_zscore,role_residual_context_only_height_025,nnls,furthest_sum,0.3368763307950451,,13,mins_per_game|eFG|three_share|orb_pct|drb_pct|three_pct|ft_pct,5,336,0.112,180,156,0.4707344944722498,ast_tov=3.55; resid_three_share_height=1.48; three_pa_per_100_team_poss=0.72; stl_pct=0.12; ast_pct=0.06,tov_pct=-1.98; usg=-1.68; FTR=-1.40; resid_drb_pct_height=-0.77; height_inches=-0.65,resid_three_share_height,1.477060804138654
role_residual_context_only_height_025,k6__division_zscore__role_residual_context_only_height_025__method-nnls__init-furthest_sum__ninit-1,6,division_zscore,role_residual_context_only_height_025,nnls,furthest_sum,0.3368763307950451,,13,mins_per_game|eFG|three_share|orb_pct|drb_pct|three_pct|ft_pct,6,792,0.264,439,353,0.5086092677725567,ast_pct=2.67; usg=2.02; stl_pct=1.76; resid_drb_pct_height=1.03; ast_tov=0.64,height_inches=-1.50; resid_three_share_height=-0.88; blk_pct=-0.56; three_pa_per_100_team_poss=0.02; resid_three_pct_shot_mix=0.11,resid_three_share_height,-0.8787255300519362
role_residual_context_only_height_025,k7__division_zscore__role_residual_context_only_height_025__method-nnls__init-uniform__ninit-1,7,division_zscore,role_residual_context_only_height_025,nnls,uniform,0.3029113353306103,,13,mins_per_game|eFG|three_share|orb_pct|drb_pct|three_pct|ft_pct,1,360,0.12,192,168,0.4584837224076431,FTR=3.53; height_inches=0.92; tov_pct=0.26; resid_orb_pct_height=0.21; resid_three_pct_shot_mix=0.07,usg=-1.67; stl_pct=-1.47; three_pa_per_100_team_poss=-1.36; ast_pct=-1.22; resid_drb_pct_height=-0.97,resid_three_share_height,-0.924870844802829
role_residual_context_only_height_025,k7__division_zscore__role_residual_context_only_height_025__method-nnls__init-uniform__ninit-1,7,division_zscore,role_residual_context_only_height_025,nnls,uniform,0.3029113353306103,,13,mins_per_game|eFG|three_share|orb_pct|drb_pct|three_pct|ft_pct,2,775,0.2583333333333333,419,356,0.4636316211350982,three_pa_per_100_team_poss=2.49; resid_three_share_height=2.22; usg=0.75; height_inches=0.35; resid_three_pct_shot_mix=-0.05,tov_pct=-1.55; ast_tov=-1.48; ast_pct=-1.31; FTR=-1.24; resid_orb_pct_height=-1.19,resid_three_share_height,2.224356933476142
role_residual_context_only_height_025,k7__division_zscore__role_residual_context_only_height_025__method-nnls__init-uniform__ninit-1,7,division_zscore,role_residual_context_only_height_025,nnls,uniform,0.3029113353306103,,13,mins_per_game|eFG|three_share|orb_pct|drb_pct|three_pct|ft_pct,3,374,0.1246666666666666,212,162,0.4795775838729453,blk_pct=3.85; height_inches=2.10; resid_drb_pct_height=1.07; resid_orb_pct_height=0.58; usg=0.30,three_pa_per_100_team_poss=-1.42; stl_pct=-1.32; resid_three_share_height=-1.19; ast_tov=-0.96; ast_pct=-0.49,resid_three_share_height,-1.1871261347799718
role_residual_context_only_height_025,k7__division_zscore__role_residual_context_only_height_025__method-nnls__init-uniform__ninit-1,7,division_zscore,role_residual_context_only_height_025,nnls,uniform,0.3029113353306103,,13,mins_per_game|eFG|three_share|orb_pct|drb_pct|three_pct|ft_pct,4,272,0.0906666666666666,150,122,0.4404852800545149,ast_tov=3.61; resid_three_share_height=2.19; three_pa_per_100_team_poss=1.11; stl_pct=0.64; resid_three_pct_shot_mix=-0.16,tov_pct=-2.23; usg=-1.84; FTR=-1.80; resid_drb_pct_height=-1.15; blk_pct=-0.87,resid_three_share_height,2.1918993335207175
role_residual_context_only_height_025,k7__division_zscore__role_residual_context_only_height_025__method-nnls__init-uniform__ninit-1,7,division_zscore,role_residual_context_only_height_025,nnls,uniform,0.3029113353306103,,13,mins_per_game|eFG|three_share|orb_pct|drb_pct|three_pct|ft_pct,5,223,0.0743333333333333,116,107,0.3941958095119705,stl_pct=3.24; resid_orb_pct_height=2.99; resid_drb_pct_height=1.33; usg=0.46; blk_pct=0.39,resid_three_share_height=-1.83; ast_tov=-1.44; three_pa_per_100_team_poss=-1.35; ast_pct=-1.11; resid_three_pct_shot_mix=-0.57,resid_three_share_height,-1.826158039424235
role_residual_context_only_height_025,k7__division_zscore__role_residual_context_only_height_025__method-nnls__init-uniform__ninit-1,7,division_zscore,role_residual_context_only_height_025,nnls,uniform,0.3029113353306103,,13,mins_per_game|eFG|three_share|orb_pct|drb_pct|three_pct|ft_pct,6,245,0.0816666666666666,130,115,0.4291862487342904,tov_pct=3.87; resid_drb_pct_height=0.09; stl_pct=0.06; resid_three_pct_shot_mix=-0.27; blk_pct=-0.29,usg=-2.05; FTR=-1.83; resid_three_share_height=-1.36; three_pa_per_100_team_poss=-1.28; height_inches=-0.75,resid_three_share_height,-1.3604464179728677
role_residual_context_only_height_025,k7__division_zscore__role_residual_context_only_height_025__method-nnls__init-uniform__ninit-1,7,division_zscore,role_residual_context_only_height_025,nnls,uniform,0.3029113353306103,,13,mins_per_game|eFG|three_share|orb_pct|drb_pct|three_pct|ft_pct,7,751,0.2503333333333333,409,342,0.498680788830028,ast_pct=2.97; usg=1.95; ast_tov=1.28; stl_pct=0.91; resid_drb_pct_height=0.80,height_inches=-1.49; resid_three_share_height=-0.79; blk_pct=-0.55; tov_pct=-0.02; resid_orb_pct_height=-0.00,resid_three_share_height,-0.7878458598917524
role_residual_context_only_height_025,k8__division_zscore__role_residual_context_only_height_025__method-nnls__init-uniform__ninit-1,8,division_zscore,role_residual_context_only_height_025,nnls,uniform,0.2749070877774018,,13,mins_per_game|eFG|three_share|orb_pct|drb_pct|three_pct|ft_pct,1,369,0.123,192,177,0.4455068245039268,FTR=3.56; height_inches=0.61; tov_pct=0.49; resid_orb_pct_height=0.19; resid_three_pct_shot_mix=-0.06,usg=-1.76; three_pa_per_100_team_poss=-1.40; ast_pct=-1.24; resid_three_share_height=-1.23; resid_drb_pct_height=-0.84,resid_three_share_height,-1.2275118420313729
role_residual_context_only_height_025,k8__division_zscore__role_residual_context_only_height_025__method-nnls__init-uniform__ninit-1,8,division_zscore,role_residual_context_only_height_025,nnls,uniform,0.2749070877774018,,13,mins_per_game|eFG|three_share|orb_pct|drb_pct|three_pct|ft_pct,2,826,0.2753333333333333,443,383,0.4518674160266331,three_pa_per_100_team_poss=2.48; resid_three_share_height=2.28; usg=0.63; height_inches=0.30; resid_three_pct_shot_mix=0.14,tov_pct=-1.52; stl_pct=-1.42; ast_tov=-1.34; FTR=-1.26; ast_pct=-1.25,resid_three_share_height,2.2835856407290773
role_residual_context_only_height_025,k8__division_zscore__role_residual_context_only_height_025__method-nnls__init-uniform__ninit-1,8,division_zscore,role_residual_context_only_height_025,nnls,uniform,0.2749070877774018,,13,mins_per_game|eFG|three_share|orb_pct|drb_pct|three_pct|ft_pct,3,411,0.137,217,194,0.4364216184893016,stl_pct=3.46; usg=1.79; ast_pct=1.61; resid_drb_pct_height=0.57; FTR=0.56,height_inches=-1.31; resid_three_share_height=-0.79; blk_pct=-0.46; resid_three_pct_shot_mix=-0.42; ast_tov=-0.14,resid_three_share_height,-0.7931593530740252
role_residual_context_only_height_025,k8__division_zscore__role_residual_context_only_height_025__method-nnls__init-uniform__ninit-1,8,division_zscore,role_residual_context_only_height_025,nnls,uniform,0.2749070877774018,,13,mins_per_game|eFG|three_share|orb_pct|drb_pct|three_pct|ft_pct,4,200,0.0666666666666666,122,78,0.4515182295428119,blk_pct=4.04; height_inches=1.95; tov_pct=0.70; FTR=0.18; resid_three_pct_shot_mix=-0.65,usg=-1.71; ast_pct=-1.37; three_pa_per_100_team_poss=-1.37; ast_tov=-1.18; resid_drb_pct_height=-1.10,resid_three_share_height,-0.6975354276403335
role_residual_context_only_height_025,k8__division_zscore__role_residual_context_only_height_025__method-nnls__init-uniform__ninit-1,8,division_zscore,role_residual_context_only_height_025,nnls,uniform,0.2749070877774018,,13,mins_per_game|eFG|three_share|orb_pct|drb_pct|three_pct|ft_pct,5,239,0.0796666666666666,116,123,0.3974143304854777,tov_pct=3.94; resid_drb_pct_height=0.44; stl_pct=0.30; resid_orb_pct_height=0.25; ast_tov=-0.16,usg=-2.13; FTR=-1.95; resid_three_share_height=-1.84; three_pa_per_100_team_poss=-1.47; ast_pct=-0.97,resid_three_share_height,-1.835126248456422
role_residual_context_only_height_025,k8__division_zscore__role_residual_context_only_height_025__method-nnls__init-uniform__ninit-1,8,division_zscore,role_residual_context_only_height_025,nnls,uniform,0.2749070877774018,,13,mins_per_game|eFG|three_share|orb_pct|drb_pct|three_pct|ft_pct,6,254,0.0846666666666666,139,115,0.4234989536962169,ast_tov=3.58; resid_three_share_height=2.18; three_pa_per_100_team_poss=1.17; stl_pct=0.80; resid_three_pct_shot_mix=-0.02,tov_pct=-2.33; usg=-1.84; FTR=-1.80; resid_drb_pct_height=-1.22; blk_pct=-0.83,resid_three_share_height,2.182541317128378
role_residual_context_only_height_025,k8__division_zscore__role_residual_context_only_height_025__method-nnls__init-uniform__ninit-1,8,division_zscore,role_residual_context_only_height_025,nnls,uniform,0.2749070877774018,,13,mins_per_game|eFG|three_share|orb_pct|drb_pct|three_pct|ft_pct,7,400,0.1333333333333333,231,169,0.4460526475604965,ast_pct=3.00; ast_tov=2.25; usg=1.24; three_pa_per_100_team_poss=0.39; resid_three_pct_shot_mix=0.38,height_inches=-1.59; blk_pct=-0.55; stl_pct=-0.50; resid_three_share_height=-0.28; resid_orb_pct_height=-0.26,resid_three_share_height,-0.2778271809763011
role_residual_context_only_height_025,k8__division_zscore__role_residual_context_only_height_025__method-nnls__init-uniform__ninit-1,8,division_zscore,role_residual_context_only_height_025,nnls,uniform,0.2749070877774018,,13,mins_per_game|eFG|three_share|orb_pct|drb_pct|three_pct|ft_pct,8,301,0.1003333333333333,168,133,0.3918733651915209,resid_orb_pct_height=3.19; resid_drb_pct_height=2.92; usg=2.45; blk_pct=2.39; height_inches=2.27,resid_three_share_height=-1.73; stl_pct=-1.49; three_pa_per_100_team_poss=-1.45; ast_tov=-0.74; tov_pct=-0.64,resid_three_share_height,-1.727160994311414
role_residual_height_025,k6__division_zscore__role_residual_height_025__method-nnls__init-uniform__ninit-1,6,division_zscore,role_residual_height_025,nnls,uniform,0.3614062219411871,,16,mins_per_game|eFG|three_pct|ft_pct,1,346,0.1153333333333333,187,159,0.4563014892775585,ast_tov=3.59; three_share=2.09; resid_three_share_height=2.03; three_pa_per_100_team_poss=1.16; stl_pct=0.41,tov_pct=-1.95; usg=-1.67; FTR=-1.62; drb_pct=-1.31; orb_pct=-1.00,resid_three_share_height,2.0254081357365963
role_residual_height_025,k6__division_zscore__role_residual_height_025__method-nnls__init-uniform__ninit-1,6,division_zscore,role_residual_height_025,nnls,uniform,0.3614062219411871,,16,mins_per_game|eFG|three_pct|ft_pct,2,325,0.1083333333333333,172,153,0.4763525499436981,FTR=3.50; height_inches=0.63; orb_pct=0.34; tov_pct=0.31; blk_pct=-0.07,resid_drb_pct_height=-1.53; usg=-1.52; three_pa_per_100_team_poss=-1.35; three_share=-1.33; ast_pct=-1.28,resid_three_share_height,-1.0460475305153678
role_residual_height_025,k6__division_zscore__role_residual_height_025__method-nnls__init-uniform__ninit-1,6,division_zscore,role_residual_height_025,nnls,uniform,0.3614062219411871,,16,mins_per_game|eFG|three_pct|ft_pct,3,821,0.2736666666666666,447,374,0.5104963785444115,ast_pct=2.72; usg=1.90; stl_pct=1.70; resid_drb_pct_height=0.82; ast_tov=0.76,height_inches=-1.52; resid_three_share_height=-0.94; orb_pct=-0.67; blk_pct=-0.65; three_share=-0.47,resid_three_share_height,-0.9415299418550944
role_residual_height_025,k6__division_zscore__role_residual_height_025__method-nnls__init-uniform__ninit-1,6,division_zscore,role_residual_height_025,nnls,uniform,0.3614062219411871,,16,mins_per_game|eFG|three_pct|ft_pct,4,202,0.0673333333333333,109,93,0.4342773851104638,tov_pct=3.89; blk_pct=0.29; stl_pct=0.01; resid_drb_pct_height=-0.32; resid_three_pct_shot_mix=-0.40,usg=-2.04; FTR=-1.88; resid_three_share_height=-1.45; three_pa_per_100_team_poss=-1.33; three_share=-1.24,resid_three_share_height,-1.4537383777825543
role_residual_height_025,k6__division_zscore__role_residual_height_025__method-nnls__init-uniform__ninit-1,6,division_zscore,role_residual_height_025,nnls,uniform,0.3614062219411871,,16,mins_per_game|eFG|three_pct|ft_pct,5,699,0.233,373,326,0.4666287550621113,three_pa_per_100_team_poss=2.48; resid_three_share_height=2.32; three_share=2.07; usg=0.50; height_inches=0.49,tov_pct=-1.55; resid_orb_pct_height=-1.51; ast_tov=-1.45; ast_pct=-1.37; FTR=-1.29,resid_three_share_height,2.324172307278642
role_residual_height_025,k6__division_zscore__role_residual_height_025__method-nnls__init-uniform__ninit-1,6,division_zscore,role_residual_height_025,nnls,uniform,0.3614062219411871,,16,mins_per_game|eFG|three_pct|ft_pct,6,607,0.2023333333333333,340,267,0.4753486052151414,blk_pct=3.01; drb_pct=2.72; orb_pct=2.66; resid_drb_pct_height=2.59; resid_orb_pct_height=2.49,three_share=-1.56; three_pa_per_100_team_poss=-1.45; ast_tov=-1.09; resid_three_share_height=-1.05; ast_pct=-0.81,resid_three_share_height,-1.054919702099662
role_residual_height_025,k7__division_zscore__role_residual_height_025__method-nnls__init-furthest_first__ninit-1,7,division_zscore,role_residual_height_025,nnls,furthest_first,0.3288383772877349,,16,mins_per_game|eFG|three_pct|ft_pct,1,305,0.1016666666666666,160,145,0.4493886514647095,ast_tov=3.61; three_share=2.18; resid_three_share_height=2.15; three_pa_per_100_team_poss=1.11; stl_pct=0.39,tov_pct=-2.10; usg=-1.78; FTR=-1.70; drb_pct=-1.24; orb_pct=-1.02,resid_three_share_height,2.1491227517703737
role_residual_height_025,k7__division_zscore__role_residual_height_025__method-nnls__init-furthest_first__ninit-1,7,division_zscore,role_residual_height_025,nnls,furthest_first,0.3288383772877349,,16,mins_per_game|eFG|three_pct|ft_pct,2,530,0.1766666666666666,301,229,0.4663893131361202,drb_pct=2.73; blk_pct=2.64; resid_drb_pct_height=2.63; height_inches=2.16; orb_pct=2.14,three_share=-1.43; three_pa_per_100_team_poss=-1.28; stl_pct=-1.11; ast_tov=-0.98; resid_three_share_height=-0.82,resid_three_share_height,-0.8163817457800402
role_residual_height_025,k7__division_zscore__role_residual_height_025__method-nnls__init-furthest_first__ninit-1,7,division_zscore,role_residual_height_025,nnls,furthest_first,0.3288383772877349,,16,mins_per_game|eFG|three_pct|ft_pct,3,195,0.065,103,92,0.4231394793794408,tov_pct=3.87; blk_pct=0.32; stl_pct=-0.04; resid_three_pct_shot_mix=-0.29; resid_drb_pct_height=-0.31,usg=-2.06; FTR=-1.86; resid_three_share_height=-1.42; three_pa_per_100_team_poss=-1.30; three_share=-1.17,resid_three_share_height,-1.4246951040077411
role_residual_height_025,k7__division_zscore__role_residual_height_025__method-nnls__init-furthest_first__ninit-1,7,division_zscore,role_residual_height_025,nnls,furthest_first,0.3288383772877349,,16,mins_per_game|eFG|three_pct|ft_pct,4,251,0.0836666666666666,136,115,0.4570718812515644,FTR=3.54; height_inches=0.89; tov_pct=0.63; blk_pct=0.42; orb_pct=0.29,usg=-2.05; resid_drb_pct_height=-1.83; stl_pct=-1.56; three_share=-1.39; three_pa_per_100_team_poss=-1.38,resid_three_share_height,-0.9819372591311828
role_residual_height_025,k7__division_zscore__role_residual_height_025__method-nnls__init-furthest_first__ninit-1,7,division_zscore,role_residual_height_025,nnls,furthest_first,0.3288383772877349,,16,mins_per_game|eFG|three_pct|ft_pct,5,722,0.2406666666666666,390,332,0.4585019932877403,three_pa_per_100_team_poss=2.47; resid_three_share_height=2.31; three_share=2.10; usg=0.41; height_inches=0.35,tov_pct=-1.55; ast_tov=-1.45; FTR=-1.40; ast_pct=-1.39; resid_orb_pct_height=-1.38,resid_three_share_height,2.3112071003522945
role_residual_height_025,k7__division_zscore__role_residual_height_025__method-nnls__init-furthest_first__ninit-1,7,division_zscore,role_residual_height_025,nnls,furthest_first,0.3288383772877349,,16,mins_per_game|eFG|three_pct|ft_pct,6,812,0.2706666666666666,438,374,0.5056403990298297,ast_pct=2.87; usg=1.89; stl_pct=1.17; ast_tov=0.99; FTR=0.64,height_inches=-1.61; orb_pct=-0.88; resid_three_share_height=-0.79; blk_pct=-0.67; three_share=-0.33,resid_three_share_height,-0.7862920646666202
role_residual_height_025,k7__division_zscore__role_residual_height_025__method-nnls__init-furthest_first__ninit-1,7,division_zscore,role_residual_height_025,nnls,furthest_first,0.3288383772877349,,16,mins_per_game|eFG|three_pct|ft_pct,7,185,0.0616666666666666,100,85,0.4014136376762342,stl_pct=3.24; resid_orb_pct_height=3.16; orb_pct=2.92; resid_drb_pct_height=1.41; drb_pct=1.35,resid_three_share_height=-1.77; three_share=-1.53; ast_tov=-1.46; three_pa_per_100_team_poss=-1.43; ast_pct=-1.27,resid_three_share_height,-1.7660693022246523
role_residual_height_025,k8__division_zscore__role_residual_height_025__method-nnls__init-aa_plus_plus__ninit-1,8,division_zscore,role_residual_height_025,nnls,aa_plus_plus,0.3039979597431767,,16,mins_per_game|eFG|three_pct|ft_pct,1,243,0.081,131,112,0.398288912455824,resid_drb_pct_height=2.56; drb_pct=2.49; resid_three_share_height=1.61; height_inches=1.06; three_pa_per_100_team_poss=0.97,resid_orb_pct_height=-1.78; ast_tov=-0.71; orb_pct=-0.67; ast_pct=-0.26; stl_pct=-0.22,resid_three_share_height,1.6073003858448338
role_residual_height_025,k8__division_zscore__role_residual_height_025__method-nnls__init-aa_plus_plus__ninit-1,8,division_zscore,role_residual_height_025,nnls,aa_plus_plus,0.3039979597431767,,16,mins_per_game|eFG|three_pct|ft_pct,2,295,0.0983333333333333,158,137,0.4599621102965566,FTR=3.54; tov_pct=0.75; height_inches=0.45; orb_pct=0.16; blk_pct=-0.22,usg=-1.66; three_pa_per_100_team_poss=-1.36; resid_drb_pct_height=-1.28; three_share=-1.26; ast_pct=-1.21,resid_three_share_height,-1.131241259934983
role_residual_height_025,k8__division_zscore__role_residual_height_025__method-nnls__init-aa_plus_plus__ninit-1,8,division_zscore,role_residual_height_025,nnls,aa_plus_plus,0.3039979597431767,,16,mins_per_game|eFG|three_pct|ft_pct,3,537,0.179,285,252,0.4379180038970349,three_pa_per_100_team_poss=2.47; resid_three_share_height=2.22; three_share=2.18; usg=0.29; resid_three_pct_shot_mix=0.09,FTR=-1.74; tov_pct=-1.73; stl_pct=-1.63; ast_pct=-1.36; ast_tov=-1.30,resid_three_share_height,2.2182763246021473
role_residual_height_025,k8__division_zscore__role_residual_height_025__method-nnls__init-aa_plus_plus__ninit-1,8,division_zscore,role_residual_height_025,nnls,aa_plus_plus,0.3039979597431767,,16,mins_per_game|eFG|three_pct|ft_pct,4,503,0.1676666666666666,278,225,0.4600777148688272,resid_orb_pct_height=3.18; orb_pct=2.92; drb_pct=2.17; resid_drb_pct_height=2.15; blk_pct=1.62,three_share=-1.53; resid_three_share_height=-1.48; three_pa_per_100_team_poss=-1.43; ast_tov=-0.96; ast_pct=-0.60,resid_three_share_height,-1.4758133412504804
role_residual_height_025,k8__division_zscore__role_residual_height_025__method-nnls__init-aa_plus_plus__ninit-1,8,division_zscore,role_residual_height_025,nnls,aa_plus_plus,0.3039979597431767,,16,mins_per_game|eFG|three_pct|ft_pct,5,278,0.0926666666666666,153,125,0.4311668931739094,ast_tov=3.61; resid_three_share_height=2.25; three_share=2.22; three_pa_per_100_team_poss=1.23; stl_pct=0.69,tov_pct=-2.31; usg=-1.81; FTR=-1.73; drb_pct=-1.38; resid_drb_pct_height=-1.20,resid_three_share_height,2.2498050243586647
role_residual_height_025,k8__division_zscore__role_residual_height_025__method-nnls__init-aa_plus_plus__ninit-1,8,division_zscore,role_residual_height_025,nnls,aa_plus_plus,0.3039979597431767,,16,mins_per_game|eFG|three_pct|ft_pct,6,774,0.258,423,351,0.4992093939194048,ast_pct=2.73; usg=1.98; stl_pct=1.46; ast_tov=1.02; FTR=0.53,height_inches=-1.46; resid_three_share_height=-0.88; orb_pct=-0.83; blk_pct=-0.56; drb_pct=-0.51,resid_three_share_height,-0.8776274041498486
role_residual_height_025,k8__division_zscore__role_residual_height_025__method-nnls__init-aa_plus_plus__ninit-1,8,division_zscore,role_residual_height_025,nnls,aa_plus_plus,0.3039979597431767,,16,mins_per_game|eFG|three_pct|ft_pct,7,197,0.0656666666666666,98,99,0.4209347235024275,tov_pct=3.83; resid_drb_pct_height=0.45; resid_orb_pct_height=0.08; stl_pct=0.07; ast_tov=-0.11,usg=-2.02; FTR=-1.81; three_pa_per_100_team_poss=-1.21; resid_three_share_height=-1.21; three_share=-0.95,resid_three_share_height,-1.210134167472181
role_residual_height_025,k8__division_zscore__role_residual_height_025__method-nnls__init-aa_plus_plus__ninit-1,8,division_zscore,role_residual_height_025,nnls,aa_plus_plus,0.3039979597431767,,16,mins_per_game|eFG|three_pct|ft_pct,8,173,0.0576666666666666,102,71,0.4347385314200787,blk_pct=4.01; height_inches=1.98; tov_pct=0.82; orb_pct=0.68; drb_pct=0.23,stl_pct=-1.61; three_share=-1.55; three_pa_per_100_team_poss=-1.45; ast_tov=-1.38; usg=-1.31,resid_three_share_height,-0.6019969648856573
quality_lite_residual_height_025,k6__division_zscore__quality_lite_residual_height_025__method-nnls__init-uniform__ninit-1,6,division_zscore,quality_lite_residual_height_025,nnls,uniform,0.3943301221227731,,19,mins_per_game,1,446,0.1486666666666666,234,212,0.4718340729331904,ast_tov=3.50; three_share=1.58; resid_three_share_height=1.43; three_pa_per_100_team_poss=1.01; three_pct=0.47,tov_pct=-1.55; height_inches=-1.46; drb_pct=-1.40; usg=-1.38; FTR=-1.37,resid_drb_pct_height,-0.8177319158463856
quality_lite_residual_height_025,k6__division_zscore__quality_lite_residual_height_025__method-nnls__init-uniform__ninit-1,6,division_zscore,quality_lite_residual_height_025,nnls,uniform,0.3943301221227731,,19,mins_per_game,2,318,0.106,171,147,0.4879865237314554,FTR=3.50; tov_pct=0.69; height_inches=0.59; eFG=0.45; orb_pct=0.44,usg=-1.54; three_pct=-1.40; three_share=-1.38; three_pa_per_100_team_poss=-1.36; resid_drb_pct_height=-1.34,resid_drb_pct_height,-1.3387709860681285
quality_lite_residual_height_025,k6__division_zscore__quality_lite_residual_height_025__method-nnls__init-uniform__ninit-1,6,division_zscore,quality_lite_residual_height_025,nnls,uniform,0.3943301221227731,,19,mins_per_game,3,773,0.2576666666666666,423,350,0.5055253658617865,ast_pct=2.59; usg=2.09; stl_pct=1.74; resid_drb_pct_height=0.96; ft_pct=0.84,height_inches=-1.50; resid_three_share_height=-0.90; orb_pct=-0.68; blk_pct=-0.65; three_share=-0.43,resid_drb_pct_height,0.9555677334722702
quality_lite_residual_height_025,k6__division_zscore__quality_lite_residual_height_025__method-nnls__init-uniform__ninit-1,6,division_zscore,quality_lite_residual_height_025,nnls,uniform,0.3943301221227731,,19,mins_per_game,4,150,0.05,78,72,0.4339951567489775,tov_pct=3.80; blk_pct=0.17; stl_pct=0.15; height_inches=-0.34; resid_drb_pct_height=-0.57,ft_pct=-3.47; eFG=-2.72; three_pct=-1.99; usg=-1.96; FTR=-1.75,resid_drb_pct_height,-0.570279621074059
quality_lite_residual_height_025,k6__division_zscore__quality_lite_residual_height_025__method-nnls__init-uniform__ninit-1,6,division_zscore,quality_lite_residual_height_025,nnls,uniform,0.3943301221227731,,19,mins_per_game,5,761,0.2536666666666666,414,347,0.461036528191439,three_pa_per_100_team_poss=2.48; resid_three_share_height=2.38; three_share=1.91; height_inches=0.94; ft_pct=0.91,resid_orb_pct_height=-1.62; tov_pct=-1.52; ast_tov=-1.45; ast_pct=-1.39; stl_pct=-1.06,resid_drb_pct_height,-1.0274527782542402
quality_lite_residual_height_025,k6__division_zscore__quality_lite_residual_height_025__method-nnls__init-uniform__ninit-1,6,division_zscore,quality_lite_residual_height_025,nnls,uniform,0.3943301221227731,,19,mins_per_game,6,552,0.184,308,244,0.4768258023438629,blk_pct=3.05; drb_pct=2.72; orb_pct=2.70; resid_drb_pct_height=2.61; resid_orb_pct_height=2.59,three_pct=-1.88; three_share=-1.55; three_pa_per_100_team_poss=-1.44; resid_three_share_height=-1.06; ast_tov=-1.02,resid_drb_pct_height,2.605224837807154
quality_lite_residual_height_025,k7__division_zscore__quality_lite_residual_height_025__method-nnls__init-aa_plus_plus__ninit-1,7,division_zscore,quality_lite_residual_height_025,nnls,aa_plus_plus,0.366285016296777,,19,mins_per_game,1,731,0.2436666666666666,408,323,0.5093574926750019,ast_pct=2.74; usg=1.99; stl_pct=1.59; ft_pct=0.88; ast_tov=0.68,height_inches=-1.60; orb_pct=-0.91; resid_three_share_height=-0.70; blk_pct=-0.56; drb_pct=-0.33,resid_drb_pct_height,0.5699598124885707
quality_lite_residual_height_025,k7__division_zscore__quality_lite_residual_height_025__method-nnls__init-aa_plus_plus__ninit-1,7,division_zscore,quality_lite_residual_height_025,nnls,aa_plus_plus,0.366285016296777,,19,mins_per_game,2,730,0.2433333333333333,398,332,0.4555683778150854,three_pa_per_100_team_poss=2.49; resid_three_share_height=2.34; three_share=1.91; ft_pct=0.87; height_inches=0.87,resid_orb_pct_height=-1.64; tov_pct=-1.53; ast_tov=-1.52; ast_pct=-1.39; resid_drb_pct_height=-0.99,resid_drb_pct_height,-0.993631231108868
quality_lite_residual_height_025,k7__division_zscore__quality_lite_residual_height_025__method-nnls__init-aa_plus_plus__ninit-1,7,division_zscore,quality_lite_residual_height_025,nnls,aa_plus_plus,0.366285016296777,,19,mins_per_game,3,205,0.0683333333333333,110,95,0.4730010463555472,FTR=3.53; tov_pct=0.95; height_inches=0.30; blk_pct=0.04; orb_pct=-0.05,three_pct=-1.67; usg=-1.59; resid_drb_pct_height=-1.56; drb_pct=-1.34; three_pa_per_100_team_poss=-1.33,resid_drb_pct_height,-1.5598413533485511
quality_lite_residual_height_025,k7__division_zscore__quality_lite_residual_height_025__method-nnls__init-aa_plus_plus__ninit-1,7,division_zscore,quality_lite_residual_height_025,nnls,aa_plus_plus,0.366285016296777,,19,mins_per_game,4,471,0.157,247,224,0.4506954290952387,resid_orb_pct_height=2.93; orb_pct=2.77; resid_drb_pct_height=2.65; drb_pct=2.57; FTR=1.40,three_share=-1.35; resid_three_share_height=-1.26; three_pa_per_100_team_poss=-1.23; ast_tov=-0.90; tov_pct=-0.62,resid_drb_pct_height,2.6526743539240414
quality_lite_residual_height_025,k7__division_zscore__quality_lite_residual_height_025__method-nnls__init-aa_plus_plus__ninit-1,7,division_zscore,quality_lite_residual_height_025,nnls,aa_plus_plus,0.366285016296777,,19,mins_per_game,5,265,0.0883333333333333,156,109,0.4819456209533383,blk_pct=3.96; height_inches=2.00; eFG=1.82; orb_pct=1.33; drb_pct=1.02,three_pct=-1.98; three_share=-1.56; three_pa_per_100_team_poss=-1.46; ast_tov=-0.99; stl_pct=-0.98,resid_drb_pct_height,-0.0628251963136757
quality_lite_residual_height_025,k7__division_zscore__quality_lite_residual_height_025__method-nnls__init-aa_plus_plus__ninit-1,7,division_zscore,quality_lite_residual_height_025,nnls,aa_plus_plus,0.366285016296777,,19,mins_per_game,6,414,0.138,222,192,0.4665533421295215,ast_tov=3.48; three_share=1.72; resid_three_share_height=1.66; three_pa_per_100_team_poss=1.06; three_pct=0.66,tov_pct=-1.69; usg=-1.44; FTR=-1.26; drb_pct=-1.22; height_inches=-1.17,resid_drb_pct_height,-0.7733926347681368
quality_lite_residual_height_025,k7__division_zscore__quality_lite_residual_height_025__method-nnls__init-aa_plus_plus__ninit-1,7,division_zscore,quality_lite_residual_height_025,nnls,aa_plus_plus,0.366285016296777,,19,mins_per_game,7,184,0.0613333333333333,87,97,0.4189364894369921,tov_pct=3.68; stl_pct=0.35; resid_drb_pct_height=0.12; resid_orb_pct_height=0.07; ast_tov=-0.32,ft_pct=-3.25; eFG=-2.94; usg=-1.98; three_pct=-1.87; FTR=-1.74,resid_drb_pct_height,0.1218500646898975
quality_lite_residual_height_025,k8__division_zscore__quality_lite_residual_height_025__method-nnls__init-aa_plus_plus__ninit-1,8,division_zscore,quality_lite_residual_height_025,nnls,aa_plus_plus,0.3498785561307565,,19,mins_per_game,1,529,0.1763333333333333,307,222,0.4419119229795171,ast_pct=3.03; usg=1.93; ast_tov=1.76; ft_pct=1.06; three_pct=0.61,height_inches=-1.78; orb_pct=-0.93; drb_pct=-0.69; resid_three_share_height=-0.67; FTR=-0.60,resid_drb_pct_height,0.1974306223832924
quality_lite_residual_height_025,k8__division_zscore__quality_lite_residual_height_025__method-nnls__init-aa_plus_plus__ninit-1,8,division_zscore,quality_lite_residual_height_025,nnls,aa_plus_plus,0.3498785561307565,,19,mins_per_game,2,752,0.2506666666666666,405,347,0.4366160202801528,three_pa_per_100_team_poss=2.47; resid_three_share_height=2.41; three_share=1.89; three_pct=0.93; ft_pct=0.92,resid_orb_pct_height=-1.87; ast_tov=-1.42; ast_pct=-1.41; tov_pct=-1.18; resid_drb_pct_height=-1.06,resid_drb_pct_height,-1.0634061325521131
quality_lite_residual_height_025,k8__division_zscore__quality_lite_residual_height_025__method-nnls__init-aa_plus_plus__ninit-1,8,division_zscore,quality_lite_residual_height_025,nnls,aa_plus_plus,0.3498785561307565,,19,mins_per_game,3,312,0.104,166,146,0.43774446051854,ast_tov=3.61; three_share=2.22; resid_three_share_height=2.14; three_pa_per_100_team_poss=1.57; stl_pct=0.55,tov_pct=-1.87; FTR=-1.57; drb_pct=-1.49; usg=-1.42; height_inches=-1.38,resid_drb_pct_height,-0.91573920120977
quality_lite_residual_height_025,k8__division_zscore__quality_lite_residual_height_025__method-nnls__init-aa_plus_plus__ninit-1,8,division_zscore,quality_lite_residual_height_025,nnls,aa_plus_plus,0.3498785561307565,,19,mins_per_game,4,588,0.196,330,258,0.4668806464987574,blk_pct=2.90; drb_pct=2.68; resid_drb_pct_height=2.59; orb_pct=2.45; resid_orb_pct_height=2.16,three_pct=-1.59; three_share=-1.54; three_pa_per_100_team_poss=-1.41; resid_three_share_height=-0.94; ast_tov=-0.94,resid_drb_pct_height,2.585860097336331
quality_lite_residual_height_025,k8__division_zscore__quality_lite_residual_height_025__method-nnls__init-aa_plus_plus__ninit-1,8,division_zscore,quality_lite_residual_height_025,nnls,aa_plus_plus,0.3498785561307565,,19,mins_per_game,5,354,0.118,173,181,0.4255553392807613,stl_pct=3.42; FTR=2.12; ast_pct=1.57; tov_pct=1.11; resid_drb_pct_height=1.00,resid_three_share_height=-1.08; height_inches=-1.06; orb_pct=-0.63; three_share=-0.59; three_pa_per_100_team_poss=-0.59,resid_drb_pct_height,0.999017591200426
quality_lite_residual_height_025,k8__division_zscore__quality_lite_residual_height_025__method-nnls__init-aa_plus_plus__ninit-1,8,division_zscore,quality_lite_residual_height_025,nnls,aa_plus_plus,0.3498785561307565,,19,mins_per_game,6,81,0.027,45,36,0.357951212640229,resid_orb_pct_height=3.19; orb_pct=2.93; height_inches=1.08; usg=0.60; resid_three_share_height=0.40,resid_three_pct_shot_mix=-2.80; eFG=-2.26; stl_pct=-2.07; resid_drb_pct_height=-2.05; three_pct=-1.93,resid_drb_pct_height,-2.0521745275490875
quality_lite_residual_height_025,k8__division_zscore__quality_lite_residual_height_025__method-nnls__init-aa_plus_plus__ninit-1,8,division_zscore,quality_lite_residual_height_025,nnls,aa_plus_plus,0.3498785561307565,,19,mins_per_game,7,210,0.07,117,93,0.4562841093401617,FTR=3.52; eFG=1.08; height_inches=0.95; tov_pct=0.51; orb_pct=0.47,usg=-1.99; stl_pct=-1.76; resid_drb_pct_height=-1.74; three_pct=-1.59; three_pa_per_100_team_poss=-1.34,resid_drb_pct_height,-1.7419513027969464
quality_lite_residual_height_025,k8__division_zscore__quality_lite_residual_height_025__method-nnls__init-aa_plus_plus__ninit-1,8,division_zscore,quality_lite_residual_height_025,nnls,aa_plus_plus,0.3498785561307565,,19,mins_per_game,8,174,0.058,85,89,0.4032529874953709,tov_pct=3.87; blk_pct=0.50; stl_pct=-0.03; height_inches=-0.43; resid_three_pct_shot_mix=-0.49,ft_pct=-3.65; eFG=-2.39; usg=-1.95; FTR=-1.86; three_pct=-1.71,resid_drb_pct_height,-0.4995375708745043
role_residual_context_only_height_025,k6__division_zscore__role_residual_context_only_height_025__method-nnls__init-furthest_sum__ninit-1,6,division_zscore,role_residual_context_only_height_025,nnls,furthest_sum,0.3368763307950451,,13,mins_per_game|eFG|three_share|orb_pct|drb_pct|three_pct|ft_pct,1,399,0.133,214,185,0.491566233306474,blk_pct=3.72; height_inches=1.81; resid_orb_pct_height=1.61; resid_drb_pct_height=1.58; usg=0.59,three_pa_per_100_team_poss=-1.40; resid_three_share_height=-1.12; ast_tov=-1.08; ast_pct=-0.76; stl_pct=-0.68,resid_drb_pct_height,1.5831155425184518
role_residual_context_only_height_025,k6__division_zscore__role_residual_context_only_height_025__method-nnls__init-furthest_sum__ninit-1,6,division_zscore,role_residual_context_only_height_025,nnls,furthest_sum,0.3368763307950451,,13,mins_per_game|eFG|three_share|orb_pct|drb_pct|three_pct|ft_pct,2,256,0.0853333333333333,134,122,0.4312523759271313,tov_pct=3.94; stl_pct=0.18; resid_drb_pct_height=-0.06; blk_pct=-0.17; resid_three_pct_shot_mix=-0.38,usg=-2.09; FTR=-1.85; resid_three_share_height=-1.65; three_pa_per_100_team_poss=-1.42; ast_pct=-0.80,resid_drb_pct_height,-0.0596405355286833
role_residual_context_only_height_025,k6__division_zscore__role_residual_context_only_height_025__method-nnls__init-furthest_sum__ninit-1,6,division_zscore,role_residual_context_only_height_025,nnls,furthest_sum,0.3368763307950451,,13,mins_per_game|eFG|three_share|orb_pct|drb_pct|three_pct|ft_pct,3,447,0.149,247,200,0.4804909346980892,FTR=3.56; height_inches=0.93; resid_orb_pct_height=0.69; tov_pct=-0.01; resid_three_pct_shot_mix=-0.17,three_pa_per_100_team_poss=-1.44; ast_pct=-1.20; usg=-1.16; resid_three_share_height=-1.11; ast_tov=-0.87,resid_drb_pct_height,-0.5334946316936927
role_residual_context_only_height_025,k6__division_zscore__role_residual_context_only_height_025__method-nnls__init-furthest_sum__ninit-1,6,division_zscore,role_residual_context_only_height_025,nnls,furthest_sum,0.3368763307950451,,13,mins_per_game|eFG|three_share|orb_pct|drb_pct|three_pct|ft_pct,4,770,0.2566666666666666,414,356,0.4768149356626522,three_pa_per_100_team_poss=2.49; resid_three_share_height=2.28; usg=0.58; height_inches=0.46; resid_three_pct_shot_mix=-0.04,tov_pct=-1.61; ast_tov=-1.48; ast_pct=-1.36; FTR=-1.34; resid_orb_pct_height=-1.26,resid_drb_pct_height,-0.9252897894342696
role_residual_context_only_height_025,k6__division_zscore__role_residual_context_only_height_025__method-nnls__init-furthest_sum__ninit-1,6,division_zscore,role_residual_context_only_height_025,nnls,furthest_sum,0.3368763307950451,,13,mins_per_game|eFG|three_share|orb_pct|drb_pct|three_pct|ft_pct,5,336,0.112,180,156,0.4707344944722498,ast_tov=3.55; resid_three_share_height=1.48; three_pa_per_100_team_poss=0.72; stl_pct=0.12; ast_pct=0.06,tov_pct=-1.98; usg=-1.68; FTR=-1.40; resid_drb_pct_height=-0.77; height_inches=-0.65,resid_drb_pct_height,-0.7662844068231319
role_residual_context_only_height_025,k6__division_zscore__role_residual_context_only_height_025__method-nnls__init-furthest_sum__ninit-1,6,division_zscore,role_residual_context_only_height_025,nnls,furthest_sum,0.3368763307950451,,13,mins_per_game|eFG|three_share|orb_pct|drb_pct|three_pct|ft_pct,6,792,0.264,439,353,0.5086092677725567,ast_pct=2.67; usg=2.02; stl_pct=1.76; resid_drb_pct_height=1.03; ast_tov=0.64,height_inches=-1.50; resid_three_share_height=-0.88; blk_pct=-0.56; three_pa_per_100_team_poss=0.02; resid_three_pct_shot_mix=0.11,resid_drb_pct_height,1.0278755167508815
role_residual_context_only_height_025,k7__division_zscore__role_residual_context_only_height_025__method-nnls__init-uniform__ninit-1,7,division_zscore,role_residual_context_only_height_025,nnls,uniform,0.3029113353306103,,13,mins_per_game|eFG|three_share|orb_pct|drb_pct|three_pct|ft_pct,1,360,0.12,192,168,0.4584837224076431,FTR=3.53; height_inches=0.92; tov_pct=0.26; resid_orb_pct_height=0.21; resid_three_pct_shot_mix=0.07,usg=-1.67; stl_pct=-1.47; three_pa_per_100_team_poss=-1.36; ast_pct=-1.22; resid_drb_pct_height=-0.97,resid_drb_pct_height,-0.9672936064989132
role_residual_context_only_height_025,k7__division_zscore__role_residual_context_only_height_025__method-nnls__init-uniform__ninit-1,7,division_zscore,role_residual_context_only_height_025,nnls,uniform,0.3029113353306103,,13,mins_per_game|eFG|three_share|orb_pct|drb_pct|three_pct|ft_pct,2,775,0.2583333333333333,419,356,0.4636316211350982,three_pa_per_100_team_poss=2.49; resid_three_share_height=2.22; usg=0.75; height_inches=0.35; resid_three_pct_shot_mix=-0.05,tov_pct=-1.55; ast_tov=-1.48; ast_pct=-1.31; FTR=-1.24; resid_orb_pct_height=-1.19,resid_drb_pct_height,-0.8539457016610743
role_residual_context_only_height_025,k7__division_zscore__role_residual_context_only_height_025__method-nnls__init-uniform__ninit-1,7,division_zscore,role_residual_context_only_height_025,nnls,uniform,0.3029113353306103,,13,mins_per_game|eFG|three_share|orb_pct|drb_pct|three_pct|ft_pct,3,374,0.1246666666666666,212,162,0.4795775838729453,blk_pct=3.85; height_inches=2.10; resid_drb_pct_height=1.07; resid_orb_pct_height=0.58; usg=0.30,three_pa_per_100_team_poss=-1.42; stl_pct=-1.32; resid_three_share_height=-1.19; ast_tov=-0.96; ast_pct=-0.49,resid_drb_pct_height,1.071388999899003
role_residual_context_only_height_025,k7__division_zscore__role_residual_context_only_height_025__method-nnls__init-uniform__ninit-1,7,division_zscore,role_residual_context_only_height_025,nnls,uniform,0.3029113353306103,,13,mins_per_game|eFG|three_share|orb_pct|drb_pct|three_pct|ft_pct,4,272,0.0906666666666666,150,122,0.4404852800545149,ast_tov=3.61; resid_three_share_height=2.19; three_pa_per_100_team_poss=1.11; stl_pct=0.64; resid_three_pct_shot_mix=-0.16,tov_pct=-2.23; usg=-1.84; FTR=-1.80; resid_drb_pct_height=-1.15; blk_pct=-0.87,resid_drb_pct_height,-1.1462966870541322
role_residual_context_only_height_025,k7__division_zscore__role_residual_context_only_height_025__method-nnls__init-uniform__ninit-1,7,division_zscore,role_residual_context_only_height_025,nnls,uniform,0.3029113353306103,,13,mins_per_game|eFG|three_share|orb_pct|drb_pct|three_pct|ft_pct,5,223,0.0743333333333333,116,107,0.3941958095119705,stl_pct=3.24; resid_orb_pct_height=2.99; resid_drb_pct_height=1.33; usg=0.46; blk_pct=0.39,resid_three_share_height=-1.83; ast_tov=-1.44; three_pa_per_100_team_poss=-1.35; ast_pct=-1.11; resid_three_pct_shot_mix=-0.57,resid_drb_pct_height,1.3273121417733351
role_residual_context_only_height_025,k7__division_zscore__role_residual_context_only_height_025__method-nnls__init-uniform__ninit-1,7,division_zscore,role_residual_context_only_height_025,nnls,uniform,0.3029113353306103,,13,mins_per_game|eFG|three_share|orb_pct|drb_pct|three_pct|ft_pct,6,245,0.0816666666666666,130,115,0.4291862487342904,tov_pct=3.87; resid_drb_pct_height=0.09; stl_pct=0.06; resid_three_pct_shot_mix=-0.27; blk_pct=-0.29,usg=-2.05; FTR=-1.83; resid_three_share_height=-1.36; three_pa_per_100_team_poss=-1.28; height_inches=-0.75,resid_drb_pct_height,0.0939296333117317
role_residual_context_only_height_025,k7__division_zscore__role_residual_context_only_height_025__method-nnls__init-uniform__ninit-1,7,division_zscore,role_residual_context_only_height_025,nnls,uniform,0.3029113353306103,,13,mins_per_game|eFG|three_share|orb_pct|drb_pct|three_pct|ft_pct,7,751,0.2503333333333333,409,342,0.498680788830028,ast_pct=2.97; usg=1.95; ast_tov=1.28; stl_pct=0.91; resid_drb_pct_height=0.80,height_inches=-1.49; resid_three_share_height=-0.79; blk_pct=-0.55; tov_pct=-0.02; resid_orb_pct_height=-0.00,resid_drb_pct_height,0.803991950966534
role_residual_context_only_height_025,k8__division_zscore__role_residual_context_only_height_025__method-nnls__init-uniform__ninit-1,8,division_zscore,role_residual_context_only_height_025,nnls,uniform,0.2749070877774018,,13,mins_per_game|eFG|three_share|orb_pct|drb_pct|three_pct|ft_pct,1,369,0.123,192,177,0.4455068245039268,FTR=3.56; height_inches=0.61; tov_pct=0.49; resid_orb_pct_height=0.19; resid_three_pct_shot_mix=-0.06,usg=-1.76; three_pa_per_100_team_poss=-1.40; ast_pct=-1.24; resid_three_share_height=-1.23; resid_drb_pct_height=-0.84,resid_drb_pct_height,-0.8447386887348597
role_residual_context_only_height_025,k8__division_zscore__role_residual_context_only_height_025__method-nnls__init-uniform__ninit-1,8,division_zscore,role_residual_context_only_height_025,nnls,uniform,0.2749070877774018,,13,mins_per_game|eFG|three_share|orb_pct|drb_pct|three_pct|ft_pct,2,826,0.2753333333333333,443,383,0.4518674160266331,three_pa_per_100_team_poss=2.48; resid_three_share_height=2.28; usg=0.63; height_inches=0.30; resid_three_pct_shot_mix=0.14,tov_pct=-1.52; stl_pct=-1.42; ast_tov=-1.34; FTR=-1.26; ast_pct=-1.25,resid_drb_pct_height,-1.0020093969750463
role_residual_context_only_height_025,k8__division_zscore__role_residual_context_only_height_025__method-nnls__init-uniform__ninit-1,8,division_zscore,role_residual_context_only_height_025,nnls,uniform,0.2749070877774018,,13,mins_per_game|eFG|three_share|orb_pct|drb_pct|three_pct|ft_pct,3,411,0.137,217,194,0.4364216184893016,stl_pct=3.46; usg=1.79; ast_pct=1.61; resid_drb_pct_height=0.57; FTR=0.56,height_inches=-1.31; resid_three_share_height=-0.79; blk_pct=-0.46; resid_three_pct_shot_mix=-0.42; ast_tov=-0.14,resid_drb_pct_height,0.5677062369116544
role_residual_context_only_height_025,k8__division_zscore__role_residual_context_only_height_025__method-nnls__init-uniform__ninit-1,8,division_zscore,role_residual_context_only_height_025,nnls,uniform,0.2749070877774018,,13,mins_per_game|eFG|three_share|orb_pct|drb_pct|three_pct|ft_pct,4,200,0.0666666666666666,122,78,0.4515182295428119,blk_pct=4.04; height_inches=1.95; tov_pct=0.70; FTR=0.18; resid_three_pct_shot_mix=-0.65,usg=-1.71; ast_pct=-1.37; three_pa_per_100_team_poss=-1.37; ast_tov=-1.18; resid_drb_pct_height=-1.10,resid_drb_pct_height,-1.095097995065048
role_residual_context_only_height_025,k8__division_zscore__role_residual_context_only_height_025__method-nnls__init-uniform__ninit-1,8,division_zscore,role_residual_context_only_height_025,nnls,uniform,0.2749070877774018,,13,mins_per_game|eFG|three_share|orb_pct|drb_pct|three_pct|ft_pct,5,239,0.0796666666666666,116,123,0.3974143304854777,tov_pct=3.94; resid_drb_pct_height=0.44; stl_pct=0.30; resid_orb_pct_height=0.25; ast_tov=-0.16,usg=-2.13; FTR=-1.95; resid_three_share_height=-1.84; three_pa_per_100_team_poss=-1.47; ast_pct=-0.97,resid_drb_pct_height,0.4416729382156399
role_residual_context_only_height_025,k8__division_zscore__role_residual_context_only_height_025__method-nnls__init-uniform__ninit-1,8,division_zscore,role_residual_context_only_height_025,nnls,uniform,0.2749070877774018,,13,mins_per_game|eFG|three_share|orb_pct|drb_pct|three_pct|ft_pct,6,254,0.0846666666666666,139,115,0.4234989536962169,ast_tov=3.58; resid_three_share_height=2.18; three_pa_per_100_team_poss=1.17; stl_pct=0.80; resid_three_pct_shot_mix=-0.02,tov_pct=-2.33; usg=-1.84; FTR=-1.80; resid_drb_pct_height=-1.22; blk_pct=-0.83,resid_drb_pct_height,-1.218268647803091
role_residual_context_only_height_025,k8__division_zscore__role_residual_context_only_height_025__method-nnls__init-uniform__ninit-1,8,division_zscore,role_residual_context_only_height_025,nnls,uniform,0.2749070877774018,,13,mins_per_game|eFG|three_share|orb_pct|drb_pct|three_pct|ft_pct,7,400,0.1333333333333333,231,169,0.4460526475604965,ast_pct=3.00; ast_tov=2.25; usg=1.24; three_pa_per_100_team_poss=0.39; resid_three_pct_shot_mix=0.38,height_inches=-1.59; blk_pct=-0.55; stl_pct=-0.50; resid_three_share_height=-0.28; resid_orb_pct_height=-0.26,resid_drb_pct_height,-0.2123636300547427
role_residual_context_only_height_025,k8__division_zscore__role_residual_context_only_height_025__method-nnls__init-uniform__ninit-1,8,division_zscore,role_residual_context_only_height_025,nnls,uniform,0.2749070877774018,,13,mins_per_game|eFG|three_share|orb_pct|drb_pct|three_pct|ft_pct,8,301,0.1003333333333333,168,133,0.3918733651915209,resid_orb_pct_height=3.19; resid_drb_pct_height=2.92; usg=2.45; blk_pct=2.39; height_inches=2.27,resid_three_share_height=-1.73; stl_pct=-1.49; three_pa_per_100_team_poss=-1.45; ast_tov=-0.74; tov_pct=-0.64,resid_drb_pct_height,2.9243782596368213
role_residual_height_025,k6__division_zscore__role_residual_height_025__method-nnls__init-uniform__ninit-1,6,division_zscore,role_residual_height_025,nnls,uniform,0.3614062219411871,,16,mins_per_game|eFG|three_pct|ft_pct,1,346,0.1153333333333333,187,159,0.4563014892775585,ast_tov=3.59; three_share=2.09; resid_three_share_height=2.03; three_pa_per_100_team_poss=1.16; stl_pct=0.41,tov_pct=-1.95; usg=-1.67; FTR=-1.62; drb_pct=-1.31; orb_pct=-1.00,resid_drb_pct_height,-0.8788463811157089
role_residual_height_025,k6__division_zscore__role_residual_height_025__method-nnls__init-uniform__ninit-1,6,division_zscore,role_residual_height_025,nnls,uniform,0.3614062219411871,,16,mins_per_game|eFG|three_pct|ft_pct,2,325,0.1083333333333333,172,153,0.4763525499436981,FTR=3.50; height_inches=0.63; orb_pct=0.34; tov_pct=0.31; blk_pct=-0.07,resid_drb_pct_height=-1.53; usg=-1.52; three_pa_per_100_team_poss=-1.35; three_share=-1.33; ast_pct=-1.28,resid_drb_pct_height,-1.532575611890093
role_residual_height_025,k6__division_zscore__role_residual_height_025__method-nnls__init-uniform__ninit-1,6,division_zscore,role_residual_height_025,nnls,uniform,0.3614062219411871,,16,mins_per_game|eFG|three_pct|ft_pct,3,821,0.2736666666666666,447,374,0.5104963785444115,ast_pct=2.72; usg=1.90; stl_pct=1.70; resid_drb_pct_height=0.82; ast_tov=0.76,height_inches=-1.52; resid_three_share_height=-0.94; orb_pct=-0.67; blk_pct=-0.65; three_share=-0.47,resid_drb_pct_height,0.8235156917719347
role_residual_height_025,k6__division_zscore__role_residual_height_025__method-nnls__init-uniform__ninit-1,6,division_zscore,role_residual_height_025,nnls,uniform,0.3614062219411871,,16,mins_per_game|eFG|three_pct|ft_pct,4,202,0.0673333333333333,109,93,0.4342773851104638,tov_pct=3.89; blk_pct=0.29; stl_pct=0.01; resid_drb_pct_height=-0.32; resid_three_pct_shot_mix=-0.40,usg=-2.04; FTR=-1.88; resid_three_share_height=-1.45; three_pa_per_100_team_poss=-1.33; three_share=-1.24,resid_drb_pct_height,-0.3232587362450609
role_residual_height_025,k6__division_zscore__role_residual_height_025__method-nnls__init-uniform__ninit-1,6,division_zscore,role_residual_height_025,nnls,uniform,0.3614062219411871,,16,mins_per_game|eFG|three_pct|ft_pct,5,699,0.233,373,326,0.4666287550621113,three_pa_per_100_team_poss=2.48; resid_three_share_height=2.32; three_share=2.07; usg=0.50; height_inches=0.49,tov_pct=-1.55; resid_orb_pct_height=-1.51; ast_tov=-1.45; ast_pct=-1.37; FTR=-1.29,resid_drb_pct_height,-0.8915074546903881
role_residual_height_025,k6__division_zscore__role_residual_height_025__method-nnls__init-uniform__ninit-1,6,division_zscore,role_residual_height_025,nnls,uniform,0.3614062219411871,,16,mins_per_game|eFG|three_pct|ft_pct,6,607,0.2023333333333333,340,267,0.4753486052151414,blk_pct=3.01; drb_pct=2.72; orb_pct=2.66; resid_drb_pct_height=2.59; resid_orb_pct_height=2.49,three_share=-1.56; three_pa_per_100_team_poss=-1.45; ast_tov=-1.09; resid_three_share_height=-1.05; ast_pct=-0.81,resid_drb_pct_height,2.59461164083184
role_residual_height_025,k7__division_zscore__role_residual_height_025__method-nnls__init-furthest_first__ninit-1,7,division_zscore,role_residual_height_025,nnls,furthest_first,0.3288383772877349,,16,mins_per_game|eFG|three_pct|ft_pct,1,305,0.1016666666666666,160,145,0.4493886514647095,ast_tov=3.61; three_share=2.18; resid_three_share_height=2.15; three_pa_per_100_team_poss=1.11; stl_pct=0.39,tov_pct=-2.10; usg=-1.78; FTR=-1.70; drb_pct=-1.24; orb_pct=-1.02,resid_drb_pct_height,-0.9491792557648334
role_residual_height_025,k7__division_zscore__role_residual_height_025__method-nnls__init-furthest_first__ninit-1,7,division_zscore,role_residual_height_025,nnls,furthest_first,0.3288383772877349,,16,mins_per_game|eFG|three_pct|ft_pct,2,530,0.1766666666666666,301,229,0.4663893131361202,drb_pct=2.73; blk_pct=2.64; resid_drb_pct_height=2.63; height_inches=2.16; orb_pct=2.14,three_share=-1.43; three_pa_per_100_team_poss=-1.28; stl_pct=-1.11; ast_tov=-0.98; resid_three_share_height=-0.82,resid_drb_pct_height,2.627605315264383
role_residual_height_025,k7__division_zscore__role_residual_height_025__method-nnls__init-furthest_first__ninit-1,7,division_zscore,role_residual_height_025,nnls,furthest_first,0.3288383772877349,,16,mins_per_game|eFG|three_pct|ft_pct,3,195,0.065,103,92,0.4231394793794408,tov_pct=3.87; blk_pct=0.32; stl_pct=-0.04; resid_three_pct_shot_mix=-0.29; resid_drb_pct_height=-0.31,usg=-2.06; FTR=-1.86; resid_three_share_height=-1.42; three_pa_per_100_team_poss=-1.30; three_share=-1.17,resid_drb_pct_height,-0.3081429642937151
role_residual_height_025,k7__division_zscore__role_residual_height_025__method-nnls__init-furthest_first__ninit-1,7,division_zscore,role_residual_height_025,nnls,furthest_first,0.3288383772877349,,16,mins_per_game|eFG|three_pct|ft_pct,4,251,0.0836666666666666,136,115,0.4570718812515644,FTR=3.54; height_inches=0.89; tov_pct=0.63; blk_pct=0.42; orb_pct=0.29,usg=-2.05; resid_drb_pct_height=-1.83; stl_pct=-1.56; three_share=-1.39; three_pa_per_100_team_poss=-1.38,resid_drb_pct_height,-1.8332241839359529
role_residual_height_025,k7__division_zscore__role_residual_height_025__method-nnls__init-furthest_first__ninit-1,7,division_zscore,role_residual_height_025,nnls,furthest_first,0.3288383772877349,,16,mins_per_game|eFG|three_pct|ft_pct,5,722,0.2406666666666666,390,332,0.4585019932877403,three_pa_per_100_team_poss=2.47; resid_three_share_height=2.31; three_share=2.10; usg=0.41; height_inches=0.35,tov_pct=-1.55; ast_tov=-1.45; FTR=-1.40; ast_pct=-1.39; resid_orb_pct_height=-1.38,resid_drb_pct_height,-0.880797986810691
role_residual_height_025,k7__division_zscore__role_residual_height_025__method-nnls__init-furthest_first__ninit-1,7,division_zscore,role_residual_height_025,nnls,furthest_first,0.3288383772877349,,16,mins_per_game|eFG|three_pct|ft_pct,6,812,0.2706666666666666,438,374,0.5056403990298297,ast_pct=2.87; usg=1.89; stl_pct=1.17; ast_tov=0.99; FTR=0.64,height_inches=-1.61; orb_pct=-0.88; resid_three_share_height=-0.79; blk_pct=-0.67; three_share=-0.33,resid_drb_pct_height,0.6181494538011663
role_residual_height_025,k7__division_zscore__role_residual_height_025__method-nnls__init-furthest_first__ninit-1,7,division_zscore,role_residual_height_025,nnls,furthest_first,0.3288383772877349,,16,mins_per_game|eFG|three_pct|ft_pct,7,185,0.0616666666666666,100,85,0.4014136376762342,stl_pct=3.24; resid_orb_pct_height=3.16; orb_pct=2.92; resid_drb_pct_height=1.41; drb_pct=1.35,resid_three_share_height=-1.77; three_share=-1.53; ast_tov=-1.46; three_pa_per_100_team_poss=-1.43; ast_pct=-1.27,resid_drb_pct_height,1.4096117638312429
role_residual_height_025,k8__division_zscore__role_residual_height_025__method-nnls__init-aa_plus_plus__ninit-1,8,division_zscore,role_residual_height_025,nnls,aa_plus_plus,0.3039979597431767,,16,mins_per_game|eFG|three_pct|ft_pct,1,243,0.081,131,112,0.398288912455824,resid_drb_pct_height=2.56; drb_pct=2.49; resid_three_share_height=1.61; height_inches=1.06; three_pa_per_100_team_poss=0.97,resid_orb_pct_height=-1.78; ast_tov=-0.71; orb_pct=-0.67; ast_pct=-0.26; stl_pct=-0.22,resid_drb_pct_height,2.560191374738058
role_residual_height_025,k8__division_zscore__role_residual_height_025__method-nnls__init-aa_plus_plus__ninit-1,8,division_zscore,role_residual_height_025,nnls,aa_plus_plus,0.3039979597431767,,16,mins_per_game|eFG|three_pct|ft_pct,2,295,0.0983333333333333,158,137,0.4599621102965566,FTR=3.54; tov_pct=0.75; height_inches=0.45; orb_pct=0.16; blk_pct=-0.22,usg=-1.66; three_pa_per_100_team_poss=-1.36; resid_drb_pct_height=-1.28; three_share=-1.26; ast_pct=-1.21,resid_drb_pct_height,-1.2828174550739708
role_residual_height_025,k8__division_zscore__role_residual_height_025__method-nnls__init-aa_plus_plus__ninit-1,8,division_zscore,role_residual_height_025,nnls,aa_plus_plus,0.3039979597431767,,16,mins_per_game|eFG|three_pct|ft_pct,3,537,0.179,285,252,0.4379180038970349,three_pa_per_100_team_poss=2.47; resid_three_share_height=2.22; three_share=2.18; usg=0.29; resid_three_pct_shot_mix=0.09,FTR=-1.74; tov_pct=-1.73; stl_pct=-1.63; ast_pct=-1.36; ast_tov=-1.30,resid_drb_pct_height,-1.21651038603202
role_residual_height_025,k8__division_zscore__role_residual_height_025__method-nnls__init-aa_plus_plus__ninit-1,8,division_zscore,role_residual_height_025,nnls,aa_plus_plus,0.3039979597431767,,16,mins_per_game|eFG|three_pct|ft_pct,4,503,0.1676666666666666,278,225,0.4600777148688272,resid_orb_pct_height=3.18; orb_pct=2.92; drb_pct=2.17; resid_drb_pct_height=2.15; blk_pct=1.62,three_share=-1.53; resid_three_share_height=-1.48; three_pa_per_100_team_poss=-1.43; ast_tov=-0.96; ast_pct=-0.60,resid_drb_pct_height,2.146927687736147
role_residual_height_025,k8__division_zscore__role_residual_height_025__method-nnls__init-aa_plus_plus__ninit-1,8,division_zscore,role_residual_height_025,nnls,aa_plus_plus,0.3039979597431767,,16,mins_per_game|eFG|three_pct|ft_pct,5,278,0.0926666666666666,153,125,0.4311668931739094,ast_tov=3.61; resid_three_share_height=2.25; three_share=2.22; three_pa_per_100_team_poss=1.23; stl_pct=0.69,tov_pct=-2.31; usg=-1.81; FTR=-1.73; drb_pct=-1.38; resid_drb_pct_height=-1.20,resid_drb_pct_height,-1.1988872611126982
role_residual_height_025,k8__division_zscore__role_residual_height_025__method-nnls__init-aa_plus_plus__ninit-1,8,division_zscore,role_residual_height_025,nnls,aa_plus_plus,0.3039979597431767,,16,mins_per_game|eFG|three_pct|ft_pct,6,774,0.258,423,351,0.4992093939194048,ast_pct=2.73; usg=1.98; stl_pct=1.46; ast_tov=1.02; FTR=0.53,height_inches=-1.46; resid_three_share_height=-0.88; orb_pct=-0.83; blk_pct=-0.56; drb_pct=-0.51,resid_drb_pct_height,0.3100633453622245
role_residual_height_025,k8__division_zscore__role_residual_height_025__method-nnls__init-aa_plus_plus__ninit-1,8,division_zscore,role_residual_height_025,nnls,aa_plus_plus,0.3039979597431767,,16,mins_per_game|eFG|three_pct|ft_pct,7,197,0.0656666666666666,98,99,0.4209347235024275,tov_pct=3.83; resid_drb_pct_height=0.45; resid_orb_pct_height=0.08; stl_pct=0.07; ast_tov=-0.11,usg=-2.02; FTR=-1.81; three_pa_per_100_team_poss=-1.21; resid_three_share_height=-1.21; three_share=-0.95,resid_drb_pct_height,0.4515415854472246
role_residual_height_025,k8__division_zscore__role_residual_height_025__method-nnls__init-aa_plus_plus__ninit-1,8,division_zscore,role_residual_height_025,nnls,aa_plus_plus,0.3039979597431767,,16,mins_per_game|eFG|three_pct|ft_pct,8,173,0.0576666666666666,102,71,0.4347385314200787,blk_pct=4.01; height_inches=1.98; tov_pct=0.82; orb_pct=0.68; drb_pct=0.23,stl_pct=-1.61; three_share=-1.55; three_pa_per_100_team_poss=-1.45; ast_tov=-1.38; usg=-1.31,resid_drb_pct_height,-1.0990734526154915
