target,regime,model,split,bucket,n,pred_min,pred_max,pred_mean,actual_mean,actual_median,bias_actual_minus_pred
rapm,no_minutes,mean,season_holdout_2025_26,1,17,-0.9322233009708738,-0.9322233009708738,-0.9322233009708738,-1.8670882352941176,-1.9366,-0.9348649343232438
rapm,no_minutes,mean,season_holdout_2025_26,2,16,-0.9322233009708738,-0.9322233009708738,-0.9322233009708738,-1.15988125,-1.11165,-0.22765794902912626
rapm,no_minutes,mean,season_holdout_2025_26,3,16,-0.9322233009708738,-0.9322233009708738,-0.9322233009708738,-1.9519375,-1.2818,-1.0197141990291265
rapm,no_minutes,mean,season_holdout_2025_26,4,16,-0.9322233009708738,-0.9322233009708738,-0.9322233009708738,-0.97895,-1.0061499999999999,-0.046726699029126184
rapm,no_minutes,mean,season_holdout_2025_26,5,17,-0.9322233009708738,-0.9322233009708738,-0.9322233009708738,-0.8904588235294117,-0.5549999999999999,0.041764477441462
rapm,no_minutes,mean,season_holdout_2025_26,6,16,-0.9322233009708738,-0.9322233009708738,-0.9322233009708738,-1.21095625,-1.02345,-0.2787329490291264
rapm,no_minutes,mean,season_holdout_2025_26,7,16,-0.9322233009708738,-0.9322233009708738,-0.9322233009708738,-0.8199750000000001,-0.5120499999999999,0.11224830097087372
rapm,no_minutes,mean,season_holdout_2025_26,8,16,-0.9322233009708738,-0.9322233009708738,-0.9322233009708738,-0.4182124999999998,-0.29335,0.5140108009708737
rapm,no_minutes,mean,season_holdout_2025_26,9,16,-0.9322233009708738,-0.9322233009708738,-0.9322233009708738,-2.26744375,-2.8295000000000003,-1.3352204490291264
rapm,no_minutes,mean,season_holdout_2025_26,10,17,-0.9322233009708738,-0.9322233009708738,-0.9322233009708738,-0.5115235294117647,-0.1426,0.42069977155910887
rapm,no_minutes,ridge,season_holdout_2025_26,1,17,-3.010460231255498,-1.9629867550400957,-2.2568372391364813,-2.396647058823529,-2.8294,-0.13980981968704806
rapm,no_minutes,ridge,season_holdout_2025_26,2,16,-1.8599091452555174,-1.597752872498654,-1.7162196880786038,-2.1453625,-2.42815,-0.42914281192139614
rapm,no_minutes,ridge,season_holdout_2025_26,3,16,-1.5896610973679257,-1.4097977748146828,-1.5033876713926493,-1.34688125,-1.0307499999999998,0.15650642139264953
rapm,no_minutes,ridge,season_holdout_2025_26,4,16,-1.3858097362297161,-1.170749857658246,-1.2663330538461517,-2.01064375,-2.0941,-0.7443106961538483
rapm,no_minutes,ridge,season_holdout_2025_26,5,17,-1.1641475282668639,-0.9383992400209897,-1.08047398301699,-1.7270529411764706,-2.3268,-0.6465789581594805
rapm,no_minutes,ridge,season_holdout_2025_26,6,16,-0.9165068635069158,-0.6170980820135674,-0.7623967407893558,-1.5666062500000002,-0.7784500000000001,-0.8042095092106442
rapm,no_minutes,ridge,season_holdout_2025_26,7,16,-0.6077103443872136,-0.36483586917480415,-0.4972942136978541,-1.423475,-0.8158999999999998,-0.926180786302146
rapm,no_minutes,ridge,season_holdout_2025_26,8,16,-0.3583720035316107,0.044906108915623744,-0.16203907295759482,-0.7497499999999999,-0.2728499999999999,-0.5877109270424051
rapm,no_minutes,ridge,season_holdout_2025_26,9,16,0.05286143936254861,0.9481934706433561,0.47179828550561353,-0.12562499999999996,-0.16665,-0.5974232855056136
rapm,no_minutes,ridge,season_holdout_2025_26,10,17,1.1927369691911744,5.820770717334051,2.2983933138116655,1.3826176470588236,1.1831,-0.9157756667528422
rapm,no_minutes,elasticnet,season_holdout_2025_26,1,17,-3.087608605710238,-1.9060717615607323,-2.2387786105900456,-2.2967294117647055,-2.8276,-0.057950801174660206
rapm,no_minutes,elasticnet,season_holdout_2025_26,2,16,-1.8768471385573389,-1.580862390797248,-1.7157737726614928,-1.85171875,-2.42815,-0.1359449773385072
rapm,no_minutes,elasticnet,season_holdout_2025_26,3,16,-1.5805394967074518,-1.3950799490684789,-1.4956360065283105,-1.73206875,-1.09565,-0.23643274347168963
rapm,no_minutes,elasticnet,season_holdout_2025_26,4,16,-1.3786667907475596,-1.194871432824483,-1.2778987066916172,-2.19194375,-2.96115,-0.9140450433083828
rapm,no_minutes,elasticnet,season_holdout_2025_26,5,17,-1.1776289944675735,-1.0014350108886203,-1.0795520289183933,-1.577594117647059,-1.5754,-0.4980420887286655
rapm,no_minutes,elasticnet,season_holdout_2025_26,6,16,-0.9588207433557052,-0.647428243044798,-0.779940379442693,-1.8732125,-1.34185,-1.0932721205573068
rapm,no_minutes,elasticnet,season_holdout_2025_26,7,16,-0.610447623354928,-0.3817400969737943,-0.48716364798345624,-1.06575,-0.3389499999999999,-0.5785863520165437
rapm,no_minutes,elasticnet,season_holdout_2025_26,8,16,-0.35834182661803804,0.02014229293751249,-0.15593883011015036,-0.7929875,-0.4813999999999999,-0.6370486698898497
rapm,no_minutes,elasticnet,season_holdout_2025_26,9,16,0.122682758436927,0.8877961144965425,0.4465600436301835,-0.12562499999999996,-0.16665,-0.5721850436301834
rapm,no_minutes,elasticnet,season_holdout_2025_26,10,17,1.0889977683069858,5.83169424367412,2.3254967578249435,1.3826176470588236,1.1831,-0.9428791107661202
rapm,no_minutes,random_forest,season_holdout_2025_26,1,17,-2.5248889145787414,-1.8933327094634533,-2.090753936812654,-1.5825764705882353,-1.0156999999999998,0.5081774662244184
rapm,no_minutes,random_forest,season_holdout_2025_26,2,16,-1.8921298294082352,-1.6056966418442655,-1.7548043480247164,-1.4708375000000002,-1.9432999999999998,0.2839668480247163
rapm,no_minutes,random_forest,season_holdout_2025_26,3,16,-1.5910482373282966,-1.4517181524774434,-1.5208653133103658,-2.5693625,-2.8993,-1.0484971866896344
rapm,no_minutes,random_forest,season_holdout_2025_26,4,16,-1.424680759982603,-1.2575086955075292,-1.3257438848586194,-1.75295,-1.3149000000000002,-0.4272061151413805
rapm,no_minutes,random_forest,season_holdout_2025_26,5,17,-1.2279746896418537,-1.0610792548366055,-1.1302810444028377,-1.7960764705882353,-1.5754,-0.6657954261853976
rapm,no_minutes,random_forest,season_holdout_2025_26,6,16,-1.0370468596691504,-0.8353613795341505,-0.9470180361128506,-0.909475,-0.7282000000000001,0.037543036112850786
rapm,no_minutes,random_forest,season_holdout_2025_26,7,16,-0.8140364296866938,-0.6350954203424027,-0.7245540258911374,-2.4028687499999997,-1.7808,-1.6783147241088625
rapm,no_minutes,random_forest,season_holdout_2025_26,8,16,-0.6047508052414701,-0.23712462528409098,-0.4525611523350999,-0.7063312500000001,-0.32795,-0.25377009766490005
rapm,no_minutes,random_forest,season_holdout_2025_26,9,16,-0.2261683863730019,0.3977441366230995,0.07782778848812531,-0.21694375000000005,-0.52085,-0.2947715384881254
rapm,no_minutes,random_forest,season_holdout_2025_26,10,17,0.5735120112607162,3.142594854876904,1.4471558155878756,1.2591470588235292,1.5322,-0.1880087567643466
rapm,no_minutes,extra_trees,season_holdout_2025_26,1,17,-2.749931483928572,-1.9090711095238095,-2.1623429973389356,-1.1625705882352941,-1.0156999999999998,0.9997724091036408
rapm,no_minutes,extra_trees,season_holdout_2025_26,2,16,-1.8732800791666664,-1.6474956910714282,-1.768251580226934,-1.5012125,-1.00955,0.2670390802269341
rapm,no_minutes,extra_trees,season_holdout_2025_26,3,16,-1.6368949803571438,-1.4471476749999996,-1.5204386980282736,-2.6200124999999996,-3.3338,-1.0995738019717263
rapm,no_minutes,extra_trees,season_holdout_2025_26,4,16,-1.4432345636904755,-1.283140877976191,-1.3633874794084822,-1.81679375,-2.0659,-0.453406270591518
rapm,no_minutes,extra_trees,season_holdout_2025_26,5,17,-1.2703719940476181,-1.1220345595238097,-1.206120931057423,-2.0265294117647055,-1.8734,-0.8204084807072828
rapm,no_minutes,extra_trees,season_holdout_2025_26,6,16,-1.1170749904761903,-0.9443473208333334,-1.0335661374255953,-1.85383125,-0.9631000000000001,-0.8202651125744047
rapm,no_minutes,extra_trees,season_holdout_2025_26,7,16,-0.9394885636904767,-0.7129840077380949,-0.8465488861607142,-1.43009375,-1.2062,-0.5835448638392857
rapm,no_minutes,extra_trees,season_holdout_2025_26,8,16,-0.712227300297619,-0.303669694047619,-0.5201457356026785,-1.1633,-0.79945,-0.6431542643973216
rapm,no_minutes,extra_trees,season_holdout_2025_26,9,16,-0.25977810535714285,0.3447918565476188,-0.012009522749255989,-0.51409375,-0.46325,-0.5020842272507442
rapm,no_minutes,extra_trees,season_holdout_2025_26,10,17,0.3823264130952382,4.536190775000003,2.4201408261204485,1.8889529411764707,1.6744,-0.531187884943978
rapm,no_minutes,gradient_boosting,season_holdout_2025_26,1,17,-3.638453169680791,-2.240686905113147,-2.744164939106815,-1.4851823529411765,-0.8238,1.2589825861656387
rapm,no_minutes,gradient_boosting,season_holdout_2025_26,2,16,-2.213373567150209,-1.8760836460781622,-2.080669301649775,-2.15440625,-2.09285,-0.07373694835022493
rapm,no_minutes,gradient_boosting,season_holdout_2025_26,3,16,-1.8653572912149892,-1.6008763590113992,-1.6979143162587889,-0.64246875,-0.98515,1.0554455662587887
rapm,no_minutes,gradient_boosting,season_holdout_2025_26,4,16,-1.5975781970989509,-1.3855685931635178,-1.5008315299150037,-2.4674625,-2.70195,-0.9666309700849963
rapm,no_minutes,gradient_boosting,season_holdout_2025_26,5,17,-1.3769235422949004,-1.1429530720255476,-1.2445554461502226,-2.6171235294117645,-2.9276,-1.3725680832615423
rapm,no_minutes,gradient_boosting,season_holdout_2025_26,6,16,-1.1418769045257935,-0.8312806009921333,-0.9757942640793642,-0.8316375,-0.39479999999999993,0.14415676407936412
rapm,no_minutes,gradient_boosting,season_holdout_2025_26,7,16,-0.8273228367665655,-0.4805538490373304,-0.6416856442793917,-1.09795,-1.09855,-0.4562643557206083
rapm,no_minutes,gradient_boosting,season_holdout_2025_26,8,16,-0.47175638233533207,0.2316120366002629,-0.1564002211759711,-1.5998875,-1.1335,-1.4434872788240287
rapm,no_minutes,gradient_boosting,season_holdout_2025_26,9,16,0.3242311356990735,0.9919839260981256,0.6323776990283514,-0.5213187499999999,0.20639999999999997,-1.1536964490283514
rapm,no_minutes,gradient_boosting,season_holdout_2025_26,10,17,1.0875581760294355,5.24036408874661,2.41270974817136,1.3111411764705883,1.5322,-1.1015685717007717
rapm,no_minutes,hist_gradient_boosting,season_holdout_2025_26,1,17,-3.896551867817973,-2.353641034185965,-2.8598938728525063,-1.8302235294117646,-2.7411,1.0296703434407415
rapm,no_minutes,hist_gradient_boosting,season_holdout_2025_26,2,16,-2.352211381082316,-1.974900483044215,-2.1994519109331896,-0.9716875,-0.9280000000000002,1.2277644109331898
rapm,no_minutes,hist_gradient_boosting,season_holdout_2025_26,3,16,-1.9682961339977612,-1.5355328600276446,-1.6974905578881856,-1.9424375,-1.7634500000000002,-0.24494694211181436
rapm,no_minutes,hist_gradient_boosting,season_holdout_2025_26,4,16,-1.5268982116544652,-1.1800798130316295,-1.315645401591898,-1.302775,-1.0307499999999998,0.012870401591898006
rapm,no_minutes,hist_gradient_boosting,season_holdout_2025_26,5,17,-1.1725100427307302,-0.8676815354886279,-0.9946396193579307,-1.3500588235294118,-1.3581,-0.3554192041714811
rapm,no_minutes,hist_gradient_boosting,season_holdout_2025_26,6,16,-0.8630031830180513,-0.6209904157307949,-0.7252782395479977,-1.36753125,-1.3364,-0.6422530104520023
rapm,no_minutes,hist_gradient_boosting,season_holdout_2025_26,7,16,-0.6164510041970286,-0.31504943866749896,-0.4886979086332622,-1.9201000000000001,-2.9063499999999998,-1.4314020913667376
rapm,no_minutes,hist_gradient_boosting,season_holdout_2025_26,8,16,-0.24476683907910152,0.041018081432414304,-0.13124050927529557,-1.3491187500000001,-1.2568,-1.2178782407247046
rapm,no_minutes,hist_gradient_boosting,season_holdout_2025_26,9,16,0.0872667901364407,0.9747762573394755,0.5258045107002076,-0.28574999999999995,0.32785,-0.8115545107002075
rapm,no_minutes,hist_gradient_boosting,season_holdout_2025_26,10,17,1.0233684843221638,3.413191916418231,1.931476630918293,0.2237235294117646,0.1485,-1.7077531015065281
rapm,no_minutes,knn,season_holdout_2025_26,1,17,-2.7016508680927407,-2.060183687165747,-2.2915483203998708,-1.4537941176470588,-1.0156999999999998,0.8377542027528118
rapm,no_minutes,knn,season_holdout_2025_26,2,16,-2.044218366622447,-1.7411088116644158,-1.8681014185613738,-1.7821312500000002,-1.1271499999999999,0.08597016856137402
rapm,no_minutes,knn,season_holdout_2025_26,3,16,-1.7382799977655885,-1.6251969021453154,-1.6838831335436868,-1.3552312499999997,-2.7135499999999997,0.32865188354368685
rapm,no_minutes,knn,season_holdout_2025_26,4,16,-1.6114134539323517,-1.4581105423083807,-1.5373041757601378,-2.8575875,-3.19175,-1.3202833242398624
rapm,no_minutes,knn,season_holdout_2025_26,5,17,-1.4478191835110439,-1.2325307710522768,-1.3503290023344237,-0.11395294117647058,-0.2648,1.236376061157953
rapm,no_minutes,knn,season_holdout_2025_26,6,16,-1.2219809363607583,-1.0086367847718336,-1.1156199905034205,-1.14749375,-1.72185,-0.03187375949657972
rapm,no_minutes,knn,season_holdout_2025_26,7,16,-1.0029251418651988,-0.7328100902480386,-0.8839204438073678,-1.5757375000000002,-0.9280000000000002,-0.6918170561926323
rapm,no_minutes,knn,season_holdout_2025_26,8,16,-0.702142168859263,-0.3649977996366764,-0.5275708301088989,-1.1057625,-0.96105,-0.578191669891101
rapm,no_minutes,knn,season_holdout_2025_26,9,16,-0.3499343695026301,0.05684948990901331,-0.16542665685507696,-0.9530500000000001,-0.19225,-0.7876233431449231
rapm,no_minutes,knn,season_holdout_2025_26,10,17,0.07084767571954388,1.5385169681684419,0.6118088565432075,0.15245294117647057,0.2643,-0.45935591536673703
rapm,no_minutes,svr_rbf,season_holdout_2025_26,1,17,-3.0389521441618204,-2.1932154886565143,-2.4801202851708486,-1.8108411764705883,-1.9366,0.6692791087002601
rapm,no_minutes,svr_rbf,season_holdout_2025_26,2,16,-2.191337634227656,-1.836490654605575,-2.0159661462665808,-2.09241875,-2.459,-0.07645260373341922
rapm,no_minutes,svr_rbf,season_holdout_2025_26,3,16,-1.8261040538674194,-1.592657948138403,-1.7182895617178575,-1.8409812500000002,-2.3871,-0.12269168828214268
rapm,no_minutes,svr_rbf,season_holdout_2025_26,4,16,-1.5798227130249032,-1.4498071976015305,-1.5309604670038226,-2.5246125,-3.0971,-0.9936520329961772
rapm,no_minutes,svr_rbf,season_holdout_2025_26,5,17,-1.4430518452613108,-1.207067178076781,-1.3389146024987888,-1.091235294117647,-1.2788,0.24767930838114177
rapm,no_minutes,svr_rbf,season_holdout_2025_26,6,16,-1.2040666725994194,-1.063647570587483,-1.1380958790974454,-1.1330500000000001,-0.98705,0.005045879097445277
rapm,no_minutes,svr_rbf,season_holdout_2025_26,7,16,-1.057370786621489,-0.8252182320900039,-0.9408956768799602,-1.15701875,-0.9736,-0.2161230731200398
rapm,no_minutes,svr_rbf,season_holdout_2025_26,8,16,-0.7663959346395759,-0.29988816413634367,-0.5758916184279723,-0.2019625,0.5533,0.3739291184279722
rapm,no_minutes,svr_rbf,season_holdout_2025_26,9,16,-0.28085044840519136,0.4233774281651691,0.06000684972552804,-0.9980687500000001,-0.46325,-1.058075599725528
rapm,no_minutes,svr_rbf,season_holdout_2025_26,10,17,0.46990741242803,3.0107795702704045,1.1128765046681313,0.7066588235294118,0.962,-0.4062176811387194
rapm,with_minutes,mean,season_holdout_2025_26,1,17,-0.9322233009708738,-0.9322233009708738,-0.9322233009708738,-1.8670882352941176,-1.9366,-0.9348649343232438
rapm,with_minutes,mean,season_holdout_2025_26,2,16,-0.9322233009708738,-0.9322233009708738,-0.9322233009708738,-1.15988125,-1.11165,-0.22765794902912626
rapm,with_minutes,mean,season_holdout_2025_26,3,16,-0.9322233009708738,-0.9322233009708738,-0.9322233009708738,-1.9519375,-1.2818,-1.0197141990291265
rapm,with_minutes,mean,season_holdout_2025_26,4,16,-0.9322233009708738,-0.9322233009708738,-0.9322233009708738,-0.97895,-1.0061499999999999,-0.046726699029126184
rapm,with_minutes,mean,season_holdout_2025_26,5,17,-0.9322233009708738,-0.9322233009708738,-0.9322233009708738,-0.8904588235294117,-0.5549999999999999,0.041764477441462
rapm,with_minutes,mean,season_holdout_2025_26,6,16,-0.9322233009708738,-0.9322233009708738,-0.9322233009708738,-1.21095625,-1.02345,-0.2787329490291264
rapm,with_minutes,mean,season_holdout_2025_26,7,16,-0.9322233009708738,-0.9322233009708738,-0.9322233009708738,-0.8199750000000001,-0.5120499999999999,0.11224830097087372
rapm,with_minutes,mean,season_holdout_2025_26,8,16,-0.9322233009708738,-0.9322233009708738,-0.9322233009708738,-0.4182124999999998,-0.29335,0.5140108009708737
rapm,with_minutes,mean,season_holdout_2025_26,9,16,-0.9322233009708738,-0.9322233009708738,-0.9322233009708738,-2.26744375,-2.8295000000000003,-1.3352204490291264
rapm,with_minutes,mean,season_holdout_2025_26,10,17,-0.9322233009708738,-0.9322233009708738,-0.9322233009708738,-0.5115235294117647,-0.1426,0.42069977155910887
rapm,with_minutes,ridge,season_holdout_2025_26,1,17,-3.130012318004841,-2.345776678714266,-2.6651703436198977,-2.552805882352941,-2.9947,0.11236446126695641
rapm,with_minutes,ridge,season_holdout_2025_26,2,16,-2.3435398951324498,-1.87372772821748,-2.1150635434039655,-1.38385625,-1.27525,0.7312072934039656
rapm,with_minutes,ridge,season_holdout_2025_26,3,16,-1.85885473106147,-1.49143961334853,-1.6545125158945555,-2.64516875,-3.0315000000000003,-0.9906562341054448
rapm,with_minutes,ridge,season_holdout_2025_26,4,16,-1.4762999836110835,-1.2274079546156138,-1.3853023988727853,-1.84135625,-2.0941,-0.4560538511272149
rapm,with_minutes,ridge,season_holdout_2025_26,5,17,-1.2067297295385155,-0.9401264559890827,-1.0625051892035393,-1.5643823529411764,-1.5754,-0.5018771637376375
rapm,with_minutes,ridge,season_holdout_2025_26,6,16,-0.9284295239843967,-0.6783402372136569,-0.8140703022411531,-2.7439624999999994,-2.5233499999999998,-1.9298921977588468
rapm,with_minutes,ridge,season_holdout_2025_26,7,16,-0.6777080311859878,-0.3384024882008668,-0.5241008308704477,-0.91825,-0.7784500000000001,-0.39414916912955245
rapm,with_minutes,ridge,season_holdout_2025_26,8,16,-0.33724199098207774,0.09709271730709035,-0.14413748122302758,-0.55818125,-0.17124999999999996,-0.4140437687769724
rapm,with_minutes,ridge,season_holdout_2025_26,9,16,0.12300409670316559,0.6653984772384895,0.379308189545133,0.4195875000000001,1.36455,0.04027931045486699
rapm,with_minutes,ridge,season_holdout_2025_26,10,17,0.7904366678427979,5.692733243821079,2.2171650984090743,1.6611352941176472,1.1831,-0.5560298042914272
rapm,with_minutes,elasticnet,season_holdout_2025_26,1,17,-3.2648898981578496,-2.3473331749929605,-2.6637150271921755,-2.421964705882353,-2.9947,0.24175032130982216
rapm,with_minutes,elasticnet,season_holdout_2025_26,2,16,-2.3083774421794017,-1.948539597660896,-2.1080983132604114,-1.4008687499999999,-1.27525,0.7072295632604113
rapm,with_minutes,elasticnet,season_holdout_2025_26,3,16,-1.9346995634595097,-1.481389507451676,-1.673513249019875,-2.3953437500000003,-1.51275,-0.7218305009801251
rapm,with_minutes,elasticnet,season_holdout_2025_26,4,16,-1.4791221602809603,-1.2617901566195695,-1.3797196256097215,-1.8692250000000001,-2.27205,-0.4895053743902784
rapm,with_minutes,elasticnet,season_holdout_2025_26,5,17,-1.2539747117668736,-0.971080749425743,-1.0852861203866007,-2.4161941176470587,-2.6931000000000003,-1.3309079972604578
rapm,with_minutes,elasticnet,season_holdout_2025_26,6,16,-0.9495684601908185,-0.6383123456928124,-0.8257293898097833,-2.2103687499999998,-1.9153000000000002,-1.3846393601902167
rapm,with_minutes,elasticnet,season_holdout_2025_26,7,16,-0.6350947148057613,-0.35722300970969356,-0.523591427011296,-1.0095375,-0.7784500000000001,-0.48594607298870396
rapm,with_minutes,elasticnet,season_holdout_2025_26,8,16,-0.3250797835145327,0.06660352912234346,-0.1516853492474115,-0.43938124999999995,-0.17124999999999996,-0.28769590075258844
rapm,with_minutes,elasticnet,season_holdout_2025_26,9,16,0.06796847129414796,0.6804597157512262,0.3504055842470731,0.41956875000000005,1.36455,0.06916316575292691
rapm,with_minutes,elasticnet,season_holdout_2025_26,10,17,0.7243339342403086,5.704109738245674,2.2239133708595964,1.6611352941176472,1.1831,-0.5627780767419494
rapm,with_minutes,random_forest,season_holdout_2025_26,1,17,-2.968657037214907,-2.213493118453475,-2.4228053177272946,-2.011182352941176,-2.3268,0.4116229647861182
rapm,with_minutes,random_forest,season_holdout_2025_26,2,16,-2.213158976798896,-2.0156362209908547,-2.104809680918764,-2.4517875,-3.0068,-0.34697781908123604
rapm,with_minutes,random_forest,season_holdout_2025_26,3,16,-2.008709102704975,-1.814745609599429,-1.9046842012107197,-2.02853125,-1.42665,-0.1238470487892803
rapm,with_minutes,random_forest,season_holdout_2025_26,4,16,-1.8109224824356218,-1.663085804840299,-1.728611403779015,-1.98235,-2.459,-0.25373859622098505
rapm,with_minutes,random_forest,season_holdout_2025_26,5,17,-1.6418481050161668,-1.3321747690553054,-1.4794735734807838,-2.0207882352941176,-1.5754,-0.5413146618133338
rapm,with_minutes,random_forest,season_holdout_2025_26,6,16,-1.2855588345949738,-0.9175422178068467,-1.0839628052985795,-0.9110937499999999,-0.9736,0.17286905529857974
rapm,with_minutes,random_forest,season_holdout_2025_26,7,16,-0.9025425128404487,-0.5214441150431474,-0.7397368213864515,-2.2633312500000002,-2.6032,-1.5235944286135485
rapm,with_minutes,random_forest,season_holdout_2025_26,8,16,-0.4918322158417056,-0.11960638532647902,-0.3049354122921412,0.25341249999999993,0.6784,0.5583479122921412
rapm,with_minutes,random_forest,season_holdout_2025_26,9,16,-0.11483306295510042,0.6581501277145649,0.286269207256194,-0.07641874999999992,0.10395,-0.36268795725619396
rapm,with_minutes,random_forest,season_holdout_2025_26,10,17,0.7070855334876524,2.803177102478852,1.4633203482928414,1.3772470588235293,1.5333,-0.08607328946931207
rapm,with_minutes,extra_trees,season_holdout_2025_26,1,17,-2.8293617547619077,-2.136202773809523,-2.3521210511554616,-1.0994058823529411,-1.0156999999999998,1.2527151688025209
rapm,with_minutes,extra_trees,season_holdout_2025_26,2,16,-2.133564634523811,-1.9744561360119044,-2.049302712518601,-3.151,-3.33685,-1.101697287481399
rapm,with_minutes,extra_trees,season_holdout_2025_26,3,16,-1.9576616607142865,-1.734187076190477,-1.8562303827008928,-2.41515625,-1.9066,-0.5589258672991072
rapm,with_minutes,extra_trees,season_holdout_2025_26,4,16,-1.7305083690476184,-1.5162127065476187,-1.6017662582589287,-0.9262625000000001,-0.6136499999999999,0.6755037582589288
rapm,with_minutes,extra_trees,season_holdout_2025_26,5,17,-1.5111795904761922,-1.3434061833333326,-1.4395289142331933,-2.3148117647058823,-1.3022,-0.8752828504726893
rapm,with_minutes,extra_trees,season_holdout_2025_26,6,16,-1.3142168827380956,-1.0140875863095244,-1.17601791640625,-1.8870750000000003,-1.387,-0.71105708359375
rapm,with_minutes,extra_trees,season_holdout_2025_26,7,16,-0.9864860202380938,-0.6288805785714285,-0.8156665663132439,-1.7310124999999998,-2.1334999999999997,-0.9153459336867559
rapm,with_minutes,extra_trees,season_holdout_2025_26,8,16,-0.6232001517857136,-0.19927642261904768,-0.38408812793898794,-1.0544875,-0.4567,-0.6703993720610122
rapm,with_minutes,extra_trees,season_holdout_2025_26,9,16,-0.09371475833333333,0.5339594297619048,0.19297392961309529,0.24758750000000002,0.28864999999999996,0.054613570386904786
rapm,with_minutes,extra_trees,season_holdout_2025_26,10,17,0.5702674285714284,4.392578150000002,2.288827290791316,2.1310764705882357,1.9787,-0.15775082020308104
rapm,with_minutes,gradient_boosting,season_holdout_2025_26,1,17,-3.494841829425809,-2.4349285478645823,-2.8581315558880607,-1.5949764705882352,-1.9366,1.263155085299825
rapm,with_minutes,gradient_boosting,season_holdout_2025_26,2,16,-2.3738986279487597,-2.1279218860936178,-2.2629043132544178,-2.4240562499999996,-2.01045,-0.1611519367455826
rapm,with_minutes,gradient_boosting,season_holdout_2025_26,3,16,-2.1114704399896307,-1.8092570462531778,-1.9548459939688876,-2.56465,-2.8068,-0.6098040060311125
rapm,with_minutes,gradient_boosting,season_holdout_2025_26,4,16,-1.8088414384924745,-1.50101684255137,-1.6695022300290807,-2.4484250000000003,-1.1595,-0.7789227699709192
rapm,with_minutes,gradient_boosting,season_holdout_2025_26,5,17,-1.4667568940045674,-1.271856582751473,-1.3729666505584037,-0.4535058823529413,-0.8316,0.9194607682054626
rapm,with_minutes,gradient_boosting,season_holdout_2025_26,6,16,-1.2696850947788132,-0.9818745652355566,-1.1320429024525722,-1.43496875,-1.3106,-0.3029258475474279
rapm,with_minutes,gradient_boosting,season_holdout_2025_26,7,16,-0.933183373549485,-0.3892123106238465,-0.6767693278670973,-1.23494375,-1.5760999999999998,-0.5581744221329027
rapm,with_minutes,gradient_boosting,season_holdout_2025_26,8,16,-0.3520033389789695,0.14756554786869522,-0.08324972422644807,-0.9453312499999998,0.0868,-0.8620815257735519
rapm,with_minutes,gradient_boosting,season_holdout_2025_26,9,16,0.17508167040028333,1.025338283969807,0.5476723047878427,-0.43724999999999986,0.1508,-0.9849223047878427
rapm,with_minutes,gradient_boosting,season_holdout_2025_26,10,17,1.1211288953052503,9.969770588328705,2.477766987953936,1.3039,1.1831,-1.1738669879539354
rapm,with_minutes,hist_gradient_boosting,season_holdout_2025_26,1,17,-3.8159487963706886,-2.7890645164851913,-3.2478567975705337,-2.1830294117647053,-1.7649,1.064827385805828
rapm,with_minutes,hist_gradient_boosting,season_holdout_2025_26,2,16,-2.7522602953174875,-2.2551110001918695,-2.459484507575033,-2.0361000000000002,-2.4947999999999997,0.4233845075750329
rapm,with_minutes,hist_gradient_boosting,season_holdout_2025_26,3,16,-2.2537151820645662,-1.995689482597338,-2.133659152689347,-1.94456875,-1.42665,0.18909040268934726
rapm,with_minutes,hist_gradient_boosting,season_holdout_2025_26,4,16,-1.954988496183755,-1.5727418847243528,-1.825999355642291,-0.4762875000000001,-0.05999999999999997,1.349711855642291
rapm,with_minutes,hist_gradient_boosting,season_holdout_2025_26,5,17,-1.5504921247997412,-1.1942624674855855,-1.3843232622258066,-2.394,-2.8039,-1.0096767377741935
rapm,with_minutes,hist_gradient_boosting,season_holdout_2025_26,6,16,-1.1767235007063421,-0.8514729971395453,-1.025133008136761,-1.2172937499999998,-1.02345,-0.19216074186323884
rapm,with_minutes,hist_gradient_boosting,season_holdout_2025_26,7,16,-0.8177316469918603,-0.37429412368651427,-0.5388426819727985,-1.2579375,-0.8624499999999999,-0.7190948180272015
rapm,with_minutes,hist_gradient_boosting,season_holdout_2025_26,8,16,-0.3741843758454005,0.18447893910500884,-0.10531263222561543,-1.53426875,-0.70475,-1.4289561177743848
rapm,with_minutes,hist_gradient_boosting,season_holdout_2025_26,9,16,0.20804300624291575,0.8516264508188137,0.5679013129451775,-0.58070625,-0.20909999999999995,-1.1486075629451775
rapm,with_minutes,hist_gradient_boosting,season_holdout_2025_26,10,17,0.8903927221144335,3.030065992321389,1.6656052884979777,1.5336588235294117,1.3996,-0.13194646496856588
rapm,with_minutes,knn,season_holdout_2025_26,1,17,-2.8499552890215893,-2.0347744735484277,-2.2540690421159972,-1.4047,-1.8766,0.8493690421159975
rapm,with_minutes,knn,season_holdout_2025_26,2,16,-2.0229099659590535,-1.8073258222543034,-1.9139584411712014,-2.46965,-3.1216,-0.5556915588287986
rapm,with_minutes,knn,season_holdout_2025_26,3,16,-1.7798550228142507,-1.606366043555926,-1.6890609050450938,-0.6196499999999999,-0.6584999999999999,1.069410905045094
rapm,with_minutes,knn,season_holdout_2025_26,4,16,-1.604510990468122,-1.5150111286806143,-1.5552190764018303,-2.12694375,-1.3301500000000002,-0.5717246735981696
rapm,with_minutes,knn,season_holdout_2025_26,5,17,-1.5117610103928372,-1.3262825264094074,-1.4157005272609051,-1.3879823529411768,-1.2606000000000002,0.027718174319728613
rapm,with_minutes,knn,season_holdout_2025_26,6,16,-1.323941409096425,-1.1152111628818808,-1.2227791614682868,-0.8300437500000001,-0.65705,0.3927354114682867
rapm,with_minutes,knn,season_holdout_2025_26,7,16,-1.109885829637807,-0.7480528707439742,-0.9411911974259671,-2.4554875000000003,-2.3468999999999998,-1.5142963025740328
rapm,with_minutes,knn,season_holdout_2025_26,8,16,-0.7403416092282079,-0.426145330648998,-0.5735679794341944,-1.2195125,-0.7923500000000001,-0.6459445205658056
rapm,with_minutes,knn,season_holdout_2025_26,9,16,-0.412173285989607,0.015463412928111967,-0.21336891724811008,0.19928125,0.36379999999999996,0.4126501672481101
rapm,with_minutes,knn,season_holdout_2025_26,10,17,0.07536982229917555,1.706475954919353,0.5521211681538688,0.19622352941176469,0.2643,-0.35589763874210417
rapm,with_minutes,svr_rbf,season_holdout_2025_26,1,17,-3.214204701286461,-2.507833837941337,-2.7522812159192553,-1.5022588235294114,-1.9366,1.2500223923898435
rapm,with_minutes,svr_rbf,season_holdout_2025_26,2,16,-2.473033400437272,-1.9795260144556384,-2.18571767432003,-3.17545625,-3.0321,-0.9897385756799699
rapm,with_minutes,svr_rbf,season_holdout_2025_26,3,16,-1.9677165999083528,-1.7475646135085703,-1.8655554625244006,-1.7036687499999998,-1.6945999999999999,0.16188671252440057
rapm,with_minutes,svr_rbf,season_holdout_2025_26,4,16,-1.7195978462104458,-1.4101767411078818,-1.5619720994282824,-2.1017875,-2.51325,-0.5398154005717176
rapm,with_minutes,svr_rbf,season_holdout_2025_26,5,17,-1.3871089481923216,-1.1992983622659281,-1.3165244364132258,-1.8489411764705883,-2.3268,-0.5324167400573626
rapm,with_minutes,svr_rbf,season_holdout_2025_26,6,16,-1.1836283508826828,-1.0458857394782104,-1.1156922305732546,-1.14334375,-0.73795,-0.027651519426745375
rapm,with_minutes,svr_rbf,season_holdout_2025_26,7,16,-1.0411418621200297,-0.6918103434783064,-0.8868816333542975,-0.35876875,-0.17124999999999996,0.5281128833542974
rapm,with_minutes,svr_rbf,season_holdout_2025_26,8,16,-0.6730689069887649,-0.2434735503871308,-0.4761297514813755,-1.39299375,-1.414,-0.9168639985186244
rapm,with_minutes,svr_rbf,season_holdout_2025_26,9,16,-0.2313891995482043,0.4068461248070627,0.015069999996353164,0.030562499999999992,0.32785,0.015492500003646825
rapm,with_minutes,svr_rbf,season_holdout_2025_26,10,17,0.4529802530017131,3.6495656305949353,1.1382543950708433,1.059164705882353,0.962,-0.07908968918849026
bpr,no_minutes,mean,season_holdout_2025_26,1,17,0.24116504854368936,0.24116504854368936,0.24116504854368936,-0.8447058823529412,-1.21,-1.0858709308966308
bpr,no_minutes,mean,season_holdout_2025_26,2,16,0.24116504854368936,0.24116504854368936,0.24116504854368936,-0.396875,-0.505,-0.6380400485436895
bpr,no_minutes,mean,season_holdout_2025_26,3,16,0.24116504854368936,0.24116504854368936,0.24116504854368936,-0.41000000000000003,-0.37,-0.6511650485436895
bpr,no_minutes,mean,season_holdout_2025_26,4,16,0.24116504854368936,0.24116504854368936,0.24116504854368936,0.5350000000000001,0.86,0.29383495145631067
bpr,no_minutes,mean,season_holdout_2025_26,5,16,0.24116504854368936,0.24116504854368936,0.24116504854368936,0.74625,0.895,0.5050849514563105
bpr,no_minutes,mean,season_holdout_2025_26,6,16,0.24116504854368936,0.24116504854368936,0.24116504854368936,-0.125,-0.22499999999999998,-0.36616504854368936
bpr,no_minutes,mean,season_holdout_2025_26,7,16,0.24116504854368936,0.24116504854368936,0.24116504854368936,0.45562500000000006,0.8,0.21445995145631067
bpr,no_minutes,mean,season_holdout_2025_26,8,16,0.24116504854368936,0.24116504854368936,0.24116504854368936,0.7474999999999999,0.495,0.5063349514563106
bpr,no_minutes,mean,season_holdout_2025_26,9,16,0.24116504854368936,0.24116504854368936,0.24116504854368936,-0.12562500000000001,-0.55,-0.36679004854368935
bpr,no_minutes,mean,season_holdout_2025_26,10,17,0.24116504854368936,0.24116504854368936,0.24116504854368936,0.05999999999999989,-0.2,-0.18116504854368945
bpr,no_minutes,ridge,season_holdout_2025_26,1,17,-1.7150163944958803,-0.6313917309582334,-0.9253786786337213,-0.9405882352941175,-0.94,-0.015209556660396303
bpr,no_minutes,ridge,season_holdout_2025_26,2,16,-0.6151218750392159,-0.3619596895344753,-0.48991734661547354,-1.070625,-1.4700000000000002,-0.5807076533845266
bpr,no_minutes,ridge,season_holdout_2025_26,3,16,-0.31682971383034875,-0.15407733557808723,-0.25163522263863347,-0.73875,-0.65,-0.4871147773613665
bpr,no_minutes,ridge,season_holdout_2025_26,4,16,-0.14652676578450452,0.051484913093549745,-0.044500856784466566,-0.03687500000000005,-0.18,0.007625856784466589
bpr,no_minutes,ridge,season_holdout_2025_26,5,16,0.07277889018373718,0.2057565640392618,0.13506330987963583,-1.009375,-1.1,-1.1444383098796358
bpr,no_minutes,ridge,season_holdout_2025_26,6,16,0.2374521022408671,0.5335196506252431,0.4021312568598353,-0.161875,-0.14,-0.5640062568598354
bpr,no_minutes,ridge,season_holdout_2025_26,7,16,0.5338676056621531,0.7910394263887198,0.665827731182087,0.95125,1.12,0.2854222688179129
bpr,no_minutes,ridge,season_holdout_2025_26,8,16,0.7913964882586307,1.2647945413456663,0.9980507941037919,0.11875000000000002,-0.019999999999999997,-0.8793007941037919
bpr,no_minutes,ridge,season_holdout_2025_26,9,16,1.2879126782824046,1.7853252327751425,1.5603198372246498,1.325,1.535,-0.23531983722465005
bpr,no_minutes,ridge,season_holdout_2025_26,10,17,1.9090950715949524,5.3629537420014985,2.875383368577248,2.084705882352941,2.42,-0.7906774862243069
bpr,no_minutes,elasticnet,season_holdout_2025_26,1,17,-1.809857554577151,-0.6187853012511837,-0.94374959370246,-0.7799999999999999,-0.77,0.16374959370246
bpr,no_minutes,elasticnet,season_holdout_2025_26,2,16,-0.5999424920017635,-0.35540887988302483,-0.4502292157006347,-1.5318749999999999,-1.74,-1.0816457842993652
bpr,no_minutes,elasticnet,season_holdout_2025_26,3,16,-0.3081181467553491,-0.1357844844860776,-0.2434914526232295,-0.24875,-0.08,-0.005258547376770506
bpr,no_minutes,elasticnet,season_holdout_2025_26,4,16,-0.13210386920086004,0.037828759668561585,-0.03866681013863794,-0.06625000000000009,-0.685,-0.0275831898613621
bpr,no_minutes,elasticnet,season_holdout_2025_26,5,16,0.04292473245661421,0.25092756107094316,0.1517234183845168,-0.9968750000000001,-0.8899999999999999,-1.148598418384517
bpr,no_minutes,elasticnet,season_holdout_2025_26,6,16,0.2690460478870338,0.5117509489465081,0.4147509027613339,-0.15999999999999998,0.01,-0.5747509027613338
bpr,no_minutes,elasticnet,season_holdout_2025_26,7,16,0.5307800765177136,0.8055903269199335,0.6741220404207517,0.56,0.875,-0.11412204042075186
bpr,no_minutes,elasticnet,season_holdout_2025_26,8,16,0.8100660090139324,1.2531939895821422,1.0209345797707066,0.583125,0.915,-0.4378095797707065
bpr,no_minutes,elasticnet,season_holdout_2025_26,9,16,1.285189267849324,1.8677804010287056,1.560255328444841,1.0675,1.39,-0.49275532844484093
bpr,no_minutes,elasticnet,season_holdout_2025_26,10,17,1.8741065466777616,5.460866791515405,2.8583675967449413,2.084705882352941,2.42,-0.7736617143920005
bpr,no_minutes,random_forest,season_holdout_2025_26,1,17,-1.1203907998598632,-0.5672997589583618,-0.7355180224409626,-1.3452941176470588,-1.25,-0.6097760952060962
bpr,no_minutes,random_forest,season_holdout_2025_26,2,16,-0.5566368767160125,-0.35298171176046156,-0.45525965347699865,-0.8956250000000001,-1.2850000000000001,-0.4403653465230014
bpr,no_minutes,random_forest,season_holdout_2025_26,3,16,-0.3503664345376846,-0.19088512161449653,-0.2641252636406475,-0.22687499999999994,-0.08,0.03725026364064743
bpr,no_minutes,random_forest,season_holdout_2025_26,4,16,-0.18800313956468367,-0.04126401254790954,-0.12145379992462495,-1.8693750000000002,-1.71,-1.7479212000753752
bpr,no_minutes,random_forest,season_holdout_2025_26,5,16,-0.02356178554084804,0.20468359146776416,0.06324838754149295,0.32812500000000006,0.39,0.26487661245850713
bpr,no_minutes,random_forest,season_holdout_2025_26,6,16,0.23088283619158628,0.3626299392519246,0.28299356510500967,-0.15687500000000004,-0.34500000000000003,-0.43986856510500977
bpr,no_minutes,random_forest,season_holdout_2025_26,7,16,0.3833965178571429,0.5343762348762346,0.4655771156345332,0.2975,0.86,-0.16807711563453315
bpr,no_minutes,random_forest,season_holdout_2025_26,8,16,0.5617867352867717,0.8356832559107563,0.7113764006620784,0.915625,0.81,0.2042485993379216
bpr,no_minutes,random_forest,season_holdout_2025_26,9,16,0.8379702244691575,1.284734863579405,1.0529968358102815,1.39375,1.135,0.34075316418971857
bpr,no_minutes,random_forest,season_holdout_2025_26,10,17,1.3043155581550807,3.1555555718464525,2.003928858616639,2.1047058823529414,2.24,0.10077702373630243
bpr,no_minutes,extra_trees,season_holdout_2025_26,1,17,-1.2266920833333348,-0.5339739880952383,-0.7741491911764706,-1.1111764705882352,-1.25,-0.33702727941176464
bpr,no_minutes,extra_trees,season_holdout_2025_26,2,16,-0.5339555952380954,-0.40614443452380933,-0.4689902436755953,-0.8200000000000001,-1.035,-0.3510097563244047
bpr,no_minutes,extra_trees,season_holdout_2025_26,3,16,-0.3802000000000001,-0.24535583333333327,-0.30867893043154765,-1.5750000000000002,-1.635,-1.2663210695684524
bpr,no_minutes,extra_trees,season_holdout_2025_26,4,16,-0.24105714285714272,-0.05977642857142858,-0.1501416610863095,-0.16500000000000004,-0.355,-0.01485833891369076
bpr,no_minutes,extra_trees,season_holdout_2025_26,5,16,-0.04252523809523805,0.08596172619047619,0.009564609375000014,0.04749999999999996,-0.039999999999999994,0.03793539062500001
bpr,no_minutes,extra_trees,season_holdout_2025_26,6,16,0.1087948214285714,0.33004407738095226,0.21002647507440475,0.17250000000000001,0.835,-0.037526475074404764
bpr,no_minutes,extra_trees,season_holdout_2025_26,7,16,0.3349795238095236,0.5695042261904764,0.4368161272321428,-0.708125,-0.885,-1.1449411272321428
bpr,no_minutes,extra_trees,season_holdout_2025_26,8,16,0.6023604166666666,0.8806151190476192,0.761392857142857,0.8800000000000001,0.94,0.1186071428571431
bpr,no_minutes,extra_trees,season_holdout_2025_26,9,16,0.8906327976190477,1.6415759523809532,1.1832954092261905,1.34125,1.3199999999999998,0.1579545907738097
bpr,no_minutes,extra_trees,season_holdout_2025_26,10,17,1.773532380952383,3.59911357142858,2.7587079096638667,2.447647058823529,2.66,-0.31106085084033763
bpr,no_minutes,gradient_boosting,season_holdout_2025_26,1,17,-1.5579038172475503,-0.8244221681104383,-1.0531798694114283,-1.6876470588235295,-1.8,-0.6344671894121011
bpr,no_minutes,gradient_boosting,season_holdout_2025_26,2,16,-0.8091770514985611,-0.4879313286166462,-0.6484771110564843,-0.585,-0.6499999999999999,0.06347711105648436
bpr,no_minutes,gradient_boosting,season_holdout_2025_26,3,16,-0.48709380069997377,-0.317955063879479,-0.39452881956777713,-0.7143750000000001,-1.335,-0.31984618043222296
bpr,no_minutes,gradient_boosting,season_holdout_2025_26,4,16,-0.3076802806918261,-0.1356880172556485,-0.24193644151947075,-0.7650000000000001,-0.6799999999999999,-0.5230635584805293
bpr,no_minutes,gradient_boosting,season_holdout_2025_26,5,16,-0.11747771854654453,0.09161876752334128,-0.017680242809818256,-0.49249999999999994,-0.35,-0.47481975719018166
bpr,no_minutes,gradient_boosting,season_holdout_2025_26,6,16,0.10763671911356748,0.3651899720553426,0.258195489662221,-0.07750000000000004,-0.615,-0.33569548966222107
bpr,no_minutes,gradient_boosting,season_holdout_2025_26,7,16,0.37062990815103464,0.6067432677635942,0.5111023870586683,0.554375,0.765,0.043272612941331695
bpr,no_minutes,gradient_boosting,season_holdout_2025_26,8,16,0.6167658623222155,1.0341699208549235,0.8475806896339197,1.1681249999999999,1.125,0.3205443103660802
bpr,no_minutes,gradient_boosting,season_holdout_2025_26,9,16,1.0842249787567155,1.7293482595583183,1.3835302540815086,0.99375,1.04,-0.3897802540815088
bpr,no_minutes,gradient_boosting,season_holdout_2025_26,10,17,1.7455716296941777,4.422071015757739,2.698551593289322,2.1688235294117644,2.42,-0.5297280638775569
bpr,no_minutes,hist_gradient_boosting,season_holdout_2025_26,1,17,-1.8877644974737504,-0.9667013893299284,-1.2144528311420952,-0.9658823529411765,-1.62,0.24857047820091846
bpr,no_minutes,hist_gradient_boosting,season_holdout_2025_26,2,16,-0.8886760512172306,-0.5517867397655772,-0.7284664489932501,-0.643125,-0.47,0.08534144899325008
bpr,no_minutes,hist_gradient_boosting,season_holdout_2025_26,3,16,-0.5002449015900731,-0.13762909098124912,-0.3224446955107959,-1.185625,-1.585,-0.863180304489204
bpr,no_minutes,hist_gradient_boosting,season_holdout_2025_26,4,16,-0.13692646133268802,0.003306899348012246,-0.05681902591340941,-0.28250000000000003,-0.44,-0.22568097408659066
bpr,no_minutes,hist_gradient_boosting,season_holdout_2025_26,5,16,0.01920359700699708,0.23301745970291168,0.14565870165550024,0.559375,0.635,0.41371629834449974
bpr,no_minutes,hist_gradient_boosting,season_holdout_2025_26,6,16,0.24543422198681508,0.4638019263717745,0.33978065086819736,-0.38812500000000005,0.06,-0.7279056508681974
bpr,no_minutes,hist_gradient_boosting,season_holdout_2025_26,7,16,0.46858383930255904,0.755330092880247,0.6318338506719788,-0.188125,0.020000000000000004,-0.8199588506719788
bpr,no_minutes,hist_gradient_boosting,season_holdout_2025_26,8,16,0.7820562923814398,1.1987975062524505,0.9574516949473089,0.40937500000000004,0.8300000000000001,-0.5480766949473088
bpr,no_minutes,hist_gradient_boosting,season_holdout_2025_26,9,16,1.3105373872615191,1.9407511137005957,1.567050835597089,1.351875,1.525,-0.21517583559708897
bpr,no_minutes,hist_gradient_boosting,season_holdout_2025_26,10,17,2.1175053012628178,3.963936299807599,2.662286773965368,1.8694117647058828,2.24,-0.7928750092594862
bpr,no_minutes,knn,season_holdout_2025_26,1,17,-1.0214786113536543,-0.5854976055641471,-0.8161050191001866,-1.6723529411764706,-1.95,-0.856247922076284
bpr,no_minutes,knn,season_holdout_2025_26,2,16,-0.5852198695385482,-0.35283932657792466,-0.48331952815503526,0.09249999999999993,0.375,0.5758195281550352
bpr,no_minutes,knn,season_holdout_2025_26,3,16,-0.351138160957875,-0.27121485211560126,-0.3132584747348014,-1.190625,-1.715,-0.8773665252651985
bpr,no_minutes,knn,season_holdout_2025_26,4,16,-0.26330812596053044,-0.1653777324482909,-0.21679163234081664,0.853125,0.59,1.0699166323408167
bpr,no_minutes,knn,season_holdout_2025_26,5,16,-0.1583771065379464,-0.005691770546166346,-0.0776602602093118,-0.784375,-0.6799999999999999,-0.7067147397906882
bpr,no_minutes,knn,season_holdout_2025_26,6,16,-0.003046021722214946,0.19221303069896406,0.0770713791710811,0.301875,0.01,0.22480362082891892
bpr,no_minutes,knn,season_holdout_2025_26,7,16,0.1958943386382216,0.4646908793224142,0.3375849368982426,0.10312500000000002,0.03499999999999999,-0.23445993689824268
bpr,no_minutes,knn,season_holdout_2025_26,8,16,0.46956004431348125,0.8205164325008943,0.620786984580159,0.6175,0.8049999999999999,-0.0032869845801589137
bpr,no_minutes,knn,season_holdout_2025_26,9,16,0.8234982637841893,1.1786140887826548,0.9661074226142201,0.779375,1.135,-0.18673242261422002
bpr,no_minutes,knn,season_holdout_2025_26,10,17,1.2089603965630018,2.7053884692973464,1.7774601875590916,1.5035294117647058,1.74,-0.27393077579438563
bpr,no_minutes,svr_rbf,season_holdout_2025_26,1,17,-1.8872125427330118,-0.9687140949512534,-1.3415056741599796,-1.1841176470588235,-0.7,0.15738802710115607
bpr,no_minutes,svr_rbf,season_holdout_2025_26,2,16,-0.9209299555086028,-0.7215127454943961,-0.8234784925349719,-1.5137500000000002,-1.5899999999999999,-0.6902715074650282
bpr,no_minutes,svr_rbf,season_holdout_2025_26,3,16,-0.7079966325675722,-0.4222261225953299,-0.5835383198744868,0.10437500000000005,0.135,0.6879133198744869
bpr,no_minutes,svr_rbf,season_holdout_2025_26,4,16,-0.3693426076476197,-0.14764854233085134,-0.2543608254046233,-0.270625,-0.32,-0.01626417459537674
bpr,no_minutes,svr_rbf,season_holdout_2025_26,5,16,-0.13612915179073504,0.054269174219458316,-0.019392338063218995,-0.5381250000000001,-1.2349999999999999,-0.5187326619367811
bpr,no_minutes,svr_rbf,season_holdout_2025_26,6,16,0.06836414534413715,0.3204544131455806,0.18594938435161001,0.005000000000000032,-0.03,-0.18094938435160998
bpr,no_minutes,svr_rbf,season_holdout_2025_26,7,16,0.3256736546601157,0.5639951563622858,0.44232530079377563,-0.35125000000000006,-0.25,-0.7935753007937757
bpr,no_minutes,svr_rbf,season_holdout_2025_26,8,16,0.5973622108407464,1.0046818682768213,0.7883615397031625,1.1243750000000001,1.145,0.33601346029683754
bpr,no_minutes,svr_rbf,season_holdout_2025_26,9,16,1.0332023022560564,1.4537584427396766,1.2405931853096528,1.185,1.33,-0.055593185309652765
bpr,no_minutes,svr_rbf,season_holdout_2025_26,10,17,1.5137415252312176,4.3814821607934595,2.114702603537471,1.9823529411764707,2.1,-0.13234966236100054
bpr,with_minutes,mean,season_holdout_2025_26,1,17,0.24116504854368936,0.24116504854368936,0.24116504854368936,-0.8447058823529412,-1.21,-1.0858709308966308
bpr,with_minutes,mean,season_holdout_2025_26,2,16,0.24116504854368936,0.24116504854368936,0.24116504854368936,-0.396875,-0.505,-0.6380400485436895
bpr,with_minutes,mean,season_holdout_2025_26,3,16,0.24116504854368936,0.24116504854368936,0.24116504854368936,-0.41000000000000003,-0.37,-0.6511650485436895
bpr,with_minutes,mean,season_holdout_2025_26,4,16,0.24116504854368936,0.24116504854368936,0.24116504854368936,0.5350000000000001,0.86,0.29383495145631067
bpr,with_minutes,mean,season_holdout_2025_26,5,16,0.24116504854368936,0.24116504854368936,0.24116504854368936,0.74625,0.895,0.5050849514563105
bpr,with_minutes,mean,season_holdout_2025_26,6,16,0.24116504854368936,0.24116504854368936,0.24116504854368936,-0.125,-0.22499999999999998,-0.36616504854368936
bpr,with_minutes,mean,season_holdout_2025_26,7,16,0.24116504854368936,0.24116504854368936,0.24116504854368936,0.45562500000000006,0.8,0.21445995145631067
bpr,with_minutes,mean,season_holdout_2025_26,8,16,0.24116504854368936,0.24116504854368936,0.24116504854368936,0.7474999999999999,0.495,0.5063349514563106
bpr,with_minutes,mean,season_holdout_2025_26,9,16,0.24116504854368936,0.24116504854368936,0.24116504854368936,-0.12562500000000001,-0.55,-0.36679004854368935
bpr,with_minutes,mean,season_holdout_2025_26,10,17,0.24116504854368936,0.24116504854368936,0.24116504854368936,0.05999999999999989,-0.2,-0.18116504854368945
bpr,with_minutes,ridge,season_holdout_2025_26,1,17,-3.04576688273584,-1.1984421379673091,-1.7544522162897969,-1.9852941176470589,-1.81,-0.2308419013572621
bpr,with_minutes,ridge,season_holdout_2025_26,2,16,-1.1583479221379411,-0.8367738200156243,-1.0236996078579856,-0.815,-0.5900000000000001,0.2086996078579857
bpr,with_minutes,ridge,season_holdout_2025_26,3,16,-0.7808654356169957,-0.40800724235335606,-0.6085581768008892,-1.290625,-1.62,-0.6820668231991109
bpr,with_minutes,ridge,season_holdout_2025_26,4,16,-0.39402790958118183,-0.1365225421017331,-0.2598471743458079,-0.3343750000000001,-0.495,-0.07452782565419211
bpr,with_minutes,ridge,season_holdout_2025_26,5,16,-0.12110101990606403,0.12473200028746056,0.0018690445094730335,0.24999999999999997,0.28,0.24813095549052688
bpr,with_minutes,ridge,season_holdout_2025_26,6,16,0.1692426886335251,0.5176086839860463,0.3313224237806354,-0.869375,-0.675,-1.2006974237806354
bpr,with_minutes,ridge,season_holdout_2025_26,7,16,0.5272076980502473,0.8788488572892872,0.6908699906677342,0.34375,0.495,-0.3471199906677342
bpr,with_minutes,ridge,season_holdout_2025_26,8,16,0.9671664236380706,1.4445087954587557,1.2399364654081293,1.2818749999999999,1.49,0.041938534591870816
bpr,with_minutes,ridge,season_holdout_2025_26,9,16,1.4778477052940804,2.159977808299335,1.746878556472173,1.5925,1.47,-0.15437855647217313
bpr,with_minutes,ridge,season_holdout_2025_26,10,17,2.193580785973926,5.330216762686691,3.2101491569427134,2.394117647058824,2.64,-0.81603150988389
bpr,with_minutes,elasticnet,season_holdout_2025_26,1,17,-3.113293701836021,-1.2112968674459739,-1.7403141525419703,-1.8735294117647059,-1.8,-0.13321525922273544
bpr,with_minutes,elasticnet,season_holdout_2025_26,2,16,-1.2004567812921223,-0.8316509070830891,-1.0075984569846352,-0.9337499999999999,-0.5900000000000001,0.07384845698463527
bpr,with_minutes,elasticnet,season_holdout_2025_26,3,16,-0.8044284720360253,-0.48415802177323997,-0.6375602112438931,-0.9124999999999999,-0.975,-0.2749397887561069
bpr,with_minutes,elasticnet,season_holdout_2025_26,4,16,-0.4704587831107747,-0.07924422511375151,-0.2671760008120383,-0.27562500000000006,-1.12,-0.008448999187961714
bpr,with_minutes,elasticnet,season_holdout_2025_26,5,16,-0.041232731021541014,0.17676613272755948,0.04268498953168212,-0.47625000000000006,-0.5,-0.5189349895316822
bpr,with_minutes,elasticnet,season_holdout_2025_26,6,16,0.18497216584523057,0.5105544344902508,0.3216581564362716,-0.47125000000000006,-0.375,-0.7929081564362717
bpr,with_minutes,elasticnet,season_holdout_2025_26,7,16,0.5177784975918935,0.8580604479526637,0.6774348743838391,0.400625,0.495,-0.2768098743838391
bpr,with_minutes,elasticnet,season_holdout_2025_26,8,16,0.8778563011120104,1.4737928019415956,1.2157331271518124,1.11375,1.49,-0.10198312715181256
bpr,with_minutes,elasticnet,season_holdout_2025_26,9,16,1.4895946843105374,2.1533381428185665,1.7560610785669424,1.595,1.47,-0.1610610785669425
bpr,with_minutes,elasticnet,season_holdout_2025_26,10,17,2.2510121196875614,5.280120646813466,3.205119035219495,2.394117647058824,2.64,-0.8110013881606716
bpr,with_minutes,random_forest,season_holdout_2025_26,1,17,-1.508573002130631,-1.0531248478543522,-1.2699634032078249,-1.9758823529411766,-1.95,-0.7059189497333517
bpr,with_minutes,random_forest,season_holdout_2025_26,2,16,-1.0471104627031467,-0.751731855462756,-0.8866423056318358,-1.3325,-0.965,-0.44585769436816425
bpr,with_minutes,random_forest,season_holdout_2025_26,3,16,-0.7337673158377573,-0.5451691224441405,-0.6452250607916898,-0.2743749999999999,-0.41,0.37085006079169003
bpr,with_minutes,random_forest,season_holdout_2025_26,4,16,-0.5437015618695031,-0.2724157464757464,-0.39973860532607197,-0.6281249999999999,-0.15999999999999998,-0.22838639467392804
bpr,with_minutes,random_forest,season_holdout_2025_26,5,16,-0.2712947390966876,0.06007523816053231,-0.11550533222445447,0.5443749999999999,1.16,0.6598803322244544
bpr,with_minutes,random_forest,season_holdout_2025_26,6,16,0.08095506708569208,0.3046180392524144,0.20220260509839078,-0.47125,-0.28500000000000003,-0.6734526050983908
bpr,with_minutes,random_forest,season_holdout_2025_26,7,16,0.3547482431947136,0.5803824970677759,0.4602580094151205,0.6537499999999999,0.8049999999999999,0.19349199058487948
bpr,with_minutes,random_forest,season_holdout_2025_26,8,16,0.5838669377844381,0.9240064894827394,0.767051462815677,-0.05875000000000005,-0.18000000000000002,-0.8258014628156771
bpr,with_minutes,random_forest,season_holdout_2025_26,9,16,0.9713898867349977,1.633286857274669,1.3201535426064792,1.484375,1.44,0.1642214573935208
bpr,with_minutes,random_forest,season_holdout_2025_26,10,17,1.6342888365113564,3.263974626970254,2.237943612411026,2.6117647058823534,2.66,0.3738210934713275
bpr,with_minutes,extra_trees,season_holdout_2025_26,1,17,-1.5227449404761915,-1.078912976190477,-1.265390681022409,-1.9329411764705882,-1.97,-0.6675504954481793
bpr,with_minutes,extra_trees,season_holdout_2025_26,2,16,-1.047485476190477,-0.6900920833333334,-0.8724163485863097,-1.4124999999999999,-1.46,-0.5400836514136903
bpr,with_minutes,extra_trees,season_holdout_2025_26,3,16,-0.6873945238095243,-0.4175385119047619,-0.5497479873511906,-0.853125,-0.96,-0.3033770126488095
bpr,with_minutes,extra_trees,season_holdout_2025_26,4,16,-0.3906755952380951,-0.23454547619047628,-0.30829133184523805,-0.5968750000000002,0.065,-0.2885836681547619
bpr,with_minutes,extra_trees,season_holdout_2025_26,5,16,-0.21075000000000013,0.06154196428571423,-0.06429090215773808,0.15125,-0.44499999999999995,0.21554090215773808
bpr,with_minutes,extra_trees,season_holdout_2025_26,6,16,0.0662185714285715,0.3560730952380954,0.2199031547619048,-0.0837500000000001,-0.4,-0.3036531547619049
bpr,with_minutes,extra_trees,season_holdout_2025_26,7,16,0.3678090476190474,0.5907208928571426,0.4652980580357142,-0.02250000000000002,0.395,-0.4877980580357143
bpr,with_minutes,extra_trees,season_holdout_2025_26,8,16,0.5928482142857141,0.9199844642857152,0.7552416945684522,0.88375,0.765,0.12850830543154773
bpr,with_minutes,extra_trees,season_holdout_2025_26,9,16,0.9253641071428567,1.768798452380951,1.3519756956845235,1.869375,1.875,0.5173993043154765
bpr,with_minutes,extra_trees,season_holdout_2025_26,10,17,1.8246178571428575,3.5454367857142937,2.3825989460784323,2.5517647058823525,2.79,0.16916575980392068
bpr,with_minutes,gradient_boosting,season_holdout_2025_26,1,17,-2.2101746362167995,-1.2637364497300176,-1.570696130784737,-1.6647058823529413,-1.68,-0.09400975156820444
bpr,with_minutes,gradient_boosting,season_holdout_2025_26,2,16,-1.2215918580596536,-0.9173764519006935,-1.0499632309604103,-1.0075,-0.61,0.04246323096041024
bpr,with_minutes,gradient_boosting,season_holdout_2025_26,3,16,-0.9161426839975935,-0.5358089009719197,-0.705960183529368,-0.8399999999999999,-0.9199999999999999,-0.13403981647063204
bpr,with_minutes,gradient_boosting,season_holdout_2025_26,4,16,-0.5005206470803187,-0.35675225701702395,-0.4334024080375527,-0.656875,-0.655,-0.2234725919624473
bpr,with_minutes,gradient_boosting,season_holdout_2025_26,5,16,-0.3479329712253684,-0.03278220638737881,-0.1950845803944856,0.07749999999999996,0.54,0.2725845803944855
bpr,with_minutes,gradient_boosting,season_holdout_2025_26,6,16,-0.003950404762883407,0.2736991136349116,0.1578989142281352,-0.741875,-0.74,-0.8997739142281352
bpr,with_minutes,gradient_boosting,season_holdout_2025_26,7,16,0.27400315606628617,0.7006823757038009,0.46788977689614597,0.5525,0.27,0.084610223103854
bpr,with_minutes,gradient_boosting,season_holdout_2025_26,8,16,0.7546316642825783,1.2632331447633722,0.9651173507949646,1.194375,1.055,0.2292576492050354
bpr,with_minutes,gradient_boosting,season_holdout_2025_26,9,16,1.2703483348361195,1.9601352172514275,1.5530269812273167,1.7162500000000003,1.635,0.1632230187726832
bpr,with_minutes,gradient_boosting,season_holdout_2025_26,10,17,1.9606003936887122,5.7549843553411115,2.943551628157959,1.9458823529411764,2.14,-0.9976692752167824
bpr,with_minutes,hist_gradient_boosting,season_holdout_2025_26,1,17,-2.326181452283119,-1.5710542600623396,-1.8610180224326185,-1.8629411764705883,-1.95,-0.0019231540379700148
bpr,with_minutes,hist_gradient_boosting,season_holdout_2025_26,2,16,-1.4738785227344762,-0.9336129188000678,-1.245892312361034,-1.039375,-0.71,0.20651731236103382
bpr,with_minutes,hist_gradient_boosting,season_holdout_2025_26,3,16,-0.9316039521061645,-0.47359227662494296,-0.7747767808916384,-0.4099999999999999,-0.13,0.36477678089163845
bpr,with_minutes,hist_gradient_boosting,season_holdout_2025_26,4,16,-0.47007437219014647,-0.20557931041272529,-0.3274775765066172,-0.6837500000000001,-0.835,-0.35627242349338284
bpr,with_minutes,hist_gradient_boosting,season_holdout_2025_26,5,16,-0.1346573858382671,0.03600170795018483,-0.0707575647874576,0.30625,0.2,0.3770075647874576
bpr,with_minutes,hist_gradient_boosting,season_holdout_2025_26,6,16,0.05147318938335906,0.4553745697724857,0.2587758444324393,0.2649999999999999,0.515,0.006224155567560674
bpr,with_minutes,hist_gradient_boosting,season_holdout_2025_26,7,16,0.46907569089196505,0.8013075802375165,0.6447548099038227,0.7268750000000002,0.6799999999999999,0.08212019009617731
bpr,with_minutes,hist_gradient_boosting,season_holdout_2025_26,8,16,0.8129011609351146,1.1863295442916446,0.9824768853172938,0.003750000000000031,-0.16499999999999998,-0.9787268853172939
bpr,with_minutes,hist_gradient_boosting,season_holdout_2025_26,9,16,1.201898410131797,2.0611556948795604,1.5845472615211054,0.57875,1.025,-1.0057972615211053
bpr,with_minutes,hist_gradient_boosting,season_holdout_2025_26,10,17,2.133002324893708,4.329294160065706,2.6411881800854777,2.6588235294117646,2.66,0.01763534932628714
bpr,with_minutes,knn,season_holdout_2025_26,1,17,-1.5089511364306278,-0.6915036060933745,-0.9024455113441577,-1.4017647058823528,-1.84,-0.4993191945381952
bpr,with_minutes,knn,season_holdout_2025_26,2,16,-0.6895550201822268,-0.4490978504884063,-0.5651031730188913,-1.1931249999999998,-1.54,-0.6280218269811088
bpr,with_minutes,knn,season_holdout_2025_26,3,16,-0.44627869184682534,-0.3304709874588979,-0.38881476201175325,-0.885,-0.885,-0.49618523798824676
bpr,with_minutes,knn,season_holdout_2025_26,4,16,-0.32736515861810783,-0.1703391357756429,-0.24229010253744682,0.580625,0.605,0.8229151025374468
bpr,with_minutes,knn,season_holdout_2025_26,5,16,-0.15593153391344272,-0.02429234924290347,-0.10144327770065376,-0.20500000000000004,-0.35,-0.10355672229934626
bpr,with_minutes,knn,season_holdout_2025_26,6,16,-0.01176806975414417,0.18654678559249632,0.0807248250692407,0.10812500000000003,-0.56,0.027400174930759247
bpr,with_minutes,knn,season_holdout_2025_26,7,16,0.19244167780863577,0.46773616707299737,0.3222976189909171,-0.27499999999999997,0.06499999999999999,-0.597297618990917
bpr,with_minutes,knn,season_holdout_2025_26,8,16,0.5128859548291211,0.7740368246737314,0.604707124996246,1.0062499999999999,1.0750000000000002,0.4015428750037541
bpr,with_minutes,knn,season_holdout_2025_26,9,16,0.7821887679286572,1.4026629680133818,0.9682033581586316,1.240625,1.135,0.2724216418413685
bpr,with_minutes,knn,season_holdout_2025_26,10,17,1.4096856129153421,2.712437561055982,1.7612360574196582,1.604705882352941,2.14,-0.15653017506671707
bpr,with_minutes,svr_rbf,season_holdout_2025_26,1,17,-2.1845647153088055,-1.3337396546997553,-1.6342166452165063,-1.7964705882352943,-1.8,-0.16225394301878798
bpr,with_minutes,svr_rbf,season_holdout_2025_26,2,16,-1.3088398130191616,-0.8857732468589529,-1.1127022046075916,-1.224375,-1.2149999999999999,-0.11167279539240832
bpr,with_minutes,svr_rbf,season_holdout_2025_26,3,16,-0.8643979471801396,-0.534204851605088,-0.7157041070107824,-0.7818750000000001,-0.5900000000000001,-0.06617089298921758
bpr,with_minutes,svr_rbf,season_holdout_2025_26,4,16,-0.5205101499500037,-0.21378744361856195,-0.36298772364135046,-0.514375,-0.74,-0.15138727635864957
bpr,with_minutes,svr_rbf,season_holdout_2025_26,5,16,-0.2018159657831885,-0.00039225909696483097,-0.09305518925483994,0.48062499999999986,0.16999999999999998,0.5736801892548398
bpr,with_minutes,svr_rbf,season_holdout_2025_26,6,16,0.00047885304858719113,0.31411993359161383,0.1736087610727654,-0.314375,0.345,-0.4879837610727655
bpr,with_minutes,svr_rbf,season_holdout_2025_26,7,16,0.3185822137840695,0.6165883330264897,0.4533159123073274,0.506875,1.12,0.05355908769267259
bpr,with_minutes,svr_rbf,season_holdout_2025_26,8,16,0.6599993518001257,1.1187210839177721,0.8722341678634528,0.7825,0.615,-0.0897341678634527
bpr,with_minutes,svr_rbf,season_holdout_2025_26,9,16,1.1218660863921208,1.5424401895090227,1.3521649387618537,1.3425000000000002,1.03,-0.009664938761853675
bpr,with_minutes,svr_rbf,season_holdout_2025_26,10,17,1.5520785895335223,4.693692989968294,2.254600111705471,2.0935294117647056,2.1,-0.16107069994076506
porpag,no_minutes,mean,season_holdout_2025_26,1,23,1.0154079452456577,1.0154079452456577,1.0154079452456581,0.4846006426086957,0.364153,-0.530807302636962
porpag,no_minutes,mean,season_holdout_2025_26,2,23,1.0154079452456577,1.0154079452456577,1.0154079452456581,0.6084738304347825,0.475843,-0.4069341148108751
porpag,no_minutes,mean,season_holdout_2025_26,3,22,1.0154079452456577,1.0154079452456577,1.0154079452456581,1.070978886363636,0.88567,0.05557094111797867
porpag,no_minutes,mean,season_holdout_2025_26,4,23,1.0154079452456577,1.0154079452456577,1.0154079452456581,0.542700443478261,0.370591,-0.4727075017673968
porpag,no_minutes,mean,season_holdout_2025_26,5,23,1.0154079452456577,1.0154079452456577,1.0154079452456581,1.301959217391304,1.19394,0.28655127214564663
porpag,no_minutes,mean,season_holdout_2025_26,6,22,1.0154079452456577,1.0154079452456577,1.0154079452456581,0.8786277045454546,0.67477,-0.13678024070020314
porpag,no_minutes,mean,season_holdout_2025_26,7,23,1.0154079452456577,1.0154079452456577,1.0154079452456581,0.8848697869565219,0.925762,-0.13053815828913598
porpag,no_minutes,mean,season_holdout_2025_26,8,22,1.0154079452456577,1.0154079452456577,1.0154079452456581,1.3830416727272727,1.16591,0.36763372748161505
porpag,no_minutes,mean,season_holdout_2025_26,9,23,1.0154079452456577,1.0154079452456577,1.0154079452456581,0.6054559434782608,0.440335,-0.4099520017673968
porpag,no_minutes,mean,season_holdout_2025_26,10,23,1.0154079452456577,1.0154079452456577,1.0154079452456581,0.8945372569565216,0.66175,-0.1208706882891359
porpag,no_minutes,ridge,season_holdout_2025_26,1,23,0.02932428013631161,0.5012674553563177,0.36198023027469833,0.1861501434782609,0.13675,-0.17583008679643755
porpag,no_minutes,ridge,season_holdout_2025_26,2,23,0.5141092151388423,0.7316422884400258,0.6492349514687399,0.21294851739130433,0.0930604,-0.4362864340774356
porpag,no_minutes,ridge,season_holdout_2025_26,3,22,0.7322431145095709,0.8115371508345596,0.7752905917305266,0.4905616990909092,0.2966345,-0.2847288926396176
porpag,no_minutes,ridge,season_holdout_2025_26,4,23,0.8284880541542987,0.9649461915040877,0.8934306654221824,1.17207,0.900807,0.2786393345778174
porpag,no_minutes,ridge,season_holdout_2025_26,5,23,0.9674854758253095,1.0427249212389498,1.000554420227572,0.8485336956521741,0.895064,-0.15202072457539811
porpag,no_minutes,ridge,season_holdout_2025_26,6,22,1.059635075725944,1.1701310027051497,1.111402707528909,0.9379144999999999,0.8000155,-0.17348820752890906
porpag,no_minutes,ridge,season_holdout_2025_26,7,23,1.178623718217357,1.2641940787269865,1.2287796088656677,0.8643741786956525,0.642325,-0.36440543017001537
porpag,no_minutes,ridge,season_holdout_2025_26,8,22,1.2690495018171304,1.398781854415626,1.3318190807444503,1.4433622499999998,1.45098,0.11154316925554943
porpag,no_minutes,ridge,season_holdout_2025_26,9,23,1.4006525513653734,1.6216957151225648,1.5171736962492919,0.9657397391304348,0.859151,-0.5514339571188571
porpag,no_minutes,ridge,season_holdout_2025_26,10,23,1.624188419082064,2.5100471236314297,1.9125767085288263,1.5135554521739127,1.8342,-0.3990212563549132
porpag,no_minutes,elasticnet,season_holdout_2025_26,1,23,0.2330929143698378,0.5999343509563293,0.4609644041203905,0.37419793913043475,0.13675,-0.08676646498995577
porpag,no_minutes,elasticnet,season_holdout_2025_26,2,23,0.6050788557861955,0.7514776562110285,0.689463299747328,0.1305091173913043,0.0930604,-0.5589541823560237
porpag,no_minutes,elasticnet,season_holdout_2025_26,3,22,0.7520725274501161,0.8509763267251599,0.7951290617212341,0.7008181490909092,0.34465999999999997,-0.09431091263032503
porpag,no_minutes,elasticnet,season_holdout_2025_26,4,23,0.8525615777873131,0.9656548975042184,0.9103586451344653,0.6960683478260868,0.724635,-0.21429029730837817
porpag,no_minutes,elasticnet,season_holdout_2025_26,5,23,0.9659834756336279,1.0823345459280092,1.041075883121018,1.0865052739130434,1.29975,0.045429390792025404
porpag,no_minutes,elasticnet,season_holdout_2025_26,6,22,1.0881315082028642,1.180440601609669,1.1376675406318728,0.7613944731818183,0.6959325000000001,-0.3762730674500545
porpag,no_minutes,elasticnet,season_holdout_2025_26,7,23,1.1841610535925453,1.275703442747485,1.234230723254879,0.9879306391304352,0.836656,-0.24630008412444412
porpag,no_minutes,elasticnet,season_holdout_2025_26,8,22,1.2779809205245765,1.4242620422345973,1.3342760810105838,1.2281868272727272,1.2724449999999998,-0.10608925373785626
porpag,no_minutes,elasticnet,season_holdout_2025_26,9,23,1.4266679147956358,1.583776717782663,1.489166493194807,1.211712695652174,1.18412,-0.2774537975426331
porpag,no_minutes,elasticnet,season_holdout_2025_26,10,23,1.5847486116367715,2.237379718319352,1.8438738220316182,1.449998060869565,1.49826,-0.3938757611620531
porpag,no_minutes,random_forest,season_holdout_2025_26,1,23,0.21943558338312472,0.6607832724827059,0.49323214951139344,0.5428705217391304,0.244293,0.04963837222773697
porpag,no_minutes,random_forest,season_holdout_2025_26,2,23,0.6650283337231088,0.77512291144823,0.7251235713693667,0.020557860869565212,-0.193809,-0.7045657104998014
porpag,no_minutes,random_forest,season_holdout_2025_26,3,22,0.7753077526192307,0.8872668252765092,0.8373989573978785,0.7463354454545453,0.541285,-0.09106351194333313
porpag,no_minutes,random_forest,season_holdout_2025_26,4,23,0.8875902600954602,0.9914876730410133,0.944579249593297,0.5943900395652174,0.321188,-0.3501892100280795
porpag,no_minutes,random_forest,season_holdout_2025_26,5,23,0.9944393075473295,1.116108491355324,1.0511397359494081,0.6893700521739131,0.891182,-0.3617696837754952
porpag,no_minutes,random_forest,season_holdout_2025_26,6,22,1.1187767781896993,1.211905457111234,1.1692241939529247,1.1860045909090908,1.1550699999999998,0.016780396956166045
porpag,no_minutes,random_forest,season_holdout_2025_26,7,23,1.2168756680792419,1.3082770626040312,1.2628608673200572,0.6827801304347826,0.307377,-0.5800807368852747
porpag,no_minutes,random_forest,season_holdout_2025_26,8,22,1.3278595452309887,1.429881168826609,1.3800802978244953,1.2319202036363637,1.2086299999999999,-0.14816009418813147
porpag,no_minutes,random_forest,season_holdout_2025_26,9,23,1.4302872609449755,1.639545324218609,1.5373365755800805,1.3939322173913045,1.19394,-0.1434043581887763
porpag,no_minutes,random_forest,season_holdout_2025_26,10,23,1.6722701008777352,2.246836278554212,1.882165417804364,1.5597631043478262,1.78407,-0.3224023134565378
porpag,no_minutes,extra_trees,season_holdout_2025_26,1,23,0.15929083772021432,0.5773592929255124,0.40585562362466193,0.5883865652173913,0.244293,0.18253094159272937
porpag,no_minutes,extra_trees,season_holdout_2025_26,2,23,0.5907802203188569,0.7844895310986906,0.690291696299014,0.2645015130434782,0.0930604,-0.42579018325553575
porpag,no_minutes,extra_trees,season_holdout_2025_26,3,22,0.794280256042262,0.9220364483118214,0.8654977812496707,0.45829729590909096,0.2515115,-0.4072004853405797
porpag,no_minutes,extra_trees,season_holdout_2025_26,4,23,0.9222527050860718,1.006672639080666,0.9594138429449471,0.6768286782608696,0.724635,-0.28258516468407757
porpag,no_minutes,extra_trees,season_holdout_2025_26,5,23,1.0130186574804998,1.1042042334284639,1.050452377240367,0.6015015956521739,0.531721,-0.4489507815881933
porpag,no_minutes,extra_trees,season_holdout_2025_26,6,22,1.1084298922461078,1.2020758347065486,1.155918351448343,0.8653825499999998,0.6748745,-0.2905358014483431
porpag,no_minutes,extra_trees,season_holdout_2025_26,7,23,1.2121572710991781,1.2919157677967867,1.2488399534612724,0.8265965426086958,0.642325,-0.4222434108525771
porpag,no_minutes,extra_trees,season_holdout_2025_26,8,22,1.2960951410494996,1.4607938532327145,1.35785427719704,1.6392461818181816,1.696555,0.2813919046211416
porpag,no_minutes,extra_trees,season_holdout_2025_26,9,23,1.462604749558333,1.5956942118872603,1.5229161728352287,1.1094913478260868,1.04923,-0.41342482500914185
porpag,no_minutes,extra_trees,season_holdout_2025_26,10,23,1.6012237144541672,2.3855457843917383,1.8552727245678948,1.6089382347826084,1.78407,-0.246334489785286
porpag,no_minutes,gradient_boosting,season_holdout_2025_26,1,23,-9.033146750428515e-05,0.5859020249904752,0.3162673649001801,0.21834613043478263,0.158832,-0.09792123446539751
porpag,no_minutes,gradient_boosting,season_holdout_2025_26,2,23,0.5902251768666532,0.7969233434637154,0.6760959610949138,0.6333046521739131,0.482912,-0.04279130892100076
porpag,no_minutes,gradient_boosting,season_holdout_2025_26,3,22,0.8002355359316573,0.8875493445823228,0.8427843114609364,0.5919739549999999,0.541285,-0.2508103564609365
porpag,no_minutes,gradient_boosting,season_holdout_2025_26,4,23,0.8894568400468006,1.0176681484952654,0.9478561743078843,0.6341742043478261,0.268102,-0.3136819699600583
porpag,no_minutes,gradient_boosting,season_holdout_2025_26,5,23,1.0213520447313744,1.1196839868130037,1.072890284805945,0.7100132652173912,0.786965,-0.3628770195885537
porpag,no_minutes,gradient_boosting,season_holdout_2025_26,6,22,1.1236862817806172,1.2089642884120457,1.1681355914148435,0.7841095136363637,0.6084864999999999,-0.3840260777784797
porpag,no_minutes,gradient_boosting,season_holdout_2025_26,7,23,1.2127081029062474,1.3395508850898383,1.2774462686341315,0.9563313252173913,0.734288,-0.3211149434167406
porpag,no_minutes,gradient_boosting,season_holdout_2025_26,8,22,1.3554026516147115,1.5961796217310182,1.4431547033924632,1.2042299363636364,1.0964255,-0.23892476702882692
porpag,no_minutes,gradient_boosting,season_holdout_2025_26,9,23,1.6007827614875787,1.8842901704915966,1.7414062952737839,1.312969695652174,1.26663,-0.42843659962161
porpag,no_minutes,gradient_boosting,season_holdout_2025_26,10,23,1.89014416397957,3.0570436451198186,2.2019218200321777,1.5770824956521738,1.87876,-0.6248393243800036
porpag,no_minutes,hist_gradient_boosting,season_holdout_2025_26,1,23,-0.4036109270965593,0.38639359827931447,0.2133398881986281,0.12222234347826089,-0.0884567,-0.09111754472036719
porpag,no_minutes,hist_gradient_boosting,season_holdout_2025_26,2,23,0.40757026564776505,0.6287974622845419,0.5376491114907417,0.5879789608695651,0.620123,0.05032984937882352
porpag,no_minutes,hist_gradient_boosting,season_holdout_2025_26,3,22,0.6498041658460795,0.8100782763524496,0.7122127052222024,0.7443586681818182,0.5196434999999999,0.0321459629596157
porpag,no_minutes,hist_gradient_boosting,season_holdout_2025_26,4,23,0.8127548084105444,0.9274217343887661,0.8794459787337816,0.5571685347826086,0.305226,-0.32227744395117286
porpag,no_minutes,hist_gradient_boosting,season_holdout_2025_26,5,23,0.9275663824612523,1.0800555177216082,1.0232445250660827,0.8028337086956523,0.525061,-0.22041081637043042
porpag,no_minutes,hist_gradient_boosting,season_holdout_2025_26,6,22,1.08433993841933,1.2317472711119517,1.1369834742761513,0.7364022000000001,0.7059285,-0.40058127427615114
porpag,no_minutes,hist_gradient_boosting,season_holdout_2025_26,7,23,1.2322573598125013,1.3624448361280739,1.2921737558072102,1.013212522173913,0.66175,-0.2789612336332972
porpag,no_minutes,hist_gradient_boosting,season_holdout_2025_26,8,22,1.3640669250557547,1.5947350791395398,1.462208779473103,1.3811800272727273,1.35468,-0.08102875220037574
porpag,no_minutes,hist_gradient_boosting,season_holdout_2025_26,9,23,1.600952885174451,1.9431614606550138,1.7581100847913806,0.9271058817391306,0.859151,-0.83100420305225
porpag,no_minutes,hist_gradient_boosting,season_holdout_2025_26,10,23,1.9559140873691296,2.8160913915246013,2.19670114501736,1.762317,1.85691,-0.4343841450173595
porpag,no_minutes,knn,season_holdout_2025_26,1,23,0.20891425589881218,0.5334785948503397,0.38148686995239445,0.4086122217391305,0.0660161,0.02712535178673598
porpag,no_minutes,knn,season_holdout_2025_26,2,23,0.5638807188881869,0.7696743578846813,0.670395181126965,0.5360111086956522,0.234921,-0.13438407243131262
porpag,no_minutes,knn,season_holdout_2025_26,3,22,0.7777071109429196,0.9203103416708699,0.8451030829821,0.44443234545454546,0.1383003,-0.4006707375275544
porpag,no_minutes,knn,season_holdout_2025_26,4,23,0.9280302294317813,1.0085221949759322,0.968912431155609,1.0289626995652172,0.788205,0.06005026840960835
porpag,no_minutes,knn,season_holdout_2025_26,5,23,1.0088429105418653,1.123553230820218,1.0600705009377116,0.7733328173913042,0.752449,-0.2867376835464075
porpag,no_minutes,knn,season_holdout_2025_26,6,22,1.1258474213131853,1.1958867383362992,1.1608133324439718,1.1774677454545455,0.863919,0.016654413010573587
porpag,no_minutes,knn,season_holdout_2025_26,7,23,1.1990429468380772,1.2903161310411375,1.2322005407228545,0.9160377521739131,0.682231,-0.31616278854894114
porpag,no_minutes,knn,season_holdout_2025_26,8,22,1.2905177710895779,1.4007846559179278,1.3398007407056705,1.154085468181818,1.246845,-0.1857152725238527
porpag,no_minutes,knn,season_holdout_2025_26,9,23,1.4185933494176177,1.6360393954350532,1.539750718687569,0.9546608043478261,1.04923,-0.585089914339743
porpag,no_minutes,knn,season_holdout_2025_26,10,23,1.6448143285068253,2.333359721242895,1.8293560604912447,1.237439695652174,0.859151,-0.5919163648390707
porpag,no_minutes,svr_rbf,season_holdout_2025_26,1,23,-0.6338412941582936,0.25062266634969754,0.035330819087048534,0.32286459173913046,0.00219761,0.2875337726520819
porpag,no_minutes,svr_rbf,season_holdout_2025_26,2,23,0.30397719371363374,0.5155871555505845,0.41928807265863255,0.5870762391304349,0.268896,0.16778816647180222
porpag,no_minutes,svr_rbf,season_holdout_2025_26,3,22,0.517928811966849,0.6971732488486191,0.6093167224361293,0.1484397454545454,-0.007225299999999997,-0.46087697698158386
porpag,no_minutes,svr_rbf,season_holdout_2025_26,4,23,0.7039473889515878,0.8719765540462033,0.774991902366453,0.6953564521739132,0.620123,-0.07963545019254005
porpag,no_minutes,svr_rbf,season_holdout_2025_26,5,23,0.8723076690824918,1.001786206652521,0.9492800012602056,0.875999046956522,0.776572,-0.07328095430368385
porpag,no_minutes,svr_rbf,season_holdout_2025_26,6,22,1.0080750155891385,1.142368314598733,1.0681152917922485,1.178666490909091,1.060861,0.1105511991168424
porpag,no_minutes,svr_rbf,season_holdout_2025_26,7,23,1.1580475973915578,1.262236662380844,1.198069222815128,1.1902505347826087,1.12066,-0.007818688032519205
porpag,no_minutes,svr_rbf,season_holdout_2025_26,8,22,1.2635928237883167,1.4120404615184916,1.319030594939289,1.104881927272727,0.8751665,-0.21414866766656201
porpag,no_minutes,svr_rbf,season_holdout_2025_26,9,23,1.4226839124033308,1.5973096583680224,1.509737734157272,1.3082188304347826,1.30053,-0.2015189037224891
porpag,no_minutes,svr_rbf,season_holdout_2025_26,10,23,1.608511455277685,2.625379841255109,1.8553722954536753,1.2043323913043482,1.19394,-0.6510399041493278
porpag,with_minutes,mean,season_holdout_2025_26,1,23,1.0154079452456577,1.0154079452456577,1.0154079452456581,0.4846006426086957,0.364153,-0.530807302636962
porpag,with_minutes,mean,season_holdout_2025_26,2,23,1.0154079452456577,1.0154079452456577,1.0154079452456581,0.6084738304347825,0.475843,-0.4069341148108751
porpag,with_minutes,mean,season_holdout_2025_26,3,22,1.0154079452456577,1.0154079452456577,1.0154079452456581,1.070978886363636,0.88567,0.05557094111797867
porpag,with_minutes,mean,season_holdout_2025_26,4,23,1.0154079452456577,1.0154079452456577,1.0154079452456581,0.542700443478261,0.370591,-0.4727075017673968
porpag,with_minutes,mean,season_holdout_2025_26,5,23,1.0154079452456577,1.0154079452456577,1.0154079452456581,1.301959217391304,1.19394,0.28655127214564663
porpag,with_minutes,mean,season_holdout_2025_26,6,22,1.0154079452456577,1.0154079452456577,1.0154079452456581,0.8786277045454546,0.67477,-0.13678024070020314
porpag,with_minutes,mean,season_holdout_2025_26,7,23,1.0154079452456577,1.0154079452456577,1.0154079452456581,0.8848697869565219,0.925762,-0.13053815828913598
porpag,with_minutes,mean,season_holdout_2025_26,8,22,1.0154079452456577,1.0154079452456577,1.0154079452456581,1.3830416727272727,1.16591,0.36763372748161505
porpag,with_minutes,mean,season_holdout_2025_26,9,23,1.0154079452456577,1.0154079452456577,1.0154079452456581,0.6054559434782608,0.440335,-0.4099520017673968
porpag,with_minutes,mean,season_holdout_2025_26,10,23,1.0154079452456577,1.0154079452456577,1.0154079452456581,0.8945372569565216,0.66175,-0.1208706882891359
porpag,with_minutes,ridge,season_holdout_2025_26,1,23,-0.8831335966114904,-0.2344564360253194,-0.4885471218001484,-0.10466614739130436,-0.205128,0.3838809744088441
porpag,with_minutes,ridge,season_holdout_2025_26,2,23,-0.22473611926975834,0.16773383892103078,-0.023942027141383108,0.0133938695652174,0.0819813,0.0373358967066005
porpag,with_minutes,ridge,season_holdout_2025_26,3,22,0.17021020738288395,0.4975897292324003,0.35378530577351236,0.1813372036363636,-0.029764560000000002,-0.17244810213714876
porpag,with_minutes,ridge,season_holdout_2025_26,4,23,0.5048092209440758,0.7350315401938378,0.6183087452822249,0.173679152173913,0.244293,-0.4446295931083117
porpag,with_minutes,ridge,season_holdout_2025_26,5,23,0.7481919339732916,0.9773413056436939,0.8499087625594962,0.37732619130434786,0.49812,-0.4725825712551483
porpag,with_minutes,ridge,season_holdout_2025_26,6,22,0.9928164217067915,1.284475957321042,1.163487320994215,1.2519023181818183,1.2086299999999999,0.08841499718760318
porpag,with_minutes,ridge,season_holdout_2025_26,7,23,1.2848106629939091,1.6071534967959566,1.4360145417809738,1.008250134782609,1.05387,-0.42776440699836515
porpag,with_minutes,ridge,season_holdout_2025_26,8,22,1.631321783930999,1.8208395436823626,1.722053352252719,1.589849409090909,1.63205,-0.13220394316181017
porpag,with_minutes,ridge,season_holdout_2025_26,9,23,1.8270452028231123,2.0915299378512975,1.9473604978535322,1.6212083217391307,1.59162,-0.3261521761144019
porpag,with_minutes,ridge,season_holdout_2025_26,10,23,2.1128665688805026,2.751777559988966,2.402557402598766,2.5295058304347826,2.40926,0.12694842783601668
porpag,with_minutes,elasticnet,season_holdout_2025_26,1,23,-0.8709248732714587,-0.22790543941667396,-0.44277754422479537,-0.018571769130434783,-0.0951073,0.4242057750943605
porpag,with_minutes,elasticnet,season_holdout_2025_26,2,23,-0.18675626858174832,0.23914344420621547,0.0023958649514797463,-0.09616037826086954,0.041649,-0.09855624321234929
porpag,with_minutes,elasticnet,season_holdout_2025_26,3,22,0.25544376175581285,0.4976442073800389,0.3626862199416366,0.09103449454545455,-0.029764560000000002,-0.27165172539618204
porpag,with_minutes,elasticnet,season_holdout_2025_26,4,23,0.507656693286902,0.747981745593898,0.6153925411006166,0.3414725739130434,0.325167,-0.27391996718757305
porpag,with_minutes,elasticnet,season_holdout_2025_26,5,23,0.7483792856802505,1.0492461917833902,0.8787530169596663,0.30375744782608693,0.278466,-0.5749955691335793
porpag,with_minutes,elasticnet,season_holdout_2025_26,6,22,1.0607137359227155,1.3047569640981305,1.1510218928384397,1.2447730454545456,1.1829200000000002,0.0937511526161058
porpag,with_minutes,elasticnet,season_holdout_2025_26,7,23,1.3161905820003401,1.5708704851643709,1.4112519718977174,0.9669637434782609,1.05387,-0.44428822841945703
porpag,with_minutes,elasticnet,season_holdout_2025_26,8,22,1.6116493389522288,1.8054513378657964,1.7122875810982299,1.7020956363636364,1.845555,-0.010191944734593233
porpag,with_minutes,elasticnet,season_holdout_2025_26,9,23,1.820254833513334,2.0311105802602496,1.9264751207892419,1.6260245043478263,1.70367,-0.3004506164414157
porpag,with_minutes,elasticnet,season_holdout_2025_26,10,23,2.0329158491630226,2.8313889270069357,2.343711224907791,2.4810410826086953,2.55191,0.13732985770090533
porpag,with_minutes,random_forest,season_holdout_2025_26,1,23,-0.33469089436319677,0.033301140163034114,-0.09447828944961205,-0.33443380000000006,-0.372433,-0.2399555105503879
porpag,with_minutes,random_forest,season_holdout_2025_26,2,23,0.034585463846666914,0.1708941000490755,0.12032104825576619,0.21024580913043484,0.234921,0.08992476087466861
porpag,with_minutes,random_forest,season_holdout_2025_26,3,22,0.17873054518333958,0.38609857044111706,0.284270890437258,0.06902488545454545,-0.06858726,-0.21524600498271254
porpag,with_minutes,random_forest,season_holdout_2025_26,4,23,0.3910276804814533,0.583972252683575,0.48044709970619515,0.24163744347826088,0.240444,-0.23880965622793432
porpag,with_minutes,random_forest,season_holdout_2025_26,5,23,0.5848170008352125,0.8422361559305119,0.7280658425410279,0.6048323086956521,0.550849,-0.12323353384537558
porpag,with_minutes,random_forest,season_holdout_2025_26,6,22,0.856627403305251,1.0860280474376425,0.9665867613127223,1.2431069545454545,1.293965,0.2765201932327322
porpag,with_minutes,random_forest,season_holdout_2025_26,7,23,1.0981726994445504,1.3343160510158392,1.2037243412636771,1.1774558739130436,1.19394,-0.026268467350633793
porpag,with_minutes,random_forest,season_holdout_2025_26,8,22,1.3387836752364073,1.722048898280293,1.5163665796727235,1.6064431727272728,1.8769550000000002,0.09007659305454944
porpag,with_minutes,random_forest,season_holdout_2025_26,9,23,1.7224056089105528,2.0321283133589225,1.8706266465624746,1.5168538956521735,1.62666,-0.35377275091030097
porpag,with_minutes,random_forest,season_holdout_2025_26,10,23,2.0528642978231493,3.0656794099889884,2.5455239557161766,2.302075656521739,2.39672,-0.2434482991944371
porpag,with_minutes,extra_trees,season_holdout_2025_26,1,23,-0.2900479310064882,0.07768464023991667,-0.03721054364307971,-0.11561640826086954,-0.194476,-0.07840586461778985
porpag,with_minutes,extra_trees,season_holdout_2025_26,2,23,0.09157135705803572,0.2750816698563927,0.17515998469416924,-0.03360947391304348,0.0819813,-0.20876945860721277
porpag,with_minutes,extra_trees,season_holdout_2025_26,3,22,0.2796276195741189,0.4010769304981547,0.33406129779775867,0.03478333181818182,-0.05024205,-0.29927796597957684
porpag,with_minutes,extra_trees,season_holdout_2025_26,4,23,0.41515691214119044,0.5416732059463095,0.4806635843230248,0.34139869043478266,0.300247,-0.1392648938882422
porpag,with_minutes,extra_trees,season_holdout_2025_26,5,23,0.5549353635813931,0.8481696501957141,0.7376057397951818,0.5422500043478261,0.510921,-0.19535573544735554
porpag,with_minutes,extra_trees,season_holdout_2025_26,6,22,0.8548263685803582,1.0706912182233324,1.0010575595125362,0.9599929545454544,1.0515500000000002,-0.04106460496708169
porpag,with_minutes,extra_trees,season_holdout_2025_26,7,23,1.089373684925477,1.3774543322948813,1.2098031192629615,1.4945719173913041,1.49826,0.28476879812834277
porpag,with_minutes,extra_trees,season_holdout_2025_26,8,22,1.3779193430892855,1.7095407737619057,1.519103599490441,1.539090445454545,1.611035,0.01998684596410497
porpag,with_minutes,extra_trees,season_holdout_2025_26,9,23,1.7195837788483346,2.14289911199881,1.878884153724766,1.5397689434782609,1.62666,-0.3391152102465053
porpag,with_minutes,extra_trees,season_holdout_2025_26,10,23,2.1664119269535718,3.03236900429524,2.403175490254213,2.317885347826087,2.39672,-0.08529014242812567
porpag,with_minutes,gradient_boosting,season_holdout_2025_26,1,23,-0.5710083087036958,0.015681333791731932,-0.16600818143108817,-0.27670778695652176,-0.372433,-0.11069960552543366
porpag,with_minutes,gradient_boosting,season_holdout_2025_26,2,23,0.039368175296529716,0.19357189317411222,0.11449677168039542,0.20208836130434776,0.181587,0.08759158962395239
porpag,with_minutes,gradient_boosting,season_holdout_2025_26,3,22,0.19856302369340054,0.34637200164635384,0.2701088331812151,0.1736462409090909,0.1355978,-0.09646259227212418
porpag,with_minutes,gradient_boosting,season_holdout_2025_26,4,23,0.34859521299227353,0.6257037406516724,0.4915361118797548,0.30716227826086945,0.274176,-0.1843738336188853
porpag,with_minutes,gradient_boosting,season_holdout_2025_26,5,23,0.6449352311891575,0.8795134391677099,0.7560103450183583,0.7920686078260869,0.655691,0.03605826280772885
porpag,with_minutes,gradient_boosting,season_holdout_2025_26,6,22,0.8930000669763661,1.1130232867741083,1.0065968631197368,0.7822575363636364,0.6501945,-0.22433932675610058
porpag,with_minutes,gradient_boosting,season_holdout_2025_26,7,23,1.1320949309103518,1.4125227452225992,1.2427480942504077,1.3284234086956521,1.40883,0.0856753144452445
porpag,with_minutes,gradient_boosting,season_holdout_2025_26,8,22,1.414595692304786,1.6605749400918353,1.5292860067783316,1.375383109090909,1.34943,-0.1539028976874225
porpag,with_minutes,gradient_boosting,season_holdout_2025_26,9,23,1.688299169754923,1.946280617584376,1.8051374027854639,1.608248347826087,1.78407,-0.19688905495937714
porpag,with_minutes,gradient_boosting,season_holdout_2025_26,10,23,1.9511351734525726,3.693502667235908,2.490000621169858,2.3191378304347823,2.40926,-0.17086279073507524
porpag,with_minutes,hist_gradient_boosting,season_holdout_2025_26,1,23,-0.5385405067188717,-0.04502714856251361,-0.22641495862121963,-0.20272686043478264,-0.194476,0.023688098186436995
porpag,with_minutes,hist_gradient_boosting,season_holdout_2025_26,2,23,-0.03572702317337336,0.1526122884977891,0.07137817435300887,-0.07480675217391304,-0.107511,-0.14618492652692194
porpag,with_minutes,hist_gradient_boosting,season_holdout_2025_26,3,22,0.16389542914185976,0.37706810882885033,0.29835517422719954,0.2391804909090909,0.1795405,-0.05917468331810864
porpag,with_minutes,hist_gradient_boosting,season_holdout_2025_26,4,23,0.3889896823262038,0.6304187699957218,0.5159160546766582,0.31883861304347827,0.244293,-0.19707744163317997
porpag,with_minutes,hist_gradient_boosting,season_holdout_2025_26,5,23,0.6322697660219976,0.8076895201462304,0.7335267274245075,0.5342950339130434,0.642325,-0.199231693511464
porpag,with_minutes,hist_gradient_boosting,season_holdout_2025_26,6,22,0.8345364019929767,1.090431270776553,0.9871782745609324,1.2589235636363634,1.28342,0.27174528907543116
porpag,with_minutes,hist_gradient_boosting,season_holdout_2025_26,7,23,1.0920046317641405,1.3919122306014708,1.2434649968655163,1.3209019173913044,1.13316,0.07743692052578828
porpag,with_minutes,hist_gradient_boosting,season_holdout_2025_26,8,22,1.4168684886220857,1.7062738999271088,1.5268922719681344,1.6725532636363638,1.8883100000000002,0.14566099166822932
porpag,with_minutes,hist_gradient_boosting,season_holdout_2025_26,9,23,1.70998349348147,2.1894113641376998,1.951259480749718,1.4096830695652174,1.3794,-0.5415764111845005
porpag,with_minutes,hist_gradient_boosting,season_holdout_2025_26,10,23,2.196720910881804,3.5309020806960363,2.8166530801264487,2.1713599608695655,2.19602,-0.6452931192568834
porpag,with_minutes,knn,season_holdout_2025_26,1,23,0.0027644877232598617,0.41419637475602394,0.2706136874825295,-0.14626963869565213,-0.336691,-0.41688332617818175
porpag,with_minutes,knn,season_holdout_2025_26,2,23,0.4260547495667035,0.6492225053000629,0.5533119263993003,0.7390546826086958,0.788205,0.18574275620939534
porpag,with_minutes,knn,season_holdout_2025_26,3,22,0.6539032620226338,0.8381094042189967,0.7575295334385251,0.34221535000000003,0.2780545,-0.4153141834385253
porpag,with_minutes,knn,season_holdout_2025_26,4,23,0.8403980971053464,0.9120747421968161,0.8824659035376199,0.8574113652173913,0.708306,-0.02505453832022857
porpag,with_minutes,knn,season_holdout_2025_26,5,23,0.9137199356615574,1.0650084827547925,1.0001882100243784,0.6604967608695652,0.655691,-0.33969144915481353
porpag,with_minutes,knn,season_holdout_2025_26,6,22,1.0712457270172377,1.2080955804983604,1.124866118126774,0.7096500127272728,0.4405255,-0.41521610539950127
porpag,with_minutes,knn,season_holdout_2025_26,7,23,1.2360800814414026,1.3517505371026513,1.2940044490097358,0.9840691739130433,1.05387,-0.3099352750966923
porpag,with_minutes,knn,season_holdout_2025_26,8,22,1.3538298091322776,1.5072546728830114,1.4462475715508478,1.0094598499999998,0.7100625,-0.43678772155084766
porpag,with_minutes,knn,season_holdout_2025_26,9,23,1.509608851064851,1.7311187266307893,1.6060205968589132,1.5853768695652173,1.46731,-0.020643727293695603
porpag,with_minutes,knn,season_holdout_2025_26,10,23,1.7354731242135408,2.3372961545813205,1.9052652801703585,1.8585060434782608,1.8342,-0.046759236692097444
porpag,with_minutes,svr_rbf,season_holdout_2025_26,1,23,-0.9343865511678692,-0.019840337374836148,-0.3464091930234366,-0.3105734517391304,-0.411159,0.035835741284306076
porpag,with_minutes,svr_rbf,season_holdout_2025_26,2,23,-0.014354698520144482,0.2863729254997581,0.16802465262958302,0.2039807043478261,0.181587,0.03595605171824308
porpag,with_minutes,svr_rbf,season_holdout_2025_26,3,22,0.28696638855615253,0.4844818983992685,0.38746385931848,0.23732704999999996,0.31916449999999996,-0.15013680931847997
porpag,with_minutes,svr_rbf,season_holdout_2025_26,4,23,0.4936443283000629,0.7253564289068182,0.6081676865009726,0.6008549469565218,0.440335,-0.007312739544450958
porpag,with_minutes,svr_rbf,season_holdout_2025_26,5,23,0.7507119236768298,0.9305046398625682,0.8342694607275661,0.5503179608695652,0.307377,-0.2839514998580007
porpag,with_minutes,svr_rbf,season_holdout_2025_26,6,22,0.9483146976810389,1.132629371543751,1.0355925254671037,0.9497749545454544,1.14795,-0.08581757092164927
porpag,with_minutes,svr_rbf,season_holdout_2025_26,7,23,1.1498694360502353,1.357447751646717,1.2620097939391481,1.0979102304347825,1.08577,-0.16409956350436558
porpag,with_minutes,svr_rbf,season_holdout_2025_26,8,22,1.359201694124855,1.562306978852399,1.4738092742777544,1.5959059545454546,1.684565,0.12209668026770003
porpag,with_minutes,svr_rbf,season_holdout_2025_26,9,23,1.5645555001449627,1.8836334353801507,1.7054416748294283,1.454376408695652,1.49765,-0.2510652661337765
porpag,with_minutes,svr_rbf,season_holdout_2025_26,10,23,1.8874557860934507,2.9122858870594825,2.1734260775676937,2.2514732217391304,2.26568,0.07804714417143699
bpm,no_minutes,mean,season_holdout_2025_26,1,25,-2.63475530809628,-2.63475530809628,-2.63475530809628,-4.098754976,-3.12295,-1.4639996679037202
bpm,no_minutes,mean,season_holdout_2025_26,2,25,-2.63475530809628,-2.63475530809628,-2.63475530809628,-4.241910359999999,-3.07338,-1.6071550519037203
bpm,no_minutes,mean,season_holdout_2025_26,3,24,-2.63475530809628,-2.63475530809628,-2.63475530809628,-2.628972125,-2.6353099999999996,0.005783183096279713
bpm,no_minutes,mean,season_holdout_2025_26,4,25,-2.63475530809628,-2.63475530809628,-2.63475530809628,-3.6387495847999998,-2.23411,-1.00399427670372
bpm,no_minutes,mean,season_holdout_2025_26,5,24,-2.63475530809628,-2.63475530809628,-2.63475530809628,-0.805064125,-1.379375,1.8296911830962799
bpm,no_minutes,mean,season_holdout_2025_26,6,25,-2.63475530809628,-2.63475530809628,-2.63475530809628,-1.9070828,-2.30097,0.7276725080962798
bpm,no_minutes,mean,season_holdout_2025_26,7,24,-2.63475530809628,-2.63475530809628,-2.63475530809628,-3.6496943749999997,-3.5755850000000002,-1.0149390669037202
bpm,no_minutes,mean,season_holdout_2025_26,8,25,-2.63475530809628,-2.63475530809628,-2.63475530809628,-1.9746547199999998,-1.86566,0.6601005880962798
bpm,no_minutes,mean,season_holdout_2025_26,9,24,-2.63475530809628,-2.63475530809628,-2.63475530809628,-4.309960875000001,-4.0774,-1.6752055669037205
bpm,no_minutes,mean,season_holdout_2025_26,10,25,-2.63475530809628,-2.63475530809628,-2.63475530809628,-1.2671644480000004,-3.02482,1.3675908600962796
bpm,no_minutes,ridge,season_holdout_2025_26,1,25,-8.485702515507736,-4.540772384732865,-5.3922908876985325,-2.9499516,-2.14717,2.442339287698532
bpm,no_minutes,ridge,season_holdout_2025_26,2,25,-4.5235371373000035,-3.415923663332379,-3.9091678290179317,-3.9566643999999997,-2.88558,-0.047496570982068886
bpm,no_minutes,ridge,season_holdout_2025_26,3,24,-3.3446444958578794,-2.867273397247854,-3.1211301940607066,-2.705744979166667,-3.771525,0.41538521489403957
bpm,no_minutes,ridge,season_holdout_2025_26,4,25,-2.845034229251501,-2.442085853961741,-2.6686118553520743,-3.8067444679999998,-3.37505,-1.1381326126479259
bpm,no_minutes,ridge,season_holdout_2025_26,5,24,-2.431158813001299,-2.1232206660841455,-2.281230860863966,-4.198719625,-3.85299,-1.9174887641360332
bpm,no_minutes,ridge,season_holdout_2025_26,6,25,-2.1098736842680434,-1.6455263442210415,-1.8524850849402008,-3.46917872,-2.79604,-1.6166936350597991
bpm,no_minutes,ridge,season_holdout_2025_26,7,24,-1.6127036850960534,-0.9589221013128904,-1.33599096584907,-3.5739898166666664,-3.389725,-2.2379988508175965
bpm,no_minutes,ridge,season_holdout_2025_26,8,25,-0.9550590861112329,-0.45270477517002927,-0.7383884520324949,-2.4295167608000003,-1.88684,-1.6911283087675053
bpm,no_minutes,ridge,season_holdout_2025_26,9,24,-0.4278773746724458,0.40542629068920455,-0.096412634093484,-1.6609360000000002,-0.1321885,-1.564523365906516
bpm,no_minutes,ridge,season_holdout_2025_26,10,25,0.4622967627084007,3.5646962068229486,1.6591137762358232,0.19961002399999994,0.146804,-1.4595037522358236
bpm,no_minutes,elasticnet,season_holdout_2025_26,1,25,-8.39401102483211,-4.520600306559699,-5.339224932822559,-2.8844305200000004,-2.14717,2.4547944128225594
bpm,no_minutes,elasticnet,season_holdout_2025_26,2,25,-4.367833937610015,-3.3884308883897036,-3.81266258357486,-4.022185479999999,-2.88558,-0.20952289642514008
bpm,no_minutes,elasticnet,season_holdout_2025_26,3,24,-3.3687913905023823,-2.817577283635413,-3.075928427865506,-2.250012208333333,-3.3154399999999997,0.8259162195321729
bpm,no_minutes,elasticnet,season_holdout_2025_26,4,25,-2.80467187661226,-2.417429238076767,-2.6401427494419196,-4.191600328,-3.81127,-1.55145757855808
bpm,no_minutes,elasticnet,season_holdout_2025_26,5,24,-2.4142556361095755,-2.1433800325937415,-2.2654270442994533,-4.886235041666667,-3.85299,-2.620807997367214
bpm,no_minutes,elasticnet,season_holdout_2025_26,6,25,-2.0310362086632057,-1.6668418389031352,-1.83637242022804,-3.362514264,-2.79604,-1.52614184377196
bpm,no_minutes,elasticnet,season_holdout_2025_26,7,24,-1.6130617080915963,-1.052645825956417,-1.3762206878383096,-3.167330708333333,-3.389725,-1.7911100204950234
bpm,no_minutes,elasticnet,season_holdout_2025_26,8,25,-1.030530239438022,-0.5607257800004808,-0.8009216354962981,-2.5497259608,-1.92159,-1.7488043253037018
bpm,no_minutes,elasticnet,season_holdout_2025_26,9,24,-0.5568384703705043,0.2214966698500338,-0.20111497693174554,-1.496236916666667,-0.1321885,-1.2951219397349212
bpm,no_minutes,elasticnet,season_holdout_2025_26,10,25,0.34081912776942147,3.479600555525736,1.5604248681491455,0.272018104,0.575869,-1.2884067641491461
bpm,no_minutes,random_forest,season_holdout_2025_26,1,25,-8.405563292432088,-4.272484310002756,-5.483005221205485,-4.01504594,-2.85177,1.467959281205485
bpm,no_minutes,random_forest,season_holdout_2025_26,2,25,-4.2529080761591835,-3.5742504098048853,-3.945328722429461,-3.91722164,-4.41017,0.028107082429461024
bpm,no_minutes,random_forest,season_holdout_2025_26,3,24,-3.5733568497893877,-2.879889738368861,-3.157676136675198,-2.2875822083333333,-2.624885,0.8700939283418648
bpm,no_minutes,random_forest,season_holdout_2025_26,4,25,-2.8665297366947113,-2.476272217099747,-2.6958538332801036,-5.77274988,-5.00226,-3.0768960467198965
bpm,no_minutes,random_forest,season_holdout_2025_26,5,24,-2.4646012529816743,-2.1611946829250246,-2.3092506175325904,-3.7418200416666667,-3.497465,-1.4325694241340763
bpm,no_minutes,random_forest,season_holdout_2025_26,6,25,-2.1460612695053674,-1.7996774874366708,-1.9692488299845956,-2.758776408,-2.68576,-0.7895275780154045
bpm,no_minutes,random_forest,season_holdout_2025_26,7,24,-1.7477884004868631,-1.408190199890156,-1.6027261923959777,-1.4655950625,-1.70654,0.13713112989597775
bpm,no_minutes,random_forest,season_holdout_2025_26,8,25,-1.3798473611358946,-0.7638031765457945,-1.069896587292882,-2.34579428,-3.05411,-1.2758976927071177
bpm,no_minutes,random_forest,season_holdout_2025_26,9,24,-0.7117404900049893,-0.2332265522664203,-0.5237071504195377,-0.06215627583333324,0.341161,0.4615508745862045
bpm,no_minutes,random_forest,season_holdout_2025_26,10,25,-0.09600550717977707,1.8999589280308264,0.4954241656175573,-2.001805136,-1.14827,-2.4972293016175575
bpm,no_minutes,extra_trees,season_holdout_2025_26,1,25,-6.951388113214286,-4.254955259219639,-5.280130511253429,-2.68643426,-2.15127,2.5936962512534283
bpm,no_minutes,extra_trees,season_holdout_2025_26,2,25,-4.235584710458331,-3.421672162173216,-3.748222204468285,-5.089212320000001,-4.06416,-1.3409901155317143
bpm,no_minutes,extra_trees,season_holdout_2025_26,3,24,-3.372562829160715,-2.977724913613689,-3.212059013346874,-4.675577583333333,-4.1152750000000005,-1.4635185699864595
bpm,no_minutes,extra_trees,season_holdout_2025_26,4,25,-2.9151283417976197,-2.633590854394644,-2.777166563452263,-4.307294328,-4.14722,-1.5301277645477376
bpm,no_minutes,extra_trees,season_holdout_2025_26,5,24,-2.616375492083928,-2.2369744752279757,-2.443926432662351,-3.914825875,-3.60464,-1.4708994423376487
bpm,no_minutes,extra_trees,season_holdout_2025_26,6,25,-2.2337820387166665,-1.9198605069285721,-2.0793607226510007,-2.83203848,-2.87676,-0.7526777573489997
bpm,no_minutes,extra_trees,season_holdout_2025_26,7,24,-1.8957248623208323,-1.5300372044452388,-1.7187005711318453,-2.3685315625,-2.186315,-0.6498309913681547
bpm,no_minutes,extra_trees,season_holdout_2025_26,8,25,-1.459612844867263,-0.9081493013107138,-1.204004224384548,-0.31546148,-1.19778,0.8885427443845478
bpm,no_minutes,extra_trees,season_holdout_2025_26,9,24,-0.8849542556392861,-0.2096802839220238,-0.5882363604422868,-0.35319647500000007,-0.013640699999999999,0.23503988544228685
bpm,no_minutes,extra_trees,season_holdout_2025_26,10,25,-0.0960624541273809,2.1169069028803578,0.6139122297462858,-1.9761736248000004,-1.14827,-2.590085854546286
bpm,no_minutes,gradient_boosting,season_holdout_2025_26,1,25,-12.902904629382594,-5.226351313312748,-7.216284709548904,-2.9295371599999998,-2.45926,4.286747549548905
bpm,no_minutes,gradient_boosting,season_holdout_2025_26,2,25,-5.200140271266625,-3.678814480862949,-4.235112825041689,-3.8100124200000005,-3.12295,0.42510040504168956
bpm,no_minutes,gradient_boosting,season_holdout_2025_26,3,24,-3.6689293290467924,-2.9686999802453022,-3.2981838135238846,-3.213225583333333,-3.47046,0.08495823019055145
bpm,no_minutes,gradient_boosting,season_holdout_2025_26,4,25,-2.9387794830252703,-2.4353934739902385,-2.6490928653184262,-3.36970152,-3.34439,-0.7206086546815738
bpm,no_minutes,gradient_boosting,season_holdout_2025_26,5,24,-2.4210930343229253,-2.0835491571372486,-2.227467678672179,-2.2475791458333334,-2.991525,-0.020111467161154157
bpm,no_minutes,gradient_boosting,season_holdout_2025_26,6,25,-2.0577317720051274,-1.8028040176607116,-1.9249785691258137,-4.33310676,-2.72785,-2.4081281908741867
bpm,no_minutes,gradient_boosting,season_holdout_2025_26,7,24,-1.7862147361812206,-1.2443300236301966,-1.4890903046423176,-4.0185911333333335,-3.84842,-2.529500828691016
bpm,no_minutes,gradient_boosting,season_holdout_2025_26,8,25,-1.2047000747827348,-0.5129985871704216,-0.850018328682296,-2.1879923999999997,-3.05411,-1.337974071317704
bpm,no_minutes,gradient_boosting,season_holdout_2025_26,9,24,-0.5109389630520893,0.23026459360269647,-0.2340241065454203,-1.7758756333333334,0.0014149000000000037,-1.5418515267879132
bpm,no_minutes,gradient_boosting,season_holdout_2025_26,10,25,0.23336117896983813,3.7296753336293462,1.2713045868033162,-0.6308498328,-0.689262,-1.9021544196033162
bpm,no_minutes,hist_gradient_boosting,season_holdout_2025_26,1,25,-12.05627935931064,-5.4096791417866745,-6.919179297606547,-2.5182977799999997,-2.15127,4.400881517606547
bpm,no_minutes,hist_gradient_boosting,season_holdout_2025_26,2,25,-5.283568444648813,-4.124370954417592,-4.6587868640532495,-3.6021144000000005,-3.62629,1.056672464053249
bpm,no_minutes,hist_gradient_boosting,season_holdout_2025_26,3,24,-4.108890632188422,-3.2965950414481053,-3.6055474792704643,-4.109429791666667,-3.8763199999999998,-0.503882312396203
bpm,no_minutes,hist_gradient_boosting,season_holdout_2025_26,4,25,-3.1879326889213786,-2.33567390388924,-2.730077735582845,-4.29099812,-3.70607,-1.5609203844171549
bpm,no_minutes,hist_gradient_boosting,season_holdout_2025_26,5,24,-2.327759609587547,-1.8835562227507567,-2.1464436181198443,-1.632232625,-1.146671,0.5142109931198441
bpm,no_minutes,hist_gradient_boosting,season_holdout_2025_26,6,25,-1.8642048213620863,-1.3007733238573205,-1.6036977589048638,-3.0869160200000003,-2.95049,-1.4832182610951363
bpm,no_minutes,hist_gradient_boosting,season_holdout_2025_26,7,24,-1.2972902217974192,-0.6430273611656705,-0.9156240153936319,-2.174157675,-2.2887,-1.2585336596063683
bpm,no_minutes,hist_gradient_boosting,season_holdout_2025_26,8,25,-0.623306245604474,-0.030887833665292984,-0.33833135110990553,-4.0960262720000005,-3.58101,-3.7576949208900943
bpm,no_minutes,hist_gradient_boosting,season_holdout_2025_26,9,24,-0.010365182087016016,0.8440968409838892,0.45402355735198885,-1.1652868175,-1.1719075,-1.6193103748519888
bpm,no_minutes,hist_gradient_boosting,season_holdout_2025_26,10,25,0.8513458010677303,3.6530527633974885,1.8606160742851838,-1.7540455040000003,-1.14827,-3.614661578285184
bpm,no_minutes,knn,season_holdout_2025_26,1,25,-7.535581682486751,-4.214775442175756,-5.00611073702478,-3.0207215,-3.34439,1.9853892370247797
bpm,no_minutes,knn,season_holdout_2025_26,2,25,-4.188096773913487,-3.435485153370681,-3.8164402472603207,-4.0274006,-4.59608,-0.21096035273967892
bpm,no_minutes,knn,season_holdout_2025_26,3,24,-3.3649435022763634,-2.9558866644132054,-3.145158881880095,-3.0696508750000002,-1.851505,0.07550800688009544
bpm,no_minutes,knn,season_holdout_2025_26,4,25,-2.9276564978197834,-2.539663978790635,-2.7376912560710855,-2.9887722,-2.88558,-0.2510809439289149
bpm,no_minutes,knn,season_holdout_2025_26,5,24,-2.5323719677226375,-2.1480982706072593,-2.3523349894790964,-5.022258833333334,-3.6389899999999997,-2.6699238438542374
bpm,no_minutes,knn,season_holdout_2025_26,6,25,-2.122412224729682,-1.7709418762367823,-1.9573398966715925,-1.940858644,-2.49018,0.016481252671592693
bpm,no_minutes,knn,season_holdout_2025_26,7,24,-1.7684561230897395,-1.4161638323715764,-1.6246904158329576,-3.0359404583333336,-3.90307,-1.4112500425003758
bpm,no_minutes,knn,season_holdout_2025_26,8,25,-1.4127902448905192,-0.9139169491362278,-1.1392729149536065,-3.288916608,-2.95049,-2.149643693046394
bpm,no_minutes,knn,season_holdout_2025_26,9,24,-0.9128876417262813,-0.3766494531165259,-0.6411774944129149,-1.4578357666666666,-1.228895,-0.8166582722537518
bpm,no_minutes,knn,season_holdout_2025_26,10,25,-0.3202041103559952,1.0649217117994465,0.19360354645872666,-0.7173326808000001,-0.42578,-0.9109362272587268
bpm,no_minutes,svr_rbf,season_holdout_2025_26,1,25,-5.168797572046368,-3.4257720623591634,-4.016488061226119,-4.31765552,-4.59052,-0.30116745877388135
bpm,no_minutes,svr_rbf,season_holdout_2025_26,2,25,-3.398491224266327,-3.0484945152414644,-3.2041093239205565,-4.94671822,-4.14722,-1.742608896079443
bpm,no_minutes,svr_rbf,season_holdout_2025_26,3,24,-3.0032972597337135,-2.509539309835858,-2.776546662026768,-4.720472624999999,-3.892165,-1.943925962973232
bpm,no_minutes,svr_rbf,season_holdout_2025_26,4,25,-2.5024095928019006,-2.238952379317933,-2.3582207259769072,-3.83773752,-3.70022,-1.4795167940230929
bpm,no_minutes,svr_rbf,season_holdout_2025_26,5,24,-2.2320136435378,-2.03221210295537,-2.146054860976054,-1.9513843624999998,-2.28947,0.19467049847605367
bpm,no_minutes,svr_rbf,season_holdout_2025_26,6,25,-2.0285409885481096,-1.6313989555619668,-1.8521014360043764,-2.81208472,-2.79604,-0.9599832839956233
bpm,no_minutes,svr_rbf,season_holdout_2025_26,7,24,-1.5263600667957775,-1.122873710434734,-1.3261424559655863,-1.1066425000000002,-1.68576,0.21949995596558627
bpm,no_minutes,svr_rbf,season_holdout_2025_26,8,25,-1.1216214436319474,-0.6716423814164953,-0.9124879076406143,-2.656185072,-1.92159,-1.7436971643593862
bpm,no_minutes,svr_rbf,season_holdout_2025_26,9,24,-0.6688450382342068,-0.11040616392564728,-0.43543586588364613,-0.8816193591666668,0.28584898999999997,-0.4461834932830211
bpm,no_minutes,svr_rbf,season_holdout_2025_26,10,25,-0.06823022288355562,2.2280756609050654,0.7479150221677903,-1.182165584,-1.14827,-1.9300806061677904
bpm,with_minutes,mean,season_holdout_2025_26,1,25,-2.63475530809628,-2.63475530809628,-2.63475530809628,-4.098754976,-3.12295,-1.4639996679037202
bpm,with_minutes,mean,season_holdout_2025_26,2,25,-2.63475530809628,-2.63475530809628,-2.63475530809628,-4.241910359999999,-3.07338,-1.6071550519037203
bpm,with_minutes,mean,season_holdout_2025_26,3,24,-2.63475530809628,-2.63475530809628,-2.63475530809628,-2.628972125,-2.6353099999999996,0.005783183096279713
bpm,with_minutes,mean,season_holdout_2025_26,4,25,-2.63475530809628,-2.63475530809628,-2.63475530809628,-3.6387495847999998,-2.23411,-1.00399427670372
bpm,with_minutes,mean,season_holdout_2025_26,5,24,-2.63475530809628,-2.63475530809628,-2.63475530809628,-0.805064125,-1.379375,1.8296911830962799
bpm,with_minutes,mean,season_holdout_2025_26,6,25,-2.63475530809628,-2.63475530809628,-2.63475530809628,-1.9070828,-2.30097,0.7276725080962798
bpm,with_minutes,mean,season_holdout_2025_26,7,24,-2.63475530809628,-2.63475530809628,-2.63475530809628,-3.6496943749999997,-3.5755850000000002,-1.0149390669037202
bpm,with_minutes,mean,season_holdout_2025_26,8,25,-2.63475530809628,-2.63475530809628,-2.63475530809628,-1.9746547199999998,-1.86566,0.6601005880962798
bpm,with_minutes,mean,season_holdout_2025_26,9,24,-2.63475530809628,-2.63475530809628,-2.63475530809628,-4.309960875000001,-4.0774,-1.6752055669037205
bpm,with_minutes,mean,season_holdout_2025_26,10,25,-2.63475530809628,-2.63475530809628,-2.63475530809628,-1.2671644480000004,-3.02482,1.3675908600962796
bpm,with_minutes,ridge,season_holdout_2025_26,1,25,-10.856951269396047,-7.586302766637411,-9.005308196613065,-8.272394,-8.02209,0.7329141966130641
bpm,with_minutes,ridge,season_holdout_2025_26,2,25,-7.5642584593097615,-5.290135393472075,-6.308383242620676,-5.1618556799999995,-5.1681,1.1465275626206755
bpm,with_minutes,ridge,season_holdout_2025_26,3,24,-5.040449618648447,-3.5038487391756425,-4.1633556997092285,-3.696429125,-3.99046,0.4669265747092286
bpm,with_minutes,ridge,season_holdout_2025_26,4,25,-3.4307311554481066,-2.5820626151913046,-2.910479803472638,-3.42736988,-3.11935,-0.5168900765273619
bpm,with_minutes,ridge,season_holdout_2025_26,5,24,-2.546479754320327,-1.9310113547934875,-2.2002474782117827,-2.836180758333333,-2.9180349999999997,-0.6359332801215504
bpm,with_minutes,ridge,season_holdout_2025_26,6,25,-1.902315763110531,-1.136252918062194,-1.5264235426560433,-2.74318604,-3.02482,-1.2167624973439566
bpm,with_minutes,ridge,season_holdout_2025_26,7,24,-1.1138018580109585,-0.6089571543489274,-0.8762423121938685,-1.9301146874999997,-1.490895,-1.0538723753061316
bpm,with_minutes,ridge,season_holdout_2025_26,8,25,-0.5694822344637689,0.28459869846923835,-0.16322572065579483,-1.61420994,-1.92159,-1.450984219344205
bpm,with_minutes,ridge,season_holdout_2025_26,9,24,0.29762929195240173,1.6705444857954508,0.8738010488957754,-0.5957134175000001,-0.6092010000000001,-1.4695144663957755
bpm,with_minutes,ridge,season_holdout_2025_26,10,25,1.6909932128603884,6.8569892678376005,2.8977242621451413,1.84885528,2.0997,-1.0488689821451416
bpm,with_minutes,elasticnet,season_holdout_2025_26,1,25,-10.851464453823892,-7.593259995274059,-8.991373380394506,-8.7930324,-8.70551,0.19834098039450623
bpm,with_minutes,elasticnet,season_holdout_2025_26,2,25,-7.564678402528535,-5.052359432496189,-6.2526747344232865,-4.641217279999999,-4.84156,1.6114574544232874
bpm,with_minutes,elasticnet,season_holdout_2025_26,3,24,-5.01872303949573,-3.3993649816539406,-4.16492167970506,-3.696429125,-3.99046,0.46849255470505974
bpm,with_minutes,elasticnet,season_holdout_2025_26,4,25,-3.3346829384771635,-2.4904329563650123,-2.8850886281549735,-2.81608388,-2.87676,0.06900474815497404
bpm,with_minutes,elasticnet,season_holdout_2025_26,5,24,-2.4893668517613636,-1.844048255759955,-2.1973003184850994,-2.860088675,-3.15263,-0.6627883565149002
bpm,with_minutes,elasticnet,season_holdout_2025_26,6,25,-1.8187717195994875,-1.1396094403471384,-1.4979453482171454,-3.67238652,-3.14042,-2.1744411717828545
bpm,with_minutes,elasticnet,season_holdout_2025_26,7,24,-1.104662929965451,-0.6153520412035127,-0.8902292552957917,-1.7420499791666668,-1.490895,-0.8518207238708752
bpm,with_minutes,elasticnet,season_holdout_2025_26,8,25,-0.5851724859436458,0.18897560326076568,-0.20606383733876046,-1.55137718,-1.43451,-1.3453133426612396
bpm,with_minutes,elasticnet,season_holdout_2025_26,9,24,0.23675418285060035,1.4325493998851133,0.7781401683283841,-0.49416008416666674,-0.6092010000000001,-1.2723002524950509
bpm,with_minutes,elasticnet,season_holdout_2025_26,10,25,1.5979948002466289,6.568832554635172,2.7942855243049936,1.84885528,2.0997,-0.945430244304993
bpm,with_minutes,random_forest,season_holdout_2025_26,1,25,-14.864903752305937,-4.475902697050621,-9.480687733504322,-6.3323632,-7.08368,3.1483245335043235
bpm,with_minutes,random_forest,season_holdout_2025_26,2,25,-4.474930454720804,-3.296458616832355,-3.8085930405699746,-4.619963880000001,-4.06416,-0.8113708394300252
bpm,with_minutes,random_forest,season_holdout_2025_26,3,24,-3.22031045995625,-2.776980946779884,-2.975457104190235,-4.9754741666666655,-4.762505,-2.000017062476432
bpm,with_minutes,random_forest,season_holdout_2025_26,4,25,-2.7760160645973655,-2.451156728700881,-2.618705983763019,-3.4334572079999996,-3.70022,-0.814751224236981
bpm,with_minutes,random_forest,season_holdout_2025_26,5,24,-2.425219888020314,-2.033223777591826,-2.2366006206559823,-3.637667125,-3.23886,-1.4010665043440176
bpm,with_minutes,random_forest,season_holdout_2025_26,6,25,-2.0322624944139096,-1.6370203247958803,-1.855416416162511,-2.9992850200000003,-3.07338,-1.1438686038374886
bpm,with_minutes,random_forest,season_holdout_2025_26,7,24,-1.6365602459762654,-1.21912429425157,-1.4696349575671588,-2.990933791666667,-2.23557,-1.5212988340995082
bpm,with_minutes,random_forest,season_holdout_2025_26,8,25,-1.1659181598597308,-0.37824651962823713,-0.734379833641383,-0.5318654999999999,-0.122741,0.2025143336413831
bpm,with_minutes,random_forest,season_holdout_2025_26,9,24,-0.37219559528882984,0.35744965268634965,-0.07277247062550077,-0.7124157091666667,-0.28119951,-0.639643238541166
bpm,with_minutes,random_forest,season_holdout_2025_26,10,25,0.4096532218639804,2.4465180937654183,1.3578903096004098,1.6745052400000002,1.64966,0.3166149303995906
bpm,with_minutes,extra_trees,season_holdout_2025_26,1,25,-14.438940177458342,-5.32096835975595,-8.63327065569343,-6.6141328,-7.38058,2.0191378556934296
bpm,with_minutes,extra_trees,season_holdout_2025_26,2,25,-5.201216315351192,-3.2751260010267873,-4.085454634643405,-4.1814824,-4.06416,-0.09602776535659516
bpm,with_minutes,extra_trees,season_holdout_2025_26,3,24,-3.259504072639879,-2.699300483783331,-2.9412986791032236,-4.363779833333333,-3.8856349999999997,-1.4224811542301092
bpm,with_minutes,extra_trees,season_holdout_2025_26,4,25,-2.6849030749875005,-2.378338622440474,-2.5141443040567615,-4.679606408,-4.2475,-2.1654621039432387
bpm,with_minutes,extra_trees,season_holdout_2025_26,5,24,-2.366765573239285,-2.0247099164309517,-2.1898967568120535,-3.200027875,-2.371595,-1.0101311181879467
bpm,with_minutes,extra_trees,season_holdout_2025_26,6,25,-2.020511594315477,-1.761813457497026,-1.8724430466685476,-3.4065711,-3.70607,-1.5341280533314525
bpm,with_minutes,extra_trees,season_holdout_2025_26,7,24,-1.694365869509524,-1.1293636681660708,-1.4438010901604663,-2.532937375,-3.038985,-1.0891362848395334
bpm,with_minutes,extra_trees,season_holdout_2025_26,8,25,-1.0785915499309522,-0.5386155645690468,-0.866144673453,-1.23523086,-1.32424,-0.3690861865470001
bpm,with_minutes,extra_trees,season_holdout_2025_26,9,24,-0.45930678823630944,0.18384418677261913,-0.10648925126235116,-0.21193829250000004,0.28584898999999997,-0.10544904123764882
bpm,with_minutes,extra_trees,season_holdout_2025_26,10,25,0.21438413742559537,4.193099797430953,1.8200493653666427,1.94709888,2.19143,0.12704951463335742
bpm,with_minutes,gradient_boosting,season_holdout_2025_26,1,25,-18.25740375783616,-4.959921484294513,-8.696547105431476,-5.9037688,-5.58257,2.7927783054314763
bpm,with_minutes,gradient_boosting,season_holdout_2025_26,2,25,-4.909283035919563,-3.4343717529121554,-4.0345376395044426,-4.6232798,-3.85451,-0.5887421604955574
bpm,with_minutes,gradient_boosting,season_holdout_2025_26,3,24,-3.3500956318844333,-2.786464442148809,-3.0369645097987106,-4.9348375,-4.368485,-1.8978729902012894
bpm,with_minutes,gradient_boosting,season_holdout_2025_26,4,25,-2.78528106440032,-2.3193973254690756,-2.5394566829018803,-4.60761004,-4.2475,-2.0681533570981196
bpm,with_minutes,gradient_boosting,season_holdout_2025_26,5,24,-2.2859507539850332,-1.9346499329751956,-2.0918332243311184,-3.0857907583333333,-2.64177,-0.9939575340022148
bpm,with_minutes,gradient_boosting,season_holdout_2025_26,6,25,-1.9215056058513207,-1.4963976302454731,-1.7181637843670186,-3.84361458,-2.88558,-2.1254507956329816
bpm,with_minutes,gradient_boosting,season_holdout_2025_26,7,24,-1.4956376822626207,-1.0301080438485102,-1.2911384076589933,-1.8937354166666667,-3.1069,-0.6025970090076733
bpm,with_minutes,gradient_boosting,season_holdout_2025_26,8,25,-1.0133676200494914,-0.27415996746772736,-0.6231269435897332,-0.9076773800000001,-1.19778,-0.2845504364102668
bpm,with_minutes,gradient_boosting,season_holdout_2025_26,9,24,-0.26407021148810006,0.5196276623607096,0.12023770695848972,-0.5381938333333333,-0.6020369999999999,-0.6584315402918229
bpm,with_minutes,gradient_boosting,season_holdout_2025_26,10,25,0.6554805721292588,5.758706500637091,2.1398031659471095,1.8541450792,1.36303,-0.28565808674710963
bpm,with_minutes,hist_gradient_boosting,season_holdout_2025_26,1,25,-17.03494821428976,-4.6695568881037195,-8.535725062637049,-6.3677012,-7.38058,2.1680238626370483
bpm,with_minutes,hist_gradient_boosting,season_holdout_2025_26,2,25,-4.657685557949749,-3.7219573229021945,-4.178217657148574,-3.63756076,-3.83588,0.5406568971485737
bpm,with_minutes,hist_gradient_boosting,season_holdout_2025_26,3,24,-3.682644158438895,-2.91970182714051,-3.284181025315919,-4.109319999999999,-3.71851,-0.8251389746840806
bpm,with_minutes,hist_gradient_boosting,season_holdout_2025_26,4,25,-2.897592333030167,-2.2669723507184703,-2.5701575936794545,-4.124104,-4.12542,-1.5539464063205453
bpm,with_minutes,hist_gradient_boosting,season_holdout_2025_26,5,24,-2.2156346635308743,-1.589551507886965,-1.829036435322715,-2.493016041666667,-2.868675,-0.6639796063439515
bpm,with_minutes,hist_gradient_boosting,season_holdout_2025_26,6,25,-1.5729985762737755,-1.2896108890131155,-1.4127559741736155,-3.2286793279999997,-3.24334,-1.8159233538263841
bpm,with_minutes,hist_gradient_boosting,season_holdout_2025_26,7,24,-1.2700091302934344,-0.6121723585822352,-0.9486636818243462,-0.9462741250000001,-0.5243175,0.002389556824346162
bpm,with_minutes,hist_gradient_boosting,season_holdout_2025_26,8,25,-0.545060363932962,0.3090369032209199,-0.11654246162371912,-3.0586902807999996,-2.72785,-2.942147819176281
bpm,with_minutes,hist_gradient_boosting,season_holdout_2025_26,9,24,0.31556215302988505,1.186328398430287,0.7818542774728284,-0.6446012083333331,-0.33508150000000003,-1.4264554858061615
bpm,with_minutes,hist_gradient_boosting,season_holdout_2025_26,10,25,1.2294525474213256,4.17467508460789,2.336870181357187,0.21595775999999997,1.36303,-2.120912421357187
bpm,with_minutes,knn,season_holdout_2025_26,1,25,-9.99945994755465,-4.141180969117754,-5.328608650879271,-6.0692408,-4.84156,-0.7406321491207298
bpm,with_minutes,knn,season_holdout_2025_26,2,25,-4.045862611504172,-3.0281837265895204,-3.413191464997522,-3.67215236,-3.85451,-0.25896089500247793
bpm,with_minutes,knn,season_holdout_2025_26,3,24,-3.0272497335135142,-2.559595854971217,-2.810969100289917,-3.8069537500000004,-3.18555,-0.9959846497100832
bpm,with_minutes,knn,season_holdout_2025_26,4,25,-2.5504782053240738,-2.2752493147347623,-2.4138541628748484,-3.6371805999999998,-3.92982,-1.2233264371251515
bpm,with_minutes,knn,season_holdout_2025_26,5,24,-2.270564893390409,-1.9440964028322576,-2.1168737846977472,-2.7534975624999998,-2.651065,-0.6366237778022524
bpm,with_minutes,knn,season_holdout_2025_26,6,25,-1.9421895345592348,-1.7146605905591343,-1.8057303463533205,-3.6427390400000004,-2.55107,-1.8370086936466796
bpm,with_minutes,knn,season_holdout_2025_26,7,24,-1.708328275087002,-1.2630437449241045,-1.5015830288651937,-1.2127424583333333,-0.7687615000000001,0.28884057053186035
bpm,with_minutes,knn,season_holdout_2025_26,8,25,-1.2555574196931236,-0.782578421688407,-1.0263630986585874,-1.4944041959999999,-1.88684,-0.46804109734141247
bpm,with_minutes,knn,season_holdout_2025_26,9,24,-0.7711244326718084,-0.24185896961244135,-0.47218794693408145,-1.592677075,-1.812605,-1.1204891280659188
bpm,with_minutes,knn,season_holdout_2025_26,10,25,-0.20163377363610455,1.7957717727032714,0.4630956051171763,-0.5593077208000001,-0.00417102,-1.0224033259171765
bpm,with_minutes,svr_rbf,season_holdout_2025_26,1,25,-7.5803558859612545,-4.722831165088444,-5.797617804366379,-7.25878432,-8.70551,-1.4611665156336215
bpm,with_minutes,svr_rbf,season_holdout_2025_26,2,25,-4.678416882432536,-3.784440070463468,-4.215129835139905,-4.675932360000001,-4.59608,-0.4608025248600953
bpm,with_minutes,svr_rbf,season_holdout_2025_26,3,24,-3.7475987784909996,-3.0796044744305804,-3.3555096257189496,-4.289820083333333,-3.333095,-0.9343104576143836
bpm,with_minutes,svr_rbf,season_holdout_2025_26,4,25,-3.0028325580408337,-2.5433147089666406,-2.732829560924565,-3.17988698,-2.43177,-0.4470574190754345
bpm,with_minutes,svr_rbf,season_holdout_2025_26,5,24,-2.5430672005402646,-2.1716633270055254,-2.299251157159876,-2.6899380083333333,-3.129885,-0.3906868511734572
bpm,with_minutes,svr_rbf,season_holdout_2025_26,6,25,-2.1227104367170133,-1.6870219751489515,-1.9372258251824377,-2.28584016,-2.50697,-0.3486143348175625
bpm,with_minutes,svr_rbf,season_holdout_2025_26,7,24,-1.6514276993144665,-1.2728946739275915,-1.4677832851206307,-2.727689291666666,-2.97754,-1.259906006546036
bpm,with_minutes,svr_rbf,season_holdout_2025_26,8,25,-1.240171534843504,-0.6295458783831611,-0.9497021412357455,-1.9292086919999998,-1.92159,-0.9795065507642543
bpm,with_minutes,svr_rbf,season_holdout_2025_26,9,24,-0.6164342868622195,0.2130809617582461,-0.23083368155231895,0.4885816666666665,0.884018,0.7194153482189857
bpm,with_minutes,svr_rbf,season_holdout_2025_26,10,25,0.22762494040833836,3.0442453154545026,1.0498579795738083,0.11350287120000008,0.0735654,-0.9363551083738083
