target,regime,model,split,bucket,n,pred_min,pred_max,pred_mean,actual_mean,actual_median,bias_actual_minus_pred
rapm,no_minutes,mean,season_holdout_2025_26,1,17,-0.9322233009708738,-0.9322233009708738,-0.9322233009708738,-1.8670882352941176,-1.9366,-0.9348649343232438
rapm,no_minutes,mean,season_holdout_2025_26,2,16,-0.9322233009708738,-0.9322233009708738,-0.9322233009708738,-1.15988125,-1.11165,-0.22765794902912626
rapm,no_minutes,mean,season_holdout_2025_26,3,16,-0.9322233009708738,-0.9322233009708738,-0.9322233009708738,-1.9519375,-1.2818,-1.0197141990291265
rapm,no_minutes,mean,season_holdout_2025_26,4,16,-0.9322233009708738,-0.9322233009708738,-0.9322233009708738,-0.97895,-1.0061499999999999,-0.046726699029126184
rapm,no_minutes,mean,season_holdout_2025_26,5,17,-0.9322233009708738,-0.9322233009708738,-0.9322233009708738,-0.8904588235294117,-0.5549999999999999,0.041764477441462
rapm,no_minutes,mean,season_holdout_2025_26,6,16,-0.9322233009708738,-0.9322233009708738,-0.9322233009708738,-1.21095625,-1.02345,-0.2787329490291264
rapm,no_minutes,mean,season_holdout_2025_26,7,16,-0.9322233009708738,-0.9322233009708738,-0.9322233009708738,-0.8199750000000001,-0.5120499999999999,0.11224830097087372
rapm,no_minutes,mean,season_holdout_2025_26,8,16,-0.9322233009708738,-0.9322233009708738,-0.9322233009708738,-0.4182124999999998,-0.29335,0.5140108009708737
rapm,no_minutes,mean,season_holdout_2025_26,9,16,-0.9322233009708738,-0.9322233009708738,-0.9322233009708738,-2.26744375,-2.8295000000000003,-1.3352204490291264
rapm,no_minutes,mean,season_holdout_2025_26,10,17,-0.9322233009708738,-0.9322233009708738,-0.9322233009708738,-0.5115235294117647,-0.1426,0.42069977155910887
rapm,no_minutes,ridge,season_holdout_2025_26,1,17,-3.939933290107148,-2.5398505581207225,-3.0077462863819973,-3.5929,-3.4138,-0.5851537136180032
rapm,no_minutes,ridge,season_holdout_2025_26,2,16,-2.5048032693136113,-2.0461272694823873,-2.2601331331135324,-0.7473999999999998,-0.48534999999999995,1.5127331331135327
rapm,no_minutes,ridge,season_holdout_2025_26,3,16,-1.8982286634895402,-1.6883509549623836,-1.8089963617723481,-2.1986125,-2.49815,-0.38961613822765173
rapm,no_minutes,ridge,season_holdout_2025_26,4,16,-1.6612053907462423,-1.4062932277716338,-1.5308061504909833,-2.0788312500000004,-1.8878,-0.5480250995090168
rapm,no_minutes,ridge,season_holdout_2025_26,5,17,-1.4006886027457282,-1.108552033379921,-1.2753840271661752,-1.5209705882352942,-1.2788,-0.24558656106911894
rapm,no_minutes,ridge,season_holdout_2025_26,6,16,-1.0924972292984225,-0.9429332821360011,-1.0258220353210579,-1.2776687500000001,-1.2249,-0.25184671467894204
rapm,no_minutes,ridge,season_holdout_2025_26,7,16,-0.9180179898657788,-0.4368011775643953,-0.7149489235633744,-1.97730625,-1.9487999999999999,-1.262357326436626
rapm,no_minutes,ridge,season_holdout_2025_26,8,16,-0.4313331651057525,0.06560342496085025,-0.16655726893468267,-0.28976875,-0.5692,-0.12321148106531743
rapm,no_minutes,ridge,season_holdout_2025_26,9,16,0.09922901854458521,0.7751265959801358,0.4531912041199957,0.24168125000000001,0.014850000000000044,-0.21150995411999568
rapm,no_minutes,ridge,season_holdout_2025_26,10,17,0.7759294070361799,4.040319841446971,1.6112433211603188,1.3935529411764704,1.1831,-0.21769037998384816
rapm,no_minutes,elasticnet,season_holdout_2025_26,1,17,-3.901725580724066,-2.534426167799501,-2.9395956186875662,-3.575064705882353,-3.4138,-0.6354690871947863
rapm,no_minutes,elasticnet,season_holdout_2025_26,2,16,-2.4423407296231154,-1.9560960736693778,-2.1844177847474473,-0.7972437499999999,-0.6369499999999999,1.3871740347474473
rapm,no_minutes,elasticnet,season_holdout_2025_26,3,16,-1.9492197738119543,-1.646948638764422,-1.784268311924028,-1.99543125,-1.7003500000000003,-0.2111629380759722
rapm,no_minutes,elasticnet,season_holdout_2025_26,4,16,-1.6382211335187864,-1.336304247398263,-1.4645657208952823,-2.2185375,-2.1721,-0.7539717791047178
rapm,no_minutes,elasticnet,season_holdout_2025_26,5,17,-1.3346482710914294,-1.080879359581393,-1.1990823034996123,-2.0441352941176474,-1.8766,-0.8450529906180347
rapm,no_minutes,elasticnet,season_holdout_2025_26,6,16,-1.075894064952161,-0.8891552941775749,-0.9730423654839584,-0.5394125000000001,-0.78,0.4336298654839582
rapm,no_minutes,elasticnet,season_holdout_2025_26,7,16,-0.8871518718717321,-0.38900722439859414,-0.7046811997274823,-2.46440625,-4.046100000000001,-1.7597250502725175
rapm,no_minutes,elasticnet,season_holdout_2025_26,8,16,-0.3352144787495219,0.063882366314719,-0.12373837745557917,-0.05953124999999998,-0.24969999999999992,0.06420712745557916
rapm,no_minutes,elasticnet,season_holdout_2025_26,9,16,0.20872844192200923,0.7121431493578385,0.46401512913446885,0.46893749999999995,0.03859999999999994,0.004922370865531156
rapm,no_minutes,elasticnet,season_holdout_2025_26,10,17,0.7673102699166263,3.8837349332066458,1.6543754329737328,1.2190882352941177,1.1077,-0.43528719767961505
rapm,no_minutes,random_forest,season_holdout_2025_26,1,17,-2.735285458732587,-1.924919038328418,-2.2039076262946957,-1.5828529411764705,-1.1455,0.6210546851182253
rapm,no_minutes,random_forest,season_holdout_2025_26,2,16,-1.9075843746375145,-1.6974513268538058,-1.7988907561528389,-2.6187875,-3.50505,-0.8198967438471614
rapm,no_minutes,random_forest,season_holdout_2025_26,3,16,-1.6935743198363258,-1.4908110316627807,-1.5987032486698018,-2.04060625,-1.4767,-0.4419030013301982
rapm,no_minutes,random_forest,season_holdout_2025_26,4,16,-1.4844814657826233,-1.3324329616050619,-1.428459416508606,-2.04985,-2.0959000000000003,-0.6213905834913941
rapm,no_minutes,random_forest,season_holdout_2025_26,5,17,-1.3191498948117866,-1.067258012310953,-1.176288738208151,-1.7176588235294121,-1.6243,-0.5413700853212609
rapm,no_minutes,random_forest,season_holdout_2025_26,6,16,-1.064920306706529,-0.896677940715534,-0.9549512433384577,-1.9007,-1.875,-0.945748756661542
rapm,no_minutes,random_forest,season_holdout_2025_26,7,16,-0.8894058758352756,-0.5368634201132205,-0.7408104260889092,-1.034675,-0.6638,-0.29386457391109067
rapm,no_minutes,random_forest,season_holdout_2025_26,8,16,-0.5310882567429299,-0.1701001097372195,-0.35288900618133645,-1.41265,-1.26615,-1.0597609938186636
rapm,no_minutes,random_forest,season_holdout_2025_26,9,16,-0.14924403170544726,0.4688846550276113,0.13399239612627087,0.38630624999999996,0.5251,0.2523138538737291
rapm,no_minutes,random_forest,season_holdout_2025_26,10,17,0.5093972859087808,3.0289733687927725,1.2044063299303003,1.7854235294117644,1.6744,0.5810171994814644
rapm,no_minutes,extra_trees,season_holdout_2025_26,1,17,-2.963765311309522,-2.4532098738095214,-2.6320601967086827,-2.3470117647058824,-2.686,0.28504843200280044
rapm,no_minutes,extra_trees,season_holdout_2025_26,2,16,-2.451111367857143,-2.071665402976191,-2.2022164940476188,-1.5001000000000002,-1.4461499999999998,0.7021164940476191
rapm,no_minutes,extra_trees,season_holdout_2025_26,3,16,-2.04721382202381,-1.7758740321428572,-1.9187340163690478,-2.5952,-2.73405,-0.6764659836309521
rapm,no_minutes,extra_trees,season_holdout_2025_26,4,16,-1.7701464791666657,-1.5705677255952373,-1.6550312314360123,-1.7058624999999998,-1.99075,-0.05083126856398758
rapm,no_minutes,extra_trees,season_holdout_2025_26,5,17,-1.55232490595238,-1.319323094642856,-1.433196351470588,-2.217994117647059,-3.186,-0.7847977661764705
rapm,no_minutes,extra_trees,season_holdout_2025_26,6,16,-1.298465566666667,-1.1146476434523818,-1.2153916304687498,-1.2562875,-0.8443,-0.04089586953125007
rapm,no_minutes,extra_trees,season_holdout_2025_26,7,16,-1.0982644892857147,-0.6616293619047617,-0.868647720796131,-1.9049187500000002,-1.0810000000000002,-1.036271029203869
rapm,no_minutes,extra_trees,season_holdout_2025_26,8,16,-0.6367747773809529,-0.14958080386904757,-0.44873069916294644,-0.7243312500000001,-0.05865000000000005,-0.2756005508370535
rapm,no_minutes,extra_trees,season_holdout_2025_26,9,16,-0.024145106547618988,0.911121968452382,0.33641963121279783,0.025756250000000022,0.30025,-0.3106633812127978
rapm,no_minutes,extra_trees,season_holdout_2025_26,10,17,0.9615167419642873,4.59524690833334,2.65814663569678,2.0993117647058823,1.5322,-0.5588348709908972
rapm,no_minutes,gradient_boosting,season_holdout_2025_26,1,17,-3.333273945724456,-2.3542051435815243,-2.731984944389601,-3.1099470588235296,-3.2727,-0.37796211443392863
rapm,no_minutes,gradient_boosting,season_holdout_2025_26,2,16,-2.3319976957161774,-1.8144787334405554,-2.0133395456445884,-2.166125,-2.32185,-0.1527854543554114
rapm,no_minutes,gradient_boosting,season_holdout_2025_26,3,16,-1.7815373876341236,-1.540172049336578,-1.6377896860653087,-1.8228499999999999,-1.2732999999999999,-0.18506031393469133
rapm,no_minutes,gradient_boosting,season_holdout_2025_26,4,16,-1.5310173767730408,-1.3088959597244996,-1.4416964493005613,-2.0052875,-1.8186499999999999,-0.5635910506994387
rapm,no_minutes,gradient_boosting,season_holdout_2025_26,5,17,-1.2963192319303616,-1.075601882580056,-1.215878002971673,-0.7687823529411766,-0.9014000000000002,0.4470956500304966
rapm,no_minutes,gradient_boosting,season_holdout_2025_26,6,16,-0.9978691388108437,-0.8005752276353812,-0.8942705195960529,-2.39378125,-2.30885,-1.499510730403947
rapm,no_minutes,gradient_boosting,season_holdout_2025_26,7,16,-0.7714825354872213,-0.4446398635736629,-0.6247240024501688,-0.6701437499999999,-0.70865,-0.045419747549831135
rapm,no_minutes,gradient_boosting,season_holdout_2025_26,8,16,-0.4361784676169713,0.12119029176817964,-0.1738367886576988,-0.7531625,-0.17734999999999995,-0.5793257113423013
rapm,no_minutes,gradient_boosting,season_holdout_2025_26,9,16,0.13744451106144331,0.8252494515757013,0.4796122857547863,0.3923,0.5138499999999999,-0.08731228575478636
rapm,no_minutes,gradient_boosting,season_holdout_2025_26,10,17,0.8513923852199304,5.178297715340129,2.120968349496996,1.1853705882352938,1.1505,-0.9355977612617025
rapm,no_minutes,hist_gradient_boosting,season_holdout_2025_26,1,17,-3.895030184585907,-2.6762876658167465,-3.04645992568827,-2.248294117647059,-2.9947,0.7981658080412108
rapm,no_minutes,hist_gradient_boosting,season_holdout_2025_26,2,16,-2.6715949016527674,-2.051240299811137,-2.277367441449643,-1.8035000000000003,-1.0825,0.4738674414496431
rapm,no_minutes,hist_gradient_boosting,season_holdout_2025_26,3,16,-2.009454817441889,-1.582075709561087,-1.797633769889925,-1.75123125,-2.3643,0.046402519889925053
rapm,no_minutes,hist_gradient_boosting,season_holdout_2025_26,4,16,-1.5510843656532949,-1.2124597938071207,-1.3742037827063287,-1.4045,-0.95855,-0.030296217293671296
rapm,no_minutes,hist_gradient_boosting,season_holdout_2025_26,5,17,-1.1885145225681526,-0.8908127414704522,-1.0347012966839997,-2.123329411764706,-1.9366,-1.0886281150807064
rapm,no_minutes,hist_gradient_boosting,season_holdout_2025_26,6,16,-0.8886439965210027,-0.6252410693079998,-0.778544503571627,-0.6314312499999999,-0.58975,0.14711325357162686
rapm,no_minutes,hist_gradient_boosting,season_holdout_2025_26,7,16,-0.5263720699479394,-0.17329998090379684,-0.3748104927540923,-0.7798499999999999,-0.42845000000000005,-0.40503950724590765
rapm,no_minutes,hist_gradient_boosting,season_holdout_2025_26,8,16,-0.1673062118664484,0.1766055527570248,0.0017110913723209081,-1.3191625,-0.9531000000000001,-1.320873591372321
rapm,no_minutes,hist_gradient_boosting,season_holdout_2025_26,9,16,0.1984733615554095,0.9039640091393308,0.5242592130528412,0.3344625000000001,0.8499,-0.18979671305284107
rapm,no_minutes,hist_gradient_boosting,season_holdout_2025_26,10,17,0.9210543311111505,3.6350714823971813,1.6853149368506717,-0.2641705882352941,-0.2345999999999999,-1.9494855250859657
rapm,no_minutes,knn,season_holdout_2025_26,1,17,-2.3597303350677454,-1.978723478279937,-2.146107328229298,-2.0854176470588235,-2.686,0.06068968117047516
rapm,no_minutes,knn,season_holdout_2025_26,2,16,-1.976727899209709,-1.683180518006941,-1.83564119883809,-2.3397562499999998,-2.91205,-0.5041150511619099
rapm,no_minutes,knn,season_holdout_2025_26,3,16,-1.6701352249428092,-1.5705918732192239,-1.6216070330526153,-2.45518125,-2.8297,-0.8335742169473848
rapm,no_minutes,knn,season_holdout_2025_26,4,16,-1.5634402653545278,-1.319118582317159,-1.441326234993387,-0.56178125,-0.8794,0.8795449849933872
rapm,no_minutes,knn,season_holdout_2025_26,5,17,-1.3089475674922162,-1.1384441391468427,-1.2276354025502747,-0.5497588235294117,-0.734,0.6778765790208626
rapm,no_minutes,knn,season_holdout_2025_26,6,16,-1.0690858193233803,-0.9092089395536138,-0.9876251224719429,-1.7933125,-1.4388,-0.8056873775280571
rapm,no_minutes,knn,season_holdout_2025_26,7,16,-0.8990201355204689,-0.6631815235626691,-0.8192075094678011,-0.7330249999999999,-0.5539999999999999,0.08618250946780115
rapm,no_minutes,knn,season_holdout_2025_26,8,16,-0.6445248819926689,-0.4296938066450012,-0.542200826589889,-1.8153062500000001,-1.57165,-1.2731054234101111
rapm,no_minutes,knn,season_holdout_2025_26,9,16,-0.3865253190314931,0.07478784434429521,-0.1754414952460804,-0.84003125,-0.48155,-0.6645897547539196
rapm,no_minutes,knn,season_holdout_2025_26,10,17,0.12099684059488425,1.8182602023930206,0.7761786093305085,0.9953176470588234,0.962,0.2191390377283151
rapm,no_minutes,svr_rbf,season_holdout_2025_26,1,17,-2.5997244131108856,-1.8381640817137237,-2.108285860859484,-2.8634117647058823,-2.8294,-0.7551259038463988
rapm,no_minutes,svr_rbf,season_holdout_2025_26,2,16,-1.7863046826197193,-1.537590238734621,-1.6378626498202362,-1.5588,-1.3902999999999999,0.07906264982023625
rapm,no_minutes,svr_rbf,season_holdout_2025_26,3,16,-1.5292877014315067,-1.3232327335788545,-1.4290003268497462,-1.33845,-1.5271,0.09055032684974645
rapm,no_minutes,svr_rbf,season_holdout_2025_26,4,16,-1.320485582408285,-1.1596258510559285,-1.2348828726473549,-0.47693125000000014,-0.23075,0.7579516226473547
rapm,no_minutes,svr_rbf,season_holdout_2025_26,5,17,-1.1432037777149207,-0.9565695006294412,-1.038981364608745,-2.5740882352941172,-1.6243,-1.5351068706853728
rapm,no_minutes,svr_rbf,season_holdout_2025_26,6,16,-0.9509243367200564,-0.776406165820799,-0.8708536994839599,-1.7615500000000002,-1.5986000000000002,-0.89069630051604
rapm,no_minutes,svr_rbf,season_holdout_2025_26,7,16,-0.7712958418891603,-0.5285322515663826,-0.6451328822172357,-0.8021625000000001,-0.7853500000000001,-0.15702961778276425
rapm,no_minutes,svr_rbf,season_holdout_2025_26,8,16,-0.5237081423598648,-0.2453085179300774,-0.40992553611969956,-1.94693125,-1.2905,-1.5370057138803004
rapm,no_minutes,svr_rbf,season_holdout_2025_26,9,16,-0.21603225820722255,0.5729564820695343,0.14857089329071607,0.36485,0.41349999999999987,0.21627910670928396
rapm,no_minutes,svr_rbf,season_holdout_2025_26,10,17,0.6294369738704324,3.0156768337625603,1.2205824522276683,0.9567764705882353,1.0206,-0.2638059816394329
rapm,with_minutes,mean,season_holdout_2025_26,1,17,-0.9322233009708738,-0.9322233009708738,-0.9322233009708738,-1.8670882352941176,-1.9366,-0.9348649343232438
rapm,with_minutes,mean,season_holdout_2025_26,2,16,-0.9322233009708738,-0.9322233009708738,-0.9322233009708738,-1.15988125,-1.11165,-0.22765794902912626
rapm,with_minutes,mean,season_holdout_2025_26,3,16,-0.9322233009708738,-0.9322233009708738,-0.9322233009708738,-1.9519375,-1.2818,-1.0197141990291265
rapm,with_minutes,mean,season_holdout_2025_26,4,16,-0.9322233009708738,-0.9322233009708738,-0.9322233009708738,-0.97895,-1.0061499999999999,-0.046726699029126184
rapm,with_minutes,mean,season_holdout_2025_26,5,17,-0.9322233009708738,-0.9322233009708738,-0.9322233009708738,-0.8904588235294117,-0.5549999999999999,0.041764477441462
rapm,with_minutes,mean,season_holdout_2025_26,6,16,-0.9322233009708738,-0.9322233009708738,-0.9322233009708738,-1.21095625,-1.02345,-0.2787329490291264
rapm,with_minutes,mean,season_holdout_2025_26,7,16,-0.9322233009708738,-0.9322233009708738,-0.9322233009708738,-0.8199750000000001,-0.5120499999999999,0.11224830097087372
rapm,with_minutes,mean,season_holdout_2025_26,8,16,-0.9322233009708738,-0.9322233009708738,-0.9322233009708738,-0.4182124999999998,-0.29335,0.5140108009708737
rapm,with_minutes,mean,season_holdout_2025_26,9,16,-0.9322233009708738,-0.9322233009708738,-0.9322233009708738,-2.26744375,-2.8295000000000003,-1.3352204490291264
rapm,with_minutes,mean,season_holdout_2025_26,10,17,-0.9322233009708738,-0.9322233009708738,-0.9322233009708738,-0.5115235294117647,-0.1426,0.42069977155910887
rapm,with_minutes,ridge,season_holdout_2025_26,1,17,-4.332256223656984,-2.5501565303314075,-3.061111230921007,-3.0801176470588234,-2.8294,-0.01900641613781665
rapm,with_minutes,ridge,season_holdout_2025_26,2,16,-2.5434209887853965,-2.1668654740748137,-2.3722597984039377,-1.73438125,-2.4321,0.6378785484039378
rapm,with_minutes,ridge,season_holdout_2025_26,3,16,-2.16429940233003,-1.7810184386586472,-1.9452320532493712,-2.1737249999999997,-1.0865500000000001,-0.22849294675062864
rapm,with_minutes,ridge,season_holdout_2025_26,4,16,-1.7630358663530221,-1.4535740392735277,-1.6240033238451799,-2.265925,-1.5777,-0.6419216761548203
rapm,with_minutes,ridge,season_holdout_2025_26,5,17,-1.4096760256788072,-1.1586489012277903,-1.2972508846078958,-1.2147882352941175,-1.6243,0.08246264931377807
rapm,with_minutes,ridge,season_holdout_2025_26,6,16,-1.1521598913877247,-0.9776438224844856,-1.0800746364592189,-1.26275,-1.063,-0.18267536354078118
rapm,with_minutes,ridge,season_holdout_2025_26,7,16,-0.9413656711126911,-0.5413394491014593,-0.7919476475064411,-2.251075,-2.0458499999999997,-1.4591273524935588
rapm,with_minutes,ridge,season_holdout_2025_26,8,16,-0.5176891516079963,-0.004515429918606206,-0.22552626284857438,0.32958125000000005,0.298,0.5551075128485745
rapm,with_minutes,ridge,season_holdout_2025_26,9,16,0.2389961500556843,0.825607759678127,0.5012068183013669,-0.02554999999999985,-0.4813999999999999,-0.5267568183013669
rapm,with_minutes,ridge,season_holdout_2025_26,10,17,0.8461627304039399,5.051611561165394,1.669566368135116,1.5683941176470586,1.3295,-0.10117225048805753
rapm,with_minutes,elasticnet,season_holdout_2025_26,1,17,-4.513871563944257,-2.4804324072261323,-2.9797204411835603,-3.037741176470588,-2.8294,-0.05802073528702793
rapm,with_minutes,elasticnet,season_holdout_2025_26,2,16,-2.4726999299398553,-2.1068175613922966,-2.2879673100088795,-1.5533875,-2.03655,0.7345798100088796
rapm,with_minutes,elasticnet,season_holdout_2025_26,3,16,-2.0933402873604345,-1.6842286917873206,-1.8692284633331573,-2.37500625,-1.26615,-0.5057777866668428
rapm,with_minutes,elasticnet,season_holdout_2025_26,4,16,-1.6833076257287038,-1.4874605178552267,-1.5741699231998423,-2.0098625,-1.4515500000000001,-0.43569257680015766
rapm,with_minutes,elasticnet,season_holdout_2025_26,5,17,-1.47810661406623,-1.0852920753998339,-1.2631095979480114,-1.5577882352941175,-2.1703,-0.29467863734610633
rapm,with_minutes,elasticnet,season_holdout_2025_26,6,16,-1.0804383800355803,-0.9420969441670135,-1.0059041787874952,-1.095325,-0.88,-0.08942082121250505
rapm,with_minutes,elasticnet,season_holdout_2025_26,7,16,-0.9088098561634802,-0.5015014124703887,-0.7143288592195945,-2.45739375,-2.61605,-1.7430648907804054
rapm,with_minutes,elasticnet,season_holdout_2025_26,8,16,-0.4490805683356395,0.17808140302813913,-0.17253915285695798,0.39734375,0.3858999999999999,0.5698829028569581
rapm,with_minutes,elasticnet,season_holdout_2025_26,9,16,0.18528289624681815,0.8949419471004532,0.4866656975003498,0.02921875000000007,-0.4813999999999999,-0.45744694750034964
rapm,with_minutes,elasticnet,season_holdout_2025_26,10,17,0.9160828286849381,4.912925706106375,1.7410191606738874,1.5683941176470586,1.3295,-0.17262504302682852
rapm,with_minutes,random_forest,season_holdout_2025_26,1,17,-2.9484241714222867,-2.2101825867611966,-2.4170959053775394,-1.8370176470588233,-2.686,0.5800782583187162
rapm,with_minutes,random_forest,season_holdout_2025_26,2,16,-2.2079064499089545,-1.9645785633274415,-2.072746348103691,-3.07509375,-3.09035,-1.0023474018963086
rapm,with_minutes,random_forest,season_holdout_2025_26,3,16,-1.9585646329422002,-1.831528617613391,-1.902436194974569,-1.82244375,-1.104,0.07999244497456887
rapm,with_minutes,random_forest,season_holdout_2025_26,4,16,-1.825645827676472,-1.703947172876042,-1.7627620021044865,-1.3929125,-1.29645,0.3698495021044866
rapm,with_minutes,random_forest,season_holdout_2025_26,5,17,-1.6809983651085016,-1.3029476256247636,-1.4802463344342265,-2.0030352941176472,-1.6243,-0.5227889596834204
rapm,with_minutes,random_forest,season_holdout_2025_26,6,16,-1.2889319616337231,-0.9967423668131904,-1.1574520660598147,-2.12213125,-1.5760999999999998,-0.9646791839401855
rapm,with_minutes,random_forest,season_holdout_2025_26,7,16,-0.9277680187467253,-0.6530021908857229,-0.8155328640298769,-1.82613125,-1.45515,-1.010598385970123
rapm,with_minutes,random_forest,season_holdout_2025_26,8,16,-0.6257850237673424,-0.17945982081021503,-0.3858261173822705,0.266575,0.8673,0.6524011173822706
rapm,with_minutes,random_forest,season_holdout_2025_26,9,16,-0.12277058576337874,0.6533216109427946,0.2893092427967507,0.9819687500000001,0.6767,0.6926595072032493
rapm,with_minutes,random_forest,season_holdout_2025_26,10,17,0.6805631706856667,3.0233423853775725,1.409391826146986,0.7430411764705882,1.1077,-0.6663506496763978
rapm,with_minutes,extra_trees,season_holdout_2025_26,1,17,-3.0201556473214306,-2.4858090223214275,-2.6491785653361344,-2.455611764705882,-2.8294,0.19356680063025222
rapm,with_minutes,extra_trees,season_holdout_2025_26,2,16,-2.472757171428572,-2.2223842142857135,-2.3209487312872024,-2.3806875,-3.0471000000000004,-0.0597387687127974
rapm,with_minutes,extra_trees,season_holdout_2025_26,3,16,-2.2082830214285725,-1.9038296279761904,-2.0502125009300594,-2.6782375000000003,-1.42665,-0.6280249990699407
rapm,with_minutes,extra_trees,season_holdout_2025_26,4,16,-1.902334454761906,-1.7212415922619053,-1.8167626332961317,-2.0299125,-2.2997,-0.21314986670386826
rapm,with_minutes,extra_trees,season_holdout_2025_26,5,17,-1.7189452107142853,-1.4241908458333337,-1.5875170764355742,-1.132676470588235,-0.8736000000000002,0.45484060584733893
rapm,with_minutes,extra_trees,season_holdout_2025_26,6,16,-1.4173603250000004,-1.1289810125000002,-1.250721842224702,-2.0910812500000002,-1.59985,-0.8403594077752977
rapm,with_minutes,extra_trees,season_holdout_2025_26,7,16,-1.1180405809523817,-0.786082259523809,-0.9947251786644344,-1.0259375,-0.3691,-0.031212321335565646
rapm,with_minutes,extra_trees,season_holdout_2025_26,8,16,-0.7813922178571425,-0.18393010416666672,-0.5068466618489583,-0.7440249999999998,-0.9531000000000001,-0.2371783381510416
rapm,with_minutes,extra_trees,season_holdout_2025_26,9,16,-0.09787366309523787,0.5552120023809524,0.23014466927083338,0.12554375,0.36379999999999996,-0.10460091927083337
rapm,with_minutes,extra_trees,season_holdout_2025_26,10,17,0.9468827922619053,4.3666394589285735,2.5445651115196077,2.2175529411764705,1.9787,-0.3270121703431373
rapm,with_minutes,gradient_boosting,season_holdout_2025_26,1,17,-3.9812564227144307,-2.3641408552666583,-2.8746625705954707,-3.2404941176470587,-3.2727,-0.36583154705158794
rapm,with_minutes,gradient_boosting,season_holdout_2025_26,2,16,-2.3485662214786305,-2.0258391082615668,-2.142260102030191,-1.853475,-2.09285,0.2887851020301906
rapm,with_minutes,gradient_boosting,season_holdout_2025_26,3,16,-2.0207660153193934,-1.7542284507288157,-1.8801849197001506,-1.8511062500000004,-1.1669999999999998,0.029078669700150633
rapm,with_minutes,gradient_boosting,season_holdout_2025_26,4,16,-1.7490286438304532,-1.4567201468382454,-1.5914689422254473,-2.33928125,-2.49925,-0.7478123077745528
rapm,with_minutes,gradient_boosting,season_holdout_2025_26,5,17,-1.4508940765163354,-1.2419586382331265,-1.3356874908593244,-0.7162294117647059,-0.5779000000000001,0.6194580790946186
rapm,with_minutes,gradient_boosting,season_holdout_2025_26,6,16,-1.2328415083144708,-0.9693621849941775,-1.1066026981615438,-0.7127874999999999,-1.5670000000000002,0.39381519816154376
rapm,with_minutes,gradient_boosting,season_holdout_2025_26,7,16,-0.9606859928058983,-0.5230631441492973,-0.732546609327633,-1.65048125,-1.15875,-0.9179346406723667
rapm,with_minutes,gradient_boosting,season_holdout_2025_26,8,16,-0.5216522992262651,0.027891691531691482,-0.29455060335533334,-1.4161062500000001,-1.52105,-1.1215556466446668
rapm,with_minutes,gradient_boosting,season_holdout_2025_26,9,16,0.06088100306676978,0.7091580983249899,0.39119932552206804,-0.05534374999999997,0.28864999999999996,-0.4465430755220681
rapm,with_minutes,gradient_boosting,season_holdout_2025_26,10,17,0.7788354506980231,7.673620160238429,2.4104720577344803,1.6958647058823526,1.3295,-0.714607351852127
rapm,with_minutes,hist_gradient_boosting,season_holdout_2025_26,1,17,-4.1852631217698955,-2.646324251726513,-3.060423937835026,-2.936782352941176,-2.8294,0.12364158489384983
rapm,with_minutes,hist_gradient_boosting,season_holdout_2025_26,2,16,-2.638001239044333,-2.2582748905813226,-2.437369244648308,-0.90898125,-0.4648499999999999,1.5283879946483085
rapm,with_minutes,hist_gradient_boosting,season_holdout_2025_26,3,16,-2.236525241123631,-1.8169951689554156,-2.048697926934543,-3.06810625,-3.4261999999999997,-1.019408323065457
rapm,with_minutes,hist_gradient_boosting,season_holdout_2025_26,4,16,-1.813570150073057,-1.5253777115123586,-1.6594952981114042,-1.7922312500000002,-1.7159,-0.1327359518885959
rapm,with_minutes,hist_gradient_boosting,season_holdout_2025_26,5,17,-1.4920401836173554,-1.2659100955875258,-1.3644040709751515,-1.5275882352941177,-1.6243,-0.16318416431896623
rapm,with_minutes,hist_gradient_boosting,season_holdout_2025_26,6,16,-1.2014335061227461,-0.8491093016098642,-1.0736099433876967,-1.1558125,-1.21165,-0.08220255661230347
rapm,with_minutes,hist_gradient_boosting,season_holdout_2025_26,7,16,-0.8407662327798652,-0.36416306930014997,-0.5765049086092696,-2.2018125,-1.83155,-1.6253075913907304
rapm,with_minutes,hist_gradient_boosting,season_holdout_2025_26,8,16,-0.352281821102293,0.017029631251096543,-0.18267938661919533,0.10490625000000003,0.14245,0.28758563661919534
rapm,with_minutes,hist_gradient_boosting,season_holdout_2025_26,9,16,0.033350090233722776,0.590331705481837,0.3161887397270632,0.25034374999999986,0.28864999999999996,-0.0658449897270631
rapm,with_minutes,hist_gradient_boosting,season_holdout_2025_26,10,17,0.6708440010689959,3.6297234157151284,1.544823700602582,1.161735294117647,1.3996,-0.38308840648493503
rapm,with_minutes,knn,season_holdout_2025_26,1,17,-2.638798200811765,-1.9764909660779884,-2.216350999802549,-2.9125882352941175,-3.4138,-0.6962372354915682
rapm,with_minutes,knn,season_holdout_2025_26,2,16,-1.9694407340208233,-1.769992706093515,-1.8465393149028897,-0.9681562499999999,-1.2191,0.8783830649028896
rapm,with_minutes,knn,season_holdout_2025_26,3,16,-1.7557352484646946,-1.525954251183594,-1.6216260603994281,-1.60755625,-1.09565,0.014069810399428256
rapm,with_minutes,knn,season_holdout_2025_26,4,16,-1.487758090645299,-1.3178137926504518,-1.416463451354323,-2.0802000000000005,-1.78165,-0.6637365486456771
rapm,with_minutes,knn,season_holdout_2025_26,5,17,-1.3068805741048974,-1.1451016208663685,-1.2372736994122626,-2.259464705882353,-1.9366,-1.0221910064700903
rapm,with_minutes,knn,season_holdout_2025_26,6,16,-1.0742390291160742,-0.941799085962769,-0.9908995093542392,-0.46416875,-0.7257500000000001,0.5267307593542392
rapm,with_minutes,knn,season_holdout_2025_26,7,16,-0.8902951792781322,-0.6582882080680889,-0.7855144031323644,-0.7753874999999999,-0.5539999999999999,0.010126903132364418
rapm,with_minutes,knn,season_holdout_2025_26,8,16,-0.6418525006832945,-0.43723520320880555,-0.5494785416236159,-0.9049687499999999,-0.40305,-0.355490208376384
rapm,with_minutes,knn,season_holdout_2025_26,9,16,-0.42536941659398525,0.012345910727230222,-0.18753694909856725,-0.5618687499999999,-0.35555,-0.3743318009014327
rapm,with_minutes,knn,season_holdout_2025_26,10,17,0.04274913732656351,2.0682094124243586,0.6683038292496006,0.542935294117647,0.3362,-0.12536853513195365
rapm,with_minutes,svr_rbf,season_holdout_2025_26,1,17,-2.7626556719460686,-1.8432600298232273,-2.1598617888261096,-2.799147058823529,-2.8294,-0.6392852699974196
rapm,with_minutes,svr_rbf,season_holdout_2025_26,2,16,-1.828802182851127,-1.548151546417377,-1.6949907512252274,-2.0604375,-2.03655,-0.36544674877477257
rapm,with_minutes,svr_rbf,season_holdout_2025_26,3,16,-1.5349278342384594,-1.3735974210946418,-1.4644394789971962,-2.47446875,-2.5716,-1.010029271002804
rapm,with_minutes,svr_rbf,season_holdout_2025_26,4,16,-1.3463078130170136,-1.1870995136608884,-1.2636304330703392,-0.68696875,-0.679,0.5766616830703392
rapm,with_minutes,svr_rbf,season_holdout_2025_26,5,17,-1.1799239515663396,-1.0044427324460032,-1.0986095726879992,-1.450664705882353,-1.2606000000000002,-0.3520551331943538
rapm,with_minutes,svr_rbf,season_holdout_2025_26,6,16,-0.988086870540851,-0.7878713043984482,-0.9089460238057864,-1.3755874999999997,-0.7841499999999999,-0.4666414761942136
rapm,with_minutes,svr_rbf,season_holdout_2025_26,7,16,-0.7829999656587247,-0.49979818506401297,-0.6438110160151773,-1.5485375,-1.4270999999999998,-0.9047264839848226
rapm,with_minutes,svr_rbf,season_holdout_2025_26,8,16,-0.4814220475371829,-0.3024133839976447,-0.40749468788413823,-0.655775,-0.4087999999999999,-0.24828031211586182
rapm,with_minutes,svr_rbf,season_holdout_2025_26,9,16,-0.1815068096659444,0.4469981091499339,0.07650614697577769,-0.1296875,-0.02595,-0.20619364697577772
rapm,with_minutes,svr_rbf,season_holdout_2025_26,10,17,0.4920677932526729,3.396648072023559,1.185425406771295,1.0975470588235292,0.962,-0.08787834794776583
bpr,no_minutes,mean,season_holdout_2025_26,1,17,0.24116504854368936,0.24116504854368936,0.24116504854368936,-0.8447058823529412,-1.21,-1.0858709308966308
bpr,no_minutes,mean,season_holdout_2025_26,2,16,0.24116504854368936,0.24116504854368936,0.24116504854368936,-0.396875,-0.505,-0.6380400485436895
bpr,no_minutes,mean,season_holdout_2025_26,3,16,0.24116504854368936,0.24116504854368936,0.24116504854368936,-0.41000000000000003,-0.37,-0.6511650485436895
bpr,no_minutes,mean,season_holdout_2025_26,4,16,0.24116504854368936,0.24116504854368936,0.24116504854368936,0.5350000000000001,0.86,0.29383495145631067
bpr,no_minutes,mean,season_holdout_2025_26,5,16,0.24116504854368936,0.24116504854368936,0.24116504854368936,0.74625,0.895,0.5050849514563105
bpr,no_minutes,mean,season_holdout_2025_26,6,16,0.24116504854368936,0.24116504854368936,0.24116504854368936,-0.125,-0.22499999999999998,-0.36616504854368936
bpr,no_minutes,mean,season_holdout_2025_26,7,16,0.24116504854368936,0.24116504854368936,0.24116504854368936,0.45562500000000006,0.8,0.21445995145631067
bpr,no_minutes,mean,season_holdout_2025_26,8,16,0.24116504854368936,0.24116504854368936,0.24116504854368936,0.7474999999999999,0.495,0.5063349514563106
bpr,no_minutes,mean,season_holdout_2025_26,9,16,0.24116504854368936,0.24116504854368936,0.24116504854368936,-0.12562500000000001,-0.55,-0.36679004854368935
bpr,no_minutes,mean,season_holdout_2025_26,10,17,0.24116504854368936,0.24116504854368936,0.24116504854368936,0.05999999999999989,-0.2,-0.18116504854368945
bpr,no_minutes,ridge,season_holdout_2025_26,1,17,-2.435711655533029,-0.827638406796503,-1.2697784839777686,-1.226470588235294,-1.25,0.043307895742474685
bpr,no_minutes,ridge,season_holdout_2025_26,2,16,-0.8223665856234197,-0.5666334380686362,-0.6986191893831925,-1.290625,-1.65,-0.5920058106168076
bpr,no_minutes,ridge,season_holdout_2025_26,3,16,-0.5568857960786173,-0.26717208602369613,-0.43293073689433925,-1.064375,-1.435,-0.6314442631056607
bpr,no_minutes,ridge,season_holdout_2025_26,4,16,-0.24576951060377472,0.07344965507902051,-0.09203295403630025,-0.7693749999999999,-0.825,-0.6773420459636998
bpr,no_minutes,ridge,season_holdout_2025_26,5,16,0.09160181510611409,0.21428682690776868,0.14775048646543565,0.163125,0.2,0.015374513534564455
bpr,no_minutes,ridge,season_holdout_2025_26,6,16,0.22991929855979681,0.39299042202307066,0.2977492214495804,0.12812500000000002,0.71,-0.1696242214495804
bpr,no_minutes,ridge,season_holdout_2025_26,7,16,0.3975107496896104,0.7534028888337181,0.5611423111776344,0.328125,0.47,-0.23301731117763438
bpr,no_minutes,ridge,season_holdout_2025_26,8,16,0.7771460137171504,1.1052466065335493,0.935888687944865,0.7575000000000001,0.915,-0.17838868794486504
bpr,no_minutes,ridge,season_holdout_2025_26,9,16,1.1223578832229324,1.6222016698064885,1.4292675882442683,1.260625,1.3050000000000002,-0.16864258824426842
bpr,no_minutes,ridge,season_holdout_2025_26,10,17,1.6460383668645986,4.1807456683260655,2.4384383883948892,2.2429411764705884,2.42,-0.19549721192430103
bpr,no_minutes,elasticnet,season_holdout_2025_26,1,17,-1.9621603512059294,-0.7583777143854851,-1.1145906952894098,-1.1394117647058823,-1.25,-0.0248210694164725
bpr,no_minutes,elasticnet,season_holdout_2025_26,2,16,-0.6998270171058343,-0.41213943274706777,-0.5183797099169194,-0.764375,-1.38,-0.2459952900830806
bpr,no_minutes,elasticnet,season_holdout_2025_26,3,16,-0.40225152350831994,-0.20901489771039972,-0.2821844116030444,-1.198125,-0.715,-0.9159405883969556
bpr,no_minutes,elasticnet,season_holdout_2025_26,4,16,-0.15587720174252306,0.10683628909385534,-0.043713652447759474,-1.2937500000000002,-1.3250000000000002,-1.2500363475522405
bpr,no_minutes,elasticnet,season_holdout_2025_26,5,16,0.11358292869487852,0.33202296526089736,0.25986341716234346,0.17375000000000004,-0.08999999999999997,-0.08611341716234348
bpr,no_minutes,elasticnet,season_holdout_2025_26,6,16,0.3465237835730894,0.48391313110802764,0.4181424984152851,-0.07249999999999995,0.565,-0.49064249841528523
bpr,no_minutes,elasticnet,season_holdout_2025_26,7,16,0.48913149679344503,0.8453633294241437,0.6413525388573558,0.765625,0.81,0.1242724611426442
bpr,no_minutes,elasticnet,season_holdout_2025_26,8,16,0.8504196666886759,1.3064495712035942,1.0766860546569554,0.430625,0.7,-0.6460610546569553
bpr,no_minutes,elasticnet,season_holdout_2025_26,9,16,1.3681954509119896,1.7273379006964817,1.5484676954387309,1.626875,1.635,0.07840730456126904
bpr,no_minutes,elasticnet,season_holdout_2025_26,10,17,1.7453732923294707,4.2646928320985,2.519579529801777,2.0100000000000002,2.42,-0.5095795298017765
bpr,no_minutes,random_forest,season_holdout_2025_26,1,17,-0.9376017187535983,-0.5564934063281486,-0.7065113243766947,-1.4147058823529413,-1.25,-0.7081945579762463
bpr,no_minutes,random_forest,season_holdout_2025_26,2,16,-0.5468579515992693,-0.31648402415395077,-0.4126452438958289,-1.03,-1.4,-0.6173547561041711
bpr,no_minutes,random_forest,season_holdout_2025_26,3,16,-0.3134726541941461,-0.21806247525350472,-0.26135845142850034,-0.28500000000000003,-0.355,-0.023641548571499693
bpr,no_minutes,random_forest,season_holdout_2025_26,4,16,-0.2179863028597219,-0.05529935651358451,-0.1616667651876268,-0.9868750000000001,-0.47000000000000003,-0.825208234812373
bpr,no_minutes,random_forest,season_holdout_2025_26,5,16,-0.04037113987523905,0.08806317049930629,0.024437076665373,-0.515625,-0.715,-0.540062076665373
bpr,no_minutes,random_forest,season_holdout_2025_26,6,16,0.08838780753968255,0.3015775139443889,0.17206557255717284,-0.7475,-0.715,-0.9195655725571729
bpr,no_minutes,random_forest,season_holdout_2025_26,7,16,0.3044132381160509,0.5386599261155515,0.4480045914268467,1.0662500000000001,0.89,0.6182454085731532
bpr,no_minutes,random_forest,season_holdout_2025_26,8,16,0.5466753042443673,0.8885096783669755,0.7273275497667926,0.87375,0.7450000000000001,0.1464224502332075
bpr,no_minutes,random_forest,season_holdout_2025_26,9,16,0.9000297772488944,1.2727968079043213,1.0357750661763188,1.24375,1.33,0.20797493382368112
bpr,no_minutes,random_forest,season_holdout_2025_26,10,17,1.2972750865392775,2.941179477287632,1.9034452528548818,2.331764705882353,2.64,0.42831945302747115
bpr,no_minutes,extra_trees,season_holdout_2025_26,1,17,-1.2209981547619044,-0.7406592559523811,-0.9324200122549021,-1.91,-2.03,-0.9775799877450979
bpr,no_minutes,extra_trees,season_holdout_2025_26,2,16,-0.7063658333333329,-0.49288047619047637,-0.5891714062500001,-0.7362500000000001,-1.06,-0.14707859375
bpr,no_minutes,extra_trees,season_holdout_2025_26,3,16,-0.4913835119047618,-0.28732404761904773,-0.36756884486607144,0.031249999999999972,0.12,0.39881884486607144
bpr,no_minutes,extra_trees,season_holdout_2025_26,4,16,-0.27828702380952375,-0.12968389880952386,-0.1988514043898809,-1.001875,-1.29,-0.8030235956101192
bpr,no_minutes,extra_trees,season_holdout_2025_26,5,16,-0.10701142857142841,0.06584726190476195,-0.04265973586309521,-0.5431250000000001,-0.445,-0.5004652641369047
bpr,no_minutes,extra_trees,season_holdout_2025_26,6,16,0.06782273809523817,0.25249101190476214,0.1762531696428572,-0.12624999999999997,-0.62,-0.30250316964285723
bpr,no_minutes,extra_trees,season_holdout_2025_26,7,16,0.2560325000000001,0.5756588690476194,0.3803663950892857,-0.10624999999999996,-0.155,-0.48661639508928567
bpr,no_minutes,extra_trees,season_holdout_2025_26,8,16,0.6190673214285716,0.9057992857142861,0.7606907793898809,1.091875,1.045,0.3311842206101191
bpr,no_minutes,extra_trees,season_holdout_2025_26,9,16,0.9065654166666671,2.023314702380952,1.4374734635416666,1.249375,1.39,-0.18809846354166657
bpr,no_minutes,extra_trees,season_holdout_2025_26,10,17,2.1223291071428587,3.838546666666671,2.9278812429971994,2.601176470588235,2.8,-0.32670477240896467
bpr,no_minutes,gradient_boosting,season_holdout_2025_26,1,17,-2.633065000314944,-0.7863042647705513,-1.1528255544679258,-1.5005882352941178,-1.62,-0.3477626808261917
bpr,no_minutes,gradient_boosting,season_holdout_2025_26,2,16,-0.7842221430669875,-0.5661980909763256,-0.6858259287725353,-1.05375,-0.975,-0.3679240712274647
bpr,no_minutes,gradient_boosting,season_holdout_2025_26,3,16,-0.5590081936888304,-0.3567022810111886,-0.45320857115141155,-1.2175000000000002,-1.35,-0.7642914288485884
bpr,no_minutes,gradient_boosting,season_holdout_2025_26,4,16,-0.3497967870019456,-0.169663950701405,-0.2688607413369953,-0.3918750000000001,-0.21500000000000002,-0.12301425866300475
bpr,no_minutes,gradient_boosting,season_holdout_2025_26,5,16,-0.1215293525756415,0.1793442318598975,-0.011649533940495452,-0.5431250000000001,0.0049999999999999906,-0.5314754660595046
bpr,no_minutes,gradient_boosting,season_holdout_2025_26,6,16,0.18470503131301202,0.48268170856871584,0.3535740727866265,-0.21875,-0.039999999999999994,-0.5723240727866266
bpr,no_minutes,gradient_boosting,season_holdout_2025_26,7,16,0.487914717531228,0.8028146207274681,0.6715832732119218,0.9325000000000001,1.05,0.26091672678807815
bpr,no_minutes,gradient_boosting,season_holdout_2025_26,8,16,0.8164625683196647,1.1437559959442383,0.9795706716629566,1.050625,1.145,0.07105432833704328
bpr,no_minutes,gradient_boosting,season_holdout_2025_26,9,16,1.231226047528295,1.8712620912767366,1.5397181492372631,1.024375,1.065,-0.5153431492372631
bpr,no_minutes,gradient_boosting,season_holdout_2025_26,10,17,1.9606727080791861,3.9576255474337456,2.8028695003840727,2.451764705882353,2.66,-0.35110479450171933
bpr,no_minutes,hist_gradient_boosting,season_holdout_2025_26,1,17,-1.8039380622238321,-1.1043533532656478,-1.3733753055983613,-0.5811764705882352,-0.77,0.7921988350101261
bpr,no_minutes,hist_gradient_boosting,season_holdout_2025_26,2,16,-1.04354049575609,-0.5290490301304864,-0.730269015222119,-1.0925000000000002,-1.435,-0.3622309847778811
bpr,no_minutes,hist_gradient_boosting,season_holdout_2025_26,3,16,-0.5122753539243743,-0.31706471378975326,-0.4041104710051585,-0.645625,-0.985,-0.2415145289948415
bpr,no_minutes,hist_gradient_boosting,season_holdout_2025_26,4,16,-0.2875744619591244,0.08195156577492863,-0.08100660431505173,-0.4181249999999999,-0.46499999999999997,-0.3371183956849482
bpr,no_minutes,hist_gradient_boosting,season_holdout_2025_26,5,16,0.08282887549558993,0.2781116855154361,0.18793773829543856,0.04562499999999985,-0.025,-0.14231273829543867
bpr,no_minutes,hist_gradient_boosting,season_holdout_2025_26,6,16,0.28175513756190534,0.588327015733268,0.40477942553018675,-0.55875,-0.44,-0.9635294255301867
bpr,no_minutes,hist_gradient_boosting,season_holdout_2025_26,7,16,0.5905938588129349,0.862766602940719,0.719285782624878,0.2925,0.52,-0.42678578262487804
bpr,no_minutes,hist_gradient_boosting,season_holdout_2025_26,8,16,0.8711719868379124,1.2302569511862762,1.0490542168957584,0.66,0.9199999999999999,-0.3890542168957585
bpr,no_minutes,hist_gradient_boosting,season_holdout_2025_26,9,16,1.2401139608148215,2.2187859316087075,1.5698652738377084,0.78625,0.91,-0.7836152738377082
bpr,no_minutes,hist_gradient_boosting,season_holdout_2025_26,10,17,2.2216171478897446,3.994479246902119,2.64903513819104,2.015294117647059,1.75,-0.6337410205439806
bpr,no_minutes,knn,season_holdout_2025_26,1,17,-0.8826987391247719,-0.4536023249042139,-0.6029032823973677,-1.281764705882353,-1.36,-0.6788614234849853
bpr,no_minutes,knn,season_holdout_2025_26,2,16,-0.44752690890239893,-0.2264901646650507,-0.33318474033780304,-1.331875,-1.8199999999999998,-0.998690259662197
bpr,no_minutes,knn,season_holdout_2025_26,3,16,-0.22631453436336468,-0.1237733070967541,-0.1872635522638305,-0.475,-0.5,-0.28773644773616947
bpr,no_minutes,knn,season_holdout_2025_26,4,16,-0.11696253800258549,0.03217703679910418,-0.052930160695768294,-0.9831250000000001,-0.63,-0.9301948393042316
bpr,no_minutes,knn,season_holdout_2025_26,5,16,0.049845885645684034,0.23505900228068874,0.1509463640178466,0.25562499999999994,0.425,0.10467863598215339
bpr,no_minutes,knn,season_holdout_2025_26,6,16,0.23529030454207875,0.4174060058166005,0.3553902414985346,1.1056249999999999,1.045,0.7502347585014653
bpr,no_minutes,knn,season_holdout_2025_26,7,16,0.4332813043157258,0.6786686718619793,0.5533172735953908,-0.14625,0.025,-0.6995672735953908
bpr,no_minutes,knn,season_holdout_2025_26,8,16,0.6945762610177028,0.920329427842609,0.818474616816565,0.820625,0.985,0.002150383183435106
bpr,no_minutes,knn,season_holdout_2025_26,9,16,0.9517664051287922,1.4153394968134685,1.1468616446758713,0.8674999999999999,0.91,-0.2793616446758712
bpr,no_minutes,knn,season_holdout_2025_26,10,17,1.4787692506641865,2.8847950509532483,2.0425693968197076,1.733529411764706,1.74,-0.3090399850550015
bpr,no_minutes,svr_rbf,season_holdout_2025_26,1,17,-1.5593690756762626,-0.6640476200751158,-0.8979867126886456,-1.168235294117647,-0.94,-0.27024858142900143
bpr,no_minutes,svr_rbf,season_holdout_2025_26,2,16,-0.6433581314892356,-0.39655475632655823,-0.5498179123111238,-1.2231250000000002,-1.355,-0.6733070876888763
bpr,no_minutes,svr_rbf,season_holdout_2025_26,3,16,-0.3944322123182,-0.14131513457961015,-0.27081372643566826,-0.6925,-1.2149999999999999,-0.4216862735643317
bpr,no_minutes,svr_rbf,season_holdout_2025_26,4,16,-0.13230407905388247,0.0840305451457602,0.008519746435351494,-0.35687500000000005,-0.075,-0.3653947464353515
bpr,no_minutes,svr_rbf,season_holdout_2025_26,5,16,0.090758005202773,0.17537957945345356,0.13313020880905557,-0.609375,-0.96,-0.7425052088090557
bpr,no_minutes,svr_rbf,season_holdout_2025_26,6,16,0.1942564267509187,0.502179892880955,0.34314998149091447,-0.2975,-0.135,-0.6406499814909145
bpr,no_minutes,svr_rbf,season_holdout_2025_26,7,16,0.5059481689439597,0.7270191604821399,0.5961876655767729,1.1325,0.765,0.536312334423227
bpr,no_minutes,svr_rbf,season_holdout_2025_26,8,16,0.7361598869493409,0.9950690343054179,0.8511623151210359,0.5787500000000001,0.985,-0.2724123151210359
bpr,no_minutes,svr_rbf,season_holdout_2025_26,9,16,0.9956141225356097,1.4928192111483745,1.2261326541301316,1.23125,1.0750000000000002,0.005117345869868423
bpr,no_minutes,svr_rbf,season_holdout_2025_26,10,17,1.498442175908108,3.843260024231369,2.0266914363602315,1.9494117647058824,2.1,-0.0772796716543495
bpr,with_minutes,mean,season_holdout_2025_26,1,17,0.24116504854368936,0.24116504854368936,0.24116504854368936,-0.8447058823529412,-1.21,-1.0858709308966308
bpr,with_minutes,mean,season_holdout_2025_26,2,16,0.24116504854368936,0.24116504854368936,0.24116504854368936,-0.396875,-0.505,-0.6380400485436895
bpr,with_minutes,mean,season_holdout_2025_26,3,16,0.24116504854368936,0.24116504854368936,0.24116504854368936,-0.41000000000000003,-0.37,-0.6511650485436895
bpr,with_minutes,mean,season_holdout_2025_26,4,16,0.24116504854368936,0.24116504854368936,0.24116504854368936,0.5350000000000001,0.86,0.29383495145631067
bpr,with_minutes,mean,season_holdout_2025_26,5,16,0.24116504854368936,0.24116504854368936,0.24116504854368936,0.74625,0.895,0.5050849514563105
bpr,with_minutes,mean,season_holdout_2025_26,6,16,0.24116504854368936,0.24116504854368936,0.24116504854368936,-0.125,-0.22499999999999998,-0.36616504854368936
bpr,with_minutes,mean,season_holdout_2025_26,7,16,0.24116504854368936,0.24116504854368936,0.24116504854368936,0.45562500000000006,0.8,0.21445995145631067
bpr,with_minutes,mean,season_holdout_2025_26,8,16,0.24116504854368936,0.24116504854368936,0.24116504854368936,0.7474999999999999,0.495,0.5063349514563106
bpr,with_minutes,mean,season_holdout_2025_26,9,16,0.24116504854368936,0.24116504854368936,0.24116504854368936,-0.12562500000000001,-0.55,-0.36679004854368935
bpr,with_minutes,mean,season_holdout_2025_26,10,17,0.24116504854368936,0.24116504854368936,0.24116504854368936,0.05999999999999989,-0.2,-0.18116504854368945
bpr,with_minutes,ridge,season_holdout_2025_26,1,17,-3.1279796944494307,-1.2753718566213257,-1.882529920366102,-2.180588235294118,-1.97,-0.29805831492801593
bpr,with_minutes,ridge,season_holdout_2025_26,2,16,-1.2318544167908634,-0.9734644148168198,-1.077219418580769,-1.0837500000000002,-0.715,-0.0065305814192309075
bpr,with_minutes,ridge,season_holdout_2025_26,3,16,-0.9369417398793075,-0.5777962588874369,-0.7603451008976085,-0.8981250000000001,-0.53,-0.13777989910239138
bpr,with_minutes,ridge,season_holdout_2025_26,4,16,-0.538106041921986,-0.2551196026256114,-0.3867135594404214,-0.5381250000000001,-0.9,-0.15141144055957864
bpr,with_minutes,ridge,season_holdout_2025_26,5,16,-0.22619600887769964,0.1306223494803359,-0.08062645817136589,-0.448125,-0.6499999999999999,-0.3674985418286341
bpr,with_minutes,ridge,season_holdout_2025_26,6,16,0.1647809490116825,0.4074926766554502,0.29097014480190786,0.460625,0.755,0.1696548551980921
bpr,with_minutes,ridge,season_holdout_2025_26,7,16,0.43805385324391577,0.900595864438974,0.6808128917316778,0.39062499999999994,-0.04999999999999999,-0.2901878917316778
bpr,with_minutes,ridge,season_holdout_2025_26,8,16,0.9590961179599301,1.3095105816699792,1.1193144190034445,0.55625,0.72,-0.5630644190034446
bpr,with_minutes,ridge,season_holdout_2025_26,9,16,1.319515141860521,1.8518353421819955,1.5205024662629087,1.8556249999999999,1.525,0.3351225337370912
bpr,with_minutes,ridge,season_holdout_2025_26,10,17,1.963874396474489,5.514053187109697,2.900355730505203,2.4611764705882355,2.66,-0.4391792599169678
bpr,with_minutes,elasticnet,season_holdout_2025_26,1,17,-2.7774438324369215,-1.1956792584585745,-1.846120503982618,-1.8794117647058823,-1.81,-0.03329126072326448
bpr,with_minutes,elasticnet,season_holdout_2025_26,2,16,-1.1922506382698055,-0.9159492405233718,-1.0340641523748275,-1.345,-1.2149999999999999,-0.31093584762517246
bpr,with_minutes,elasticnet,season_holdout_2025_26,3,16,-0.8496863701796511,-0.49049681535868994,-0.7007829363901031,-1.1306250000000002,-1.295,-0.4298420636098969
bpr,with_minutes,elasticnet,season_holdout_2025_26,4,16,-0.4622319093120182,-0.23376587567458684,-0.33745262460707326,-0.106875,0.27,0.2305776246070732
bpr,with_minutes,elasticnet,season_holdout_2025_26,5,16,-0.19265156639705994,0.14119678098027,-0.004635458622789648,-0.6256250000000001,-0.6499999999999999,-0.6209895413772104
bpr,with_minutes,elasticnet,season_holdout_2025_26,6,16,0.15050050054008846,0.48929791202078876,0.3373959197025758,-0.019374999999999976,-0.18000000000000002,-0.35677091970257585
bpr,with_minutes,elasticnet,season_holdout_2025_26,7,16,0.48957263340703605,0.924295785350556,0.7262239782329107,0.664375,0.64,-0.06184897823291072
bpr,with_minutes,elasticnet,season_holdout_2025_26,8,16,0.9344852898788335,1.3522453376806123,1.139536541720234,1.31,1.225,0.1704634582797659
bpr,with_minutes,elasticnet,season_holdout_2025_26,9,16,1.3820389130899395,1.9144515760330856,1.576708431073309,1.346875,0.95,-0.22983343107330914
bpr,with_minutes,elasticnet,season_holdout_2025_26,10,17,1.9650039718324743,5.420815139162425,2.947362227072124,2.349411764705882,2.64,-0.5979504623662415
bpr,with_minutes,random_forest,season_holdout_2025_26,1,17,-1.5199375957722843,-1.091966232446066,-1.2405984558618284,-2.0029411764705887,-1.97,-0.7623427206087598
bpr,with_minutes,random_forest,season_holdout_2025_26,2,16,-1.0802647176842766,-0.7481462251474018,-0.877231064912416,-1.13875,-1.63,-0.26151893508758406
bpr,with_minutes,random_forest,season_holdout_2025_26,3,16,-0.7457989692497041,-0.5212821576993273,-0.6369331068971877,-0.355625,-0.26,0.2813081068971877
bpr,with_minutes,random_forest,season_holdout_2025_26,4,16,-0.4652141885891886,-0.21004079250610505,-0.37367629767699617,-0.33375000000000005,-0.09,0.0399262976769961
bpr,with_minutes,random_forest,season_holdout_2025_26,5,16,-0.2019600495378804,0.06460514078854153,-0.07368695311326745,-0.040000000000000036,-0.28500000000000003,0.033686953113267526
bpr,with_minutes,random_forest,season_holdout_2025_26,6,16,0.10205301805220915,0.30851858811735655,0.2018147899728437,0.013124999999999998,-0.13999999999999999,-0.18868978997284364
bpr,with_minutes,random_forest,season_holdout_2025_26,7,16,0.32656195493028223,0.5665741433260365,0.43085837089598,0.18749999999999997,0.265,-0.24335837089598011
bpr,with_minutes,random_forest,season_holdout_2025_26,8,16,0.5837783905677659,0.8428277752741535,0.7300743819545954,-0.20499999999999996,-0.16,-0.9350743819545954
bpr,with_minutes,random_forest,season_holdout_2025_26,9,16,0.8666167598271829,1.7334883974420194,1.2879177826446175,2.0025,2.3899999999999997,0.7145822173553825
bpr,with_minutes,random_forest,season_holdout_2025_26,10,17,1.7361506940975695,3.201538610278609,2.2464021766963334,2.438823529411765,2.64,0.19242135271543123
bpr,with_minutes,extra_trees,season_holdout_2025_26,1,17,-1.9166050595238096,-1.0679212202380954,-1.2733113007703083,-2.198823529411765,-2.18,-0.9255122286414562
bpr,with_minutes,extra_trees,season_holdout_2025_26,2,16,-1.0326775297619057,-0.7603702380952383,-0.9092241183035717,-1.113125,-0.96,-0.2039008816964283
bpr,with_minutes,extra_trees,season_holdout_2025_26,3,16,-0.6993684821428569,-0.4373961309523804,-0.5408465345982143,-0.63,-0.405,-0.08915346540178573
bpr,with_minutes,extra_trees,season_holdout_2025_26,4,16,-0.4157912499999999,-0.29600964285714315,-0.3689855766369048,-0.524375,-0.30000000000000004,-0.15538942336309525
bpr,with_minutes,extra_trees,season_holdout_2025_26,5,16,-0.28840863095238073,-0.10175416666666653,-0.20912040364583329,-0.22250000000000003,-0.6699999999999999,-0.01337959635416669
bpr,with_minutes,extra_trees,season_holdout_2025_26,6,16,-0.08837339285714277,0.2782258333333335,0.11499341889880954,-0.13,-0.21000000000000002,-0.24499341889880946
bpr,with_minutes,extra_trees,season_holdout_2025_26,7,16,0.29398815476190515,0.6146969642857141,0.43732969866071436,-0.079375,0.06,-0.5167046986607142
bpr,with_minutes,extra_trees,season_holdout_2025_26,8,16,0.6452891666666666,1.1317914285714272,0.8846346949404759,0.8399999999999999,0.875,-0.044634694940475866
bpr,with_minutes,extra_trees,season_holdout_2025_26,9,16,1.1339132738095241,1.875592500000001,1.4918241369047616,2.126875,1.745,0.6350508630952384
bpr,with_minutes,extra_trees,season_holdout_2025_26,10,17,1.8951048809523823,3.8513096428571503,2.489442587535015,2.5052941176470584,2.66,0.015851530112043787
bpr,with_minutes,gradient_boosting,season_holdout_2025_26,1,17,-2.199695620216228,-1.217777625717274,-1.5099161010754627,-2.334705882352941,-2.22,-0.8247897812774784
bpr,with_minutes,gradient_boosting,season_holdout_2025_26,2,16,-1.2032304644454355,-0.8692191726759074,-1.0013025753751006,-0.97,-0.69,0.031302575375100616
bpr,with_minutes,gradient_boosting,season_holdout_2025_26,3,16,-0.8610654566825157,-0.5658257086031214,-0.6756227709420835,-1.33625,-1.355,-0.6606272290579167
bpr,with_minutes,gradient_boosting,season_holdout_2025_26,4,16,-0.5489528580920136,-0.367952840118353,-0.4745464656048831,0.03249999999999997,0.135,0.5070464656048832
bpr,with_minutes,gradient_boosting,season_holdout_2025_26,5,16,-0.36610556185845555,-0.10383282095020331,-0.2419207529271757,-0.69625,-0.6499999999999999,-0.45432924707282435
bpr,with_minutes,gradient_boosting,season_holdout_2025_26,6,16,-0.08655016580148951,0.2518605091002653,0.07445227252407109,0.13,0.22999999999999998,0.05554772747592891
bpr,with_minutes,gradient_boosting,season_holdout_2025_26,7,16,0.2786591838884884,0.6014555821955614,0.46585278122916507,0.05875,0.11,-0.40710278122916504
bpr,with_minutes,gradient_boosting,season_holdout_2025_26,8,16,0.645299019284798,1.1831758907541141,0.9014697397834294,1.31375,1.635,0.4122802602165705
bpr,with_minutes,gradient_boosting,season_holdout_2025_26,9,16,1.1846166277687995,1.9268571301923276,1.5502014528998007,2.1075,2.295,0.557298547100199
bpr,with_minutes,gradient_boosting,season_holdout_2025_26,10,17,2.011081765983716,4.45845565798909,2.7861899051028804,2.290588235294118,2.66,-0.4956016698087629
bpr,with_minutes,hist_gradient_boosting,season_holdout_2025_26,1,17,-2.6712411261047273,-1.2192931908485218,-1.6995314400099617,-1.7088235294117649,-1.84,-0.009292089401802758
bpr,with_minutes,hist_gradient_boosting,season_holdout_2025_26,2,16,-1.2178503849730271,-0.8418943330048718,-1.0269934338019695,-1.3337500000000002,-1.1949999999999998,-0.30675656619803054
bpr,with_minutes,hist_gradient_boosting,season_holdout_2025_26,3,16,-0.8307470247634884,-0.563097890803545,-0.6915464107120955,-0.5862499999999999,-0.345,0.10529641071209558
bpr,with_minutes,hist_gradient_boosting,season_holdout_2025_26,4,16,-0.5421789398787443,-0.1942806890364701,-0.37468312356716466,0.07687499999999997,-0.185,0.45155812356716457
bpr,with_minutes,hist_gradient_boosting,season_holdout_2025_26,5,16,-0.19420069091962913,0.07616087972091583,-0.05078149758213041,-0.0012500000000000289,0.32,0.04953149758213035
bpr,with_minutes,hist_gradient_boosting,season_holdout_2025_26,6,16,0.07767590690442187,0.38163688106632704,0.18745547964414194,0.04124999999999997,0.485,-0.14620547964414196
bpr,with_minutes,hist_gradient_boosting,season_holdout_2025_26,7,16,0.43279216493391515,0.6986738685135813,0.5708806385805147,-0.19,-0.62,-0.7608806385805148
bpr,with_minutes,hist_gradient_boosting,season_holdout_2025_26,8,16,0.7031226911117209,1.2239571383104153,0.9685260807668132,0.7387500000000001,0.9,-0.22977608076681313
bpr,with_minutes,hist_gradient_boosting,season_holdout_2025_26,9,16,1.3100316171796147,2.011598242161389,1.6065619817820371,1.0750000000000002,1.17,-0.5315619817820372
bpr,with_minutes,hist_gradient_boosting,season_holdout_2025_26,10,17,2.0166635735138434,4.082544298997845,2.581527607396489,2.435882352941176,2.64,-0.14564525445531282
bpr,with_minutes,knn,season_holdout_2025_26,1,17,-1.0759554323022706,-0.4672606550765592,-0.7515187099911056,-1.5641176470588236,-1.68,-0.812598937067718
bpr,with_minutes,knn,season_holdout_2025_26,2,16,-0.4376375314775721,-0.25684318488645164,-0.34874364049045425,-1.1331250000000002,-1.4700000000000002,-0.7843813595095458
bpr,with_minutes,knn,season_holdout_2025_26,3,16,-0.2427163868036092,-0.1219166682494523,-0.18885776785708197,-0.96375,-0.715,-0.7748922321429181
bpr,with_minutes,knn,season_holdout_2025_26,4,16,-0.10643871339998984,0.011213654592883043,-0.0432314891814899,-0.28125,0.03499999999999999,-0.2380185108185101
bpr,with_minutes,knn,season_holdout_2025_26,5,16,0.012470630816071896,0.1806424159578933,0.09329214260753116,0.16125000000000003,0.215,0.06795785739246882
bpr,with_minutes,knn,season_holdout_2025_26,6,16,0.1970363732151633,0.41626687088884784,0.3138320018284969,-0.36187500000000006,-0.34500000000000003,-0.675707001828497
bpr,with_minutes,knn,season_holdout_2025_26,7,16,0.4689576748910277,0.6955283123487817,0.5877729458997834,1.0150000000000001,1.1099999999999999,0.4272270541002166
bpr,with_minutes,knn,season_holdout_2025_26,8,16,0.7256611219145938,0.9618275764504802,0.8538798766744697,0.8206249999999999,0.8,-0.033254876674469774
bpr,with_minutes,knn,season_holdout_2025_26,9,16,0.9789363260528509,1.358081155588115,1.1388340021527465,1.2037499999999999,1.25,0.06491599784725358
bpr,with_minutes,knn,season_holdout_2025_26,10,17,1.3629766839582091,3.1637795578286823,1.882410656886476,1.688823529411765,1.74,-0.19358712747471146
bpr,with_minutes,svr_rbf,season_holdout_2025_26,1,17,-1.4249916810876058,-0.8136950667146912,-1.1311359206564442,-1.7623529411764707,-1.84,-0.6312170205200265
bpr,with_minutes,svr_rbf,season_holdout_2025_26,2,16,-0.8049231956423135,-0.3755828439501649,-0.5802296592638241,-1.1375000000000002,-0.6699999999999999,-0.5572703407361759
bpr,with_minutes,svr_rbf,season_holdout_2025_26,3,16,-0.37548766148028895,-0.16639530299836375,-0.277499583454765,-1.111875,-1.15,-0.8343754165452351
bpr,with_minutes,svr_rbf,season_holdout_2025_26,4,16,-0.15789542661833506,0.06839445367174452,-0.042926966971008035,-0.07875000000000001,-0.9,-0.03582303302899191
bpr,with_minutes,svr_rbf,season_holdout_2025_26,5,16,0.09167139559771936,0.2645393747433182,0.17880856079792043,-0.16375000000000006,-0.47000000000000003,-0.34255856079792046
bpr,with_minutes,svr_rbf,season_holdout_2025_26,6,16,0.27803013823875844,0.4999162095303187,0.3495407517667665,-0.474375,-0.355,-0.8239157517667666
bpr,with_minutes,svr_rbf,season_holdout_2025_26,7,16,0.51834658630867,0.7162547266851926,0.6074098112015722,0.4731249999999999,0.585,-0.13428481120157226
bpr,with_minutes,svr_rbf,season_holdout_2025_26,8,16,0.7237440983820358,1.0410937122035753,0.8958033307998015,1.179375,1.38,0.28357166920019866
bpr,with_minutes,svr_rbf,season_holdout_2025_26,9,16,1.0494357248990112,1.5173421914626954,1.2035701506886616,1.32375,0.985,0.12017984931133832
bpr,with_minutes,svr_rbf,season_holdout_2025_26,10,17,1.6030161191348247,4.159865261896371,2.2351155209188724,2.3111764705882347,2.14,0.07606094966936258
porpag,no_minutes,mean,season_holdout_2025_26,1,23,1.0154079452456577,1.0154079452456577,1.0154079452456581,0.4846006426086957,0.364153,-0.530807302636962
porpag,no_minutes,mean,season_holdout_2025_26,2,23,1.0154079452456577,1.0154079452456577,1.0154079452456581,0.6084738304347825,0.475843,-0.4069341148108751
porpag,no_minutes,mean,season_holdout_2025_26,3,22,1.0154079452456577,1.0154079452456577,1.0154079452456581,1.070978886363636,0.88567,0.05557094111797867
porpag,no_minutes,mean,season_holdout_2025_26,4,23,1.0154079452456577,1.0154079452456577,1.0154079452456581,0.542700443478261,0.370591,-0.4727075017673968
porpag,no_minutes,mean,season_holdout_2025_26,5,23,1.0154079452456577,1.0154079452456577,1.0154079452456581,1.301959217391304,1.19394,0.28655127214564663
porpag,no_minutes,mean,season_holdout_2025_26,6,22,1.0154079452456577,1.0154079452456577,1.0154079452456581,0.8786277045454546,0.67477,-0.13678024070020314
porpag,no_minutes,mean,season_holdout_2025_26,7,23,1.0154079452456577,1.0154079452456577,1.0154079452456581,0.8848697869565219,0.925762,-0.13053815828913598
porpag,no_minutes,mean,season_holdout_2025_26,8,22,1.0154079452456577,1.0154079452456577,1.0154079452456581,1.3830416727272727,1.16591,0.36763372748161505
porpag,no_minutes,mean,season_holdout_2025_26,9,23,1.0154079452456577,1.0154079452456577,1.0154079452456581,0.6054559434782608,0.440335,-0.4099520017673968
porpag,no_minutes,mean,season_holdout_2025_26,10,23,1.0154079452456577,1.0154079452456577,1.0154079452456581,0.8945372569565216,0.66175,-0.1208706882891359
porpag,no_minutes,ridge,season_holdout_2025_26,1,23,0.018966457176509355,0.38675823108675,0.21793469764258944,0.37245226521739133,0.172286,0.15451756757480184
porpag,no_minutes,ridge,season_holdout_2025_26,2,23,0.3902812151148025,0.66690213687293,0.5457037161012268,0.3293537782608695,0.158832,-0.21634993784035722
porpag,no_minutes,ridge,season_holdout_2025_26,3,22,0.6693620735205781,0.8097268511102105,0.7663867106639216,0.33094167272727276,0.287061,-0.435445037936649
porpag,no_minutes,ridge,season_holdout_2025_26,4,23,0.8113567591926942,0.9403901565967546,0.8783459469035079,0.8854693252173912,0.729626,0.007123378313883495
porpag,no_minutes,ridge,season_holdout_2025_26,5,23,0.9548391404401511,1.0655443354542555,1.0160353351815177,0.8906875217391305,1.15445,-0.1253478134423874
porpag,no_minutes,ridge,season_holdout_2025_26,6,22,1.0667850205039766,1.1758550029018289,1.1225008556709872,1.0507337409090907,0.789715,-0.07176711476189636
porpag,no_minutes,ridge,season_holdout_2025_26,7,23,1.1865006585706561,1.3071769867875278,1.2394507725682435,1.0169153352173914,0.752449,-0.22253543735085232
porpag,no_minutes,ridge,season_holdout_2025_26,8,22,1.3131802945218114,1.4386510071695602,1.3676586193571174,0.8883527227272728,1.010551,-0.47930589662984474
porpag,no_minutes,ridge,season_holdout_2025_26,9,23,1.4593566598653207,1.681368827889276,1.5501707673518295,1.5537095652173911,1.30053,0.003538797865561873
porpag,no_minutes,ridge,season_holdout_2025_26,10,23,1.6879795790440273,2.2489944452260855,1.9185407733856323,1.2904285826086954,1.76645,-0.6281121907769361
porpag,no_minutes,elasticnet,season_holdout_2025_26,1,23,0.16645883696326202,0.5566792639899959,0.4415801094807875,0.3696656347826087,0.172286,-0.07191447469817869
porpag,no_minutes,elasticnet,season_holdout_2025_26,2,23,0.5693193284020434,0.7770201377869825,0.6912421684301416,0.2994901217391304,0.13675,-0.3917520466910112
porpag,no_minutes,elasticnet,season_holdout_2025_26,3,22,0.7875626442970054,0.9342511821474045,0.8673368859854325,0.5677558581818182,0.308676,-0.2995810278036142
porpag,no_minutes,elasticnet,season_holdout_2025_26,4,23,0.9344568066785655,1.0256184765664809,0.9770182134247676,0.7711582739130435,0.510921,-0.20585993951172393
porpag,no_minutes,elasticnet,season_holdout_2025_26,5,23,1.036086052089667,1.155262365628431,1.090059960062556,0.7298172004347825,0.655691,-0.36024275962777347
porpag,no_minutes,elasticnet,season_holdout_2025_26,6,22,1.1575988159854274,1.226401673546288,1.1905450409209555,0.9400340045454545,0.820361,-0.25051103637550115
porpag,no_minutes,elasticnet,season_holdout_2025_26,7,23,1.2270643275672952,1.3345724181951697,1.2819560923842965,1.2169360695652174,1.03075,-0.06502002281907882
porpag,no_minutes,elasticnet,season_holdout_2025_26,8,22,1.3360487180141862,1.453513135965052,1.3840024205657144,0.9118191500000002,1.0257209999999999,-0.4721832705657143
porpag,no_minutes,elasticnet,season_holdout_2025_26,9,23,1.4722046037885954,1.6599242413960744,1.5674972584228588,1.5603396956521742,1.3337,-0.007157562770684945
porpag,no_minutes,elasticnet,season_holdout_2025_26,10,23,1.6632504899096638,2.155928219683843,1.863069088051357,1.2485320173913041,1.3794,-0.6145370706600523
porpag,no_minutes,random_forest,season_holdout_2025_26,1,23,0.13355163755829075,0.6728982842601365,0.5007708664092402,0.5697973652173914,0.268896,0.06902649880815127
porpag,no_minutes,random_forest,season_holdout_2025_26,2,23,0.6773312682067908,0.8029003237815702,0.7471448014038081,0.03246929130434781,-0.193809,-0.7146755100994603
porpag,no_minutes,random_forest,season_holdout_2025_26,3,22,0.8122430801443553,0.909637640868795,0.861569320606455,0.49087847772727283,0.208254,-0.37069084287918225
porpag,no_minutes,random_forest,season_holdout_2025_26,4,23,0.9141101115749312,1.0381048798503878,0.9682754108142635,0.9840776608695652,0.789573,0.015802250055301673
porpag,no_minutes,random_forest,season_holdout_2025_26,5,23,1.0394116970284935,1.1267229405297448,1.082166270489969,0.49918199130434776,0.475843,-0.582984279185621
porpag,no_minutes,random_forest,season_holdout_2025_26,6,22,1.127433541728939,1.2193166123491186,1.1710491737390898,1.057090459090909,1.004622,-0.11395871464818054
porpag,no_minutes,random_forest,season_holdout_2025_26,7,23,1.231753858324263,1.318364768059096,1.2683075169410436,0.9568213999999999,1.07957,-0.31148611694104344
porpag,no_minutes,random_forest,season_holdout_2025_26,8,22,1.3252647215831797,1.4429040778703075,1.3837057651939166,1.2209845818181817,1.15239,-0.16272118337573505
porpag,no_minutes,random_forest,season_holdout_2025_26,9,23,1.447323783476007,1.6484174229771478,1.5273749058981634,1.359385151304348,1.76645,-0.16798975459381538
porpag,no_minutes,random_forest,season_holdout_2025_26,10,23,1.6586676929246935,2.3310411679728733,1.8742230375980125,1.4600505391304346,1.3794,-0.41417249846757775
porpag,no_minutes,extra_trees,season_holdout_2025_26,1,23,0.22130553285357163,0.6205709020130832,0.47655216373514636,0.5166395434782608,0.235853,0.040087379743114396
porpag,no_minutes,extra_trees,season_holdout_2025_26,2,23,0.6209428685978573,0.8033565482797378,0.7339277181071905,0.3119827478260869,0.0989096,-0.4219449702811035
porpag,no_minutes,extra_trees,season_holdout_2025_26,3,22,0.8082472545536185,0.9331902091868094,0.8826022680814162,0.4565984004545455,0.2062075,-0.4260038676268705
porpag,no_minutes,extra_trees,season_holdout_2025_26,4,23,0.9359959871304763,1.039808505071226,0.9855925032371209,0.3280684826086956,0.307377,-0.6575240206284253
porpag,no_minutes,extra_trees,season_holdout_2025_26,5,23,1.040373487364762,1.1254744795023803,1.0928723581667708,0.9210436521739129,0.836656,-0.17182870599285766
porpag,no_minutes,extra_trees,season_holdout_2025_26,6,22,1.1385943409051305,1.237245434080417,1.1847880618981224,0.6790574272727272,0.596587,-0.5057306346253951
porpag,no_minutes,extra_trees,season_holdout_2025_26,7,23,1.2433754990250008,1.3266919839904414,1.2876018612378939,1.2916039643478259,1.19596,0.004002103109932141
porpag,no_minutes,extra_trees,season_holdout_2025_26,8,22,1.3273157156702389,1.413765771128928,1.3705945527486072,1.3335490454545456,1.15239,-0.03704550729406157
porpag,no_minutes,extra_trees,season_holdout_2025_26,9,23,1.4175642947196423,1.5865884955354757,1.501504720505127,1.3406604782608695,1.30053,-0.16084424224425775
porpag,no_minutes,extra_trees,season_holdout_2025_26,10,23,1.6129495296085707,2.245550556813094,1.817174717957606,1.4385006260869566,1.3794,-0.37867409187064976
porpag,no_minutes,gradient_boosting,season_holdout_2025_26,1,23,-0.4051312244513017,0.549194987131883,0.20487920696361375,0.6093207391304347,0.244293,0.40444153216682105
porpag,no_minutes,gradient_boosting,season_holdout_2025_26,2,23,0.5498094343569669,0.7591951265419585,0.6698748952865238,0.29883039130434785,0.234921,-0.3710445039821758
porpag,no_minutes,gradient_boosting,season_holdout_2025_26,3,22,0.7700594685301,0.870602453421183,0.8225280720787026,0.6079275454545455,0.400505,-0.21460052662415718
porpag,no_minutes,gradient_boosting,season_holdout_2025_26,4,23,0.8721778185160194,0.9963863424696429,0.9347515839631144,0.7026207917391305,0.836656,-0.23213079222398403
porpag,no_minutes,gradient_boosting,season_holdout_2025_26,5,23,1.0027001385082623,1.1036433010630595,1.0454400268529094,1.0430075826086957,0.971872,-0.0024324442442136855
porpag,no_minutes,gradient_boosting,season_holdout_2025_26,6,22,1.1059536375544745,1.2295755143687395,1.180647356552102,1.0943685318181817,0.788269,-0.08627882473392026
porpag,no_minutes,gradient_boosting,season_holdout_2025_26,7,23,1.2330276552459187,1.359376647541862,1.295114895077438,0.4856165086956522,0.307377,-0.8094983863817855
porpag,no_minutes,gradient_boosting,season_holdout_2025_26,8,22,1.3668090765454033,1.550504972656334,1.4534407028260368,0.8349089490909091,0.8993850000000001,-0.6185317537351276
porpag,no_minutes,gradient_boosting,season_holdout_2025_26,9,23,1.5545556258288862,1.8340617886846593,1.694099158618587,1.6492401304347821,1.62666,-0.0448590281838045
porpag,no_minutes,gradient_boosting,season_holdout_2025_26,10,23,1.8455135067920174,2.802836420605559,2.251666246972711,1.2948197260869565,0.859151,-0.9568465208857547
porpag,no_minutes,hist_gradient_boosting,season_holdout_2025_26,1,23,-0.41691934048083024,0.48737983164095716,0.2558141232919805,0.36079095652173915,0.181587,0.10497683322975865
porpag,no_minutes,hist_gradient_boosting,season_holdout_2025_26,2,23,0.49150548511669745,0.6861495445432289,0.5958426811113108,0.44273476521739136,0.109275,-0.1531079158939195
porpag,no_minutes,hist_gradient_boosting,season_holdout_2025_26,3,22,0.7019326293413743,0.8562560626903739,0.7816311185822852,0.45252362727272727,0.2228965,-0.32910749130955774
porpag,no_minutes,hist_gradient_boosting,season_holdout_2025_26,4,23,0.858240281835896,1.031840813890056,0.953901938806168,0.8954024086956524,0.642325,-0.05849953011051557
porpag,no_minutes,hist_gradient_boosting,season_holdout_2025_26,5,23,1.0331967661329706,1.1621392554925347,1.0924276853112986,0.68258907,0.66175,-0.409838615311299
porpag,no_minutes,hist_gradient_boosting,season_holdout_2025_26,6,22,1.1709324441288282,1.3003608193305753,1.230190011593153,1.0133579545454545,0.997924,-0.21683205704769834
porpag,no_minutes,hist_gradient_boosting,season_holdout_2025_26,7,23,1.3079184762361717,1.4503834100975046,1.3958736709030528,0.97112,0.802858,-0.4247536709030528
porpag,no_minutes,hist_gradient_boosting,season_holdout_2025_26,8,22,1.4578848340546433,1.6357493670573582,1.5260539307915992,1.002810640909091,0.9721470000000001,-0.5232432898825082
porpag,no_minutes,hist_gradient_boosting,season_holdout_2025_26,9,23,1.6390386311370864,1.8344141370685474,1.733764707608483,1.0712889165217392,0.708306,-0.662475791086744
porpag,no_minutes,hist_gradient_boosting,season_holdout_2025_26,10,23,1.852965913930386,2.7560353902829964,2.0746030675101954,1.725063739130435,2.19602,-0.3495393283797611
porpag,no_minutes,knn,season_holdout_2025_26,1,23,0.36820981481013065,0.6907416056169275,0.5277556389320499,0.44326322173913035,0.235853,-0.08449241719291954
porpag,no_minutes,knn,season_holdout_2025_26,2,23,0.6947450396127148,0.9457543784303889,0.8210503641940895,0.29472207,0.0930604,-0.5263282941940892
porpag,no_minutes,knn,season_holdout_2025_26,3,22,0.9468883863894293,1.046988799445329,1.000442063349778,0.32873691363636365,0.24673699999999998,-0.6717051497134144
porpag,no_minutes,knn,season_holdout_2025_26,4,23,1.0642855589415576,1.1748187018291187,1.1218951374723556,0.5822199130434782,0.268102,-0.5396752244288772
porpag,no_minutes,knn,season_holdout_2025_26,5,23,1.1793622413074358,1.2668192578362878,1.2293669428799996,0.9619041252173912,0.788205,-0.2674628176626085
porpag,no_minutes,knn,season_holdout_2025_26,6,22,1.2681552030691412,1.3556863738986158,1.3129518383432905,1.3428947318181819,1.169285,0.02994289347489136
porpag,no_minutes,knn,season_holdout_2025_26,7,23,1.3564449031072723,1.4595365838192438,1.4166200365076675,0.8759853043478261,0.836656,-0.5406347321598414
porpag,no_minutes,knn,season_holdout_2025_26,8,22,1.4625126470107817,1.5902391589315654,1.521164166636915,1.6591338454545457,2.018395,0.1379696788176306
porpag,no_minutes,knn,season_holdout_2025_26,9,23,1.6026370226705795,1.7812070300037426,1.6764674167782154,0.7995801913043479,0.578694,-0.8768872254738672
porpag,no_minutes,knn,season_holdout_2025_26,10,23,1.80233247767095,2.299770294932857,1.9619819899152728,1.366723208695652,1.36516,-0.5952587812196201
porpag,no_minutes,svr_rbf,season_holdout_2025_26,1,23,0.012930223516448791,0.6080772199385367,0.3830448303392275,0.38596134782608693,0.041649,0.002916517486859485
porpag,no_minutes,svr_rbf,season_holdout_2025_26,2,23,0.6090407695305023,0.7227437055763977,0.6650909358528455,0.5395235352173913,0.325167,-0.12556740063545432
porpag,no_minutes,svr_rbf,season_holdout_2025_26,3,22,0.724377624500778,0.886166646848836,0.8004606834181757,0.46752245454545444,0.1433845,-0.33293822887272095
porpag,no_minutes,svr_rbf,season_holdout_2025_26,4,23,0.8900741789945736,1.0221213453206837,0.9637785578563233,0.5982091869565217,0.268102,-0.3655693708998015
porpag,no_minutes,svr_rbf,season_holdout_2025_26,5,23,1.028892560706217,1.141959477734566,1.0860966210270748,0.766873851304348,0.895064,-0.3192227697227271
porpag,no_minutes,svr_rbf,season_holdout_2025_26,6,22,1.1589234999761326,1.2692997423922538,1.2235900382279907,1.1342013045454544,0.788889,-0.08938873368253612
porpag,no_minutes,svr_rbf,season_holdout_2025_26,7,23,1.2797285738143713,1.3681550991330462,1.3198945658141732,1.2835306695652173,0.891182,-0.03636389624895579
porpag,no_minutes,svr_rbf,season_holdout_2025_26,8,22,1.376746198305651,1.5461113695082656,1.4681793966087724,1.1417466272727272,1.110815,-0.3264327693360452
porpag,no_minutes,svr_rbf,season_holdout_2025_26,9,23,1.550357282647809,1.653034646053288,1.6005291341869883,1.3449574130434783,1.46731,-0.2555717211435101
porpag,no_minutes,svr_rbf,season_holdout_2025_26,10,23,1.6570756127632391,2.461759425474884,1.840506237297262,0.9671025652173912,1.07957,-0.8734036720798709
porpag,with_minutes,mean,season_holdout_2025_26,1,23,1.0154079452456577,1.0154079452456577,1.0154079452456581,0.4846006426086957,0.364153,-0.530807302636962
porpag,with_minutes,mean,season_holdout_2025_26,2,23,1.0154079452456577,1.0154079452456577,1.0154079452456581,0.6084738304347825,0.475843,-0.4069341148108751
porpag,with_minutes,mean,season_holdout_2025_26,3,22,1.0154079452456577,1.0154079452456577,1.0154079452456581,1.070978886363636,0.88567,0.05557094111797867
porpag,with_minutes,mean,season_holdout_2025_26,4,23,1.0154079452456577,1.0154079452456577,1.0154079452456581,0.542700443478261,0.370591,-0.4727075017673968
porpag,with_minutes,mean,season_holdout_2025_26,5,23,1.0154079452456577,1.0154079452456577,1.0154079452456581,1.301959217391304,1.19394,0.28655127214564663
porpag,with_minutes,mean,season_holdout_2025_26,6,22,1.0154079452456577,1.0154079452456577,1.0154079452456581,0.8786277045454546,0.67477,-0.13678024070020314
porpag,with_minutes,mean,season_holdout_2025_26,7,23,1.0154079452456577,1.0154079452456577,1.0154079452456581,0.8848697869565219,0.925762,-0.13053815828913598
porpag,with_minutes,mean,season_holdout_2025_26,8,22,1.0154079452456577,1.0154079452456577,1.0154079452456581,1.3830416727272727,1.16591,0.36763372748161505
porpag,with_minutes,mean,season_holdout_2025_26,9,23,1.0154079452456577,1.0154079452456577,1.0154079452456581,0.6054559434782608,0.440335,-0.4099520017673968
porpag,with_minutes,mean,season_holdout_2025_26,10,23,1.0154079452456577,1.0154079452456577,1.0154079452456581,0.8945372569565216,0.66175,-0.1208706882891359
porpag,with_minutes,ridge,season_holdout_2025_26,1,23,-1.1291590292132228,-0.18982260498118686,-0.5224670845159585,-0.24213314739130434,-0.372433,0.28033393712465426
porpag,with_minutes,ridge,season_holdout_2025_26,2,23,-0.18406354482949516,0.20866990686737208,0.005157519915802696,0.07034654782608697,0.0930604,0.06518902791028428
porpag,with_minutes,ridge,season_holdout_2025_26,3,22,0.21166264146623037,0.4708558749550922,0.33745787859356,0.22415410363636365,0.027243939999999998,-0.11330377495719647
porpag,with_minutes,ridge,season_holdout_2025_26,4,23,0.5092989823017405,0.7560318793475272,0.6461274186035356,0.12538073043478262,0.195648,-0.520746688168753
porpag,with_minutes,ridge,season_holdout_2025_26,5,23,0.7753989024376634,1.0497981849896,0.8946647071923562,0.5174441608695651,0.307377,-0.3772205463227911
porpag,with_minutes,ridge,season_holdout_2025_26,6,22,1.063799297314029,1.3095759996477714,1.1746289308922984,0.8567736863636363,0.856468,-0.3178552445286623
porpag,with_minutes,ridge,season_holdout_2025_26,7,23,1.3189039546141,1.539815125882995,1.4304549799559978,1.4019468695652175,1.18172,-0.02850811039078015
porpag,with_minutes,ridge,season_holdout_2025_26,8,22,1.543731730536325,1.8247515074433696,1.7025468150370797,1.5510655727272726,1.57605,-0.15148124230980697
porpag,with_minutes,ridge,season_holdout_2025_26,9,23,1.8398073102884562,2.129544079520532,1.9435879015066657,1.7532919043478261,1.85691,-0.19029599715884005
porpag,with_minutes,ridge,season_holdout_2025_26,10,23,2.1348782410045306,2.9809801485297767,2.430844667183956,2.3665117,2.40926,-0.06433296718395622
porpag,with_minutes,elasticnet,season_holdout_2025_26,1,23,-0.8788368459032856,-0.14916480459227865,-0.38578903289225175,-0.11981445173913043,-0.205128,0.2659745811531213
porpag,with_minutes,elasticnet,season_holdout_2025_26,2,23,-0.13267286202116613,0.26144614742154015,0.038457482837240486,0.040302043478260885,0.0930604,0.0018445606410203816
porpag,with_minutes,elasticnet,season_holdout_2025_26,3,22,0.2627925966534379,0.5176173660763486,0.42340353317886775,0.11683040363636366,-0.029764560000000002,-0.3065731295425042
porpag,with_minutes,elasticnet,season_holdout_2025_26,4,23,0.5192979701574417,0.7924566643229056,0.6778410110421477,0.2446453826086956,0.300247,-0.43319562843345183
porpag,with_minutes,elasticnet,season_holdout_2025_26,5,23,0.8030417030075432,1.1060605959227217,0.9532842789717582,0.43267724782608696,0.278466,-0.5206070311456711
porpag,with_minutes,elasticnet,season_holdout_2025_26,6,22,1.1083769504183798,1.3379776900861107,1.2257781898964033,0.9008378181818181,0.9179200000000001,-0.32494037171458495
porpag,with_minutes,elasticnet,season_holdout_2025_26,7,23,1.3593885201788931,1.5866871043149282,1.4814664426027417,1.3605049608695654,1.30053,-0.1209614817331763
porpag,with_minutes,elasticnet,season_holdout_2025_26,8,22,1.5876128646151484,1.8585669126817157,1.7489273542531805,1.4604089818181818,1.54494,-0.2885183724349985
porpag,with_minutes,elasticnet,season_holdout_2025_26,9,23,1.8628996135571405,2.1035181784595443,1.9899689106956673,1.8605618695652177,1.91984,-0.1294070411304496
porpag,with_minutes,elasticnet,season_holdout_2025_26,10,23,2.134034444749461,2.8601682664167134,2.437403845036475,2.3211358652173915,2.39672,-0.1162679798190835
porpag,with_minutes,random_forest,season_holdout_2025_26,1,23,-0.408935825126476,-0.020069381016057868,-0.11892604310360987,-0.27135164304347825,-0.372433,-0.1524255999398684
porpag,with_minutes,random_forest,season_holdout_2025_26,2,23,0.02577539224747126,0.16631767868914282,0.1017914152033635,0.15083426086956522,0.181587,0.049042845666201706
porpag,with_minutes,random_forest,season_holdout_2025_26,3,22,0.18712265979720738,0.37211603987625297,0.2747191939623319,0.038816771818181814,-0.03830621,-0.2359024221441501
porpag,with_minutes,random_forest,season_holdout_2025_26,4,23,0.37902065986574,0.6007213354290556,0.48741278292768475,0.41415750869565215,0.475843,-0.07325527423203258
porpag,with_minutes,random_forest,season_holdout_2025_26,5,23,0.6235806786533483,0.8258342271715198,0.7297399573128741,0.4915712217391304,0.539972,-0.23816873557374368
porpag,with_minutes,random_forest,season_holdout_2025_26,6,22,0.845144073185189,1.057900324988902,0.9595975041528665,1.2598210954545452,1.321685,0.3002235913016787
porpag,with_minutes,random_forest,season_holdout_2025_26,7,23,1.0588458182012173,1.3763260256036138,1.2280721845632392,1.1848243913043475,1.30053,-0.04324779325889133
porpag,with_minutes,random_forest,season_holdout_2025_26,8,22,1.3803438214337995,1.7254852409693657,1.5598920026331349,1.4910982181818182,1.37228,-0.06879378445131684
porpag,with_minutes,random_forest,season_holdout_2025_26,9,23,1.7379443359398408,2.044032836079896,1.8781984358547459,1.614759113043478,1.85691,-0.26343932281126764
porpag,with_minutes,random_forest,season_holdout_2025_26,10,23,2.102009845339995,3.0698815891940496,2.5522157371640306,2.2571095695652175,2.3958,-0.29510616759881314
porpag,with_minutes,extra_trees,season_holdout_2025_26,1,23,-0.34858042799115485,0.09073764298590477,-0.050982695146246385,-0.17739382565217393,-0.372433,-0.12641113050592753
porpag,with_minutes,extra_trees,season_holdout_2025_26,2,23,0.09199694223250013,0.2717714606507139,0.17041084429871428,-0.03721562608695651,0.0819813,-0.2076264703856708
porpag,with_minutes,extra_trees,season_holdout_2025_26,3,22,0.2718246767242977,0.4097078946581785,0.33869009402947187,0.11740336818181821,-0.00046900000000000414,-0.22128672584765366
porpag,with_minutes,extra_trees,season_holdout_2025_26,4,23,0.42405922132339285,0.6207208723858932,0.5268790173536633,0.2699096165217391,0.240444,-0.256969400831924
porpag,with_minutes,extra_trees,season_holdout_2025_26,5,23,0.624932039643214,0.8334411680742615,0.7356886468398752,0.5136090913043478,0.510921,-0.22207955553552733
porpag,with_minutes,extra_trees,season_holdout_2025_26,6,22,0.834796073464048,1.0861657411330954,0.9734317618521409,1.10557905,1.1491500000000001,0.13214728814785914
porpag,with_minutes,extra_trees,season_holdout_2025_26,7,23,1.089416788687857,1.3417525290119046,1.2247883949996727,1.4891369999999997,1.64183,0.26434860500032703
porpag,with_minutes,extra_trees,season_holdout_2025_26,8,22,1.3567288602988694,1.7755213968700014,1.5598379226733443,1.3651778999999997,1.2164549999999998,-0.19466002267334434
porpag,with_minutes,extra_trees,season_holdout_2025_26,9,23,1.80219319861643,2.192059730070238,1.9644198282931367,1.6971019391304347,1.78407,-0.2673178891627016
porpag,with_minutes,extra_trees,season_holdout_2025_26,10,23,2.2021499236202384,3.06606564455238,2.417003430353559,2.279567830434783,2.39672,-0.13743559991877585
porpag,with_minutes,gradient_boosting,season_holdout_2025_26,1,23,-0.8761668226228653,0.00473553121513487,-0.16351592157505432,-0.2604088865217391,-0.383183,-0.0968929649466848
porpag,with_minutes,gradient_boosting,season_holdout_2025_26,2,23,0.005004134492308019,0.16983062473009575,0.07909041241429422,-0.023446408695652177,0.0819813,-0.1025368211099464
porpag,with_minutes,gradient_boosting,season_holdout_2025_26,3,22,0.18225457020463248,0.38025036387478794,0.2825429408014415,0.3405896718181818,0.342314,0.058046731016740315
porpag,with_minutes,gradient_boosting,season_holdout_2025_26,4,23,0.393362171536906,0.581681717468711,0.49016098194772395,0.3986348608695652,0.39011,-0.09152612107815866
porpag,with_minutes,gradient_boosting,season_holdout_2025_26,5,23,0.5831343926446192,0.8244645123651816,0.722243564124226,0.6738954086956521,0.510921,-0.04834815542857377
porpag,with_minutes,gradient_boosting,season_holdout_2025_26,6,22,0.8329605118680945,1.1344519843377785,0.9800368991340508,0.9384882681818183,0.6501945,-0.04154863095223274
porpag,with_minutes,gradient_boosting,season_holdout_2025_26,7,23,1.1362631113401502,1.4384975381674108,1.2886113541426172,1.1487290434782609,1.27826,-0.1398823106643563
porpag,with_minutes,gradient_boosting,season_holdout_2025_26,8,22,1.4450993478144285,1.736008172716186,1.5621697039443434,1.5878955454545454,1.64086,0.025725841510201772
porpag,with_minutes,gradient_boosting,season_holdout_2025_26,9,23,1.7433737765402426,2.093349485579029,1.8792448240075756,1.5384302782608694,1.85691,-0.340814545746706
porpag,with_minutes,gradient_boosting,season_holdout_2025_26,10,23,2.1000894330556483,3.7928599361685364,2.612174477812048,2.2921908739130434,2.39672,-0.3199836038990048
porpag,with_minutes,hist_gradient_boosting,season_holdout_2025_26,1,23,-0.6236964610748168,-0.018735478487383737,-0.17483509649766454,-0.1995180473913044,-0.194476,-0.024682950893639807
porpag,with_minutes,hist_gradient_boosting,season_holdout_2025_26,2,23,-0.011525162703438818,0.1514723092475879,0.0668819903413593,-0.12608394347826085,-0.141649,-0.19296593381962013
porpag,with_minutes,hist_gradient_boosting,season_holdout_2025_26,3,22,0.15508056997288705,0.39288921553725786,0.27023557331294706,0.26570656363636364,0.3123715,-0.004529009676583464
porpag,with_minutes,hist_gradient_boosting,season_holdout_2025_26,4,23,0.39473647929936206,0.6513256851115641,0.5162047454915657,0.5365041252173913,0.512884,0.020299379725825663
porpag,with_minutes,hist_gradient_boosting,season_holdout_2025_26,5,23,0.6629837736144264,0.8655405676911854,0.7558906992281486,0.47240391304347834,0.370591,-0.2834867861846703
porpag,with_minutes,hist_gradient_boosting,season_holdout_2025_26,6,22,0.9018460652020484,1.177249837768679,1.0418791938279914,1.0715467045454545,1.143505,0.029667510717462976
porpag,with_minutes,hist_gradient_boosting,season_holdout_2025_26,7,23,1.1825324853028696,1.4274034383919627,1.316825439280537,1.391453560869565,1.38123,0.07462812158902814
porpag,with_minutes,hist_gradient_boosting,season_holdout_2025_26,8,22,1.4341758371409765,1.7850254183110852,1.6217001960716957,1.5310944999999998,1.4142899999999998,-0.09060569607169543
porpag,with_minutes,hist_gradient_boosting,season_holdout_2025_26,9,23,1.7923061207762305,2.1284852164348314,1.9468966237342162,1.4963610260869564,1.8342,-0.4505355976472597
porpag,with_minutes,hist_gradient_boosting,season_holdout_2025_26,10,23,2.134588812477899,3.5219643528494013,2.7184873136228127,2.195590004347826,2.3958,-0.522897309274987
porpag,with_minutes,knn,season_holdout_2025_26,1,23,0.3120488170027304,0.5549624821289713,0.4468722119480197,0.2766795352173913,0.0660161,-0.17019267673062846
porpag,with_minutes,knn,season_holdout_2025_26,2,23,0.5859821382814143,0.8146845855562012,0.710746514404758,0.1993509,0.181587,-0.5113956144047578
porpag,with_minutes,knn,season_holdout_2025_26,3,22,0.8153980394785814,0.9888126964307851,0.9079009842350687,0.30334218181818184,0.1011677,-0.6045588024168868
porpag,with_minutes,knn,season_holdout_2025_26,4,23,0.9999643805367712,1.1329869829475414,1.0796143634765965,0.37552732173913045,0.195648,-0.704087041737466
porpag,with_minutes,knn,season_holdout_2025_26,5,23,1.1343549605748946,1.252271295778674,1.202286902830345,0.9373119043478262,0.786965,-0.26497499848251926
porpag,with_minutes,knn,season_holdout_2025_26,6,22,1.2549808123779898,1.3637507833058402,1.3181962973757484,0.9573247945454544,0.772481,-0.360871502830294
porpag,with_minutes,knn,season_holdout_2025_26,7,23,1.366689181602491,1.4637787472992032,1.4241955929033379,0.9871097695652172,0.925762,-0.4370858233381204
porpag,with_minutes,knn,season_holdout_2025_26,8,22,1.4679078882462016,1.6153955849738044,1.5232629481319748,1.0896363363636363,0.9152210000000001,-0.43362661176833817
porpag,with_minutes,knn,season_holdout_2025_26,9,23,1.6241763047606055,1.7896178369795508,1.7005890622687792,1.8972942173913045,1.85691,0.19670515512252476
porpag,with_minutes,knn,season_holdout_2025_26,10,23,1.8073278232607475,2.3777393866837024,1.999958470237336,1.5889577739130436,1.64183,-0.4110006963242926
porpag,with_minutes,svr_rbf,season_holdout_2025_26,1,23,-0.5806946930791272,0.2037267581347736,-0.013869293531280037,-0.21324976913043478,-0.336691,-0.19938047559915476
porpag,with_minutes,svr_rbf,season_holdout_2025_26,2,23,0.20397778624160656,0.5060567498796151,0.38417155711271805,-0.04567233478260868,0.0819813,-0.4298438918953268
porpag,with_minutes,svr_rbf,season_holdout_2025_26,3,22,0.5144498175118342,0.6592631349701221,0.5925363580364601,0.42289547636363645,0.2376825,-0.16964088167282368
porpag,with_minutes,svr_rbf,season_holdout_2025_26,4,23,0.6693105781198023,0.7958461824898186,0.7330659966282869,0.5712629913043478,0.440335,-0.16180300532393904
porpag,with_minutes,svr_rbf,season_holdout_2025_26,5,23,0.8210128813590334,0.9750903700637794,0.9061606441273575,0.8430235173913045,0.74954,-0.06313712673605311
porpag,with_minutes,svr_rbf,season_holdout_2025_26,6,22,0.9807263888976477,1.206154653258525,1.1008559376532163,0.714129240909091,0.7424390000000001,-0.38672669674412546
porpag,with_minutes,svr_rbf,season_holdout_2025_26,7,23,1.2066485306826507,1.4114816953033498,1.325166175224206,1.0219413478260868,1.08577,-0.3032248273981193
porpag,with_minutes,svr_rbf,season_holdout_2025_26,8,22,1.4129137293021008,1.5683188207680336,1.4875645220576992,1.3672040909090908,1.246845,-0.12036043114860823
porpag,with_minutes,svr_rbf,season_holdout_2025_26,9,23,1.5686284484193922,1.8828443998075475,1.7028322617762892,1.797628060869565,1.85691,0.0947957990932762
porpag,with_minutes,svr_rbf,season_holdout_2025_26,10,23,1.8859559657165503,2.5921505620474834,2.0880957036508176,2.1400645260869564,2.04245,0.05196882243613885
bpm,no_minutes,mean,season_holdout_2025_26,1,25,-2.63475530809628,-2.63475530809628,-2.63475530809628,-4.098754976,-3.12295,-1.4639996679037202
bpm,no_minutes,mean,season_holdout_2025_26,2,25,-2.63475530809628,-2.63475530809628,-2.63475530809628,-4.241910359999999,-3.07338,-1.6071550519037203
bpm,no_minutes,mean,season_holdout_2025_26,3,24,-2.63475530809628,-2.63475530809628,-2.63475530809628,-2.628972125,-2.6353099999999996,0.005783183096279713
bpm,no_minutes,mean,season_holdout_2025_26,4,25,-2.63475530809628,-2.63475530809628,-2.63475530809628,-3.6387495847999998,-2.23411,-1.00399427670372
bpm,no_minutes,mean,season_holdout_2025_26,5,24,-2.63475530809628,-2.63475530809628,-2.63475530809628,-0.805064125,-1.379375,1.8296911830962799
bpm,no_minutes,mean,season_holdout_2025_26,6,25,-2.63475530809628,-2.63475530809628,-2.63475530809628,-1.9070828,-2.30097,0.7276725080962798
bpm,no_minutes,mean,season_holdout_2025_26,7,24,-2.63475530809628,-2.63475530809628,-2.63475530809628,-3.6496943749999997,-3.5755850000000002,-1.0149390669037202
bpm,no_minutes,mean,season_holdout_2025_26,8,25,-2.63475530809628,-2.63475530809628,-2.63475530809628,-1.9746547199999998,-1.86566,0.6601005880962798
bpm,no_minutes,mean,season_holdout_2025_26,9,24,-2.63475530809628,-2.63475530809628,-2.63475530809628,-4.309960875000001,-4.0774,-1.6752055669037205
bpm,no_minutes,mean,season_holdout_2025_26,10,25,-2.63475530809628,-2.63475530809628,-2.63475530809628,-1.2671644480000004,-3.02482,1.3675908600962796
bpm,no_minutes,ridge,season_holdout_2025_26,1,25,-8.6794294457,-5.009200174671085,-6.1629462642506345,-4.744766,-4.19238,1.4181802642506358
bpm,no_minutes,ridge,season_holdout_2025_26,2,25,-4.981535463642151,-4.02965414137177,-4.492294083600703,-4.02560632,-2.87676,0.46668776360070224
bpm,no_minutes,ridge,season_holdout_2025_26,3,24,-4.022201272439732,-3.331142713959614,-3.641709551366026,-2.2575090208333335,-2.670665,1.384200530532693
bpm,no_minutes,ridge,season_holdout_2025_26,4,25,-3.283102984736248,-2.8831569057516857,-3.128663884963793,-3.132025032,-2.43177,-0.003361147036207317
bpm,no_minutes,ridge,season_holdout_2025_26,5,24,-2.865457097795494,-2.424621178809192,-2.636385172200147,-1.1529371666666666,-2.33018,1.4834480055334798
bpm,no_minutes,ridge,season_holdout_2025_26,6,25,-2.41021980920727,-1.863375530028268,-2.167116430507582,-4.19427084,-3.78008,-2.0271544094924177
bpm,no_minutes,ridge,season_holdout_2025_26,7,24,-1.851537882230235,-1.396420513467723,-1.659430081100729,-2.4002415541666666,-2.2189550000000002,-0.7408114730659379
bpm,no_minutes,ridge,season_holdout_2025_26,8,25,-1.3624492405686266,-0.608565607823828,-1.0278494112809964,-2.51538384,-2.35576,-1.4875344287190038
bpm,no_minutes,ridge,season_holdout_2025_26,9,24,-0.5952983630494535,0.18854379039008817,-0.25000653973968284,-2.931469708333333,-3.011935,-2.6814631685936505
bpm,no_minutes,ridge,season_holdout_2025_26,10,25,0.21428612062506502,3.448489064027297,1.2451054428250539,-1.0617375448000002,-0.00417102,-2.3068429876250542
bpm,no_minutes,elasticnet,season_holdout_2025_26,1,25,-7.903095004591956,-4.606134897646937,-5.757025522447453,-4.55688872,-4.06416,1.2001368024474532
bpm,no_minutes,elasticnet,season_holdout_2025_26,2,25,-4.553434464867417,-3.7462550502628265,-4.201353030950407,-4.0422972,-3.12295,0.1590558309504063
bpm,no_minutes,elasticnet,season_holdout_2025_26,3,24,-3.7020351279777524,-3.107214510740585,-3.4116662999974765,-2.4777187291666665,-2.20303,0.93394757083081
bpm,no_minutes,elasticnet,season_holdout_2025_26,4,25,-3.104021239463104,-2.6438020034715506,-2.8729219820347693,-2.2551577120000004,-3.14042,0.6177642700347691
bpm,no_minutes,elasticnet,season_holdout_2025_26,5,24,-2.617470652068309,-2.2465537109467113,-2.41269055673115,-2.3514605,-2.24704,0.06123005673114997
bpm,no_minutes,elasticnet,season_holdout_2025_26,6,25,-2.233669992972984,-1.7597300093640553,-1.9818650530013773,-4.33074724,-4.62938,-2.348882186998623
bpm,no_minutes,elasticnet,season_holdout_2025_26,7,24,-1.7446321831800313,-1.21336976768192,-1.4894618238797956,-1.6616330958333334,-1.1150735,-0.17217127195353768
bpm,no_minutes,elasticnet,season_holdout_2025_26,8,25,-1.2042473693607312,-0.5650436967304995,-0.8329581211009913,-2.4800002,-2.35576,-1.6470420788990092
bpm,no_minutes,elasticnet,season_holdout_2025_26,9,24,-0.5390957637727571,0.2284006228819333,-0.1852617059837005,-3.2377627916666665,-3.15836,-3.052501085682966
bpm,no_minutes,elasticnet,season_holdout_2025_26,10,25,0.34222479997677535,3.29583535983694,1.3140894708817388,-1.0617375448000002,-0.00417102,-2.3758270156817387
bpm,no_minutes,random_forest,season_holdout_2025_26,1,25,-8.229640974443237,-4.41547323274707,-5.443557044719451,-4.80607958,-3.70607,0.6374774647194503
bpm,no_minutes,random_forest,season_holdout_2025_26,2,25,-4.378019460649732,-3.624106073892386,-3.987497759088945,-2.53021752,-3.12295,1.4572802390889443
bpm,no_minutes,random_forest,season_holdout_2025_26,3,24,-3.602110776635137,-3.0755125666040612,-3.299040285040853,-3.37173675,-2.750975,-0.0726964649591475
bpm,no_minutes,random_forest,season_holdout_2025_26,4,25,-3.06977677676824,-2.6112796774887608,-2.7958972895445537,-5.24628212,-4.68373,-2.4503848304554467
bpm,no_minutes,random_forest,season_holdout_2025_26,5,24,-2.5944748965006896,-2.2382804769151763,-2.40263686474914,-2.0059225416666666,-2.5879700000000003,0.39671432308247345
bpm,no_minutes,random_forest,season_holdout_2025_26,6,25,-2.214194852886466,-1.8920162964097187,-2.0436659106066135,-3.655542488,-3.14042,-1.611876577393386
bpm,no_minutes,random_forest,season_holdout_2025_26,7,24,-1.8867329825550632,-1.4082384640243903,-1.6391463665394597,-1.9602301041666668,-3.189795,-0.3210837376272072
bpm,no_minutes,random_forest,season_holdout_2025_26,8,25,-1.390791096312385,-0.8952842153577767,-1.1198921619079485,-2.513237632,-3.05411,-1.3933454700920513
bpm,no_minutes,random_forest,season_holdout_2025_26,9,24,-0.8664449842093687,-0.1510107073323064,-0.5539459821878965,-0.6071932333333333,-0.6092010000000001,-0.05324725114543686
bpm,no_minutes,random_forest,season_holdout_2025_26,10,25,-0.14537041476625773,2.236014717157396,0.5282695630960152,-1.6876220648,-1.14827,-2.2158916278960152
bpm,no_minutes,extra_trees,season_holdout_2025_26,1,25,-10.162441943955958,-4.540764533220235,-6.231463063612426,-4.5796883,-4.68373,1.6517747636124265
bpm,no_minutes,extra_trees,season_holdout_2025_26,2,25,-4.529434558926192,-3.6786185557684483,-4.019922697607808,-2.074698352,-1.78969,1.9452243456078089
bpm,no_minutes,extra_trees,season_holdout_2025_26,3,24,-3.6475970813208316,-3.017929352271431,-3.301163781338269,-4.31873075,-3.534375,-1.017566968661731
bpm,no_minutes,extra_trees,season_holdout_2025_26,4,25,-3.009740798627976,-2.435452189974405,-2.720816176391786,-4.430293959999999,-4.10558,-1.7094777836082142
bpm,no_minutes,extra_trees,season_holdout_2025_26,5,24,-2.4303542248494043,-2.1666136124488093,-2.323182065035565,-2.7552912166666665,-2.04463,-0.4321091516311013
bpm,no_minutes,extra_trees,season_holdout_2025_26,6,25,-2.1658554503916667,-1.8243976581071437,-1.9811726147754047,-4.3657392,-3.85451,-2.3845665852245954
bpm,no_minutes,extra_trees,season_holdout_2025_26,7,24,-1.8162094395517847,-1.3392309154857138,-1.5425111789974704,-3.4560568958333335,-3.70372,-1.9135457168358627
bpm,no_minutes,extra_trees,season_holdout_2025_26,8,25,-1.3097636071892855,-0.7559342443321421,-1.05424012054719,-1.8601520000000002,-1.50402,-0.8059118794528096
bpm,no_minutes,extra_trees,season_holdout_2025_26,9,24,-0.7311250439761906,-0.1272331330857143,-0.492491676300893,-0.2974621925000001,-0.03745331,0.19502948380089258
bpm,no_minutes,extra_trees,season_holdout_2025_26,10,25,-0.0968207764375,2.9987121003738118,0.6860542917820716,-0.36124950400000005,0.161403,-1.0473037957820717
bpm,no_minutes,gradient_boosting,season_holdout_2025_26,1,25,-10.644896543709864,-4.748443798593979,-7.28281108085628,-4.2042531,-3.12295,3.0785579808562806
bpm,no_minutes,gradient_boosting,season_holdout_2025_26,2,25,-4.607517439109088,-3.6045405341778065,-4.018429246267534,-3.3068194799999997,-4.12497,0.7116097662675345
bpm,no_minutes,gradient_boosting,season_holdout_2025_26,3,24,-3.6025008636660494,-3.0778456547635145,-3.3382637660683288,-4.224612875,-2.864265,-0.886349108931671
bpm,no_minutes,gradient_boosting,season_holdout_2025_26,4,25,-3.068078153863056,-2.6548195170653393,-2.8459309035237057,-4.40977556,-3.83588,-1.5638446564762944
bpm,no_minutes,gradient_boosting,season_holdout_2025_26,5,24,-2.6516734968574633,-2.128569561481311,-2.3091318162167416,-0.9761930833333334,-1.7083949999999999,1.3329387328834084
bpm,no_minutes,gradient_boosting,season_holdout_2025_26,6,25,-2.1166177459825635,-1.711440893105895,-1.910626055732212,-3.53914494,-2.50697,-1.628518884267788
bpm,no_minutes,gradient_boosting,season_holdout_2025_26,7,24,-1.707581106660087,-1.1611990835119481,-1.4752981384513049,-2.593873875,-3.774035,-1.1185757365486948
bpm,no_minutes,gradient_boosting,season_holdout_2025_26,8,25,-1.153691670068865,-0.6711942304272136,-0.9500011854343462,-2.4128301200000006,-2.86812,-1.4628289345656538
bpm,no_minutes,gradient_boosting,season_holdout_2025_26,9,24,-0.6599719494473852,0.012841197977492693,-0.27716783161133396,-2.7482844749999997,-2.26754,-2.471116643388666
bpm,no_minutes,gradient_boosting,season_holdout_2025_26,10,25,0.03790661616241225,3.730349858387222,0.9818414023189461,-0.0721917928,0.0735654,-1.0540331951189463
bpm,no_minutes,hist_gradient_boosting,season_holdout_2025_26,1,25,-10.66477812001733,-5.349808133723608,-6.8945601504687986,-3.23214472,-3.12295,3.6624154304688004
bpm,no_minutes,hist_gradient_boosting,season_holdout_2025_26,2,25,-5.175627493534581,-4.051072803685981,-4.4952658862379185,-3.35392358,-2.88558,1.1413423062379187
bpm,no_minutes,hist_gradient_boosting,season_holdout_2025_26,3,24,-4.0161714540702045,-3.097525029408121,-3.4733169946692772,-4.7013345,-4.1152750000000005,-1.2280175053307232
bpm,no_minutes,hist_gradient_boosting,season_holdout_2025_26,4,25,-3.094536833329572,-2.3680883627753047,-2.69380996104504,-3.3539283999999996,-2.12682,-0.6601184389549603
bpm,no_minutes,hist_gradient_boosting,season_holdout_2025_26,5,24,-2.3591612390603136,-1.9008615387134746,-2.104890660996137,-2.9960565916666666,-3.072505,-0.89116593067053
bpm,no_minutes,hist_gradient_boosting,season_holdout_2025_26,6,25,-1.8996178116458227,-1.379526452585644,-1.6728498716873705,-2.32458864,-1.83551,-0.6517387683126294
bpm,no_minutes,hist_gradient_boosting,season_holdout_2025_26,7,24,-1.3529228677803993,-0.6914499346816313,-1.0996028418832922,-1.9032747125,-2.55542,-0.8036718706167078
bpm,no_minutes,hist_gradient_boosting,season_holdout_2025_26,8,25,-0.6853083505305197,-0.0954804666344094,-0.37481160834795074,-1.9594652320000001,-1.50387,-1.5846536236520492
bpm,no_minutes,hist_gradient_boosting,season_holdout_2025_26,9,24,-0.08706724693226477,0.8565835430761093,0.3377575033532037,-2.350588000833333,-2.90113,-2.6883455041865374
bpm,no_minutes,hist_gradient_boosting,season_holdout_2025_26,10,25,0.8662358149996278,3.356864301914285,1.8069533745267328,-2.369006504,-2.35576,-4.175959878526733
bpm,no_minutes,knn,season_holdout_2025_26,1,25,-7.613080477912003,-4.336379966656634,-5.413322274605155,-3.22037942,-2.85177,2.192942854605154
bpm,no_minutes,knn,season_holdout_2025_26,2,25,-4.334285540633821,-3.456161889294476,-3.950060773364184,-4.79995072,-4.75019,-0.8498899466358162
bpm,no_minutes,knn,season_holdout_2025_26,3,24,-3.443989293750883,-2.851069955940093,-3.201841919936687,-4.836915083333333,-3.68543,-1.6350731633966464
bpm,no_minutes,knn,season_holdout_2025_26,4,25,-2.8442585591430887,-2.573618029098015,-2.7324534831243352,-3.8162049279999994,-3.81127,-1.0837514448756649
bpm,no_minutes,knn,season_holdout_2025_26,5,24,-2.536656284443355,-2.276207184203088,-2.404305202583121,-1.9798920416666668,-2.537815,0.4244131609164539
bpm,no_minutes,knn,season_holdout_2025_26,6,25,-2.2725509461413522,-1.730315841050181,-2.0293128806446354,-2.5666691999999993,-2.86812,-0.5373563193553648
bpm,no_minutes,knn,season_holdout_2025_26,7,24,-1.7200816093947018,-1.3062748671957232,-1.561838090066316,-1.8805174833333336,-2.266465,-0.3186793932670172
bpm,no_minutes,knn,season_holdout_2025_26,8,25,-1.3016872959703252,-0.7016294382331341,-0.9594683171034079,-3.176238464,-3.05411,-2.216770146896592
bpm,no_minutes,knn,season_holdout_2025_26,9,24,-0.6721154405762083,0.07152366805467027,-0.3055665443213778,-0.9095808666666666,-0.7975845,-0.6040143223452888
bpm,no_minutes,knn,season_holdout_2025_26,10,25,0.08593236776136776,1.8270861207844669,0.7908502643592162,-1.2641887408,-1.14827,-2.0550390051592164
bpm,no_minutes,svr_rbf,season_holdout_2025_26,1,25,-5.008226380614073,-3.253296538870906,-3.818273983488586,-4.94844112,-4.84156,-1.130167136511414
bpm,no_minutes,svr_rbf,season_holdout_2025_26,2,25,-3.1840847999341366,-2.6619195339089163,-2.8822948860561355,-4.79778956,-3.34439,-1.9154946739438647
bpm,no_minutes,svr_rbf,season_holdout_2025_26,3,24,-2.6480890457555595,-2.3645464541878365,-2.5100125253153434,-2.707201258333333,-2.511965,-0.1971887330179901
bpm,no_minutes,svr_rbf,season_holdout_2025_26,4,25,-2.3640823621394524,-2.0614097147981516,-2.2458020875523754,-2.8843847000000005,-3.11935,-0.6385826124476246
bpm,no_minutes,svr_rbf,season_holdout_2025_26,5,24,-2.059536503559079,-1.6473762731562909,-1.8231179299112472,-3.0278471250000005,-2.708595,-1.204729195088753
bpm,no_minutes,svr_rbf,season_holdout_2025_26,6,25,-1.6251297404883882,-1.2711624618101622,-1.4474397806036916,-2.2319682599999995,-2.79604,-0.7845284793963081
bpm,no_minutes,svr_rbf,season_holdout_2025_26,7,24,-1.2540645148569123,-0.8771805694723551,-1.0319844545997379,-2.9258102916666666,-3.3175600000000003,-1.8938258370669292
bpm,no_minutes,svr_rbf,season_holdout_2025_26,8,25,-0.857325036941861,-0.4970866724523404,-0.6348239450382827,-2.0596675839999996,-0.851152,-1.4248436389617174
bpm,no_minutes,svr_rbf,season_holdout_2025_26,9,24,-0.4688010325852614,0.13573750903876514,-0.20006628215522668,-2.0679187425000003,-1.812605,-1.8678524603447733
bpm,no_minutes,svr_rbf,season_holdout_2025_26,10,25,0.15074708920832247,2.288288762802739,0.9598408967211653,-0.8443831839999999,-0.42578,-1.8042240807211654
bpm,with_minutes,mean,season_holdout_2025_26,1,25,-2.63475530809628,-2.63475530809628,-2.63475530809628,-4.098754976,-3.12295,-1.4639996679037202
bpm,with_minutes,mean,season_holdout_2025_26,2,25,-2.63475530809628,-2.63475530809628,-2.63475530809628,-4.241910359999999,-3.07338,-1.6071550519037203
bpm,with_minutes,mean,season_holdout_2025_26,3,24,-2.63475530809628,-2.63475530809628,-2.63475530809628,-2.628972125,-2.6353099999999996,0.005783183096279713
bpm,with_minutes,mean,season_holdout_2025_26,4,25,-2.63475530809628,-2.63475530809628,-2.63475530809628,-3.6387495847999998,-2.23411,-1.00399427670372
bpm,with_minutes,mean,season_holdout_2025_26,5,24,-2.63475530809628,-2.63475530809628,-2.63475530809628,-0.805064125,-1.379375,1.8296911830962799
bpm,with_minutes,mean,season_holdout_2025_26,6,25,-2.63475530809628,-2.63475530809628,-2.63475530809628,-1.9070828,-2.30097,0.7276725080962798
bpm,with_minutes,mean,season_holdout_2025_26,7,24,-2.63475530809628,-2.63475530809628,-2.63475530809628,-3.6496943749999997,-3.5755850000000002,-1.0149390669037202
bpm,with_minutes,mean,season_holdout_2025_26,8,25,-2.63475530809628,-2.63475530809628,-2.63475530809628,-1.9746547199999998,-1.86566,0.6601005880962798
bpm,with_minutes,mean,season_holdout_2025_26,9,24,-2.63475530809628,-2.63475530809628,-2.63475530809628,-4.309960875000001,-4.0774,-1.6752055669037205
bpm,with_minutes,mean,season_holdout_2025_26,10,25,-2.63475530809628,-2.63475530809628,-2.63475530809628,-1.2671644480000004,-3.02482,1.3675908600962796
bpm,with_minutes,ridge,season_holdout_2025_26,1,25,-12.94911280106873,-7.002755208678662,-8.955772549855938,-9.1279332,-8.93272,-0.1721606501440609
bpm,with_minutes,ridge,season_holdout_2025_26,2,25,-6.969305834083855,-4.8544971365342455,-5.812781742261904,-4.12156048,-4.59608,1.691221262261904
bpm,with_minutes,ridge,season_holdout_2025_26,3,24,-4.756110265630846,-3.6663273977028545,-4.191067107179227,-3.688862458333333,-3.5223050000000002,0.5022046488458934
bpm,with_minutes,ridge,season_holdout_2025_26,4,25,-3.6095502409387255,-2.664073522640119,-3.0913984498650047,-4.3780012,-4.62938,-1.2866027501349953
bpm,with_minutes,ridge,season_holdout_2025_26,5,24,-2.6428103178611906,-2.0247018286451377,-2.3478162370584417,-2.4149135916666666,-2.73407,-0.06709735460822495
bpm,with_minutes,ridge,season_holdout_2025_26,6,25,-1.9677095139918546,-1.2220934755944795,-1.5998258189443084,-2.93975888,-2.68576,-1.3399330610556919
bpm,with_minutes,ridge,season_holdout_2025_26,7,24,-1.165001319491836,-0.4483804916771461,-0.7551992857148733,-1.6958515833333336,-1.46919,-0.94065229761846
bpm,with_minutes,ridge,season_holdout_2025_26,8,25,-0.3902521269473378,0.34807593292482686,-0.039223837223152744,-0.37328768,0.146804,-0.3340638427768472
bpm,with_minutes,ridge,season_holdout_2025_26,9,24,0.35639264304606977,1.8386735716396965,0.9517703176240134,-1.08399325,-1.20414,-2.0357635676240133
bpm,with_minutes,ridge,season_holdout_2025_26,10,25,1.8550452549479122,8.329322276724128,2.833816263177331,1.4025567592000001,1.36303,-1.431259503977331
bpm,with_minutes,elasticnet,season_holdout_2025_26,1,25,-12.679802873654326,-7.290814041189545,-8.947207893676593,-9.1279332,-8.93272,-0.18072530632340786
bpm,with_minutes,elasticnet,season_holdout_2025_26,2,25,-6.973894837334894,-4.975891788901366,-5.833156780672077,-4.37582128,-4.75019,1.4573355006720772
bpm,with_minutes,elasticnet,season_holdout_2025_26,3,24,-4.85874333807756,-3.5798708598992546,-4.100403590271685,-3.4931662083333332,-3.663255,0.6072373819383518
bpm,with_minutes,elasticnet,season_holdout_2025_26,4,25,-3.4277720017848052,-2.6412088222216568,-2.9959046935791878,-4.3085356,-4.58975,-1.3126309064208126
bpm,with_minutes,elasticnet,season_holdout_2025_26,5,24,-2.637758485785174,-1.9820625682535722,-2.3067250985168903,-2.6655631749999995,-2.768765,-0.3588380764831099
bpm,with_minutes,elasticnet,season_holdout_2025_26,6,25,-1.9345171001216652,-1.2237347063495942,-1.6349924216644658,-2.60061448,-2.45926,-0.9656220583355344
bpm,with_minutes,elasticnet,season_holdout_2025_26,7,24,-1.072452536189675,-0.29835792794264804,-0.6837861545587117,-2.2320503333333335,-1.7549649999999999,-1.5482641787746214
bpm,with_minutes,elasticnet,season_holdout_2025_26,8,25,-0.27956242644599105,0.27529144627847146,-0.018562775244639944,0.0776699199999999,0.200821,0.09623269524463997
bpm,with_minutes,elasticnet,season_holdout_2025_26,9,24,0.27941675843969027,1.6597402819822131,0.9166499246499269,-1.4932844175,-1.7470599999999998,-2.409934342149927
bpm,with_minutes,elasticnet,season_holdout_2025_26,10,25,1.7540419083640761,8.112660253889308,2.7936772599012545,1.75767548,2.02126,-1.0360017799012542
bpm,with_minutes,random_forest,season_holdout_2025_26,1,25,-14.33169002492209,-4.6196304311340155,-8.97230366883595,-5.9047796,-5.58257,3.067524068835951
bpm,with_minutes,random_forest,season_holdout_2025_26,2,25,-4.412363589821812,-3.2610719231583984,-3.6971254394200024,-4.62285588,-4.59608,-0.9257304405799974
bpm,with_minutes,random_forest,season_holdout_2025_26,3,24,-3.225272946259218,-2.7241484824719033,-2.9156232840576854,-5.0729905,-4.377175,-2.157367215942314
bpm,with_minutes,random_forest,season_holdout_2025_26,4,25,-2.722312058623556,-2.475516630913105,-2.593555772742066,-3.245281688,-3.12295,-0.6517259152579337
bpm,with_minutes,random_forest,season_holdout_2025_26,5,24,-2.4517635248047718,-1.968427370475788,-2.1929465331724916,-3.447265625,-3.4678899999999997,-1.2543190918275082
bpm,with_minutes,random_forest,season_holdout_2025_26,6,25,-1.966066973818291,-1.629177415338902,-1.8364477643803356,-3.8162057199999997,-4.42556,-1.9797579556196643
bpm,with_minutes,random_forest,season_holdout_2025_26,7,24,-1.6196157392238693,-1.1710542513264819,-1.418191437102627,-2.903959395833334,-2.9180349999999997,-1.4857679587307064
bpm,with_minutes,random_forest,season_holdout_2025_26,8,25,-1.1604750550128258,-0.3421567369131994,-0.7767939233152639,-0.773788,-0.122741,0.003005923315263912
bpm,with_minutes,random_forest,season_holdout_2025_26,9,24,-0.3208344471520612,0.4351187140689541,-0.018752157857061212,-0.835328105,-0.6020369999999999,-0.8165759471429389
bpm,with_minutes,random_forest,season_holdout_2025_26,10,25,0.46888497021357517,2.480717314165453,1.302748100411992,2.06581204,2.19143,0.7630639395880078
bpm,with_minutes,extra_trees,season_holdout_2025_26,1,25,-14.346073356571425,-5.001420953958338,-8.431845554912048,-6.44703688,-5.58257,1.9848086749120484
bpm,with_minutes,extra_trees,season_holdout_2025_26,2,25,-4.956541552553573,-3.5438099486571435,-3.9935667811034996,-4.2492982800000005,-4.02983,-0.2557314988965009
bpm,with_minutes,extra_trees,season_holdout_2025_26,3,24,-3.4168379259583337,-2.6207575339773825,-3.0116306174904275,-5.122742916666667,-5.00314,-2.111112299176239
bpm,with_minutes,extra_trees,season_holdout_2025_26,4,25,-2.6128415275446435,-2.255904115927975,-2.384193963947191,-3.42499752,-2.12682,-1.040803556052809
bpm,with_minutes,extra_trees,season_holdout_2025_26,5,24,-2.252452721158333,-1.9393271403315469,-2.080739446966691,-3.6710975416666662,-3.811415,-1.5903580946999751
bpm,with_minutes,extra_trees,season_holdout_2025_26,6,25,-1.9334721378029767,-1.617442746496429,-1.773097801444476,-3.4177282480000004,-3.67064,-1.6446304465555237
bpm,with_minutes,extra_trees,season_holdout_2025_26,7,24,-1.6164004486696422,-1.204402060195833,-1.3965357309983626,-2.541838229166667,-2.9698450000000003,-1.145302498168304
bpm,with_minutes,extra_trees,season_holdout_2025_26,8,25,-1.179756581459523,-0.5994140156315475,-0.8816752029319762,-1.80022104,-2.14717,-0.9185458370680241
bpm,with_minutes,extra_trees,season_holdout_2025_26,9,24,-0.5989338698059528,0.43763011100595245,-0.12128113621266123,-0.06265018833333343,-0.019402259999999998,0.0586309478793278
bpm,with_minutes,extra_trees,season_holdout_2025_26,10,25,0.5655527785202382,4.324317954696428,1.9259765325769038,2.21541696,1.94258,0.2894404274230963
bpm,with_minutes,gradient_boosting,season_holdout_2025_26,1,25,-17.410752783315335,-4.726542947553103,-8.473197147148031,-6.34219592,-5.58257,2.1310012271480314
bpm,with_minutes,gradient_boosting,season_holdout_2025_26,2,25,-4.623611535533847,-3.3783425747811315,-3.8936752744663226,-4.22943828,-3.70607,-0.33576300553367744
bpm,with_minutes,gradient_boosting,season_holdout_2025_26,3,24,-3.375769664767672,-2.823527894558398,-3.06671222207884,-4.557340375,-3.9049549999999997,-1.49062815292116
bpm,with_minutes,gradient_boosting,season_holdout_2025_26,4,25,-2.8140505342935547,-2.365794766179759,-2.593620320029259,-3.82272964,-4.14176,-1.2291093199707412
bpm,with_minutes,gradient_boosting,season_holdout_2025_26,5,24,-2.339348605262562,-2.0252226289775765,-2.1693071234034473,-3.8965355416666667,-4.0383000000000004,-1.7272284182632196
bpm,with_minutes,gradient_boosting,season_holdout_2025_26,6,25,-2.0237138702084216,-1.5326333746675844,-1.81121670998509,-3.368287748,-4.12542,-1.5570710380149098
bpm,with_minutes,gradient_boosting,season_holdout_2025_26,7,24,-1.511686503227619,-1.0363556990540774,-1.2626193378083503,-3.190962583333333,-2.58372,-1.9283432455249827
bpm,with_minutes,gradient_boosting,season_holdout_2025_26,8,25,-1.0094462085298204,-0.3846646999434118,-0.7118089233478371,-1.5222760799999997,-1.47792,-0.8104671566521631
bpm,with_minutes,gradient_boosting,season_holdout_2025_26,9,24,-0.3257738456427648,0.6907942659622672,0.10756838133937625,0.1902846458333333,0.4398895,0.08271626449395703
bpm,with_minutes,gradient_boosting,season_holdout_2025_26,10,25,0.8256796725236607,4.716369686823647,2.127732037919664,2.2150386392000003,2.24083,0.08730660128033624
bpm,with_minutes,hist_gradient_boosting,season_holdout_2025_26,1,25,-19.957428804448888,-4.953278624509253,-8.611382293219998,-6.0532736,-5.22352,2.558108693219999
bpm,with_minutes,hist_gradient_boosting,season_holdout_2025_26,2,25,-4.693458159448407,-3.4940032543414232,-3.9958177899585734,-4.73868992,-3.70022,-0.7428721300414267
bpm,with_minutes,hist_gradient_boosting,season_holdout_2025_26,3,24,-3.475685045317743,-2.8238366027152177,-3.185586345423083,-4.252734875,-3.721435,-1.0671485295769176
bpm,with_minutes,hist_gradient_boosting,season_holdout_2025_26,4,25,-2.8194156789078813,-2.344467493628296,-2.6145995106606277,-2.96475112,-3.78008,-0.35015160933937217
bpm,with_minutes,hist_gradient_boosting,season_holdout_2025_26,5,24,-2.334414696501846,-1.8188004381100993,-2.0803228433388696,-3.275941675,-3.625825,-1.19561883166113
bpm,with_minutes,hist_gradient_boosting,season_holdout_2025_26,6,25,-1.7174054774447673,-1.3119705464068445,-1.5094645262250859,-3.19175732,-3.00459,-1.6822927937749146
bpm,with_minutes,hist_gradient_boosting,season_holdout_2025_26,7,24,-1.308722821834099,-0.6341946387121511,-1.0045210118228718,-2.267900104166667,-2.6735550000000003,-1.2633790923437946
bpm,with_minutes,hist_gradient_boosting,season_holdout_2025_26,8,25,-0.6268244784250536,0.38962781759722465,-0.20194462311834138,-1.2454817408,-0.645846,-1.0435371176816586
bpm,with_minutes,hist_gradient_boosting,season_holdout_2025_26,9,24,0.42368567680574964,1.5476255286297458,0.8689268356705157,-0.7823692916666666,-0.3259405,-1.6512961273371822
bpm,with_minutes,hist_gradient_boosting,season_holdout_2025_26,10,25,1.5717850475226287,3.5782567177075735,2.41054228062005,0.28348108000000005,2.0997,-2.1270612006200493
bpm,with_minutes,knn,season_holdout_2025_26,1,25,-8.550427583488423,-4.180126971727525,-5.4544354183121975,-5.753519919999999,-4.84156,-0.29908450168780265
bpm,with_minutes,knn,season_holdout_2025_26,2,25,-4.151812965659676,-3.181485257472729,-3.5792576127594344,-4.41212316,-4.10558,-0.8328655472405652
bpm,with_minutes,knn,season_holdout_2025_26,3,24,-3.1400969306875695,-2.6478154849547364,-2.850871676816124,-4.365842895833333,-4.22,-1.5149712190172098
bpm,with_minutes,knn,season_holdout_2025_26,4,25,-2.6285227737071577,-2.2845109631749754,-2.4387191411888236,-3.9017772479999997,-3.95163,-1.463058106811176
bpm,with_minutes,knn,season_holdout_2025_26,5,24,-2.284198658421954,-1.9203399549601519,-2.0834514615133917,-3.8522971666666668,-3.740955,-1.768845705153275
bpm,with_minutes,knn,season_holdout_2025_26,6,25,-1.8755681567993896,-1.4554745261143023,-1.6861545562391282,-1.32130156,-1.54742,0.3648529962391281
bpm,with_minutes,knn,season_holdout_2025_26,7,24,-1.4522307490097632,-0.9747286252764765,-1.2356213808691974,-0.5117734,-0.2449078,0.7238479808691972
bpm,with_minutes,knn,season_holdout_2025_26,8,25,-0.9683250426168454,-0.2990408893259155,-0.7038029885867,-2.4087528,-3.12295,-1.7049498114132995
bpm,with_minutes,knn,season_holdout_2025_26,9,24,-0.236688383566676,0.3936349792432584,-0.012042248840592186,-0.8804185583333335,0.0585098,-0.8683763094927412
bpm,with_minutes,knn,season_holdout_2025_26,10,25,0.45005723600508923,1.9683804121495485,1.0591496877505036,-1.0428673008000002,-0.645846,-2.102016988550504
bpm,with_minutes,svr_rbf,season_holdout_2025_26,1,25,-7.531472657642391,-4.225963907353131,-5.223996201205816,-7.10324432,-8.02209,-1.8792481187941834
bpm,with_minutes,svr_rbf,season_holdout_2025_26,2,25,-4.170195202920726,-3.165710924487848,-3.632654700921587,-4.5302364,-5.00226,-0.8975816990784129
bpm,with_minutes,svr_rbf,season_holdout_2025_26,3,24,-3.1632347651727613,-2.7732785816904513,-2.9590927215536014,-3.7916605000000003,-3.251525,-0.8325677784463985
bpm,with_minutes,svr_rbf,season_holdout_2025_26,4,25,-2.6862051322784057,-2.2922312601607677,-2.509983834468799,-3.303148208,-2.50697,-0.7931643735312008
bpm,with_minutes,svr_rbf,season_holdout_2025_26,5,24,-2.288697539269123,-1.8105872385947237,-2.0367309749928295,-3.3327596666666666,-3.013,-1.2960286916738373
bpm,with_minutes,svr_rbf,season_holdout_2025_26,6,25,-1.7764914401621938,-1.3834229537819014,-1.5881652070873387,-2.20130882,-0.905907,-0.6131436129126614
bpm,with_minutes,svr_rbf,season_holdout_2025_26,7,24,-1.3778560683186565,-0.9613866863190113,-1.1803526070447146,-1.9711373125,-2.58372,-0.7907847054552856
bpm,with_minutes,svr_rbf,season_holdout_2025_26,8,25,-0.9540826015975585,-0.42162894973742526,-0.7282848284193938,-2.03906788,-3.00459,-1.310783051580606
bpm,with_minutes,svr_rbf,season_holdout_2025_26,9,24,-0.35135936152267266,0.18014241268724396,-0.09521494484575478,0.20398759166666666,0.6114824999999999,0.2992025365124214
bpm,with_minutes,svr_rbf,season_holdout_2025_26,10,25,0.20977259171771756,2.707931897683686,0.971757529936101,-0.3533480087999999,-0.0707356,-1.3251055387361008
