d2_row_id,d2_source_family,d2_season,d2_season_end_year,next_d1_season,next_d1_season_end_year,d2_player_name,d2_team,d2_conf,d2_GP,d2_GS,d2_MIN,d2_MPG,d2_PTS,d2_PPG,d2_FGM,d2_FGA,d2_3PM,d2_3PA,d2_FTM,d2_FTA,d2_TRB,d2_AST,d2_TOV,d2_STL,d2_BLK,d2_source_url,d2_ncaa_player_id,d2_match_keys,d2_to_d1_match_status,d2_to_d1,match_key,d1_match_count,same_year_d1_name_count,d1_player_name,d1_team,d1_conf,d1_year,d1_pid,d1_player_uid,d1_GP,d1_mins_per_game,d1_pts_per_game,d1_bpm,d1_height_inches,d1_source_path,hoop_rapm_match_method,hoop_rapm_match_score,hoop_rank,hoop_tier,hoop_player,hoop_team,hoop_conf_full,hoop_ncaa_id,hoop_height,hoop_class_year,hoop_position,hoop_gp,hoop_off_team_poss_pct,hoop_def_team_poss_pct,hoop_box_ortg,hoop_usg,hoop_adj_plus_ortg,hoop_off_adj_rapm,hoop_def_adj_rapm,hoop_rapm_net,evanmiya_bpr_match_method,evanmiya_bpr_match_score,evanmiya_rank,evanmiya_player,evanmiya_team,evanmiya_obpr,evanmiya_dbpr,evanmiya_bpr,evanmiya_poss,evanmiya_box_obpr,evanmiya_box_dbpr,evanmiya_box_bpr,evanmiya_adj_team_off_eff,evanmiya_adj_team_def_eff,evanmiya_adj_team_eff_margin,evanmiya_plus_minus,d2_name_key_join,d2_team_key_join,d2_season_end_join,d1_pid_join,d1_season_end_join,d1_PORPAG,d1_D_PORPAG,d1_bart_bpm,d1_obpm,d1_dbpm,d1_gbpm,d1_ogbpm,d1_dgbpm,d1_conf_tier,d2_height_inches,d2_eFG,d2_TS_pct,d2_FTR,d2_three_share,d2_AST_TOV,d2_TOV_pct,d2_AST_pct,d2_usg,d2_ORB_pct,d2_DRB_pct,d2_Blk_pct,d2_Stl_pct,d2_PTS_per_40,d2_ORB_per_40,d2_DRB_per_40,d2_TRB_per_40,d2_AST_per_40,d2_TOV_per_40,d2_STL_per_40,d2_BLK_per_40,d2_three_pct,d2_ft_pct,d2_three_pa_per_100_team_poss_model,d2_advanced_match_method,d2_advanced_source,d2_archetype_match_method,d2_archetype_vector_missing,d2_k6_drop7_8_archetype_confidence,d2_k6_drop7_8_kept_mass_from_k8_1_to_6,d2_k6_drop7_8_removed_mass_from_k8_7_to_8,d2_k6_drop7_8_archetype_1_weight,d2_k6_drop7_8_archetype_2_weight,d2_k6_drop7_8_archetype_3_weight,d2_k6_drop7_8_archetype_4_weight,d2_k6_drop7_8_archetype_5_weight,d2_k6_drop7_8_archetype_6_weight
19,older_school_realgm,2021-22,2022,2022-23,2023,"Moore , Malik",Adams State,,28,27.0,736.0,26.3,265,9.5,97,187.0,13,37.0,58,77.0,188,17,45,14,15,https://asugrizzlies.com/sports/mens-basketball/stats/2021-22,,mooremalik|malikmoore,matched,1,malikmoore,1,0,Malik Moore,Pepperdine,WCC,2023,77276,bt_pid:77276,29,23.9032,5.0323,-2.60483,77.0,/Users/adriankong/Desktop/TROP/trank_final_data_2023_with_pbp.csv,exact_name_team_season,1.0,1772.0,Medium,"Moore, Malik",Pepperdine,West Coast Conference,5105454.0,6-5,Fr,CG,29.0,0.5873,0.5869,99.9378,0.1256,-1.2073,-1.4722,-0.4168,-1.0554,exact_name_team_season,1.0,2357.0,Malik Moore,Pepperdine,-0.64,-0.81,-1.46,1270.0,-0.39,-0.23,-0.61,100.3,105.2,-4.9,-82.0,moore malik,adams state,2022.0,77276,2023.0,0.00103524,1.77005,-2.60483,-1.86253,-0.742298,-3.05657,-2.92189,-0.134681,mid_major,79.0,55.347594,59.987323,41.176471,0.197861,0.377778,16.924929,4.342007,18.475909,7.619064,24.680246,2.312745,1.062994,14.402174,2.336957,7.880435,10.217391,0.923913,2.445652,0.76087,0.815217,0.351,0.753,2.566996,combined_exact,combined_player_database,archetype_exact_name_team_season,0.0,0.4701201476,0.9591651495,0.0408348505,0.0,0.4701201476,0.0080367907,0.2698715491,0.2519715126,0.0
48,older_school_realgm,2022-23,2023,2023-24,2024,"Johnson, Chaney",Alabama Huntsville,,35,35.0,891.0,25.5,558,15.9,203,392.0,24,81.0,128,167.0,231,55,74,39,18,https://uahchargers.com/sports/mens-basketball/stats/2022-23,,johnsonchaney|chaneyjohnson,matched,1,chaneyjohnson,1,0,Chaney Johnson,Auburn,SEC,2024,78661,bt_pid:78661,35,15.3429,4.7429,4.04538,79.0,/Users/adriankong/Desktop/TROP/trank_final_data_2024_with_pbp.csv,exact_name_team_season,1.0,354.0,High,"Johnson, Chaney",Auburn,Southeastern Conference,5174655.0,6-7,Jr,WF,35.0,0.3713,0.3827,110.9615,0.1714,1.2077,2.433,-1.2441,3.6771,exact_name_team_season,1.0,549.0,Chaney Johnson,Auburn,1.89,1.21,3.1,926.0,0.51,1.67,2.18,122.2,94.8,27.4,164.0,johnson chaney,alabama huntsville,2023.0,78661,2024.0,0.866186,2.10611,4.04538,0.742024,3.30335,1.7157,-0.909839,2.62554,power_4,79.0,54.846939,59.938128,42.602041,0.206633,0.743243,13.716913,14.104623,32.473248,6.736453,23.935959,2.944382,2.573582,25.050505,2.199776,8.170595,10.37037,2.469136,3.32211,1.750842,0.808081,0.296,0.766,4.868572,combined_exact,combined_player_database,archetype_exact_name_team_season,0.0,0.7297169429,1.0,0.0,0.2318493741,0.7297169429,0.0,0.0384336831,0.0,0.0
95,older_school_realgm,2022-23,2023,2023-24,2024,"Mrus, Tyler",Alaska Fairbanks,,24,24.0,709.0,29.5,285,11.9,106,213.0,20,54.0,53,59.0,104,28,55,17,8,https://alaskananooks.com/sports/mens-basketball/stats/2022-23,,mrustyler|tylermrus,matched,1,tylermrus,1,0,Tyler Mrus,Idaho,BSky,2024,77962,bt_pid:77962,2,20.5,10.5,-0.340083,79.0,/Users/adriankong/Desktop/TROP/trank_final_data_2024_with_pbp.csv,unmatched,,,,,,,,,,,,,,,,,,,,unmatched,,,,,,,,,,,,,,,,mrus tyler,alaska fairbanks,2023.0,77962,2024.0,,,,,,,,,mid_major,79.0,54.460094,59.633411,27.699531,0.253521,0.509091,18.710029,8.238882,21.313026,4.846026,12.545468,1.309692,1.379843,16.078984,1.466855,4.400564,5.867419,1.57969,3.102962,0.959097,0.45134,0.37,0.898,3.91517,combined_exact,combined_player_database,archetype_exact_name_team_season,0.0,0.5403301464,0.8665633764,0.1334366236,0.0886892682,0.3525742269,0.0,0.0184063586,0.5403301464,0.0
130,older_school_realgm,2021-22,2022,2022-23,2023,"Simpson, Jordan",Albany State GA,,27,27.0,893.0,33.1,403,14.9,163,261.0,0,2.0,77,140.0,303,47,98,36,39,https://asugoldenrams.com/sports/mens-basketball/stats/2021-22,,simpsonjordan|jordansimpson,matched,1,jordansimpson,1,0,Jordan Simpson,South Carolina St.,MEAC,2023,77574,bt_pid:77574,30,17.6774,6.871,-1.6272,77.0,/Users/adriankong/Desktop/TROP/trank_final_data_2023_with_pbp.csv,exact_name_team_season,1.0,1361.0,Low,"Simpson, Jordan",South Carolina St.,Mid-Eastern Athletic Conference,5110432.0,6-5,Fr,WG,30.0,0.4385,0.4342,105.0131,0.1969,-0.2396,0.4289,0.3434,0.0855,exact_name_team_season,1.0,1531.0,Jordan Simpson,South Carolina State,1.1,-0.67,0.43,968.0,1.29,0.3,1.59,99.2,111.5,-12.3,-85.0,simpson jordan,albany state ga,2022.0,77574,2023.0,0.910823,0.853209,-1.6272,0.125819,-1.75302,-0.965823,-0.152071,-0.813752,mid_major,81.0,62.452107,62.461252,53.639847,0.007663,0.479592,23.300048,11.040159,22.614673,12.962556,25.627298,4.470792,2.212059,18.051512,4.479283,9.092945,13.572228,2.105263,4.389698,1.612542,1.74692,0.0,0.55,0.107145,combined_exact,combined_player_database,archetype_exact_name_team_season,0.0,0.7126958011,0.9658107401,0.0341892599,0.0,0.7126958011,0.0,0.2873041989,0.0,0.0
148,older_school_realgm,2022-23,2023,2023-24,2024,"Jones Jr., Shawn",Allen,,19,3.0,237.0,12.5,89,4.7,35,79.0,10,29.0,9,14.0,21,15,19,13,1,https://auyellowjackets.com/sports/mens-basketball/stats/2022-23,,jonesshawn|shawnjones,matched_prior_d1_experience,1,shawnjones,1,1,Shawn Jones Jr.,Mississippi St.,SEC,2024,76973,bt_pid:76973,35,17.0857,4.4857,3.92812,77.0,/Users/adriankong/Desktop/TROP/trank_final_data_2024_with_pbp.csv,exact_name_team_season,1.0,1327.0,High,"Jones, Jr., Shawn",Mississippi St.,Southeastern Conference,5105540.0,6-5,So,WG,35.0,0.4294,0.4393,103.4639,0.1524,-0.2347,-0.4788,-0.5456,0.0667999999999999,exact_name_team_season,1.0,1234.0,Shawn Jones Jr.,Mississippi State,0.13,0.93,1.06,1048.0,0.84,1.04,1.88,106.6,96.5,10.0,-2.0,jones jr shawn,allen,2023.0,76973,2024.0,0.83055,1.97044,3.92812,1.25608,2.67203,1.60699,-0.754592,2.36159,power_4,73.0,50.632911,52.25458,17.721519,0.367089,0.789474,18.241167,14.611452,21.851969,2.260724,7.885637,0.442997,3.087391,15.021097,0.843882,2.700422,3.544304,2.531646,3.206751,2.194093,0.168776,0.345,0.643,6.061734,combined_exact,combined_player_database,archetype_exact_name_team_season,0.0,0.8373834677,0.5463709174,0.4536290826,0.8373834677,0.0,0.1013641012,0.0006638943,0.0605885367,0.0
164,older_school_realgm,2021-22,2022,2022-23,2023,"Jones Jr., Shawn",Allen,,22,0.0,257.0,11.7,70,3.2,26,82.0,6,23.0,12,20.0,27,15,48,8,2,https://auyellowjackets.com/sports/mens-basketball/stats/2021-22,,jonesshawn|shawnjones,matched,1,shawnjones,1,0,Shawn Jones Jr.,Mississippi St.,SEC,2023,76973,bt_pid:76973,24,12.125,3.2083,2.95487,77.0,/Users/adriankong/Desktop/TROP/trank_final_data_2023_with_pbp.csv,unmatched,,,,,,,,,,,,,,,,,,,,unmatched,,,,,,,,,,,,,,,,jones jr shawn,allen,2022.0,76973,2023.0,0.170329,1.6112,2.95487,-0.859784,3.81465,0.974039,-1.9202,2.89424,power_4,73.0,35.365854,38.546256,24.390244,0.280488,0.3125,34.582133,12.370884,26.777357,2.211733,9.828296,0.808685,1.729984,10.894942,0.77821,3.424125,4.202335,2.33463,7.470817,1.245136,0.311284,0.261,0.6,4.426929,combined_exact,combined_player_database,archetype_exact_name_team_season,0.0,0.791737682,0.422414687,0.577585313,0.791737682,0.0,0.208262318,0.0,0.0,0.0
174,older_school_realgm,2022-23,2023,2023-24,2024,"Jordan, Jalen",American International,,29,29.0,954.0,32.9,301,10.4,111,263.0,31,86.0,48,72.0,169,53,38,21,20,https://aicyellowjackets.com/sports/mens-basketball/stats/2022-23,,jordanjalen|jalenjordan,matched,1,jalenjordan,1,0,Jalen Jordan,Middle Tennessee,CUSA,2024,50785,bt_pid:50785,28,16.5333,6.4333,-1.9974,74.0,/Users/adriankong/Desktop/TROP/trank_final_data_2024_with_pbp.csv,exact_name_team_season,1.0,2499.0,Low,"Jordan, Jalen",Middle Tenn.,Conference USA,4279651.0,6-3,Sr,CG,28.0,0.3832,0.3685,100.9771,0.2007,-0.7887,-1.4611,1.7877,-3.2488,exact_name_team_season,1.0,2533.0,Jalen Jordan,Middle Tennessee,-0.57,-1.3,-1.87,790.0,0.08,-1.06,-0.99,90.6,109.2,-18.7,-97.0,jordan jalen,american international,2023.0,50785,2024.0,0.90543,1.21653,-1.9974,0.416268,-2.41366,-0.357991,0.331246,-0.689237,mid_major,76.0,48.098859,51.07235,27.376426,0.326996,1.394737,11.422388,11.499737,18.862642,5.787396,15.613658,2.305294,1.32017,12.620545,2.012579,5.073375,7.085954,2.222222,1.593291,0.880503,0.838574,0.36,0.667,4.862163,combined_exact,combined_player_database,archetype_exact_name_team_season,0.0,0.4057050958,0.8895511618,0.1104488382,0.0,0.4057050958,0.0,0.0699467413,0.394324854,0.1300233088
191,older_school_realgm,2022-23,2023,2023-24,2024,"Jenkins, Myles",Anderson SC,,25,22.0,756.0,30.2,379,15.2,136,293.0,27,87.0,80,123.0,187,47,67,18,3,https://autrojans.com/sports/mens-basketball/stats/2022-23,,jenkinsmyles|mylesjenkins,matched,1,mylesjenkins,1,0,Myles Jenkins,Stephen F. Austin,WAC,2024,78351,bt_pid:78351,19,9.2,3.45,-1.01486,76.0,/Users/adriankong/Desktop/TROP/trank_final_data_2024_with_pbp.csv,unmatched,,,,,,,,,,,,,,,,,,,,unmatched,,,,,,,,,,,,,,,,jenkins myles,anderson sc,2023.0,78351,2024.0,0.548556,0.788251,-1.01486,0.0691548,-1.08401,-1.6613,-1.04002,-0.621282,mid_major,76.0,51.023891,54.592072,41.979522,0.296928,0.701493,16.178885,12.035115,26.983892,5.660617,22.264781,0.427467,1.30398,20.05291,1.957672,7.936508,9.89418,2.486772,3.544974,0.952381,0.15873,0.31,0.65,5.643059,combined_exact,combined_player_database,archetype_exact_name_team_season,0.0,0.6682980815,1.0,0.0,0.1098703527,0.6682980815,0.1112737815,0.0,0.1105577844,0.0
201,older_school_realgm,2021-22,2022,2022-23,2023,"James, Crosby",Anderson SC,,26,24.0,796.0,30.6,458,17.6,148,342.0,61,147.0,101,142.0,112,46,57,28,1,https://autrojans.com/sports/mens-basketball/stats/2021-22,,jamescrosby|crosbyjames,matched,1,crosbyjames,1,0,Crosby James,Presbyterian,BSth,2023,75985,bt_pid:75985,30,24.7812,9.25,-7.52278,72.0,/Users/adriankong/Desktop/TROP/trank_final_data_2023_with_pbp.csv,exact_name_team_season,1.0,2800.0,Low,"James, Crosby",Presbyterian,Big South Conference,5107519.0,6-0,Jr,WG,30.0,0.6175,0.6156,91.5331,0.229,-3.4588,-3.7353,1.606,-5.3413,exact_name_team_season,1.0,2898.0,Crosby James,Presbyterian,-2.17,-1.81,-3.98,1217.0,-2.04,-0.94,-2.98,87.7,109.2,-21.5,-191.0,james crosby,anderson sc,2022.0,75985,2023.0,0.222624,1.37516,-7.52278,-3.47201,-4.05077,-6.9017,-4.31009,-2.59161,mid_major,72.0,52.192982,56.615902,41.520468,0.429825,0.807018,12.351565,11.954593,28.870416,3.23548,12.183764,0.126869,1.946909,23.015075,1.105528,4.522613,5.628141,2.311558,2.864322,1.407035,0.050251,0.415,0.711,9.195558,combined_exact,combined_player_database,archetype_exact_name_team_season,0.0,0.503941749,1.0,0.0,0.503941749,0.2337310757,0.0,0.0,0.2623271753,0.0
218,older_school_realgm,2022-23,2023,2023-24,2024,"Mitchell, Tre",Angelo State,,33,7.0,698.0,21.2,233,7.1,77,187.0,32,95.0,47,55.0,102,29,26,29,5,https://angelosports.com/sports/mens-basketball/stats/2022-23,,mitchelltre|tremitchell,matched_prior_d1_experience,1,tremitchell,1,1,Tre Mitchell,Kentucky,SEC,2024,71288,bt_pid:71288,27,30.2222,10.7037,5.6523,81.0,/Users/adriankong/Desktop/TROP/trank_final_data_2024_with_pbp.csv,exact_name_team_season,1.0,507.0,High,"Mitchell, Tre",Kentucky,Southeastern Conference,4432840.0,6-9,Sr,S-PF,27.0,0.6136,0.6093,117.5311,0.1731,2.1492,1.1493,-1.6837,2.833,exact_name_team_season,1.0,355.0,Tre Mitchell,Kentucky,2.17,1.92,4.09,1510.0,2.66,1.57,4.23,114.6,98.5,16.1,176.0,mitchell tre,angelo state,2023.0,71288,2024.0,2.99023,2.91737,5.6523,3.96432,1.68798,3.47378,2.37887,1.09492,power_4,75.0,49.73262,55.160985,29.411765,0.508021,1.115385,10.961214,7.886637,17.336559,6.191685,11.363666,0.844249,2.446923,13.352436,2.005731,3.839542,5.845272,1.661891,1.489971,1.661891,0.286533,0.337,0.855,6.877864,combined_exact,combined_player_database,archetype_exact_name_team_season,0.0,0.4077878756,0.7020917551,0.2979082449,0.2092700788,0.265818816,0.0,0.1171232296,0.4077878756,0.0
224,older_school_realgm,2021-22,2022,2022-23,2023,"Bastian, Lathaniel",Angelo State,,30,12.0,650.0,21.7,342,11.4,125,205.0,0,4.0,92,151.0,247,12,55,28,43,https://angelosports.com/sports/mens-basketball/stats/2021-22,,bastianlathaniel|lathanielbastian,matched,1,lathanielbastian,1,0,Lathaniel Bastian,Cal St. Fullerton,BW,2023,77275,bt_pid:77275,31,9.5758,2.0,0.401226,80.0,/Users/adriankong/Desktop/TROP/trank_final_data_2023_with_pbp.csv,unmatched,,,,,,,,,,,,,,,,,,,,unmatched,,,,,,,,,,,,,,,,bastian lathaniel,angelo state,2022.0,77275,2023.0,0.0229352,1.11312,0.401226,-2.8153,3.21652,-2.33271,-4.67345,2.34074,mid_major,80.0,60.97561,62.997347,73.658537,0.019512,0.218182,16.848425,4.033613,23.787631,16.611454,24.481605,6.637146,2.332202,21.046154,5.969231,9.230769,15.2,0.738462,3.384615,1.723077,2.646154,0.0,0.609,0.292144,combined_exact,combined_player_database,archetype_exact_name_team_season,0.0,0.5802381243,1.0,0.0,0.0,0.4197618757,0.0,0.5802381243,0.0,0.0
279,older_school_realgm,2022-23,2023,2023-24,2024,"Anderson, Cole",Arkansas-Monticello,,28,17.0,599.0,21.4,230,8.2,94,164.0,0,0.0,42,73.0,116,8,46,10,7,https://www.uamsports.com/sports/mens-basketball/stats/2022-23,,andersoncole|coleanderson,matched_prior_d1_experience,1,coleanderson,1,1,Cole Anderson,UC Santa Barbara,BW,2024,74483,bt_pid:74483,29,31.6774,10.3226,-2.31829,76.0,/Users/adriankong/Desktop/TROP/trank_final_data_2024_with_pbp.csv,exact_name_team_season,1.0,2469.0,Medium,"Anderson, Cole",UC Santa Barbara,Big West Conference,4900668.0,6-5,Jr,WG,29.0,0.8137,0.7894,104.5146,0.1468,-0.7321,-1.3192,1.8005,-3.1197,exact_name_team_season,1.0,2174.0,Cole Anderson,UC Santa Barbara,0.9,-1.82,-0.92,1615.0,0.59,-1.94,-1.34,102.2,107.2,-5.0,15.0,anderson cole,arkansas monticello,2023.0,74483,2024.0,1.18016,1.73628,-2.31829,0.754776,-3.07306,-2.10334,0.228309,-2.33164,mid_major,80.0,57.317073,58.637569,44.512195,0.0,0.173913,18.998844,3.215169,23.127279,8.658569,17.439534,1.4624,1.04085,15.358932,2.470785,5.275459,7.746244,0.534224,3.071786,0.66778,0.467446,0.0,0.575,0.0,combined_exact,combined_player_database,archetype_exact_name_team_season,0.0,0.4856427263,0.828211632,0.171788368,0.0,0.4856427263,0.0,0.2693382325,0.2450190412,0.0
290,older_school_realgm,2021-22,2022,2022-23,2023,"Anderson, Cole",Arkansas-Monticello,,27,21.0,538.0,19.9,207,7.7,85,165.0,0,0.0,37,56.0,66,23,51,3,11,https://www.uamsports.com/sports/mens-basketball/stats/2021-22,,andersoncole|coleanderson,matched_prior_d1_experience,1,coleanderson,1,1,Cole Anderson,UC Santa Barbara,BW,2023,74483,bt_pid:74483,33,21.1429,7.3429,0.144444,76.0,/Users/adriankong/Desktop/TROP/trank_final_data_2023_with_pbp.csv,exact_name_team_season,1.0,1321.0,Medium,"Anderson, Cole",UC Santa Barbara,Big West Conference,4900668.0,6-5,So,WG,33.0,0.5236,0.5138,115.1857,0.1412,0.9866,1.7432,1.5419,0.2013,exact_name_team_season,1.0,1712.0,Cole Anderson,UC Santa Barbara,2.17,-2.11,0.06,1118.0,1.21,-1.64,-0.43,111.5,106.9,4.5,117.0,anderson cole,arkansas monticello,2022.0,74483,2023.0,1.44499,1.5127,0.144444,2.18942,-2.04498,0.92004,1.91127,-0.991227,mid_major,80.0,51.515152,54.577093,33.939394,0.0,0.45098,21.193484,10.753247,25.18136,6.939916,9.387286,2.692901,0.344841,15.390335,2.007435,2.899628,4.907063,1.710037,3.791822,0.223048,0.817844,0.0,0.661,0.0,combined_exact,combined_player_database,archetype_exact_name_team_season,0.0,0.379515272,0.8277596152,0.1722403848,0.0,0.2454841286,0.0,0.2764316733,0.379515272,0.0985689261
317,older_school_realgm,2022-23,2023,2023-24,2024,"Gaiter, Isiah",Assumption College,,28,28.0,919.0,32.8,456,16.3,182,370.0,27,71.0,65,89.0,214,103,80,20,11,https://assumptiongreyhounds.com/sports/mens-basketball/stats/2022-23,,gaiterisiah|isiahgaiter,matched,1,isiahgaiter,1,0,Isiah Gaiter,South Alabama,SB,2024,77812,bt_pid:77812,29,30.5938,12.5312,-1.7423,75.0,/Users/adriankong/Desktop/TROP/trank_final_data_2024_with_pbp.csv,exact_name_team_season,1.0,2306.0,Medium,"Gaiter , Isiah",South Alabama,Sun Belt Conference,5176680.0,6-3,Sr,CG,28.0,0.7345,0.7383,104.3144,0.2219,-0.5251,-0.4801,2.0097,-2.4898,unmatched,,,,,,,,,,,,,,,,gaiter isiah,assumption college,2023.0,77812,2024.0,1.54006,1.93127,-1.7423,-0.518006,-1.22429,-2.31937,-0.963332,-1.35604,mid_major,75.0,52.837838,55.723922,24.054054,0.191892,1.2875,16.354567,24.568839,27.117985,8.234789,17.676919,1.128728,1.245581,19.847661,2.916213,6.398259,9.314472,4.483134,3.482046,0.870511,0.478781,0.38,0.73,3.933373,combined_exact,combined_player_database,archetype_exact_name_team_season,0.0,0.5407341729,1.0,0.0,0.1444843099,0.5407341729,0.0495048424,0.0,0.0,0.2652766747
331,older_school_realgm,2021-22,2022,2022-23,2023,"El Sheikh, Omar",Assumption College,,17,17.0,447.0,26.3,237,13.9,97,198.0,4,13.0,39,89.0,204,43,50,10,17,https://assumptiongreyhounds.com/sports/mens-basketball/stats/2021-22,,elsheikhomar|omarelsheikh,matched,1,omarelsheikh,1,0,Omar El-Sheikh,Arkansas St.,SB,2023,52280,bt_pid:52280,30,28.4545,11.2121,-3.67291,80.0,/Users/adriankong/Desktop/TROP/trank_final_data_2023_with_pbp.csv,exact_name_team_season,1.0,2681.0,Low,"El-Sheikh, Omar",Arkansas St.,Sun Belt Conference,4279489.0,6-8,Sr,C,30.0,0.7386,0.7309,97.1705,0.2533,-1.7284,-2.9106,1.3804,-4.291,exact_name_team_season,1.0,2348.0,Omar El-Sheikh,Arkansas State,-1.95,0.53,-1.42,1440.0,-1.13,1.36,0.23,93.2,107.0,-13.9,-143.0,el sheikh omar,assumption college,2022.0,52280,2023.0,1.39114,2.69679,-3.67291,-3.16773,-0.505179,-2.73181,-1.38671,-1.3451,mid_major,80.0,47.876448,48.377639,42.084942,0.069498,0.786667,19.635564,17.470557,28.803281,13.790298,33.85219,3.367398,1.582115,18.708661,5.417323,12.220472,17.637795,3.716535,4.724409,1.133858,1.259843,0.333333,0.449541,1.357365,combined_exact,combined_player_database,archetype_exact_name_team_season,0.0,0.8656769356,1.0,0.0,0.0,0.8656769356,0.0,0.1343230644,0.0,0.0
345,older_school_realgm,2022-23,2023,2023-24,2024,"Graham, James",Auburn Montgomery,,29,23.0,708.0,24.4,367,12.7,157,280.0,11,26.0,42,55.0,228,30,60,22,59,https://aumathletics.com/sports/mens-basketball/stats/2022-23,,grahamjames|jamesgraham,matched_prior_d1_experience,1,jamesgraham,1,1,James Graham,Buffalo,MAC,2024,74189,bt_pid:74189,11,17.5455,2.6364,-11.3023,79.0,/Users/adriankong/Desktop/TROP/trank_final_data_2024_with_pbp.csv,unmatched,,,,,,,,,,,,,,,,,,,,unmatched,,,,,,,,,,,,,,,,graham james,auburn montgomery,2023.0,74189,2024.0,-1.97336,0.630536,-11.3023,-7.74149,-3.56078,-10.3552,-7.42798,-2.92723,mid_major,79.0,58.035714,60.322156,19.642857,0.092857,0.5,16.474465,8.66776,24.571477,10.597106,25.367608,8.803264,1.701638,20.734463,3.728814,9.152542,12.881356,1.694915,3.389831,1.242938,3.333333,0.423,0.764,1.752801,combined_exact,combined_player_database,archetype_exact_name_team_season,0.0,0.6559297098,1.0,0.0,0.1665894218,0.1774808683,0.0,0.6559297098,0.0,0.0
356,older_school_realgm,2021-22,2022,2022-23,2023,"Graham, James",Auburn Montgomery,,28,25.0,809.0,28.9,350,12.5,154,311.0,15,41.0,27,39.0,216,28,65,23,58,https://aumathletics.com/sports/mens-basketball/stats/2021-22,,grahamjames|jamesgraham,matched_prior_d1_experience,1,jamesgraham,1,1,James Graham,Missouri St.,MVC,2023,74189,bt_pid:74189,18,19.8889,4.1667,0.692268,79.0,/Users/adriankong/Desktop/TROP/trank_final_data_2023_with_pbp.csv,exact_name_team_season,1.0,1293.0,Medium,"Graham, James",Missouri St.,Missouri Valley Conference,4711691.0,6-7,Jr,S-PF,18.0,0.2856,0.2845,107.3065,0.1061,-0.6547,-0.082,-0.3684,0.2864,exact_name_team_season,1.0,1250.0,James Graham,Missouri State,0.48,0.49,0.97,565.0,-0.37,-0.04,-0.4,103.6,97.9,5.7,51.0,graham james,auburn montgomery,2022.0,74189,2023.0,0.460211,1.72317,0.692268,-0.641275,1.33354,-0.679515,-1.06232,0.382804,mid_major,79.0,51.92926,53.327645,12.540193,0.131833,0.430769,16.532709,7.209402,24.233809,8.328597,21.709802,7.367959,1.606176,17.305315,2.917182,7.76267,10.679852,1.384425,3.213844,1.137206,2.867738,0.366,0.692,2.53798,combined_exact,combined_player_database,archetype_exact_name_team_season,0.0,0.6126399258,1.0,0.0,0.3435558515,0.0438042227,0.0,0.6126399258,0.0,0.0
423,older_school_realgm,2021-22,2022,2022-23,2023,"Perez, Marcelo",Barry,,20,3.0,271.0,13.6,109,5.5,42,106.0,9,40.0,16,23.0,41,20,15,6,4,https://gobarrybucs.com/sports/mens-basketball/stats/2021-22,,perezmarcelo|marceloperez,matched,1,marceloperez,1,0,Marcelo Perez,Southern Miss,SB,2023,77266,bt_pid:77266,23,8.3462,2.6154,-4.90888,76.0,/Users/adriankong/Desktop/TROP/trank_final_data_2023_with_pbp.csv,unmatched,,,,,,,,,,,,,,,,,,,,unmatched,,,,,,,,,,,,,,,,perez marcelo,barry,2022.0,77266,2023.0,0.0321726,0.674391,-4.90888,-3.73015,-1.17873,-5.38272,-3.9767,-1.40602,mid_major,77.0,43.867925,46.934206,21.698113,0.377358,1.333333,11.439902,11.145019,20.75463,3.879867,11.669499,1.417607,1.124187,16.088561,1.476015,4.575646,6.051661,2.95203,2.214022,0.885609,0.590406,0.225,0.696,6.313631,combined_exact,combined_player_database,archetype_exact_name_team_season,0.0,0.3871236596,0.893845971,0.106154029,0.0,0.1132568466,0.3871236596,0.1332712816,0.1081011135,0.2582470986
428,older_school_realgm,2022-23,2023,2023-24,2024,"Boykin, Marcus",Barton,,28,25.0,913.0,32.6,604,21.6,201,423.0,23,71.0,179,219.0,188,87,72,48,24,https://bartonbulldogs.com/sports/mens-basketball/stats/2022-23,,boykinmarcus|marcusboykin,matched,1,marcusboykin,1,0,Marcus Boykin,Sam Houston St.,CUSA,2024,77924,bt_pid:77924,30,18.4062,7.25,-0.855437,73.0,/Users/adriankong/Desktop/TROP/trank_final_data_2024_with_pbp.csv,exact_name_team_season,1.0,1293.0,Medium,"Boykin, Marcus",Sam Houston,Conference USA,5176774.0,6-1,Jr,s-PG,30.0,0.4448,0.4479,103.3345,0.2462,0.0511,0.0011,-0.1932,0.1943,exact_name_team_season,1.0,1338.0,Marcus Boykin,Sam Houston State,0.61,0.18,0.79,968.0,0.61,-0.33,0.28,102.0,102.3,-0.2,12.0,boykin marcus,barton,2023.0,77924,2024.0,1.07045,1.61302,-0.855437,-0.592157,-0.26328,-0.34628,-0.673485,0.327204,mid_major,73.0,50.236407,58.14849,51.77305,0.167849,1.208333,12.175325,20.403622,29.906616,6.107619,15.272233,2.731417,2.785342,26.462212,2.409639,5.826944,8.236583,3.81161,3.154436,2.102957,1.051479,0.324,0.817,3.600902,combined_exact,combined_player_database,archetype_exact_name_team_season,0.0,0.5628190557,1.0,0.0,0.2270501221,0.5628190557,0.0,0.0,0.0,0.2101308222
459,older_school_realgm,2022-23,2023,2023-24,2024,"Jones, Jaylen",Belmont Abbey,,29,8.0,570.0,19.7,72,2.5,27,73.0,2,30.0,16,30.0,58,52,29,26,1,https://abbeyathletics.com/sports/mens-basketball/stats/2022-23,,jonesjaylen|jaylenjones,matched,1,jaylenjones,1,0,Jaylen Jones,Tennessee St.,OVC,2024,77871,bt_pid:77871,27,25.7419,9.2258,-3.83732,73.0,/Users/adriankong/Desktop/TROP/trank_final_data_2024_with_pbp.csv,exact_name_team_season,1.0,2571.0,Low,"Jones, Jaylen",Tennessee St.,Ohio Valley Conference,4845388.0,6-0,Fr,CG,27.0,0.5965,0.5943,92.7426,0.2342,-3.4764,-2.6049,0.9243,-3.5292000000000003,exact_name_team_season,1.0,2162.0,Jaylen Jones,Tennessee State,-0.63,-0.27,-0.9,1202.0,-0.9,-0.83,-1.73,97.1,106.0,-9.0,-28.0,jones jaylen,belmont abbey,2023.0,77871,2024.0,0.317788,1.76104,-3.83732,-2.51208,-1.32525,-2.51109,-0.950858,-1.56023,mid_major,71.0,38.356164,41.763341,41.09589,0.410959,1.793103,25.173611,13.709609,9.909452,3.166762,7.885725,0.18475,2.565353,5.052632,1.122807,2.947368,4.070175,3.649123,2.035088,1.824561,0.070175,0.067,0.533,2.588924,combined_exact,combined_player_database,archetype_exact_name_team_season,0.0,0.8917607972,0.3153621674,0.6846378326,0.0,0.0,0.0,0.0,0.1082392028,0.8917607972
462,older_school_realgm,2021-22,2022,2022-23,2023,"Halloran, Sean",Belmont Abbey,,32,32.0,891.0,27.8,460,14.4,158,302.0,48,91.0,96,112.0,110,142,86,48,5,https://abbeyathletics.com/sports/mens-basketball/stats/2021-22,,halloransean|seanhalloran,matched,1,seanhalloran,1,0,Sean Halloran,Elon,CAA,2023,76296,bt_pid:76296,30,33.75,13.0,-0.436891,72.0,/Users/adriankong/Desktop/TROP/trank_final_data_2023_with_pbp.csv,exact_name_team_season,1.0,2718.0,Low,"Halloran, Sean",Elon,Colonial Athletic Association,4609101.0,6-0,Sr,s-PG,30.0,0.8515,0.8416,102.0804,0.2421,-0.6204,-1.6964,2.8711,-4.5675,exact_name_team_season,1.0,1649.0,Sean Halloran,Elon,1.0,-0.81,0.19,1716.0,1.35,0.25,1.61,92.3,109.6,-17.2,-219.0,halloran sean,belmont abbey,2022.0,76296,2023.0,2.01776,2.07097,-0.436891,1.14055,-1.57744,-0.752881,-0.0246211,-0.72826,mid_major,72.0,60.264901,65.474835,37.086093,0.301325,1.651163,19.667033,24.213512,22.47835,2.082268,10.736796,0.544353,2.839641,20.650954,0.673401,4.264871,4.938272,6.37486,3.860831,2.154882,0.224467,0.527,0.857,4.693433,combined_exact,combined_player_database,archetype_exact_name_team_season,0.0,0.5863020767,0.9093396577,0.0906603423,0.3262307181,0.0778372867,0.0,0.0,0.0096299185,0.5863020767
463,older_school_realgm,2021-22,2022,2022-23,2023,"Aldridge, Quest",Belmont Abbey,,23,20.0,603.0,26.2,327,14.2,124,262.0,30,73.0,49,61.0,115,104,96,36,12,https://abbeyathletics.com/sports/mens-basketball/stats/2021-22,,aldridgequest|questaldridge,matched,1,questaldridge,1,0,Quest Aldridge,Gardner Webb,BSth,2023,77115,bt_pid:77115,29,19.7742,6.0645,-2.80394,76.0,/Users/adriankong/Desktop/TROP/trank_final_data_2023_with_pbp.csv,exact_name_team_season,1.0,2425.0,Low,"Aldridge, Quest",Gardner-Webb,Big South Conference,4609098.0,6-4,Sr,CG,29.0,0.4953,0.4781,84.2155,0.1895,-4.3451,-3.5923,-0.4837,-3.1086,exact_name_team_season,1.0,2199.0,Quest Aldridge,Gardner-Webb,-1.13,0.09,-1.04,947.0,-1.63,-0.04,-1.67,94.4,100.1,-5.6,-6.0,aldridge quest,belmont abbey,2022.0,77115,2023.0,-0.200243,1.87023,-2.80394,-2.24613,-0.557814,-2.22694,-2.5669,0.339955,mid_major,76.0,53.053435,56.605733,23.282443,0.278626,1.083333,24.945432,27.381441,29.231117,3.281903,16.53281,1.930423,3.146916,21.691542,1.06136,6.567164,7.628524,6.898839,6.368159,2.38806,0.79602,0.411,0.803,5.5633,combined_exact,combined_player_database,archetype_exact_name_team_season,0.0,0.4998737845,0.9303762294,0.0696237706,0.4998737845,0.2387578882,0.0,0.0,0.0,0.2613683274
464,older_school_realgm,2021-22,2022,2022-23,2023,"Baker, Chandler",Belmont Abbey,,32,31.0,777.0,24.3,426,13.3,167,304.0,59,129.0,33,40.0,122,31,55,25,10,https://abbeyathletics.com/sports/mens-basketball/stats/2021-22,,bakerchandler|chandlerbaker,matched,1,chandlerbaker,1,0,Chandler Baker,Colgate,Pat,2023,77249,bt_pid:77249,34,12.3143,5.0857,-5.26984,77.0,/Users/adriankong/Desktop/TROP/trank_final_data_2023_with_pbp.csv,exact_name_team_season,1.0,2426.0,Low,"Baker, Chandler",Colgate,Patriot League,4707015.0,6-5,Jr,WG,34.0,0.3046,0.3075,102.1731,0.1941,-1.0075,-0.6684,2.4467,-3.1151,exact_name_team_season,1.0,2745.0,Chandler Baker,Colgate,-0.18,-2.55,-2.73,704.0,-0.57,-1.46,-2.03,104.7,112.4,-7.7,-16.0,baker chandler,belmont abbey,2022.0,77249,2023.0,0.440429,0.792746,-5.26984,-1.40681,-3.86303,-3.3197,-0.361545,-2.95816,mid_major,77.0,64.638158,66.231343,13.157895,0.424342,0.563636,14.604355,6.428868,22.199429,4.457179,12.182478,1.248439,1.695973,21.930502,1.441441,4.839125,6.280566,1.595882,2.831403,1.287001,0.514801,0.457,0.825,7.629492,combined_exact,combined_player_database,archetype_exact_name_team_season,0.0,0.3789569182,0.9753305835,0.0246694165,0.2839906365,0.0896896239,0.1513429961,0.0960198252,0.3789569182,0.0
477,older_school_realgm,2022-23,2023,2023-24,2024,"Smith, RJ",Bemidji State,,25,18.0,775.0,31.0,224,9.0,84,161.0,26,65.0,30,40.0,138,43,27,15,13,https://bsubeavers.com/sports/mens-basketball/stats/2022-23,,smithrj|rjsmith,matched,1,rjsmith,1,0,RJ Smith,Colorado,P12,2024,76553,bt_pid:76553,7,11.5714,2.8571,-1.20536,75.0,/Users/adriankong/Desktop/TROP/trank_final_data_2024_with_pbp.csv,unmatched,,,,,,,,,,,,,,,,,,,,unmatched,,,,,,,,,,,,,,,,smith rj,bemidji state,2023.0,76553,2024.0,0.249189,0.935242,-1.20536,-0.356939,-0.848421,-4.31322,-3.05453,-1.25869,mid_major,78.0,60.248447,62.709966,24.84472,0.403727,1.592593,13.132296,9.017256,13.76882,4.462366,16.743299,1.756423,1.122451,11.56129,1.393548,5.729032,7.122581,2.219355,1.393548,0.774194,0.670968,0.4,0.75,4.361155,combined_exact,combined_player_database,archetype_exact_name_team_season,0.0,0.4439240022,0.7950077369,0.2049922631,0.0,0.2850543415,0.0,0.1488728685,0.4439240022,0.1221487879
530,older_school_realgm,2021-22,2022,2022-23,2023,"Lawrence, Colton",Bentley,,21,17.0,556.0,26.5,330,15.7,127,262.0,51,117.0,25,37.0,88,33,49,17,8,https://bentleyfalcons.com/sports/mens-basketball/stats/2021-22,,lawrencecolton|coltonlawrence,matched,1,coltonlawrence,1,0,Colton Lawrence,UMBC,AE,2023,76936,bt_pid:76936,29,28.4,12.2,-3.40787,75.0,/Users/adriankong/Desktop/TROP/trank_final_data_2023_with_pbp.csv,exact_name_team_season,1.0,2431.0,Low,"Lawrence, Colton",UMBC,America East Conference,5107239.0,6-3,Sr,WG,29.0,0.6565,0.6591,99.0995,0.2424,-1.7075,-2.1609,0.969,-3.1298999999999997,exact_name_team_season,1.0,2365.0,Colton Lawrence,UMBC,-0.17,-1.3,-1.48,1408.0,0.1,-1.04,-0.94,100.7,107.3,-6.6,-32.0,lawrence colton,bentley,2022.0,76936,2023.0,1.26297,1.56834,-3.40787,-0.97673,-2.43114,-2.97183,-0.399863,-2.57197,mid_major,75.0,58.206107,59.292799,14.122137,0.446565,0.673469,14.97189,11.093439,28.321291,5.968327,10.816355,1.421216,1.721743,23.741007,2.158273,4.172662,6.330935,2.374101,3.52518,1.223022,0.57554,0.436,0.676,10.1083,combined_exact,combined_player_database,archetype_exact_name_team_season,0.0,0.5132032919,1.0,0.0,0.5132032919,0.104313708,0.2010234621,0.0741670509,0.1072924871,0.0
542,older_school_realgm,2022-23,2023,2023-24,2024,"Scott, Joel",Black Hills,,35,35.0,1160.0,33.1,805,23.0,290,478.0,38,95.0,187,258.0,335,51,66,31,40,https://bhsuathletics.com/sports/mens-basketball/stats/2022-23,,scottjoel|joelscott,matched,1,joelscott,1,0,Joel Scott,Colorado St.,MWC,2024,78732,bt_pid:78732,34,28.25,13.0833,6.23712,79.0,/Users/adriankong/Desktop/TROP/trank_final_data_2024_with_pbp.csv,exact_name_team_season,1.0,77.0,Medium,"Scott, Joel",Colorado St.,Mountain West Conference,5176195.0,6-7,Sr,WF,34.0,0.7166,0.7185,125.6317,0.2124,5.016,3.9675,-2.3879,6.3553999999999995,exact_name_team_season,1.0,171.0,Joel Scott,Colorado State,3.11,2.18,5.29,1635.0,3.4,1.58,4.98,112.6,93.8,18.8,207.0,scott joel,black hills,2023.0,78732,2024.0,3.9477,3.51628,6.23712,3.35889,2.87823,6.02557,4.0275,1.99807,mid_major,79.0,64.644351,68.045037,53.974895,0.198745,0.772727,10.037717,9.021037,29.51483,6.656182,24.188826,3.284629,1.509092,27.758621,2.103448,9.448276,11.551724,1.758621,2.275862,1.068966,1.37931,0.4,0.725,4.26437,combined_exact,combined_player_database,archetype_exact_name_team_season,0.0,0.8649465121,1.0,0.0,0.0,0.8649465121,0.049017447,0.0053617438,0.0806742971,0.0
544,older_school_realgm,2022-23,2023,2023-24,2024,"Moussa, Adam",Black Hills,,25,22.0,759.0,30.4,284,11.4,104,271.0,37,122.0,39,56.0,153,127,60,27,13,https://bhsuathletics.com/sports/mens-basketball/stats/2022-23,,moussaadam|adammoussa,matched,1,adammoussa,1,0,Adam Moussa,Tarleton St.,WAC,2024,79216,bt_pid:79216,27,15.2759,4.0,-1.76824,75.0,/Users/adriankong/Desktop/TROP/trank_final_data_2024_with_pbp.csv,exact_name_team_season,1.0,1254.0,Low,"Moussa, Adam",Tarleton St.,Western Athletic Conference,5160739.0,6-3,Jr,PG,27.0,0.3246,0.3288,101.8349,0.2003,-0.7086,0.3943,0.1137,0.2805999999999999,exact_name_team_season,1.0,1099.0,Adam Moussa,Tarleton State,1.28,0.1,1.38,710.0,1.19,0.6,1.79,106.8,106.3,0.4,21.0,moussa adam,black hills,2023.0,79216,2024.0,0.554953,1.26856,-1.76824,-1.11616,-0.65208,0.745031,-0.0771485,0.82218,mid_major,75.0,45.202952,48.03139,20.664207,0.450185,2.116667,16.870993,27.871585,24.39822,2.501513,18.619136,1.631496,2.008787,14.967062,0.790514,7.272727,8.063241,6.693017,3.162055,1.422925,0.685112,0.303,0.696,8.369651,combined_exact,combined_player_database,archetype_exact_name_team_season,0.0,0.4257633801,0.8910776057,0.1089223943,0.4257633801,0.2132795907,0.0,0.0,0.0,0.3609570292
545,older_school_realgm,2022-23,2023,2023-24,2024,"Hayes, PJ",Black Hills,,32,32.0,834.0,26.1,349,10.9,123,243.0,81,180.0,22,28.0,154,41,31,15,11,https://bhsuathletics.com/sports/mens-basketball/stats/2022-23,,hayespj|pjhayes,matched,1,pjhayes,1,0,PJ Hayes,San Diego,WCC,2024,78608,bt_pid:78608,30,25.75,10.5,0.474176,78.0,/Users/adriankong/Desktop/TROP/trank_final_data_2024_with_pbp.csv,exact_name_team_season,1.0,1435.0,Medium,"Hayes, PJ",San Diego,West Coast Conference,5176450.0,6-6,Sr,WF,30.0,0.6324,0.6148,112.8591,0.1632,0.525,0.7832,0.9955,-0.2123,exact_name_team_season,1.0,1175.0,PJ Hayes,San Diego,1.88,-0.66,1.22,1390.0,1.97,-0.27,1.7,101.7,107.0,-5.3,-38.0,hayes pj,black hills,2023.0,78608,2024.0,1.88295,1.87543,0.474176,1.85996,-1.38579,1.21425,1.98348,-0.769231,mid_major,78.0,67.283951,68.345606,11.522634,0.740741,1.322581,10.827047,8.333948,17.876189,2.124787,17.190329,1.256351,1.015634,16.738609,0.671463,6.714628,7.386091,1.966427,1.486811,0.719424,0.527578,0.45,0.786,11.238174,combined_exact,combined_player_database,archetype_exact_name_team_season,0.0,0.4492559562,0.781022188,0.218977812,0.1512230067,0.2256388829,0.4492559562,0.0,0.1738821542,0.0
564,older_school_realgm,2022-23,2023,2023-24,2024,"Tidwell, Malik",Bluefield State,,26,20.0,809.0,31.1,541,20.8,183,395.0,60,149.0,115,139.0,90,77,61,38,1,https://gobstate.com/sports/mens-basketball/stats/2022-23,,tidwellmalik|maliktidwell,matched,1,maliktidwell,1,0,Malik Tidwell,Georgia Southern,SB,2024,79396,bt_pid:79396,31,18.2903,5.7742,-5.01424,71.0,/Users/adriankong/Desktop/TROP/trank_final_data_2024_with_pbp.csv,exact_name_team_season,1.0,1976.0,Low,"Tidwell, Malik",Ga. Southern,Sun Belt Conference,5176796.0,5-11,Sr,WG,31.0,0.4201,0.4203,104.0669,0.1723,-0.6476,-1.0185,0.5118,-1.5303,exact_name_team_season,1.0,2538.0,Malik Tidwell,Georgia Southern,-0.3,-1.58,-1.88,988.0,-0.98,-1.6,-2.58,99.3,108.2,-8.9,-71.0,tidwell malik,bluefield state,2023.0,79396,2024.0,0.406152,0.773598,-5.01424,-1.08027,-3.93397,-4.69828,-1.70615,-2.99213,mid_major,71.0,53.924051,59.299369,35.189873,0.377215,1.262295,11.795189,15.623604,26.067436,3.753578,6.834022,0.0921,2.184089,26.749073,1.730532,2.719407,4.449938,3.807169,3.016069,1.878863,0.049444,0.403,0.827,7.530747,combined_exact,combined_player_database,archetype_exact_name_team_season,0.0,0.4142444882,1.0,0.0,0.4142444882,0.0770862152,0.0,0.0,0.3007919795,0.2078773171
565,older_school_realgm,2022-23,2023,2023-24,2024,"McColley, Kaine",Bluefield State,,26,26.0,739.0,28.4,412,15.8,123,298.0,79,184.0,87,101.0,95,55,52,28,4,https://gobstate.com/sports/mens-basketball/stats/2022-23,,mccolleykaine|kainemccolley,matched,1,kainemccolley,1,0,Kaine McColley,Arkansas Pine Bluff,SWAC,2024,79212,bt_pid:79212,24,9.5714,2.2143,-6.56387,77.0,/Users/adriankong/Desktop/TROP/trank_final_data_2024_with_pbp.csv,unmatched,,,,,,,,,,,,,,,,,,,,unmatched,,,,,,,,,,,,,,,,mccolley kaine,bluefield state,2023.0,79212,2024.0,-0.167703,0.222336,-6.56387,-2.8409,-3.72297,-7.30375,-4.18226,-3.12148,mid_major,78.0,54.530201,60.156524,33.892617,0.61745,1.057692,13.183247,11.125371,21.764988,1.643651,11.018,0.403296,1.761768,22.300406,0.757781,4.384303,5.142084,2.976996,2.814614,1.515562,0.216509,0.429,0.861,10.180608,combined_exact,combined_player_database,archetype_exact_name_team_season,0.0,0.4660243463,0.908686031,0.091313969,0.4660243463,0.0803781761,0.0344778117,0.0,0.419119666,0.0
577,older_school_realgm,2021-22,2022,2022-23,2023,"Cooper, Marquez",Bluefield State,,23,23.0,708.0,30.8,492,21.4,195,399.0,8,51.0,94,126.0,130,51,70,61,7,https://gobstate.com/sports/mens-basketball/stats/2021-22,,coopermarquez|marquezcooper,matched,1,marquezcooper,1,0,Marquez Cooper,New Orleans,Slnd,2023,76427,bt_pid:76427,27,13.4828,5.1724,-2.12591,76.0,/Users/adriankong/Desktop/TROP/trank_final_data_2023_with_pbp.csv,exact_name_team_season,1.0,1845.0,Low,"Cooper, Marquez",New Orleans,Southland Conference,4603017.0,6-4,Sr,WG,27.0,0.3118,0.3155,109.7697,0.2074,-0.2655,0.5743,1.8633,-1.289,exact_name_team_season,1.0,1909.0,Marquez Cooper,New Orleans,0.88,-1.29,-0.41,690.0,0.53,-0.55,-0.02,101.0,111.0,-10.1,-19.0,cooper marquez,bluefield state,2022.0,76427,2023.0,0.716735,0.798401,-2.12591,-0.205388,-1.92052,-1.35818,-0.0590014,-1.29918,mid_major,77.0,49.874687,54.132559,31.578947,0.12782,0.728571,13.347571,12.359431,29.188135,4.503911,13.819911,0.762168,3.878466,27.79661,2.033898,5.310734,7.344633,2.881356,3.954802,3.446328,0.39548,0.157,0.746,2.833665,combined_exact,combined_player_database,archetype_exact_name_team_season,0.0,0.4620136589,0.9390718441,0.0609281559,0.4535615252,0.4620136589,0.0,0.0,0.0170209337,0.0674038822
591,older_school_realgm,2022-23,2023,2023-24,2024,"Johnson, Caleb",Bowie State,,28,24.0,752.0,26.9,225,8.0,73,190.0,23,60.0,56,74.0,113,69,52,33,3,https://bsubulldogs.com/sports/mens-basketball/stats/2022-23,,johnsoncaleb|calebjohnson,matched,1,calebjohnson,1,0,Caleb Johnson,Jacksonville St.,CUSA,2024,78581,bt_pid:78581,25,16.5,4.7857,-0.97752,79.0,/Users/adriankong/Desktop/TROP/trank_final_data_2024_with_pbp.csv,exact_name_team_season,1.0,1120.0,Medium,"Johnson, Caleb",Jacksonville St.,Conference USA,5175939.0,6-7,Jr,WF,25.0,0.345,0.342,102.9102,0.1696,-0.8914,-1.1166,-1.733,0.6164000000000001,exact_name_team_season,1.0,2199.0,Caleb Johnson,Jacksonville State,-1.16,0.2,-0.96,664.0,-0.95,-0.65,-1.6,97.0,97.5,-0.5,31.0,johnson caleb,bowie state,2023.0,78581,2024.0,0.297068,1.40089,-0.97752,-0.762893,-0.214627,-1.28616,-1.39583,0.10967,mid_major,74.0,44.473684,50.548167,38.947368,0.315789,1.326923,18.939394,19.020535,18.181677,4.021824,12.426109,0.406265,2.560792,11.968085,1.489362,4.521277,6.010638,3.670213,2.765957,1.755319,0.159574,0.383,0.757,3.978307,combined_exact,combined_player_database,archetype_exact_name_team_season,0.0,0.4617392771,0.8281798991,0.1718201009,0.1177468215,0.2279623902,0.0,0.0,0.1925515113,0.4617392771
603,older_school_realgm,2021-22,2022,2022-23,2023,"McCullough, David",Bowie State,,28,20.0,704.0,25.1,365,13.0,124,231.0,5,18.0,112,152.0,121,20,68,19,20,https://bsubulldogs.com/sports/mens-basketball/stats/2021-22,,mcculloughdavid|davidmccullough,matched,1,davidmccullough,1,0,David McCullough,Morgan St.,MEAC,2023,77333,bt_pid:77333,17,18.3889,5.4444,-4.51566,78.0,/Users/adriankong/Desktop/TROP/trank_final_data_2023_with_pbp.csv,exact_name_team_season,1.0,2601.0,Low,"McCullough, David",Morgan St.,Mid-Eastern Athletic Conference,5107982.0,6-6,Sr,WG,18.0,0.3078,0.3066,84.7701,0.1691,-3.852,-3.452,0.4183,-3.8703,exact_name_team_season,1.0,2847.0,David McCullough,Morgan State,-3.06,-0.34,-3.39,614.0,-2.87,0.33,-2.54,86.2,103.8,-17.6,-81.0,mccullough david,bowie state,2022.0,77333,2023.0,-0.469818,1.60473,-4.51566,-5.68414,1.16848,-3.99352,-4.46506,0.471535,mid_major,78.0,54.761905,61.266282,65.800866,0.077922,0.294118,18.585329,7.170599,26.301575,7.269144,13.388541,2.980933,1.583791,20.738636,2.443182,4.431818,6.875,1.136364,3.863636,1.079545,1.136364,0.278,0.737,1.299455,combined_exact,combined_player_database,archetype_exact_name_team_season,0.0,0.6210902802,0.8243789046,0.1756210954,0.0,0.6210902802,0.0,0.1709969787,0.2079127411,0.0
628,older_school_realgm,2021-22,2022,2022-23,2023,"Cooper, Anthony",Caldwell,,25,25.0,873.0,34.9,475,19.0,156,338.0,31,95.0,132,167.0,102,63,67,28,2,https://caldwellathletics.com/sports/mens-basketball/stats/2021-22,,cooperanthony|anthonycooper,matched,1,anthonycooper,1,0,Anthony Cooper,Marist,MAAC,2023,76711,bt_pid:76711,5,17.8,7.2,-5.17438,74.0,/Users/adriankong/Desktop/TROP/trank_final_data_2023_with_pbp.csv,unmatched,,,,,,,,,,,,,,,,,,,,unmatched,,,,,,,,,,,,,,,,cooper anthony,caldwell,2022.0,76711,2023.0,0.627124,1.4898,-5.17438,-3.53762,-1.63676,-3.1535,-2.75159,-0.40191,mid_major,74.0,50.739645,57.71848,49.408284,0.281065,0.940299,14.002675,15.442766,25.633105,2.699378,9.647394,0.225266,1.766151,21.764032,1.053837,3.619702,4.67354,2.886598,3.069874,1.282932,0.091638,0.326,0.79,5.086299,combined_exact,combined_player_database,archetype_exact_name_team_season,0.0,0.3145761815,1.0,0.0,0.2204383521,0.2488286053,0.0,0.0,0.3145761815,0.2161568611
647,older_school_realgm,2021-22,2022,2022-23,2023,"Alston, Philip",California PA,,33,33.0,1091.0,33.1,692,21.0,279,519.0,19,71.0,115,176.0,358,59,77,32,62,https://calvulcans.com/sports/mens-basketball/stats/2021-22,,alstonphilip|philipalston,matched,1,philipalston,1,0,Philip Alston,Loyola Chicago,A10,2023,77365,bt_pid:77365,31,27.5484,14.6129,-0.358736,78.0,/Users/adriankong/Desktop/TROP/trank_final_data_2023_with_pbp.csv,exact_name_team_season,1.0,1243.0,Medium,"Alston, Philip",Loyola Chicago,Atlantic 10 Conference,5105968.0,6-6,Jr,S-PF,31.0,0.6902,0.6861,105.4724,0.2854,1.028,1.3467,0.9379,0.4088,exact_name_team_season,1.0,1314.0,Philip Alston,Loyola Chicago,0.59,0.28,0.87,1464.0,0.42,0.52,0.94,99.8,105.1,-5.3,-71.0,alston philip,california pa,2022.0,77365,2023.0,2.53147,2.26162,-0.358736,-0.0872659,-0.27147,0.625631,1.57718,-0.95155,mid_major,78.0,55.587669,58.010864,33.911368,0.136802,0.766234,11.433832,11.111428,29.128516,11.162167,21.66195,5.958201,1.576904,25.371219,4.106324,9.019248,13.125573,2.163153,2.823098,1.173236,2.273144,0.268,0.653,3.067631,combined_exact,combined_player_database,archetype_exact_name_team_season,0.0,0.5449965604,1.0,0.0,0.1495067767,0.5449965604,0.0,0.3054966629,0.0,0.0
662,older_school_realgm,2022-23,2023,2023-24,2024,"Washington, Andre",Cameron,,25,13.0,524.0,21.0,186,7.4,77,152.0,0,0.0,32,62.0,148,23,35,12,8,https://cameronaggies.com/sports/mens-basketball/stats/2022-23,,washingtonandre|andrewashington,matched_prior_d1_experience,1,andrewashington,1,1,Andre Washington,LIU,NEC,2024,75580,bt_pid:75580,24,17.125,6.0,-3.96208,71.0,/Users/adriankong/Desktop/TROP/trank_final_data_2024_with_pbp.csv,exact_name_team_season,1.0,1995.0,Low,"Washington, Andre",LIU,Northeast Conference,4897987.0,5-11,Jr,WG,25.0,0.367,0.3672,103.0707,0.1771,-0.8997,-1.8888,-0.3061,-1.5827,exact_name_team_season,1.0,2530.0,Andre Washington,Long Island,-1.12,-0.74,-1.86,736.0,-0.4,-1.52,-1.92,89.2,107.2,-17.9,-81.0,washington andre,cameron,2023.0,75580,2024.0,0.504239,0.810906,-3.96208,-1.05576,-2.90632,-2.99486,-1.46931,-1.52555,mid_major,79.0,50.657895,51.874163,40.789474,0.0,0.657143,16.333769,9.34011,20.702354,11.239357,20.184968,1.806054,1.29717,14.198473,3.740458,7.557252,11.29771,1.755725,2.671756,0.916031,0.610687,0.0,0.516,0.0,combined_exact,combined_player_database,archetype_exact_name_team_season,0.0,0.593309631,0.8848372799,0.1151627201,0.0,0.593309631,0.0,0.28237911,0.1243112591,0.0
691,older_school_realgm,2021-22,2022,2022-23,2023,"Robinson, Caleb",Catawba,,20,17.0,576.0,28.8,367,18.4,131,267.0,13,40.0,92,150.0,132,30,53,21,15,https://catawbaathletics.com/sports/mens-basketball/stats/2021-22,,robinsoncaleb|calebrobinson,matched,1,calebrobinson,1,0,Caleb Robinson,Gardner Webb,BSth,2023,76940,bt_pid:76940,29,18.4194,8.4516,-4.74617,77.0,/Users/adriankong/Desktop/TROP/trank_final_data_2023_with_pbp.csv,exact_name_team_season,1.0,2055.0,Low,"Robinson, Caleb",Gardner-Webb,Big South Conference,4711671.0,6-4,So,WG,29.0,0.4548,0.4575,103.1932,0.2581,-0.5795,-0.7883,1.01,-1.7983,exact_name_team_season,1.0,2430.0,Caleb Robinson,Gardner-Webb,-1.06,-0.55,-1.61,886.0,-1.5,0.33,-1.17,97.0,104.2,-7.3,-35.0,robinson caleb,catawba,2022.0,76940,2023.0,0.92786,1.85493,-4.74617,-2.93137,-1.8148,-3.14461,-2.28195,-0.862658,mid_major,76.0,51.498127,55.105105,56.179775,0.149813,0.566038,13.73057,11.258417,32.653919,6.227431,17.87814,2.435635,2.018744,25.486111,2.361111,6.805556,9.166667,2.083333,3.680556,1.458333,1.041667,0.325,0.613,3.36525,combined_exact,combined_player_database,archetype_exact_name_team_season,0.0,0.7260353275,1.0,0.0,0.1528470278,0.7260353275,0.0,0.0179577016,0.103159943,0.0
693,older_school_realgm,2021-22,2022,2022-23,2023,"Pelote, Bernard",Catawba,,16,14.0,451.0,28.2,239,14.9,88,192.0,20,62.0,43,51.0,121,17,20,12,29,https://catawbaathletics.com/sports/mens-basketball/stats/2021-22,,pelotebernard|bernardpelote,matched,1,bernardpelote,1,0,Bernard Pelote,Western Carolina,SC,2023,76939,bt_pid:76939,29,15.1935,5.4839,-3.60834,80.0,/Users/adriankong/Desktop/TROP/trank_final_data_2023_with_pbp.csv,exact_name_team_season,1.0,2284.0,Low,"Pelote, Bernard",Western Caro.,Southern Conference,4711668.0,6-8,So,PF/C,29.0,0.3363,0.3384,94.8286,0.1868,-2.2969,-0.8856,1.6746,-2.5602,exact_name_team_season,1.0,2616.0,Bernard Pelote,Western Carolina,-0.64,-1.55,-2.19,730.0,-0.92,-0.55,-1.47,100.0,110.5,-10.5,-67.0,pelote bernard,catawba,2022.0,76939,2023.0,0.347532,1.10726,-3.60834,-1.16245,-2.44589,-2.86693,-1.17845,-1.68848,mid_major,80.0,51.041667,55.726544,26.5625,0.322917,0.85,8.530967,7.616099,25.329444,6.315965,21.901308,6.014019,1.473293,21.197339,2.394678,8.337029,10.731707,1.507761,1.773836,1.064302,2.572062,0.323,0.843,6.661851,combined_exact,combined_player_database,archetype_exact_name_team_season,0.0,0.3788920378,1.0,0.0,0.3033829889,0.2028821867,0.1148427866,0.3788920378,0.0,0.0
699,older_school_realgm,2021-22,2022,2022-23,2023,"Bowen, Ben",Catawba,,25,13.0,454.0,18.2,123,4.9,42,99.0,7,29.0,32,35.0,89,19,17,7,10,https://catawbaathletics.com/sports/mens-basketball/stats/2021-22,,bowenben|benbowen,matched,1,benbowen,1,0,Ben Bowen,Denver,Sum,2023,74510,bt_pid:74510,21,12.0435,1.913,-5.21392,77.0,/Users/adriankong/Desktop/TROP/trank_final_data_2023_with_pbp.csv,unmatched,,,,,,,,,,,,,,,,,,,,unmatched,,,,,,,,,,,,,,,,bowen ben,catawba,2022.0,74510,2023.0,-0.679233,0.638508,-5.21392,-4.0315,-1.18242,-4.76142,-3.91176,-0.849661,mid_major,82.0,45.959596,53.758741,35.353535,0.292929,1.117647,12.937595,7.003795,14.102951,6.506608,14.118636,2.060096,0.853742,10.837004,2.46696,5.374449,7.84141,1.674009,1.497797,0.61674,0.881057,0.241,0.914,3.095437,combined_exact,combined_player_database,archetype_exact_name_team_season,0.0,0.455548174,0.7651490472,0.2348509528,0.0,0.1262948823,0.0,0.3825318799,0.455548174,0.0356250638
707,older_school_realgm,2022-23,2023,2023-24,2024,"Thomas, Kyle",Cedarville,,29,0.0,519.0,17.9,183,6.3,63,153.0,48,119.0,9,12.0,49,35,22,11,3,https://yellowjackets.cedarville.edu/sports/mens-basketball/stats/2022-23,,thomaskyle|kylethomas,matched_prior_d1_experience,1,kylethomas,1,1,Kyle Thomas,Bradley,MVC,2024,76629,bt_pid:76629,15,5.75,2.125,-0.468524,82.0,/Users/adriankong/Desktop/TROP/trank_final_data_2024_with_pbp.csv,unmatched,,,,,,,,,,,,,,,,,,,,unmatched,,,,,,,,,,,,,,,,thomas kyle,cedarville,2023.0,76629,2024.0,0.257835,0.585866,-0.468524,-3.45935,2.99083,-2.55258,-4.03569,1.48311,mid_major,76.0,56.862745,57.808946,7.843137,0.777778,1.590909,12.203239,11.330044,17.813738,1.546125,9.556453,0.572673,1.229373,14.104046,0.539499,3.236994,3.776493,2.697495,1.695568,0.847784,0.231214,0.403,0.75,11.783274,combined_exact,combined_player_database,archetype_exact_name_team_season,0.0,0.5482976404,0.6908226629,0.3091773371,0.2470440988,0.0,0.5482976404,0.0,0.1051742628,0.099483998
712,older_school_realgm,2021-22,2022,2022-23,2023,"Maughmer, Branden",Cedarville,,30,30.0,1015.0,33.8,498,16.6,179,377.0,37,101.0,103,124.0,181,102,57,66,11,https://yellowjackets.cedarville.edu/sports/mens-basketball/stats/2021-22,,maughmerbranden|brandenmaughmer,matched,1,brandenmaughmer,1,0,Branden Maughmer,Morehead St.,OVC,2023,76748,bt_pid:76748,30,23.9706,7.5882,-0.984746,75.0,/Users/adriankong/Desktop/TROP/trank_final_data_2023_with_pbp.csv,exact_name_team_season,1.0,2125.0,Low,"Maughmer, Branden",Morehead St.,Ohio Valley Conference,4401528.0,6-3,Sr,WG,30.0,0.6039,0.6069,94.3347,0.1877,-2.5554,-2.3633,-0.3096,-2.0537,exact_name_team_season,1.0,1539.0,Branden Maughmer,Morehead State,-0.36,0.79,0.43,1196.0,-1.22,0.69,-0.52,97.6,101.2,-3.6,-23.0,maughmer branden,cedarville,2022.0,76748,2023.0,0.042944,2.11009,-0.984746,-2.27645,1.29171,-1.39634,-2.47974,1.0834,mid_major,75.0,52.387268,57.697655,32.891247,0.267905,1.789474,11.66694,20.008701,25.428875,7.708178,13.999147,1.228052,3.877987,19.625616,2.600985,4.53202,7.133005,4.019704,2.246305,2.600985,0.433498,0.366,0.831,5.262838,combined_exact,combined_player_database,archetype_exact_name_team_season,0.0,0.3685576737,0.9694634431,0.0305365569,0.2958704174,0.3685576737,0.0,0.0,0.0,0.3355719089
713,older_school_realgm,2021-22,2022,2022-23,2023,"Green, Quinton",Cedarville,,28,24.0,742.0,26.5,356,12.7,114,277.0,59,164.0,69,93.0,111,22,46,33,9,https://yellowjackets.cedarville.edu/sports/mens-basketball/stats/2021-22,,greenquinton|quintongreen,matched,1,quintongreen,1,0,Quinton Green,Valparaiso,MVC,2023,76017,bt_pid:76017,30,30.129,10.5806,-0.780363,79.0,/Users/adriankong/Desktop/TROP/trank_final_data_2023_with_pbp.csv,exact_name_team_season,1.0,2181.0,Low,"Green, Quinton",Valparaiso,Missouri Valley Conference,4401535.0,6-7,Sr,WF,30.0,0.7161,0.7137,97.0448,0.1842,-1.8377,-1.3252,0.918,-2.2432,exact_name_team_season,1.0,1742.0,Quinton Green,Valparaiso,0.11,-0.12,-0.02,1559.0,0.07,0.46,0.53,96.2,105.9,-9.7,-96.0,green quinton,cedarville,2022.0,76017,2023.0,0.856832,2.38251,-0.780363,-0.429175,-0.351188,-0.915366,-0.585911,-0.329456,mid_major,79.0,51.805054,55.988928,33.574007,0.592058,0.478261,12.640141,5.647968,25.910589,2.715932,15.652861,1.374449,2.652396,19.191375,0.916442,5.067385,5.983827,1.185984,2.479784,1.778976,0.485175,0.36,0.742,11.689734,combined_exact,combined_player_database,archetype_exact_name_team_season,0.0,0.4309711087,1.0,0.0,0.4309711087,0.2180068724,0.2901044913,0.0052346951,0.0556828324,0.0
816,older_school_realgm,2022-23,2023,2023-24,2024,"Wyatt, Isaiah",Chadron,,29,29.0,943.0,32.5,442,15.2,151,335.0,82,175.0,58,75.0,153,48,31,26,10,https://chadroneagles.com/sports/mens-basketball/stats/2022-23,,wyattisaiah|isaiahwyatt,matched,1,isaiahwyatt,1,0,Isaiah Wyatt,UTSA,Amer,2024,78751,bt_pid:78751,31,20.4375,7.0625,-0.12365,76.0,/Users/adriankong/Desktop/TROP/trank_final_data_2024_with_pbp.csv,exact_name_team_season,1.0,1831.0,Medium,"Wyatt, Isaiah",UTSA,American Athletic Conference,5175744.0,6-4,Jr,WG,31.0,0.4896,0.4912,110.8077,0.1669,0.3204,0.5984,1.764,-1.1656,exact_name_team_season,1.0,1606.0,Isaiah Wyatt,UTSA,1.85,-1.64,0.21,1109.0,1.8,-0.75,1.05,105.5,112.4,-6.9,-56.0,wyatt isaiah,chadron state,2023.0,78751,2024.0,1.2269,1.06566,-0.12365,1.75244,-1.87609,0.078779,1.58779,-1.50901,mid_major,75.0,57.313433,60.054348,22.38806,0.522388,1.548387,7.769424,9.374601,21.472823,3.105212,16.52475,1.063887,1.623711,18.748674,1.060445,5.42948,6.489926,2.036055,1.314952,1.102863,0.424178,0.469,0.773,9.416142,combined_exact,combined_player_database,archetype_exact_name_team_season,0.0,0.3510756328,0.7805198599,0.2194801401,0.3055891574,0.3510756328,0.0133286279,0.0,0.3300065819,0.0
848,older_school_realgm,2022-23,2023,2023-24,2024,"Young, Kobe",Chaminade,,11,1.0,56.0,5.1,19,1.7,8,12.0,1,1.0,2,3.0,4,1,1,3,1,https://goswords.com/sports/mens-basketball/stats/2022-23,,youngkobe|kobeyoung,matched_prior_d1_experience,1,kobeyoung,1,1,Kobe Young,Boise St.,MWC,2024,75106,bt_pid:75106,23,4.08,1.08,1.02384,79.0,/Users/adriankong/Desktop/TROP/trank_final_data_2024_with_pbp.csv,unmatched,,,,,,,,,,,,,,,,,,,,unmatched,,,,,,,,,,,,,,,,young kobe,chaminade,2023.0,75106,2024.0,,,,,,,,,mid_major,78.0,70.833333,71.321321,25.0,0.083333,1.0,6.98324,3.114353,12.351409,0.0,7.810414,1.674107,2.884054,13.571429,0.0,2.857143,2.857143,0.714286,0.714286,2.142857,0.714286,1.0,0.667,0.86281,combined_exact,combined_player_database,archetype_exact_name_team_season,0.0,0.64015709,0.4818415926,0.5181584074,0.0,0.0,0.0,0.35984291,0.64015709,0.0
854,older_school_realgm,2021-22,2022,2022-23,2023,"Christensen, Tredyn",Chaminade,,26,12.0,585.0,22.5,145,5.6,64,133.0,4,18.0,13,25.0,110,60,54,22,9,https://goswords.com/sports/mens-basketball/stats/2021-22,,christensentredyn|tredynchristensen,matched,1,tredynchristensen,1,0,Tredyn Christensen,BYU,WCC,2023,76817,bt_pid:76817,7,3.8889,1.2222,-1.00079,79.0,/Users/adriankong/Desktop/TROP/trank_final_data_2023_with_pbp.csv,unmatched,,,,,,,,,,,,,,,,,,,,unmatched,,,,,,,,,,,,,,,,christensen tredyn,chaminade,2022.0,76817,2023.0,,,,,,,,,mid_major,78.0,49.62406,50.347222,18.796992,0.135338,1.111111,27.272727,19.410818,16.49319,7.854364,12.967188,1.675935,2.162985,9.91453,3.008547,4.512821,7.521368,4.102564,3.692308,1.504274,0.615385,0.222,0.52,1.49975,combined_exact,combined_player_database,archetype_exact_name_team_season,0.0,0.550576025,0.7110825823,0.2889174177,0.1286381177,0.0234068774,0.0,0.2973789798,0.0,0.550576025
858,older_school_realgm,2021-22,2022,2022-23,2023,"Young, Kobe",Chaminade,,20,7.0,220.0,11.0,35,1.8,13,37.0,3,11.0,6,13.0,27,6,9,7,0,https://goswords.com/sports/mens-basketball/stats/2021-22,,youngkobe|kobeyoung,matched,1,kobeyoung,1,0,Kobe Young,Boise St.,MWC,2023,75106,bt_pid:75106,26,8.2222,1.4074,1.18204,78.0,/Users/adriankong/Desktop/TROP/trank_final_data_2023_with_pbp.csv,unmatched,,,,,,,,,,,,,,,,,,,,unmatched,,,,,,,,,,,,,,,,young kobe,chaminade,2022.0,75106,2023.0,0.23263,1.00184,1.18204,-0.944093,2.12613,1.24044,-1.22896,2.4694,mid_major,78.0,39.189189,40.964419,35.135135,0.297297,0.666667,17.401392,4.712781,11.455952,4.746697,8.881452,0.0,1.830046,6.363636,1.818182,3.090909,4.909091,1.090909,1.636364,1.272727,0.0,0.273,0.462,2.437094,combined_exact,combined_player_database,archetype_exact_name_team_season,0.0,0.7934256664,0.4895037327,0.5104962673,0.0,0.0,0.0,0.2065743336,0.7934256664,0.0
911,older_school_realgm,2022-23,2023,2023-24,2024,"Loos , Daniel",Christian Brothers,,26,21.0,529.0,20.3,195,7.5,91,162.0,0,0.0,13,54.0,129,17,52,9,10,https://cbubucs.com/sports/mens-basketball/stats/2022-23,,loosdaniel|danielloos,matched,1,danielloos,1,0,Daniel Loos,Austin Peay,ASun,2024,78687,bt_pid:78687,27,11.7667,1.8333,-2.35878,78.0,/Users/adriankong/Desktop/TROP/trank_final_data_2024_with_pbp.csv,unmatched,,,,,,,,,,,,,,,,,,,,unmatched,,,,,,,,,,,,,,,,loos daniel,christian brothers,2023.0,78687,2024.0,0.243102,0.74336,-2.35878,-1.44972,-0.909056,-4.11111,-4.00566,-0.105447,mid_major,78.0,56.17284,52.48708,33.333333,0.0,0.326923,21.870794,7.243645,24.202692,13.132385,18.111806,2.325442,1.039051,14.744802,4.15879,5.595463,9.754253,1.285444,3.931947,0.680529,0.756144,0.0,0.241,0.0,combined_exact,combined_player_database,archetype_exact_name_team_season,0.0,0.5572914675,0.8351536374,0.1648463626,0.0,0.5572914675,0.0,0.3612411134,0.0814674191,0.0
1002,older_school_realgm,2021-22,2022,2022-23,2023,"Reed, Jr. , Eric",Clark Atlanta,,21,1.0,190.0,9.0,58,2.8,21,71.0,8,37.0,8,12.0,12,9,18,3,0,https://clarkatlantasports.com/sports/mens-basketball/stats/2021-22,,reederic|ericreed,matched_prior_d1_experience,1,ericreed,1,1,Eric Reed Jr.,Mississippi St.,SEC,2023,72721,bt_pid:72721,34,17.6765,3.7353,0.863601,74.0,/Users/adriankong/Desktop/TROP/trank_final_data_2023_with_pbp.csv,exact_name_team_season,1.0,1436.0,High,"Reed, Jr., Eric",Mississippi St.,Southeastern Conference,4703377.0,6-2,Sr,CG,34.0,0.4308,0.4322,96.4033,0.1415,-1.233,-1.8744,-1.7714,-0.1029999999999999,exact_name_team_season,1.0,1779.0,"Eric Reed, Jr.",Mississippi State,-0.17,0.06,-0.11,976.0,0.54,-0.77,-0.23,95.3,89.3,6.0,14.0,reed jr eric,clark atlanta,2022.0,72721,2023.0,0.389429,1.99113,0.863601,0.292128,0.571473,-0.357256,-1.67144,1.31418,power_4,73.0,35.211268,38.017829,16.901408,0.521127,0.5,19.092066,8.358574,22.195272,1.502594,5.164804,0.0,0.820157,12.210526,0.631579,1.894737,2.526316,1.894737,3.789474,0.631579,0.0,0.216,0.667,8.626391,combined_exact,combined_player_database,archetype_exact_name_team_season,0.0,0.678603323,0.7691989322,0.2308010678,0.0698052469,0.0,0.678603323,0.0,0.1752424061,0.076349024
1029,older_school_realgm,2021-22,2022,2022-23,2023,"Walker, Jordan",Clayton St.,,22,5.0,160.0,7.3,16,0.7,8,28.0,0,5.0,0,6.0,24,5,9,2,7,https://claytonstatesports.com/sports/mens-basketball/stats/2021-22,,walkerjordan|jordanwalker,matched_prior_d1_experience,1,jordanwalker,1,1,Jordan Walker,UAB,CUSA,2023,50468,bt_pid:50468,33,33.4545,22.3636,5.52869,71.0,/Users/adriankong/Desktop/TROP/trank_final_data_2023_with_pbp.csv,exact_name_team_season,1.0,146.0,Medium,"Walker, Jordan",UAB,Conference USA,4396656.0,5-11,Sr,s-PG,33.0,0.7174,0.7106,117.5146,0.3079,5.4098,4.5881,-0.4686,5.0567,exact_name_team_season,1.0,123.0,Jordan Walker,UAB,5.34,0.18,5.53,1986.0,5.61,-0.18,5.43,110.6,96.9,13.8,266.0,walker jordan,clayton state,2022.0,50468,2023.0,5.03964,3.21062,5.52869,6.9425,-1.41381,7.6879,7.60585,0.0820515,mid_major,78.0,28.571429,26.109661,21.428571,0.178571,0.555556,22.704339,5.451713,12.376891,4.828671,11.726773,4.078903,0.694277,4.0,1.75,4.25,6.0,1.25,2.25,0.5,1.75,0.0,0.0,1.557341,combined_exact,combined_player_database,archetype_exact_name_team_season,0.0,0.5447686521,0.6169519789,0.3830480211,0.0,0.0,0.178457625,0.5447686521,0.2767737229,0.0
1053,older_school_realgm,2021-22,2022,2022-23,2023,"Walker, Jordan",Clayton State,,22,5.0,160.0,7.3,16,0.7,8,28.0,0,5.0,0,6.0,24,5,9,2,7,https://claytonstatesports.com/sports/mbball/stats/2021-22?path=mbball,,walkerjordan|jordanwalker,matched_prior_d1_experience,1,jordanwalker,1,1,Jordan Walker,UAB,CUSA,2023,50468,bt_pid:50468,33,33.4545,22.3636,5.52869,71.0,/Users/adriankong/Desktop/TROP/trank_final_data_2023_with_pbp.csv,exact_name_team_season,1.0,146.0,Medium,"Walker, Jordan",UAB,Conference USA,4396656.0,5-11,Sr,s-PG,33.0,0.7174,0.7106,117.5146,0.3079,5.4098,4.5881,-0.4686,5.0567,exact_name_team_season,1.0,123.0,Jordan Walker,UAB,5.34,0.18,5.53,1986.0,5.61,-0.18,5.43,110.6,96.9,13.8,266.0,walker jordan,clayton state,2022.0,50468,2023.0,5.03964,3.21062,5.52869,6.9425,-1.41381,7.6879,7.60585,0.0820515,mid_major,78.0,28.571429,26.109661,21.428571,0.178571,0.555556,22.704339,5.451713,12.376891,4.828671,11.726773,4.078903,0.694277,4.0,1.75,4.25,6.0,1.25,2.25,0.5,1.75,0.0,0.0,1.557341,combined_exact,combined_player_database,archetype_exact_name_team_season,0.0,0.5447686521,0.6169519789,0.3830480211,0.0,0.0,0.178457625,0.5447686521,0.2767737229,0.0
1067,older_school_realgm,2021-22,2022,2022-23,2023,"Williams, Ross",Colorado Christian,,28,28.0,950.0,33.9,555,19.8,186,417.0,88,206.0,95,121.0,126,51,60,36,6,https://ccucougars.com/sports/mens-basketball/stats/2021-22,,williamsross|rosswilliams,matched,1,rosswilliams,1,0,Ross Williams,Texas A&M Corpus Chris,Slnd,2023,77189,bt_pid:77189,31,22.4412,9.8529,-0.470609,70.0,/Users/adriankong/Desktop/TROP/trank_final_data_2023_with_pbp.csv,unique_name_season,0.8333,1789.0,Low,"Williams, Ross",A&M-Corpus Christi,Southland Conference,4709017.0,5-10,Sr,WG,31.0,0.5729,0.5652,113.4999,0.1763,0.6046,0.2715,1.3702,-1.0987,unique_name_season,0.963,1743.0,Ross Williams,Texas A&M-Corpus Christi,1.46,-1.48,-0.02,1271.0,1.86,-1.38,0.48,104.5,105.3,-0.8,83.0,williams ross,colorado christian,2022.0,77189,2023.0,1.57152,1.50541,-0.470609,2.00306,-2.47367,0.644292,1.82102,-1.17673,mid_major,70.0,55.155875,59.012419,29.016787,0.494005,0.85,11.315631,12.860761,29.38299,2.489035,13.54461,0.752195,2.227048,23.368421,0.842105,4.463158,5.305263,2.147368,2.526316,1.515789,0.252632,0.427,0.785,11.502027,combined_exact,combined_player_database,archetype_exact_name_team_season,0.0,0.6713482026,1.0,0.0,0.6713482026,0.1400924341,0.0449226462,0.0,0.1436367172,0.0
1186,older_school_realgm,2021-22,2022,2022-23,2023,"Ormiston, Elijah",Concordia St Paul,,28,28.0,768.0,27.4,472,16.9,189,352.0,17,59.0,77,114.0,177,27,67,22,5,https://cspbears.com/sports/mens-basketball/stats/2021-22,,ormistonelijah|elijahormiston,matched,1,elijahormiston,1,0,Elijah Ormiston,South Alabama,SB,2023,77059,bt_pid:77059,16,7.6111,2.6667,2.33271,80.0,/Users/adriankong/Desktop/TROP/trank_final_data_2023_with_pbp.csv,unmatched,,,,,,,,,,,,,,,,,,,,unmatched,,,,,,,,,,,,,,,,ormiston elijah,concordia state paul,2022.0,77059,2023.0,0.661423,0.711555,2.33271,2.29218,0.0405331,0.790443,-0.156264,0.946706,mid_major,80.0,56.107955,58.683111,32.386364,0.167614,0.402985,14.280842,8.989658,31.81167,8.225925,18.693434,0.581563,1.62561,24.583333,2.760417,6.458333,9.21875,1.40625,3.489583,1.145833,0.260417,0.288,0.675,4.015095,combined_exact,combined_player_database,archetype_exact_name_team_season,0.0,0.7005759533,1.0,0.0,0.0773801586,0.7005759533,0.1050349397,0.0,0.1170089483,0.0
1294,older_school_realgm,2022-23,2023,2023-24,2024,"White, Jalen",Dallas Baptist,,31,31.0,672.0,21.7,186,6.0,63,125.0,44,88.0,16,22.0,140,25,28,30,17,https://dbupatriots.com/sports/mens-basketball/stats/2022-23,,whitejalen|jalenwhite,matched_prior_d1_experience,1,jalenwhite,1,2,Jalen White,Nicholls St.,Slnd,2024,72524,bt_pid:72524,28,25.6452,6.871,-0.750787,76.0,/Users/adriankong/Desktop/TROP/trank_final_data_2024_with_pbp.csv,exact_name_team_season,1.0,2654.0,Low,"White, Jalen",Nicholls,Southland Conference,4703532.0,6-4,Sr,WG,29.0,0.5421,0.5419,119.0425,0.1143,0.6451,-0.8154,3.1158,-3.9312,exact_name_team_season,1.0,2428.0,Jalen White,Nicholls State,0.57,-2.11,-1.54,1190.0,0.9,-1.5,-0.6,99.1,110.2,-11.1,-125.0,white jalen,dallas baptist,2023.0,72524,2024.0,1.48327,1.23636,-0.750787,1.5294,-2.28018,-0.569383,0.755527,-1.32491,mid_major,77.0,68.0,69.052569,17.6,0.704,0.892857,17.211704,6.806485,13.06008,7.75,18.4148,3.210752,2.678139,11.071429,2.5,5.833333,8.333333,1.488095,1.666667,1.785714,1.011905,0.5,0.727,7.06471,combined_exact,combined_player_database,archetype_exact_name_team_season,0.0,0.4971784793,0.6832925605,0.3167074395,0.3512885843,0.0,0.1515329364,0.4971784793,0.0,0.0
1364,older_school_realgm,2022-23,2023,2023-24,2024,"Bell, Wyatt",Delta State,,24,10.0,601.0,25.0,137,5.7,46,132.0,27,80.0,18,25.0,43,35,23,20,1,https://gostatesmen.com/sports/mens-basketball/stats/2022-23,,bellwyatt|wyattbell,matched_prior_d1_experience,1,wyattbell,1,1,Wyatt Bell,Air Force,MWC,2024,77625,bt_pid:77625,1,1.0,0.0,-35.9704,73.0,/Users/adriankong/Desktop/TROP/trank_final_data_2024_with_pbp.csv,unmatched,,,,,,,,,,,,,,,,,,,,unmatched,,,,,,,,,,,,,,,,bell wyatt,delta state,2023.0,77625,2024.0,,,,,,,,,mid_major,72.0,45.075758,47.902098,18.939394,0.606061,1.521739,13.855422,11.613748,15.302056,3.1198,6.595069,0.191111,2.114938,9.118136,0.998336,1.863561,2.861897,2.329451,1.530782,1.331115,0.066556,0.338,0.72,7.353677,combined_exact,combined_player_database,archetype_exact_name_team_season,0.0,0.5738990431,0.6833809392,0.3166190608,0.2140409026,0.0,0.0,0.0,0.5738990431,0.2120600543
1397,older_school_realgm,2021-22,2022,2022-23,2023,"Oke, Laolu",Denver Metropolitan,,29,29.0,880.0,30.3,411,14.2,170,258.0,0,1.0,71,108.0,337,49,52,47,23,https://roadrunnersathletics.com/sports/mens-basketball/stats/2021-22,,okelaolu|laoluoke,matched,1,laoluoke,1,0,Laolu Oke,Montana,BSky,2023,76273,bt_pid:76273,29,9.0333,1.7,2.72518,80.0,/Users/adriankong/Desktop/TROP/trank_final_data_2023_with_pbp.csv,unmatched,,,,,,,,,,,,,,,,,,,,unmatched,,,,,,,,,,,,,,,,oke laolu,denver metropolitan,2022.0,76273,2023.0,0.606222,0.879323,2.72518,0.928313,1.79687,-0.200326,-1.37571,1.17538,mid_major,80.0,65.891473,67.262372,41.860465,0.003876,0.942308,14.544641,11.263145,20.388891,14.638877,30.298735,3.253084,3.044526,18.681818,5.227273,10.090909,15.318182,2.227273,2.363636,2.136364,1.045455,0.0,0.657,0.057029,combined_exact,combined_player_database,archetype_exact_name_team_season,0.0,0.771592651,1.0,0.0,0.0,0.771592651,0.0,0.228407349,0.0,0.0
1399,older_school_realgm,2021-22,2022,2022-23,2023,"Gibson, Miles",Denver Metropolitan,,29,22.0,766.0,26.4,379,13.1,147,349.0,17,51.0,68,84.0,167,23,45,23,21,https://roadrunnersathletics.com/sports/mens-basketball/stats/2021-22,,gibsonmiles|milesgibson,matched,1,milesgibson,1,0,Miles Gibson,Binghamton,AE,2023,70776,bt_pid:70776,29,31.0968,11.2581,-2.80529,78.0,/Users/adriankong/Desktop/TROP/trank_final_data_2023_with_pbp.csv,exact_name_team_season,1.0,2542.0,Low,"Gibson, Miles",Binghamton,America East Conference,5106654.0,6-6,Sr,WF,29.0,0.7813,0.7786,100.7147,0.2127,-1.3797,-1.8893,1.6468,-3.5361,exact_name_team_season,1.0,2496.0,Miles Gibson,Binghamton,-0.79,-1.01,-1.8,1546.0,-0.29,-0.16,-0.46,95.9,107.0,-11.0,-114.0,gibson miles,denver metropolitan,2022.0,70776,2023.0,1.2109,2.02526,-2.80529,-1.50031,-1.30498,-2.29393,-1.00712,-1.28681,mid_major,78.0,44.555874,49.098352,24.068768,0.146132,0.511111,10.441804,6.057955,28.234762,5.410851,20.383031,3.412248,1.711605,19.791123,1.932115,6.788512,8.720627,1.201044,2.349869,1.201044,1.096606,0.333,0.81,3.341314,combined_exact,combined_player_database,archetype_exact_name_team_season,0.0,0.4861029214,1.0,0.0,0.1161600205,0.4861029214,0.0651244987,0.1584303337,0.1741822257,0.0
1460,older_school_realgm,2022-23,2023,2023-24,2024,"Lewis, Trey",Drury,,25,10.0,603.0,24.1,156,6.2,50,135.0,24,77.0,32,38.0,61,62,42,14,0,https://drurypanthers.com/sports/mens-basketball/stats/2022-23,,lewistrey|treylewis,matched,1,treylewis,1,0,Trey Lewis,Loyola Chicago,A10,2024,76879,bt_pid:76879,9,5.2,1.8,-10.8521,78.0,/Users/adriankong/Desktop/TROP/trank_final_data_2024_with_pbp.csv,unmatched,,,,,,,,,,,,,,,,,,,,unmatched,,,,,,,,,,,,,,,,lewis trey,drury,2023.0,76879,2024.0,-0.425093,0.395288,-10.8521,-8.56886,-2.28324,-14.403,-9.91559,-4.48741,mid_major,71.0,45.925926,51.410493,28.148148,0.57037,1.47619,21.680776,18.9443,17.017504,1.583074,11.299211,0.0,1.348203,10.348259,0.53068,3.515755,4.046434,4.112769,2.78607,0.92869,0.0,0.312,0.842,6.764861,combined_exact,combined_player_database,archetype_exact_name_team_season,0.0,0.5571892681,0.9006760854,0.0993239146,0.0,0.0,0.3815261373,0.0,0.0612845946,0.5571892681
1516,older_school_realgm,2021-22,2022,2022-23,2023,"Ferguson, Jr., AJ",East Central,,29,21.0,821.0,28.3,323,11.1,110,219.0,23,64.0,80,103.0,106,48,60,24,15,https://ecutigers.com/sports/mens-basketball/stats/2021-22,,fergusonaj|ajferguson,matched,1,ajferguson,1,0,AJ Ferguson,Southern Illinois,MVC,2023,76053,bt_pid:76053,10,5.2727,1.3636,-0.882703,78.0,/Users/adriankong/Desktop/TROP/trank_final_data_2023_with_pbp.csv,unmatched,,,,,,,,,,,,,,,,,,,,unmatched,,,,,,,,,,,,,,,,ferguson jr aj,east central,2022.0,76053,2023.0,-0.131964,0.640814,-0.882703,-4.1724,3.2897,-1.64648,-4.80746,3.16098,mid_major,78.0,55.479452,61.100182,47.031963,0.292237,0.8,18.500247,11.386206,20.222817,2.865945,11.339941,1.781742,1.635214,15.736906,0.974421,4.190012,5.164434,2.338611,2.923264,1.169306,0.730816,0.359,0.777,3.990689,combined_exact,combined_player_database,archetype_exact_name_team_season,0.0,0.4446829116,0.8516492714,0.1483507286,0.0724272342,0.2615634367,0.0,0.0388146167,0.4446829116,0.1825118008
1551,older_school_realgm,2022-23,2023,2023-24,2024,"White, Errol",Eastern New Mexico,,29,27.0,779.0,26.9,307,10.6,115,213.0,2,8.0,75,122.0,241,30,51,42,21,https://goeasternathletics.com/sports/mens-basketball/stats/2022-23,,whiteerrol|errolwhite,matched,1,errolwhite,1,0,Errol White,Lamar,Slnd,2024,77911,bt_pid:77911,31,17.0312,4.9375,-2.90075,79.0,/Users/adriankong/Desktop/TROP/trank_final_data_2024_with_pbp.csv,exact_name_team_season,1.0,1907.0,Low,"White, Errol",Lamar University,Southland Conference,5176637.0,6-7,Jr,PF/C,31.0,0.4061,0.4188,102.2072,0.1625,-1.5288,-1.1818,0.2168,-1.3986,exact_name_team_season,1.0,1804.0,Errol White,Lamar,-0.59,0.42,-0.17,909.0,-1.19,-0.07,-1.26,101.4,105.6,-4.2,-3.0,white errol,eastern new mexico,2023.0,77911,2024.0,0.220365,1.45105,-2.90075,-3.07417,0.173423,-3.48753,-3.4348,-0.0527371,mid_major,79.0,54.460094,57.559622,57.276995,0.037559,0.588235,16.053891,7.523755,19.464345,13.510755,22.060571,3.366078,2.983348,15.7638,4.775353,7.599487,12.37484,1.540436,2.618742,2.156611,1.078306,0.25,0.615,0.48817,combined_exact,combined_player_database,archetype_exact_name_team_season,0.0,0.6788409236,0.9154617772,0.0845382228,0.0,0.6788409236,0.0,0.3211590764,0.0,0.0
1561,older_school_realgm,2021-22,2022,2022-23,2023,"Pullian, Kentrell",Eastern New Mexico,,24,19.0,698.0,29.1,288,12.0,101,243.0,37,118.0,49,66.0,124,78,78,26,6,https://goeasternathletics.com/sports/mens-basketball/stats/2021-22,,pulliankentrell|kentrellpullian,matched,1,kentrellpullian,1,0,Kentrell Pullian,Milwaukee,Horz,2023,77270,bt_pid:77270,31,26.0,10.6176,0.312487,72.0,/Users/adriankong/Desktop/TROP/trank_final_data_2023_with_pbp.csv,exact_name_team_season,1.0,2239.0,Medium,"Pullian, Kentrell",Milwaukee,Horizon League,5106770.0,6-0,So,CG,31.0,0.6516,0.6567,111.0876,0.2022,0.6327,-0.4106,1.9737,-2.3843,exact_name_team_season,1.0,1526.0,Kentrell Pullian,Milwaukee,1.21,-0.76,0.45,1498.0,1.86,-0.2,1.67,99.1,104.6,-5.5,-47.0,pullian kentrell,eastern new mexico,2022.0,77270,2023.0,1.89957,1.97177,0.312487,2.01629,-1.7038,0.352082,1.33562,-0.98354,mid_major,72.0,49.176955,52.933392,27.160494,0.485597,1.0,22.283168,23.838404,24.39547,6.151735,14.00434,1.02409,2.088304,16.504298,2.17765,4.928367,7.106017,4.469914,4.469914,1.489971,0.34384,0.314,0.742,8.223819,combined_exact,combined_player_database,archetype_exact_name_team_season,0.0,0.520696255,0.9132037711,0.0867962289,0.520696255,0.2216977196,0.0676535498,0.0,0.0,0.1899524756
1563,older_school_realgm,2021-22,2022,2022-23,2023,"Hess, Adam",Eastern New Mexico,,21,11.0,568.0,27.0,194,9.2,65,189.0,41,114.0,23,36.0,58,17,28,21,2,https://goeasternathletics.com/sports/mens-basketball/stats/2021-22,,hessadam|adamhess,matched,1,adamhess,1,0,Adam Hess,NJIT,AE,2023,67760,bt_pid:67760,28,27.9655,10.7241,-1.22093,76.0,/Users/adriankong/Desktop/TROP/trank_final_data_2023_with_pbp.csv,exact_name_team_season,1.0,1569.0,Low,"Hess, Adam",NJIT,America East Conference,4398418.0,6-6,So,WG,28.0,0.6668,0.6644,115.3658,0.1769,1.1096,0.1736,0.6309,-0.4573,exact_name_team_season,1.0,2002.0,Adam Hess,NJIT,0.69,-1.28,-0.59,1323.0,1.58,-1.04,0.54,96.6,107.1,-10.5,-97.0,hess adam,eastern new mexico,2022.0,67760,2023.0,1.83684,1.35726,-1.22093,1.24355,-2.46448,-1.10311,0.809799,-1.9129,mid_major,78.0,45.238095,47.354032,19.047619,0.603175,0.607143,12.025425,5.997492,19.941425,2.188335,9.405224,0.419492,2.072749,13.661972,0.774648,3.309859,4.084507,1.197183,1.971831,1.478873,0.140845,0.36,0.639,9.763453,combined_exact,combined_player_database,archetype_exact_name_team_season,0.0,0.5426976996,0.9727933965,0.0272066035,0.3501241209,0.0,0.1071781795,0.0,0.5426976996,0.0
1586,older_school_realgm,2021-22,2022,2022-23,2023,"Grafals, Gianfranco",Eckerd,,21,21.0,736.0,35.0,429,20.4,153,320.0,30,84.0,93,129.0,144,36,70,30,10,https://eckerdtritons.com/sports/mens-basketball/stats/2021-22,,grafalsgianfranco|gianfrancografals,matched,1,gianfrancografals,1,0,GianFranco Grafals,Southern Miss,SB,2023,76594,bt_pid:76594,9,2.5833,1.0,-1.88739,74.0,/Users/adriankong/Desktop/TROP/trank_final_data_2023_with_pbp.csv,unmatched,,,,,,,,,,,,,,,,,,,,unmatched,,,,,,,,,,,,,,,,grafals gianfranco,eckerd,2022.0,76594,2023.0,,,,,,,,,mid_major,77.0,52.5,56.932795,40.3125,0.2625,0.514286,15.668368,11.231318,30.273658,3.844214,19.291934,1.933686,2.356653,23.315217,1.358696,6.467391,7.826087,1.956522,3.804348,1.630435,0.543478,0.357,0.721,5.69025,combined_exact,combined_player_database,archetype_exact_name_team_season,0.0,0.5542107102,1.0,0.0,0.3605480695,0.5542107102,0.0,0.0,0.0852412203,0.0
1596,older_school_realgm,2022-23,2023,2023-24,2024,"Miller, Naim",Edinboro,,27,27.0,1016.0,37.6,446,16.5,144,410.0,62,177.0,96,123.0,92,69,95,26,5,https://gofightingscots.com/sports/mens-basketball/stats/2022-23?path=mbball,,millernaim|naimmiller,matched,1,naimmiller,1,0,Naim Miller,New Hampshire,AE,2024,70377,bt_pid:70377,29,24.7667,7.5,-4.60404,76.0,/Users/adriankong/Desktop/TROP/trank_final_data_2024_with_pbp.csv,exact_name_team_season,1.0,2621.0,Low,"Miller, Naim",New Hampshire,America East Conference,4433048.0,6-4,Sr,WG,29.0,0.61,0.6059,88.0734,0.1765,-3.4174,-2.7957,0.9453,-3.741,exact_name_team_season,1.0,2774.0,Naim Miller,New Hampshire,-1.26,-1.4,-2.66,1347.0,-1.4,-1.68,-3.08,97.9,103.5,-5.5,-36.0,miller naim,edinboro,2023.0,70377,2024.0,-0.146086,1.74491,-4.60404,-2.777,-1.82704,-4.68191,-2.95741,-1.72449,mid_major,76.0,42.682927,48.047919,30.0,0.431707,0.726316,16.990986,14.083169,26.139166,2.296588,7.573854,0.495782,1.418936,17.559055,0.866142,2.755906,3.622047,2.716535,3.740157,1.023622,0.19685,0.35,0.78,8.256812,combined_exact,combined_player_database,archetype_exact_name_team_season,0.0,0.4821682608,1.0,0.0,0.4821682608,0.051946325,0.0,0.0,0.4048249332,0.061060481
1624,older_school_realgm,2022-23,2023,2023-24,2024,"Kanyanga, Jonathan",Edward Waters,,25,20.0,656.0,26.2,169,6.8,72,123.0,0,0.0,25,53.0,203,17,25,15,99,https://ewutigerpride.com/sports/mens-basketball/stats/2022-23,,kanyangajonathan|jonathankanyanga,matched,1,jonathankanyanga,1,0,Jonathan Kanyanga,New Mexico St.,CUSA,2024,78086,bt_pid:78086,26,10.5333,1.6333,-3.06865,81.0,/Users/adriankong/Desktop/TROP/trank_final_data_2024_with_pbp.csv,unmatched,,,,,,,,,,,,,,,,,,,,unmatched,,,,,,,,,,,,,,,,kanyanga jonathan,edward waters,2023.0,78086,2024.0,-0.479395,0.839398,-3.06865,-5.96147,2.89283,-4.51942,-5.94234,1.42292,mid_major,81.0,58.536585,57.750137,43.089431,0.0,0.68,14.592575,4.998731,12.482325,7.308795,23.98112,13.060934,1.241426,10.304878,2.682927,9.695122,12.378049,1.036585,1.52439,0.914634,6.036585,0.0,0.472,0.0,combined_exact,combined_player_database,archetype_exact_name_team_season,0.0,0.8604032166,1.0,0.0,0.0,0.0,0.0,0.8604032166,0.0126227821,0.1269740013
1711,older_school_realgm,2022-23,2023,2023-24,2024,"Buom, Mayuom",Emporia State,,32,22.0,682.0,21.3,230,7.2,94,147.0,1,11.0,41,57.0,106,14,34,9,35,https://esuhornets.com/sports/mens-basketball/stats/2022-23,,buommayuom|mayuombuom,matched,1,mayuombuom,1,0,Mayuom Buom,South Dakota,Sum,2024,78607,bt_pid:78607,25,9.6786,3.1071,1.85563,82.0,/Users/adriankong/Desktop/TROP/trank_final_data_2024_with_pbp.csv,unmatched,,,,,,,,,,,,,,,,,,,,unmatched,,,,,,,,,,,,,,,,buom mayuom,emporia state,2023.0,78607,2024.0,0.97192,0.414166,1.85563,2.47193,-0.6163,1.5723,2.24072,-0.668419,mid_major,82.0,64.285714,66.829382,38.77551,0.07483,0.411765,16.498447,4.412023,16.38942,6.5601,11.594106,5.46675,0.801813,13.489736,2.111437,4.105572,6.217009,0.821114,1.994135,0.527859,2.052786,0.091,0.719,0.87333,combined_exact,combined_player_database,archetype_exact_name_team_season,0.0,0.5350517825,0.937651992,0.062348008,0.0,0.0,0.0,0.5350517825,0.3980179243,0.0669302932
1735,older_school_realgm,2022-23,2023,2023-24,2024,"Robinson, Jalen",Erskine,,28,14.0,581.0,20.8,165,5.9,58,154.0,14,49.0,35,42.0,65,24,48,31,2,https://erskinesports.com/sports/mens-basketball/stats/2022-23,,robinsonjalen|jalenrobinson,matched,1,jalenrobinson,1,0,Jalen Robinson,NJIT,AE,2024,77985,bt_pid:77985,6,2.5714,1.5714,-16.6634,69.0,/Users/adriankong/Desktop/TROP/trank_final_data_2024_with_pbp.csv,unmatched,,,,,,,,,,,,,,,,,,,,unmatched,,,,,,,,,,,,,,,,robinson jalen,erskine,2023.0,77985,2024.0,,,,,,,,,mid_major,74.0,42.207792,47.831633,27.272727,0.318182,0.5,21.770682,8.058282,17.840032,4.586013,6.961214,0.373086,2.846768,11.359725,1.858864,2.616179,4.475043,1.652324,3.304647,2.134251,0.137694,0.286,0.833,3.958384,combined_exact,combined_player_database,archetype_exact_name_team_season,0.0,0.5340251242,0.5904088082,0.4095911918,0.4218814175,0.0,0.0,0.0285886568,0.5340251242,0.0155048015
1751,older_school_realgm,2021-22,2022,2022-23,2023,"Miller, Jalen",Erskine,,23,1.0,306.0,13.3,127,5.5,40,95.0,25,62.0,22,32.0,31,16,22,17,2,https://erskinesports.com/sports/mens-basketball/stats/2021-22,,millerjalen|jalenmiller,matched_prior_d1_experience,1,jalenmiller,1,1,Jalen Miller,Rutgers,B10,2023,75373,bt_pid:75373,22,6.3182,0.7273,-1.97156,74.0,/Users/adriankong/Desktop/TROP/trank_final_data_2023_with_pbp.csv,unmatched,,,,,,,,,,,,,,,,,,,,unmatched,,,,,,,,,,,,,,,,miller jalen,erskine,2022.0,75373,2023.0,-0.198804,0.771348,-1.97156,-3.45427,1.48271,-3.9699,-6.08309,2.11319,power_4,73.0,55.263158,58.214155,33.684211,0.652632,0.727273,16.783644,10.182015,19.386649,3.126851,8.456818,0.662982,2.934473,16.601307,1.30719,2.745098,4.052288,2.091503,2.875817,2.222222,0.261438,0.403,0.688,9.179202,combined_exact,combined_player_database,archetype_exact_name_team_season,0.0,0.5928592655,0.5869961139,0.4130038861,0.5928592655,0.0,0.4071407345,0.0,0.0,0.0
1904,older_school_realgm,2021-22,2022,2022-23,2023,"Rhodes, Xavier",Florida Southern,,27,27.0,859.0,31.8,392,14.5,148,291.0,12,47.0,84,136.0,114,143,60,45,18,https://fscmocs.com/sports/mens-basketball/stats/2021-22,,rhodesxavier|xavierrhodes,matched,1,xavierrhodes,1,0,Xavier Rhodes,Northern Kentucky,Horz,2023,76164,bt_pid:76164,32,28.1471,7.6765,0.480882,73.0,/Users/adriankong/Desktop/TROP/trank_final_data_2023_with_pbp.csv,exact_name_team_season,1.0,420.0,Medium,"Rhodes, Xavier",Northern Ky.,Horizon League,5106777.0,6-1,Sr,PG,32.0,0.6746,0.6793,101.2374,0.2033,-1.1373,-1.0534,-4.1698,3.1164000000000005,exact_name_team_season,1.0,615.0,Xavier Rhodes,Northern Kentucky,0.17,2.52,2.69,1456.0,0.99,1.44,2.43,99.7,91.0,8.7,141.0,rhodes xavier,florida southern,2022.0,76164,2023.0,0.914589,2.85118,0.480882,-1.06312,1.544,0.732211,-1.96009,2.6923,mid_major,73.0,52.920962,55.865922,46.735395,0.161512,2.383333,14.604225,30.158827,22.390903,4.408939,9.570433,1.982853,2.762377,18.253783,1.722934,3.585565,5.308498,6.658906,2.793946,2.09546,0.838184,0.255,0.618,2.553975,combined_exact,combined_player_database,archetype_exact_name_team_season,0.0,0.8340412902,1.0,0.0,0.0,0.1659587098,0.0,0.0,0.0,0.8340412902
1916,older_school_realgm,2022-23,2023,2023-24,2024,"Houpt, Sean",Florida Tech,,28,28.0,1033.0,36.9,589,21.0,181,423.0,91,255.0,136,158.0,111,71,69,39,3,https://floridatechsports.com/sports/mens-basketball/stats/2022-23,,houptsean|seanhoupt,matched,1,seanhoupt,1,0,Sean Houpt,William & Mary,CAA,2024,71756,bt_pid:71756,23,25.0417,7.875,-5.11519,76.0,/Users/adriankong/Desktop/TROP/trank_final_data_2024_with_pbp.csv,exact_name_team_season,1.0,2297.0,Low,"Houpt, Sean",William & Mary,Colonial Athletic Association,4592676.0,6-4,Sr,WG,23.0,0.477,0.4643,99.6265,0.1597,-1.9415,-1.2082,1.2627,-2.4709,exact_name_team_season,1.0,2362.0,Sean Houpt,William & Mary,0.05,-1.41,-1.36,966.0,-0.73,-1.52,-2.24,100.4,110.8,-10.4,-28.0,houpt sean,florida tech,2023.0,71756,2024.0,0.279246,1.14635,-5.11519,-1.91629,-3.19889,-5.0323,-2.77954,-2.25276,mid_major,76.0,53.546099,59.794526,37.352246,0.602837,1.028986,12.288075,13.548187,26.032968,2.947955,8.794396,0.289746,2.105492,22.807357,1.045499,3.252662,4.298161,2.749274,2.67183,1.510165,0.116167,0.357,0.861,11.826558,combined_exact,combined_player_database,archetype_exact_name_team_season,0.0,0.6823508819,1.0,0.0,0.6823508819,0.0139973231,0.0,0.0,0.303651795,0.0
1963,older_school_realgm,2022-23,2023,2023-24,2024,"Kot, Akuel",Fort Lewis,,33,33.0,1085.0,32.9,801,24.3,249,482.0,77,196.0,226,267.0,105,42,62,39,12,https://goskyhawks.com/sports/mens-basketball/stats/2022-23,,kotakuel|akuelkot,matched,1,akuelkot,1,0,Akuel Kot,Wyoming,MWC,2024,78485,bt_pid:78485,30,34.0312,14.0312,-1.76351,74.0,/Users/adriankong/Desktop/TROP/trank_final_data_2024_with_pbp.csv,exact_name_team_season,1.0,1157.0,Medium,"Kot, Akuel",Wyoming,Mountain West Conference,5176282.0,6-2,Sr,CG,30.0,0.8453,0.8449,103.645,0.2212,0.0594,-0.0993,-0.6337,0.5344,exact_name_team_season,1.0,1324.0,Akuel Kot,Wyoming,1.2,-0.37,0.83,1737.0,0.77,-0.31,0.46,104.3,105.4,-1.1,-87.0,kot akuel,fort lewis,2023.0,78485,2024.0,2.02085,2.24809,-1.76351,0.328767,-2.09227,-1.54572,0.342538,-1.88825,mid_major,74.0,59.647303,66.8079,55.394191,0.406639,0.677419,9.372921,7.836098,30.489879,1.701524,9.522999,1.136115,1.990828,29.529954,0.589862,3.281106,3.870968,1.548387,2.285714,1.437788,0.442396,0.393,0.846,9.054137,combined_exact,combined_player_database,archetype_exact_name_team_season,0.0,0.4552581355,1.0,0.0,0.4552581355,0.2157165176,0.0,0.0,0.3290253469,0.0
1982,older_school_realgm,2022-23,2023,2023-24,2024,"Doucet, K.J.",Fort Valley State,,29,29.0,847.0,29.2,484,16.7,149,358.0,34,108.0,152,201.0,152,59,73,32,7,https://fvsusports.com/sports/mens-basketball/stats/2022-23,,doucetkj|kjdoucet,matched,1,kjdoucet,1,0,K.J. Doucet,Winthrop,BSth,2024,79123,bt_pid:79123,29,23.875,12.4062,-1.28961,79.0,/Users/adriankong/Desktop/TROP/trank_final_data_2024_with_pbp.csv,exact_name_team_season,1.0,1268.0,Low,"Doucet, K.J.",Winthrop,Big South Conference,4906969.0,6-7,Jr,S-PF,29.0,0.6134,0.5797,104.2827,0.2669,-0.3143,0.9523,0.6992,0.2531,exact_name_team_season,1.0,1478.0,K.J. Doucet,Winthrop,0.57,-0.09,0.48,1213.0,0.07,0.06,0.13,106.1,104.2,1.9,128.0,doucet k j,fort valley state,2023.0,79123,2024.0,1.63023,1.94125,-1.28961,0.120922,-1.41053,-1.26224,-0.119952,-1.14229,mid_major,79.0,46.368715,54.206612,56.145251,0.301676,0.808219,14.053596,18.173344,32.156336,6.033465,14.597927,0.944874,2.239264,22.857143,2.125148,5.053129,7.178276,2.786305,3.447462,1.511216,0.330579,0.315,0.756,6.691072,combined_exact,combined_player_database,archetype_exact_name_team_season,0.0,0.5250947888,1.0,0.0,0.4573919531,0.5250947888,0.0,0.0,0.0060228203,0.0114904378
2012,older_school_realgm,2022-23,2023,2023-24,2024,"Pierce, Jonah",Francis Marion,,26,23.0,703.0,27.0,375,14.4,159,258.0,0,2.0,57,100.0,248,46,66,12,35,https://fmupatriots.com/sports/mens-basketball/stats/2022-23,,piercejonah|jonahpierce,matched,1,jonahpierce,1,0,Jonah Pierce,Presbyterian,BSth,2024,78879,bt_pid:78879,30,18.5758,7.303,-2.22741,81.0,/Users/adriankong/Desktop/TROP/trank_final_data_2024_with_pbp.csv,exact_name_team_season,1.0,2352.0,Low,"Pierce, Jonah",Presbyterian,Big South Conference,5175673.0,6-10,So,C,30.0,0.4676,0.4628,109.4974,0.2074,0.1656,0.2858,2.9368,-2.651,exact_name_team_season,1.0,2596.0,Jonah Pierce,Presbyterian,-0.22,-1.83,-2.05,965.0,-0.51,-0.16,-0.66,102.1,115.8,-13.7,-68.0,pierce jonah,francis marion,2023.0,78879,2024.0,1.07003,1.3793,-2.22741,-1.98908,-0.238328,-1.57761,-0.506227,-1.07138,mid_major,80.0,61.627907,62.086093,38.75969,0.007752,0.69697,17.934783,11.824355,23.998137,12.321879,26.645131,5.124424,0.898212,21.337127,4.495021,9.615932,14.110953,2.617354,3.755334,0.682788,1.991465,0.0,0.57,0.130091,combined_exact,combined_player_database,archetype_exact_name_team_season,0.0,0.6050911877,1.0,0.0,0.0,0.6050911877,0.0,0.3949088123,0.0,0.0
2031,older_school_realgm,2021-22,2022,2022-23,2023,"Lee, Matthew",Francis Marion,,24,6.0,218.0,9.1,47,2.0,18,43.0,0,0.0,11,12.0,14,7,8,13,3,https://fmupatriots.com/sports/mens-basketball/stats/2021-22,,leematthew|matthewlee,matched_prior_d1_experience,1,matthewlee,1,1,Matthew Lee,Missouri St.,MVC,2023,70971,bt_pid:70971,1,19.0,5.0,-13.9558,72.0,/Users/adriankong/Desktop/TROP/trank_final_data_2023_with_pbp.csv,unmatched,,,,,,,,,,,,,,,,,,,,unmatched,,,,,,,,,,,,,,,,lee matthew,francis marion,2022.0,70971,2023.0,,,,,,,,,mid_major,74.0,41.860465,48.674399,27.906977,0.0,0.875,14.214641,5.020692,11.930192,1.999416,5.167982,1.506827,3.147317,8.623853,0.733945,1.834862,2.568807,1.284404,1.46789,2.385321,0.550459,0.0,0.917,0.0,combined_exact,combined_player_database,archetype_exact_name_team_season,0.0,0.5696944347,0.4693954982,0.5306045018,0.0,0.0,0.0,0.2557650874,0.5696944347,0.1745404779
2047,older_school_realgm,2021-22,2022,2022-23,2023,"Moore, Isaiah",Franklin Pierce,,27,27.0,962.0,35.6,609,22.6,250,498.0,46,136.0,63,89.0,132,145,72,33,15,https://fpuravens.com/sports/mens-basketball/stats/2021-22,,mooreisaiah|isaiahmoore,matched,1,isaiahmoore,1,0,Isaiah Moore,South Alabama,SB,2023,76799,bt_pid:76799,32,33.4706,18.8824,3.14687,73.0,/Users/adriankong/Desktop/TROP/trank_final_data_2023_with_pbp.csv,exact_name_team_season,1.0,474.0,Medium,"Moore, Isaiah",South Alabama,Sun Belt Conference,5106458.0,6-1,Sr,s-PG,32.0,0.8306,0.824,110.6604,0.3404,3.7209,2.46,-0.3617,2.8217,exact_name_team_season,1.0,479.0,Isaiah Moore,South Alabama,2.55,0.66,3.21,1825.0,2.34,0.42,2.76,104.7,96.7,8.0,132.0,moore isaiah,franklin pierce,2022.0,76799,2023.0,4.37639,3.25347,3.14687,2.92467,0.222197,4.22541,3.68035,0.545059,mid_major,71.0,54.819277,56.687021,17.871486,0.273092,2.013889,11.819555,32.948527,31.422552,2.850389,11.344617,1.574871,1.914957,25.322245,1.081081,4.407484,5.488565,6.029106,2.993763,1.372141,0.623701,0.338,0.708,7.00226,combined_exact,combined_player_database,archetype_exact_name_team_season,0.0,0.5121238388,1.0,0.0,0.5121238388,0.0584094063,0.0,0.0,0.0,0.4294667549
2084,older_school_realgm,2022-23,2023,2023-24,2024,"Murphy, Jason",Frostburg State,,28,27.0,801.0,28.6,446,15.9,190,320.0,1,3.0,65,118.0,247,16,70,13,44,https://frostburgsports.com/sports/mens-basketball/stats/2022-23?path=mbball,,murphyjason|jasonmurphy,matched,1,jasonmurphy,1,0,Jason Murphy,North Carolina A&T,CAA,2024,70761,bt_pid:70761,20,25.65,6.4,-4.73843,81.0,/Users/adriankong/Desktop/TROP/trank_final_data_2024_with_pbp.csv,unique_name_season,0.6667,1448.0,Low,"Murphy, Jason",N.C. A&T,Colonial Athletic Association,5174999.0,6-8,Jr,C,20.0,0.3933,0.3923,100.4928,0.1687,-1.5559,-0.7018,-0.454,-0.2477999999999999,exact_name_team_season,1.0,2315.0,Jason Murphy,North Carolina A&T,-1.23,-0.01,-1.23,860.0,-2.05,-0.22,-2.27,96.6,108.1,-11.5,-65.0,murphy jason,frostburg state,2023.0,70761,2024.0,0.264922,1.34729,-4.73843,-4.08236,-0.656076,-5.32894,-3.63242,-1.69651,mid_major,81.0,59.53125,59.959131,36.875,0.009375,0.228571,15.839971,4.108905,24.959005,14.587852,19.608713,5.743428,0.833014,22.27216,5.393258,6.941323,12.334582,0.799001,3.49563,0.649189,2.197253,0.333,0.551,0.16811,combined_exact,combined_player_database,archetype_exact_name_team_season,0.0,0.5356556516,1.0,0.0,0.0,0.4095168366,0.0,0.5356556516,0.0548275119,0.0
2121,older_school_realgm,2021-22,2022,2022-23,2023,"Paul, Lance-Amir",Gannon,,26,26.0,937.0,36.0,479,18.4,161,380.0,38,120.0,119,147.0,162,88,60,34,2,https://gannonsports.com/sports/mens-basketball/stats/2021-22,,paullanceamir|lanceamirpaul,matched,1,lanceamirpaul,1,0,Lance-Amir Paul,Nicholls St.,Slnd,2023,77588,bt_pid:77588,23,19.2692,6.9615,-5.33136,72.0,/Users/adriankong/Desktop/TROP/trank_final_data_2023_with_pbp.csv,exact_name_team_season,1.0,2479.0,Low,"Paul, Lance-Amir",Nicholls,Southland Conference,5108903.0,6-0,Jr,s-PG,23.0,0.4212,0.4145,98.8679,0.2166,-2.176,-1.7016,1.5898,-3.2914000000000003,exact_name_team_season,1.0,2342.0,Lance-Amir Paul,Nicholls State,-0.04,-1.37,-1.41,811.0,-0.66,-0.7,-1.36,96.9,108.1,-11.2,-38.0,paul lance amir,gannon,2022.0,77588,2023.0,0.460968,1.30087,-5.33136,-2.2697,-3.06166,-4.98518,-3.22242,-1.76276,mid_major,72.0,47.368421,53.858955,38.684211,0.315789,1.466667,11.888722,18.803233,26.650796,4.410211,14.36459,0.238884,2.067754,20.448239,1.579509,5.336179,6.915688,3.75667,2.561366,1.451441,0.085379,0.317,0.81,6.338961,combined_exact,combined_player_database,archetype_exact_name_team_season,0.0,0.3453085502,1.0,0.0,0.3453085502,0.3257362589,0.0,0.0,0.1136585183,0.2152966726
2216,older_school_realgm,2021-22,2022,2022-23,2023,"Williams JR., John",Glenville State,,28,28.0,1039.0,37.1,682,24.4,248,556.0,66,219.0,120,168.0,242,110,107,33,29,https://gstatepioneers.com/sports/mens-basketball/stats/2021-22,,williamsjohn|johnwilliams,matched,1,johnwilliams,1,0,John Williams Jr.,FIU,CUSA,2023,76357,bt_pid:76357,30,14.125,5.25,-5.01743,76.0,/Users/adriankong/Desktop/TROP/trank_final_data_2023_with_pbp.csv,exact_name_team_season,1.0,2469.0,Medium,"Williams Jr., John",FIU,Conference USA,5106871.0,6-4,Sr,WG,30.0,0.3626,0.3614,90.9969,0.2215,-3.1843,-2.6151,0.6512,-3.2663,unique_name_season,0.1667,2404.0,John Williams Jr.,Florida International,-1.1,-0.46,-1.56,786.0,-2.95,0.33,-2.62,95.4,105.4,-9.9,-50.0,williams jr john,glenville state,2022.0,76357,2023.0,0.0625803,1.22112,-5.01743,-4.01751,-0.99992,-4.9596,-3.75755,-1.20205,mid_major,76.0,50.539568,54.133858,30.215827,0.393885,1.028037,14.519894,19.279598,32.50525,4.624372,24.320557,2.688289,1.733301,26.256015,1.770934,7.545717,9.316651,4.234841,4.119346,1.270452,1.116458,0.301,0.714,9.643753,combined_exact,combined_player_database,archetype_exact_name_team_season,0.0,0.5141037972,1.0,0.0,0.4858962028,0.5141037972,0.0,0.0,0.0,0.0
2217,older_school_realgm,2021-22,2022,2022-23,2023,"Edwards, Nick",Glenville State,,11,11.0,383.0,34.8,188,17.1,65,153.0,19,48.0,39,53.0,67,87,30,28,3,https://gstatepioneers.com/sports/mens-basketball/stats/2021-22,,edwardsnick|nickedwards,matched,1,nickedwards,1,0,Nick Edwards,Valparaiso,MVC,2023,76087,bt_pid:76087,31,27.0625,7.625,-1.80712,73.0,/Users/adriankong/Desktop/TROP/trank_final_data_2023_with_pbp.csv,exact_name_team_season,1.0,2683.0,Low,"Edwards, Nick",Valparaiso,Missouri Valley Conference,5107868.0,6-1,Sr,s-PG,31.0,0.664,0.6595,93.1771,0.2264,-2.7062,-2.1534,2.1481,-4.3015,exact_name_team_season,1.0,1753.0,Nick Edwards,Valparaiso,0.27,-0.3,-0.04,1441.0,-0.22,1.22,1.0,96.5,108.3,-11.8,-122.0,edwards nick,glenville state,2022.0,76087,2023.0,0.242146,2.2734,-1.80712,-2.20999,0.402867,-2.70158,-3.00602,0.304443,mid_major,73.0,48.69281,53.31216,34.640523,0.313725,2.9,14.54052,36.749581,24.688305,3.545317,18.177241,0.754425,3.98965,19.634465,1.357702,5.639687,6.997389,9.086162,3.133159,2.924282,0.313316,0.396,0.736,5.73403,combined_exact,combined_player_database,archetype_exact_name_team_season,0.0,0.7029397867,1.0,0.0,0.169424782,0.1276354314,0.0,0.0,0.0,0.7029397867
2232,older_school_realgm,2022-23,2023,2023-24,2024,"Collins, Mekhi",Goldey Beacom,,25,23.0,696.0,27.8,152,6.1,52,107.0,1,8.0,47,71.0,87,63,34,34,2,https://gbcathletics.com/sports/mens-basketball/stats/2022-23,,collinsmekhi|mekhicollins,matched_prior_d1_experience,1,mekhicollins,1,1,Mekhi Collins,Nicholls St.,Slnd,2024,74798,bt_pid:74798,29,18.7097,4.0968,-0.618819,80.0,/Users/adriankong/Desktop/TROP/trank_final_data_2024_with_pbp.csv,exact_name_team_season,1.0,2197.0,Low,"Collins, Mekhi",Nicholls,Southland Conference,4897326.0,6-8,Jr,C,29.0,0.4141,0.4163,112.138,0.1202,-0.1837,0.2057,2.3657,-2.16,exact_name_team_season,1.0,2355.0,Mekhi Collins,Nicholls State,-0.79,-0.54,-1.33,923.0,-1.48,0.13,-1.35,102.0,110.6,-8.6,-48.0,collins mekhi,goldey beacom,2023.0,74798,2024.0,0.785057,1.38897,-0.618819,-1.06382,0.445,-2.3997,-2.03878,-0.36092,mid_major,72.0,49.065421,54.976852,66.35514,0.074766,1.852941,19.739898,14.786672,11.524819,4.632678,9.432232,0.311252,2.610616,8.735632,1.781609,3.218391,5.0,3.62069,1.954023,1.954023,0.114943,0.125,0.662,0.53232,combined_exact,combined_player_database,archetype_exact_name_team_season,0.0,0.7478878166,0.7458174212,0.2541825788,0.0,0.0,0.0,0.1608671876,0.0912449958,0.7478878166
2233,older_school_realgm,2022-23,2023,2023-24,2024,"Lewis, Trey",Goldey Beacom,,28,22.0,608.0,21.7,148,5.3,47,158.0,33,112.0,21,27.0,52,30,39,14,1,https://gbcathletics.com/sports/mens-basketball/stats/2022-23,,lewistrey|treylewis,matched,1,treylewis,1,0,Trey Lewis,Loyola Chicago,A10,2024,76879,bt_pid:76879,9,5.2,1.8,-10.8521,78.0,/Users/adriankong/Desktop/TROP/trank_final_data_2024_with_pbp.csv,unmatched,,,,,,,,,,,,,,,,,,,,unmatched,,,,,,,,,,,,,,,,lewis trey,goldey beacom,2023.0,76879,2024.0,-0.425093,0.395288,-10.8521,-8.56886,-2.28324,-14.403,-9.91559,-4.48741,mid_major,76.0,40.189873,43.56016,17.088608,0.708861,0.769231,18.671007,8.094652,15.99936,1.026425,8.869312,0.178151,1.230546,9.736842,0.394737,3.026316,3.421053,1.973684,2.565789,0.921053,0.065789,0.295,0.778,8.531122,combined_exact,combined_player_database,archetype_exact_name_team_season,0.0,0.5338925867,0.7381530908,0.2618469092,0.1748369949,0.0,0.2912704184,0.0,0.5338925867,0.0
2238,older_school_realgm,2021-22,2022,2022-23,2023,"Derry, Nazim",Goldey Beacom,,28,28.0,1022.0,36.5,564,20.1,194,428.0,100,238.0,76,102.0,109,62,60,60,2,https://gbcathletics.com/sports/mens-basketball/stats/2021-22,,derrynazim|nazimderry,matched,1,nazimderry,1,0,Nazim Derry,New Hampshire,AE,2023,77374,bt_pid:77374,23,16.08,5.12,-5.10278,74.0,/Users/adriankong/Desktop/TROP/trank_final_data_2023_with_pbp.csv,exact_name_team_season,1.0,2447.0,Low,"Derry, Nazim",New Hampshire,America East Conference,5107185.0,6-2,Sr,WG,23.0,0.3295,0.322,92.5552,0.1909,-2.8761,-0.8495,2.3568,-3.2062999999999997,exact_name_team_season,1.0,2587.0,Nazim Derry,New Hampshire,-0.11,-2.0,-2.11,612.0,-0.74,-1.53,-2.27,95.2,107.6,-12.4,-34.0,derry nazim,goldey beacom,2022.0,77374,2023.0,0.192291,0.993807,-5.10278,-2.07041,-3.03236,-4.29963,-2.02423,-2.2754,mid_major,74.0,57.009346,59.63458,23.831776,0.556075,1.033333,11.259571,12.821067,25.250461,2.922028,9.456973,0.229849,3.262803,22.074364,1.09589,3.170254,4.266145,2.426614,2.348337,2.348337,0.078278,0.42,0.745,11.284695,combined_exact,combined_player_database,archetype_exact_name_team_season,0.0,0.7988651076,0.9603743445,0.0396256555,0.7988651076,0.0,0.0,0.0,0.2011348924,0.0
2241,older_school_realgm,2021-22,2022,2022-23,2023,"Collins, Mekhi",Goldey Beacom,,26,26.0,865.0,33.3,272,10.5,105,208.0,3,19.0,59,86.0,137,98,62,38,0,https://gbcathletics.com/sports/mens-basketball/stats/2021-22,,collinsmekhi|mekhicollins,matched_prior_d1_experience,1,mekhicollins,1,1,Mekhi Collins,Nicholls St.,Slnd,2023,74798,bt_pid:74798,17,11.3684,3.2105,-5.01351,80.0,/Users/adriankong/Desktop/TROP/trank_final_data_2023_with_pbp.csv,unmatched,,,,,,,,,,,,,,,,,,,,unmatched,,,,,,,,,,,,,,,,collins mekhi,goldey beacom,2022.0,74798,2023.0,-0.459004,0.907219,-5.01351,-6.53651,1.523,-6.68501,-6.85602,0.171007,mid_major,72.0,51.201923,55.320534,41.346154,0.091346,1.580645,20.140333,20.918307,17.234541,3.945583,14.48409,0.0,2.441507,12.578035,1.479769,4.855491,6.33526,4.531792,2.867052,1.757225,0.0,0.158,0.686,1.064391,combined_exact,combined_player_database,archetype_exact_name_team_season,0.0,0.6105230952,0.8911666938,0.1088333062,0.0,0.3011650893,0.0,0.0,0.0883118155,0.6105230952
2260,older_school_realgm,2022-23,2023,2023-24,2024,"Smith, Trevor",Grand Valley State,,30,14.0,588.0,19.6,176,5.9,62,127.0,16,45.0,36,47.0,42,66,27,29,2,https://gvsulakers.com/sports/mens-basketball/stats/2022-23,,smithtrevor|trevorsmith,matched,1,trevorsmith,1,0,Trevor Smith,Richmond,A10,2024,78457,bt_pid:78457,6,5.5,0.3333,-7.76476,72.0,/Users/adriankong/Desktop/TROP/trank_final_data_2024_with_pbp.csv,unmatched,,,,,,,,,,,,,,,,,,,,unmatched,,,,,,,,,,,,,,,,smith trevor,grand valley state,2023.0,78457,2024.0,-1.18759,0.592296,-7.76476,-9.92856,2.1638,-10.9214,-11.886,0.964663,mid_major,74.0,55.11811,59.588299,37.007874,0.354331,2.444444,15.456835,20.069244,15.225211,2.829436,5.720932,0.413586,2.900566,11.972789,0.952381,1.904762,2.857143,4.489796,1.836735,1.972789,0.136054,0.356,0.766,3.930688,combined_exact,combined_player_database,archetype_exact_name_team_season,0.0,0.9729909061,0.5859322629,0.4140677371,0.0,0.0,0.0,0.026116899,0.0008921949,0.9729909061
2316,older_school_realgm,2021-22,2022,2022-23,2023,"Washington, Andre",Henderson State,,8,4.0,172.0,21.5,55,6.9,20,35.0,0,0.0,15,24.0,37,4,13,5,3,https://hsusports.com/sports/mens-basketball/stats/2021-22,,washingtonandre|andrewashington,matched_prior_d1_experience,1,andrewashington,1,1,Andre Washington,LIU,NEC,2023,75580,bt_pid:75580,17,30.8333,11.5,-7.27367,71.0,/Users/adriankong/Desktop/TROP/trank_final_data_2023_with_pbp.csv,exact_name_team_season,1.0,2858.0,Low,"Washington, Andre",LIU,Northeast Conference,4897987.0,5-11,So,s-PG,17.0,0.4633,0.4642,86.706,0.2402,-4.9845,-4.2354,2.6423,-6.877700000000001,exact_name_team_season,1.0,2805.0,Andre Washington,Long Island,-1.86,-1.25,-3.11,821.0,-2.05,-0.33,-2.38,86.5,114.5,-28.0,-152.0,washington andre,henderson state,2022.0,75580,2023.0,-0.24548,0.774266,-7.27367,-3.32008,-3.95359,-8.68981,-5.49762,-3.19219,mid_major,79.0,57.142857,60.359965,68.571429,0.0,0.307692,22.199454,4.507602,17.196974,11.508702,12.918616,2.325581,1.691703,12.790698,4.186047,4.418605,8.604651,0.930233,3.023256,1.162791,0.697674,0.0,0.625,0.0,combined_exact,combined_player_database,archetype_exact_name_team_season,0.0,0.494682728,0.6403871526,0.3596128474,0.0,0.4188332347,0.0,0.494682728,0.0864840373,0.0
2322,older_school_realgm,2022-23,2023,2023-24,2024,"Gohlke, Jack",Hillsdale MI,,30,30.0,890.0,29.7,426,14.2,144,325.0,98,245.0,40,45.0,127,67,22,17,2,https://hillsdalechargers.com/sports/mens-basketball/stats/2022-23,,gohlkejack|jackgohlke,matched,1,jackgohlke,1,0,Jack Gohlke,Oakland,Horz,2024,78481,bt_pid:78481,36,31.5278,13.0556,2.02018,75.0,/Users/adriankong/Desktop/TROP/trank_final_data_2024_with_pbp.csv,exact_name_team_season,1.0,668.0,Medium,"Gohlke, Jack",Oakland,Horizon League,5177205.0,6-3,Sr,WG,36.0,0.7799,0.7641,117.6277,0.1678,1.3778,1.7891,-0.309,2.0981,exact_name_team_season,1.0,567.0,Jack Gohlke,Oakland,3.29,-0.25,3.04,1918.0,3.11,-0.27,2.84,109.2,102.6,6.7,135.0,gohlke jack,hillsdale mi,2023.0,78481,2024.0,2.72864,2.44013,2.02018,3.54873,-1.52855,2.97097,3.68384,-0.712869,mid_major,75.0,59.384615,61.774942,13.846154,0.753846,3.045455,5.997819,14.327167,22.958504,0.732966,16.788284,0.25833,1.174257,19.146067,0.224719,5.483146,5.707865,3.011236,0.988764,0.764045,0.089888,0.4,0.889,15.2882,combined_exact,combined_player_database,archetype_exact_name_team_season,0.0,0.9005488298,0.4636064367,0.5363935633,0.9005488298,0.0994511702,0.0,0.0,0.0,0.0
2332,older_school_realgm,2021-22,2022,2022-23,2023,"Cartier, Patrick",Hillsdale MI,,31,31.0,1009.0,32.5,681,22.0,266,403.0,21,48.0,128,171.0,188,74,72,27,18,https://hillsdalechargers.com/sports/mens-basketball/stats/2021-22,,cartierpatrick|patrickcartier,matched,1,patrickcartier,1,0,Patrick Cartier,Colorado St.,MWC,2023,77114,bt_pid:77114,32,22.1515,12.2727,1.78385,80.0,/Users/adriankong/Desktop/TROP/trank_final_data_2023_with_pbp.csv,exact_name_team_season,1.0,196.0,Medium,"Cartier, Patrick",Colorado St.,Mountain West Conference,5107564.0,6-8,Jr,WF,32.0,0.5597,0.5328,118.1057,0.2402,4.6532,3.618,-0.8606,4.4786,exact_name_team_season,1.0,388.0,Patrick Cartier,Colorado State,3.34,0.36,3.69,1178.0,3.03,-0.07,2.96,109.5,100.6,8.9,108.0,cartier patrick,hillsdale mi,2022.0,77114,2023.0,3.07846,1.83488,1.78385,3.24478,-1.46093,3.61981,4.00313,-0.383316,mid_major,80.0,68.610422,71.198561,42.431762,0.119107,1.027778,13.085199,18.546852,30.437568,4.773298,16.631013,1.816353,1.624086,26.997027,1.427156,6.025768,7.452924,2.933598,2.854311,1.070367,0.713578,0.438,0.749,2.666422,combined_exact,combined_player_database,archetype_exact_name_team_season,0.0,0.5945327985,1.0,0.0,0.1805501824,0.5945327985,0.0,0.0,0.0814329078,0.1434841113
2377,older_school_realgm,2022-23,2023,2023-24,2024,"Jackson, Chandler",Illinois Springfield,,23,0.0,168.0,7.3,66,2.9,25,51.0,14,33.0,2,2.0,22,11,7,4,3,https://uisprairiestars.com/sports/mens-basketball/stats/2022-23,,jacksonchandler|chandlerjackson,matched_prior_d1_experience,1,chandlerjackson,1,1,Chandler Jackson,Florida St.,ACC,2024,76835,bt_pid:76835,31,14.5484,4.9355,2.34525,77.0,/Users/adriankong/Desktop/TROP/trank_final_data_2024_with_pbp.csv,exact_name_team_season,1.0,679.0,High,"Jackson, Chandler",Florida St.,Atlantic Coast Conference,4712843.0,6-5,So,CG,31.0,0.3443,0.3441,117.0005,0.1629,2.25,1.1125,-0.9572,2.0697,exact_name_team_season,1.0,677.0,Chandler Jackson,Florida State,1.77,0.84,2.6,806.0,1.37,0.81,2.18,107.1,99.6,7.5,7.0,jackson chandler,illinois springfield,2023.0,76835,2024.0,1.18866,1.49478,2.34525,2.01446,0.330796,2.85978,0.957376,1.9024,power_4,78.0,62.745098,63.608327,3.921569,0.647059,1.571429,11.888587,12.047178,18.532148,4.276941,11.803874,1.932734,1.398339,15.714286,1.428571,3.809524,5.238095,2.619048,1.666667,0.952381,0.714286,0.424,1.0,10.38276,combined_exact,combined_player_database,archetype_exact_name_team_season,0.0,0.5885940173,0.6858065498,0.3141934502,0.1213310666,0.0,0.5885940173,0.180371883,0.0,0.109703033
2394,older_school_realgm,2022-23,2023,2023-24,2024,"Sulaiman, Tomiwa",Indiana University of Pennsylvania,,34,34.0,1012.0,29.8,427,12.6,164,282.0,14,45.0,85,117.0,324,66,56,49,44,https://iupathletics.com/sports/mens-basketball/stats/2022-23,,sulaimantomiwa|tomiwasulaiman,matched,1,tomiwasulaiman,1,0,Tomiwa Sulaiman,Towson,CAA,2024,79347,bt_pid:79347,33,18.5294,5.7059,2.06007,78.0,/Users/adriankong/Desktop/TROP/trank_final_data_2024_with_pbp.csv,exact_name_team_season,1.0,515.0,Medium,"Sulaiman, Tomiwa",Towson,Colonial Athletic Association,5175147.0,6-6,Jr,WF,33.0,0.453,0.474,118.616,0.1685,1.4687,1.1566,-1.6298,2.7864,exact_name_team_season,1.0,558.0,Tomiwa Sulaiman,Towson,1.51,1.55,3.06,974.0,1.67,0.57,2.23,103.9,97.3,6.5,31.0,sulaiman tomiwa,indiana university of pennsylvania,2023.0,79347,2024.0,1.37547,1.99377,2.06007,0.872349,1.18772,2.32387,0.931776,1.39209,mid_major,78.0,60.638298,64.02183,41.489362,0.159574,1.178571,14.378145,13.325574,19.79771,14.970313,20.991261,4.749433,2.923903,16.87747,5.13834,7.667984,12.806324,2.608696,2.213439,1.936759,1.73913,0.311,0.726,2.295306,combined_exact,combined_player_database,archetype_exact_name_team_season,0.0,0.5259119959,0.9900830619,0.0099169381,0.0,0.5259119959,0.0,0.3326692049,0.0,0.1414187991
2404,older_school_realgm,2021-22,2022,2022-23,2023,"Foster, Armoni",Indiana University of Pennsylvania,,36,36.0,1335.0,37.1,642,17.8,211,522.0,49,188.0,171,227.0,177,234,129,54,18,https://iupathletics.com/sports/mens-basketball/stats/2021-22,,fosterarmoni|armonifoster,matched,1,armonifoster,1,0,Armoni Foster,Buffalo,MAC,2023,76318,bt_pid:76318,29,28.2258,8.3871,-5.16098,76.0,/Users/adriankong/Desktop/TROP/trank_final_data_2023_with_pbp.csv,exact_name_team_season,1.0,2013.0,Medium,"Foster, Armoni",Buffalo,Mid American Conference,5108760.0,6-4,Sr,s-PG,29.0,0.6954,0.6908,92.2508,0.2075,-2.6946,-1.8165,-0.12,-1.6965,exact_name_team_season,1.0,1793.0,Armoni Foster,Buffalo,0.16,-0.3,-0.14,1540.0,-0.74,-0.11,-0.86,101.0,103.2,-2.2,-28.0,foster armoni,indiana university of pennsylvania,2022.0,76318,2023.0,0.0791624,1.97301,-5.16098,-2.99984,-2.16114,-5.09507,-3.44892,-1.64616,mid_major,76.0,45.114943,51.617675,43.48659,0.360153,1.813953,17.179842,32.136879,27.823359,3.50781,10.723896,1.423441,2.314299,19.235955,1.198502,4.104869,5.303371,7.011236,3.865169,1.617978,0.539326,0.261,0.753,6.962867,combined_exact,combined_player_database,archetype_exact_name_team_season,0.0,0.5129022589,1.0,0.0,0.3904305986,0.0966671425,0.0,0.0,0.0,0.5129022589
2456,older_school_realgm,2022-23,2023,2023-24,2024,"Lewis, Varick",Jessup,,27,24.0,756.0,28.0,317,11.7,118,315.0,44,161.0,37,55.0,76,35,32,34,9,https://jessupathletics.com/sports/mens-basketball/stats?path=mbball,,lewisvarick|varicklewis,matched,1,varicklewis,1,0,Varick Lewis,Long Beach St.,BW,2024,79143,bt_pid:79143,28,5.9667,2.3333,-6.38212,74.0,/Users/adriankong/Desktop/TROP/trank_final_data_2024_with_pbp.csv,unmatched,,,,,,,,,,,,,,,,,,,,unmatched,,,,,,,,,,,,,,,,lewis varick,jessup,2023.0,79143,2024.0,-0.0145718,0.378783,-6.38212,-2.44899,-3.93313,-4.50484,-2.62573,-1.87911,mid_major,,44.444444,46.727594,17.460317,0.511111,1.09375,8.62069,9.34072,24.058314,2.756392,8.776599,1.364577,2.516804,16.772486772486772,,,4.021164021164021,1.8518518518518519,1.693121693121693,1.7989417989417988,0.47619047619047616,0.273,0.673,,alt_same_player_team_any_season,step26_height_class_advanced_export,archetype_same_player_team_any_season,0.0,0.6036200928,0.8887181547,0.1112818453,0.6036200928,0.0,0.0,0.0405539152,0.3558259921,0.0
2535,older_school_realgm,2022-23,2023,2023-24,2024,"Thomas, Antonio",Kentucky Wesleyan,,29,29.0,846.0,29.2,285,9.8,91,219.0,39,95.0,64,86.0,87,83,52,10,6,https://kwcpanthers.com/sports/mens-basketball/stats/2022-23?path=mbball,,thomasantonio|antoniothomas,matched,1,antoniothomas,1,0,Antonio Thomas,Evansville,MVC,2024,70779,bt_pid:70779,34,25.3714,7.4857,-3.1004,74.0,/Users/adriankong/Desktop/TROP/trank_final_data_2024_with_pbp.csv,exact_name_team_season,1.0,2450.0,Medium,"Thomas, Antonio",Evansville,Missouri Valley Conference,4433102.0,6-2,Sr,CG,34.0,0.6342,0.6363,97.375,0.1804,-1.5619,-2.4372,0.5846,-3.0218,exact_name_team_season,1.0,2671.0,Antonio Thomas,Evansville,-1.44,-0.81,-2.26,1521.0,-0.74,-0.66,-1.4,95.0,104.6,-9.6,-162.0,thomas antonio,kentucky wesleyan,2023.0,70779,2024.0,0.502293,1.892,-3.1004,-2.17746,-0.92294,-3.35839,-2.73318,-0.625207,mid_major,74.0,50.456621,55.482012,39.269406,0.43379,1.596154,16.837197,17.154213,18.900081,0.969054,10.378827,0.790274,0.702819,13.475177,0.330969,3.782506,4.113475,3.92435,2.458629,0.472813,0.283688,0.411,0.744,5.855217,combined_exact,combined_player_database,archetype_exact_name_team_season,0.0,0.4476441206,1.0,0.0,0.0,0.0512519646,0.1058680409,0.0,0.3952358739,0.4476441206
2672,older_school_realgm,2022-23,2023,2023-24,2024,"Willingham, Jayce",Lee University,,28,28.0,814.0,29.1,449,16.0,169,345.0,23,75.0,88,109.0,115,23,40,18,15,https://leeuflames.com/sports/mens-basketball/stats/2022-23,,willinghamjayce|jaycewillingham,matched,1,jaycewillingham,1,0,Jayce Willingham,Belmont,MVC,2024,79348,bt_pid:79348,32,26.5152,8.0303,2.8652,77.0,/Users/adriankong/Desktop/TROP/trank_final_data_2024_with_pbp.csv,exact_name_team_season,1.0,464.0,Medium,"Willingham, Jayce",Belmont,Missouri Valley Conference,4711184.0,6-5,Sr,WG,32.0,0.663,0.6662,113.6307,0.1432,0.7232,1.074,-1.9982,3.0722,exact_name_team_season,1.0,712.0,Jayce Willingham,Belmont,1.36,1.13,2.5,1542.0,1.17,0.49,1.66,107.9,98.7,9.2,123.0,willingham jayce,lee,2023.0,79348,2024.0,1.6912,2.40897,2.8652,1.45466,1.41054,1.49857,0.801916,0.696649,mid_major,77.0,52.318841,57.130497,31.594203,0.217391,0.575,9.238729,6.231299,28.365292,3.458725,13.067125,1.931642,1.321011,22.063882,1.081081,4.570025,5.651106,1.130221,1.965602,0.884521,0.737101,0.307,0.807,4.907772,combined_exact,combined_player_database,archetype_exact_name_team_season,0.0,0.4779263574,1.0,0.0,0.1228922465,0.3991813961,0.0,0.0,0.4779263574,0.0
2673,older_school_realgm,2022-23,2023,2023-24,2024,"Smith, PJay",Lee University,,28,28.0,946.0,33.8,442,15.8,142,328.0,82,183.0,76,91.0,166,106,58,47,3,https://leeuflames.com/sports/mens-basketball/stats/2022-23,,smithpjay|pjaysmith,matched,1,pjaysmith,1,0,PJay Smith Jr,Furman,SC,2024,78789,bt_pid:78789,30,28.7576,9.9697,1.53578,72.0,/Users/adriankong/Desktop/TROP/trank_final_data_2024_with_pbp.csv,exact_name_team_season,1.0,1501.0,Low,"Smith, PJay",Furman,Southern Conference,5176132.0,6-0,Jr,CG,29.0,0.6947,0.6936,109.7215,0.1637,0.1023,0.52,0.8797,-0.3597,exact_name_team_season,1.0,1023.0,PJay Smith,Furman,1.94,-0.35,1.6,1505.0,2.06,-0.01,2.06,107.8,106.5,1.2,40.0,smith pjay,lee,2023.0,78789,2024.0,1.63771,2.1959,1.53578,1.97382,-0.438042,1.24015,1.15039,0.0897611,mid_major,72.0,55.792683,60.047821,27.743902,0.557927,1.827586,13.613745,21.929616,24.017241,3.652501,16.805257,0.332422,2.968008,18.689218,1.141649,5.877378,7.019027,4.48203,2.452431,1.987315,0.12685,0.448,0.835,10.304038,combined_exact,combined_player_database,archetype_exact_name_team_season,0.0,0.6436796767,0.8590018876,0.1409981124,0.6436796767,0.2043135702,0.0,0.0,0.0,0.152006753
2680,older_school_realgm,2022-23,2023,2023-24,2024,"Page, Jalen",Lee University,,24,0.0,238.0,9.9,70,2.9,23,65.0,15,45.0,9,12.0,35,17,20,9,1,https://leeuflames.com/sports/mens-basketball/stats/2022-23,,pagejalen|jalenpage,matched_prior_d1_experience,1,jalenpage,1,1,Jalen Page,Northern Colorado,BSky,2024,72937,bt_pid:72937,3,4.0,0.0,-14.2351,77.0,/Users/adriankong/Desktop/TROP/trank_final_data_2024_with_pbp.csv,unmatched,,,,,,,,,,,,,,,,,,,,unmatched,,,,,,,,,,,,,,,,page jalen,lee,2023.0,72937,2024.0,,,,,,,,,mid_major,76.0,46.923077,49.800797,18.461538,0.692308,0.85,22.153301,12.655142,20.229189,3.763906,13.455585,0.440436,2.25904,11.764706,1.176471,4.705882,5.882353,2.857143,3.361345,1.512605,0.168067,0.333,0.75,10.071242,combined_exact,combined_player_database,archetype_exact_name_team_season,0.0,0.5362071271,0.6332453776,0.3667546224,0.4637928729,0.0,0.5362071271,0.0,0.0,0.0
2692,older_school_realgm,2021-22,2022,2022-23,2023,"Page, Jalen",Lee University,,26,0.0,258.0,9.9,100,3.8,36,78.0,12,38.0,16,18.0,34,13,13,14,5,https://leeuflames.com/sports/mens-basketball/stats/2021-22,,pagejalen|jalenpage,matched,1,jalenpage,1,0,Jalen Page,Northern Colorado,BSky,2023,72937,bt_pid:72937,4,2.5,0.75,-2.2655,77.0,/Users/adriankong/Desktop/TROP/trank_final_data_2023_with_pbp.csv,unmatched,,,,,,,,,,,,,,,,,,,,unmatched,,,,,,,,,,,,,,,,page jalen,lee,2022.0,72937,2023.0,,,,,,,,,mid_major,76.0,53.846154,58.193669,23.076923,0.487179,1.0,13.141933,9.640103,19.962291,3.829168,11.359929,1.914164,3.199838,15.503876,1.24031,4.031008,5.271318,2.015504,2.015504,2.170543,0.775194,0.316,0.889,7.654829,combined_exact,combined_player_database,archetype_exact_name_team_season,0.0,0.5650013013,0.6129022664,0.3870977336,0.5650013013,0.0,0.1681882141,0.2668104846,0.0,0.0
2694,older_school_realgm,2022-23,2023,2023-24,2024,"Stewart, Jaylin",Lees-McRae,,29,11.0,601.0,20.7,334,11.5,139,242.0,7,26.0,49,82.0,68,63,49,37,3,https://lmcbobcats.com/sports/mbball/stats/2022-23,,stewartjaylin|jaylinstewart,matched,1,jaylinstewart,1,0,Jaylin Stewart,Connecticut,BE,2024,79182,bt_pid:79182,37,8.9189,2.4054,3.34177,79.0,/Users/adriankong/Desktop/TROP/trank_final_data_2024_with_pbp.csv,unmatched,,,,,,,,,,,,,,,,,,,,exact_name_team_season,1.0,1279.0,Jaylin Stewart,Connecticut,0.13,0.83,0.95,552.0,0.3,-0.4,-0.1,114.4,91.7,22.7,116.0,stewart jaylin,lees mcrae,2023.0,79182,2024.0,0.565597,1.07861,3.34177,2.12937,1.21239,1.01027,-0.0192402,1.02951,mid_major,75.0,58.884298,60.054661,33.884298,0.107438,1.285714,14.981044,19.464487,24.948723,1.479016,10.547085,0.537138,3.171883,22.229617,0.532446,3.993344,4.52579,4.193012,3.261231,2.462562,0.199667,0.269,0.598,1.978596,combined_exact,combined_player_database,archetype_exact_name_team_season,0.0,0.4684237719,0.880982677,0.119017323,0.2405918042,0.204528818,0.0,0.0,0.0864556058,0.4684237719
2710,older_school_realgm,2021-22,2022,2022-23,2023,"Hairston, Jamarius",Lees-McRae,,8,7.0,171.0,21.4,86,10.8,27,70.0,14,40.0,18,23.0,10,11,13,8,1,https://lmcbobcats.com/sports/mbball/stats/2021-22,,hairstonjamarius|jamariushairston,matched,1,jamariushairston,1,0,Jamarius Hairston,East Tennessee St.,SC,2023,76987,bt_pid:76987,23,18.04,4.88,-1.86965,77.0,/Users/adriankong/Desktop/TROP/trank_final_data_2023_with_pbp.csv,exact_name_team_season,1.0,2237.0,Low,"Hairston, Jamarius",ETSU,Southern Conference,4906717.0,6-4,Sr,WG,23.0,0.3682,0.3624,104.1423,0.1346,-0.9242,-1.1592,1.2151,-2.3743,exact_name_team_season,1.0,2376.0,Jamarius Hairston,East Tennessee State,-0.29,-1.2,-1.49,732.0,-0.13,-0.84,-0.97,97.2,105.1,-7.9,-33.0,hairston jamarius,lees mcrae,2022.0,76987,2023.0,0.576657,1.38171,-1.86965,-0.00520756,-1.86444,-1.44435,-0.251437,-1.19291,mid_major,77.0,48.571429,53.669496,32.857143,0.571429,0.846154,13.960481,10.876023,24.478872,1.869954,4.139762,0.553442,2.3756,20.116959,0.701754,1.637427,2.339181,2.573099,3.040936,1.871345,0.233918,0.35,0.783,10.513154,combined_exact,combined_player_database,archetype_exact_name_team_season,0.0,0.5812696059,0.8626398884,0.1373601116,0.5812696059,0.0,0.1003399881,0.0,0.3183904061,0.0
2738,older_school_realgm,2021-22,2022,2022-23,2023,"Murray, Dwight",LeMoyne Owen College,,26,21.0,666.0,25.6,262,10.1,80,198.0,13,57.0,89,118.0,76,25,52,21,4,https://athletics.loc.edu/sports/mens-basketball/stats/2021-22,,murraydwight|dwightmurray,matched_prior_d1_experience,1,dwightmurray,1,1,Dwight Murray Jr.,Rider,MAAC,2023,66569,bt_pid:66569,28,36.5862,15.6552,0.714359,72.0,/Users/adriankong/Desktop/TROP/trank_final_data_2023_with_pbp.csv,exact_name_team_season,1.0,1206.0,Low,"Murray, Jr., Dwight",Rider,Metro Atlantic Athletic Conference,4398029.0,6-0,Sr,CG,28.0,0.8854,0.884,105.884,0.2412,0.2839,0.8135,0.304,0.5095000000000001,exact_name_team_season,1.0,800.0,"Dwight Murray, Jr.",Rider,2.27,-0.14,2.13,1701.0,1.89,-0.02,1.87,103.1,103.7,-0.6,44.0,murray dwight,lemoyne owen college,2022.0,66569,2023.0,2.70877,2.80715,0.714359,1.40125,-0.686888,1.82653,2.0677,-0.241162,mid_major,75.0,43.686869,52.416773,59.59596,0.287879,0.480769,17.223105,7.340707,22.218188,2.157368,10.810811,0.565025,1.71834,15.735736,0.720721,3.843844,4.564565,1.501502,3.123123,1.261261,0.24024,0.228,0.754,4.179882,combined_exact,combined_player_database,archetype_exact_name_team_season,0.0,0.525701379,0.7772581689,0.2227418311,0.11245237,0.361846251,0.0,0.0,0.525701379,0.0
2746,older_school_realgm,2022-23,2023,2023-24,2024,"Nesmith, TJ",Lenoir Rhyne,,24,18.0,635.0,26.5,400,16.7,159,265.0,1,16.0,81,105.0,126,13,57,9,36,https://lrbears.com/sports/mens-basketball/stats/2022-23,,nesmithtj|tjnesmith,matched,1,tjnesmith,1,0,TJ Nesmith,Radford,BSth,2024,78085,bt_pid:78085,5,16.0,8.8571,-5.14815,81.0,/Users/adriankong/Desktop/TROP/trank_final_data_2024_with_pbp.csv,unmatched,,,,,,,,,,,,,,,,,,,,unmatched,,,,,,,,,,,,,,,,nesmith tj,lenoir rhyne,2023.0,78085,2024.0,1.45979,1.26773,-5.14815,-2.45184,-2.69632,-2.0211,-0.949174,-1.07192,mid_major,81.0,60.188679,64.267352,39.622642,0.060377,0.22807,15.480717,5.257206,31.068882,8.392923,15.324659,7.036591,0.862646,25.19685,2.771654,5.165354,7.937008,0.818898,3.590551,0.566929,2.267717,0.063,0.771,1.350445,combined_exact,combined_player_database,archetype_exact_name_team_season,0.0,0.5503890102,1.0,0.0,0.2537014815,0.1693805309,0.0,0.5503890102,0.0265289774,0.0
2748,older_school_realgm,2022-23,2023,2023-24,2024,"Johnson, Jalen",Lenoir Rhyne,,23,19.0,654.0,28.4,275,12.0,99,224.0,43,113.0,34,56.0,79,111,62,36,4,https://lrbears.com/sports/mens-basketball/stats/2022-23,,johnsonjalen|jalenjohnson,matched_prior_d1_experience,1,jalenjohnson,1,1,Jalen Johnson,Grambling St.,SWAC,2024,71990,bt_pid:71990,33,21.1389,7.3333,-3.78889,80.0,/Users/adriankong/Desktop/TROP/trank_final_data_2024_with_pbp.csv,exact_name_team_season,1.0,1672.0,Low,"Johnson, Jalen",Grambling,Southwestern Athletic Conference,4594013.0,6-7,Jr,WF,33.0,0.5132,0.5055,98.8605,0.1968,-1.3209,-1.4131,-0.6163,-0.7968000000000001,exact_name_team_season,1.0,2383.0,Jalen Johnson,Grambling,-1.27,-0.14,-1.42,1118.0,-1.88,-0.9,-2.78,95.6,105.4,-9.9,-44.0,johnson jalen,lenoir rhyne,2023.0,71990,2024.0,0.447882,1.45837,-3.78889,-2.58722,-1.20167,-3.73803,-2.84791,-0.890115,mid_major,71.0,53.794643,55.300837,25.0,0.504464,1.790323,19.958795,34.748743,25.450434,0.926033,13.427794,0.759129,3.350337,16.819572,0.30581,4.525994,4.831804,6.788991,3.792049,2.201835,0.244648,0.381,0.607,9.260436,combined_exact,combined_player_database,archetype_exact_name_team_season,0.0,0.5657117399,1.0,0.0,0.5657117399,0.0,0.0,0.0,0.0,0.4342882601
2761,older_school_realgm,2021-22,2022,2022-23,2023,"Johnson, Jalen",Lenoir Rhyne,,26,23.0,774.0,29.8,323,12.4,103,261.0,46,126.0,71,78.0,79,107,50,30,3,https://lrbears.com/sports/mens-basketball/stats/2021-22,,johnsonjalen|jalenjohnson,matched_prior_d1_experience,1,jalenjohnson,1,3,Jalen Johnson,Milwaukee,Horz,2023,71990,bt_pid:71990,30,13.2424,6.4242,-2.60306,79.0,/Users/adriankong/Desktop/TROP/trank_final_data_2023_with_pbp.csv,exact_name_team_season,1.0,727.0,Medium,"Johnson, Jalen",Milwaukee,Horizon League,4594013.0,6-7,Jr,C,30.0,0.3167,0.3085,110.6583,0.229,1.1145,0.7542,-1.1446,1.8988,exact_name_team_season,1.0,1231.0,Jalen Johnson,Milwaukee,0.42,0.59,1.01,702.0,0.25,-0.22,0.03,102.2,99.7,2.5,65.0,johnson jalen,lenoir rhyne,2022.0,71990,2023.0,0.954012,1.0007,-2.60306,-1.45696,-1.14609,-0.589784,0.10896,-0.698744,mid_major,71.0,48.275862,54.686442,29.885057,0.482759,2.14,14.479324,25.90799,23.526699,1.742444,10.772536,0.463879,2.284306,16.692506,0.620155,3.462532,4.082687,5.529716,2.583979,1.550388,0.155039,0.365,0.91,8.555461,combined_exact,combined_player_database,archetype_exact_name_team_season,0.0,0.5049627602,0.8586261285,0.1413738715,0.5049627602,0.0061046231,0.0,0.0,0.0,0.4889326167
2784,older_school_realgm,2022-23,2023,2023-24,2024,"Williams, Elijah",Lewis,,20,0.0,132.0,6.6,31,1.6,11,22.0,3,5.0,6,8.0,35,3,3,1,0,https://lewisflyers.com/sports/mens-basketball/stats/2022-23,,williamselijah|elijahwilliams,matched,1,elijahwilliams,1,0,Elijah Williams,Howard,MEAC,2024,79313,bt_pid:79313,17,6.3333,1.5556,-6.11837,78.0,/Users/adriankong/Desktop/TROP/trank_final_data_2024_with_pbp.csv,unmatched,,,,,,,,,,,,,,,,,,,,unmatched,,,,,,,,,,,,,,,,williams elijah,lewis,2023.0,79313,2024.0,-0.0824663,0.347777,-6.11837,-4.44284,-1.67553,-6.94747,-5.20877,-1.7387,mid_major,77.0,56.818182,60.736677,36.363636,0.227273,1.0,10.518934,4.090981,11.957006,9.904343,23.412227,0.0,0.464601,9.393939,3.030303,7.575758,10.606061,0.909091,0.909091,0.30303,0.0,0.6,0.75,2.094674,combined_exact,combined_player_database,archetype_exact_name_team_season,0.0,0.5447807476,0.7189416632,0.2810583368,0.0,0.2630098374,0.192209415,0.5447807476,0.0,0.0
2797,older_school_realgm,2022-23,2023,2023-24,2024,"Stapleton, Artese",Lincoln,,26,26.0,892.0,34.3,449,17.3,160,359.0,40,103.0,89,129.0,123,88,59,36,7,https://lubluetigers.com/sports/mens-basketball/stats/2022-23,,stapletonartese|artesestapleton,matched,1,artesestapleton,1,0,Artese Stapleton,UMKC,Sum,2024,74928,bt_pid:74928,8,13.9,4.1,-8.32142,75.0,/Users/adriankong/Desktop/TROP/trank_final_data_2024_with_pbp.csv,unmatched,,,,,,,,,,,,,,,,,,,,unmatched,,,,,,,,,,,,,,,,stapleton artese,lincoln,2023.0,74928,2024.0,-0.0229451,1.05051,-8.32142,-5.97897,-2.34245,-5.08793,-2.92186,-2.16607,mid_major,74.0,50.139276,53.997499,35.933148,0.286908,1.491525,12.427332,22.564209,27.301567,3.538081,12.84703,0.886012,2.442941,20.134529,1.300448,4.215247,5.515695,3.946188,2.64574,1.61435,0.313901,0.388,0.69,5.921078,combined_exact,combined_player_database,archetype_exact_name_team_season,0.0,0.4101599044,1.0,0.0,0.4101599044,0.2527647,0.0,0.0,0.0230221564,0.3140532392
2798,older_school_realgm,2022-23,2023,2023-24,2024,"Witt, Sai",Lincoln,,20,19.0,590.0,29.5,269,13.5,91,198.0,9,26.0,78,121.0,151,24,49,18,13,https://lubluetigers.com/sports/mens-basketball/stats/2022-23,,wittsai|saiwitt,matched,1,saiwitt,1,0,Sai Witt,Austin Peay,ASun,2024,75569,bt_pid:75569,32,21.3824,12.5882,-4.43565,80.0,/Users/adriankong/Desktop/TROP/trank_final_data_2024_with_pbp.csv,exact_name_team_season,1.0,859.0,Low,"Witt, Sai",Austin Peay,ASUN Conference,4896962.0,6-8,Sr,C,32.0,0.5477,0.5245,115.7419,0.3251,2.7116,2.9057,1.5114,1.3943,exact_name_team_season,1.0,1311.0,Sai Witt,Austin Peay,1.68,-0.82,0.86,1152.0,1.44,-0.3,1.14,111.4,111.9,-0.5,99.0,witt sai,lincoln,2023.0,75569,2024.0,2.55427,1.29839,-4.43565,0.126147,-4.5618,-2.4594,1.49625,-3.95564,mid_major,80.0,48.232323,53.534469,61.111111,0.131313,0.489796,16.320277,8.79804,26.103265,9.407035,20.662731,2.487698,1.846698,18.237288,3.457627,6.779661,10.237288,1.627119,3.322034,1.220339,0.881356,0.346,0.645,2.259695,combined_exact,combined_player_database,archetype_exact_name_team_season,0.0,0.8053784687,0.953815455,0.046184545,0.0,0.8053784687,0.0,0.1034161249,0.0912054064,0.0
2853,older_school_realgm,2021-22,2022,2022-23,2023,"Blue, Zahrion",Lincoln PA,,28,28.0,1005.0,35.9,528,18.9,191,396.0,43,118.0,103,140.0,205,75,58,41,6,https://lulions.com/sports/mens-basketball/stats/2021-22,,bluezahrion|zahrionblue,matched,1,zahrionblue,1,0,Zahrion Blue,Rider,MAAC,2023,76413,bt_pid:76413,29,11.5333,2.7667,-2.40152,76.0,/Users/adriankong/Desktop/TROP/trank_final_data_2023_with_pbp.csv,exact_name_team_season,1.0,1462.0,Low,"Blue, Zahrion",Rider,Metro Atlantic Athletic Conference,4405283.0,6-4,Sr,WG,29.0,0.2805,0.285,114.989,0.1327,0.7246,0.4281,0.6027,-0.1746,exact_name_team_season,1.0,1968.0,Zahrion Blue,Rider,0.52,-1.05,-0.53,543.0,-0.42,-0.7,-1.12,102.4,106.7,-4.2,-8.0,blue zahrion,lincoln pa,2022.0,76413,2023.0,0.48528,0.853541,-2.40152,-0.405653,-1.99587,-1.62109,-0.658567,-0.962522,mid_major,76.0,53.661616,57.692308,35.353535,0.29798,1.293103,11.24903,15.582103,24.356863,6.105263,16.22069,0.661417,2.333903,21.014925,2.308458,5.850746,8.159204,2.985075,2.308458,1.631841,0.238806,0.364,0.736,5.548859,combined_exact,combined_player_database,archetype_exact_name_team_season,0.0,0.46624519,0.9668882024,0.0331117976,0.2498424117,0.46624519,0.0,0.0,0.1501996538,0.1337127445
2860,older_school_realgm,2021-22,2022,2022-23,2023,"Nunnally, Alex",Lincoln PA,,24,9.0,438.0,18.3,147,6.1,64,134.0,0,12.0,19,33.0,149,10,24,6,7,https://lulions.com/sports/mens-basketball/stats/2021-22,,nunnallyalex|alexnunnally,matched_prior_d1_experience,1,alexnunnally,1,1,Alex Nunnally,N.C. State,ACC,2023,75787,bt_pid:75787,10,1.5,0.0,-7.48152,74.0,/Users/adriankong/Desktop/TROP/trank_final_data_2023_with_pbp.csv,unmatched,,,,,,,,,,,,,,,,,,,,unmatched,,,,,,,,,,,,,,,,nunnally alex,lincoln pa,2022.0,75787,2023.0,,,,,,,,,power_4,80.0,47.761194,49.488284,24.626866,0.089552,0.416667,13.911431,4.366589,18.699924,14.491709,22.533774,1.770575,0.783686,13.424658,5.479452,8.127854,13.607306,0.913242,2.191781,0.547945,0.639269,0.0,0.576,1.294777,combined_exact,combined_player_database,archetype_exact_name_team_season,0.0,0.4163711357,1.0,0.0,0.0,0.380205021,0.11562626,0.4163711357,0.0877975833,0.0
2882,older_school_realgm,2021-22,2022,2022-23,2023,"Parker, O'Koye",Livingstone,,22,7.0,329.0,15.0,182,8.3,64,142.0,29,73.0,25,34.0,45,18,17,12,1,https://bluebearathletics.com/sports/mens-basketball/stats/2021-22,,parkerokoye|okoyeparker,matched,1,okoyeparker,1,0,O'Koye Parker,Delaware St.,MEAC,2023,77635,bt_pid:77635,24,12.2308,7.5,-9.04879,75.0,/Users/adriankong/Desktop/TROP/trank_final_data_2023_with_pbp.csv,exact_name_team_season,1.0,1821.0,Low,"Parker, O'Koye",Delaware St.,Mid-Eastern Athletic Conference,5113438.0,6-3,Sr,WG,25.0,0.3064,0.2946,93.4528,0.2824,-2.8837,-1.8056,-0.5872,-1.2184,exact_name_team_season,1.0,2486.0,O'Koye Parker,Delaware State,-0.44,-1.34,-1.78,558.0,-0.75,-1.37,-2.11,89.4,106.6,-17.2,-55.0,parker o koye,livingstone,2022.0,77635,2023.0,0.654418,0.498929,-9.04879,-2.23709,-6.8117,-3.09347,1.46683,-4.56031,mid_major,75.0,55.28169,57.976555,23.943662,0.514085,1.058824,9.772361,9.806933,24.554865,2.444299,12.963316,0.288887,1.927963,22.12766,0.851064,4.620061,5.471125,2.18845,2.066869,1.458967,0.121581,0.397,0.735,10.207308,combined_exact,combined_player_database,archetype_exact_name_team_season,0.0,0.4192537998,0.851948962,0.148051038,0.3215457828,0.2429359628,0.4192537998,0.0,0.0162644546,0.0
2925,older_school_realgm,2021-22,2022,2022-23,2023,"Muhammad, Aamer",Lubbock Christian,,28,28.0,905.0,32.3,431,15.4,161,325.0,48,133.0,61,75.0,132,76,55,39,10,https://lcuchaps.com/sports/mens-basketball/stats/2021-22,,muhammadaamer|aamermuhammad,matched,1,aamermuhammad,1,0,Aamer Muhammad,Troy,SB,2023,76334,bt_pid:76334,30,26.2121,10.2727,-1.75047,73.0,/Users/adriankong/Desktop/TROP/trank_final_data_2023_with_pbp.csv,exact_name_team_season,1.0,1205.0,Medium,"Muhammad, Aamer",Troy,Sun Belt Conference,5106446.0,6-1,Jr,s-PG,29.0,0.6599,0.6621,100.3401,0.2254,-0.6085,0.1979,-0.3122,0.5101,exact_name_team_season,1.0,840.0,Aamer Muhammad,Troy,1.57,0.45,2.02,1380.0,0.98,-0.38,0.59,104.4,97.1,7.3,90.0,muhammad aamer,lubbock christian,2022.0,76334,2023.0,1.26161,2.34605,-1.75047,-0.240546,-1.50992,-0.474076,-0.205268,-0.268808,mid_major,73.0,56.923077,60.195531,23.076923,0.409231,1.381818,13.317191,16.307763,25.918429,3.157064,13.642494,1.37034,2.65139,19.049724,0.883978,4.950276,5.834254,3.359116,2.430939,1.723757,0.441989,0.361,0.813,8.355451,combined_exact,combined_player_database,archetype_exact_name_team_season,0.0,0.5973229998,0.9148665865,0.0851334135,0.5973229998,0.2343054295,0.0,0.0,0.0814804261,0.0868911446
2935,older_school_realgm,2022-23,2023,2023-24,2024,"Myers, Bo",Malone,,29,27.0,981.0,33.8,536,18.5,192,371.0,75,177.0,77,103.0,233,60,44,16,9,https://malonepioneers.com/sports/mens-basketball/stats/2022-23,,myersbo|bomyers,matched,1,bomyers,1,0,Bo Myers,Wright St.,Horz,2024,78266,bt_pid:78266,8,3.5,2.0,6.80521,78.0,/Users/adriankong/Desktop/TROP/trank_final_data_2024_with_pbp.csv,unmatched,,,,,,,,,,,,,,,,,,,,unmatched,,,,,,,,,,,,,,,,myers bo,malone,2023.0,78266,2024.0,,,,,,,,,mid_major,76.0,61.859838,64.373559,27.762803,0.477089,1.363636,9.558568,11.009019,23.950194,5.388527,22.354953,1.036095,0.954931,21.85525,1.834862,7.665647,9.50051,2.446483,1.794088,0.652396,0.366972,0.424,0.748,9.218944,combined_exact,combined_player_database,archetype_exact_name_team_season,0.0,0.5870675708,0.8920942999,0.1079057001,0.1275688569,0.5870675708,0.2328631317,0.0,0.0525004406,0.0
2966,older_school_realgm,2021-22,2022,2022-23,2023,"Smith, Justice",Mansfield,,28,27.0,978.0,34.9,578,20.6,213,458.0,27,112.0,125,158.0,195,100,92,46,14,https://gomounties.com/sports/mens-basketball/stats/2021-22,,smithjustice|justicesmith,matched,1,justicesmith,1,0,Justice Smith,East Tennessee St.,SC,2023,75862,bt_pid:75862,30,21.2812,7.4062,-2.99169,78.0,/Users/adriankong/Desktop/TROP/trank_final_data_2023_with_pbp.csv,exact_name_team_season,1.0,2573.0,Low,"Smith, Justice",ETSU,Southern Conference,5107372.0,6-6,So,WG,30.0,0.5333,0.5358,96.9299,0.1977,-2.1455,-2.1194,1.5992,-3.7186,exact_name_team_season,1.0,2321.0,Justice Smith,East Tennessee State,-1.1,-0.25,-1.35,1078.0,-0.97,0.58,-0.38,96.1,105.3,-9.2,-59.0,smith justice,mansfield,2022.0,75862,2023.0,0.443055,1.84177,-2.99169,-2.73734,-0.254355,-1.64191,-1.91789,0.27598,mid_major,78.0,49.454148,54.784653,34.497817,0.244541,1.086957,14.850207,19.501581,28.601411,3.032899,18.093254,1.317112,2.399303,23.640082,1.226994,6.748466,7.97546,4.08998,3.762781,1.881391,0.572597,0.241,0.791,5.182193,combined_exact,combined_player_database,archetype_exact_name_team_season,0.0,0.4422751584,1.0,0.0,0.4226939617,0.4422751584,0.0,0.0,0.0,0.1350308798
2979,older_school_realgm,2022-23,2023,2023-24,2024,"Palacios, Ben",Maryville,,28,26.0,906.0,32.4,400,14.3,134,309.0,62,163.0,70,83.0,111,33,35,18,4,https://maryvillesaints.com/sports/mens-basketball/stats/2022-23,,palaciosben|benpalacios,matched,1,benpalacios,1,0,Ben Palacios,Boston University,Pat,2024,79290,bt_pid:79290,22,12.2174,3.3478,-8.23406,77.0,/Users/adriankong/Desktop/TROP/trank_final_data_2024_with_pbp.csv,unmatched,,,,,,,,,,,,,,,,,,,,unmatched,,,,,,,,,,,,,,,,palacios ben,maryville,2023.0,79290,2024.0,-0.314223,0.638752,-8.23406,-4.20123,-4.03283,-6.93376,-4.60228,-2.33148,mid_major,77.0,53.398058,57.883769,26.860841,0.527508,0.942857,9.19794,7.270431,21.701788,3.474248,10.899126,0.503231,1.165547,17.660044,1.192053,3.708609,4.900662,1.456954,1.545254,0.794702,0.1766,0.38,0.843,9.245177,combined_exact,combined_player_database,archetype_exact_name_team_season,0.0,0.5951116555,0.9734480039,0.0265519961,0.2528693147,0.1238395384,0.0281794913,0.0,0.5951116555,0.0
3005,older_school_realgm,2022-23,2023,2023-24,2024,"Smith Jr., Sean",Mercy College,,24,20.0,716.0,29.8,373,15.5,140,304.0,46,130.0,47,62.0,145,34,59,37,5,https://mercyathletics.com/sports/mens-basketball/stats/2022-23,,smithsean|seansmith,matched,1,seansmith,1,0,Sean Smith,Alabama St.,SWAC,2024,78804,bt_pid:78804,29,16.0,5.25,-5.76759,75.0,/Users/adriankong/Desktop/TROP/trank_final_data_2024_with_pbp.csv,exact_name_team_season,1.0,2196.0,Low,"Smith, Sean",Alabama St.,Southwestern Athletic Conference,5177533.0,6-3,Jr,CG,29.0,0.379,0.3787,83.7726,0.2349,-5.2482,-3.4944,-1.3384,-2.156,exact_name_team_season,1.0,2707.0,Sean Smith,Alabama State,-2.68,0.29,-2.39,772.0,-2.38,0.2,-2.18,88.3,102.3,-14.0,-64.0,smith jr sean,mercy college,2023.0,78804,2024.0,-0.384193,1.34609,-5.76759,-5.94542,0.17783,-4.3942,-4.89054,0.496331,mid_major,75.0,53.618421,56.296788,20.394737,0.427632,0.576271,15.117352,9.6793,24.836169,5.497165,15.526566,0.6732,2.713911,20.837989,2.234637,5.865922,8.100559,1.899441,3.296089,2.067039,0.27933,0.354,0.758,8.272784,combined_exact,combined_player_database,archetype_exact_name_team_season,0.0,0.4270659999,0.9819912068,0.0180087932,0.4270659999,0.3020395351,0.0758873286,0.001218198,0.1937889385,0.0
3090,older_school_realgm,2021-22,2022,2022-23,2023,"Miller, Brandon",Miles College,,27,27.0,861.0,31.9,266,9.9,90,199.0,45,103.0,41,50.0,118,127,58,44,0,https://milesgoldenbears.com/sports/mens-basketball/stats/2021-22,,millerbrandon|brandonmiller,matched,1,brandonmiller,1,0,Brandon Miller,Alabama,SEC,2023,76221,bt_pid:76221,37,32.6486,18.8108,9.82941,81.0,/Users/adriankong/Desktop/TROP/trank_final_data_2023_with_pbp.csv,exact_name_team_season,1.0,2.0,High,"Miller, Brandon",Alabama,Southeastern Conference,4433287.0,6-9,Fr,S-PF,37.0,0.806,0.7939,118.7322,0.254,5.8681,6.2398,-4.939,11.1788,exact_name_team_season,1.0,3.0,Brandon Miller,Alabama,5.25,4.09,9.34,2222.0,5.4,2.29,7.69,114.5,83.2,31.3,508.0,miller brandon,miles college,2022.0,76221,2023.0,4.9355,4.80091,9.82941,5.80565,4.02376,10.9622,7.33257,3.62961,power_4,72.0,56.532663,60.180995,25.125628,0.517588,2.189655,20.78853,26.62536,17.512506,2.057193,13.578935,0.0,3.10265,12.357724,0.650407,4.831591,5.481998,5.900116,2.694541,2.044135,0.0,0.437,0.82,6.446434,combined_exact,combined_player_database,archetype_exact_name_team_season,0.0,0.6956175508,0.8635515056,0.1364484944,0.3043824492,0.0,0.0,0.0,0.0,0.6956175508
3107,older_school_realgm,2022-23,2023,2023-24,2024,"Tchilombo, Cesar",Millersville University,,29,27.0,697.0,24.0,90,0.656,191,6.6,104,0.635,1,0.0,249,24,33,23,41,https://millersvilleathletics.com/sports/mens-basketball/stats/2025,,tchilombocesar|cesartchilombo,matched,1,cesartchilombo,1,0,Cesar Tchilombo,Northern Kentucky,Horz,2024,76613,bt_pid:76613,23,4.0,0.5417,-9.16818,81.0,/Users/adriankong/Desktop/TROP/trank_final_data_2024_with_pbp.csv,unmatched,,,,,,,,,,,,,,,,,,,,unmatched,,,,,,,,,,,,,,,,tchilombo cesar,millersville,2023.0,76613,2024.0,,,,,,,,,mid_major,,63.461538,66.504178,86.538462,0.009615,0.727273,18.686297,5.716684,12.455928,15.325421,25.76193,6.073607,1.832387,5.164992826398852,,,14.289813486370157,1.3773314203730274,1.8938307030129125,1.3199426111908177,2.3529411764705883,0.0,0.656,,alt_same_player_team_any_season,step26_height_class_advanced_export,archetype_same_player_team_any_season,0.0,0.6928858033,0.9704523229,0.0295476771,0.0,0.3071141967,0.0,0.6928858033,0.0,0.0
3110,older_school_realgm,2022-23,2023,2023-24,2024,"Dread, Malcolm",Millersville University,,26,2.0,336.0,12.9,11,0.727,85,3.3,82,0.341,63,0.333,42,15,13,14,2,https://millersvilleathletics.com/sports/mens-basketball/stats/2025,,dreadmalcolm|malcolmdread,matched_prior_d1_experience,1,malcolmdread,1,1,Malcolm Dread,Mount St. Mary's,MAAC,2024,74542,bt_pid:74542,7,2.0,0.7143,-0.508844,76.0,/Users/adriankong/Desktop/TROP/trank_final_data_2024_with_pbp.csv,unmatched,,,,,,,,,,,,,,,,,,,,unmatched,,,,,,,,,,,,,,,,dread malcolm,millersville,2023.0,74542,2024.0,,,,,,,,,mid_major,,46.95122,48.94058,13.414634,0.768293,1.153846,13.020833,7.274521,14.607754,1.786018,12.358155,0.614591,2.313721,1.3095238095238095,,,5.0,1.7857142857142858,1.5476190476190477,1.6666666666666667,0.23809523809523808,0.333,0.727,,alt_same_player_team_any_season,step26_height_class_advanced_export,archetype_same_player_team_any_season,0.0,0.6169874315,0.5214829859,0.4785170141,0.256668176,0.0,0.6169874315,0.0451793695,0.081165023,0.0
3120,older_school_realgm,2021-22,2022,2022-23,2023,"Dread, Malcolm",Millersville University,,26,2.0,336.0,12.9,11,0.727,85,3.3,82,0.341,63,0.333,42,15,13,14,2,https://millersvilleathletics.com/sports/mens-basketball/stats/2025,,dreadmalcolm|malcolmdread,matched,1,malcolmdread,1,0,Malcolm Dread,Richmond,A10,2023,74542,bt_pid:74542,3,2.0,0.0,-24.8052,76.0,/Users/adriankong/Desktop/TROP/trank_final_data_2023_with_pbp.csv,unmatched,,,,,,,,,,,,,,,,,,,,unmatched,,,,,,,,,,,,,,,,dread malcolm,millersville,2022.0,74542,2023.0,,,,,,,,,mid_major,,46.95122,48.94058,13.414634,0.768293,1.153846,13.020833,7.274521,14.607754,1.786018,12.358155,0.614591,2.313721,1.3095238095238095,,,5.0,1.7857142857142858,1.5476190476190477,1.6666666666666667,0.23809523809523808,0.333,0.727,,alt_same_player_team_any_season,step26_height_class_advanced_export,archetype_same_player_team_any_season,0.0,0.6169874315,0.5214829859,0.4785170141,0.256668176,0.0,0.6169874315,0.0451793695,0.081165023,0.0
3133,older_school_realgm,2022-23,2023,2023-24,2024,"Mitchell, Jordan",Minnesota Crookston,,18,3.0,281.0,15.6,47,2.6,21,50.0,0,0.0,5,22.0,70,10,20,14,11,https://goldeneaglesports.com/sports/mens-basketball/stats/2022-23,,mitchelljordan|jordanmitchell,matched,1,jordanmitchell,1,0,Jordan Mitchell,Southern,SWAC,2024,78141,bt_pid:78141,20,12.0,3.1304,-10.8112,75.0,/Users/adriankong/Desktop/TROP/trank_final_data_2024_with_pbp.csv,unmatched,,,,,,,,,,,,,,,,,,,,unmatched,,,,,,,,,,,,,,,,mitchell jordan,minnesota crookston,2023.0,78141,2024.0,-0.793976,0.95039,-10.8112,-9.17743,-1.63377,-10.3491,-7.68587,-2.66326,mid_major,80.0,42.0,39.376676,44.0,0.0,0.5,25.100402,6.511767,14.401995,7.468787,20.800098,4.073193,2.804793,6.690391,2.704626,7.259786,9.964413,1.423488,2.846975,1.992883,1.565836,0.0,0.227,0.0,combined_exact,combined_player_database,archetype_exact_name_team_season,0.0,0.6315077655,0.576749546,0.423250454,0.0,0.3684922345,0.0,0.6315077655,0.0,0.0
3152,older_school_realgm,2022-23,2023,2023-24,2024,"Strong, Joshua",Minnesota Duluth,,36,14.0,861.0,23.9,237,6.6,83,187.0,45,111.0,26,35.0,82,81,45,31,4,https://umdbulldogs.com/sports/mens-basketball/stats/2022-23,,strongjoshua|joshuastrong,matched,1,joshuastrong,1,0,Joshua Strong,Howard,MEAC,2024,79246,bt_pid:79246,29,15.5484,3.5161,-3.73165,72.0,/Users/adriankong/Desktop/TROP/trank_final_data_2024_with_pbp.csv,exact_name_team_season,1.0,2106.0,Low,"Strong, Joshua",Howard,Mid-Eastern Athletic Conference,4909951.0,6-0,Sr,s-PG,29.0,0.3285,0.3342,107.57,0.1408,-0.3199,-0.884,1.0119,-1.8959,exact_name_team_season,1.0,2398.0,Joshua Strong,Howard,0.05,-1.51,-1.45,766.0,0.38,-1.62,-1.24,100.6,111.6,-11.1,-62.0,strong joshua,minnesota duluth,2023.0,79246,2024.0,0.319165,0.706335,-3.73165,-0.863741,-2.86791,-3.29815,-1.76597,-1.53218,mid_major,72.0,56.417112,58.547431,18.716578,0.593583,1.8,18.189167,15.376534,14.751566,1.283543,9.708729,0.495457,2.039243,11.010453,0.418118,3.391405,3.809524,3.763066,2.090592,1.440186,0.18583,0.405,0.743,6.634461,combined_exact,combined_player_database,archetype_exact_name_team_season,0.0,0.3880456461,0.5828071425,0.4171928575,0.241657656,0.0,0.0,0.0,0.3702966979,0.3880456461
3195,older_school_realgm,2021-22,2022,2022-23,2023,"Anderson, Quincy",Minnesota State Mankato,,26,25.0,761.0,29.3,464,17.8,158,335.0,50,135.0,98,131.0,167,39,42,31,4,https://msumavericks.com/sports/mens-basketball/stats/2021-22,,andersonquincy|quincyanderson,matched,1,quincyanderson,1,0,Quincy Anderson,Murray St.,MVC,2023,76268,bt_pid:76268,31,18.6562,6.9688,-1.65463,76.0,/Users/adriankong/Desktop/TROP/trank_final_data_2023_with_pbp.csv,exact_name_team_season,1.0,2131.0,Medium,"Anderson, Quincy",Murray St.,Missouri Valley Conference,5107893.0,6-4,So,WG,31.0,0.4484,0.4455,109.5086,0.1886,0.7349,-0.2684,1.8073,-2.0757,exact_name_team_season,1.0,1948.0,Quincy Anderson,Murray State,0.82,-1.31,-0.49,924.0,0.79,-0.46,0.32,101.7,110.5,-8.8,-67.0,anderson quincy,minnesota state mankato,2022.0,76268,2023.0,1.26143,1.27926,-1.65463,0.52749,-2.18212,0.115002,1.11506,-1.00006,mid_major,76.0,54.626866,59.087205,39.104478,0.402985,0.928571,9.66317,9.891734,28.745513,4.062553,19.893603,0.506335,2.312786,24.388962,1.419185,7.358739,8.777924,2.049934,2.207622,1.629435,0.21025,0.37,0.748,8.92841,combined_exact,combined_player_database,archetype_exact_name_team_season,0.0,0.4690279082,1.0,0.0,0.3613105486,0.4690279082,0.1589828054,0.0,0.0106787379,0.0
3212,older_school_realgm,2022-23,2023,2023-24,2024,"Cook, Jalen",Minot State,,28,0.0,687.0,24.5,241,8.6,87,190.0,39,106.0,28,43.0,94,20,27,11,5,https://msubeavers.com/sports/mens-basketball/stats/2022-23,,cookjalen|jalencook,matched_prior_d1_experience,1,jalencook,1,1,Jalen Cook,LSU,SEC,2024,73580,bt_pid:73580,13,27.0769,15.6154,1.51451,72.0,/Users/adriankong/Desktop/TROP/trank_final_data_2024_with_pbp.csv,exact_name_team_season,1.0,527.0,High,"Cook, Jalen",LSU,Southeastern Conference,4433566.0,6-0,Jr,s-PG,13.0,0.2782,0.2748,105.5521,0.3065,1.5412,1.1734,-1.5836,2.7569999999999997,exact_name_team_season,1.0,385.0,Jalen Cook,LSU,2.65,1.27,3.92,655.0,1.25,0.23,1.48,111.0,95.3,15.7,50.0,cook jalen,minot state,2023.0,73580,2024.0,2.93097,2.98139,1.51451,2.49392,-0.979418,1.59548,1.92566,-0.330178,power_4,76.0,56.052632,57.67758,22.631579,0.557895,0.740741,11.444557,5.482456,17.768057,3.211991,13.678906,0.802053,0.947028,14.032023,1.048035,4.425036,5.473071,1.164483,1.572052,0.640466,0.291121,0.368,0.651,8.019008,combined_exact,combined_player_database,archetype_exact_name_team_season,0.0,0.537128526,0.9434750291,0.0565249709,0.0,0.22388158,0.238989894,0.0,0.537128526,0.0
3227,older_school_realgm,2021-22,2022,2022-23,2023,"Cook, Jalen",Minot State,,10,0.0,60.0,6.0,18,1.8,7,23.0,2,17.0,2,3.0,10,4,1,1,0,https://msubeavers.com/sports/mens-basketball/stats/2021-22,,cookjalen|jalencook,matched_prior_d1_experience,1,jalencook,1,1,Jalen Cook,Tulane,Amer,2023,73580,bt_pid:73580,26,34.4231,19.9231,2.18755,72.0,/Users/adriankong/Desktop/TROP/trank_final_data_2023_with_pbp.csv,exact_name_team_season,1.0,489.0,Medium,"Cook, Jalen",Tulane,American Athletic Conference,4433566.0,6-0,So,PG,26.0,0.7247,0.7152,109.8955,0.304,3.3808,2.233,-0.5329,2.7659,exact_name_team_season,1.0,506.0,Jalen Cook,Tulane,2.99,0.13,3.11,1678.0,2.81,0.15,2.96,107.5,100.6,6.9,82.0,cook jalen,minot state,2022.0,73580,2023.0,4.06129,2.9887,2.18755,4.19198,-2.00443,3.31471,3.90552,-0.590807,mid_major,76.0,34.782609,37.006579,13.043478,0.73913,4.0,3.949447,10.124669,21.743878,4.322581,15.509259,0.0,0.957274,12.0,1.333333,5.333333,6.666667,2.666667,0.666667,0.666667,0.0,0.118,0.667,14.626509,combined_exact,combined_player_database,archetype_exact_name_team_season,0.0,0.5319442214,0.3058324983,0.6941675017,0.0,0.4680557786,0.5319442214,0.0,0.0,0.0
3235,older_school_realgm,2022-23,2023,2023-24,2024,"Clark, Darrius",Mississippi College,,7,3.0,107.0,15.3,30,4.3,10,27.0,4,12.0,6,6.0,9,2,7,2,0,https://gochoctaws.com/sports/mens-basketball/stats/2022-23,,clarkdarrius|darriusclark,matched,1,darriusclark,1,0,Darrius Clark,Mississippi Valley St.,SWAC,2024,78341,bt_pid:78341,23,8.4348,1.6087,-7.88654,77.0,/Users/adriankong/Desktop/TROP/trank_final_data_2024_with_pbp.csv,unmatched,,,,,,,,,,,,,,,,,,,,unmatched,,,,,,,,,,,,,,,,clark darrius,mississippi college,2023.0,78341,2024.0,-0.402603,0.430993,-7.88654,-6.08373,-1.8028,-7.81876,-6.43353,-1.38523,mid_major,,44.444444,50.607287,22.222222,0.444444,0.285714,19.104803,3.212962,17.876909,2.324034,8.301741,0.0,1.123754,11.214953271028037,,,3.364485981308411,0.7476635514018691,2.616822429906542,0.7476635514018691,0.0,0.333,1.0,,alt_exact_name_team_season,website_priority_advanced_export,archetype_unique_name_season,0.0,0.6673706665,0.7051760618,0.2948239382,0.0,0.0,0.3326293335,0.0,0.6673706665,0.0
3305,older_school_realgm,2022-23,2023,2023-24,2024,"Eames, Will",Missouri Western,,22,17.0,680.0,30.9,209,9.5,72,204.0,21,75.0,44,60.0,135,50,41,17,13,https://gogriffons.com/sports/mens-basketball/stats/2022-23,,eameswill|willeames,matched,1,willeames,1,0,Will Eames,Green Bay,Horz,2024,78354,bt_pid:78354,28,15.6897,3.2759,-0.746942,79.0,/Users/adriankong/Desktop/TROP/trank_final_data_2024_with_pbp.csv,exact_name_team_season,1.0,1613.0,Medium,"Eames, Will",Green Bay,Horizon League,5176817.0,6-7,Sr,S-PF,28.0,0.3447,0.349,102.6668,0.1585,-1.2983,-0.8506,-0.2242,-0.6264000000000001,exact_name_team_season,1.0,1548.0,Will Eames,Green Bay,-0.57,0.91,0.34,682.0,-0.4,0.45,0.04,100.9,103.4,-2.5,-4.0,eames will,missouri western,2023.0,78354,2024.0,0.233934,1.35047,-0.746942,-1.95303,1.20608,-0.510711,-1.59472,1.08401,mid_major,79.0,40.441176,45.355903,29.411765,0.367647,1.219512,15.106853,15.557498,22.139455,4.789307,19.631162,2.424775,1.554982,12.294118,1.529412,6.411765,7.941176,2.941176,2.411765,1.0,0.764706,0.28,0.733,6.126325,combined_exact,combined_player_database,archetype_exact_name_team_season,0.0,0.4531440515,0.919577394,0.080422606,0.2281172395,0.4531440515,0.0298061127,0.0743995937,0.1372021783,0.0773308242
3393,older_school_realgm,2021-22,2022,2022-23,2023,"Johnson, Kyle",Monterey Bay,,22,21.0,380.0,17.3,108,4.9,41,75.0,2,8.0,24,44.0,150,14,26,5,13,https://otterathletics.com/sports/mens-basketball/stats/2021-22,,johnsonkyle|kylejohnson,matched,1,kylejohnson,1,0,Kyle Johnson,Delaware St.,MEAC,2023,76441,bt_pid:76441,27,18.7586,3.931,-6.15568,80.0,/Users/adriankong/Desktop/TROP/trank_final_data_2023_with_pbp.csv,exact_name_team_season,1.0,2582.0,Low,"Johnson, Kyle",Delaware St.,Mid-Eastern Athletic Conference,5108769.0,6-8,Sr,C,28.0,0.4758,0.4815,81.9678,0.1585,-4.036,-4.6756,-0.9268,-3.7488,exact_name_team_season,1.0,2826.0,Kyle Johnson,Delaware State,-3.0,-0.25,-3.25,922.0,-2.8,0.02,-2.78,82.3,105.8,-23.5,-194.0,johnson kyle,monterey bay,2022.0,76441,2023.0,-0.756134,1.22054,-6.15568,-5.60887,-0.546803,-6.79078,-5.46908,-1.3217,mid_major,77.0,56.0,57.227639,58.666667,0.106667,0.538462,21.601861,6.959306,15.183193,12.229012,27.82019,3.042846,0.726633,11.368421,4.736842,11.052632,15.789474,1.473684,2.736842,0.526316,1.368421,0.25,0.545,1.009185,combined_exact,combined_player_database,archetype_exact_name_team_season,0.0,0.5722121615,0.8158621094,0.1841378906,0.0,0.4277878385,0.0,0.5722121615,0.0,0.0
3440,older_school_realgm,2021-22,2022,2022-23,2023,"Brewer, Xavier",Morehouse,,22,3.0,383.0,17.4,151,6.9,52,137.0,33,86.0,14,22.0,103,18,21,10,8,https://morehouseathletics.com/sports/mens-basketball/stats/2021-22,,brewerxavier|xavierbrewer,matched,1,xavierbrewer,1,0,Xavier Brewer,Alabama A&M,SWAC,2023,76830,bt_pid:76830,29,8.4688,2.6875,-4.39675,81.0,/Users/adriankong/Desktop/TROP/trank_final_data_2023_with_pbp.csv,unmatched,,,,,,,,,,,,,,,,,,,,unmatched,,,,,,,,,,,,,,,,brewer xavier,morehouse,2022.0,76830,2023.0,0.116689,0.680169,-4.39675,-2.41267,-1.98408,-4.49369,-2.15542,-2.33827,mid_major,81.0,50.0,51.472593,16.058394,0.627737,0.857143,12.523855,9.330816,20.638046,6.27125,22.67912,2.051137,1.402445,15.770235,2.193211,8.563969,10.75718,1.879896,2.193211,1.044386,0.835509,0.384,0.636,10.569778,combined_exact,combined_player_database,archetype_exact_name_team_season,0.0,0.5349149324,0.9307941418,0.0692058582,0.0,0.4407323798,0.5349149324,0.0243526879,0.0,0.0
3443,older_school_realgm,2021-22,2022,2022-23,2023,"Akonobi, Olisa",Morehouse,,26,2.0,408.0,15.7,139,5.3,58,110.0,0,0.0,23,37.0,142,16,35,11,55,https://morehouseathletics.com/sports/mens-basketball/stats/2021-22,,akonobiolisa|olisaakonobi,matched,1,olisaakonobi,1,0,Olisa Akonobi,Alabama A&M,SWAC,2023,76831,bt_pid:76831,28,19.8387,7.8065,-0.147676,84.0,/Users/adriankong/Desktop/TROP/trank_final_data_2023_with_pbp.csv,exact_name_team_season,1.0,1536.0,Low,"Blaise Akonobi, Olisa",Alabama A&M,Southwestern Athletic Conference,4612311.0,6-11,Sr,C,28.0,0.4694,0.4643,103.9533,0.2009,-0.5076,-1.9313,-1.5691,-0.3622000000000001,exact_name_team_season,1.0,1773.0,Olisa Blaise Akonobi,Alabama A&M,-1.71,1.61,-0.1,992.0,-0.92,1.11,0.19,89.2,100.1,-10.9,-3.0,akonobi olisa,morehouse,2022.0,76831,2023.0,1.04086,1.98656,-0.147676,-3.48775,3.34008,1.07437,-0.010684,1.08506,mid_major,84.0,52.727273,55.036427,33.636364,0.0,0.457143,21.701389,7.885836,18.634014,17.100282,21.029841,13.237502,1.448162,13.627451,5.980392,7.941176,13.921569,1.568627,3.431373,1.078431,5.392157,0.0,0.622,0.0,combined_exact,combined_player_database,archetype_exact_name_team_season,0.0,0.9404934711,1.0,0.0,0.0156962742,0.0,0.0,0.9404934711,0.0,0.0438102547
3450,older_school_realgm,2022-23,2023,2023-24,2024,"Brown, Michael",Mount Olive,,31,31.0,1189.0,38.4,718,23.2,230,464.0,80,179.0,178,206.0,156,207,88,40,8,https://umotrojans.com/sports/mens-basketball/stats/2022-23,,brownmichael|michaelbrown,matched_prior_d1_experience,1,michaelbrown,1,1,Michael Brown,Florida St.,ACC,2024,74737,bt_pid:74737,2,1.5,0.5,-15.3597,79.0,/Users/adriankong/Desktop/TROP/trank_final_data_2024_with_pbp.csv,unmatched,,,,,,,,,,,,,,,,,,,,unmatched,,,,,,,,,,,,,,,,brown michael,mount olive,2023.0,74737,2024.0,,,,,,,,,power_4,70.0,58.189655,64.72667,44.396552,0.385776,2.352273,13.693514,34.017651,25.949718,4.104397,11.268773,0.658035,1.84856,24.154752,1.446594,3.801514,5.248108,6.963835,2.960471,1.345669,0.269134,0.447,0.864,7.244747,combined_exact,combined_player_database,archetype_exact_name_team_season,0.0,0.6054822134,1.0,0.0,0.2979458392,0.0965719475,0.0,0.0,0.0,0.6054822134
3465,older_school_realgm,2021-22,2022,2022-23,2023,"Brown, Michael",Mount Olive,,20,18.0,696.0,34.8,275,13.8,97,214.0,17,59.0,64,78.0,71,131,41,34,2,https://umotrojans.com/sports/mens-basketball/stats/2021-22,,brownmichael|michaelbrown,matched,1,michaelbrown,1,0,Michael Brown,Florida St.,ACC,2023,74737,bt_pid:74737,3,0.3333,0.0,-23.6404,79.0,/Users/adriankong/Desktop/TROP/trank_final_data_2023_with_pbp.csv,unmatched,,,,,,,,,,,,,,,,,,,,unmatched,,,,,,,,,,,,,,,,brown michael,mount olive,2022.0,74737,2023.0,,,,,,,,,power_4,71.0,49.299065,55.372101,36.448598,0.275701,3.195122,14.17116,31.030725,19.573133,2.744017,9.474626,0.25555,2.600334,15.804598,0.977011,3.103448,4.08046,7.528736,2.356322,1.954023,0.114943,0.288,0.821,3.992644,combined_exact,combined_player_database,archetype_exact_name_team_season,0.0,1.0,0.8996296944,0.1003703056,0.0,0.0,0.0,0.0,0.0,1.0
3532,older_school_realgm,2022-23,2023,2023-24,2024,"Johnson, Jalen",Newberry,,26,5.0,431.0,16.6,92,3.5,36,88.0,12,43.0,8,9.0,96,24,18,6,1,https://newberrywolves.com/sports/mens-basketball/stats/2022-23,,johnsonjalen|jalenjohnson,matched_prior_d1_experience,1,jalenjohnson,1,1,Jalen Johnson,Grambling St.,SWAC,2024,71990,bt_pid:71990,33,21.1389,7.3333,-3.78889,80.0,/Users/adriankong/Desktop/TROP/trank_final_data_2024_with_pbp.csv,exact_name_team_season,1.0,1672.0,Low,"Johnson, Jalen",Grambling,Southwestern Athletic Conference,4594013.0,6-7,Jr,WF,33.0,0.5132,0.5055,98.8605,0.1968,-1.3209,-1.4131,-0.6163,-0.7968000000000001,exact_name_team_season,1.0,2383.0,Jalen Johnson,Grambling,-1.27,-0.14,-1.42,1118.0,-1.88,-0.9,-2.78,95.6,105.4,-9.9,-44.0,johnson jalen,newberry,2023.0,71990,2024.0,0.447882,1.45837,-3.78889,-2.58722,-1.20167,-3.73803,-2.84791,-0.890115,mid_major,76.0,47.727273,50.021749,10.227273,0.488636,1.333333,16.369589,9.930731,12.614879,9.97701,16.293299,0.302913,0.836965,8.538283,3.712297,5.197216,8.909513,2.227378,1.670534,0.556845,0.092807,0.279,0.889,4.933331,combined_exact,combined_player_database,archetype_exact_name_team_season,0.0,0.3103122543,0.5942887103,0.4057112897,0.0,0.3049332856,0.2520544664,0.3103122543,0.1326999937,0.0
3542,older_school_realgm,2021-22,2022,2022-23,2023,"Johnson, Jalen",Newberry,,28,2.0,415.0,14.8,100,3.6,36,87.0,22,65.0,6,8.0,67,16,14,9,3,https://newberrywolves.com/sports/mens-basketball/stats/2021-22,,johnsonjalen|jalenjohnson,matched_prior_d1_experience,1,jalenjohnson,1,3,Jalen Johnson,Milwaukee,Horz,2023,71990,bt_pid:71990,30,13.2424,6.4242,-2.60306,79.0,/Users/adriankong/Desktop/TROP/trank_final_data_2023_with_pbp.csv,exact_name_team_season,1.0,727.0,Medium,"Johnson, Jalen",Milwaukee,Horizon League,4594013.0,6-7,Jr,C,30.0,0.3167,0.3085,110.6583,0.229,1.1145,0.7542,-1.1446,1.8988,exact_name_team_season,1.0,1231.0,Jalen Johnson,Milwaukee,0.42,0.59,1.01,702.0,0.25,-0.22,0.03,102.2,99.7,2.5,65.0,johnson jalen,newberry,2022.0,71990,2023.0,0.954012,1.0007,-2.60306,-1.45696,-1.14609,-0.589784,0.10896,-0.698744,mid_major,76.0,54.022989,55.236412,9.195402,0.747126,1.142857,13.394566,7.295971,13.086312,6.8938,11.363348,0.951397,1.325075,9.638554,2.60241,3.855422,6.457831,1.542169,1.349398,0.86747,0.289157,0.338,0.75,8.150732,combined_exact,combined_player_database,archetype_exact_name_team_season,0.0,0.52422961,0.6169180735,0.3830819265,0.0,0.0420848957,0.52422961,0.2063133174,0.227372177,0.0
3562,older_school_realgm,2021-22,2022,2022-23,2023,"Barnes, Israel",Newman University,,20,19.0,658.0,32.9,378,18.9,144,328.0,34,107.0,56,86.0,97,26,38,23,5,https://newmanjets.com/sports/mens-basketball/stats/2021-22,,barnesisrael|israelbarnes,matched,1,israelbarnes,1,0,Israel Barnes,Southeast Missouri St.,OVC,2023,65739,bt_pid:65739,28,28.0714,10.0357,-2.17914,76.0,/Users/adriankong/Desktop/TROP/trank_final_data_2023_with_pbp.csv,unique_name_season,0.8571,1649.0,Low,"Barnes, Israel",Southeast Mo. St.,Ohio Valley Conference,4397388.0,6-4,Sr,WG,28.0,0.5735,0.5772,105.1929,0.1835,-0.9121,0.6689,1.3386,-0.6697,exact_name_team_season,1.0,1953.0,Israel Barnes,Southeast Missouri State,1.1,-1.6,-0.5,1456.0,-0.2,-1.29,-1.49,105.4,107.3,-1.9,55.0,barnes israel,newman,2022.0,65739,2023.0,0.731518,1.67196,-2.17914,-0.422594,-1.75654,-2.45468,-0.736933,-1.71775,mid_major,76.0,49.085366,51.661929,26.219512,0.32622,0.684211,9.409667,10.758868,32.589172,4.650169,13.130699,0.920032,2.063424,22.978723,1.641337,4.255319,5.896657,1.580547,2.31003,1.398176,0.303951,0.318,0.651,8.601698,combined_exact,combined_player_database,archetype_exact_name_team_season,0.0,0.4904498065,1.0,0.0,0.4904498065,0.2881399699,0.0,0.0,0.2214102236,0.0
3618,older_school_realgm,2022-23,2023,2023-24,2024,"Cook, Christian",Northeastern State,,23,22.0,756.0,32.9,368,16.0,132,291.0,61,147.0,43,53.0,42,51,34,24,8,https://goriverhawksgo.com/sports/mens-basketball/stats/2022-23,,cookchristian|christiancook,matched,1,christiancook,1,0,Christian Cook,New Mexico St.,CUSA,2024,77743,bt_pid:77743,28,29.9688,11.3125,0.0782722,74.0,/Users/adriankong/Desktop/TROP/trank_final_data_2024_with_pbp.csv,exact_name_team_season,1.0,1935.0,Low,"Cook, Christian",New Mexico St.,Conference USA,4741646.0,6-2,Sr,WG,28.0,0.7674,0.7666,108.6266,0.1864,0.7637,0.4295,1.8754,-1.4459,exact_name_team_season,1.0,2021.0,Christian Cook,New Mexico State,0.91,-1.52,-0.61,1478.0,1.44,-0.44,0.99,96.7,110.8,-14.1,-194.0,cook christian,northeastern state,2023.0,77743,2024.0,2.19179,1.87622,0.0782722,1.48854,-1.41027,0.877418,1.83197,-0.954547,mid_major,74.0,55.841924,58.539068,18.213058,0.505155,1.5,9.761139,14.894541,25.875776,0.705899,6.211832,1.293093,1.934262,19.470899,0.21164,2.010582,2.222222,2.698413,1.798942,1.269841,0.42328,0.415,0.811,10.920243,combined_exact,combined_player_database,archetype_exact_name_team_season,0.0,0.6821200947,0.8792457222,0.1207542778,0.6821200947,0.0,0.0,0.0,0.2886059828,0.0292739225
3619,older_school_realgm,2022-23,2023,2023-24,2024,"Bailey, Dillon",Northeastern State,,27,27.0,928.0,34.4,413,15.3,125,269.0,63,155.0,100,124.0,128,71,55,21,7,https://goriverhawksgo.com/sports/mens-basketball/stats/2022-23,,baileydillon|dillonbailey,matched,1,dillonbailey,1,0,Dillon Bailey,Wofford,SC,2024,78841,bt_pid:78841,29,27.2188,11.75,-2.9261,75.0,/Users/adriankong/Desktop/TROP/trank_final_data_2024_with_pbp.csv,exact_name_team_season,1.0,2322.0,Low,"Bailey, Dillon",Wofford,Southern Conference,4741643.0,6-2,Jr,CG,29.0,0.6864,0.6912,105.9255,0.2112,-0.1011,-0.679,1.8522,-2.5312,exact_name_team_season,1.0,2155.0,Dillon Bailey,Wofford,0.46,-1.33,-0.88,1378.0,1.39,-0.93,0.46,102.3,110.0,-7.7,-83.0,bailey dillon,northeastern state,2023.0,78841,2024.0,1.85282,1.54774,-2.9261,0.394241,-3.32034,-2.53564,-0.21772,-2.31792,mid_major,74.0,58.178439,63.821239,46.096654,0.576208,1.290909,14.52874,15.524511,22.909917,2.012725,15.181504,0.921747,1.378787,17.801724,0.603448,4.913793,5.517241,3.060345,2.37069,0.905172,0.301724,0.406,0.806,9.380381,combined_exact,combined_player_database,archetype_exact_name_team_season,0.0,0.4075605913,0.9403043302,0.0596956698,0.4075605913,0.2526216027,0.0,0.0,0.2789856032,0.0608322028
3677,older_school_realgm,2021-22,2022,2022-23,2023,"Bergan, Cole",Northern St.,,29,28.0,795.0,27.4,251,8.7,89,210.0,19,71.0,54,64.0,118,107,78,36,10,https://nsuwolves.com/sports/mens-basketball/stats/2021-22,,bergancole|colebergan,matched,1,colebergan,1,0,Cole Bergan,Stonehill,NEC,2023,66628,bt_pid:66628,29,18.6333,2.7333,-6.26222,80.0,/Users/adriankong/Desktop/TROP/trank_final_data_2023_with_pbp.csv,exact_name_team_season,1.0,2812.0,Low,"Bergan, Cole",Stonehill,Northeast Conference,4397309.0,6-8,Sr,WF,29.0,0.4442,0.4496,69.303,0.1703,-6.5641,-5.2388,0.3271,-5.5659,exact_name_team_season,1.0,2792.0,Cole Bergan,Stonehill,-3.48,0.47,-3.01,887.0,-3.67,0.97,-2.7,86.6,105.0,-18.5,-123.0,bergan cole,northern state,2022.0,66628,2023.0,-1.41297,1.43451,-6.26222,-7.92544,1.66323,-6.42733,-7.34912,0.921794,mid_major,79.0,46.904762,52.695667,30.47619,0.338095,1.371795,24.671053,24.907782,20.827607,2.955629,14.892465,1.380306,2.633441,12.628931,1.006289,4.930818,5.937107,5.383648,3.924528,1.811321,0.503145,0.268,0.844,4.667093,combined_exact,combined_player_database,archetype_exact_name_team_season,0.0,0.491255603,0.8259833405,0.1740166595,0.3412947041,0.1561591309,0.0,0.011290562,0.0,0.491255603
3696,older_school_realgm,2021-22,2022,2022-23,2023,"Bergan, Cole",Northern State,,29,28.0,795.0,27.4,251,8.7,89,210.0,19,71.0,54,64.0,118,107,78,36,10,https://nsuwolves.com/sports/mens-basketball/stats/2021-22,,bergancole|colebergan,matched,1,colebergan,1,0,Cole Bergan,Stonehill,NEC,2023,66628,bt_pid:66628,29,18.6333,2.7333,-6.26222,80.0,/Users/adriankong/Desktop/TROP/trank_final_data_2023_with_pbp.csv,exact_name_team_season,1.0,2812.0,Low,"Bergan, Cole",Stonehill,Northeast Conference,4397309.0,6-8,Sr,WF,29.0,0.4442,0.4496,69.303,0.1703,-6.5641,-5.2388,0.3271,-5.5659,exact_name_team_season,1.0,2792.0,Cole Bergan,Stonehill,-3.48,0.47,-3.01,887.0,-3.67,0.97,-2.7,86.6,105.0,-18.5,-123.0,bergan cole,northern state,2022.0,66628,2023.0,-1.41297,1.43451,-6.26222,-7.92544,1.66323,-6.42733,-7.34912,0.921794,mid_major,79.0,46.904762,52.695667,30.47619,0.338095,1.371795,24.671053,24.907782,20.827607,2.955629,14.892465,1.380306,2.633441,12.628931,1.006289,4.930818,5.937107,5.383648,3.924528,1.811321,0.503145,0.268,0.844,4.667093,combined_exact,combined_player_database,archetype_exact_name_team_season,0.0,0.491255603,0.8259833405,0.1740166595,0.3412947041,0.1561591309,0.0,0.011290562,0.0,0.491255603
3765,older_school_realgm,2021-22,2022,2022-23,2023,"Smith, Jalen",Northwestern Oklahoma State,,29,1.0,296.0,10.2,52,1.8,15,39.0,2,13.0,20,28.0,15,27,27,10,0,https://riderangersride.com/sports/mens-basketball/stats/2021-22,,smithjalen|jalensmith,matched_prior_d1_experience,1,jalensmith,1,1,Jalen Smith,SMU,Amer,2023,74621,bt_pid:74621,32,26.5312,4.625,-1.63349,76.0,/Users/adriankong/Desktop/TROP/trank_final_data_2023_with_pbp.csv,exact_name_team_season,1.0,1951.0,Medium,"Smith, Jalen",SMU,American Athletic Conference,4690767.0,6-2,So,s-PG,32.0,0.6503,0.6527,98.1702,0.1161,-1.1442,-1.0485,0.5021,-1.5506,exact_name_team_season,1.0,1935.0,Jalen Smith,SMU,0.37,-0.83,-0.47,1503.0,0.73,-0.12,0.6,98.4,102.8,-4.4,-117.0,smith jalen,northwestern oklahoma state,2022.0,74621,2023.0,0.100793,1.94352,-1.63349,-1.12269,-0.510805,-2.76794,-2.51457,-0.253368,mid_major,71.0,41.025641,50.66251,71.794872,0.333333,1.0,34.473953,14.835727,13.593231,0.4147,5.519604,0.0,1.965987,7.027027,0.135135,1.891892,2.027027,3.648649,3.648649,1.351351,0.0,0.154,0.714,2.258775,combined_exact,combined_player_database,archetype_exact_name_team_season,0.0,0.9049594402,0.2185548892,0.7814451108,0.0,0.0,0.0,0.0,0.0950405598,0.9049594402
3767,older_school_realgm,2022-23,2023,2023-24,2024,"Sunahara, RJ",Nova Southeastern,,34,34.0,907.0,26.7,642,18.9,238,397.0,24,60.0,142,191.0,182,84,55,57,54,https://nsusharks.com/sports/mens-basketball/stats/2022-23,,sunahararj|rjsunahara,matched,1,rjsunahara,1,0,RJ Sunahara,Georgia,SEC,2024,78791,bt_pid:78791,16,10.25,2.0,1.78621,80.0,/Users/adriankong/Desktop/TROP/trank_final_data_2024_with_pbp.csv,unmatched,,,,,,,,,,,,,,,,,,,,unmatched,,,,,,,,,,,,,,,,sunahara rj,nova southeastern,2023.0,78791,2024.0,0.0854106,1.08629,1.78621,-1.84675,3.63296,-1.03343,-2.75393,1.7205,power_4,80.0,62.972292,66.730417,48.110831,0.151134,1.527273,10.260428,13.913709,24.79559,7.073,14.57089,6.512556,3.084717,28.31312,2.690187,5.336273,8.026461,3.70452,2.425579,2.513782,2.381477,0.4,0.743,2.775419,combined_exact,combined_player_database,archetype_exact_name_team_season,0.0,0.386803376,1.0,0.0,0.2081813218,0.123363654,0.0,0.386803376,0.0,0.2816516482
3768,older_school_realgm,2022-23,2023,2023-24,2024,"Pierre, Jonathan",Nova Southeastern,,35,21.0,816.0,23.3,505,14.4,174,348.0,64,160.0,93,113.0,183,114,61,24,16,https://nsusharks.com/sports/mens-basketball/stats/2022-23,,pierrejonathan|jonathanpierre,matched,1,jonathanpierre,1,0,Jonathan Pierre,Memphis,Amer,2024,78544,bt_pid:78544,19,6.0526,1.8421,-3.02018,81.0,/Users/adriankong/Desktop/TROP/trank_final_data_2024_with_pbp.csv,unmatched,,,,,,,,,,,,,,,,,,,,unmatched,,,,,,,,,,,,,,,,pierre jonathan,nova southeastern,2023.0,78544,2024.0,0.0159785,0.520322,-3.02018,-1.95105,-1.06913,-2.48078,-1.56518,-0.915595,mid_major,81.0,59.195402,63.486875,32.471264,0.45977,1.868852,13.297872,19.544959,23.585335,5.026383,19.274376,2.14484,1.443673,24.754902,1.911765,7.058824,8.970588,5.588235,2.990196,1.176471,0.784314,0.4,0.823,8.226486,combined_exact,combined_player_database,archetype_exact_name_team_season,0.0,0.6324133244,0.7501267859,0.2498732141,0.21884887,0.6324133244,0.0710901994,0.0,0.0,0.0776476062
3769,older_school_realgm,2022-23,2023,2023-24,2024,"Rodgers, Kobe",Nova Southeastern,,30,30.0,716.0,23.9,397,13.2,147,317.0,28,84.0,75,92.0,142,70,33,73,11,https://nsusharks.com/sports/mens-basketball/stats/2022-23,,rodgerskobe|koberodgers,matched,1,koberodgers,1,0,Kobe Rodgers,Charleston,CAA,2024,78736,bt_pid:78736,30,21.7097,9.7097,4.61096,75.0,/Users/adriankong/Desktop/TROP/trank_final_data_2024_with_pbp.csv,unique_name_season,0.7407,258.0,Medium,"Rodgers, Kobe",Col. of Charleston,Colonial Athletic Association,5174946.0,6-3,Jr,WG,30.0,0.4796,0.4928,118.9642,0.2347,3.0091,1.7375,-2.537,4.2745,unique_name_season,0.6452,251.0,Kobe Rodgers,College of Charleston,2.47,2.17,4.64,1168.0,3.3,1.39,4.68,112.0,99.5,12.5,128.0,rodgers kobe,nova southeastern,2023.0,78736,2024.0,2.2835,2.21684,4.61096,2.6082,2.00276,4.52903,2.30961,2.21942,mid_major,75.0,50.788644,55.527582,29.022082,0.264984,2.121212,8.451137,13.527411,22.880752,5.728392,15.712027,1.680524,5.004464,22.178771,2.178771,5.75419,7.932961,3.910615,1.843575,4.078212,0.614525,0.333,0.815,4.922104,combined_exact,combined_player_database,archetype_exact_name_team_season,0.0,0.5294541314,0.7606225035,0.2393774965,0.2003069165,0.5294541314,0.0,0.0,0.0,0.2702389521
3770,older_school_realgm,2022-23,2023,2023-24,2024,"Graziani , Dallas",Nova Southeastern,,36,36.0,1139.0,31.6,406,11.3,139,357.0,69,194.0,59,83.0,118,241,51,85,2,https://nsusharks.com/sports/mens-basketball/stats/2022-23,,grazianidallas|dallasgraziani,matched,1,dallasgraziani,1,0,Dallas Graziani,Samford,SC,2024,77926,bt_pid:77926,33,18.5714,4.1143,2.51328,68.0,/Users/adriankong/Desktop/TROP/trank_final_data_2024_with_pbp.csv,exact_name_team_season,1.0,1250.0,Low,"Graziani, Dallas",Samford,Southern Conference,5176162.0,5-9,Jr,s-PG,33.0,0.4777,0.4752,117.5046,0.1289,0.7893,0.4378,0.1508,0.287,exact_name_team_season,1.0,1003.0,Dallas Graziani,Samford,1.65,0.0,1.65,1164.0,1.62,-0.13,1.49,111.1,101.1,10.0,153.0,graziani dallas,nova southeastern,2023.0,77926,2024.0,0.919989,1.74247,2.51328,1.73854,0.774746,2.23143,0.110187,2.12124,mid_major,69.0,48.59944,51.585688,23.2493,0.543417,4.72549,11.47305,26.25205,16.373899,3.508658,7.671394,0.192075,3.663051,14.258121,1.334504,2.809482,4.143986,8.463565,1.791045,2.985075,0.070237,0.356,0.711,7.145992,combined_exact,combined_player_database,archetype_exact_name_team_season,0.0,1.0,0.6463325457,0.3536674543,0.0,0.0,0.0,0.0,0.0,1.0
3779,older_school_realgm,2021-22,2022,2022-23,2023,"Sylla, Sekou",Nova Southeastern,,32,32.0,993.0,31.0,718,22.4,297,514.0,1,1.0,123,156.0,332,47,83,52,18,https://nsusharks.com/sports/mens-basketball/stats/2021-22,,syllasekou|sekousylla,matched,1,sekousylla,1,0,Sekou Sylla,Towson,CAA,2023,76333,bt_pid:76333,33,15.8485,5.8788,-5.2513,77.0,/Users/adriankong/Desktop/TROP/trank_final_data_2023_with_pbp.csv,exact_name_team_season,1.0,972.0,Medium,"Sylla, Sekou",Towson,Colonial Athletic Association,5106726.0,6-5,Sr,PF/C,33.0,0.397,0.3893,107.4074,0.2115,0.2206,0.6759,-0.4456,1.1215,exact_name_team_season,1.0,1312.0,Sekou Sylla,Towson,0.74,0.14,0.87,860.0,-0.44,-0.64,-1.08,108.2,100.7,7.6,130.0,sylla sekou,nova southeastern,2022.0,76333,2023.0,0.815796,1.37617,-5.2513,-2.87685,-2.37444,-3.23446,-1.38619,-1.84827,mid_major,77.0,57.879377,61.616092,30.350195,0.001946,0.566265,12.469203,8.134763,29.254756,12.442869,25.005403,2.020213,2.643675,28.922457,4.632427,8.741188,13.373615,1.893253,3.343404,2.094663,0.725076,1.0,0.788,0.043749,combined_exact,combined_player_database,archetype_exact_name_team_season,0.0,0.9382782747,1.0,0.0,0.0,0.9382782747,0.0,0.0617217253,0.0,0.0
3782,older_school_realgm,2021-22,2022,2022-23,2023,"Smith, Nick",Nova Southeastern,,32,32.0,1126.0,35.2,409,12.8,140,314.0,41,117.0,88,114.0,130,247,55,98,2,https://nsusharks.com/sports/mens-basketball/stats/2021-22,,smithnick|nicksmith,matched,1,nicksmith,1,0,Nick Smith Jr.,Arkansas,SEC,2023,77081,bt_pid:77081,17,25.8235,12.5294,-1.56382,77.0,/Users/adriankong/Desktop/TROP/trank_final_data_2023_with_pbp.csv,exact_name_team_season,1.0,1233.0,High,"Smith Jr., Nick",Arkansas,Southeastern Conference,4683686.0,6-5,Fr,CG,17.0,0.3071,0.3039,95.579,0.2685,0.4769,0.6973,0.2629,0.4344,exact_name_team_season,1.0,1264.0,Nick Smith Jr.,Arkansas,0.93,0.03,0.96,782.0,-0.53,-0.46,-0.99,107.4,94.4,12.9,16.0,smith nick,nova southeastern,2022.0,77081,2023.0,2.2054,2.91102,-1.56382,0.121433,-1.68525,-0.171175,0.79875,-0.969926,power_4,73.0,51.11465,56.156634,36.305732,0.372611,4.490909,13.121481,28.992941,16.246049,2.385468,10.670242,0.197955,4.393813,14.529307,0.888099,3.730018,4.618117,8.774423,1.953819,3.48135,0.071048,0.35,0.772,4.514039,combined_exact,combined_player_database,archetype_exact_name_team_season,0.0,1.0,0.8484885409,0.1515114591,0.0,0.0,0.0,0.0,0.0,1.0
3824,older_school_realgm,2022-23,2023,2023-24,2024,"Green, Trey",Oklahoma Baptist,,23,19.0,619.0,26.9,112,4.9,37,83.0,16,48.0,22,29.0,99,51,32,24,1,https://obubison.com/sports/mens-basketball/stats/2022-23,,greentrey|treygreen,matched,1,treygreen,1,0,Trey Green,Xavier,BE,2024,78996,bt_pid:78996,33,13.6061,5.6364,-2.10423,72.0,/Users/adriankong/Desktop/TROP/trank_final_data_2024_with_pbp.csv,exact_name_team_season,1.0,1643.0,High,"Green, Trey",Xavier,Big East Conference,4711258.0,6-0,Fr,s-PG,33.0,0.3351,0.3367,88.4405,0.2399,-2.6669,-1.297,-0.5733,-0.7236999999999999,exact_name_team_season,1.0,1728.0,Trey Green,Xavier,0.09,-0.1,-0.02,812.0,-0.14,-0.01,-0.15,102.5,99.5,2.9,-52.0,green trey,oklahoma baptist,2023.0,78996,2024.0,0.5128,1.41667,-2.10423,-0.895715,-1.20851,-0.39545,-0.697199,0.301749,mid_major,74.0,54.216867,58.479532,34.939759,0.578313,1.59375,25.046963,13.744341,10.608907,5.200187,14.105847,0.185608,2.268053,7.23748,1.680129,4.717286,6.397415,3.295638,2.067851,1.550889,0.06462,0.333,0.759,3.970027,combined_exact,combined_player_database,archetype_exact_name_team_season,0.0,0.4285494148,0.420534622,0.579465378,0.0,0.3739929823,0.0,0.0,0.1974576029,0.4285494148
3895,older_school_realgm,2021-22,2022,2022-23,2023,"Powell, Brandon",Pace,,30,30.0,931.0,31.0,413,13.8,139,314.0,65,171.0,70,88.0,173,44,66,47,19,https://paceuathletics.com/sports/mens-basketball/stats/2021-22,,powellbrandon|brandonpowell,matched_prior_d1_experience,1,brandonpowell,1,1,Brandon Powell,Alabama A&M,SWAC,2023,67830,bt_pid:67830,27,15.2333,2.0667,-7.17234,75.0,/Users/adriankong/Desktop/TROP/trank_final_data_2023_with_pbp.csv,exact_name_team_season,1.0,2839.0,Low,"Powell, Brandon",Alabama A&M,Southwestern Athletic Conference,4397898.0,6-3,Sr,WG,27.0,0.3192,0.3394,64.6173,0.1208,-5.6629,-4.2111,1.9436,-6.1547,exact_name_team_season,1.0,2926.0,Brandon Powell,Alabama A&M,-3.72,-1.2,-4.92,706.0,-4.39,-0.97,-5.35,86.2,107.4,-21.3,-142.0,powell brandon,pace,2022.0,67830,2023.0,-1.44406,1.09276,-7.17234,-5.95423,-1.21812,-8.82429,-7.40586,-1.41844,mid_major,74.0,54.617834,58.545022,28.025478,0.544586,0.666667,15.762323,8.594915,22.407647,4.336511,17.254557,2.548388,2.838199,17.744361,1.460795,5.972073,7.432868,1.89044,2.835661,2.019334,0.816327,0.38,0.795,9.055208,combined_exact,combined_player_database,archetype_exact_name_team_season,0.0,0.5693451272,0.9985175175,0.0014824825,0.5693451272,0.0805170512,0.0320147743,0.1926283744,0.1254946729,0.0
3903,older_school_realgm,2022-23,2023,2023-24,2024,"Bello, Rasheed",Parkside,,30,30.0,1053.0,35.1,536,17.9,190,413.0,52,121.0,104,137.0,154,136,81,74,15,https://parksiderangers.com/sports/mens-basketball/stats/2022-23,,bellorasheed|rasheedbello,matched,1,rasheedbello,1,0,Rasheed Bello,Purdue Fort Wayne,Horz,2024,79410,bt_pid:79410,34,32.4722,14.9167,-0.344109,72.0,/Users/adriankong/Desktop/TROP/trank_final_data_2024_with_pbp.csv,exact_name_team_season,1.0,1298.0,Medium,"Bello, Rasheed",Purdue Fort Wayne,Horizon League,5111908.0,6-0,Jr,s-PG,34.0,0.8241,0.822,106.4291,0.2567,-0.3952,-1.3751,-1.5479,0.1728,unique_name_season,0.7407,917.0,Rasheed Bello,Fort Wayne,0.78,1.09,1.88,2024.0,0.89,0.36,1.25,103.0,99.6,3.4,152.0,bello rasheed,parkside,2023.0,79410,2024.0,1.9671,2.98691,-0.344109,-0.365519,0.0214106,0.564452,0.11699,0.447462,mid_major,72.0,52.300242,56.626099,33.171913,0.292978,1.679012,14.613553,28.063278,28.781651,2.63344,15.00041,1.472148,4.242493,20.360874,0.835708,5.014245,5.849953,5.166192,3.076923,2.811016,0.569801,0.43,0.759,6.257118,combined_exact,combined_player_database,archetype_exact_name_team_season,0.0,0.4694917409,1.0,0.0,0.4694917409,0.1437156407,0.0,0.0,0.0,0.3867926184
3911,older_school_realgm,2022-23,2023,2023-24,2024,"Hamilton, Jacksun",Parkside,,19,2.0,236.0,12.4,26,1.4,8,25.0,3,7.0,7,17.0,44,7,10,2,2,https://parksiderangers.com/sports/mens-basketball/stats/2022-23,,hamiltonjacksun|jacksunhamilton,matched,1,jacksunhamilton,1,0,Jacksun Hamilton,Western Illinois,OVC,2024,78557,bt_pid:78557,6,3.8,1.1,-15.567,79.0,/Users/adriankong/Desktop/TROP/trank_final_data_2024_with_pbp.csv,unmatched,,,,,,,,,,,,,,,,,,,,unmatched,,,,,,,,,,,,,,,,hamilton jacksun,parkside,2023.0,78557,2024.0,,,,,,,,,mid_major,79.0,38.0,40.024631,68.0,0.28,0.7,23.54049,4.888381,9.842091,6.40912,16.225405,0.875803,0.511606,4.40678,2.033898,5.423729,7.457627,1.186441,1.694915,0.338983,0.338983,0.429,0.412,1.615115,combined_exact,combined_player_database,archetype_exact_name_team_season,0.0,0.5398231317,0.5146531989,0.4853468011,0.0,0.0248069906,0.0,0.5398231317,0.4353698778,0.0
3957,older_school_realgm,2021-22,2022,2022-23,2023,"Huefner, Cameron",Pittsburg State,,24,24.0,596.0,24.8,233,9.7,80,158.0,23,58.0,50,64.0,118,20,40,11,7,https://pittstategorillas.com/sports/mens-basketball/stats/2021-22,,huefnercameron|cameronhuefner,matched,1,cameronhuefner,1,0,Cameron Huefner,Sam Houston St.,WAC,2023,76052,bt_pid:76052,30,21.0303,9.8182,0.550063,79.0,/Users/adriankong/Desktop/TROP/trank_final_data_2023_with_pbp.csv,exact_name_team_season,1.0,822.0,Low,"Huefner, Cameron",Sam Houston,Western Athletic Conference,5105879.0,6-7,So,WF,30.0,0.537,0.5223,101.3651,0.258,0.0015,-0.4719,-2.0844,1.6125,exact_name_team_season,1.0,1406.0,Cameron Huefner,Sam Houston State,-0.27,0.94,0.67,1073.0,0.56,0.19,0.75,99.1,90.4,8.7,110.0,huefner cameron,pittsburg state,2022.0,76052,2023.0,1.65337,2.5689,0.550063,-0.516375,1.06644,1.47683,0.407553,1.06928,mid_major,79.0,57.911392,62.580576,40.506329,0.367089,0.5,17.686594,7.491839,20.359802,6.356684,18.15851,1.326045,1.104416,15.637584,2.147651,5.771812,7.919463,1.342282,2.684564,0.738255,0.469799,0.397,0.781,5.221385,combined_exact,combined_player_database,archetype_exact_name_team_season,0.0,0.490100357,0.8886105569,0.1113894431,0.0,0.490100357,0.1659743671,0.0570306652,0.2868946107,0.0
3970,older_school_realgm,2022-23,2023,2023-24,2024,"Goracke, Brian",Point Loma,,33,33.0,893.0,27.1,425,12.9,157,311.0,65,169.0,46,63.0,141,37,45,25,9,https://plnusealions.com/sports/mens-basketball/stats/2022-23,,gorackebrian|briangoracke,matched,1,briangoracke,1,0,Brian Goracke,Montana St.,BSky,2024,78538,bt_pid:78538,32,30.4571,13.5143,-2.39868,78.0,/Users/adriankong/Desktop/TROP/trank_final_data_2024_with_pbp.csv,exact_name_team_season,1.0,2605.0,Low,"Goracke, Brian",Montana St.,Big Sky Conference,5175378.0,6-5,Jr,WG,32.0,0.7671,0.7541,105.4414,0.2133,-0.6334,-1.0368,2.6545,-3.6913,exact_name_team_season,1.0,2192.0,Brian Goracke,Montana State,0.35,-1.3,-0.95,1714.0,0.06,-0.5,-0.44,101.2,108.9,-7.7,-39.0,goracke brian,point loma,2023.0,78538,2024.0,1.8555,2.05499,-2.39868,-0.227794,-2.17089,-2.53263,-0.340157,-2.19247,mid_major,77.0,60.932476,62.736183,20.257235,0.543408,0.822222,11.727301,7.599096,21.90755,4.761725,13.141427,1.084487,1.611082,19.036954,1.612542,4.703247,6.315789,1.657335,2.015677,1.119821,0.403135,0.385,0.73,9.638615,combined_exact,combined_player_database,archetype_exact_name_team_season,0.0,0.3204688488,0.9657281085,0.0342718915,0.2363736164,0.2169995512,0.2261579836,0.0,0.3204688488,0.0
3980,older_school_realgm,2021-22,2022,2022-23,2023,"Mackenzie, Brock",Point Loma,,31,31.0,1005.0,32.4,456,14.7,157,359.0,64,179.0,78,87.0,82,73,50,33,3,https://plnusealions.com/sports/mens-basketball/stats/2021-22,,mackenziebrock|brockmackenzie,matched,1,brockmackenzie,1,0,Brock Mackenzie,Idaho St.,BSky,2023,76771,bt_pid:76771,30,30.7188,13.5,0.0075761,74.0,/Users/adriankong/Desktop/TROP/trank_final_data_2023_with_pbp.csv,exact_name_team_season,1.0,1362.0,Low,"Mackenzie, Brock",Idaho St.,Big Sky Conference,5107826.0,6-2,Sr,CG,30.0,0.7557,0.7555,119.6038,0.2098,2.675,1.7894,1.7053,0.0841,exact_name_team_season,1.0,1497.0,Brock Mackenzie,Idaho State,1.75,-1.23,0.52,1544.0,2.63,-1.03,1.6,98.2,106.2,-8.0,-72.0,mackenzie brock,point loma,2022.0,76771,2023.0,3.07523,1.83395,0.0075761,2.74592,-2.73835,1.42503,3.26084,-1.83581,mid_major,74.0,52.64624,57.390254,24.233983,0.498607,1.46,11.17868,13.475738,23.185684,1.289847,8.273937,0.323683,1.875482,18.149254,0.39801,2.865672,3.263682,2.905473,1.99005,1.313433,0.119403,0.358,0.897,9.242593,combined_exact,combined_player_database,archetype_exact_name_team_season,0.0,0.4867952242,0.9079544511,0.0920455489,0.4867952242,0.0,0.0,0.0,0.3878427325,0.1253620432
3987,older_school_realgm,2021-22,2022,2022-23,2023,"Anderson, Trey",Point Loma,,31,0.0,331.0,10.7,71,2.3,26,70.0,10,39.0,9,12.0,45,30,17,8,3,https://plnusealions.com/sports/mens-basketball/stats/2021-22,,andersontrey|treyanderson,matched_prior_d1_experience,1,treyanderson,1,1,Trey Anderson,San Jose St.,MWC,2023,70809,bt_pid:70809,34,24.6857,6.2286,1.72018,79.0,/Users/adriankong/Desktop/TROP/trank_final_data_2023_with_pbp.csv,exact_name_team_season,1.0,1080.0,Medium,"Anderson, Trey",San Jose St.,Mountain West Conference,4593007.0,6-7,Jr,WF,35.0,0.6176,0.6182,107.9101,0.1389,0.2253,0.4241,-0.4195,0.8435999999999999,exact_name_team_season,1.0,1020.0,Trey Anderson,San Jose State,1.59,-0.06,1.53,1346.0,1.4,0.27,1.67,107.5,99.8,7.7,44.0,anderson trey,point loma,2022.0,70809,2023.0,1.42899,2.08208,1.72018,1.07483,0.645359,0.315064,-0.652089,0.967153,mid_major,72.0,44.285714,47.157279,17.142857,0.557143,1.764706,18.422193,14.696963,14.523995,3.133042,12.9098,0.982783,1.38047,8.58006,0.966767,4.471299,5.438066,3.625378,2.054381,0.966767,0.362538,0.256,0.75,6.114254,combined_exact,combined_player_database,archetype_exact_name_team_season,0.0,0.4465404211,0.5131625667,0.4868374333,0.0,0.0,0.4465404211,0.1677662693,0.0,0.3856933096
4000,older_school_realgm,2021-22,2022,2022-23,2023,"Erikstrup, Dane",Pomona,,19,18.0,404.0,21.3,221,11.6,78,165.0,26,64.0,39,49.0,98,17,20,13,12,https://broncoathletics.com/sports/mens-basketball/stats/2021-22,,erikstrupdane|daneerikstrup,matched,1,daneerikstrup,1,0,Dane Erikstrup,Eastern Washington,BSky,2023,76796,bt_pid:76796,33,14.0,6.5294,-2.31161,82.0,/Users/adriankong/Desktop/TROP/trank_final_data_2023_with_pbp.csv,unique_name_season,0.8,635.0,Low,"Erikstrup, Dane",Eastern Wash.,Big Sky Conference,5107314.0,6-11,So,S-PF,33.0,0.351,0.3463,106.3355,0.2343,0.6097,0.345,-1.8333,2.1783,exact_name_team_season,1.0,1145.0,Dane Erikstrup,Eastern Washington,0.75,0.44,1.19,784.0,0.03,-0.15,-0.12,106.4,99.2,7.2,89.0,erikstrup dane,pomona,2022.0,76796,2023.0,1.05966,1.11519,-2.31161,0.128999,-2.4406,-2.49214,-1.0772,-1.41494,mid_major,82.0,55.151515,59.230274,29.69697,0.387879,0.85,9.682417,9.182235,25.887746,11.39119,16.107243,3.683326,1.914005,21.881188,4.059406,5.643564,9.70297,1.683168,1.980198,1.287129,1.188119,0.406,0.796,8.02099,combined_exact,combined_player_database,archetype_exact_name_team_season,0.0,0.2951152454,0.9839605755,0.0160394245,0.2414563233,0.2951152454,0.2012931879,0.2621352434,0.0,0.0
4028,older_school_realgm,2021-22,2022,2022-23,2023,"Williams, Jordan",Post,,22,2.0,376.0,17.1,125,5.7,42,82.0,20,41.0,21,31.0,78,17,11,21,4,https://posteagles.com/sports/mens-basketball/stats/2021-22,,williamsjordan|jordanwilliams,matched,1,jordanwilliams,1,0,Jordan Williams,Arizona St.,P12,2023,75737,bt_pid:75737,2,2.5,0.0,-13.864,70.0,/Users/adriankong/Desktop/TROP/trank_final_data_2023_with_pbp.csv,unmatched,,,,,,,,,,,,,,,,,,,,unmatched,,,,,,,,,,,,,,,,williams jordan,post,2022.0,75737,2023.0,,,,,,,,,mid_major,77.0,63.414634,65.349226,37.804878,0.5,1.545455,10.315079,7.136123,13.406181,8.441216,13.162374,1.002747,3.039454,13.297872,3.191489,5.106383,8.297872,1.808511,1.170213,2.234043,0.425532,0.488,0.677,5.141454,combined_exact,combined_player_database,archetype_exact_name_team_season,0.0,0.6504388595,0.4479989138,0.5520010862,0.0,0.6504388595,0.0,0.2964120065,0.053149134,0.0
4132,older_school_realgm,2022-23,2023,2023-24,2024,"Byhre, Rich",Rockhurst,,27,27.0,890.0,33.0,482,17.9,153,303.0,46,115.0,130,151.0,219,35,50,16,22,https://rockhursthawks.com/sports/mens-basketball/stats/2022-23,,byhrerich|richbyhre,matched,1,richbyhre,1,0,Rich Byhre,Green Bay,Horz,2024,78355,bt_pid:78355,30,19.3125,5.7812,-1.59277,80.0,/Users/adriankong/Desktop/TROP/trank_final_data_2024_with_pbp.csv,exact_name_team_season,1.0,2360.0,Medium,"Byhre, Rich",Green Bay,Horizon League,5176818.0,6-8,Sr,S-PF,30.0,0.4791,0.4674,104.3062,0.163,-1.0174,-1.4623,1.209,-2.6713,exact_name_team_season,1.0,1987.0,Rich Byhre,Green Bay,-0.0,-0.53,-0.53,938.0,0.5,-1.06,-0.56,99.7,105.2,-5.5,-26.0,byhre rich,rockhurst,2023.0,78355,2024.0,0.794453,1.26834,-1.59277,0.235497,-1.82827,-1.72606,-0.370557,-1.3555,mid_major,80.0,58.085809,65.233867,49.834983,0.379538,0.7,11.920656,8.379831,23.804749,6.570214,22.351853,3.083271,1.03549,21.662921,2.337079,7.505618,9.842697,1.573034,2.247191,0.719101,0.988764,0.4,0.861,6.493685,combined_exact,combined_player_database,archetype_exact_name_team_season,0.0,0.6396752022,1.0,0.0,0.0,0.6396752022,0.1341158589,0.0520715318,0.1741374071,0.0
4162,older_school_realgm,2022-23,2023,2023-24,2024,"Johnson, Isaac",Rogers State,,29,15.0,568.0,19.6,208,7.2,57,160.0,25,89.0,69,85.0,76,27,27,19,2,https://rsuhillcats.com/sports/mens-basketball/stats/2022-23,,johnsonisaac|isaacjohnson,matched,1,isaacjohnson,1,0,Isaac Johnson,Utah St.,MWC,2024,75331,bt_pid:75331,33,14.9429,6.5714,1.48402,84.0,/Users/adriankong/Desktop/TROP/trank_final_data_2024_with_pbp.csv,exact_name_team_season,1.0,806.0,Medium,"Johnson, Isaac",Utah St.,Mountain West Conference,4898118.0,7-0,So,PF/C,33.0,0.3778,0.3689,106.188,0.2049,0.9339,1.3682,-0.231,1.5992000000000002,exact_name_team_season,1.0,992.0,Isaac Johnson,Utah State,0.58,1.09,1.67,882.0,0.85,1.13,1.98,113.1,97.0,16.1,103.0,johnson isaac,rogers state,2023.0,75331,2024.0,1.14586,1.58762,1.48402,0.492324,0.9917,1.37018,0.0692685,1.30091,mid_major,77.0,43.4375,52.684904,53.125,0.55625,1.0,12.032086,8.721139,21.063652,2.27068,15.842362,0.501097,1.961671,14.647887,0.704225,4.647887,5.352113,1.901408,1.901408,1.338028,0.140845,0.281,0.812,8.335467,combined_exact,combined_player_database,archetype_exact_name_team_season,0.0,0.4325198069,0.7817504308,0.2182495692,0.1627894882,0.4325198069,0.2441222354,0.0,0.1605684695,0.0
4212,older_school_realgm,2022-23,2023,2023-24,2024,"Sall, Mo",Roosevelt,,25,0.0,295.0,11.8,29,1.2,10,28.0,4,15.0,5,11.0,48,6,5,11,3,https://rooseveltlakers.com/sports/mens-basketball/stats,,sallmo|mosall,matched_prior_d1_experience,1,mosall,1,1,Mo Sall,DePaul,BE,2024,77596,bt_pid:77596,2,2.0,0.0,-16.9511,77.0,/Users/adriankong/Desktop/TROP/trank_final_data_2024_with_pbp.csv,unmatched,,,,,,,,,,,,,,,,,,,,unmatched,,,,,,,,,,,,,,,,sall mo,roosevelt,2023.0,77596,2024.0,,,,,,,,,mid_major,,42.857143,44.153471,39.285714,0.535714,1.2,13.213531,3.72061,6.920831,7.577268,10.934036,1.098305,2.131743,3.9322033898305087,,,6.508474576271187,0.8135593220338984,0.6779661016949152,1.4915254237288136,0.4067796610169492,0.267,0.455,,alt_same_player_team_any_season,step26_height_class_advanced_export,archetype_same_player_team_any_season,0.0,0.614374136,0.4136221666,0.5863778334,0.0,0.0,0.0,0.614374136,0.385625864,0.0
4260,older_school_realgm,2022-23,2023,2023-24,2024,"McGlashan, Owen",Saint Anselm,,30,30.0,1001.0,33.4,374,12.5,132,285.0,56,138.0,54,78.0,212,66,62,27,15,https://saintanselmhawks.com/sports/mens-basketball/stats/2022-23,,mcglashanowen|owenmcglashan,matched,1,owenmcglashan,1,0,Owen McGlashan,Sam Houston St.,CUSA,2024,71787,bt_pid:71787,27,9.5517,3.0345,4.89379,79.0,/Users/adriankong/Desktop/TROP/trank_final_data_2024_with_pbp.csv,unmatched,,,,,,,,,,,,,,,,,,,,unmatched,,,,,,,,,,,,,,,,mcglashan owen,st anselm,2023.0,71787,2024.0,0.827546,0.895757,4.89379,3.15554,1.73825,3.38548,1.17172,2.21376,mid_major,79.0,56.140351,58.561944,27.368421,0.484211,1.064516,16.25931,12.235993,19.406891,6.89081,17.390091,1.476602,1.54599,14.945055,2.397602,6.073926,8.471528,2.637363,2.477522,1.078921,0.599401,0.406,0.692,7.022005,combined_exact,combined_player_database,archetype_exact_name_team_season,0.0,0.4520450922,0.9010931412,0.0989068588,0.1878968373,0.4520450922,0.0,0.0297275144,0.3303305561,0.0
4314,older_school_realgm,2021-22,2022,2022-23,2023,"Schumacher, Alex",Saint Martins,,24,24.0,730.0,30.4,350,14.6,123,268.0,43,89.0,61,72.0,117,97,53,35,4,https://smusaints.com/sports/mens-basketball/stats/2021-22,,schumacheralex|alexschumacher,matched,1,alexschumacher,1,0,Alex Schumacher,Seattle,WAC,2023,76371,bt_pid:76371,30,30.1562,11.9688,-1.54548,75.0,/Users/adriankong/Desktop/TROP/trank_final_data_2023_with_pbp.csv,unique_name_season,0.875,1176.0,Low,"Schumacher, Alex",Seattle U,Western Athletic Conference,4712280.0,6-3,Jr,CG,30.0,0.7733,0.7696,94.7041,0.2522,-2.039,-1.5568,-2.1452,0.5884,exact_name_team_season,1.0,1325.0,Alex Schumacher,Seattle,-0.28,1.13,0.85,1638.0,-0.55,0.51,-0.04,99.2,96.0,3.1,74.0,schumacher alex,st martins,2022.0,76371,2023.0,0.952714,3.19002,-1.54548,-2.19827,0.652791,-1.70702,-2.5774,0.870372,mid_major,75.0,53.91791,58.395622,26.865672,0.33209,1.830189,15.027787,23.409533,24.648216,3.205198,15.424075,0.618371,2.815399,19.178082,1.041096,5.369863,6.410959,5.315068,2.90411,1.917808,0.219178,0.483,0.847,6.218614,combined_exact,combined_player_database,archetype_exact_name_team_season,0.0,0.3863900624,0.9331674894,0.0668325106,0.3763222854,0.2372876522,0.0,0.0,0.0,0.3863900624
4324,older_school_realgm,2021-22,2022,2022-23,2023,"Ilic, Veljko",Saint Martins,,17,0.0,126.0,7.4,33,1.9,15,28.0,0,0.0,3,6.0,30,9,10,2,0,https://smusaints.com/sports/mens-basketball/stats/2021-22,,ilicveljko|veljkoilic,matched_prior_d1_experience,1,veljkoilic,1,1,Veljko Ilic,Loyola MD,Pat,2023,75655,bt_pid:75655,15,11.4667,3.7333,-5.32332,82.0,/Users/adriankong/Desktop/TROP/trank_final_data_2023_with_pbp.csv,unmatched,,,,,,,,,,,,,,,,,,,,unmatched,,,,,,,,,,,,,,,,ilic veljko,st martins,2022.0,75655,2023.0,0.063347,0.735025,-5.32332,-4.61707,-0.706253,-6.83296,-5.29532,-1.53764,mid_major,81.0,53.571429,53.851175,21.428571,0.0,0.9,24.606299,11.575563,16.455484,8.796221,19.148936,0.0,0.932082,10.47619,2.857143,6.666667,9.52381,2.857143,3.174603,0.634921,0.0,0.0,0.5,0.0,combined_exact,combined_player_database,archetype_exact_name_team_season,0.0,0.5217465202,0.5052927252,0.4947072748,0.0,0.5217465202,0.1283293388,0.349924141,0.0,0.0
4337,older_school_realgm,2021-22,2022,2022-23,2023,"Gardner, Patrick",Saint Michaels,,23,23.0,694.0,30.2,465,20.2,170,366.0,41,127.0,84,121.0,235,38,59,16,54,https://smcathletics.com/sports/mens-basketball/stats/2021-22,,gardnerpatrick|patrickgardner,matched,1,patrickgardner,1,0,Patrick Gardner,Marist,MAAC,2023,76492,bt_pid:76492,33,30.9091,19.1212,2.85045,83.0,/Users/adriankong/Desktop/TROP/trank_final_data_2023_with_pbp.csv,exact_name_team_season,1.0,1623.0,Low,"Gardner, Patrick",Marist,Metro Atlantic Athletic Conference,5107771.0,6-11,Sr,PF/C,33.0,0.7836,0.7614,108.1698,0.3241,1.5135,0.7113,1.3232,-0.6118999999999999,exact_name_team_season,1.0,780.0,Patrick Gardner,Marist,1.62,0.56,2.18,1694.0,2.42,0.8,3.22,95.0,104.2,-9.2,-32.0,gardner patrick,st michaels,2022.0,76492,2023.0,3.50684,2.76714,2.85045,2.44927,0.401172,6.15655,5.85638,0.300171,mid_major,82.0,52.04918,55.457495,33.060109,0.346995,0.644068,12.336902,13.809804,33.896133,8.808533,26.966164,7.724944,1.293509,26.801153,3.227666,10.317003,13.544669,2.190202,3.400576,0.92219,3.112392,0.323,0.694,8.989588,combined_exact,combined_player_database,archetype_exact_name_team_season,0.0,0.3565385927,1.0,0.0,0.3229987553,0.320462652,0.0,0.3565385927,0.0,0.0
4373,older_school_realgm,2022-23,2023,2023-24,2024,"Denker, Quinn",San Marcos,,27,18.0,878.0,32.5,392,14.5,134,305.0,53,132.0,71,77.0,93,76,38,31,5,https://csusmcougars.com/sports/mens-basketball/stats/2022-23,,denkerquinn|quinndenker,matched,1,quinndenker,1,0,Quinn Denker,Idaho,BSky,2024,77963,bt_pid:77963,30,32.9375,12.4688,-3.60364,75.0,/Users/adriankong/Desktop/TROP/trank_final_data_2024_with_pbp.csv,exact_name_team_season,1.0,2845.0,Low,"Denker, Quinn",Idaho,Big Sky Conference,5176300.0,6-3,Jr,CG,30.0,0.8473,0.8502,99.3215,0.2509,-1.9461,-2.801,2.9415,-5.7425,exact_name_team_season,1.0,2394.0,Quinn Denker,Idaho,0.11,-1.56,-1.45,1692.0,0.28,-0.5,-0.22,95.6,112.4,-16.8,-222.0,denker quinn,san marcos,2023.0,77963,2024.0,1.27767,1.71589,-3.60364,-1.03328,-2.57037,-3.69593,-1.13001,-2.56592,mid_major,75.0,52.622951,57.837583,25.245902,0.432787,2.0,10.082785,16.708458,23.258858,2.06906,11.093645,0.69852,2.111369,17.85877,0.683371,3.553531,4.236902,3.462415,1.731207,1.412301,0.22779,0.402,0.922,8.098005,combined_exact,combined_player_database,archetype_exact_name_team_season,0.0,0.4467890645,0.8042732971,0.1957267029,0.4467890645,0.1441023094,0.0,0.0,0.1524761432,0.256632483
4414,older_school_realgm,2021-22,2022,2022-23,2023,"Lewis, Austin",Savannah State,,16,1.0,146.0,9.1,29,1.8,10,33.0,5,18.0,4,6.0,10,7,10,2,3,https://ssuathletics.com/sports/mens-basketball/stats/2021-22,,lewisaustin|austinlewis,matched_prior_d1_experience,1,austinlewis,1,1,Austin Lewis,Holy Cross,Pat,2023,75164,bt_pid:75164,5,5.7143,2.1429,-9.65935,83.0,/Users/adriankong/Desktop/TROP/trank_final_data_2023_with_pbp.csv,unmatched,,,,,,,,,,,,,,,,,,,,unmatched,,,,,,,,,,,,,,,,lewis austin,savannah state,2022.0,75164,2023.0,-0.310848,0.443854,-9.65935,-4.73487,-4.92448,-6.16964,-3.42099,-2.74865,mid_major,74.0,37.878788,40.684624,18.181818,0.545455,0.7,21.910605,9.994435,15.612939,3.09715,5.000141,2.289961,0.784797,7.945205,1.09589,1.643836,2.739726,1.917808,2.739726,0.547945,0.821918,0.278,0.667,6.139896,combined_exact,combined_player_database,archetype_exact_name_team_season,0.0,0.6088893591,0.6281329775,0.3718670225,0.0,0.0,0.6088893591,0.0427757957,0.2554971883,0.0928376569
4429,older_school_realgm,2021-22,2022,2022-23,2023,"Moffitt, Divant'e",Seattle Pacific,,27,26.0,811.0,30.0,521,19.3,181,373.0,25,83.0,134,169.0,103,103,74,25,2,https://spufalcons.com/sports/mens-basketball/stats/2021-22,,moffittdivante|divantemoffitt,matched,1,divantemoffitt,1,0,Divant'e Moffitt,Idaho,BSky,2023,75902,bt_pid:75902,30,34.375,18.2812,-2.82278,75.0,/Users/adriankong/Desktop/TROP/trank_final_data_2023_with_pbp.csv,exact_name_team_season,1.0,1511.0,Low,"Moffitt, Divant'e",Idaho,Big Sky Conference,5107821.0,6-3,Sr,s-PG,30.0,0.869,0.8635,108.9483,0.3318,1.6009,1.1948,1.4947,-0.2998999999999998,exact_name_team_season,1.0,1626.0,Divant'e Moffitt,Idaho,1.51,-1.28,0.23,1760.0,1.15,-0.84,0.31,99.6,110.5,-10.8,-90.0,moffitt divant e,seattle pacific,2022.0,75902,2023.0,3.67825,1.65477,-2.82278,1.16019,-3.98297,-1.85989,1.69462,-3.55451,mid_major,74.0,51.876676,58.230508,45.308311,0.22252,1.391892,14.193647,30.011576,33.65122,3.072638,12.289582,0.266212,1.81606,25.696671,1.035758,4.04439,5.080148,5.080148,3.649815,1.233046,0.098644,0.301,0.793,5.355831,combined_exact,combined_player_database,archetype_exact_name_team_season,0.0,0.3723304788,1.0,0.0,0.3677704223,0.259899099,0.0,0.0,0.0,0.3723304788
4439,older_school_realgm,2022-23,2023,2023-24,2024,"Tabe, Samuel",Seton Hill,,29,29.0,781.0,26.9,476,16.4,189,347.0,15,60.0,83,112.0,239,52,65,29,8,https://athletics.setonhill.edu/sports/mens-basketball/stats/2022-23,,tabesamuel|samueltabe,matched,1,samueltabe,1,0,Samuel Tabe,South Alabama,SB,2024,78362,bt_pid:78362,27,22.5172,11.8621,-2.88787,77.0,/Users/adriankong/Desktop/TROP/trank_final_data_2024_with_pbp.csv,exact_name_team_season,1.0,850.0,Medium,"Tabe , Samuel",South Alabama,Sun Belt Conference,5176684.0,6-5,Sr,WG,26.0,0.513,0.5117,111.3303,0.2768,1.4811,1.0215,-0.4072,1.4287,unmatched,,,,,,,,,,,,,,,,tabe samuel,seton hill,2023.0,78362,2024.0,1.89184,1.55848,-2.88787,-1.08919,-1.79868,-1.61541,0.0376655,-1.65308,mid_major,77.0,56.628242,60.058544,32.276657,0.172911,0.8,14.091224,14.039525,28.803167,7.353421,25.487685,1.057779,2.036044,24.379001,2.612036,9.628681,12.240717,2.663252,3.329065,1.485275,0.409731,0.25,0.741,3.758537,combined_exact,combined_player_database,archetype_exact_name_team_season,0.0,0.8185944425,1.0,0.0,0.0987369669,0.8185944425,0.0826685906,0.0,0.0,0.0
4485,older_school_realgm,2021-22,2022,2022-23,2023,"Barnes, Dee",Shaw,,16,3.0,140.0,8.8,47,2.9,13,43.0,2,7.0,19,35.0,11,11,16,9,0,https://shawbears.com/sports/mens-basketball/stats/2021-22,,barnesdee|deebarnes,matched_prior_d1_experience,1,deebarnes,1,1,Dee Barnes,Southern Utah,WAC,2023,66247,bt_pid:66247,33,15.0811,6.027,1.22532,76.0,/Users/adriankong/Desktop/TROP/trank_final_data_2023_with_pbp.csv,exact_name_team_season,1.0,1161.0,Low,"Barnes, Dee",Southern Utah,Western Athletic Conference,4397973.0,6-4,Sr,WG,33.0,0.3642,0.3756,120.772,0.1547,2.4012,1.6563,1.0143,0.6420000000000001,exact_name_team_season,1.0,1813.0,Dee Barnes,Southern Utah,1.51,-1.68,-0.17,910.0,2.06,-0.77,1.29,107.6,107.5,0.2,-17.0,barnes dee,shaw,2022.0,66247,2023.0,1.54051,1.20998,1.22532,2.75758,-1.53225,1.73502,2.40613,-0.671111,mid_major,73.0,32.55814,40.239726,81.395349,0.162791,0.6875,21.505376,14.442013,26.897399,2.601156,6.666667,0.0,3.776118,13.428571,0.857143,2.285714,3.142857,3.142857,4.571429,2.571429,0.0,0.286,0.543,2.538684,combined_exact,combined_player_database,archetype_exact_name_team_season,0.0,0.4817212617,0.4990681421,0.5009318579,0.4817212617,0.3273842209,0.0,0.0,0.0,0.1908945173
4624,older_school_realgm,2022-23,2023,2023-24,2024,"Boyd, Karon",South Carolina Aiken,,33,33.0,907.0,27.5,369,11.2,137,283.0,40,114.0,55,76.0,185,31,42,23,8,https://pacersports.com/sports/mens-basketball/stats/2022-23,,boydkaron|karonboyd,matched,1,karonboyd,1,0,Karon Boyd,East Tennessee St.,SC,2024,78734,bt_pid:78734,28,30.4667,6.6667,-0.921421,77.0,/Users/adriankong/Desktop/TROP/trank_final_data_2024_with_pbp.csv,exact_name_team_season,1.0,1080.0,Low,"Boyd, Karon",ETSU,Southern Conference,5176140.0,6-5,So,WF,28.0,0.6448,0.6467,99.808,0.1531,-1.475,-1.7591,-2.5047,0.7456,exact_name_team_season,1.0,1550.0,Karon Boyd,East Tennessee State,-0.49,0.82,0.33,1473.0,-0.42,-0.21,-0.63,99.3,97.0,2.3,49.0,boyd karon,south carolina aiken,2023.0,78734,2024.0,0.0170796,2.56284,-0.921421,-1.25577,0.334346,-2.48687,-2.21278,-0.274091,mid_major,77.0,55.477032,58.304892,26.855124,0.402827,0.738095,11.717442,6.012053,18.932046,8.081447,14.378633,0.959982,1.440395,16.273429,3.042999,5.115766,8.158765,1.367144,1.85226,1.014333,0.352811,0.351,0.724,6.031025,combined_exact,combined_player_database,archetype_exact_name_team_season,0.0,0.4919963198,0.9548905593,0.0451094407,0.0,0.3817545909,0.072995594,0.0532534953,0.4919963198,0.0
4710,older_school_realgm,2022-23,2023,2023-24,2024,"Okwuosa, Ethan",Southern New Hampshire,,30,30.0,1018.0,33.9,373,12.4,144,347.0,44,114.0,41,52.0,178,68,52,26,12,https://snhupenmen.com/sports/mens-basketball/stats/2022-23,,okwuosaethan|ethanokwuosa,matched,1,ethanokwuosa,1,0,Ethan Okwuosa,Boston University,Pat,2024,78666,bt_pid:78666,32,24.8485,7.6061,-3.53917,74.0,/Users/adriankong/Desktop/TROP/trank_final_data_2024_with_pbp.csv,unique_name_season,0.64,2665.0,Low,"Okwuosa, Ethan",Boston U.,Patriot League,5176036.0,6-3,Jr,WG,31.0,0.6237,0.6204,98.3786,0.1798,-1.9265,-1.8749,2.1464,-4.0213,exact_name_team_season,1.0,2557.0,Ethan Okwuosa,Boston University,-1.39,-0.53,-1.92,1354.0,-0.85,-0.72,-1.58,93.7,104.4,-10.6,-43.0,okwuosa ethan,southern new hampshire,2023.0,78666,2024.0,0.335646,1.85229,-3.53917,-2.49921,-1.03996,-2.40518,-1.75903,-0.646153,mid_major,75.0,47.838617,50.421758,14.985591,0.32853,1.307692,12.32578,13.719543,22.209423,2.711198,17.417655,1.360133,1.555848,14.656189,0.903733,6.090373,6.994106,2.671906,2.043222,1.021611,0.471513,0.386,0.788,6.019101,combined_exact,combined_player_database,archetype_exact_name_team_season,0.0,0.3538697813,0.9193750645,0.0806249355,0.2426194424,0.3538697813,0.0,0.0,0.3276361954,0.075874581
4719,older_school_realgm,2021-22,2022,2022-23,2023,"Gray, Aaron",Southern New Hampshire,,21,20.0,639.0,30.4,327,15.6,116,251.0,39,107.0,56,73.0,133,25,27,31,6,https://snhupenmen.com/sports/mens-basketball/stats/2021-22,,grayaaron|aarongray,matched,1,aarongray,1,0,Aaron Gray,Niagara,MAAC,2023,76111,bt_pid:76111,30,32.4194,12.3548,-1.43731,79.0,/Users/adriankong/Desktop/TROP/trank_final_data_2023_with_pbp.csv,exact_name_team_season,1.0,2174.0,Low,"Gray, Aaron",Niagara,Metro Atlantic Athletic Conference,5107795.0,6-7,So,WG,30.0,0.8188,0.8162,104.2629,0.2077,-0.3834,-0.5828,1.6394,-2.2222,exact_name_team_season,1.0,1655.0,Aaron Gray,Niagara,0.95,-0.77,0.18,1572.0,0.8,-0.54,0.26,99.1,106.0,-6.9,-62.0,gray aaron,southern new hampshire,2022.0,76111,2023.0,2.19677,2.32037,-1.43731,0.533765,-1.97108,-0.45404,0.931315,-1.38535,mid_major,79.0,53.984064,57.749364,29.083665,0.426295,0.925926,8.706307,8.220507,23.987212,6.245419,15.681432,0.987187,2.689026,20.469484,2.378717,5.946792,8.325509,1.564945,1.690141,1.940532,0.375587,0.364,0.767,8.262641,combined_exact,combined_player_database,archetype_exact_name_team_season,0.0,0.4087892382,0.9278482786,0.0721517214,0.3198432416,0.4087892382,0.0294572597,0.0,0.2419102605,0.0
4746,older_school_realgm,2021-22,2022,2022-23,2023,"Bradford, Davion",Southern Wesleyan,,29,16.0,723.0,24.9,210,7.2,75,160.0,13,45.0,47,60.0,89,63,62,58,4,https://swuathletics.com/sports/mens-basketball/stats/2021-22,,bradforddavion|davionbradford,matched_prior_d1_experience,1,davionbradford,1,1,Davion Bradford,Wake Forest,ACC,2023,72773,bt_pid:72773,26,9.9615,2.5385,-0.570962,84.0,/Users/adriankong/Desktop/TROP/trank_final_data_2023_with_pbp.csv,unmatched,,,,,,,,,,,,,,,,,,,,unmatched,,,,,,,,,,,,,,,,bradford davion,southern wesleyan,2022.0,72773,2023.0,0.324783,0.913735,-0.570962,-1.98872,1.41776,-2.61721,-3.4034,0.786194,power_4,72.0,50.9375,56.330472,37.5,0.28125,1.016129,24.959742,14.761899,17.100375,3.139199,10.474648,0.564837,4.476208,11.618257,1.106501,3.817427,4.923928,3.485477,3.430152,3.208852,0.2213,0.289,0.783,3.10077,combined_exact,combined_player_database,archetype_exact_name_team_season,0.0,0.5138474492,0.5702954739,0.4297045261,0.5138474492,0.0133934713,0.0,0.0,0.0,0.4727590795
4768,older_school_realgm,2021-22,2022,2022-23,2023,"Beaubrun, Jalil",Southwest Baptist,,23,23.0,568.0,24.7,278,12.1,101,205.0,19,45.0,57,82.0,138,12,48,12,39,https://sbubearcats.com/sports/mens-basketball/stats/2021-22,,beaubrunjalil|jalilbeaubrun,matched,1,jalilbeaubrun,1,0,Jalil Beaubrun,Stephen F. Austin,WAC,2023,76950,bt_pid:76950,16,11.8824,2.5294,-4.40865,81.0,/Users/adriankong/Desktop/TROP/trank_final_data_2023_with_pbp.csv,unmatched,,,,,,,,,,,,,,,,,,,,unmatched,,,,,,,,,,,,,,,,beaubrun jalil,southwest baptist,2022.0,76950,2023.0,-0.405088,1.20025,-4.40865,-5.59317,1.18452,-5.69167,-5.90042,0.208759,mid_major,81.0,53.902439,57.657209,40.0,0.219512,0.25,16.6044,4.106905,26.537777,10.683116,20.49941,8.058399,1.25286,19.577465,3.098592,6.619718,9.71831,0.84507,3.380282,0.84507,2.746479,0.422,0.695,4.142262,combined_exact,combined_player_database,archetype_exact_name_team_season,0.0,0.6694436543,1.0,0.0,0.2521007156,0.0784556301,0.0,0.6694436543,0.0,0.0
4769,older_school_realgm,2021-22,2022,2022-23,2023,"Aguirre, Nico",Southwest Baptist,,24,1.0,619.0,25.8,162,6.8,48,111.0,37,80.0,29,34.0,73,60,23,25,1,https://sbubearcats.com/sports/mens-basketball/stats/2021-22,,aguirrenico|nicoaguirre,matched,1,nicoaguirre,1,0,Nico Aguirre,Southern Miss,SB,2023,70738,bt_pid:70738,24,8.6667,1.6296,0.380883,72.0,/Users/adriankong/Desktop/TROP/trank_final_data_2023_with_pbp.csv,unmatched,,,,,,,,,,,,,,,,,,,,unmatched,,,,,,,,,,,,,,,,aguirre nico,southwest baptist,2022.0,70738,2023.0,0.373274,0.779649,0.380883,1.01039,-0.629503,0.314698,-1.05172,1.36642,mid_major,72.0,59.90991,64.306129,30.630631,0.720721,2.608696,15.440387,15.768934,12.547981,2.896319,12.006667,0.189602,2.395074,10.468498,0.840065,3.877221,4.717286,3.877221,1.486268,1.615509,0.06462,0.463,0.853,6.757293,combined_exact,combined_player_database,archetype_exact_name_team_season,0.0,0.666004657,0.4428286221,0.5571713779,0.0148757513,0.2955810556,0.0,0.0,0.0235385361,0.666004657
4801,older_school_realgm,2022-23,2023,2023-24,2024,"Johnson, Jalen",Southwestern Oklahoma State,,13,0.0,112.0,8.6,72,5.5,27,53.0,9,23.0,9,13.0,15,8,11,8,0,https://swosuathletics.com/sports/mens-basketball/stats/2022-23,,johnsonjalen|jalenjohnson,matched_prior_d1_experience,1,jalenjohnson,1,1,Jalen Johnson,Grambling St.,SWAC,2024,71990,bt_pid:71990,33,21.1389,7.3333,-3.78889,80.0,/Users/adriankong/Desktop/TROP/trank_final_data_2024_with_pbp.csv,exact_name_team_season,1.0,1672.0,Low,"Johnson, Jalen",Grambling,Southwestern Athletic Conference,4594013.0,6-7,Jr,WF,33.0,0.5132,0.5055,98.8605,0.1968,-1.3209,-1.4131,-0.6163,-0.7968000000000001,exact_name_team_season,1.0,2383.0,Jalen Johnson,Grambling,-1.27,-0.14,-1.42,1118.0,-1.88,-0.9,-2.78,95.6,105.4,-9.9,-44.0,johnson jalen,southwestern oklahoma state,2023.0,71990,2024.0,0.447882,1.45837,-3.78889,-2.58722,-1.20167,-3.73803,-2.84791,-0.890115,mid_major,71.0,59.433962,61.307902,24.528302,0.433962,0.727273,15.777395,18.462903,29.849176,4.487803,10.583038,0.0,3.932837,25.714286,1.785714,3.571429,5.357143,2.857143,3.928571,2.857143,0.0,0.391,0.692,9.818285,combined_exact,combined_player_database,archetype_exact_name_team_season,0.0,0.8974393993,0.8086507456,0.1913492544,0.8974393993,0.0283695066,0.0741910942,0.0,0.0,0.0
4829,older_school_realgm,2021-22,2022,2022-23,2023,"Roberts, Anthony",St Cloud State,,27,27.0,1045.0,38.7,145,0.752,558,20.7,432,0.472,142,0.289,227,61,68,40,29,https://scsuhuskies.com/sports/mens-basketball/stats/2021-22,,robertsanthony|anthonyroberts,matched_prior_d1_experience,1,anthonyroberts,1,1,Anthony Roberts,Purdue Fort Wayne,Horz,2023,143688,bt_pid:143688,30,17.0938,7.2812,-1.23499,76.0,/Users/adriankong/Desktop/TROP/trank_final_data_2023_with_pbp.csv,exact_name_team_season,1.0,1846.0,Medium,"Roberts, Anthony",Purdue Fort Wayne,Horizon League,5106787.0,6-4,Sr,WG,30.0,0.4205,0.4321,102.2881,0.2082,-1.256,-0.7159,0.5746,-1.2905,unique_name_season,0.7407,1800.0,Anthony Roberts,Fort Wayne,0.06,-0.22,-0.16,886.0,-0.58,0.14,-0.45,100.4,104.2,-3.8,-14.0,roberts anthony,state cloud state,2022.0,143688,2023.0,0.606901,1.48237,-1.23499,-1.8395,0.604507,-0.045299,-0.383074,0.337775,mid_major,76.0,51.967593,56.272691,33.564815,0.328704,0.897059,12.061015,11.444251,27.142538,6.843555,18.781834,2.813266,2.13853,21.358852,2.373206,6.315789,8.688995,2.334928,2.602871,1.5311,1.110048,0.288732,0.751724,6.836184,combined_exact,combined_player_database,archetype_exact_name_team_season,0.0,0.4715770902,1.0,0.0,0.3479226509,0.4715770902,0.0,0.0702465419,0.110253717,0.0
4830,older_school_realgm,2021-22,2022,2022-23,2023,"Donaldson, Caleb",St Cloud State,,29,29.0,1104.0,38.1,148,0.784,510,17.6,332,0.566,47,0.383,113,98,57,18,5,https://scsuhuskies.com/sports/mens-basketball/stats/2021-22,,donaldsoncaleb|calebdonaldson,matched,1,calebdonaldson,1,0,Caleb Donaldson,Eastern Illinois,OVC,2023,76462,bt_pid:76462,29,32.1935,8.4839,-6.98518,77.0,/Users/adriankong/Desktop/TROP/trank_final_data_2023_with_pbp.csv,unique_name_season,0.8148,2866.0,Low,"Donaldson, Caleb",Eastern Ill.,Ohio Valley Conference,5107705.0,6-5,Jr,CG,29.0,0.815,0.8217,90.6542,0.1671,-3.3043,-4.1094,3.0612,-7.1706,exact_name_team_season,1.0,2787.0,Caleb Donaldson,Eastern Illinois,-0.85,-2.12,-2.97,1682.0,-0.93,-1.13,-2.06,89.6,108.7,-19.1,-229.0,donaldson caleb,state cloud state,2022.0,76462,2023.0,-0.609205,1.58587,-6.98518,-3.67681,-3.30837,-6.26583,-3.62626,-2.63956,mid_major,76.0,59.337349,64.212329,44.578313,0.141566,1.719298,12.551748,16.592443,20.693942,4.388202,7.649968,0.459124,0.910909,18.478261,1.521739,2.572464,4.094203,3.550725,2.065217,0.652174,0.181159,0.382979,0.783784,2.141758,combined_exact,combined_player_database,archetype_exact_name_team_season,0.0,0.4417258351,1.0,0.0,0.0,0.1725172583,0.0,0.0,0.3857569067,0.4417258351
4873,older_school_realgm,2021-22,2022,2022-23,2023,"Magee, Kobe",St Marys TX,,23,22.0,681.0,29.6,270,11.7,99,234.0,58,140.0,14,16.0,79,100,55,23,2,https://rattlerathletics.com/sports/mens-basketball/stats/2021-22,,mageekobe|kobemagee,matched,1,kobemagee,1,0,Kobe MaGee,Drexel,CAA,2023,76426,bt_pid:76426,22,7.913,2.2609,-1.87162,78.0,/Users/adriankong/Desktop/TROP/trank_final_data_2023_with_pbp.csv,unmatched,,,,,,,,,,,,,,,,,,,,unmatched,,,,,,,,,,,,,,,,magee kobe,state marys tx,2022.0,76426,2023.0,0.189065,0.63592,-1.87162,-1.74653,-0.125082,0.355037,-0.959612,1.31465,mid_major,72.0,54.700855,56.007302,6.837607,0.598291,1.818182,18.57857,28.294408,21.454019,2.067057,11.215415,0.322767,1.927166,15.859031,0.704846,3.935389,4.640235,5.873715,3.230543,1.350954,0.117474,0.414,0.875,10.115516,combined_exact,combined_player_database,archetype_exact_name_team_season,0.0,0.5471843922,0.8535064432,0.1464935568,0.5471843922,0.0,0.0696447562,0.0,0.0,0.3831708515
4886,older_school_realgm,2022-23,2023,2023-24,2024,"Short, Marlon",Stanislaus,,28,26.0,911.0,32.5,428,15.3,180,385.0,10,60.0,58,76.0,145,42,42,31,16,https://warriorathletics.com/sports/mens-basketball/stats/2022-23,,shortmarlon|marlonshort,matched,1,marlonshort,1,0,Marlon Short,UMBC,AE,2024,78909,bt_pid:78909,26,15.8889,2.8889,-6.00374,78.0,/Users/adriankong/Desktop/TROP/trank_final_data_2024_with_pbp.csv,exact_name_team_season,1.0,2691.0,Low,"Short, Marlon",UMBC,America East Conference,4904726.0,6-5,So,WG,26.0,0.3297,0.3302,84.1413,0.1292,-3.5403,-1.8823,2.2464,-4.1287,exact_name_team_season,1.0,2970.0,Marlon Short,UMBC,-2.27,-2.13,-4.4,756.0,-2.9,-1.32,-4.22,98.6,115.2,-16.6,-78.0,short marlon,stanislaus,2023.0,78909,2024.0,-0.814556,0.772652,-6.00374,-4.38545,-1.6183,-6.30838,-4.34739,-1.96099,mid_major,77.0,48.051948,51.142338,19.74026,0.155844,1.0,9.12171,10.251158,25.985261,5.263564,13.930702,2.115128,2.010422,18.792536,1.844127,4.522503,6.36663,1.844127,1.844127,1.361142,0.702525,0.167,0.763,3.383016,combined_exact,combined_player_database,archetype_exact_name_team_season,0.0,0.4200476404,1.0,0.0,0.158738139,0.4200476404,0.0,0.0165382426,0.3505461464,0.0541298316
4899,older_school_realgm,2022-23,2023,2023-24,2024,"Jones, Isaiah",Stanislaus,,22,0.0,178.0,8.1,48,2.2,16,49.0,7,33.0,9,12.0,8,2,5,5,1,https://warriorathletics.com/sports/mens-basketball/stats/2022-23,,jonesisaiah|isaiahjones,matched_prior_d1_experience,1,isaiahjones,1,1,Isaiah Jones,Oakland,Horz,2024,77062,bt_pid:77062,33,19.0303,4.9394,3.79821,77.0,/Users/adriankong/Desktop/TROP/trank_final_data_2024_with_pbp.csv,exact_name_team_season,1.0,692.0,Medium,"Jones, Isaiah",Oakland,Horizon League,4067423.0,6-7,So,WG,33.0,0.4226,0.4336,126.7655,0.1502,2.3078,1.5925,-0.427,2.0195,exact_name_team_season,1.0,901.0,Isaiah Jones,Oakland,1.55,0.38,1.93,1074.0,1.94,0.63,2.57,108.4,101.0,7.4,54.0,jones isaiah,stanislaus,2023.0,77062,2024.0,1.45362,1.7518,3.79821,1.9223,1.87591,1.44162,-0.0485597,1.49018,mid_major,76.0,39.795918,44.215181,24.489796,0.673469,0.4,8.434548,2.015657,17.122241,2.5656,2.768816,0.676574,1.659563,10.786517,0.898876,0.898876,1.797753,0.449438,1.123596,1.123596,0.224719,0.212,0.75,9.52281,combined_exact,combined_player_database,archetype_exact_name_team_season,0.0,0.5551849758,0.8122916962,0.1877083038,0.0,0.0,0.5551849758,0.0,0.4448150242,0.0
4979,older_school_realgm,2021-22,2022,2022-23,2023,"Thomas, Tre",Texas AM International,,17,7.0,210.0,12.4,68,4.0,23,67.0,10,38.0,12,12.0,44,14,9,9,1,https://godustdevils.com/sports/mens-basketball/stats/2021-22,,thomastre|trethomas,matched,1,trethomas,1,0,Tre Thomas,Hampton,CAA,2023,76865,bt_pid:76865,12,10.0769,4.0769,-11.582,82.0,/Users/adriankong/Desktop/TROP/trank_final_data_2023_with_pbp.csv,unmatched,,,,,,,,,,,,,,,,,,,,unmatched,,,,,,,,,,,,,,,,thomas tre,texas am international,2022.0,76865,2023.0,-0.173328,0.359799,-11.582,-6.16795,-5.41404,-8.08276,-3.94002,-4.14274,mid_major,77.0,41.791045,47.039292,17.910448,0.567164,1.555556,11.072835,14.94325,20.406112,5.750716,21.147135,0.558589,2.563726,12.952381,1.904762,6.47619,8.380952,2.666667,1.714286,1.714286,0.190476,0.263,1.0,9.487149,combined_exact,combined_player_database,archetype_exact_name_team_season,0.0,0.628562106,0.6693875007,0.3306124993,0.1360993213,0.628562106,0.2353385727,0.0,0.0,0.0
5063,older_school_realgm,2022-23,2023,2023-24,2024,"Hairston, Jordan",Texas Tyler,,25,22.0,637.0,25.5,221,8.8,78,214.0,34,112.0,31,43.0,77,36,38,21,0,https://uttylerpatriots.com/sports/mens-basketball/stats/2022-23,,hairstonjordan|jordanhairston,matched,1,jordanhairston,1,0,Jordan Hairston,Howard,MEAC,2024,71856,bt_pid:71856,32,19.1471,6.1765,-2.29276,72.0,/Users/adriankong/Desktop/TROP/trank_final_data_2024_with_pbp.csv,exact_name_team_season,1.0,1470.0,Low,"Hairston, Jordan",Howard,Mid-Eastern Athletic Conference,4594138.0,6-0,Jr,CG,32.0,0.4716,0.469,110.6823,0.1655,0.106,0.3927,0.6861,-0.2934,exact_name_team_season,1.0,2086.0,Jordan Hairston,Howard,0.42,-1.15,-0.73,1086.0,0.68,-1.56,-0.87,105.0,108.7,-3.7,49.0,hairston jordan,ut tyler,2023.0,71856,2024.0,0.920282,0.950161,-2.29276,0.396427,-2.68918,-2.07681,-0.6834,-1.39341,mid_major,72.0,44.392523,47.441182,20.093458,0.523364,0.947368,14.026281,12.478275,22.109447,2.479873,12.48094,0.0,1.992679,13.877551,0.879121,3.956044,4.835165,2.260597,2.386185,1.318681,0.0,0.304,0.721,9.082267,combined_exact,combined_player_database,archetype_exact_name_team_season,0.0,0.4772963839,0.8750170532,0.1249829468,0.4772963839,0.1217763796,0.0929791075,0.0,0.307948129,0.0
5068,older_school_realgm,2022-23,2023,2023-24,2024,"Frelow, Kyle",Texas Tyler,,26,22.0,490.0,18.8,108,4.2,50,97.0,0,1.0,8,35.0,131,23,21,14,8,https://uttylerpatriots.com/sports/mens-basketball/stats/2022-23,,frelowkyle|kylefrelow,matched,1,kylefrelow,1,0,Kyle Frelow,Cal St. Northridge,BW,2024,77841,bt_pid:77841,17,3.9474,1.4211,4.69141,80.0,/Users/adriankong/Desktop/TROP/trank_final_data_2024_with_pbp.csv,unmatched,,,,,,,,,,,,,,,,,,,,unmatched,,,,,,,,,,,,,,,,frelow kyle,ut tyler,2023.0,77841,2024.0,,,,,,,,,mid_major,80.0,51.546392,48.042705,36.082474,0.010309,1.095238,15.742129,9.917034,14.152592,11.513696,20.861,1.903259,1.726988,8.816327,4.081633,6.612245,10.693878,1.877551,1.714286,1.142857,0.653061,0.0,0.229,0.105419,combined_exact,combined_player_database,archetype_exact_name_team_season,0.0,0.5052089967,0.7325584024,0.2674415976,0.0,0.5052089967,0.0,0.4627220717,0.0,0.0320689316
5148,older_school_realgm,2021-22,2022,2022-23,2023,"Penha, CJ",Trevecca Nazarene,,22,22.0,757.0,34.4,447,20.3,170,343.0,30,99.0,77,97.0,223,33,51,16,9,https://tnutrojans.com/sports/mens-basketball/stats/2021-22,,penhacj|cjpenha,matched,1,cjpenha,1,0,CJ Penha Jr.,Boston College,ACC,2023,76253,bt_pid:76253,28,16.5,6.2857,-0.101189,79.0,/Users/adriankong/Desktop/TROP/trank_final_data_2023_with_pbp.csv,exact_name_team_season,1.0,626.0,High,"Penha, CJ",Boston College,Atlantic Coast Conference,5105451.0,6-7,Sr,WF,28.0,0.341,0.3385,104.9175,0.1883,0.0537,0.275,-1.9486,2.2236,exact_name_team_season,1.0,1348.0,CJ Penha,Boston College,-0.13,0.93,0.8,770.0,0.02,0.25,0.26,99.3,95.0,4.3,28.0,penha cj,trevecca nazarene,2022.0,76253,2023.0,0.998032,1.59402,-0.101189,0.23863,-0.339819,2.50088,1.62782,0.873066,power_4,79.0,53.93586,57.949596,28.279883,0.28863,0.647059,11.679033,12.299685,30.95267,8.147127,24.08471,1.456207,1.257497,23.619551,2.800528,8.982827,11.783355,1.743725,2.694848,0.845443,0.475561,0.303,0.794,6.983603,combined_exact,combined_player_database,archetype_exact_name_team_season,0.0,0.7136393219,1.0,0.0,0.1349674944,0.7136393219,0.1513931837,0.0,0.0,0.0
5158,older_school_realgm,2021-22,2022,2022-23,2023,"Hutcheson, Hank",Trevecca Nazarene,,11,2.0,103.0,9.4,19,1.7,6,21.0,1,9.0,6,7.0,10,6,10,6,1,https://tnutrojans.com/sports/mens-basketball/stats/2021-22,,hutchesonhank|hankhutcheson,matched,1,hankhutcheson,1,0,Hank Hutcheson,Lipscomb,ASun,2023,77509,bt_pid:77509,4,4.6,0.8,-5.99809,78.0,/Users/adriankong/Desktop/TROP/trank_final_data_2023_with_pbp.csv,unmatched,,,,,,,,,,,,,,,,,,,,unmatched,,,,,,,,,,,,,,,,hutcheson hank,trevecca nazarene,2022.0,77509,2023.0,,,,,,,,,mid_major,77.0,30.952381,39.451827,33.333333,0.428571,0.6,29.342723,11.186406,17.753871,0.0,10.412407,1.189157,3.465748,7.378641,0.0,3.883495,3.883495,2.330097,3.883495,2.330097,0.38835,0.111,0.857,4.666008,combined_exact,combined_player_database,archetype_exact_name_team_season,0.0,0.9355620043,0.3234626289,0.6765373711,0.9355620043,0.0,0.0644379957,0.0,0.0,0.0
5174,older_school_realgm,2021-22,2022,2022-23,2023,"McKnight, Cade",Truman,,25,25.0,793.0,31.7,480,19.2,156,272.0,30,76.0,138,174.0,159,48,56,12,6,https://trumanbulldogs.com/sports/mens-basketball/stats/2021-22,,mcknightcade|cademcknight,matched,1,cademcknight,1,0,Cade McKnight,Indiana St.,MVC,2023,76900,bt_pid:76900,31,11.1935,4.3871,-2.33076,81.0,/Users/adriankong/Desktop/TROP/trank_final_data_2023_with_pbp.csv,unmatched,,,,,,,,,,,,,,,,,,,,exact_name_team_season,1.0,1663.0,Cade McKnight,Indiana State,0.37,-0.21,0.16,605.0,-0.28,-1.05,-1.33,102.4,98.3,4.2,44.0,mcknight cade,truman,2022.0,76900,2023.0,0.767732,0.967188,-2.33076,-1.22908,-1.10168,-1.66916,-1.32372,-0.345444,mid_major,81.0,62.867647,68.854717,63.970588,0.279412,0.857143,13.842199,12.198028,27.189188,6.03558,18.881039,0.820637,0.890933,24.211854,1.715006,6.30517,8.020177,2.421185,2.824716,0.605296,0.302648,0.395,0.793,5.107718,combined_exact,combined_player_database,archetype_exact_name_team_season,0.0,0.6953784117,1.0,0.0,0.0386397406,0.6953784117,0.0,0.0,0.2659818477,0.0
5175,older_school_realgm,2021-22,2022,2022-23,2023,"Miller, Masen",Truman,,30,30.0,1066.0,35.5,425,14.2,140,312.0,98,219.0,47,53.0,58,86,41,22,0,https://trumanbulldogs.com/sports/mens-basketball/stats/2021-22,,millermasen|masenmiller,matched,1,masenmiller,1,0,Masen Miller,Indiana St.,MVC,2023,76997,bt_pid:76997,24,4.6,1.44,-0.801936,74.0,/Users/adriankong/Desktop/TROP/trank_final_data_2023_with_pbp.csv,unmatched,,,,,,,,,,,,,,,,,,,,unmatched,,,,,,,,,,,,,,,,miller masen,truman,2022.0,76997,2023.0,,,,,,,,,mid_major,74.0,60.576923,63.372301,16.987179,0.701923,2.097561,10.894983,14.364924,18.814236,1.71672,5.056434,0.0,1.215074,15.947467,0.487805,1.688555,2.17636,3.227017,1.538462,0.825516,0.0,0.447,0.887,10.948973,combined_exact,combined_player_database,archetype_exact_name_team_season,0.0,0.4395752023,0.6818217859,0.3181782141,0.4395752023,0.0,0.0,0.0,0.4371285642,0.1232962335
5177,older_school_realgm,2021-22,2022,2022-23,2023,"Northweather, Eric",Truman,,29,17.0,593.0,20.4,293,10.1,117,196.0,23,60.0,36,62.0,122,28,23,9,30,https://trumanbulldogs.com/sports/mens-basketball/stats/2021-22,,northweathereric|ericnorthweather,matched,1,ericnorthweather,1,0,Eric Northweather,Drake,MVC,2023,76941,bt_pid:76941,22,9.3043,2.2609,0.575559,82.0,/Users/adriankong/Desktop/TROP/trank_final_data_2023_with_pbp.csv,unmatched,,,,,,,,,,,,,,,,,,,,unmatched,,,,,,,,,,,,,,,,northweather eric,truman,2022.0,76941,2023.0,-0.204589,1.13954,0.575559,-3.8783,4.45386,-1.8346,-4.7031,2.8685,mid_major,82.0,65.561224,65.612684,31.632653,0.306122,1.217391,9.338964,9.526499,22.134053,6.409473,19.189249,5.487058,0.893562,19.763912,1.821248,6.408094,8.229342,1.888702,1.551433,0.607083,2.023609,0.383,0.581,5.392412,combined_exact,combined_player_database,archetype_exact_name_team_season,0.0,0.4581710861,0.8575356736,0.1424643264,0.1523474795,0.2486785009,0.1408029335,0.4581710861,0.0,0.0
5228,older_school_realgm,2022-23,2023,2023-24,2024,"Lovings-Watts, Will",Union TN,,26,15.0,725.0,27.9,393,15.1,125,276.0,28,85.0,115,149.0,147,35,47,30,18,https://uuathletics.com/sports/mens-basketball/stats/?path=mbball,,lovingswattswill|willlovingswatts,matched,1,willlovingswatts,1,0,Will Lovings-Watts,Northern Illinois,MAC,2024,79400,bt_pid:79400,24,22.6923,6.8077,-1.83898,77.0,/Users/adriankong/Desktop/TROP/trank_final_data_2024_with_pbp.csv,unique_name_season,0.2,2663.0,Low,"Lovings-Watts, Will",NIU,Mid American Conference,5176223.0,6-5,Fr,WG,24.0,0.4625,0.4643,100.6355,0.1585,-1.4126,-2.0215,1.9806,-4.0021,exact_name_team_season,1.0,2623.0,Will Lovings-Watts,Northern Illinois,-0.99,-1.15,-2.14,915.0,-0.9,-0.04,-0.94,96.5,112.9,-16.4,-135.0,lovings watts will,union tn,2023.0,79400,2024.0,0.345168,1.1764,-1.83898,-0.519162,-1.31981,-2.39985,-1.18413,-1.21573,mid_major,,50.362319,57.530156,53.985507,0.307971,0.744681,12.095944,9.282821,26.996743,5.500552,17.055974,2.548518,2.376007,21.682758620689654,,,8.110344827586207,1.9310344827586208,2.593103448275862,1.6551724137931034,0.993103448275862,0.3294117647058823,0.7718120805369127,,alt_same_player_team_any_season,step26_height_class_advanced_export,archetype_same_player_team_any_season,0.0,0.4791643818,1.0,0.0,0.276111809,0.4791643818,0.0,0.0918698256,0.1528539836,0.0
5270,older_school_realgm,2021-22,2022,2022-23,2023,"Huntsberry, Kai",University of Mary,,26,25.0,869.0,33.4,510,19.6,185,376.0,61,148.0,79,95.0,121,112,68,26,4,https://goumary.com/sports/mens-basketball/stats/2021-22,,huntsberrykai|kaihuntsberry,matched,1,kaihuntsberry,1,0,Kai Huntsberry,North Texas,CUSA,2023,76120,bt_pid:76120,35,33.0541,12.2703,1.48824,75.0,/Users/adriankong/Desktop/TROP/trank_final_data_2023_with_pbp.csv,exact_name_team_season,1.0,698.0,Medium,"Huntsberry, Kai",North Texas,Conference USA,5106885.0,6-3,Sr,s-PG,35.0,0.7925,0.789,103.267,0.2539,0.7205,1.5028,-0.474,1.9768,exact_name_team_season,1.0,564.0,Kai Huntsberry,North Texas,2.29,0.57,2.87,1734.0,1.76,0.25,2.01,109.0,93.1,15.9,234.0,huntsberry kai,mary,2022.0,76120,2023.0,2.72518,3.75949,1.48824,1.05699,0.431249,1.55798,0.831327,0.726656,mid_major,75.0,57.31383,61.033988,25.265957,0.393617,1.647059,13.99753,29.606272,29.195066,1.526073,15.64814,0.520217,1.751578,23.475259,0.506329,5.063291,5.56962,5.155351,3.130035,1.196778,0.18412,0.412,0.832,8.894339,combined_exact,combined_player_database,archetype_exact_name_team_season,0.0,0.6062311176,1.0,0.0,0.6062311176,0.1182625685,0.0,0.0,0.0,0.2755063139
5352,older_school_realgm,2022-23,2023,2023-24,2024,"Roberts, Stephon",Virginia State,,27,1.0,413.0,15.3,87,3.2,24,65.0,0,0.0,39,56.0,85,17,44,14,24,https://govsutrojans.com/sports/mens-basketball/stats/2022-23,,robertsstephon|stephonroberts,matched,1,stephonroberts,1,0,Stephon Roberts,Saint Peter's,MAAC,2024,79152,bt_pid:79152,31,13.1875,2.5312,3.98284,82.0,/Users/adriankong/Desktop/TROP/trank_final_data_2024_with_pbp.csv,exact_name_team_season,1.0,1117.0,Low,"Roberts, Stephon",Saint Peter's,Metro Atlantic Athletic Conference,5111990.0,6-10,Sr,C,31.0,0.3198,0.3164,116.5483,0.1152,0.3364,-1.0881,-1.7114,0.6233,exact_name_team_season,1.0,1922.0,Stephon Roberts,Saint Peter's,-1.9,1.52,-0.38,669.0,-0.7,1.12,0.43,93.1,94.1,-1.0,34.0,roberts stephon,virginia state,2023.0,79152,2024.0,0.515885,1.50884,3.98284,-1.68263,5.66547,-1.27392,-4.62277,3.34885,mid_major,82.0,36.923077,48.527443,86.153846,0.0,0.386364,32.924274,7.254032,15.222632,10.602131,13.454651,6.354183,1.867444,8.42615,3.680387,4.552058,8.232446,1.646489,4.261501,1.355932,2.324455,0.0,0.696,0.0,combined_exact,combined_player_database,archetype_exact_name_team_season,0.0,1.0,0.5157560926,0.4842439074,0.0,0.0,0.0,1.0,0.0,0.0
5375,older_school_realgm,2022-23,2023,2023-24,2024,"Dean, Bradley",Virginia Wise,,30,30.0,1024.0,34.1,642,21.4,232,476.0,69,162.0,109,132.0,144,112,78,29,14,https://uvawisecavs.com/sports/mens-basketball/stats/2022-23,,deanbradley|bradleydean,matched,1,bradleydean,1,0,Bradley Dean,Miami OH,MAC,2024,78541,bt_pid:78541,22,19.75,7.0,-1.81581,74.0,/Users/adriankong/Desktop/TROP/trank_final_data_2024_with_pbp.csv,exact_name_team_season,1.0,2347.0,Medium,"Dean, Bradley",Miami (OH),Mid American Conference,5176211.0,6-2,Jr,CG,22.0,0.3644,0.3571,95.1552,0.2105,-2.5269,-3.5317,-0.8914,-2.6403,exact_name_team_season,1.0,2498.0,Bradley Dean,Miami (OH),-1.57,-0.2,-1.76,732.0,-0.63,-0.32,-0.95,90.6,103.5,-12.9,-47.0,dean bradley,virginia wise,2023.0,78541,2024.0,0.559654,1.62274,-1.81581,-1.40968,-0.406131,-1.24321,-1.21811,-0.0250972,mid_major,74.0,55.987395,60.103355,27.731092,0.340336,1.435897,12.743432,21.469758,29.441098,1.252587,13.923972,1.343541,1.543981,25.078125,0.429688,5.195312,5.625,4.375,3.046875,1.132812,0.546875,0.426,0.826,7.83523,combined_exact,combined_player_database,archetype_exact_name_team_season,0.0,0.5419452798,1.0,0.0,0.5419452798,0.1888997421,0.0,0.0,0.0999224221,0.1692325559
5396,older_school_realgm,2022-23,2023,2023-24,2024,"Smith Jr., Tim",Walsh,,27,27.0,829.0,30.7,436,16.1,158,354.0,32,93.0,88,101.0,210,31,37,23,14,https://athletics.walsh.edu/sports/mens-basketball/stats/2022-23,,smithtim|timsmith,matched,1,timsmith,1,0,Tim Smith Jr.,North Alabama,ASun,2024,79209,bt_pid:79209,29,25.5161,9.3548,1.09628,79.0,/Users/adriankong/Desktop/TROP/trank_final_data_2024_with_pbp.csv,unique_name_season,0.8182,1530.0,Low,"Smith, Jr., Tim",North Ala.,ASUN Conference,5176203.0,6-7,Sr,S-PF,29.0,0.6186,0.6144,121.7469,0.1618,1.6573,2.1103,2.5625,-0.4521999999999999,exact_name_team_season,1.0,1292.0,"Tim Smith, Jr.",North Alabama,1.85,-0.93,0.92,1287.0,1.07,0.17,1.24,107.8,111.7,-3.9,-9.0,smith jr tim,walsh,2023.0,79209,2024.0,1.87777,1.70015,1.09628,1.739,-0.642726,0.68833,1.31828,-0.629953,mid_major,79.0,49.152542,54.713382,28.531073,0.262712,0.837838,8.497152,8.4079,27.794035,9.852183,19.906022,2.3803,1.70629,21.037394,3.570567,6.562123,10.13269,1.495778,1.785283,1.109771,0.675513,0.344,0.871,5.940204,combined_exact,combined_player_database,archetype_exact_name_team_season,0.0,0.7016542968,1.0,0.0,0.0343150404,0.7016542968,0.1778431349,0.0078665477,0.0783209801,0.0
5400,older_school_realgm,2022-23,2023,2023-24,2024,"Smith, Nic",Walsh,,27,18.0,515.0,19.1,245,9.1,96,203.0,0,2.0,53,70.0,120,8,31,15,11,https://athletics.walsh.edu/sports/mens-basketball/stats/2022-23,,smithnic|nicsmith,matched,1,nicsmith,1,0,Nic Smith,South Florida,Amer,2024,78839,bt_pid:78839,2,2.0,0.0,-23.9209,72.0,/Users/adriankong/Desktop/TROP/trank_final_data_2024_with_pbp.csv,unmatched,,,,,,,,,,,,,,,,,,,,unmatched,,,,,,,,,,,,,,,,smith nic,walsh,2023.0,78839,2024.0,,,,,,,,,mid_major,78.0,47.29064,52.39521,34.482759,0.009852,0.258065,11.706949,3.460169,27.207496,10.715638,16.492668,3.010535,1.79128,19.029126,3.883495,5.436893,9.320388,0.621359,2.407767,1.165049,0.854369,0.0,0.757,0.205634,combined_exact,combined_player_database,archetype_exact_name_team_season,0.0,0.475958332,1.0,0.0,0.0,0.475958332,0.0,0.3061582535,0.2178834144,0.0
5437,older_school_realgm,2021-22,2022,2022-23,2023,"Nelson, Tyler",Washburn,,20,0.0,432.0,21.6,130,6.5,42,124.0,20,62.0,26,37.0,42,33,22,11,1,https://wusports.com/sports/mens-basketball/stats/2021-22,,nelsontyler|tylernelson,matched_prior_d1_experience,1,tylernelson,1,1,Tyler Nelson,Navy,Pat,2023,71098,bt_pid:71098,30,30.3548,12.4839,3.58668,78.0,/Users/adriankong/Desktop/TROP/trank_final_data_2023_with_pbp.csv,exact_name_team_season,1.0,1181.0,Low,"Nelson, Tyler",Navy,Patriot League,4593139.0,6-6,Sr,WF,30.0,0.7652,0.7709,112.1065,0.2094,0.9414,0.2847,-0.2914,0.5761000000000001,exact_name_team_season,1.0,475.0,Tyler Nelson,Navy,1.53,1.69,3.22,1526.0,2.39,0.97,3.36,100.4,97.9,2.5,76.0,nelson tyler,washburn,2022.0,71098,2023.0,2.59623,3.0998,3.58668,1.6763,1.91038,3.90797,2.93821,0.969752,mid_major,75.0,41.935484,46.3359,29.83871,0.5,1.5,13.556815,12.973315,19.397264,2.931227,8.628042,0.303676,1.459603,12.037037,1.018519,2.87037,3.888889,3.055556,2.037037,1.018519,0.092593,0.323,0.703,7.414055,combined_exact,combined_player_database,archetype_exact_name_team_season,0.0,0.3688659275,0.9127173378,0.0872826622,0.0017164578,0.0721701859,0.2663323852,0.0,0.2909150437,0.3688659275
5458,older_school_realgm,2021-22,2022,2022-23,2023,"Owens-White, Darian",Wayne State,,15,15.0,486.0,32.4,177,11.8,58,182.0,12,48.0,49,59.0,38,23,29,17,1,https://wsuathletics.com/sports/mens-basketball/stats/2021-22,,owenswhitedarian|darianowenswhite,matched,1,darianowenswhite,1,0,Darian Owens-White,Ball St.,MAC,2023,77168,bt_pid:77168,7,5.8571,0.5714,-4.21531,73.0,/Users/adriankong/Desktop/TROP/trank_final_data_2023_with_pbp.csv,unmatched,,,,,,,,,,,,,,,,,,,,unmatched,,,,,,,,,,,,,,,,owens white darian,wayne state,2022.0,77168,2023.0,-0.729371,0.597483,-4.21531,-5.64703,1.43172,-7.54488,-8.83116,1.28628,mid_major,73.0,35.164835,42.556261,32.417582,0.263736,0.793103,12.238352,10.097058,23.609744,0.401912,8.270406,0.224556,2.002805,14.567901,0.164609,2.962963,3.127572,1.893004,2.386831,1.399177,0.082305,0.25,0.831,4.782528,combined_exact,combined_player_database,archetype_exact_name_team_season,0.0,0.5116507099,1.0,0.0,0.2175272153,0.1060290023,0.0,0.0,0.5116507099,0.1647930725
5501,older_school_realgm,2021-22,2022,2022-23,2023,"Miles, Kortrijk",West Ala.,,27,23.0,807.0,29.9,492,18.2,165,357.0,7,25.0,155,198.0,219,34,63,26,6,https://uwaathletics.com/sports/mens-basketball/stats/2021-22,,mileskortrijk|kortrijkmiles,matched,1,kortrijkmiles,1,0,Kortrijk Miles,Prairie View A&M,SWAC,2023,50698,bt_pid:50698,17,10.4737,3.8947,-4.71478,77.0,/Users/adriankong/Desktop/TROP/trank_final_data_2023_with_pbp.csv,unmatched,,,,,,,,,,,,,,,,,,,,unmatched,,,,,,,,,,,,,,,,miles kortrijk,west alabama,2022.0,50698,2023.0,-0.000912298,1.03139,-4.71478,-5.49013,0.775352,-2.32929,-2.53936,0.210073,mid_major,77.0,47.19888,55.390435,55.462185,0.070028,0.539683,12.423095,10.630129,33.365411,7.686721,25.815779,0.854984,2.014759,24.386617,2.627014,8.228005,10.855019,1.685254,3.122677,1.288724,0.297398,0.28,0.783,1.644848,combined_exact,combined_player_database,archetype_exact_name_team_season,0.0,0.9916652542,1.0,0.0,0.0,0.9916652542,0.0,0.0,0.0083347458,0.0
5522,older_school_realgm,2021-22,2022,2022-23,2023,"Miles, Kortrijk",West Alabama,,27,23.0,807.0,29.9,492,18.2,165,357.0,7,25.0,155,198.0,219,34,63,26,6,https://uwaathletics.com/sports/mens-basketball/stats/2021-22,,mileskortrijk|kortrijkmiles,matched,1,kortrijkmiles,1,0,Kortrijk Miles,Prairie View A&M,SWAC,2023,50698,bt_pid:50698,17,10.4737,3.8947,-4.71478,77.0,/Users/adriankong/Desktop/TROP/trank_final_data_2023_with_pbp.csv,unmatched,,,,,,,,,,,,,,,,,,,,unmatched,,,,,,,,,,,,,,,,miles kortrijk,west alabama,2022.0,50698,2023.0,-0.000912298,1.03139,-4.71478,-5.49013,0.775352,-2.32929,-2.53936,0.210073,mid_major,77.0,47.19888,55.390435,55.462185,0.070028,0.539683,12.423095,10.630129,33.365411,7.686721,25.815779,0.854984,2.014759,24.386617,2.627014,8.228005,10.855019,1.685254,3.122677,1.288724,0.297398,0.28,0.783,1.644848,combined_exact,combined_player_database,archetype_exact_name_team_season,0.0,0.9916652542,1.0,0.0,0.0,0.9916652542,0.0,0.0,0.0083347458,0.0
5534,older_school_realgm,2022-23,2023,2023-24,2024,"McGee, Kyle",West Chester PA,,29,29.0,1038.0,35.8,420,14.5,148,363.0,51,157.0,73,101.0,191,116,62,46,14,https://wcupagoldenrams.com/sports/mens-basketball/stats/2022-23,,mcgeekyle|kylemcgee,matched,1,kylemcgee,1,0,Kyle McGee,Sacred Heart,NEC,2024,78487,bt_pid:78487,29,25.7097,9.7742,-3.04175,76.0,/Users/adriankong/Desktop/TROP/trank_final_data_2024_with_pbp.csv,exact_name_team_season,1.0,2613.0,Low,"McGee, Kyle",Sacred Heart,Northeast Conference,5177279.0,6-4,Sr,CG,29.0,0.6357,0.6282,101.3844,0.2046,-1.5983,-1.1925,2.5148,-3.7073,exact_name_team_season,1.0,2204.0,Kyle McGee,Sacred Heart,0.23,-1.21,-0.97,1348.0,-0.07,-0.71,-0.78,99.8,110.3,-10.5,-5.0,mcgee kyle,west chester pa,2023.0,78487,2024.0,0.947098,1.56107,-3.04175,-0.554765,-2.48699,-2.29568,-0.738647,-1.55703,mid_major,76.0,47.796143,51.541331,27.823691,0.432507,1.870968,13.207226,20.078919,21.051681,4.567063,14.863501,1.486015,2.455941,16.184971,1.77264,5.587669,7.360308,4.470135,2.38921,1.77264,0.539499,0.325,0.723,6.981568,combined_exact,combined_player_database,archetype_exact_name_team_season,0.0,0.343732067,0.8294795068,0.1705204932,0.343732067,0.3358571466,0.0,0.0,0.0044281059,0.3159826806
5559,older_school_realgm,2022-23,2023,2023-24,2024,"Sofield, Daniel",West Florida,,28,28.0,973.0,34.8,431,15.4,158,365.0,64,185.0,51,66.0,93,75,44,26,13,https://goargos.com/sports/mens-basketball/stats/2022-23,,sofielddaniel|danielsofield,matched,1,danielsofield,1,0,Daniel Sofield,Central Arkansas,ASun,2024,78236,bt_pid:78236,27,24.1071,9.3214,-3.89883,79.0,/Users/adriankong/Desktop/TROP/trank_final_data_2024_with_pbp.csv,exact_name_team_season,1.0,2163.0,Low,"Sofield, Daniel",Central Ark.,ASUN Conference,4902454.0,6-7,Sr,WG,27.0,0.5529,0.5445,103.4262,0.1803,-1.6049,-1.1481,0.9148,-2.0629,exact_name_team_season,1.0,1939.0,Daniel Sofield,Central Arkansas,1.04,-1.46,-0.42,1156.0,0.74,-1.12,-0.38,98.4,111.3,-12.9,-60.0,sofield daniel,west florida,2023.0,78236,2024.0,0.833637,0.749161,-3.89883,-0.312168,-3.58666,-2.97307,-0.448029,-2.52504,mid_major,79.0,52.054795,54.689879,18.082192,0.506849,1.704545,10.044745,16.315654,23.952472,1.593613,9.806851,1.568556,1.596981,17.718397,0.53443,3.288798,3.823227,3.083248,1.808839,1.068859,0.53443,0.346,0.773,10.135853,combined_exact,combined_player_database,archetype_exact_name_team_season,0.0,0.5887865394,0.8626473215,0.1373526785,0.5887865394,0.0112835777,0.0,0.0,0.2868823767,0.1130475062
5580,older_school_realgm,2022-23,2023,2023-24,2024,"Butler, Bryce",West Liberty,,37,37.0,1054.0,28.5,829,22.4,332,561.0,52,120.0,113,177.0,280,134,70,43,23,https://hilltoppersports.com/sports/mens-basketball/stats/2022-23,,butlerbryce|brycebutler,matched,1,brycebutler,1,0,Bryce Butler,Charleston,CAA,2024,77742,bt_pid:77742,34,21.0286,8.2286,0.622923,77.0,/Users/adriankong/Desktop/TROP/trank_final_data_2024_with_pbp.csv,unique_name_season,0.7407,1944.0,Medium,"Butler, Bryce",Col. of Charleston,Colonial Athletic Association,5174945.0,6-5,Sr,WG,34.0,0.5372,0.5346,112.4702,0.1973,0.923,0.03,1.4872,-1.4572,unique_name_season,0.6452,1240.0,Bryce Butler,College of Charleston,1.8,-0.76,1.04,1276.0,1.55,-0.38,1.17,110.0,106.9,3.0,59.0,butler bryce,west liberty,2023.0,77742,2024.0,1.46277,1.67772,0.622923,0.498019,0.124905,0.0424845,0.612387,-0.569902,mid_major,77.0,63.814617,64.879164,31.550802,0.213904,1.914286,9.874732,21.69462,29.008925,8.55977,20.399194,1.958013,2.04464,31.461101,3.301708,7.324478,10.626186,5.085389,2.656546,1.631879,0.872865,0.433,0.638,4.899604,combined_exact,combined_player_database,archetype_exact_name_team_season,0.0,0.7231725813,0.8974113941,0.1025886059,0.1338686424,0.7231725813,0.0,0.0,0.0,0.1429587763
5591,older_school_realgm,2021-22,2022,2022-23,2023,"Robinson III, Pat",West Liberty,,32,32.0,907.0,28.3,650,20.3,237,465.0,40,120.0,136,177.0,147,100,48,66,2,https://hilltoppersports.com/sports/mens-basketball/stats/2021-22,,robinsonpat|patrobinson,matched,1,patrobinson,1,0,Pat Robinson III,Charleston,CAA,2023,77024,bt_pid:77024,34,19.1714,10.3429,1.62427,75.0,/Users/adriankong/Desktop/TROP/trank_final_data_2023_with_pbp.csv,unique_name_season,0.7407,799.0,Medium,"Robinson III, Pat",Col. of Charleston,Colonial Athletic Association,5105762.0,6-3,Sr,WG,34.0,0.4886,0.4892,115.5301,0.2491,2.4779,0.8455,-0.8352,1.6807,unique_name_season,0.6452,649.0,Pat Robinson III,College of Charleston,2.48,0.09,2.57,1181.0,2.33,-0.73,1.61,105.8,95.4,10.4,169.0,robinson iii pat,west liberty,2022.0,77024,2023.0,2.03755,2.06729,1.62427,1.53336,0.0909045,4.02437,3.11039,0.913982,mid_major,75.0,55.268817,59.8659,38.064516,0.258065,2.083333,8.123477,16.753856,28.032864,7.010359,10.855149,0.204791,3.63268,28.665932,2.601985,3.880926,6.482911,4.410143,2.116869,2.910695,0.088203,0.333,0.768,5.693108,combined_exact,combined_player_database,archetype_exact_name_team_season,0.0,0.3798348934,0.8715698982,0.1284301018,0.3212084172,0.3798348934,0.0,0.0,0.0,0.2989566893
5606,older_school_realgm,2022-23,2023,2023-24,2024,"Jordan, Noah",West Virginia State,,24,14.0,610.0,25.4,276,11.5,106,221.0,35,101.0,29,56.0,144,25,49,18,20,https://wvsuyellowjackets.com/sports/mens-basketball/stats/2022-23,,jordannoah|noahjordan,matched,1,noahjordan,1,0,Noah Jordan,Portland,WCC,2024,78880,bt_pid:78880,10,13.3333,3.25,-4.98267,79.0,/Users/adriankong/Desktop/TROP/trank_final_data_2024_with_pbp.csv,unmatched,,,,,,,,,,,,,,,,,,,,unmatched,,,,,,,,,,,,,,,,jordan noah,west virginia state,2023.0,78880,2024.0,-0.470553,0.775762,-4.98267,-3.73978,-1.24289,-7.08411,-5.43795,-1.64616,mid_major,79.0,55.882353,56.179775,25.339367,0.457014,0.510204,16.630464,6.975632,21.610936,6.952468,17.23794,2.853043,1.508828,18.098361,2.688525,6.754098,9.442623,1.639344,3.213115,1.180328,1.311475,0.347,0.518,7.408039,combined_exact,combined_player_database,archetype_exact_name_team_season,0.0,0.2191515256,0.9994817577,0.0005182423,0.2153555072,0.2115894606,0.2157602541,0.2191515256,0.1381432526,0.0
5645,older_school_realgm,2021-22,2022,2022-23,2023,"Veening, Jordan",Western Colorado,,11,4.0,213.0,19.4,70,6.4,25,46.0,0,0.0,20,32.0,47,12,11,8,3,https://gomountaineers.com/sports/mens-basketball/stats/2021-22,,veeningjordan|jordanveening,matched,1,jordanveening,1,0,Jordan Veening,Eastern Washington,BSky,2023,67956,bt_pid:67956,6,4.2857,0.8571,-1.00579,78.0,/Users/adriankong/Desktop/TROP/trank_final_data_2023_with_pbp.csv,unmatched,,,,,,,,,,,,,,,,,,,,unmatched,,,,,,,,,,,,,,,,veening jordan,western colorado,2022.0,67956,2023.0,,,,,,,,,mid_major,80.0,54.347826,58.255659,69.565217,0.0,1.090909,15.475521,10.746978,16.420395,5.004872,20.153088,1.344214,2.09087,13.14554,1.877934,6.948357,8.826291,2.253521,2.065728,1.502347,0.56338,0.0,0.625,0.0,combined_exact,combined_player_database,archetype_exact_name_team_season,0.0,0.6559487899,0.702678178,0.297321822,0.0,0.6559487899,0.0,0.203954084,0.008010213,0.1320869131
5671,older_school_realgm,2021-22,2022,2022-23,2023,"Arnette, Dylan",Western New Mexico,,25,0.0,324.0,13.0,96,3.8,30,78.0,5,22.0,31,39.0,38,14,24,16,0,https://wnmumustangs.com/sports/mens-basketball/stats/2021-22,,arnettedylan|dylanarnette,matched,1,dylanarnette,1,0,Dylan Arnette,Arkansas St.,SB,2023,67573,bt_pid:67573,7,3.2,0.2,-7.80633,75.0,/Users/adriankong/Desktop/TROP/trank_final_data_2023_with_pbp.csv,unmatched,,,,,,,,,,,,,,,,,,,,unmatched,,,,,,,,,,,,,,,,arnette dylan,western new mexico,2022.0,67573,2023.0,,,,,,,,,mid_major,75.0,41.666667,50.441362,50.0,0.282051,0.583333,20.140987,8.495453,18.160194,3.153922,10.851426,0.0,2.753446,11.851852,1.111111,3.580247,4.691358,1.728395,2.962963,1.975309,0.0,0.227,0.795,3.353604,combined_exact,combined_player_database,archetype_exact_name_team_season,0.0,0.4264546132,0.4872906153,0.5127093847,0.2374942522,0.3360511346,0.0,0.0,0.4264546132,0.0
5701,older_school_realgm,2022-23,2023,2023-24,2024,"Minnis, D'Angelo",Western Washington,,28,28.0,933.0,33.3,401,14.3,149,302.0,60,135.0,43,60.0,66,86,52,28,1,https://wwuvikings.com/sports/mens-basketball/stats/2022-23,,minnisdangelo|dangelominnis,matched,1,dangelominnis,1,0,D'Angelo Minnis,Idaho,BSky,2024,77957,bt_pid:77957,24,29.9615,9.5385,-2.66623,70.0,/Users/adriankong/Desktop/TROP/trank_final_data_2024_with_pbp.csv,exact_name_team_season,1.0,2113.0,Low,"Minnis, D'Angelo",Idaho,Big Sky Conference,5176302.0,5-10,Sr,s-PG,24.0,0.6112,0.6049,110.0246,0.2009,0.257,-0.4679,1.4366,-1.9045,exact_name_team_season,1.0,2251.0,D'Angelo Minnis,Idaho,0.78,-1.87,-1.08,1212.0,1.13,-1.3,-0.17,96.9,111.0,-14.1,-123.0,minnis d angelo,western washington,2023.0,77957,2024.0,1.52566,1.47411,-2.66623,0.493636,-3.15987,-2.98502,-0.530415,-2.45461,mid_major,70.0,59.271523,61.053593,19.86755,0.44702,1.653846,13.669821,15.725586,19.364361,1.971444,5.745431,0.093325,1.621168,17.191854,0.685959,2.143623,2.829582,3.687031,2.229368,1.200429,0.042872,0.444,0.717,6.881071,combined_exact,combined_player_database,archetype_exact_name_team_season,0.0,0.4680314877,0.920854777,0.079145223,0.1709977516,0.0,0.0,0.0,0.4680314877,0.3609707607
5749,older_school_realgm,2022-23,2023,2023-24,2024,"Taylor, Andrew",Wheeling,,29,29.0,566.0,19.5,171,5.9,65,138.0,13,39.0,28,37.0,101,17,36,21,7,https://wucardinals.com/sports/mens-basketball/stats/2022-23,,taylorandrew|andrewtaylor,matched_prior_d1_experience,1,andrewtaylor,1,1,Andrew Taylor,Mississippi St.,SEC,2024,66685,bt_pid:66685,7,10.8571,3.8571,3.76482,75.0,/Users/adriankong/Desktop/TROP/trank_final_data_2024_with_pbp.csv,unmatched,,,,,,,,,,,,,,,,,,,,unmatched,,,,,,,,,,,,,,,,taylor andrew,wheeling,2023.0,66685,2024.0,1.18095,0.973632,3.76482,4.13637,-0.371558,2.55023,2.00038,0.549848,power_4,77.0,51.811594,55.418719,26.811594,0.282609,0.472222,18.919487,4.928558,15.59183,6.211885,13.530542,1.211994,1.928181,12.084806,2.190813,4.946996,7.137809,1.201413,2.54417,1.484099,0.4947,0.333,0.757,3.189641,combined_exact,combined_player_database,archetype_exact_name_team_season,0.0,0.5748692402,0.7096986952,0.2903013048,0.0,0.2186669187,0.021258131,0.1852057101,0.5748692402,0.0
5762,older_school_realgm,2021-22,2022,2022-23,2023,"Taylor, Andrew",Wheeling,,30,26.0,738.0,24.6,229,7.6,88,170.0,16,35.0,37,50.0,168,14,40,23,11,https://wucardinals.com/sports/mens-basketball/stats/2021-22,,taylorandrew|andrewtaylor,matched_prior_d1_experience,1,andrewtaylor,1,1,Andrew Taylor,Marshall,SB,2023,66685,bt_pid:66685,31,36.5312,20.1562,1.13698,75.0,/Users/adriankong/Desktop/TROP/trank_final_data_2023_with_pbp.csv,exact_name_team_season,1.0,967.0,Medium,"Taylor, Andrew",Marshall,Sun Belt Conference,4592859.0,6-3,Sr,s-PG,31.0,0.916,0.9116,105.0265,0.2932,0.475,0.8355,-0.294,1.1295,exact_name_team_season,1.0,342.0,Andrew Taylor,Marshall,3.25,0.69,3.95,2086.0,3.11,0.27,3.38,109.6,97.4,12.2,297.0,taylor andrew,wheeling,2022.0,66685,2023.0,3.2298,3.69766,1.13698,1.87713,-0.740154,2.45348,2.5034,-0.0499188,mid_major,77.0,56.470588,59.635417,29.411765,0.205882,0.35,17.241379,3.338301,15.489684,10.818895,15.894587,1.441271,1.729261,12.411924,3.685637,5.420054,9.105691,0.758808,2.168022,1.246612,0.596206,0.457,0.74,2.332853,combined_exact,combined_player_database,archetype_exact_name_team_season,0.0,0.4191646283,0.8546330959,0.1453669041,0.0,0.2861382367,0.0,0.294697135,0.4191646283,0.0
5819,older_school_realgm,2021-22,2022,2022-23,2023,"Rosner, Alec",Winona State,,26,26.0,878.0,33.8,490,18.8,169,343.0,58,137.0,94,114.0,111,31,31,25,1,https://winonastatewarriors.com/sports/mens-basketball/stats/2021-22,,rosneralec|alecrosner,matched,1,alecrosner,1,0,Alec Rosner,Western Illinois,Sum,2023,77556,bt_pid:77556,27,36.8667,13.4333,-2.59041,75.0,/Users/adriankong/Desktop/TROP/trank_final_data_2023_with_pbp.csv,exact_name_team_season,1.0,2481.0,Medium,"Rosner, Alec",Western Ill.,Summit League,5108993.0,6-3,Sr,CG,27.0,0.945,0.9457,106.8808,0.1763,-0.5198,-1.2285,2.0746,-3.3031,exact_name_team_season,1.0,1820.0,Alec Rosner,Western Illinois,1.29,-1.49,-0.19,1744.0,1.51,-0.79,0.73,100.9,108.4,-7.5,-59.0,rosner alec,winona state,2022.0,77556,2023.0,1.95217,2.02606,-2.59041,0.555744,-3.14615,-2.76433,-0.5761,-2.18823,mid_major,75.0,57.725948,62.315597,33.236152,0.399417,1.0,7.308563,7.236632,26.297995,1.690232,14.877563,0.132687,1.708925,22.323462,0.546697,4.510251,5.056948,1.412301,1.412301,1.138952,0.045558,0.423,0.825,8.506966,combined_exact,combined_player_database,archetype_exact_name_team_season,0.0,0.419605607,1.0,0.0,0.3428400835,0.2375543095,0.0,0.0,0.419605607,0.0
5830,older_school_realgm,2022-23,2023,2023-24,2024,"Teel, Samage",Winston Salem State,,30,19.0,900.0,30.0,356,11.9,122,273.0,41,116.0,71,96.0,92,86,68,46,1,https://wssurams.com/sports/mens-basketball/stats/2022-23,,teelsamage|samageteel,matched,1,samageteel,1,0,Samage Teel,Presbyterian,BSth,2024,77676,bt_pid:77676,29,27.875,13.625,-2.88582,74.0,/Users/adriankong/Desktop/TROP/trank_final_data_2024_with_pbp.csv,exact_name_team_season,1.0,2270.0,Low,"Teel, Samage",Presbyterian,Big South Conference,5175670.0,6-2,Jr,s-PG,29.0,0.6914,0.6844,107.3262,0.2631,0.174,-1.107,1.2586,-2.3655999999999997,exact_name_team_season,1.0,2274.0,Samage Teel,Presbyterian,0.19,-1.33,-1.14,1430.0,1.02,-0.73,0.29,97.4,110.2,-12.9,-87.0,teel samage,winston salem state,2023.0,77676,2024.0,1.8985,1.645,-2.88582,0.277793,-3.16361,-0.948765,1.2921,-2.24086,mid_major,74.0,52.197802,56.464916,35.164835,0.424908,1.264706,17.743451,20.719835,22.60967,1.683849,11.283823,0.122955,3.075021,15.822222,0.533333,3.555556,4.088889,3.822222,3.022222,2.044444,0.044444,0.353,0.74,6.840484,combined_exact,combined_player_database,archetype_exact_name_team_season,0.0,0.5357613494,0.9121290126,0.0878709874,0.5357613494,0.0415733632,0.0,0.0,0.0754183753,0.3472469121
5919,older_school_realgm,2021-22,2022,2022-23,2023,"Anderson, Justin",Bloomsburg,,26,26.0,907.0,34.9,487,18.7,191,429.0,38,120.0,67,92.0,115,47,67,27,32,https://bloomsburgathletics.com/sports/mens-basketball/stats/2021-22,,andersonjustin|justinanderson,matched,1,justinanderson,1,0,Justin Anderson,NJIT,AE,2023,77532,bt_pid:77532,24,11.76,3.0,-8.60785,75.0,/Users/adriankong/Desktop/TROP/trank_final_data_2023_with_pbp.csv,unmatched,,,,,,,,,,,,,,,,,,,,unmatched,,,,,,,,,,,,,,,,anderson justin,bloomsburg,2022.0,77532,2023.0,-0.547564,0.520608,-8.60785,-5.36344,-3.24441,-8.17744,-5.26952,-2.90792,mid_major,75.0,48.951049,51.865894,21.445221,0.27972,0.701493,12.488816,10.432103,28.341792,4.626223,9.008833,3.064151,1.638712,21.477398,1.764057,3.307607,5.071665,2.072767,2.954796,1.190739,1.411246,0.317,0.728,6.304519,combined_exact,combined_player_database,archetype_exact_name_team_season,0.0,0.4661214052,1.0,0.0,0.4661214052,0.096871093,0.0,0.1339353641,0.3030721377,0.0
5930,older_school_realgm,2022-23,2023,2023-24,2024,"Tidwell, Malik",Bluefield St.,,26,20.0,809.0,31.1,541,20.8,183,395.0,60,149.0,115,139.0,90,77,61,38,1,https://gobstate.com/sports/mens-basketball/stats/2022-23,,tidwellmalik|maliktidwell,matched,1,maliktidwell,1,0,Malik Tidwell,Georgia Southern,SB,2024,79396,bt_pid:79396,31,18.2903,5.7742,-5.01424,71.0,/Users/adriankong/Desktop/TROP/trank_final_data_2024_with_pbp.csv,exact_name_team_season,1.0,1976.0,Low,"Tidwell, Malik",Ga. Southern,Sun Belt Conference,5176796.0,5-11,Sr,WG,31.0,0.4201,0.4203,104.0669,0.1723,-0.6476,-1.0185,0.5118,-1.5303,exact_name_team_season,1.0,2538.0,Malik Tidwell,Georgia Southern,-0.3,-1.58,-1.88,988.0,-0.98,-1.6,-2.58,99.3,108.2,-8.9,-71.0,tidwell malik,bluefield state,2023.0,79396,2024.0,0.406152,0.773598,-5.01424,-1.08027,-3.93397,-4.69828,-1.70615,-2.99213,mid_major,71.0,53.924051,59.299369,35.189873,0.377215,1.262295,11.795189,15.623604,26.067436,3.753578,6.834022,0.0921,2.184089,26.749073,1.730532,2.719407,4.449938,3.807169,3.016069,1.878863,0.049444,0.403,0.827,7.530747,combined_exact,combined_player_database,archetype_exact_name_team_season,0.0,0.4142444882,1.0,0.0,0.4142444882,0.0770862152,0.0,0.0,0.3007919795,0.2078773171
5931,older_school_realgm,2022-23,2023,2023-24,2024,"McColley, Kaine",Bluefield St.,,26,26.0,739.0,28.4,412,15.8,123,298.0,79,184.0,87,101.0,95,55,52,28,4,https://gobstate.com/sports/mens-basketball/stats/2022-23,,mccolleykaine|kainemccolley,matched,1,kainemccolley,1,0,Kaine McColley,Arkansas Pine Bluff,SWAC,2024,79212,bt_pid:79212,24,9.5714,2.2143,-6.56387,77.0,/Users/adriankong/Desktop/TROP/trank_final_data_2024_with_pbp.csv,unmatched,,,,,,,,,,,,,,,,,,,,unmatched,,,,,,,,,,,,,,,,mccolley kaine,bluefield state,2023.0,79212,2024.0,-0.167703,0.222336,-6.56387,-2.8409,-3.72297,-7.30375,-4.18226,-3.12148,mid_major,78.0,54.530201,60.156524,33.892617,0.61745,1.057692,13.183247,11.125371,21.764988,1.643651,11.018,0.403296,1.761768,22.300406,0.757781,4.384303,5.142084,2.976996,2.814614,1.515562,0.216509,0.429,0.861,10.180608,combined_exact,combined_player_database,archetype_exact_name_team_season,0.0,0.4660243463,0.908686031,0.091313969,0.4660243463,0.0803781761,0.0344778117,0.0,0.419119666,0.0
5943,older_school_realgm,2021-22,2022,2022-23,2023,"Cooper, Marquez",Bluefield St.,,23,23.0,708.0,30.8,492,21.4,195,399.0,8,51.0,94,126.0,130,51,70,61,7,https://gobstate.com/sports/mens-basketball/stats/2021-22,,coopermarquez|marquezcooper,matched,1,marquezcooper,1,0,Marquez Cooper,New Orleans,Slnd,2023,76427,bt_pid:76427,27,13.4828,5.1724,-2.12591,76.0,/Users/adriankong/Desktop/TROP/trank_final_data_2023_with_pbp.csv,exact_name_team_season,1.0,1845.0,Low,"Cooper, Marquez",New Orleans,Southland Conference,4603017.0,6-4,Sr,WG,27.0,0.3118,0.3155,109.7697,0.2074,-0.2655,0.5743,1.8633,-1.289,exact_name_team_season,1.0,1909.0,Marquez Cooper,New Orleans,0.88,-1.29,-0.41,690.0,0.53,-0.55,-0.02,101.0,111.0,-10.1,-19.0,cooper marquez,bluefield state,2022.0,76427,2023.0,0.716735,0.798401,-2.12591,-0.205388,-1.92052,-1.35818,-0.0590014,-1.29918,mid_major,77.0,49.874687,54.132559,31.578947,0.12782,0.728571,13.347571,12.359431,29.188135,4.503911,13.819911,0.762168,3.878466,27.79661,2.033898,5.310734,7.344633,2.881356,3.954802,3.446328,0.39548,0.157,0.746,2.833665,combined_exact,combined_player_database,archetype_exact_name_team_season,0.0,0.4620136589,0.9390718441,0.0609281559,0.4535615252,0.4620136589,0.0,0.0,0.0170209337,0.0674038822
5987,older_school_realgm,2022-23,2023,2023-24,2024,Mason Williams,Bridgeport,,27,19.0,720.0,26.7,285,10.6,109,237.0,47,119.0,20,30.0,135,51,23,21,4,https://www.ubknights.com/sports/mbkb/2022-23/teams/bridgeport?view=lineup,,masonwilliams,matched,1,masonwilliams,1,0,Mason Williams,Eastern Washington,BSky,2024,78265,bt_pid:78265,16,9.2353,3.8235,-3.58716,77.0,/Users/adriankong/Desktop/TROP/trank_final_data_2024_with_pbp.csv,unmatched,,,,,,,,,,,,,,,,,,,,unmatched,,,,,,,,,,,,,,,,mason williams,bridgeport,2023.0,78265,2024.0,0.74111,0.511243,-3.58716,1.492,-5.07916,-1.9406,0.998592,-2.9392,mid_major,76.0,55.907173,56.954436,12.658228,0.50211,2.217391,8.418741,11.424384,16.501907,4.807121,15.291909,0.53242,1.517689,15.833333,2.055556,5.444444,7.5,2.833333,1.277778,1.166667,0.222222,0.395,0.667,7.175418,combined_exact,combined_player_database,archetype_exact_name_team_season,0.0,0.6943403774,0.5122461486,0.4877538514,0.0006099782,0.6943403774,0.0,0.0,0.3043841562,0.0006654882
6014,older_school_realgm,2022-23,2023,2023-24,2024,"Kabeya, Nehemie",Carson Newman,,7,0.0,44.0,6.3,8,1.1,4,8.0,0,0.0,0,3.0,19,1,5,0,1,https://www.cneagles.com/sports/m-baskbl/2022-23/files/teamcume.htm,,kabeyanehemie|nehemiekabeya,matched,1,nehemiekabeya,1,0,Nehemie Kabeya,Washington,P12,2024,73864,bt_pid:73864,5,1.4,0.0,-3.87487,82.0,/Users/adriankong/Desktop/TROP/trank_final_data_2024_with_pbp.csv,unmatched,,,,,,,,,,,,,,,,,,,,unmatched,,,,,,,,,,,,,,,,kabeya nehemie,carson newman,2023.0,73864,2024.0,,,,,,,,,mid_major,81.0,50.0,42.918455,37.5,0.0,0.2,34.916201,3.855338,16.130009,24.777843,24.073443,2.484174,0.0,7.272727,8.181818,9.090909,17.272727,0.909091,4.545455,0.0,0.909091,0.0,0.0,0.0,combined_exact,combined_player_database,archetype_exact_name_team_season,0.0,0.9643288609,0.6048193598,0.3951806402,0.0,0.0356711391,0.0,0.9643288609,0.0,0.0
6038,older_school_realgm,2022-23,2023,2023-24,2024,Jordan Jones,Coker,,29,28.0,939.0,32.4,435,15.0,171,355.0,10,47.0,83,120.0,118,189,102,75,1,https://www.cokercobras.com/sports/mbkb/2022-23/teams/coker?view=lineup,,jordanjones,matched_prior_d1_experience,1,jordanjones,1,1,Jordan Jones,Central Connecticut,NEC,2024,78854,bt_pid:78854,29,29.4194,13.0645,-0.690334,72.0,/Users/adriankong/Desktop/TROP/trank_final_data_2024_with_pbp.csv,exact_name_team_season,1.0,1378.0,Low,"Jones, Jordan",Central Conn. St.,Northeast Conference,5177231.0,6-0,Sr,s-PG,32.0,0.7434,0.7394,105.7142,0.2668,-0.5396,0.236,0.2912,-0.0552,exact_name_team_season,1.0,1038.0,Jordan Jones,Central Connecticut,1.17,0.36,1.54,1468.0,1.42,-0.19,1.23,101.8,102.9,-1.1,119.0,jordan jones,coker,2023.0,78854,2024.0,1.87471,2.33908,-0.690334,0.455664,-1.146,-0.0948916,0.157682,-0.252574,mid_major,72.0,49.577465,53.334968,33.802817,0.132394,1.852941,20.007846,42.70122,27.913632,3.165186,12.324468,0.116126,4.511323,18.530351,1.064963,3.961661,5.026624,8.051118,4.345048,3.194888,0.042599,0.213,0.692,2.545819,combined_exact,combined_player_database,archetype_exact_name_team_season,0.0,0.6871949574,1.0,0.0,0.2119014334,0.1009036092,0.0,0.0,0.0,0.6871949574
6055,older_school_realgm,2021-22,2022,2022-23,2023,Jordan Jones,Coker,,24,12.0,518.0,21.6,168,7.0,74,152.0,4,18.0,16,28.0,68,71,57,24,1,https://www.cokercobras.com/sports/mbkb/2021-22/teams/coker?view=lineup,,jordanjones,matched_prior_d1_experience,1,jordanjones,1,3,Jordan Jones,Mercer,SC,2023,74826,bt_pid:74826,20,11.4091,2.1364,-2.40049,72.0,/Users/adriankong/Desktop/TROP/trank_final_data_2023_with_pbp.csv,unmatched,,,,,,,,,,,,,,,,,,,,unmatched,,,,,,,,,,,,,,,,jordan jones,coker,2022.0,74826,2023.0,-0.336974,0.97218,-2.40049,-3.50691,1.10642,-2.21404,-3.42002,1.20598,mid_major,72.0,50.0,51.119766,18.421053,0.118421,1.245614,25.754564,28.156051,22.523571,5.00685,12.023042,0.238696,2.676479,12.972973,1.621622,3.629344,5.250965,5.482625,4.401544,1.853282,0.07722,0.222,0.571,1.829737,combined_exact,combined_player_database,archetype_exact_name_team_season,0.0,0.636496169,0.7810167236,0.2189832764,0.1924987618,0.1710050692,0.0,0.0,0.0,0.636496169
6158,older_school_realgm,2022-23,2023,2023-24,2024,Isaiah Jones,Mars Hill,,25,22.0,708.0,28.3,236,9.4,91,202.0,24,69.0,30,38.0,163,36,58,57,14,https://www.marshilllions.com/sports/mbkb/2022-23/teams/marshill?jsRendering=true,,isaiahjones,matched_prior_d1_experience,1,isaiahjones,1,1,Isaiah Jones,Oakland,Horz,2024,77062,bt_pid:77062,33,19.0303,4.9394,3.79821,77.0,/Users/adriankong/Desktop/TROP/trank_final_data_2024_with_pbp.csv,exact_name_team_season,1.0,692.0,Medium,"Jones, Isaiah",Oakland,Horizon League,4067423.0,6-7,So,WG,33.0,0.4226,0.4336,126.7655,0.1502,2.3078,1.5925,-0.427,2.0195,exact_name_team_season,1.0,901.0,Isaiah Jones,Oakland,1.55,0.38,1.93,1074.0,1.94,0.63,2.57,108.4,101.0,7.4,54.0,isaiah jones,mars hill,2023.0,77062,2024.0,1.45362,1.7518,3.79821,1.9223,1.87591,1.44162,-0.0485597,1.49018,mid_major,77.0,50.990099,53.950256,18.811881,0.341584,0.62069,20.959815,10.744566,19.111766,8.277941,17.423356,2.197112,4.380264,13.333333,3.220339,5.988701,9.20904,2.033898,3.276836,3.220339,0.79096,0.348,0.789,4.76551,combined_exact,combined_player_database,archetype_exact_name_team_season,0.0,0.564445339,0.7832342506,0.2167657494,0.564445339,0.2350891173,0.0,0.2004655436,0.0,0.0
6174,older_school_realgm,2021-22,2022,2022-23,2023,Isaiah Jones,Mars Hill,,26,15.0,718.0,27.6,261,10.0,96,216.0,38,108.0,31,54.0,176,25,35,42,25,https://www.marshilllions.com/sports/mbkb/2021-22/teams/marshill?jsRendering=true,,isaiahjones,matched,1,isaiahjones,1,0,Isaiah Jones,Detroit Mercy,Horz,2023,77062,bt_pid:77062,23,10.3333,2.3333,-2.36853,80.0,/Users/adriankong/Desktop/TROP/trank_final_data_2023_with_pbp.csv,unmatched,,,,,,,,,,,,,,,,,,,,unmatched,,,,,,,,,,,,,,,,isaiah jones,mars hill,2022.0,77062,2023.0,0.57147,0.494856,-2.36853,1.23116,-3.59969,-2.88479,0.120008,-3.0048,mid_major,77.0,53.240741,54.429429,25.0,0.5,0.714286,12.73839,6.533101,17.694245,8.418908,16.777373,3.284232,3.123047,14.54039,3.342618,6.462396,9.805014,1.392758,1.949861,2.339833,1.392758,0.352,0.574,6.93857,combined_exact,combined_player_database,archetype_exact_name_team_season,0.0,0.4505507793,0.8812567488,0.1187432512,0.4505507793,0.0646457979,0.0,0.3969332632,0.0878701596,0.0
6178,older_school_realgm,2021-22,2022,2022-23,2023,KJ Marshall,Mars Hill,,17,8.0,319.0,18.8,57,3.4,18,61.0,3,31.0,18,22.0,41,35,28,9,1,https://www.marshilllions.com/sports/mbkb/2021-22/teams/marshill?jsRendering=true,,kjmarshall,matched,1,kjmarshall,1,0,KJ Marshall,Pittsburgh,ACC,2023,70791,bt_pid:70791,11,2.5455,0.3636,-13.7772,70.0,/Users/adriankong/Desktop/TROP/trank_final_data_2023_with_pbp.csv,unmatched,,,,,,,,,,,,,,,,,,,,unmatched,,,,,,,,,,,,,,,,kj marshall,mars hill,2022.0,70791,2023.0,,,,,,,,,power_4,70.0,31.967213,40.322581,36.065574,0.508197,1.25,28.374544,17.979452,14.303471,3.789828,9.440559,0.295684,1.506279,7.147335,1.504702,3.636364,5.141066,4.388715,3.510972,1.128527,0.125392,0.097,0.818,4.482721,combined_exact,combined_player_database,archetype_exact_name_team_season,0.0,0.609205342,0.5963960115,0.4036039885,0.0,0.0,0.3900027545,0.0,0.0007919036,0.609205342
6207,older_school_realgm,2022-23,2023,2023-24,2024,DeVante Jamison,St Thomas Aquinas,,29,29.0,910.0,31.4,430,14.8,146,351.0,34,88.0,104,142.0,102,167,120,65,1,mbb_pbp_raw_data_copy_2021_22_to_2026_27 copy/d2/school_stats_backfill/raw_html/St_Thomas_Aquinas_2022-23_0.html,,devantejamison,matched,1,devantejamison,1,0,DeVante Jamison,Fairleigh Dickinson,NEC,2024,79392,bt_pid:79392,30,17.7097,5.8065,-7.53915,68.0,/Users/adriankong/Desktop/TROP/trank_final_data_2024_with_pbp.csv,exact_name_team_season,1.0,2877.0,Low,"Jamison, DeVante",FDU,Northeast Conference,5177234.0,5-8,Sr,s-PG,30.0,0.4393,0.4383,84.7864,0.2311,-5.1326,-4.1833,2.1967,-6.38,exact_name_team_season,1.0,2889.0,DeVante Jamison,Fairleigh Dickinson,-1.87,-1.39,-3.26,977.0,-1.84,-0.25,-2.09,91.6,113.5,-21.9,-155.0,devante jamison,state thomas aquinas,2023.0,79392,2024.0,-0.314109,1.08767,-7.53915,-4.87067,-2.66848,-6.54472,-4.85565,-1.68907,mid_major,68.0,46.438746,51.997678,40.45584,0.250712,1.391667,22.493814,31.110723,25.708952,2.040057,10.056395,0.118742,3.740861,18.901099,0.835165,3.648352,4.483516,7.340659,5.274725,2.857143,0.043956,0.386,0.732,4.240811,combined_exact,combined_player_database,archetype_exact_name_team_season,0.0,0.629203198,0.9760879023,0.0239120977,0.3417739387,0.0290228634,0.0,0.0,0.0,0.629203198
6219,older_school_realgm,2021-22,2022,2022-23,2023,Demetre Roberts,St Thomas Aquinas,,32,31.0,940.0,29.4,526,16.4,181,394.0,56,157.0,108,131.0,92,133,73,55,3,mbb_pbp_raw_data_copy_2021_22_to_2026_27 copy/d2/school_stats_backfill/raw_html/St_Thomas_Aquinas_2021-22_0.html,,demetreroberts,matched,1,demetreroberts,1,0,Demetre Roberts,Fairleigh Dickinson,NEC,2023,77222,bt_pid:77222,35,34.4865,16.5946,-1.83177,68.0,/Users/adriankong/Desktop/TROP/trank_final_data_2023_with_pbp.csv,exact_name_team_season,1.0,2112.0,Low,"Roberts, Demetre",Fairleigh Dickinson,Northeast Conference,5106585.0,5-8,Sr,s-PG,29.0,0.8679,0.8653,112.5497,0.2553,1.1854,0.6381,2.6377,-1.9996,exact_name_team_season,1.0,1168.0,Demetre Roberts,Fairleigh Dickinson,2.58,-1.44,1.14,1962.0,2.63,-0.98,1.64,103.8,110.1,-6.3,19.0,demetre roberts,state thomas aquinas,2022.0,77222,2023.0,2.92101,1.44012,-1.83177,1.79575,-3.62751,-1.12214,1.45749,-2.57963,mid_major,68.0,53.045685,58.23222,33.248731,0.398477,1.821918,13.914303,22.24672,26.216514,0.939076,10.052812,0.361793,3.118296,22.382979,0.340426,3.574468,3.914894,5.659574,3.106383,2.340426,0.12766,0.357,0.824,7.867221,combined_exact,combined_player_database,archetype_exact_name_team_season,0.0,0.5823524576,0.9405681543,0.0594318457,0.5823524576,0.0160423257,0.0,0.0,0.0,0.4016052167
6221,older_school_realgm,2021-22,2022,2022-23,2023,Grant Singleton,St Thomas Aquinas,,33,33.0,866.0,26.2,408,12.4,159,341.0,43,143.0,47,53.0,129,102,53,60,2,mbb_pbp_raw_data_copy_2021_22_to_2026_27 copy/d2/school_stats_backfill/raw_html/St_Thomas_Aquinas_2021-22_0.html,,grantsingleton,matched,1,grantsingleton,1,0,Grant Singleton,Fairleigh Dickinson,NEC,2023,76177,bt_pid:76177,34,31.8611,13.8889,2.00282,69.0,/Users/adriankong/Desktop/TROP/trank_final_data_2023_with_pbp.csv,exact_name_team_season,1.0,1755.0,Low,"Singleton, Grant",Fairleigh Dickinson,Northeast Conference,5106586.0,5-9,Sr,s-PG,28.0,0.7785,0.7827,121.3316,0.2023,2.2781,3.2808,4.3035,-1.0226999999999995,exact_name_team_season,1.0,684.0,Grant Singleton,Fairleigh Dickinson,3.74,-1.29,2.46,1800.0,3.92,-0.23,3.69,105.1,112.3,-7.3,-9.0,grant singleton,state thomas aquinas,2022.0,76177,2023.0,3.23072,1.74671,2.00282,3.81229,-1.80947,2.6153,2.87405,-0.25875,mid_major,72.0,52.932551,55.99473,15.542522,0.419355,1.924528,12.700086,18.262292,22.635636,1.78381,14.938813,0.261806,3.69246,18.845266,0.646651,5.311778,5.95843,4.711316,2.448037,2.771363,0.092379,0.301,0.887,7.777995,combined_exact,combined_player_database,archetype_exact_name_team_season,0.0,0.5718833992,0.7759096342,0.2240903658,0.5718833992,0.1699392272,0.0,0.0,0.0,0.2581773736
6223,older_school_realgm,2021-22,2022,2022-23,2023,Sean Moore,St Thomas Aquinas,,29,18.0,625.0,21.6,197,6.8,77,154.0,27,80.0,16,25.0,138,30,38,41,8,mbb_pbp_raw_data_copy_2021_22_to_2026_27 copy/d2/school_stats_backfill/raw_html/St_Thomas_Aquinas_2021-22_0.html,,seanmoore,matched,1,seanmoore,1,0,Sean Moore,Fairleigh Dickinson,NEC,2023,77218,bt_pid:77218,34,22.5,7.2778,0.780244,76.0,/Users/adriankong/Desktop/TROP/trank_final_data_2023_with_pbp.csv,exact_name_team_season,1.0,2462.0,Low,"Moore, Sean",Fairleigh Dickinson,Northeast Conference,5106587.0,6-5,Jr,WG,28.0,0.5201,0.5354,107.7082,0.1632,-0.5904,-0.8681,2.3827,-3.2508,exact_name_team_season,1.0,2058.0,Sean Moore,Fairleigh Dickinson,0.02,-0.72,-0.7,1236.0,0.69,-0.13,0.56,101.8,110.0,-8.2,-66.0,sean moore,state thomas aquinas,2022.0,77218,2023.0,1.16649,1.41451,0.780244,0.954664,-0.17442,0.209229,0.825794,-0.616565,mid_major,78.0,58.766234,59.69697,16.233766,0.519481,0.789474,18.719212,6.805092,15.256588,10.063134,14.57945,1.451032,3.49612,12.608,3.648,5.184,8.832,1.92,2.432,2.624,0.512,0.338,0.64,6.029197,combined_exact,combined_player_database,archetype_exact_name_team_season,0.0,0.517751738,0.6015041971,0.3984958029,0.517751738,0.0790482589,0.0,0.4032000031,0.0,0.0
6254,older_school_realgm,2021-22,2022,2022-23,2023,Trenton Gibson,Tusculum,,25,24.0,793.0,31.7,430,17.2,137,338.0,44,127.0,112,136.0,147,133,76,38,4,mbb_pbp_raw_data_copy_2021_22_to_2026_27 copy/d2/school_stats_backfill/raw_html/Tusculum_2021-22_0.html,,trentongibson,matched,1,trentongibson,1,0,Trenton Gibson,Indiana St.,MVC,2023,76359,bt_pid:76359,31,16.2812,5.6875,3.40448,76.0,/Users/adriankong/Desktop/TROP/trank_final_data_2023_with_pbp.csv,exact_name_team_season,1.0,1349.0,Medium,"Gibson, Trenton",Indiana St.,Missouri Valley Conference,4706189.0,6-4,Sr,WG,31.0,0.3614,0.3597,117.5831,0.183,1.7485,0.4923,0.3758,0.1164999999999999,exact_name_team_season,1.0,798.0,Trenton Gibson,Indiana State,2.08,0.06,2.14,904.0,1.71,-0.06,1.65,106.4,100.3,6.1,109.0,trenton gibson,tusculum,2022.0,76359,2023.0,1.32416,1.63719,3.40448,1.56565,1.83883,2.94485,1.39623,1.54862,mid_major,76.0,47.04142,54.041826,40.236686,0.37574,1.75,16.039169,30.971391,28.891704,3.306881,17.207699,0.521227,2.731613,21.689786,1.210593,6.204288,7.41488,6.708701,3.833544,1.916772,0.201765,0.346,0.824,7.753472,combined_exact,combined_player_database,archetype_exact_name_team_season,0.0,0.4363627574,1.0,0.0,0.4363627574,0.2146506829,0.0,0.0,0.0,0.3489865598
6298,older_school_realgm,2021-22,2022,2022-23,2023,Justin Thomas,Wilmington DE,,27,25.0,849.0,31.4,338,12.5,135,306.0,26,89.0,42,51.0,160,62,46,19,9,mbb_pbp_raw_data_copy_2021_22_to_2026_27 copy/d2/school_stats_backfill/raw_html/Wilmington_DE_2021-22_0.html,,justinthomas,matched_prior_d1_experience,1,justinthomas,1,1,Justin Thomas,Milwaukee,Horz,2023,76491,bt_pid:76491,31,27.4242,7.2727,-0.690471,79.0,/Users/adriankong/Desktop/TROP/trank_final_data_2023_with_pbp.csv,exact_name_team_season,1.0,1856.0,Medium,"Thomas, Justin",Milwaukee,Horizon League,5106773.0,6-7,So,CG,31.0,0.6829,0.6732,102.4725,0.1676,-1.1341,-1.2427,0.0726,-1.3153,exact_name_team_season,1.0,1097.0,Justin Thomas,Milwaukee,0.35,0.96,1.31,1540.0,0.29,1.39,1.67,100.7,101.9,-1.2,45.0,justin thomas,wilmington de,2022.0,76491,2023.0,0.484859,2.38407,-0.690471,-1.48452,0.794053,-0.809924,-1.78982,0.979895,mid_major,77.0,48.366013,51.455365,16.666667,0.29085,1.347826,12.285012,13.758876,21.914271,2.90374,16.712653,0.98279,1.324692,15.924617,1.036514,6.501767,7.53828,2.921084,2.167256,0.895171,0.424028,0.292,0.824,5.193964,combined_exact,combined_player_database,archetype_exact_name_team_season,0.0,0.3768364434,0.9187123641,0.0812876359,0.1334653507,0.3632541832,0.0,0.0,0.3768364434,0.1264440226
6363,older_school_realgm,2021-22,2022,2022-23,2023,"Sanders, Kobe",CUI,,22,14.0,633.0,28.8,236,10.7,84,183.0,40,102.0,28,37.0,58,89,54,10,3,https://cuigoldeneagles.com/sports/mens-basketball/stats/2021-22,,sanderskobe|kobesanders,matched_prior_d1_experience,1,kobesanders,1,1,Kobe Sanders,Cal Poly,BW,2023,73493,bt_pid:73493,23,27.8333,7.7083,-1.49372,78.0,/Users/adriankong/Desktop/TROP/trank_final_data_2023_with_pbp.csv,exact_name_team_season,1.0,2676.0,Low,"Sanders, Kobe",Cal Poly,Big West Conference,4702352.0,6-9,Jr,WG,23.0,0.5234,0.5191,84.1208,0.2094,-4.2699,-4.0228,0.2418,-4.2646,exact_name_team_season,1.0,2558.0,Kobe Sanders,Cal Poly,-2.2,0.19,-2.02,1065.0,-1.97,0.68,-1.3,86.6,101.4,-14.9,-121.0,sanders kobe,cui,2022.0,73493,2023.0,-0.171581,2.6169,-1.49372,-2.71639,1.22267,-2.48326,-3.31091,0.827643,mid_major,72.0,56.830601,59.213167,20.218579,0.557377,1.648148,21.320278,26.538447,20.54118,2.235333,9.01869,0.430097,0.888841,14.913112,0.758294,2.906793,3.665087,5.624013,3.412322,0.631912,0.189573,0.392,0.757,8.26395,combined_exact,combined_player_database,archetype_exact_name_team_season,0.0,0.5886768279,1.0,0.0,0.0864845667,0.0,0.3248386054,0.0,0.0,0.5886768279
6419,older_school_realgm,2021-22,2022,2022-23,2023,"Demonia, Demarcus",East Texas A&M,,26,26.0,733.0,28.2,283,10.9,98,208.0,24,71.0,63,91.0,152,61,62,21,7,https://lionathletics.com/sports/mens-basketball/stats/2021-22,,demoniademarcus|demarcusdemonia,matched,1,demarcusdemonia,1,0,Demarcus Demonia,East Texas A&M,Slnd,2023,77366,bt_pid:77366,32,31.3939,15.1515,-1.87758,79.0,/Users/adriankong/Desktop/TROP/trank_final_data_2023_with_pbp.csv,unique_name_season,0.5789,2555.0,Low,"Demonia, Demarcus",Tex. A&M-Commerce,Southland Conference,4904479.0,6-6,Sr,WG,32.0,0.7871,0.7879,103.0056,0.2648,-1.0101,-1.6384,1.9601,-3.5985,exact_name_team_season,1.0,2029.0,Demarcus Demonia,East Texas A&M,-0.01,-0.63,-0.64,1730.0,0.42,-0.18,0.24,97.3,108.5,-11.2,-104.0,demonia demarcus,east texas a and m,2022.0,77366,2023.0,1.84071,1.96064,-1.87758,0.426309,-2.30389,-1.35467,0.774668,-2.12934,mid_major,79.0,52.884615,57.04725,43.75,0.341346,0.983871,19.99742,16.461623,22.408285,7.458801,17.397739,1.153704,1.708279,15.443383,2.401091,5.893588,8.294679,3.328786,3.383356,1.145975,0.381992,0.338,0.692,5.128524,combined_exact,combined_player_database,archetype_exact_name_team_season,0.0,0.5716299922,0.8894597662,0.1105402338,0.0932799484,0.5716299922,0.1123113042,0.0,0.0617783068,0.1610004485
6423,older_school_realgm,2021-22,2022,2022-23,2023,"Romer Rosario, JJ",East Texas A&M,,18,0.0,146.0,8.1,63,3.5,21,55.0,15,43.0,6,6.0,21,12,8,2,10,https://lionathletics.com/sports/mens-basketball/stats/2021-22,,romerrosariojj|jjromerrosario,matched,1,jjromerrosario,1,0,JJ Romer Rosario,East Texas A&M,Slnd,2023,77330,bt_pid:77330,32,18.5758,8.6667,-0.987679,81.0,/Users/adriankong/Desktop/TROP/trank_final_data_2023_with_pbp.csv,unique_name_season,0.5789,728.0,Low,"Romer Rosario, JJ",Tex. A&M-Commerce,Southland Conference,4904477.0,6-9,Sr,S-PF,32.0,0.4592,0.4534,112.4591,0.224,0.6933,1.7361,-0.1615,1.8976,exact_name_team_season,1.0,675.0,JJ Romer Rosario,East Texas A&M,2.56,-0.08,2.48,998.0,1.58,-0.26,1.32,108.2,104.8,3.4,106.0,romer rosario jj,east texas a and m,2022.0,77330,2023.0,1.37297,1.15166,-0.987679,1.08341,-2.07109,0.360881,2.02105,-1.66017,mid_major,81.0,51.818182,54.649549,10.909091,0.781818,1.5,12.18769,16.591032,23.818291,4.255371,12.940175,8.274606,0.816809,17.260274,1.369863,4.383562,5.753425,3.287671,2.191781,0.547945,2.739726,0.349,1.0,15.59386,combined_exact,combined_player_database,archetype_exact_name_team_season,0.0,0.4918423737,0.8454048756,0.1545951244,0.2509859041,0.0,0.4918423737,0.2571717222,0.0,0.0
6424,older_school_realgm,2021-22,2022,2022-23,2023,"Abdul-Mateen, Khaliq",East Texas A&M,,23,2.0,310.0,13.5,73,3.2,24,46.0,10,25.0,15,26.0,45,12,12,18,1,https://lionathletics.com/sports/mens-basketball/stats/2021-22,,abdulmateenkhaliq|khaliqabdulmateen,matched,1,khaliqabdulmateen,1,0,Khaliq Abdul-Mateen,East Texas A&M,Slnd,2023,76595,bt_pid:76595,32,14.4848,3.8182,-3.06667,73.0,/Users/adriankong/Desktop/TROP/trank_final_data_2023_with_pbp.csv,unique_name_season,0.5789,2287.0,Low,"Abdul-Mateen, Khaliq",Tex. A&M-Commerce,Southland Conference,4904482.0,6-1,So,WG,32.0,0.3609,0.3722,99.6856,0.154,-1.7768,-0.0107,2.5639,-2.5746,exact_name_team_season,1.0,2369.0,Khaliq Abdul-Mateen,East Texas A&M,0.03,-1.51,-1.48,795.0,-0.97,0.09,-0.88,105.1,114.0,-8.9,-57.0,abdul mateen khaliq,east texas a and m,2022.0,76595,2023.0,0.0536472,0.976517,-3.06667,-1.92828,-1.13838,-2.19871,-2.20312,0.00441032,mid_major,73.0,63.043478,63.544568,56.521739,0.543478,1.0,17.281106,6.89011,11.867053,5.210771,12.18881,0.389707,3.462216,9.419355,1.677419,4.129032,5.806452,1.548387,1.548387,2.322581,0.129032,0.4,0.577,4.269887,combined_exact,combined_player_database,archetype_exact_name_team_season,0.0,0.7545872945,0.280518583,0.719481417,0.0,0.7545872945,0.0,0.0731496932,0.1722630124,0.0
6425,older_school_realgm,2021-22,2022,2022-23,2023,"Peavy, Alex",East Texas A&M,,25,0.0,271.0,10.8,73,2.9,26,57.0,7,21.0,14,19.0,44,12,11,3,7,https://lionathletics.com/sports/mens-basketball/stats/2021-22,,peavyalex|alexpeavy,matched,1,alexpeavy,1,0,Alex Peavy,East Texas A&M,Slnd,2023,77528,bt_pid:77528,32,16.8788,3.0909,-3.65875,81.0,/Users/adriankong/Desktop/TROP/trank_final_data_2023_with_pbp.csv,unique_name_season,0.5789,2783.0,Low,"Peavy, Alex",Tex. A&M-Commerce,Southland Conference,4402501.0,6-8,Sr,S-PF,32.0,0.4054,0.4,96.1453,0.1097,-2.0339,-2.5537,2.6171,-5.1708,exact_name_team_season,1.0,2897.0,Alex Peavy,East Texas A&M,-2.33,-1.64,-3.97,888.0,-1.55,-0.83,-2.39,90.4,112.5,-22.1,-138.0,peavy alex,east texas a and m,2022.0,77528,2023.0,-0.334314,0.790604,-3.65875,-2.48115,-1.17761,-4.35706,-3.45613,-0.900923,mid_major,81.0,51.754386,55.844553,33.333333,0.368421,1.090909,14.405448,8.150372,14.927652,7.794709,11.764338,3.120534,0.660078,10.774908,2.509225,3.98524,6.494465,1.771218,1.623616,0.442804,1.03321,0.333,0.737,4.102873,combined_exact,combined_player_database,archetype_exact_name_team_season,0.0,0.5329162501,0.7144836237,0.2855163763,0.0,0.0,0.1803323758,0.5329162501,0.2219523751,0.064798999
6444,older_school_realgm,2021-22,2022,2022-23,2023,"Young, Jackson",Hawaii Pacific,,24,2.0,356.0,14.8,151,6.3,50,123.0,41,108.0,10,11.0,47,19,11,11,0,https://hpusharks.com/sports/mens-basketball/stats/2021-22,,youngjackson|jacksonyoung,matched,1,jacksonyoung,1,0,Jackson Young,SMU,Amer,2023,72920,bt_pid:72920,5,1.0,0.0,-22.1504,74.0,/Users/adriankong/Desktop/TROP/trank_final_data_2023_with_pbp.csv,unmatched,,,,,,,,,,,,,,,,,,,,unmatched,,,,,,,,,,,,,,,,young jackson,hawaii pacific,2022.0,72920,2023.0,,,,,,,,,mid_major,74.0,57.317073,59.058198,8.943089,0.878049,1.727273,7.922789,11.270346,19.89187,2.395726,12.918698,0.0,1.824277,16.966292,0.898876,4.382022,5.280899,2.134831,1.235955,1.235955,0.0,0.38,0.909,15.473365,combined_exact,combined_player_database,archetype_exact_name_team_season,0.0,0.5758043838,0.6381566918,0.3618433082,0.4241956162,0.0,0.5758043838,0.0,0.0,0.0
6452,older_school_realgm,2021-22,2022,2022-23,2023,"Miller, Trey",Hawaii Pacific,,25,2.0,326.0,13.0,72,2.9,22,39.0,0,0.0,28,48.0,123,14,9,2,13,https://hpusharks.com/sports/mens-basketball/stats/2021-22,,millertrey|treymiller,matched,1,treymiller,1,0,Trey Miller,Incarnate Word,Slnd,2023,76289,bt_pid:76289,28,31.9355,10.6452,-3.91693,74.0,/Users/adriankong/Desktop/TROP/trank_final_data_2023_with_pbp.csv,unique_name_season,0.2353,2773.0,Low,"Miller, Trey",UIW,Southland Conference,5108892.0,6-2,Fr,s-PG,28.0,0.787,0.7875,98.9928,0.2035,-1.995,-2.1166,2.9245,-5.0411,exact_name_team_season,1.0,2629.0,Trey Miller,Incarnate Word,-0.68,-1.54,-2.23,1572.0,-0.56,-0.51,-1.06,93.7,110.9,-17.2,-166.0,miller trey,hawaii pacific,2022.0,76289,2023.0,0.644647,1.67103,-3.91693,-1.95789,-1.95904,-4.69378,-3.27095,-1.42284,mid_major,77.0,56.410256,59.88024,123.076923,0.0,1.555556,13.020833,7.857929,10.814268,20.275485,22.065633,4.599458,0.36221,8.834356,7.607362,7.484663,15.092025,1.717791,1.104294,0.245399,1.595092,0.0,0.583,0.0,combined_exact,combined_player_database,archetype_exact_name_team_season,0.0,0.7650490978,0.9634171032,0.0365828968,0.0,0.1744943495,0.0,0.7650490978,0.0,0.0604565528
6455,older_school_realgm,2021-22,2022,2022-23,2023,"Davis, Christian",Le Moyne,,27,25.0,808.0,29.9,347,12.9,114,267.0,56,160.0,63,69.0,173,31,39,27,25,https://lemoynedolphins.com/sports/mens-basketball/stats/2021-22,,davischristian|christiandavis,matched,1,christiandavis,1,0,Christian Davis,Bradley,MVC,2023,76254,bt_pid:76254,22,8.4783,1.913,-0.32016,79.0,/Users/adriankong/Desktop/TROP/trank_final_data_2023_with_pbp.csv,unmatched,,,,,,,,,,,,,,,,,,,,unmatched,,,,,,,,,,,,,,,,davis christian,le moyne,2022.0,76254,2023.0,0.171677,0.930823,-0.32016,-0.797584,0.477424,1.75435,-0.718876,2.47323,mid_major,78.0,53.183521,58.346785,25.842697,0.599251,0.794872,11.59472,7.201324,19.777358,3.459557,19.579208,3.010256,1.818111,17.178218,1.287129,7.277228,8.564356,1.534653,1.930693,1.336634,1.237624,0.35,0.913,9.431015,combined_exact,combined_player_database,archetype_exact_name_team_season,0.0,0.2713403028,0.946867161,0.053132839,0.2713403028,0.2155752996,0.2179840617,0.1349378593,0.1601624766,0.0
6469,older_school_realgm,2021-22,2022,2022-23,2023,"Caldwell Jr., Kevin",Lindenwood,,23,23.0,785.0,34.1,342,14.9,121,320.0,45,143.0,55,66.0,100,72,44,17,11,https://lindenwoodlions.com/sports/mens-basketball/stats/2021-22,,caldwellkevin|kevincaldwell,matched,1,kevincaldwell,1,0,Kevin Caldwell Jr.,Lindenwood,OVC,2023,76419,bt_pid:76419,28,32.9,12.8333,-4.47758,71.0,/Users/adriankong/Desktop/TROP/trank_final_data_2023_with_pbp.csv,exact_name_team_season,1.0,2722.0,Low,"Caldwell Jr., Kevin",Lindenwood,Ohio Valley Conference,5107691.0,5-11,Sr,s-PG,28.0,0.7922,0.7873,91.2677,0.2533,-3.7899,-3.5325,1.0596,-4.5921,exact_name_team_season,1.0,2465.0,Kevin Caldwell Jr.,Lindenwood,-1.08,-0.63,-1.72,1624.0,-1.06,-0.01,-1.07,92.5,108.0,-15.5,-161.0,caldwell jr kevin,lindenwood,2022.0,76419,2023.0,0.593633,1.91383,-4.47758,-1.59671,-2.88087,-4.22378,-2.17408,-2.0497,mid_major,71.0,43.983957,48.209366,19.786096,0.451872,1.660377,11.53277,18.902166,24.551809,2.316494,10.629698,1.090872,1.144771,16.198347,0.826446,3.842975,4.669421,3.636364,2.190083,0.785124,0.454545,0.313609,0.851351,9.028757,combined_exact,combined_player_database,archetype_exact_name_team_season,0.0,0.4599632457,0.9241000843,0.0758999157,0.4599632457,0.0586106949,0.0,0.0,0.2920360063,0.1893900531
6471,older_school_realgm,2021-22,2022,2022-23,2023,"Trimble, Brandon",Lindenwood,,27,18.0,818.0,30.3,227,8.4,74,158.0,45,102.0,34,37.0,71,36,18,19,2,https://lindenwoodlions.com/sports/mens-basketball/stats/2021-22,,trimblebrandon|brandontrimble,matched,1,brandontrimble,1,0,Brandon Trimble,Lindenwood,OVC,2023,77419,bt_pid:77419,28,28.4516,7.9032,-3.24689,74.0,/Users/adriankong/Desktop/TROP/trank_final_data_2023_with_pbp.csv,exact_name_team_season,1.0,2382.0,Low,"Trimble, Brandon",Lindenwood,Ohio Valley Conference,4289421.0,6-2,Sr,WG,28.0,0.6901,0.6698,106.1344,0.1299,-0.8255,-0.51,2.453,-2.963,exact_name_team_season,1.0,2546.0,Brandon Trimble,Lindenwood,0.33,-2.3,-1.97,1402.0,0.05,-1.52,-1.46,94.7,110.5,-15.8,-126.0,trimble brandon,lindenwood,2022.0,77419,2023.0,0.737805,1.35978,-3.24689,-0.385813,-2.86108,-2.76316,-1.0328,-1.73036,mid_major,74.0,61.075949,65.125086,23.417722,0.64557,2.0,9.361348,8.264527,12.156336,1.644768,7.980168,0.234711,1.354692,11.100244,0.586797,2.885086,3.471883,1.760391,0.880196,0.929095,0.0978,0.441,0.919,6.448571,combined_exact,combined_player_database,archetype_exact_name_team_season,0.0,0.7685736747,0.6669231983,0.3330768017,0.0,0.0,0.0,0.0,0.7685736747,0.2314263253
6472,older_school_realgm,2021-22,2022,2022-23,2023,"Suggs, Brandon",Lindenwood,,28,25.0,765.0,27.3,216,7.7,91,145.0,0,1.0,34,49.0,207,14,17,13,37,https://lindenwoodlions.com/sports/mens-basketball/stats/2021-22,,suggsbrandon|brandonsuggs,matched_prior_d1_experience,1,brandonsuggs,1,1,Brandon Suggs,UCF,Amer,2023,71623,bt_pid:71623,32,19.0938,6.5938,1.28207,78.0,/Users/adriankong/Desktop/TROP/trank_final_data_2023_with_pbp.csv,exact_name_team_season,1.0,733.0,Medium,"Suggs, Brandon",UCF,American Athletic Conference,4592966.0,6-6,Sr,WG,32.0,0.4531,0.4541,105.5072,0.1894,0.4914,0.8692,-1.015,1.8842,exact_name_team_season,1.0,823.0,Brandon Suggs,UCF,1.16,0.92,2.08,1040.0,0.93,0.48,1.41,106.6,94.9,11.7,92.0,suggs brandon,lindenwood,2022.0,71623,2023.0,1.31327,2.26361,1.28207,-0.390602,1.67267,1.97971,-0.0073193,1.98703,mid_major,80.0,62.758621,64.841499,33.793103,0.006897,0.823529,9.261277,3.630906,12.409049,8.647034,21.404921,4.642979,0.991111,11.294118,3.084967,7.738562,10.823529,0.732026,0.888889,0.679739,1.934641,0.0,0.694,0.067601,combined_exact,combined_player_database,archetype_exact_name_team_season,0.0,0.5486849759,0.9752766676,0.0247233324,0.0,0.1602899896,0.0,0.5486849759,0.2795798244,0.01144521
6509,older_school_realgm,2021-22,2022,2022-23,2023,"Rose Jr., Yaakema",Mo.-St. Louis,,33,33.0,968.0,29.3,398,12.1,157,366.0,12,55.0,72,101.0,157,84,51,68,1,https://umsltritons.com/sports/mens-basketball/stats/2021-22,,roseyaakema|yaakemarose,matched,1,yaakemarose,1,0,Yaakema Rose Jr.,Eastern Illinois,OVC,2023,76712,bt_pid:76712,25,24.7037,9.037,-1.43278,69.0,/Users/adriankong/Desktop/TROP/trank_final_data_2023_with_pbp.csv,unique_name_season,0.8148,2286.0,Low,"Rose, Yaakema",Eastern Ill.,Ohio Valley Conference,4604936.0,5-9,Sr,s-PG,25.0,0.5427,0.5438,97.0557,0.2428,-2.3808,-2.8613,-0.2884,-2.5728999999999997,exact_name_team_season,1.0,1586.0,Yaakema Rose,Eastern Illinois,-0.53,0.84,0.31,1116.0,0.01,0.91,0.92,89.3,102.7,-13.4,-107.0,rose jr yaakema,mo state louis,2022.0,76712,2023.0,0.569698,1.97618,-1.43278,-0.428355,-1.00443,-1.50633,-1.71262,0.206297,mid_major,69.0,44.535519,48.484553,27.595628,0.150273,1.647059,11.052358,15.978855,24.944654,7.204794,12.721916,0.138785,4.15295,16.446281,2.355372,4.132231,6.487603,3.471074,2.107438,2.809917,0.041322,0.218,0.713,2.979098,combined_exact,combined_player_database,archetype_exact_name_team_season,0.0,0.4227542639,0.9266975223,0.0733024777,0.2202359561,0.4227542639,0.0,0.0,0.0,0.3570097801
6517,older_school_realgm,2021-22,2022,2022-23,2023,"King, Kellen",Mo.-St. Louis,,32,1.0,249.0,7.8,89,2.8,32,64.0,14,33.0,11,13.0,33,12,11,8,0,https://umsltritons.com/sports/mens-basketball/stats/2021-22,,kingkellen|kellenking,matched,1,kellenking,1,0,Kellen King,San Jose St.,MWC,2023,76767,bt_pid:76767,12,3.7692,1.1538,-2.20885,76.0,/Users/adriankong/Desktop/TROP/trank_final_data_2023_with_pbp.csv,unmatched,,,,,,,,,,,,,,,,,,,,unmatched,,,,,,,,,,,,,,,,king kellen,mo state louis,2022.0,76767,2023.0,,,,,,,,,mid_major,76.0,60.9375,63.826736,20.3125,0.515625,1.090909,13.627354,8.355933,16.963654,2.45693,13.847985,0.0,1.899389,14.297189,0.803213,4.497992,5.301205,1.927711,1.767068,1.285141,0.0,0.424,0.846,6.948836,combined_exact,combined_player_database,archetype_exact_name_team_season,0.0,0.6628364411,0.5171326923,0.4828673077,0.0,0.3371635589,0.6628364411,0.0,0.0,0.0
6545,older_school_realgm,2021-22,2022,2022-23,2023,"Gorton, Alexander",Palm Beach Atl.,,27,27.0,790.0,29.3,267,9.9,100,207.0,27,77.0,40,59.0,148,39,59,22,2,https://pbasailfish.com/sports/mens-basketball/stats/2021-22,,gortonalexander|alexandergorton,matched,1,alexandergorton,1,0,Alexander Gorton,Fresno St.,MWC,2023,76327,bt_pid:76327,4,3.25,2.25,-2.77902,75.0,/Users/adriankong/Desktop/TROP/trank_final_data_2023_with_pbp.csv,unmatched,,,,,,,,,,,,,,,,,,,,unmatched,,,,,,,,,,,,,,,,gorton alexander,palm beach atlantic,2022.0,76327,2023.0,,,,,,,,,mid_major,75.0,54.830918,57.305975,28.502415,0.371981,0.661017,20.208248,9.267735,18.286138,3.535574,16.554589,0.258185,1.53358,13.518987,1.21519,6.278481,7.493671,1.974684,2.987342,1.113924,0.101266,0.351,0.678,4.829001,combined_exact,combined_player_database,archetype_exact_name_team_season,0.0,0.5176546858,0.8155646811,0.1844353189,0.1319311601,0.3504141542,0.0,0.0,0.5176546858,0.0
6552,older_school_realgm,2021-22,2022,2022-23,2023,"Smith, Jamari",Queens (NC),,34,31.0,882.0,25.9,599,17.6,211,411.0,44,110.0,133,179.0,240,32,74,26,30,https://queensathletics.com/sports/mens-basketball/stats/2021-22,,smithjamari|jamarismith,matched,1,jamarismith,1,0,Jamari Smith,Murray St.,MVC,2023,77080,bt_pid:77080,30,26.9333,11.7,-4.39145,80.0,/Users/adriankong/Desktop/TROP/trank_final_data_2023_with_pbp.csv,exact_name_team_season,1.0,2579.0,Medium,"Smith, Jamari",Murray St.,Missouri Valley Conference,4706598.0,6-8,Jr,WF,30.0,0.652,0.6486,96.1988,0.2468,-1.7962,-1.9542,1.7834,-3.7376,exact_name_team_season,1.0,2291.0,Jamari Smith,Murray State,-0.61,-0.67,-1.27,1370.0,-0.75,-0.41,-1.16,98.9,107.4,-8.5,-103.0,smith jamari,queens nc,2022.0,77080,2023.0,1.31415,1.7605,-4.39145,-1.74072,-2.65073,-3.43614,-1.34308,-2.09306,mid_major,80.0,56.690998,61.152401,43.552311,0.26764,0.432432,13.126153,7.010212,29.921866,8.584449,20.724851,3.865826,1.634207,27.165533,3.219955,7.664399,10.884354,1.451247,3.356009,1.179138,1.360544,0.4,0.743,5.833536,combined_exact,combined_player_database,archetype_exact_name_team_season,0.0,0.5764827607,1.0,0.0,0.1033931954,0.5764827607,0.1530254049,0.167098639,0.0,0.0
6553,older_school_realgm,2021-22,2022,2022-23,2023,"Dye, Kenny",Queens (NC),,34,34.0,1055.0,31.0,487,14.3,154,299.0,59,122.0,120,160.0,139,179,86,50,1,https://queensathletics.com/sports/mens-basketball/stats/2021-22,,dyekenny|kennydye,matched,1,kennydye,1,0,Kenny Dye,Queens,ASun,2023,77077,bt_pid:77077,30,34.697,16.9394,0.211626,72.0,/Users/adriankong/Desktop/TROP/trank_final_data_2023_with_pbp.csv,unique_name_season,0.8,907.0,Low,"Dye, Kenny",Queens (NC),ASUN Conference,4706606.0,6-0,Sr,s-PG,30.0,0.8913,0.8781,110.7932,0.2728,1.7067,1.4796,0.1651,1.3145,exact_name_team_season,1.0,544.0,Kenny Dye,Queens,3.09,-0.14,2.95,1884.0,2.68,-0.14,2.54,105.2,104.6,0.5,74.0,dye kenny,queens nc,2022.0,77077,2023.0,3.34172,2.23507,0.211626,2.0839,-1.87227,-0.191554,1.39548,-1.58704,mid_major,72.0,61.371237,65.917704,53.511706,0.408027,2.081395,18.884497,27.777809,20.20708,2.830273,11.380041,0.10773,2.627361,18.464455,1.061611,4.208531,5.270142,6.78673,3.260664,1.895735,0.037915,0.484,0.75,5.408977,combined_exact,combined_player_database,archetype_exact_name_team_season,0.0,0.7227067618,0.9685218487,0.0314781513,0.1617405307,0.1155527075,0.0,0.0,0.0,0.7227067618
6554,older_school_realgm,2021-22,2022,2022-23,2023,"Turner, Jay'Den",Queens (NC),,34,21.0,687.0,20.2,314,9.2,135,264.0,10,43.0,34,53.0,222,28,39,40,16,https://queensathletics.com/sports/mens-basketball/stats/2021-22,,turnerjayden|jaydenturner,matched,1,jaydenturner,1,0,Jay'Den Turner,Queens,ASun,2023,76158,bt_pid:76158,30,24.5758,8.3636,-0.0467614,77.0,/Users/adriankong/Desktop/TROP/trank_final_data_2023_with_pbp.csv,unique_name_season,0.8,1826.0,Low,"Turner, Jay'Den",Queens (NC),ASUN Conference,4706596.0,6-5,Jr,WF,30.0,0.6187,0.6381,106.3413,0.19,-0.1036,-0.4707,0.779,-1.2497,exact_name_team_season,1.0,1428.0,Jay'Den Turner,Queens,0.19,0.45,0.63,1336.0,0.47,0.8,1.27,102.4,105.8,-3.4,-57.0,turner jay den,queens nc,2022.0,76158,2023.0,1.31019,2.16018,-0.0467614,-0.200136,0.153375,0.0058555,0.221731,-0.215875,mid_major,77.0,53.030303,54.642907,20.075758,0.162879,0.717949,11.951459,7.274513,22.235657,14.436067,20.309829,2.646994,3.227792,18.282387,5.414847,7.510917,12.925764,1.630277,2.270742,2.328967,0.931587,0.233,0.642,2.927652,combined_exact,combined_player_database,archetype_exact_name_team_season,0.0,0.5615943081,0.9002343651,0.0997656349,0.1029991484,0.5615943081,0.0,0.3354065435,0.0,0.0
6555,older_school_realgm,2021-22,2022,2022-23,2023,"McKee, AJ",Queens (NC),,33,33.0,932.0,28.2,283,8.6,97,243.0,47,136.0,42,58.0,120,51,32,45,8,https://queensathletics.com/sports/mens-basketball/stats/2021-22,,mckeeaj|ajmckee,matched,1,ajmckee,1,0,AJ McKee,Queens,ASun,2023,76439,bt_pid:76439,30,31.697,15.3939,0.159188,74.0,/Users/adriankong/Desktop/TROP/trank_final_data_2023_with_pbp.csv,unique_name_season,0.8,1924.0,Low,"McKee, AJ",Queens (NC),ASUN Conference,4706601.0,6-2,So,WG,30.0,0.8112,0.8083,111.9241,0.2372,1.528,0.0796,1.5619,-1.4823,exact_name_team_season,1.0,1437.0,AJ McKee,Queens,1.39,-0.77,0.62,1730.0,2.01,-0.37,1.64,102.7,106.1,-3.4,-18.0,mckee aj,queens nc,2022.0,76439,2023.0,2.84996,2.10385,0.159188,1.84037,-1.68118,0.108974,1.29071,-1.18173,mid_major,74.0,49.588477,52.696261,23.868313,0.559671,1.59375,10.64821,8.383804,15.09456,6.29317,7.543463,0.975582,2.676695,12.145923,2.360515,2.7897,5.150215,2.188841,1.373391,1.93133,0.343348,0.346,0.724,6.825442,combined_exact,combined_player_database,archetype_exact_name_team_season,0.0,0.4559312035,0.7226979067,0.2773020933,0.17217516,0.0883533233,0.0,0.1023644059,0.4559312035,0.1811759072
6556,older_school_realgm,2021-22,2022,2022-23,2023,"McCluney, Quan",Queens (NC),,34,34.0,773.0,22.7,286,8.4,89,245.0,54,170.0,54,71.0,102,40,34,23,21,https://queensathletics.com/sports/mens-basketball/stats/2021-22,,mccluneyquan|quanmccluney,matched,1,quanmccluney,1,0,Quan McCluney,Queens,ASun,2023,65771,bt_pid:65771,27,15.6897,5.5172,-2.12977,77.0,/Users/adriankong/Desktop/TROP/trank_final_data_2023_with_pbp.csv,unique_name_season,0.8,1824.0,Low,"McCluney, Quan",Queens (NC),ASUN Conference,4397385.0,6-5,Sr,WG,27.0,0.3594,0.3585,97.667,0.1931,-1.8127,-0.7251,0.5226,-1.2477,exact_name_team_season,1.0,2125.0,Quan McCluney,Queens,-0.41,-0.48,-0.89,764.0,-0.47,-0.4,-0.88,102.4,105.7,-3.3,-14.0,mccluney quan,queens nc,2022.0,65771,2023.0,0.493689,1.07292,-2.12977,-0.953435,-1.17634,-2.27358,-1.08622,-1.18737,mid_major,77.0,47.346939,51.76658,28.979592,0.693878,1.176471,10.959257,8.064707,18.788032,2.069352,12.173433,3.08766,1.649494,14.799483,0.776197,4.50194,5.278137,2.069858,1.759379,1.190168,1.086675,0.318,0.761,10.286726,combined_exact,combined_player_database,archetype_exact_name_team_season,0.0,0.3662808929,0.8026693655,0.1973306345,0.3662808929,0.0,0.2156036353,0.1927221932,0.2253932785,0.0
6557,older_school_realgm,2021-22,2022,2022-23,2023,"Rains, Gavin",Queens (NC),,22,11.0,429.0,19.5,157,7.1,76,131.0,0,1.0,5,39.0,158,22,23,14,13,https://queensathletics.com/sports/mens-basketball/stats/2021-22,,rainsgavin|gavinrains,matched,1,gavinrains,1,0,Gavin Rains,Queens,ASun,2023,76440,bt_pid:76440,16,24.2105,6.1053,0.759929,79.0,/Users/adriankong/Desktop/TROP/trank_final_data_2023_with_pbp.csv,unique_name_season,0.8,1991.0,Low,"Rains, Gavin",Queens (NC),ASUN Conference,4706600.0,6-8,Jr,C,16.0,0.336,0.3432,97.6578,0.152,-1.9742,-1.1019,0.5497,-1.6516000000000002,exact_name_team_season,1.0,1954.0,Gavin Rains,Queens,-0.63,0.13,-0.5,720.0,-1.27,1.06,-0.21,101.5,107.4,-5.9,-30.0,rains gavin,queens nc,2022.0,76440,2023.0,-0.0802344,2.32048,0.759929,-2.58935,3.34928,-0.651846,-1.42954,0.777691,mid_major,79.0,58.015267,52.983261,29.770992,0.007634,0.956522,13.437719,8.847524,18.677037,16.65483,22.94338,3.4441,1.809143,14.638695,6.247086,8.484848,14.731935,2.051282,2.144522,1.305361,1.212121,0.0,0.128,0.109031,combined_exact,combined_player_database,archetype_exact_name_team_season,0.0,0.5096731579,0.9315854445,0.0684145555,0.0,0.5096731579,0.0,0.4903268421,0.0,0.0
6558,older_school_realgm,2021-22,2022,2022-23,2023,"McLaurin, BJ",Queens (NC),,34,4.0,455.0,13.4,234,6.9,81,153.0,4,12.0,68,89.0,139,14,19,12,7,https://queensathletics.com/sports/mens-basketball/stats/2021-22,,mclaurinbj|bjmclaurin,matched,1,bjmclaurin,1,0,BJ McLaurin,Queens,ASun,2023,73523,bt_pid:73523,30,23.2727,9.5152,-1.23591,80.0,/Users/adriankong/Desktop/TROP/trank_final_data_2023_with_pbp.csv,unique_name_season,0.8,1008.0,Low,"McLaurin, BJ",Queens (NC),ASUN Conference,4702143.0,6-8,Jr,S-PF,30.0,0.6034,0.5774,115.7895,0.188,1.6313,1.6162,0.5844,1.0318,exact_name_team_season,1.0,1035.0,BJ McLaurin,Queens,1.96,-0.48,1.48,1260.0,1.62,-0.33,1.29,107.2,105.3,1.9,92.0,mclaurin bj,queens nc,2022.0,73523,2023.0,1.9511,1.66807,-1.23591,0.683782,-1.9197,-0.296638,0.82323,-1.11987,mid_major,80.0,54.248366,60.886761,58.169935,0.078431,0.736842,8.997916,5.316456,21.725174,13.125,19.730586,1.748543,1.462083,20.571429,4.923077,7.296703,12.21978,1.230769,1.67033,1.054945,0.615385,0.333,0.764,1.233609,combined_exact,combined_player_database,archetype_exact_name_team_season,0.0,0.540585596,0.9490867949,0.0509132051,0.0,0.540585596,0.0323787442,0.3700341906,0.0570014692,0.0
6560,older_school_realgm,2021-22,2022,2022-23,2023,"Hubbard, Trey",Queens (NC),,34,0.0,449.0,13.2,180,5.3,61,142.0,8,30.0,50,62.0,56,66,35,30,3,https://queensathletics.com/sports/mens-basketball/stats/2021-22,,hubbardtrey|treyhubbard,matched,1,treyhubbard,1,0,Trey Hubbard,Queens,ASun,2023,76816,bt_pid:76816,10,4.4167,2.75,-4.8576,75.0,/Users/adriankong/Desktop/TROP/trank_final_data_2023_with_pbp.csv,unmatched,,,,,,,,,,,,,,,,,,,,unmatched,,,,,,,,,,,,,,,,hubbard trey,queens nc,2022.0,76816,2023.0,,,,,,,,,mid_major,75.0,45.774648,53.166352,43.661972,0.211268,1.885714,17.133346,23.673506,21.298181,1.900056,11.562938,0.759389,3.704053,16.035635,0.712695,4.276169,4.988864,5.879733,3.11804,2.672606,0.267261,0.267,0.806,3.125235,combined_exact,combined_player_database,archetype_exact_name_team_season,0.0,0.719734878,0.7405338883,0.2594661117,0.1135341148,0.1667310072,0.0,0.0,0.0,0.719734878
6561,older_school_realgm,2021-22,2022,2022-23,2023,"Mathews, Kalib",Queens (NC),,30,0.0,360.0,12.0,90,3.0,32,69.0,17,45.0,9,12.0,42,20,7,11,8,https://queensathletics.com/sports/mens-basketball/stats/2021-22,,mathewskalib|kalibmathews,matched,1,kalibmathews,1,0,Kalib Mathews,Queens,ASun,2023,76489,bt_pid:76489,30,29.8182,8.303,0.295927,76.0,/Users/adriankong/Desktop/TROP/trank_final_data_2023_with_pbp.csv,unique_name_season,0.8,1866.0,Low,"Mathews, Kalib",Queens (NC),ASUN Conference,4706609.0,6-4,So,CG,30.0,0.765,0.7715,104.8952,0.1482,-0.6804,-0.5895,0.7592,-1.3487,exact_name_team_season,1.0,1620.0,Kalib Mathews,Queens,0.48,-0.24,0.24,1643.0,0.57,0.12,0.69,103.4,105.3,-2.0,-22.0,mathews kalib,queens nc,2022.0,76489,2023.0,0.808166,2.03628,0.295927,-0.258518,0.554444,-0.259637,-0.526476,0.266839,mid_major,76.0,58.695652,60.581583,17.391304,0.652174,2.857143,8.612205,8.318099,10.569251,4.443359,8.112124,2.525673,1.693918,10.0,1.666667,3.0,4.666667,2.222222,0.777778,1.222222,0.888889,0.378,0.75,5.846794,combined_exact,combined_player_database,archetype_exact_name_team_season,0.0,0.8480959444,0.2586853481,0.7413146519,0.0,0.0,0.0,0.8480959444,0.0,0.1519040556
6562,older_school_realgm,2021-22,2022,2022-23,2023,"Fowler, Mike",Queens (NC),,27,1.0,231.0,8.6,72,2.7,28,55.0,6,18.0,10,27.0,52,4,9,2,7,https://queensathletics.com/sports/mens-basketball/stats/2021-22,,fowlermike|mikefowler,matched,1,mikefowler,1,0,Mike Fowler,Queens,ASun,2023,76490,bt_pid:76490,21,7.2083,1.5417,-8.99381,81.0,/Users/adriankong/Desktop/TROP/trank_final_data_2023_with_pbp.csv,unmatched,,,,,,,,,,,,,,,,,,,,unmatched,,,,,,,,,,,,,,,,fowler mike,queens nc,2022.0,76490,2023.0,-0.359448,0.477199,-8.99381,-6.45882,-2.53499,-8.78872,-7.70015,-1.08857,mid_major,81.0,56.363636,53.827751,49.090909,0.327273,0.444444,11.860833,2.72451,15.377238,7.386364,16.856361,3.4441,0.479977,12.467532,2.770563,6.233766,9.004329,0.692641,1.558442,0.34632,1.212121,0.333,0.37,3.644755,combined_exact,combined_player_database,archetype_exact_name_team_season,0.0,0.5418810739,0.8994157639,0.1005842361,0.0,0.0057343556,0.2548769391,0.5418810739,0.1975076313,0.0
6602,older_school_realgm,2021-22,2022,2022-23,2023,"Brzovic, Ante",Southeastern Okla.,,28,16.0,817.0,29.2,499,17.8,188,356.0,28,85.0,95,131.0,307,49,30,11,14,https://gosoutheastern.com/sports/mens-basketball/stats/2021-22,,brzovicante|antebrzovic,matched,1,antebrzovic,1,0,Ante Brzovic,Charleston,CAA,2023,76188,bt_pid:76188,34,19.0571,11.6286,2.86842,82.0,/Users/adriankong/Desktop/TROP/trank_final_data_2023_with_pbp.csv,unique_name_season,0.7407,324.0,Medium,"Brzovic, Ante",Col. of Charleston,Colonial Athletic Association,5105761.0,6-10,So,S-PF,34.0,0.4778,0.4606,111.2008,0.2938,2.127,1.6006,-2.0257,3.6263,unique_name_season,0.6452,375.0,Ante Brzovic,College of Charleston,1.91,1.86,3.77,1151.0,2.4,1.01,3.41,108.1,91.2,16.9,272.0,brzovic ante,southeastern okla,2022.0,76188,2023.0,2.15048,2.46499,2.86842,1.18289,1.68553,4.64955,3.34182,1.30773,mid_major,81.0,56.741573,60.318151,36.797753,0.238764,1.633333,6.76224,11.59586,27.906672,10.63275,30.691365,1.720667,0.766873,24.430845,3.623011,11.407589,15.0306,2.399021,1.468788,0.538556,0.685435,0.329,0.725,5.303055,combined_exact,combined_player_database,archetype_exact_name_team_season,0.0,0.9165344843,0.9083564913,0.0916435087,0.0,0.9165344843,0.0834655157,0.0,0.0,0.0
6610,older_school_realgm,2021-22,2022,2022-23,2023,"Simmons, Jelani",Southern Ind.,,26,26.0,808.0,31.1,368,14.2,141,309.0,47,149.0,39,51.0,117,44,50,40,16,https://usiscreamingeagles.com/sports/mens-basketball/stats/2021-22,,simmonsjelani|jelanisimmons,matched,1,jelanisimmons,1,0,Jelani Simmons,Southern Indiana,OVC,2023,65429,bt_pid:65429,29,31.5625,13.4062,-0.795561,77.0,/Users/adriankong/Desktop/TROP/trank_final_data_2023_with_pbp.csv,unique_name_season,0.8571,1953.0,Low,"Simmons, Jelani",Southern Ind.,Ohio Valley Conference,4397789.0,6-5,Sr,WG,30.0,0.7774,0.7767,105.3645,0.1967,-0.7183,-0.7908,0.7677,-1.5585,exact_name_team_season,1.0,1221.0,Jelani Simmons,Southern Indiana,1.37,-0.33,1.04,1676.0,0.82,-0.28,0.54,102.8,107.7,-4.9,3.0,simmons jelani,southern ind,2022.0,65429,2023.0,1.58375,1.93984,-0.795561,0.545396,-1.34096,-0.81466,-0.0774493,-0.73721,mid_major,77.0,53.236246,55.515327,16.504854,0.482201,0.88,13.108221,11.136034,23.400344,5.157623,10.655966,2.268305,2.856034,18.217822,1.881188,3.910891,5.792079,2.178218,2.475248,1.980198,0.792079,0.315,0.765,9.113853,combined_exact,combined_player_database,archetype_exact_name_team_season,0.0,0.6515521029,0.9561478172,0.0438521828,0.6515521029,0.0,0.0,0.1547865721,0.193661325,0.0
6611,older_school_realgm,2021-22,2022,2022-23,2023,"Henry, Tyler",Southern Ind.,,25,22.0,743.0,29.7,304,12.2,91,242.0,36,108.0,86,104.0,89,40,34,40,6,https://usiscreamingeagles.com/sports/mens-basketball/stats/2021-22,,henrytyler|tylerhenry,matched,1,tylerhenry,1,0,Tyler Henry,Southern Indiana,OVC,2023,76965,bt_pid:76965,28,20.0333,7.8,-4.76372,76.0,/Users/adriankong/Desktop/TROP/trank_final_data_2023_with_pbp.csv,unique_name_season,0.8571,2611.0,Low,"Henry, Tyler",Southern Ind.,Ohio Valley Conference,5107623.0,6-3,Jr,WG,29.0,0.4598,0.462,100.1306,0.2031,-1.5404,-1.701,2.2113,-3.9123,exact_name_team_season,1.0,2644.0,Tyler Henry,Southern Indiana,-0.77,-1.5,-2.27,1005.0,-1.11,-0.79,-1.9,99.5,111.0,-11.5,-72.0,henry tyler,southern ind,2022.0,76965,2023.0,0.480908,1.20887,-4.76372,-1.81425,-2.94947,-4.03435,-2.50574,-1.52861,mid_major,76.0,45.041322,52.821796,42.975207,0.446281,1.176471,10.566882,9.950601,21.465975,2.952015,10.121325,0.925029,3.105889,16.366083,1.076716,3.71467,4.791386,2.153432,1.830417,2.153432,0.323015,0.333,0.827,7.183929,combined_exact,combined_player_database,archetype_exact_name_team_season,0.0,0.3532502716,0.9048486515,0.0951513485,0.3532502716,0.2098838885,0.0,0.0,0.3203892575,0.1164765824
6612,older_school_realgm,2021-22,2022,2022-23,2023,"Polakovich, Jacob",Southern Ind.,,26,25.0,686.0,26.4,299,11.5,121,196.0,0,1.0,57,110.0,293,16,51,11,13,https://usiscreamingeagles.com/sports/mens-basketball/stats/2021-22,,polakovichjacob|jacobpolakovich,matched,1,jacobpolakovich,1,0,Jacob Polakovich,Southern Indiana,OVC,2023,76056,bt_pid:76056,28,30.3226,12.2258,-1.77489,81.0,/Users/adriankong/Desktop/TROP/trank_final_data_2023_with_pbp.csv,unique_name_season,0.8571,1307.0,Low,"Polakovich, Jacob",Southern Ind.,Ohio Valley Conference,5107628.0,6-9,Sr,C,29.0,0.7205,0.719,114.2836,0.2239,1.2528,0.5453,0.2986,0.2467,exact_name_team_season,1.0,1313.0,Jacob Polakovich,Southern Indiana,0.66,0.21,0.87,1551.0,1.04,0.17,1.22,101.8,107.4,-5.6,12.0,polakovich jacob,southern ind,2022.0,76056,2023.0,2.47083,2.19789,-1.77489,0.186011,-1.9609,-1.24327,1.77185,-3.01511,mid_major,81.0,61.734694,61.170213,56.122449,0.005102,0.313725,17.264726,4.788041,21.344881,14.547711,32.09256,2.170761,0.925089,17.434402,5.306122,11.778426,17.084548,0.932945,2.973761,0.641399,0.758017,0.0,0.518,0.072045,combined_exact,combined_player_database,archetype_exact_name_team_season,0.0,0.6276138431,1.0,0.0,0.0,0.6276138431,0.0,0.3723861569,0.0,0.0
6616,older_school_realgm,2021-22,2022,2022-23,2023,"Swope, Isaiah",Southern Ind.,,26,11.0,536.0,20.6,214,8.2,80,217.0,30,96.0,24,33.0,50,63,57,29,0,https://usiscreamingeagles.com/sports/mens-basketball/stats/2021-22,,swopeisaiah|isaiahswope,matched,1,isaiahswope,1,0,Isaiah Swope,Southern Indiana,OVC,2023,76048,bt_pid:76048,30,31.9697,15.5758,-1.24804,70.0,/Users/adriankong/Desktop/TROP/trank_final_data_2023_with_pbp.csv,unique_name_season,0.8571,1410.0,Low,"Swope, Isaiah",Southern Ind.,Ohio Valley Conference,5107621.0,5-10,So,s-PG,31.0,0.8107,0.8091,114.8846,0.2556,1.9901,1.9815,2.0232,-0.0417,exact_name_team_season,1.0,1240.0,Isaiah Swope,Southern Indiana,2.11,-1.12,0.99,1753.0,2.92,-0.59,2.33,102.4,109.2,-6.7,-22.0,swope isaiah,southern ind,2022.0,76048,2023.0,2.88144,1.79604,-1.24804,1.97302,-3.22106,0.768784,2.13173,-1.36295,mid_major,70.0,43.778802,46.21631,15.207373,0.442396,1.105263,19.755996,22.855915,26.682008,2.250636,7.930068,0.0,3.121389,15.970149,0.820896,2.910448,3.731343,4.701493,4.253731,2.164179,0.0,0.313,0.727,8.85184,combined_exact,combined_player_database,archetype_exact_name_team_season,0.0,0.8436240301,0.8221969425,0.1778030575,0.8436240301,0.0,0.0,0.0,0.0,0.1563759699
6624,older_school_realgm,2021-22,2022,2022-23,2023,"Mielke, Jack",Southern Ind.,,14,0.0,81.0,5.8,13,0.9,4,14.0,3,11.0,2,2.0,19,1,2,0,2,https://usiscreamingeagles.com/sports/mens-basketball/stats/2021-22,,mielkejack|jackmielke,matched,1,jackmielke,1,0,Jack Mielke,Southern Indiana,OVC,2023,76049,bt_pid:76049,25,9.1429,2.3929,-1.6187,79.0,/Users/adriankong/Desktop/TROP/trank_final_data_2023_with_pbp.csv,unmatched,,,,,,,,,,,,,,,,,,,,unmatched,,,,,,,,,,,,,,,,mielke jack,southern ind,2022.0,76049,2023.0,0.180794,0.570387,-1.6187,-1.06096,-0.557741,-2.40266,-2.05378,-0.348883,mid_major,79.0,39.285714,43.682796,14.285714,0.785714,0.5,11.848341,2.01029,10.329869,1.353918,24.219467,2.82838,0.0,6.419753,0.493827,8.888889,9.382716,0.493827,0.987654,0.0,0.987654,0.273,1.0,6.711734,combined_exact,combined_player_database,archetype_exact_name_team_season,0.0,0.6683236091,0.8976614723,0.1023385277,0.0,0.0,0.6683236091,0.3316763909,0.0,0.0
6649,older_school_realgm,2021-22,2022,2022-23,2023,"Sims, Andrew",Stonehill,,25,24.0,795.0,31.8,381,15.2,135,283.0,10,36.0,101,137.0,154,54,53,12,17,https://stonehillskyhawks.com/sports/mens-basketball/stats/2021-22,,simsandrew|andrewsims,matched,1,andrewsims,1,0,Andrew Sims,Stonehill,NEC,2023,76526,bt_pid:76526,29,33.1667,15.2333,-5.05426,78.0,/Users/adriankong/Desktop/TROP/trank_final_data_2023_with_pbp.csv,exact_name_team_season,1.0,2485.0,Low,"Sims, Andrew",Stonehill,Northeast Conference,5106627.0,6-6,Sr,WF,29.0,0.8003,0.8022,100.0816,0.2695,-1.6001,-1.4596,1.8639,-3.3235,exact_name_team_season,1.0,2637.0,Andrew Sims,Stonehill,-0.92,-1.33,-2.25,1550.0,-1.19,-1.09,-2.28,92.6,107.0,-14.4,-128.0,sims andrew,stonehill,2022.0,76526,2023.0,1.71889,1.94814,-5.05426,-2.75607,-2.29819,-3.76286,-1.37542,-2.38744,mid_major,78.0,49.469965,55.494057,48.409894,0.127208,1.018868,13.374382,15.250613,25.837916,5.273453,16.815599,2.360912,0.880157,19.169811,1.811321,5.937107,7.748428,2.716981,2.666667,0.603774,0.855346,0.278,0.737,2.34817,combined_exact,combined_player_database,archetype_exact_name_team_season,0.0,0.5953436245,1.0,0.0,0.0,0.5953436245,0.0,0.0174500285,0.2578555483,0.1293507987
6651,older_school_realgm,2021-22,2022,2022-23,2023,"Burnett, Isaiah",Stonehill,,23,20.0,728.0,31.7,281,12.2,106,234.0,34,86.0,35,64.0,100,70,62,52,19,https://stonehillskyhawks.com/sports/mens-basketball/stats/2021-22,,burnettisaiah|isaiahburnett,matched,1,isaiahburnett,1,0,Isaiah Burnett,Stonehill,NEC,2023,65782,bt_pid:65782,30,31.8387,12.1935,2.04361,77.0,/Users/adriankong/Desktop/TROP/trank_final_data_2023_with_pbp.csv,exact_name_team_season,1.0,2475.0,Low,"Burnett, Isaiah",Stonehill,Northeast Conference,4280089.0,6-5,Sr,CG,30.0,0.8008,0.8031,100.2954,0.242,-1.5538,-2.5376,0.7436,-3.2812,exact_name_team_season,1.0,1587.0,Isaiah Burnett,Stonehill,-0.87,1.17,0.31,1544.0,-0.45,1.91,1.46,91.1,106.2,-15.1,-134.0,burnett isaiah,stonehill,2022.0,65782,2023.0,1.38064,3.09996,2.04361,-0.323576,2.36718,1.46759,-0.711988,2.17958,mid_major,77.0,52.564103,53.593226,27.350427,0.367521,1.129032,19.126357,20.475876,23.080781,2.079561,13.538961,2.88151,4.165028,15.43956,0.714286,4.78022,5.494505,3.846154,3.406593,2.857143,1.043956,0.395,0.547,6.125778,combined_exact,combined_player_database,archetype_exact_name_team_season,0.0,0.5753832196,0.964315325,0.035684675,0.5753832196,0.0,0.0,0.1111587573,0.0,0.313458023
6653,older_school_realgm,2021-22,2022,2022-23,2023,"Mack, Josh",Stonehill,,24,23.0,651.0,27.1,177,7.4,59,139.0,22,43.0,37,48.0,94,30,36,30,5,https://stonehillskyhawks.com/sports/mens-basketball/stats/2021-22,,mackjosh|joshmack,matched,1,joshmack,1,0,Josh Mack,Stonehill,NEC,2023,76869,bt_pid:76869,28,22.8966,6.2759,-2.64387,72.0,/Users/adriankong/Desktop/TROP/trank_final_data_2023_with_pbp.csv,exact_name_team_season,1.0,2367.0,Low,"Mack, Josh",Stonehill,Northeast Conference,5106621.0,6-0,Sr,CG,28.0,0.5332,0.5304,106.9974,0.157,-0.6541,-0.475,2.4193,-2.8943,exact_name_team_season,1.0,2267.0,Josh Mack,Stonehill,0.17,-1.38,-1.21,1010.0,0.32,-0.74,-0.42,95.6,109.7,-14.1,-78.0,mack josh,stonehill,2022.0,76869,2023.0,0.795187,1.42053,-2.64387,-1.34066,-1.30321,-3.57173,-2.83911,-0.73262,mid_major,72.0,50.359712,55.271047,34.532374,0.309353,0.833333,18.356109,8.784894,15.615768,2.504418,13.922155,0.847983,2.687115,10.875576,0.860215,4.915515,5.77573,1.843318,2.211982,1.843318,0.30722,0.512,0.771,3.425166,combined_exact,combined_player_database,archetype_exact_name_team_season,0.0,0.4837718111,0.742517314,0.257482686,0.0721147294,0.2731775543,0.0,0.0,0.4837718111,0.1709359051
6654,older_school_realgm,2021-22,2022,2022-23,2023,"Melis, Christopher",Stonehill,,25,10.0,467.0,18.7,165,6.6,71,132.0,2,12.0,21,33.0,124,32,32,23,14,https://stonehillskyhawks.com/sports/mens-basketball/stats/2021-22,,melischristopher|christophermelis,matched,1,christophermelis,1,0,Christopher Melis,Stonehill,NEC,2023,75996,bt_pid:75996,25,14.4,3.2,-2.05693,77.0,/Users/adriankong/Desktop/TROP/trank_final_data_2023_with_pbp.csv,exact_name_team_season,1.0,1303.0,Low,"Melis, Christopher",Stonehill,Northeast Conference,5106626.0,6-5,So,PF/C,25.0,0.2794,0.284,110.0814,0.1558,-0.3333,-0.8279,-1.0882,0.2603000000000001,exact_name_team_season,1.0,1581.0,Christopher Melis,Stonehill,-0.63,0.95,0.32,533.0,-0.82,-0.58,-1.4,93.9,99.8,-5.9,3.0,melis christopher,stonehill,2022.0,75996,2023.0,0.459108,0.902865,-2.05693,-1.89069,-0.16624,-3.44031,-3.00041,-0.439902,mid_major,77.0,54.545455,56.306306,25.0,0.090909,1.0,17.925162,14.794372,19.814926,12.219092,18.194572,3.309856,2.871818,14.132762,4.197002,6.423983,10.620985,2.740899,2.740899,1.970021,1.199143,0.167,0.636,1.332473,combined_exact,combined_player_database,archetype_exact_name_team_season,0.0,0.3774515089,0.9027246555,0.0972753445,0.0535988782,0.3418356178,0.0,0.3774515089,0.0,0.2271139951
6658,older_school_realgm,2021-22,2022,2022-23,2023,"Johnson, Shamir",Stonehill,,9,0.0,76.0,8.4,17,1.9,6,26.0,3,11.0,2,2.0,7,3,3,2,0,https://stonehillskyhawks.com/sports/mens-basketball/stats/2021-22,,johnsonshamir|shamirjohnson,matched,1,shamirjohnson,1,0,Shamir Johnson,Stonehill,NEC,2023,75905,bt_pid:75905,30,21.5161,7.5806,-4.28241,74.0,/Users/adriankong/Desktop/TROP/trank_final_data_2023_with_pbp.csv,exact_name_team_season,1.0,2251.0,Low,"Johnson, Shamir",Stonehill,Northeast Conference,5106625.0,6-2,Sr,WG,30.0,0.5416,0.5343,92.2627,0.2019,-3.1089,-2.5574,-0.1205,-2.4369,exact_name_team_season,1.0,2623.0,Shamir Johnson,Stonehill,-1.13,-1.08,-2.21,1035.0,-0.97,-1.07,-2.04,93.2,105.1,-11.9,-53.0,johnson shamir,stonehill,2022.0,75905,2023.0,0.344585,1.38837,-4.28241,-1.85461,-2.4278,-2.88126,-0.697391,-2.18387,mid_major,74.0,28.846154,31.622024,7.692308,0.423077,1.0,10.040161,7.361022,20.37931,3.064616,7.453391,0.0,1.534484,8.947368,1.052632,2.631579,3.684211,1.578947,1.578947,1.052632,0.0,0.273,1.0,7.50539,combined_exact,combined_player_database,archetype_exact_name_team_season,0.0,0.5305758295,0.801354537,0.198645463,0.0,0.027677507,0.5305758295,0.0132360428,0.2676259935,0.1608846273
6660,older_school_realgm,2021-22,2022,2022-23,2023,"McGill, Nathan",Stonehill,,20,5.0,215.0,10.8,20,1.0,8,25.0,2,10.0,2,2.0,31,10,10,4,2,https://stonehillskyhawks.com/sports/mens-basketball/stats/2021-22,,mcgillnathan|nathanmcgill,matched,1,nathanmcgill,1,0,Nathan McGill,Stonehill,NEC,2023,75995,bt_pid:75995,19,6.15,0.8,-3.48539,76.0,/Users/adriankong/Desktop/TROP/trank_final_data_2023_with_pbp.csv,unmatched,,,,,,,,,,,,,,,,,,,,unmatched,,,,,,,,,,,,,,,,mcgill nathan,stonehill,2022.0,75995,2023.0,-0.189114,0.450348,-3.48539,-4.18123,0.695838,-3.93385,-4.27325,0.339402,mid_major,76.0,36.0,38.639876,8.0,0.4,1.0,27.87068,8.047122,8.650405,4.874878,11.592622,1.027045,1.084844,3.72093,1.674419,4.093023,5.767442,1.860465,1.860465,0.744186,0.372093,0.2,1.0,2.41188,combined_exact,combined_player_database,archetype_exact_name_team_season,0.0,0.3968644712,0.3050459495,0.6949540505,0.0,0.0,0.2850882087,0.3180473202,0.3968644712,0.0
6694,older_school_realgm,2022-23,2023,2023-24,2024,"Gray , Hayden",Azusa Pacific,,30,30.0,805.0,26.8,300,10.0,117,264.0,31,95.0,35,52.0,91,114,47,55,9,https://athletics.apu.edu/sports/mens-basketball/stats/2022-23,,grayhayden|haydengray,matched,1,haydengray,1,0,Hayden Gray,UC San Diego,BW,2024,77816,bt_pid:77816,31,32.697,9.0,3.30878,76.0,/Users/adriankong/Desktop/TROP/trank_final_data_2024_with_pbp.csv,exact_name_team_season,1.0,1548.0,Medium,"Gray, Hayden",UC San Diego,Big West Conference,5176420.0,6-4,Jr,CG,31.0,0.8333,0.8248,115.7003,0.1665,1.2155,1.2308,1.7175,-0.4867000000000001,exact_name_team_season,1.0,730.0,Hayden Gray,UC San Diego,2.06,0.38,2.44,1736.0,2.32,0.9,3.23,108.8,106.7,2.2,131.0,gray hayden,azusa pacific,2023.0,77816,2024.0,2.11879,2.86045,3.30878,1.67291,1.63587,2.43009,0.858909,1.57118,mid_major,76.0,50.189394,52.28667,19.69697,0.359848,2.425532,14.076914,27.560919,21.171912,4.005675,9.0301,1.237652,4.036967,14.906832,1.391304,3.130435,4.521739,5.664596,2.335404,2.732919,0.447205,0.326,0.673,6.018542,combined_exact,combined_player_database,archetype_exact_name_team_season,0.0,0.7191335274,0.8694427372,0.1305572628,0.2808664726,0.0,0.0,0.0,0.0,0.7191335274
6714,older_school_realgm,2022-23,2023,2023-24,2024,"Fulgencio, Andres",Bloomfield,,29,29.0,938.0,32.3,448,15.4,146,299.0,86,191.0,70,82.0,182,61,47,37,25,https://bcbearsathletics.com/sports/mens-basketball/stats/2022-23,,fulgencioandres|andresfulgencio,matched,1,andresfulgencio,1,0,Andres Fulgencio,UMass Lowell,AE,2024,77753,bt_pid:77753,18,8.9524,2.8095,-1.23404,76.0,/Users/adriankong/Desktop/TROP/trank_final_data_2024_with_pbp.csv,unmatched,,,,,,,,,,,,,,,,,,,,unmatched,,,,,,,,,,,,,,,,fulgencio andres,bloomfield,2023.0,77753,2024.0,0.342454,0.596204,-1.23404,-0.849481,-0.384563,-1.00502,-1.41736,0.412343,mid_major,74.0,63.210702,66.849708,27.424749,0.638796,1.297872,12.301089,11.628461,18.65758,3.422999,15.151441,2.585798,2.108351,19.104478,1.321962,6.439232,7.761194,2.601279,2.004264,1.577825,1.066098,0.45,0.854,9.326837,combined_exact,combined_player_database,archetype_exact_name_team_season,0.0,0.5040142014,0.8058093323,0.1941906677,0.5040142014,0.1178551491,0.0,0.1508218961,0.2273087534,0.0
6716,older_school_realgm,2022-23,2023,2023-24,2024,"Robinson, Wesley",Bloomfield,,27,15.0,586.0,21.7,264,9.8,100,224.0,20,63.0,44,63.0,152,38,41,14,12,https://bcbearsathletics.com/sports/mens-basketball/stats/2022-23,,robinsonwesley|wesleyrobinson,matched,1,wesleyrobinson,1,0,Wesley Robinson,Manhattan,MAAC,2024,77691,bt_pid:77691,22,9.8696,3.4348,-0.768501,79.0,/Users/adriankong/Desktop/TROP/trank_final_data_2024_with_pbp.csv,unmatched,,,,,,,,,,,,,,,,,,,,unmatched,,,,,,,,,,,,,,,,robinson wesley,bloomfield,2023.0,77691,2024.0,0.971163,0.669936,-0.768501,0.475139,-1.24364,-1.45559,-0.560148,-0.895445,mid_major,78.0,49.107143,52.439218,28.125,0.28125,0.926829,14.006559,11.914816,22.880138,9.5443,15.740129,1.98674,1.276951,18.020478,3.686007,6.68942,10.375427,2.593857,2.798635,0.955631,0.819113,0.317,0.698,4.924326,combined_exact,combined_player_database,archetype_exact_name_team_season,0.0,0.4088210308,1.0,0.0,0.0,0.4088210308,0.2430757009,0.1383349016,0.0818279829,0.1279403838
6729,older_school_realgm,2022-23,2023,2023-24,2024,"Fofana, Mahmoud",CSUSB,,35,11.0,805.0,23.0,294,8.4,122,187.0,4,14.0,46,77.0,213,35,34,28,34,https://csusbathletics.com/sports/mens-basketball/stats/2022-23,,fofanamahmoud|mahmoudfofana,matched,1,mahmoudfofana,1,0,Mahmoud Fofana,Cal St. Northridge,BW,2024,77843,bt_pid:77843,29,21.871,5.129,-0.497157,78.0,/Users/adriankong/Desktop/TROP/trank_final_data_2024_with_pbp.csv,unique_name_season,0.25,2098.0,Medium,"Fofana, Mahmoud",CSUN,Big West Conference,5175787.0,6-6,Jr,WF,29.0,0.4892,0.4903,104.9622,0.137,-0.831,-0.8253,1.0451,-1.8704,exact_name_team_season,1.0,2182.0,Mahmoud Fofana,Cal State Northridge,-0.61,-0.33,-0.94,1150.0,-1.07,0.04,-1.02,97.4,105.3,-8.0,-48.0,fofana mahmoud,csusb,2023.0,77843,2024.0,0.241694,2.05091,-0.497157,-1.53875,1.0416,-1.77727,-2.18604,0.408767,mid_major,78.0,66.31016,66.551974,41.176471,0.074866,1.029412,13.339611,6.661421,14.18284,12.37862,15.465305,4.321329,1.815202,14.608696,4.47205,6.111801,10.583851,1.73913,1.689441,1.391304,1.689441,0.286,0.597,0.780081,combined_exact,combined_player_database,archetype_exact_name_team_season,0.0,0.5938321724,0.9548261858,0.0451738142,0.0,0.0805387366,0.0,0.5938321724,0.1245562221,0.2010728689
6738,older_school_realgm,2022-23,2023,2023-24,2024,"Sanders, Kobe",CUI,,23,22.0,746.0,32.4,212,9.2,76,193.0,26,85.0,34,38.0,50,90,60,7,3,https://cuigoldeneagles.com/sports/mens-basketball/stats/2022-23,,sanderskobe|kobesanders,matched_prior_d1_experience,1,kobesanders,1,1,Kobe Sanders,Cal Poly,BW,2024,73493,bt_pid:73493,28,33.5862,19.5862,0.657943,80.0,/Users/adriankong/Desktop/TROP/trank_final_data_2024_with_pbp.csv,exact_name_team_season,1.0,1207.0,Low,"Sanders, Kobe",Cal Poly,Big West Conference,4702352.0,6-9,Sr,CG,28.0,0.7633,0.7627,112.3917,0.3127,2.6682,1.005,0.6102,0.3947999999999999,exact_name_team_season,1.0,1260.0,Kobe Sanders,Cal Poly,1.19,-0.18,1.01,1606.0,2.8,-0.05,2.75,92.7,108.8,-16.0,-216.0,sanders kobe,cui,2023.0,73493,2024.0,3.9198,1.81993,0.657943,3.37201,-2.71407,2.8545,4.04982,-1.19532,mid_major,72.0,46.11399,50.543582,19.689119,0.440415,1.5,22.245291,23.200041,19.161467,1.625072,7.361667,0.427678,0.544927,11.367292,0.536193,2.144772,2.680965,4.825737,3.217158,0.375335,0.160858,0.306,0.895,6.040653,combined_exact,combined_player_database,archetype_exact_name_team_season,0.0,0.5593120057,1.0,0.0,0.0011167907,0.0,0.146912203,0.0,0.2926590006,0.5593120057
6779,older_school_realgm,2022-23,2023,2023-24,2024,"Threatt, Blaise",Colorado Mesa,,31,31.0,997.0,32.2,586,18.9,209,396.0,52,115.0,116,158.0,179,106,75,51,2,https://cmumavericks.com/sports/mens-basketball/stats/2022-23,,threattblaise|blaisethreatt,matched,1,blaisethreatt,1,0,Blaise Threatt,Weber St.,BSky,2024,78406,bt_pid:78406,29,24.0312,10.7812,1.69763,75.0,/Users/adriankong/Desktop/TROP/trank_final_data_2024_with_pbp.csv,exact_name_team_season,1.0,357.0,Low,"Threatt, Blaise",Weber St.,Big Sky Conference,5175396.0,6-3,Jr,CG,29.0,0.614,0.6088,120.4054,0.2367,3.1894,2.9895,-0.6596,3.6491,exact_name_team_season,1.0,481.0,Blaise Threatt,Weber State,3.11,0.32,3.43,1190.0,2.42,-0.18,2.25,111.2,102.1,9.2,154.0,threatt blaise,colorado mesa,2023.0,78406,2024.0,2.51644,2.02205,1.69763,2.29283,-0.595201,2.43129,2.2922,0.139089,mid_major,75.0,59.343434,62.940368,39.89899,0.290404,1.413333,13.875527,21.933828,28.194161,4.680709,17.627686,0.234004,2.988274,23.510532,1.404213,5.777332,7.181545,4.252758,3.009027,2.046138,0.080241,0.452,0.734,5.966242,combined_exact,combined_player_database,archetype_exact_name_team_season,0.0,0.3970584574,1.0,0.0,0.3892406413,0.3970584574,0.0,0.0,0.0,0.2137009014
6790,older_school_realgm,2022-23,2023,2023-24,2024,"Tait-Jones, Aniwaniwa",Hawaii Hilo,,23,23.0,753.0,32.7,405,17.6,144,309.0,7,27.0,110,157.0,211,80,77,27,9,https://hiloathletics.com/sports/mens-basketball/stats/2022-23,,taitjonesaniwaniwa|aniwaniwataitjones,matched,1,aniwaniwataitjones,1,0,Aniwaniwa Tait-Jones,UC San Diego,BW,2024,79100,bt_pid:79100,31,29.6667,13.8182,2.55826,78.0,/Users/adriankong/Desktop/TROP/trank_final_data_2024_with_pbp.csv,exact_name_team_season,1.0,803.0,Medium,"Tait-Jones, Aniwaniwa",UC San Diego,Big West Conference,4711203.0,6-6,Jr,WF,31.0,0.7603,0.7563,118.2999,0.2499,3.2716,2.553,0.9428,1.6102,exact_name_team_season,1.0,727.0,Aniwaniwa Tait-Jones,UC San Diego,2.24,0.21,2.45,1590.0,2.93,0.41,3.34,109.3,105.8,3.6,133.0,tait jones aniwaniwa,hawaii hilo,2023.0,79100,2024.0,3.26841,2.57594,2.55826,1.94807,0.610193,3.20703,2.90137,0.305666,mid_major,78.0,47.734628,53.560093,50.809061,0.087379,1.038961,16.920102,20.727076,29.731891,5.710945,25.525513,1.179493,2.0229,21.513944,1.912351,9.296149,11.208499,4.249668,4.090305,1.434263,0.478088,0.259,0.701,1.754791,combined_exact,combined_player_database,archetype_exact_name_team_season,0.0,0.8432845772,1.0,0.0,0.0382605187,0.8432845772,0.0,0.0,0.0,0.1184549041
6810,older_school_realgm,2022-23,2023,2023-24,2024,"Miller, Trey",Hawaii Pacific,,25,1.0,201.0,8.0,26,1.0,11,22.0,0,0.0,4,16.0,42,9,7,6,5,https://hpusharks.com/sports/mens-basketball/stats/2022-23,,millertrey|treymiller,matched_prior_d1_experience,1,treymiller,1,1,Trey Miller,Southern Illinois,MVC,2024,76289,bt_pid:76289,22,7.25,1.125,-9.51516,74.0,/Users/adriankong/Desktop/TROP/trank_final_data_2024_with_pbp.csv,unmatched,,,,,,,,,,,,,,,,,,,,unmatched,,,,,,,,,,,,,,,,miller trey,hawaii pacific,2023.0,76289,2024.0,-0.187321,0.594903,-9.51516,-6.26688,-3.24828,-7.58242,-6.75978,-0.822638,mid_major,77.0,50.0,44.76584,72.727273,0.0,1.285714,19.422863,7.536005,8.779899,10.840294,12.413823,2.541787,1.667134,5.174129,3.781095,4.577114,8.358209,1.791045,1.393035,1.19403,0.995025,0.0,0.25,0.0,combined_exact,combined_player_database,archetype_exact_name_team_season,0.0,0.8577816886,0.5192969631,0.4807030369,0.0,0.0,0.0,0.8577816886,0.0,0.1422183114
6812,older_school_realgm,2022-23,2023,2023-24,2024,"Salter, Isaiah",Le Moyne,,29,22.0,852.0,29.4,338,11.7,118,269.0,65,161.0,37,45.0,64,88,53,34,4,https://lemoynedolphins.com/sports/mens-basketball/stats/2022-23,,salterisaiah|isaiahsalter,matched,1,isaiahsalter,1,0,Isaiah Salter,Le Moyne,NEC,2024,78573,bt_pid:78573,29,23.9375,5.8125,-3.03402,72.0,/Users/adriankong/Desktop/TROP/trank_final_data_2024_with_pbp.csv,exact_name_team_season,1.0,2481.0,Low,"Salter, Isaiah",Le Moyne,Northeast Conference,5177246.0,6-0,Sr,s-PG,30.0,0.6132,0.6145,101.5046,0.1456,-1.5763,-1.4205,1.7475,-3.168,exact_name_team_season,1.0,1936.0,Isaiah Salter,Le Moyne,0.71,-1.12,-0.42,1230.0,0.45,-1.01,-0.56,99.9,108.3,-8.4,-8.0,salter isaiah,le moyne,2023.0,78573,2024.0,0.316379,1.40419,-3.03402,-1.60801,-1.42601,-3.23982,-2.96574,-0.274081,mid_major,72.0,55.947955,58.518006,16.728625,0.598513,1.660377,15.506144,20.070637,20.170502,1.90438,6.695811,0.528717,2.274815,15.868545,0.704225,2.300469,3.004695,4.131455,2.488263,1.596244,0.187793,0.404,0.822,9.511153,combined_exact,combined_player_database,archetype_exact_name_team_season,0.0,0.5331762313,0.8000489152,0.1999510848,0.5331762313,0.0,0.0,0.0,0.1884218538,0.2784019149
6813,older_school_realgm,2022-23,2023,2023-24,2024,"Sutherland, Luke",Le Moyne,,29,21.0,678.0,23.4,324,11.2,124,272.0,35,106.0,41,50.0,124,12,33,11,25,https://lemoynedolphins.com/sports/mens-basketball/stats/2022-23,,sutherlandluke|lukesutherland,matched,1,lukesutherland,1,0,Luke Sutherland,Le Moyne,NEC,2024,71652,bt_pid:71652,29,27.3125,15.5,-0.817108,79.0,/Users/adriankong/Desktop/TROP/trank_final_data_2024_with_pbp.csv,exact_name_team_season,1.0,2149.0,Low,"Sutherland, Luke",Le Moyne,Northeast Conference,4433091.0,6-7,Sr,WF,30.0,0.7024,0.7025,111.0442,0.2666,1.1083,0.1001,2.1154,-2.0153000000000003,exact_name_team_season,1.0,1640.0,Luke Sutherland,Le Moyne,1.22,-1.07,0.14,1418.0,2.55,-1.1,1.45,98.9,108.5,-9.5,-35.0,sutherland luke,le moyne,2023.0,71652,2024.0,2.50288,1.57139,-0.817108,1.00801,-1.82512,1.958,3.92721,-1.96921,mid_major,79.0,52.022059,55.102041,18.382353,0.389706,0.363636,10.091743,3.763998,24.249473,4.307606,16.656691,4.152538,0.924847,19.115044,1.59292,5.722714,7.315634,0.707965,1.946903,0.648968,1.474926,0.33,0.82,7.869064,combined_exact,combined_player_database,archetype_exact_name_team_season,0.0,0.3002586119,1.0,0.0,0.1729709639,0.0996566899,0.3002586119,0.2655420385,0.1615716958,0.0
6816,older_school_realgm,2022-23,2023,2023-24,2024,"McClure, Nate",Le Moyne,,29,26.0,680.0,23.4,186,6.4,65,180.0,33,112.0,23,33.0,93,43,29,22,8,https://lemoynedolphins.com/sports/mens-basketball/stats/2022-23,,mcclurenate|natemcclure,matched,1,natemcclure,1,0,Nate McClure,Le Moyne,NEC,2024,67629,bt_pid:67629,29,27.5938,6.4062,-0.689245,76.0,/Users/adriankong/Desktop/TROP/trank_final_data_2024_with_pbp.csv,exact_name_team_season,1.0,1885.0,Low,"McClure, Nate",Le Moyne,Northeast Conference,4397701.0,6-4,Sr,WG,30.0,0.7107,0.7128,108.3464,0.1274,-0.7298,-1.0866,0.2516,-1.3382,exact_name_team_season,1.0,1890.0,Nate McClure,Le Moyne,0.02,-0.34,-0.32,1411.0,0.43,-1.0,-0.56,98.8,105.3,-6.5,14.0,mcclure nate,le moyne,2023.0,67629,2024.0,0.560858,1.77354,-0.689245,-0.58472,-0.104525,-2.73463,-2.32145,-0.413173,mid_major,76.0,45.277778,47.809994,18.333333,0.622222,1.482759,12.97423,11.342169,16.526912,5.249366,10.272805,1.324904,1.844253,10.941176,1.941176,3.529412,5.470588,2.529412,1.705882,1.294118,0.470588,0.295,0.697,8.290028,combined_exact,combined_player_database,archetype_exact_name_team_season,0.0,0.3857579058,0.6843224229,0.3156775771,0.3857579058,0.0219496286,0.0,0.1907838675,0.3695396962,0.0319689019
6817,older_school_realgm,2022-23,2023,2023-24,2024,"Jones Jr., Darrick",Le Moyne,,18,3.0,314.0,17.4,116,6.4,36,87.0,19,45.0,25,31.0,51,9,15,5,6,https://lemoynedolphins.com/sports/mens-basketball/stats/2022-23,,jonesdarrick|darrickjones,matched,1,darrickjones,1,0,Darrick Jones Jr.,Le Moyne,NEC,2024,73008,bt_pid:73008,25,22.2143,8.5,-2.22796,77.0,/Users/adriankong/Desktop/TROP/trank_final_data_2024_with_pbp.csv,exact_name_team_season,1.0,1274.0,Low,"Jones Jr., Darrick",Le Moyne,Northeast Conference,4702786.0,6-5,Sr,WG,26.0,0.4834,0.4824,117.5778,0.1761,1.2456,1.1984,0.9542,0.2441999999999998,exact_name_team_season,1.0,2077.0,Darrick Jones Jr.,Le Moyne,0.63,-1.33,-0.7,964.0,1.33,-1.82,-0.49,101.0,107.3,-6.3,33.0,jones jr darrick,le moyne,2023.0,73008,2024.0,1.40815,1.01667,-2.22796,0.151503,-2.37946,-2.17066,0.243376,-2.41403,mid_major,77.0,52.298851,57.631161,35.632184,0.517241,0.6,12.97129,5.323013,18.516661,2.411406,16.314348,2.151914,0.90771,14.77707,0.89172,5.605096,6.496815,1.146497,1.910828,0.636943,0.764331,0.422,0.806,7.213229,combined_exact,combined_player_database,archetype_exact_name_team_season,0.0,0.3694115887,0.9195162881,0.0804837119,0.0,0.2172196792,0.3694115887,0.1200717828,0.2932969492,0.0
6820,older_school_realgm,2022-23,2023,2023-24,2024,"DePersia, Mike",Le Moyne,,26,26.0,753.0,29.0,138,5.3,42,130.0,19,63.0,35,54.0,116,85,44,56,9,https://lemoynedolphins.com/sports/mens-basketball/stats/2022-23,,depersiamike|mikedepersia,matched,1,mikedepersia,1,0,Mike DePersia,Le Moyne,NEC,2024,70973,bt_pid:70973,29,25.8438,4.25,-1.94421,71.0,/Users/adriankong/Desktop/TROP/trank_final_data_2024_with_pbp.csv,exact_name_team_season,1.0,2154.0,Low,"DePersia, Mike",Le Moyne,Northeast Conference,4432965.0,5-11,Sr,s-PG,30.0,0.6459,0.6482,105.6914,0.1388,-0.9202,-1.379,0.6501,-2.0291,exact_name_team_season,1.0,1468.0,Mike DePersia,Le Moyne,0.33,0.17,0.5,1308.0,0.35,0.12,0.47,98.2,106.5,-8.3,-30.0,depersia mike,le moyne,2023.0,70973,2024.0,-0.0539142,1.88468,-1.94421,-2.29587,0.351662,-3.45847,-4.48191,1.02344,mid_major,71.0,39.615385,44.87513,41.538462,0.484615,1.931818,22.249191,18.897567,13.204675,1.436504,16.389194,1.346018,4.239355,7.330677,0.531208,5.63081,6.162019,4.515272,2.337317,2.974768,0.478088,0.302,0.648,4.21107,combined_exact,combined_player_database,archetype_exact_name_team_season,0.0,0.7039804588,0.6604583277,0.3395416723,0.140012881,0.1560066602,0.0,0.0,0.0,0.7039804588
6822,older_school_realgm,2022-23,2023,2023-24,2024,"Mosquera, Trent",Le Moyne,,21,0.0,192.0,9.1,99,4.7,33,82.0,23,63.0,10,11.0,34,21,10,10,7,https://lemoynedolphins.com/sports/mens-basketball/stats/2022-23,,mosqueratrent|trentmosquera,matched,1,trentmosquera,1,0,Trent Mosquera,Le Moyne,NEC,2024,79273,bt_pid:79273,23,14.4615,5.3846,-3.8547,76.0,/Users/adriankong/Desktop/TROP/trank_final_data_2024_with_pbp.csv,exact_name_team_season,1.0,2473.0,Low,"Mosquera, Trent",Le Moyne,Northeast Conference,5177250.0,6-4,So,CG,23.0,0.2551,0.2568,96.41,0.238,-2.4367,-2.0989,1.0531,-3.152,exact_name_team_season,1.0,2142.0,Trent Mosquera,Le Moyne,-0.28,-0.55,-0.83,527.0,0.31,-0.53,-0.22,94.5,110.0,-15.5,-57.0,mosquera trent,le moyne,2023.0,79273,2024.0,0.506174,0.783704,-3.8547,-1.24743,-2.60728,-2.19008,-0.551615,-1.63846,mid_major,76.0,54.268293,57.001382,13.414634,0.768293,2.1,10.326311,22.727885,25.359331,3.380274,16.978663,4.105822,2.968968,20.625,1.25,5.833333,7.083333,4.375,2.083333,2.083333,1.458333,0.365,0.909,16.51529,combined_exact,combined_player_database,archetype_exact_name_team_season,0.0,0.8820616899,0.6473945321,0.3526054679,0.8820616899,0.0,0.0012316437,0.1167066664,0.0,0.0
6825,older_school_realgm,2022-23,2023,2023-24,2024,"Lane, Jimel",Lynn,,20,20.0,578.0,28.9,357,17.9,143,311.0,18,57.0,53,73.0,132,25,56,18,21,https://lynnfightingknights.com/sports/mens-basketball/stats/2022-23,,lanejimel|jimellane,matched,1,jimellane,1,0,Jimel Lane,Northwestern St.,Slnd,2024,78509,bt_pid:78509,29,19.5161,5.4839,-5.63382,79.0,/Users/adriankong/Desktop/TROP/trank_final_data_2024_with_pbp.csv,exact_name_team_season,1.0,2823.0,Low,"Lane, Jimel",Northwestern St.,Southland Conference,5112187.0,6-7,So,WF,29.0,0.4802,0.4849,83.498,0.1673,-4.4932,-3.3818,2.0222,-5.404,exact_name_team_season,1.0,2959.0,Jimel Lane,Northwestern State,-3.15,-1.04,-4.2,1013.0,-3.4,-0.07,-3.47,92.7,112.4,-19.7,-147.0,lane jimel,lynn,2023.0,78509,2024.0,-0.786145,1.24847,-5.63382,-5.42497,-0.20885,-7.01733,-6.24461,-0.772722,mid_major,79.0,48.874598,52.022616,23.472669,0.18328,0.446429,14.030868,10.283665,33.121596,7.310298,19.3855,3.486774,1.69463,24.705882,2.698962,6.435986,9.134948,1.730104,3.875433,1.245675,1.453287,0.316,0.726,4.732358,combined_exact,combined_player_database,archetype_exact_name_team_season,0.0,0.4577811883,1.0,0.0,0.3014175496,0.4577811883,0.0651489413,0.1756523208,0.0,0.0
6844,older_school_realgm,2022-23,2023,2023-24,2024,"Bradley, Michael",Mercyhurst,,31,31.0,969.0,31.3,462,14.9,171,368.0,57,153.0,63,73.0,119,132,41,36,1,https://hurstathletics.com/sports/mens-basketball/stats/2022-23,,bradleymichael|michaelbradley,matched,1,michaelbradley,1,0,Michael Bradley,Northern Kentucky,Horz,2024,78584,bt_pid:78584,31,33.6667,10.1515,-0.295548,72.0,/Users/adriankong/Desktop/TROP/trank_final_data_2024_with_pbp.csv,exact_name_team_season,1.0,1720.0,Medium,"Bradley, Michael",Northern Ky.,Horizon League,4709434.0,6-0,Sr,s-PG,31.0,0.8319,0.828,112.2097,0.1681,0.2234,0.6307,1.5268,-0.8960999999999999,exact_name_team_season,1.0,829.0,Michael Bradley,Northern Kentucky,2.44,-0.27,2.17,1818.0,2.31,0.08,2.4,103.1,103.9,-0.8,13.0,bradley michael,mercyhurst,2023.0,78584,2024.0,1.8177,2.49851,-0.295548,0.786523,-1.08207,-0.617078,-0.676823,0.0597446,mid_major,72.0,54.211957,57.73268,19.836957,0.415761,3.219512,9.294523,25.940189,23.613209,1.547508,13.143895,0.114154,2.206285,19.071207,0.536636,4.375645,4.912281,5.448916,1.692466,1.486068,0.04128,0.373,0.863,8.211881,combined_exact,combined_player_database,archetype_exact_name_team_season,0.0,0.6614837718,0.7183509352,0.2816490648,0.3130204618,0.0254957664,0.0,0.0,0.0,0.6614837718
6861,older_school_realgm,2022-23,2023,2023-24,2024,"Cisse, Drew",Mo.-St. Louis,,29,17.0,509.0,17.6,150,5.2,70,107.0,0,1.0,10,41.0,190,45,35,21,40,https://umsltritons.com/sports/mens-basketball/stats/2022-23,,cissedrew|drewcisse,matched,1,drewcisse,1,0,Drew Cisse,Western Illinois,OVC,2024,79324,bt_pid:79324,29,26.9091,8.4848,6.38036,83.0,/Users/adriankong/Desktop/TROP/trank_final_data_2024_with_pbp.csv,exact_name_team_season,1.0,987.0,Medium,"Cisse, Drew",Western Ill.,Ohio Valley Conference,3157162.0,6-11,Jr,C,29.0,0.6874,0.6845,109.6258,0.2023,0.0544,0.4382,-0.5991,1.0373,exact_name_team_season,1.0,341.0,Drew Cisse,Western Illinois,1.31,2.87,4.18,1339.0,2.02,2.33,4.35,99.4,99.8,-0.4,61.0,cisse drew,mo state louis,2023.0,79324,2024.0,1.30779,3.29014,6.38036,0.612783,5.76757,3.65743,0.671466,2.98597,mid_major,82.0,65.420561,59.980806,38.317757,0.009346,1.285714,21.869533,15.787699,16.825646,16.767095,30.477438,9.902473,2.452512,11.787819,5.265226,9.666012,14.931238,3.536346,2.750491,1.650295,3.143418,0.0,0.244,0.105102,combined_exact,combined_player_database,archetype_exact_name_team_season,0.0,0.7934065749,1.0,0.0,0.0,0.0574516516,0.0,0.7934065749,0.0,0.1491417736
6887,older_school_realgm,2022-23,2023,2023-24,2024,"Cooper, Jalen",Palm Beach Atl.,,27,27.0,850.0,31.5,469,17.4,167,323.0,21,49.0,114,154.0,234,51,70,34,37,https://pbasailfish.com/sports/mens-basketball/stats/2022-23,,cooperjalen|jalencooper,matched,1,jalencooper,1,0,Jalen Cooper,Cal St. Fullerton,BW,2024,78842,bt_pid:78842,19,13.5,3.35,-4.66788,78.0,/Users/adriankong/Desktop/TROP/trank_final_data_2024_with_pbp.csv,unmatched,,,,,,,,,,,,,,,,,,,,unmatched,,,,,,,,,,,,,,,,cooper jalen,palm beach atlantic,2023.0,78842,2024.0,-0.449225,1.21625,-4.66788,-5.11696,0.449078,-4.01579,-3.85884,-0.156952,mid_major,78.0,54.95356,60.01126,47.678019,0.151703,0.728571,15.192291,12.469995,26.965623,6.019791,24.693354,4.263391,2.242336,22.070588,2.117647,8.894118,11.011765,2.4,3.294118,1.6,1.741176,0.429,0.74,2.868426,combined_exact,combined_player_database,archetype_exact_name_team_season,0.0,0.6904962706,1.0,0.0,0.1580564207,0.6904962706,0.0,0.1514473087,0.0,0.0
6923,older_school_realgm,2022-23,2023,2023-24,2024,"Wells, Jaylen",Sonoma St.,,30,30.0,1105.0,36.8,672,22.4,226,437.0,46,105.0,174,202.0,260,77,69,47,11,https://sonomaseawolves.com/sports/mens-basketball/stats/2022-23,,wellsjaylen|jaylenwells,matched,1,jaylenwells,1,0,Jaylen Wells,Washington St.,P12,2024,78995,bt_pid:78995,34,29.2353,12.5,5.16742,80.0,/Users/adriankong/Desktop/TROP/trank_final_data_2024_with_pbp.csv,exact_name_team_season,1.0,181.0,High,"Wells, Jaylen",Washington St.,Pac 12 Conference,5112087.0,6-8,Jr,WF,34.0,0.7008,0.6991,126.1535,0.1911,4.8194,3.3147,-1.5737,4.888400000000001,exact_name_team_season,1.0,272.0,Jaylen Wells,Washington State,3.68,0.89,4.57,1646.0,4.07,0.25,4.32,111.0,94.5,16.5,139.0,wells jaylen,sonoma state,2023.0,78995,2024.0,4.01586,3.21646,5.16742,4.85853,0.308891,6.31363,5.17738,1.13625,mid_major,79.0,56.979405,63.892903,46.224256,0.240275,1.115942,11.598978,17.329224,28.736259,7.838673,19.94053,1.144606,2.570381,24.325792,2.461538,6.950226,9.411765,2.78733,2.497738,1.701357,0.39819,0.438,0.861,5.06024,combined_exact,combined_player_database,archetype_exact_name_team_season,0.0,0.6777627608,1.0,0.0,0.2884528673,0.6777627608,0.0,0.0,0.0,0.0337843719
6945,older_school_realgm,2022-23,2023,2023-24,2024,"McGhie, Tyler",Southern Nazarene,,32,31.0,1021.0,31.9,531,16.6,170,354.0,95,212.0,96,110.0,119,41,38,27,7,https://snuathletics.com/sports/mens-basketball/stats/2022-23,,mcghietyler|tylermcghie,matched,1,tylermcghie,1,0,Tyler McGhie,UC San Diego,BW,2024,73438,bt_pid:73438,23,28.6087,13.913,1.85557,77.0,/Users/adriankong/Desktop/TROP/trank_final_data_2024_with_pbp.csv,exact_name_team_season,1.0,448.0,Medium,"McGhie, Tyler",UC San Diego,Big West Conference,4703883.0,6-5,Jr,WG,23.0,0.5328,0.5209,124.2062,0.2067,3.7072,3.4852,0.2848,3.2003999999999997,exact_name_team_season,1.0,519.0,Tyler McGhie,UC San Diego,4.32,-1.11,3.21,1094.0,3.66,-1.43,2.23,115.1,105.4,9.8,169.0,mcghie tyler,southern nazarene,2023.0,73438,2024.0,3.37328,1.83298,1.85557,4.63518,-2.77962,3.99273,5.68628,-1.69355,mid_major,77.0,61.440678,65.979125,31.073446,0.59887,1.078947,8.62852,9.414374,25.264028,1.80996,12.977473,0.827451,1.734669,20.803134,0.509305,4.152791,4.662096,1.606268,1.488737,1.057786,0.274241,0.448,0.873,12.158643,combined_exact,combined_player_database,archetype_exact_name_team_season,0.0,0.5034591556,0.9642296516,0.0357703484,0.5034591556,0.095362432,0.1343098716,0.0,0.2668685408,0.0
6946,older_school_realgm,2022-23,2023,2023-24,2024,"Jackson, Javon",Southern Nazarene,,32,25.0,980.0,30.6,504,15.8,172,378.0,71,180.0,89,117.0,110,88,90,43,5,https://snuathletics.com/sports/mens-basketball/stats/2022-23,,jacksonjavon|javonjackson,matched,1,javonjackson,1,0,Javon Jackson,Utah St.,MWC,2024,79237,bt_pid:79237,26,13.9643,4.4643,0.0703984,75.0,/Users/adriankong/Desktop/TROP/trank_final_data_2024_with_pbp.csv,exact_name_team_season,1.0,1426.0,Medium,"Jackson, Javon",Utah St.,Mountain West Conference,5113534.0,6-3,So,WG,26.0,0.2593,0.264,112.4565,0.1484,0.4808,-0.8175,-0.6286,-0.1888999999999999,exact_name_team_season,1.0,1573.0,Javon Jackson,Utah State,0.14,0.13,0.27,610.0,0.37,-0.77,-0.4,104.4,98.5,5.9,37.0,jackson javon,southern nazarene,2023.0,79237,2024.0,0.828954,1.19,0.0703984,1.33929,-1.26889,0.00124475,-0.00335381,0.00459856,mid_major,75.0,54.89418,58.675608,30.952381,0.47619,0.977778,17.325017,21.505945,31.047296,2.755998,11.607143,0.615764,2.8782,20.571429,0.77551,3.714286,4.489796,3.591837,3.673469,1.755102,0.204082,0.394,0.761,10.755273,combined_exact,combined_player_database,archetype_exact_name_team_season,0.0,0.8656638053,0.999512649,0.000487351,0.8656638053,0.0942847714,0.0,0.0,0.0,0.0400514233
6947,older_school_realgm,2022-23,2023,2023-24,2024,"Davis, Nick",Southern Nazarene,,32,31.0,919.0,28.7,395,12.3,148,246.0,0,2.0,99,141.0,229,22,64,18,41,https://snuathletics.com/sports/mens-basketball/stats/2022-23,,davisnick|nickdavis,matched,1,nickdavis,1,0,Nick Davis,Nebraska Omaha,Sum,2024,79238,bt_pid:79238,29,25.8182,9.0303,-1.47519,81.0,/Users/adriankong/Desktop/TROP/trank_final_data_2024_with_pbp.csv,exact_name_team_season,1.0,1247.0,Medium,"Davis, Nick",Omaha,Summit League,5113533.0,6-9,Sr,C,29.0,0.6481,0.6471,109.7835,0.1952,-0.0756,-0.4239,-0.7164,0.2925,exact_name_team_season,1.0,1658.0,Nick Davis,Omaha,-0.69,0.81,0.12,1298.0,-1.18,0.21,-0.98,101.9,104.1,-2.3,20.0,davis nick,southern nazarene,2023.0,79238,2024.0,1.13038,1.91622,-1.47519,-2.36693,0.891746,-2.11449,-1.43838,-0.676106,mid_major,81.0,60.162602,64.11505,57.317073,0.00813,0.34375,17.202451,5.541378,23.711288,10.982323,21.490751,5.384413,1.2848,17.192601,3.090316,6.87704,9.967356,0.957563,2.785637,0.78346,1.784548,0.0,0.702,0.127435,combined_exact,combined_player_database,archetype_exact_name_team_season,0.0,0.5249146554,1.0,0.0,0.0,0.5249146554,0.0,0.450682553,0.0244027916,0.0
6955,older_school_realgm,2022-23,2023,2023-24,2024,"Kopa, Tana",Spring Hill,,23,22.0,788.0,34.3,438,19.0,150,301.0,67,158.0,71,83.0,96,25,65,26,15,https://shcbadgers.com/sports/mens-basketball/stats/2022-23,,kopatana|tanakopa,matched,1,tanakopa,1,0,Tana Kopa,LIU,NEC,2024,79247,bt_pid:79247,29,32.2759,11.9655,-3.92969,78.0,/Users/adriankong/Desktop/TROP/trank_final_data_2024_with_pbp.csv,exact_name_team_season,1.0,2847.0,Low,"Kopa, Tana",LIU,Northeast Conference,4900686.0,6-6,Jr,WG,30.0,0.7941,0.7945,90.6249,0.1986,-3.4141,-3.4502,2.3644,-5.8146,exact_name_team_season,1.0,2755.0,Tana Kopa,Long Island,-1.09,-1.5,-2.59,1668.0,-0.82,-0.93,-1.75,90.1,109.9,-19.9,-228.0,kopa tana,spring hill,2023.0,79247,2024.0,0.253356,1.68764,-3.92969,-2.02222,-1.90747,-2.99419,-1.01784,-1.97635,mid_major,78.0,60.963455,64.885044,27.574751,0.524917,0.384615,16.148266,7.190433,25.621027,3.48188,10.158277,1.903553,1.875813,22.233503,1.167513,3.705584,4.873096,1.269036,3.299492,1.319797,0.761421,0.424,0.855,10.03137,combined_exact,combined_player_database,archetype_exact_name_team_season,0.0,0.5302532802,1.0,0.0,0.5302532802,0.0,0.0,0.0924160917,0.3773306281,0.0
6956,older_school_realgm,2022-23,2023,2023-24,2024,"Kabamba, Beril",Spring Hill,,25,25.0,870.0,34.8,464,18.6,150,357.0,31,106.0,133,160.0,217,50,67,33,11,https://shcbadgers.com/sports/mens-basketball/stats/2022-23,,kabambaberil|berilkabamba,matched,1,berilkabamba,1,0,Beril Kabamba,Cal St. Fullerton,BW,2024,79124,bt_pid:79124,27,17.0345,3.5862,-4.75916,77.0,/Users/adriankong/Desktop/TROP/trank_final_data_2024_with_pbp.csv,exact_name_team_season,1.0,2496.0,Medium,"Kabamba, Beril",Cal St. Fullerton,Big West Conference,4714323.0,6-5,Jr,WF,27.0,0.3747,0.3859,84.6245,0.1726,-3.7711,-3.2631,-0.0291,-3.234,exact_name_team_season,1.0,2901.0,Beril Kabamba,Cal State Fullerton,-2.97,-0.39,-3.36,772.0,-3.19,-0.17,-3.36,90.9,103.4,-12.5,-118.0,kabamba beril,spring hill,2023.0,79124,2024.0,-0.581764,1.47924,-4.75916,-5.03327,0.27411,-4.69752,-4.73385,0.0363296,mid_major,79.0,46.358543,54.281703,44.817927,0.296919,0.746269,13.55178,12.516469,28.503258,4.524878,23.191133,1.264368,2.156439,21.333333,1.517241,8.45977,9.977011,2.298851,3.08046,1.517241,0.505747,0.292,0.831,6.095594,combined_exact,combined_player_database,archetype_exact_name_team_season,0.0,0.6497216696,1.0,0.0,0.2897044292,0.6497216696,0.0,0.0,0.0605739011,0.0
6999,older_school_realgm,2021-22,2022,2022-23,2023,Max Jones,Tampa,,21,21.0,694.0,33.0,460,21.9,150,337.0,38,117.0,122,143.0,94,57,48,25,8,https://www.tampaspartans.com/sports/mbkb/2021-22/teams/tampa?jsRendering=true,,maxjones,matched,1,maxjones,1,0,Max Jones,Cal St. Fullerton,BW,2023,77272,bt_pid:77272,31,31.8125,12.5,2.60501,77.0,/Users/adriankong/Desktop/TROP/trank_final_data_2023_with_pbp.csv,exact_name_team_season,1.0,819.0,Medium,"Jones, Max",Cal St. Fullerton,Big West Conference,5108104.0,6-4,Jr,CG,31.0,0.7872,0.7789,109.7232,0.2303,1.697,1.9645,0.3322,1.6323,exact_name_team_season,1.0,843.0,Max Jones,Cal State Fullerton,1.84,0.17,2.01,1644.0,1.68,0.0,1.68,100.7,99.5,1.1,43.0,max jones,tampa,2022.0,77272,2023.0,2.63081,3.00056,2.60501,1.70328,0.901727,2.87893,2.00948,0.869448,mid_major,77.0,50.148368,57.511502,42.433234,0.347181,1.1875,10.716199,17.689493,30.88303,4.449382,10.023324,1.158447,1.954762,26.512968,1.67147,3.746398,5.417867,3.285303,2.766571,1.440922,0.461095,0.325,0.853,7.990369,combined_exact,combined_player_database,archetype_exact_name_team_season,0.0,0.5316797535,1.0,0.0,0.5316797535,0.2646938314,0.0,0.0,0.1271065312,0.0765198839
7045,older_school_realgm,2021-22,2022,2022-23,2023,Jayden Dawson,Alliance,,23,0.0,610.0,26.5,269,11.7,102,237.0,24,74.0,41,51.0,91,31,0,46,18,https://caccathletics.org/teamstats.aspx?path=mbball&year=2021&school=alliance,,jaydendawson,matched,1,jaydendawson,1,0,Jayden Dawson,Loyola Chicago,A10,2023,76885,bt_pid:76885,14,14.0714,3.5714,-5.01042,76.0,/Users/adriankong/Desktop/TROP/trank_final_data_2023_with_pbp.csv,unmatched,,,,,,,,,,,,,,,,,,,,unmatched,,,,,,,,,,,,,,,,jayden dawson,alliance,2022.0,76885,2023.0,-0.39614,0.906485,-5.01042,-3.86198,-1.14845,-2.46948,-2.26542,-0.204058,mid_major,76.0,48.101266,51.84243,21.518987,0.312236,0.775,13.358269,9.326494,23.648206,5.080763,12.886615,2.95023,4.086171,17.639344,1.770492,4.196721,5.967213,2.032787,2.622951,3.016393,1.180328,0.32,0.8,5.844133,combined_exact,combined_player_database,archetype_exact_name_team_season,0.0,0.7013494739,0.9224325836,0.0775674164,0.7013494739,0.0,0.0,0.2868912554,0.0,0.0117592708
7055,older_school_realgm,2022-23,2023,2023-24,2024,Jayden Dawson,Alliance,,12,0.0,342.0,28.5,126,10.5,46,117.0,11,39.0,23,32.0,61,20,0,15,12,https://caccathletics.org/teamstats.aspx?path=mbball&year=2022&school=alliance,,jaydendawson,matched_prior_d1_experience,1,jaydendawson,1,1,Jayden Dawson,Loyola Chicago,A10,2024,76885,bt_pid:76885,25,19.1538,7.8462,2.92881,76.0,/Users/adriankong/Desktop/TROP/trank_final_data_2024_with_pbp.csv,exact_name_team_season,1.0,848.0,Medium,"Dawson, Jayden",Loyola Chicago,Atlantic 10 Conference,5105964.0,6-4,So,CG,25.0,0.3757,0.3683,99.3002,0.2003,-0.8242,-0.6505,-2.0856,1.4350999999999998,exact_name_team_season,1.0,1205.0,Jayden Dawson,Loyola Chicago,-0.42,1.57,1.15,833.0,0.65,1.16,1.8,100.8,92.2,8.6,58.0,jayden dawson,alliance,2023.0,76885,2024.0,0.913504,2.38887,2.92881,0.66434,2.26447,3.76437,0.977555,2.78682,mid_major,76.0,44.017094,48.062252,27.350427,0.333333,1.0,13.23802,11.73817,21.650648,7.08623,13.196856,3.520147,2.473426,14.736842,2.45614,4.678363,7.134503,2.339181,2.339181,1.754386,1.403509,0.28,0.72,5.588928,combined_exact,combined_player_database,archetype_exact_name_team_season,0.0,0.4203855903,0.9656291899,0.0343708101,0.4203855903,0.0428966101,0.0,0.3186966716,0.1129636492,0.1050574789
7141,older_school_realgm,2021-22,2022,2022-23,2023,Dhashon Dyson,Saint Augustine's,,28,,891.0,31.8,490,17.5,171,396.0,58,155.0,90,124.0,109,38,63,23,1,https://basketball.realgm.com/manual-copy/2021-22/Saint Augustine's,,dhashondyson,matched,1,dhashondyson,1,0,Dhashon Dyson,Bethune Cookman,SWAC,2023,76651,bt_pid:76651,17,22.3529,11.3529,-6.34781,73.0,/Users/adriankong/Desktop/TROP/trank_final_data_2023_with_pbp.csv,exact_name_team_season,1.0,2441.0,Low,"Dyson, Dhashon",Bethune-Cookman,Southwestern Athletic Conference,5108847.0,6-1,Jr,WG,17.0,0.3188,0.3186,98.1594,0.2674,-1.8218,-1.2776,1.8945,-3.1721000000000004,exact_name_team_season,1.0,2751.0,Dhashon Dyson,Bethune-Cookman,-0.66,-2.1,-2.76,668.0,-0.69,-1.34,-2.03,92.8,112.9,-20.1,-51.0,dhashon dyson,st augustine s,2022.0,76651,2023.0,1.23081,0.398211,-6.34781,-0.620261,-5.72755,-3.96188,-0.166576,-3.7953,mid_major,,50.505051,54.376776,31.313131,0.391414,0.603175,12.267311,11.26046,30.222713,3.04088,12.611598,0.1365,1.534581,21.997755331088666,,,4.89337822671156,1.7059483726150393,2.8282828282828283,1.0325476992143658,0.04489337822671156,0.374,0.726,,alt_exact_name_team_season,step26_height_class_advanced_export,unmatched,1.0,,,,,,,,,
7171,older_school_realgm,2022-23,2023,2023-24,2024,Shane O'Dell,Saint Rose,,15,,477.0,31.8,244,16.3,97,210.0,10,37.0,40,57.0,103,66,50,13,17,https://basketball.realgm.com/manual-copy/2022-23/Saint Rose,,shaneodell,matched,1,shaneodell,1,0,Shane O'Dell,Stonehill,NEC,2024,78527,bt_pid:78527,5,18.4,9.0,-7.95987,78.0,/Users/adriankong/Desktop/TROP/trank_final_data_2024_with_pbp.csv,unmatched,,,,,,,,,,,,,,,,,,,,unmatched,,,,,,,,,,,,,,,,shane o dell,st rose,2023.0,78527,2024.0,0.677339,1.514,-7.95987,-4.79673,-3.16314,-4.54028,-2.09869,-2.4416,mid_major,,48.571429,51.897226,27.142857,0.17619,1.32,17.538936,31.565066,30.326004,7.700922,18.528394,3.650589,1.550968,20.461215932914047,,,8.637316561844864,5.534591194968553,4.1928721174004195,1.090146750524109,1.4255765199161425,0.27,0.702,,alt_exact_name_team_season,step26_height_class_advanced_export,unmatched,1.0,,,,,,,,,
7194,older_school_realgm,2021-22,2022,2022-23,2023,Tommy Gardler,USciences,,23,,481.0,20.9,182,7.9,62,127.0,30,77.0,28,36.0,57,18,25,13,0,https://basketball.realgm.com/manual-copy/2021-22/USciences,,tommygardler,matched,1,tommygardler,1,0,Tommy Gardler,La Salle,A10,2023,77455,bt_pid:77455,3,1.6667,0.0,-14.6132,73.0,/Users/adriankong/Desktop/TROP/trank_final_data_2023_with_pbp.csv,unmatched,,,,,,,,,,,,,,,,,,,,unmatched,,,,,,,,,,,,,,,,tommy gardler,usciences,2022.0,77455,2023.0,,,,,,,,,mid_major,,0.6062992125984252,0.6370764491739008,0.28346456692913385,0.6062992125984252,0.72,,,,,,,,15.135135135135135,,,4.74012474012474,1.496881496881497,2.079002079002079,1.0810810810810811,0.0,0.38961038961038963,0.7777777777777778,,unmatched,,unmatched,1.0,,,,,,,,,
7204,older_school_realgm,2021-22,2022,2022-23,2023,"Boykin, Tyree",Union TN,,33,32.0,1104.0,33.5,643,19.5,219,497.0,103,270.0,102,118.0,99,61,61,37,4,https://uuathletics.com/sports/mens-basketball/stats/2021-22,,boykintyree|tyreeboykin,matched,1,tyreeboykin,1,0,Tyree Boykin,Appalachian St.,SB,2023,76266,bt_pid:76266,22,23.0,9.88,-1.1893,73.0,/Users/adriankong/Desktop/TROP/trank_final_data_2023_with_pbp.csv,unique_name_season,0.6923,1355.0,Medium,"Boykin, Tyree",App State,Sun Belt Conference,5107254.0,6-1,Sr,CG,22.0,0.4721,0.4584,97.1042,0.2255,-1.5966,-2.1792,-2.2807,0.1015000000000001,exact_name_team_season,1.0,1991.0,Tyree Boykin,Appalachian State,-0.77,0.2,-0.57,898.0,-0.11,-0.6,-0.71,94.5,94.9,-0.4,19.0,boykin tyree,union tn,2022.0,76266,2023.0,1.15862,2.2048,-1.1893,0.278192,-1.4675,-0.20307,-0.198413,-0.00465706,mid_major,73.0,54.426559,58.569555,23.742455,0.54326,1.0,10.001312,11.174524,28.166103,1.200181,8.838154,0.373597,1.915667,23.297101,0.398551,3.188406,3.586957,2.210145,2.210145,1.34058,0.144928,0.381,0.864,12.477856,combined_exact,combined_player_database,archetype_exact_name_team_season,0.0,0.6601429589,1.0,0.0,0.6601429589,0.0,0.0366473086,0.0,0.3032097325,0.0
7218,ncaa_direct,2023-24,2024,2024-25,2025,Jamal Fuller,Academy of Art,,29,23.0,813.0,28.034,522,18.0,189,361.0,28,88.0,116,153.0,145,43,59,24,12,,33.0,jamalfuller,matched,1,jamalfuller,1,0,Jamal Fuller,LIU,NEC,2025,126532,bt_pid:126532,31,31.6303,12.5152,0.114767,77.0,/Users/adriankong/Desktop/TROP/trank_final_data_2025_with_pbp.csv,exact_name_team_season,1.0,1746.0,Low,"Fuller, Jamal",LIU,Northeast Conference,5122836.0,6-5,Sr,WF,31.0,0.7917,0.7898,108.4543,0.2055,-0.6355,-1.2773,-0.3059,-0.9714,exact_name_team_season,1.0,1252.0,Jamal Fuller,Long Island,0.51,0.59,1.1,1640.0,0.65,-0.03,0.62,94.5,100.5,-6.0,48.0,jamal fuller,academy of art,2024.0,126532,2025.0,1.66889,2.87481,0.114767,-1.20587,1.32064,0.734152,0.125582,0.60857,mid_major,,56.388889,61.078349,42.5,0.244444,0.728814,12.13193,11.231491,28.382512,6.096841,14.887133,1.672354,1.686661,25.682656826568266,,,7.134071340713407,2.1156211562115623,2.902829028290283,1.1808118081180812,0.5904059040590406,0.318,0.758,,alt_exact_name_team_season,step26_height_class_advanced_export,archetype_exact_name_team_season,0.0,0.5370071492,1.0,0.0,0.1870219458,0.5370071492,0.0,0.0,0.275970905,0.0
7228,ncaa_direct,2023-24,2024,2024-25,2025,Elijah Lewis,Adelphi,,29,29.0,904.0,31.172,484,16.69,156,306.0,55,137.0,117,137.0,98,55,62,23,13,,13.0,elijahlewis,matched,1,elijahlewis,1,0,Elijah Lewis,Marist,MAAC,2025,127226,bt_pid:127226,30,30.6967,11.5667,-2.89529,77.0,/Users/adriankong/Desktop/TROP/trank_final_data_2025_with_pbp.csv,exact_name_team_season,1.0,950.0,Low,"Lewis, Elijah",Marist,Metro Atlantic Athletic Conference,5242621.0,6-5,Jr,WG,30.0,0.771,0.7625,105.3167,0.2215,-1.0559,-0.6577,-1.7705,1.1128,exact_name_team_season,1.0,1201.0,Elijah Lewis,Marist,0.56,0.65,1.21,1504.0,0.33,-0.58,-0.25,99.3,98.3,0.9,161.0,elijah lewis,adelphi,2024.0,127226,2025.0,1.31508,2.64109,-2.89529,-2.33159,-0.563705,-2.19869,-1.62775,-0.570934,mid_major,,59.96732,66.069673,44.771242,0.447712,0.887097,14.476511,12.274777,24.310096,1.794541,10.684667,1.420615,1.429786,21.41592920353982,,,4.336283185840708,2.433628318584071,2.743362831858407,1.0176991150442478,0.5752212389380531,0.4014598540145985,0.8540145985401459,,alt_exact_name_team_season,step26_height_class_advanced_export,archetype_exact_name_team_season,0.0,0.4273475259,1.0,0.0,0.3218751906,0.186413307,0.0,0.0,0.4273475259,0.0643639765
7311,ncaa_direct,2023-24,2024,2024-25,2025,Cole Anderson,Ark.-Monticello,,21,9.0,291.0,13.857,78,3.714,29,57.0,0,0.0,20,34.0,41,12,16,5,6,,24.0,coleanderson,matched_prior_d1_experience,1,coleanderson,1,1,Cole Anderson,UC Santa Barbara,BW,2025,74483,bt_pid:74483,32,28.5441,8.8824,0.853839,77.0,/Users/adriankong/Desktop/TROP/trank_final_data_2025_with_pbp.csv,exact_name_team_season,1.0,1532.0,Medium,"Anderson, Cole",UC Santa Barbara,Big West Conference,4900668.0,6-5,Sr,WG,32.0,0.7113,0.6921,125.7255,0.1304,1.7718,1.8513,2.2365,-0.3852,exact_name_team_season,1.0,1605.0,Cole Anderson,UC Santa Barbara,2.08,-1.75,0.32,1524.0,2.27,-1.48,0.79,107.8,107.0,0.8,120.0,cole anderson,arkansas monticello,2024.0,74483,2025.0,2.17579,1.93162,0.853839,2.0253,-1.17146,1.11972,1.84307,-0.723345,mid_major,,50.877193,54.196776,59.649123,0.0,0.75,18.190086,8.735823,16.526897,7.817527,11.179141,2.762256,1.089073,10.721649484536082,,,5.635738831615121,1.6494845360824741,2.1993127147766325,0.6872852233676976,0.8247422680412371,,0.5882352941176471,,alt_exact_name_team_season,step26_height_class_advanced_export,archetype_exact_name_team_season,0.0,0.5437300436,0.7338700289,0.2661299711,0.0,0.0313030726,0.0,0.5437300436,0.2283803179,0.1965865658
7325,ncaa_direct,2023-24,2024,2024-25,2025,Josh Mitchell,Arkansas Tech,,28,24.0,573.0,20.464,139,4.964,59,113.0,0,0.0,21,43.0,166,19,26,6,46,,12.0,joshmitchell,matched,1,joshmitchell,1,0,Josh Mitchell,Alcorn St.,SWAC,2025,76051,bt_pid:76051,28,10.5034,0.7931,-0.779382,80.0,/Users/adriankong/Desktop/TROP/trank_final_data_2025_with_pbp.csv,unmatched,,,,,,,,,,,,,,,,,,,,unmatched,,,,,,,,,,,,,,,,josh mitchell,arkansas tech,2024.0,76051,2025.0,-0.0648417,0.598791,-0.779382,-1.98058,1.2012,-4.90052,-4.66742,-0.233107,mid_major,,54.477612,55.137685,38.80597,0.0,0.666667,16.053082,5.873291,15.826096,13.981504,20.476019,9.589708,0.665532,9.703315881326352,,,11.588132635253054,1.3263525305410122,1.8150087260034904,0.418848167539267,3.2111692844677138,,0.5192307692307693,,alt_exact_name_team_season,step26_height_class_advanced_export,archetype_exact_name_team_season,0.0,0.9321927359,1.0,0.0,0.0,0.0,0.0,0.9321927359,0.0,0.0678072641
7329,ncaa_direct,2023-24,2024,2024-25,2025,Taelon Peter,Arkansas Tech,,31,31.0,1073.0,34.613,564,18.194,181,363.0,78,192.0,124,142.0,182,73,46,55,17,,2.0,taelonpeter,matched,1,taelonpeter,1,0,Taelon Peter,Liberty,CUSA,2025,73519,bt_pid:73519,32,,,7.20552,76.0,/Users/adriankong/Desktop/TROP/trank_final_data_2025_with_pbp.csv,exact_name_team_season,1.0,155.0,Medium,"Peter, Taelon",Liberty,Conference USA,4703421.0,6-4,Sr,WG,32.0,0.5968,0.5742,137.035,0.2072,6.6435,6.5928,0.8155,5.7773,exact_name_team_season,1.0,210.0,Taelon Peter,Liberty,5.2,-0.01,5.19,1244.0,5.17,0.4,5.57,116.1,102.5,13.6,257.0,taelon peter,arkansas tech,2024.0,73519,2025.0,,,,,,,,,mid_major,,60.666667,66.635203,42.4,0.528,1.574468,9.553622,13.743212,23.748491,2.046308,17.989685,1.82213,3.14336,21.02516309412861,,,6.784715750232992,2.7213420316868593,1.7148182665424045,2.050326188257223,0.6337371854613234,0.4090909090909091,0.8679245283018868,,alt_exact_name_team_season,step26_height_class_advanced_export,archetype_exact_name_team_season,0.0,0.5913771623,0.8230485566,0.1769514434,0.5913771623,0.4086228377,0.0,0.0,0.0,0.0
7330,ncaa_direct,2023-24,2024,2024-25,2025,Tommy Kamarad,Arkansas Tech,,32,30.0,873.0,27.281,391,12.219,143,281.0,47,118.0,58,71.0,165,42,47,17,33,,15.0,tommykamarad,matched,1,tommykamarad,1,0,Tommy Kamarad,Winthrop,BSth,2025,128113,bt_pid:128113,28,13.5645,3.8387,1.75829,80.0,/Users/adriankong/Desktop/TROP/trank_final_data_2025_with_pbp.csv,exact_name_team_season,1.0,1599.0,Low,"Kamarad, Tommy",Winthrop,Big South Conference,5241760.0,6-8,Jr,S-PF,28.0,0.2979,0.299,110.2739,0.1371,-0.4894,-1.2966,-0.7243,-0.5722999999999999,exact_name_team_season,1.0,1859.0,Tommy Kamarad,Winthrop,-0.72,0.57,-0.15,698.0,-0.49,0.32,-0.18,101.5,102.8,-1.3,15.0,tommy kamarad,arkansas tech,2024.0,128113,2025.0,0.489595,1.19527,1.75829,0.668851,1.08944,0.589089,-0.920142,1.50923,mid_major,,59.252669,62.612093,25.266904,0.419929,0.893617,13.083176,9.923204,22.217156,7.31292,15.364904,4.5315,1.180355,17.915234822451318,,,7.560137457044673,1.9243986254295533,2.1534936998854524,0.7789232531500573,1.5120274914089347,0.3983050847457627,0.8169014084507042,,alt_exact_name_team_season,step26_height_class_advanced_export,archetype_exact_name_team_season,0.0,0.3807410651,0.9741216041,0.0258783959,0.3807410651,0.028552846,0.0757587108,0.3733221128,0.1416252654,0.0
7334,ncaa_direct,2023-24,2024,2024-25,2025,Chris Mitchell,Ashland,,15,0.0,94.0,6.267,20,1.333,8,21.0,1,9.0,3,4.0,31,9,5,8,4,,32.0,chrismitchell,matched,1,chrismitchell,1,0,Chris Mitchell,UC Santa Barbara,BW,2025,127374,bt_pid:127374,8,8.5,2.4,-9.33373,76.0,/Users/adriankong/Desktop/TROP/trank_final_data_2025_with_pbp.csv,unmatched,,,,,,,,,,,,,,,,,,,,unmatched,,,,,,,,,,,,,,,,chris mitchell,ashland,2024.0,127374,2025.0,-0.264617,0.554932,-9.33373,-7.08256,-2.25117,-9.24944,-7.16146,-2.08799,mid_major,,40.47619,43.936731,19.047619,0.428571,1.8,18.011527,15.721443,15.840796,16.574468,21.034392,4.809172,4.816359,8.51063829787234,,,13.191489361702128,3.8297872340425534,2.127659574468085,3.404255319148936,1.702127659574468,0.1111111111111111,0.75,,alt_exact_name_team_season,step26_height_class_advanced_export,archetype_exact_name_team_season,0.0,0.521418444,0.6919028974,0.3080971026,0.0,0.3737605929,0.0,0.521418444,0.0,0.1048209632
7340,ncaa_direct,2023-24,2024,2024-25,2025,Simon Wheeler,Ashland,,28,27.0,913.0,32.607,452,16.143,153,360.0,30,104.0,116,149.0,101,150,100,40,2,,10.0,simonwheeler,matched,1,simonwheeler,1,0,Simon Wheeler,Jacksonville,ASun,2025,126844,bt_pid:126844,3,20.7,3.0,-12.8731,70.0,/Users/adriankong/Desktop/TROP/trank_final_data_2025_with_pbp.csv,unmatched,,,,,,,,,,,,,,,,,,,,unmatched,,,,,,,,,,,,,,,,simon wheeler,ashland,2024.0,126844,2025.0,,,,,,,,,mid_major,,46.666667,53.106495,41.388889,0.288889,1.5,19.027323,31.157852,30.843347,1.704595,10.133233,0.247299,2.476684,19.802847754654984,,,4.424972617743702,6.571741511500548,4.381161007667032,1.7524644030668126,0.08762322015334063,0.2884615384615384,0.7785234899328859,,alt_exact_name_team_season,step26_height_class_advanced_export,archetype_exact_name_team_season,0.0,0.4668547167,1.0,0.0,0.4668547167,0.0676002623,0.0,0.0,0.0,0.4655450211
7394,ncaa_direct,2023-24,2024,2024-25,2025,Nick Anderson,Barry,,29,29.0,964.0,33.241,500,17.241,176,405.0,94,221.0,54,70.0,66,52,40,36,3,,,nickanderson,matched,1,nickanderson,1,0,Nick Anderson,Prairie View A&M,SWAC,2025,127339,bt_pid:127339,11,31.5583,18.9167,-3.19824,77.0,/Users/adriankong/Desktop/TROP/trank_final_data_2025_with_pbp.csv,name_season_best_team,0.8889,1551.0,Low,"Anderson, Nick",Prairie View,Southwestern Athletic Conference,5243364.0,6-5,Jr,WG,11.0,0.2949,0.2831,110.5603,0.2594,2.5071,1.7562,2.1917,-0.4355,name_season_best_team,0.8889,2217.0,Nick Anderson,Prairie View,1.17,-2.1,-0.93,643.0,0.9,-0.84,0.06,102.4,122.3,-19.9,-146.0,nick anderson,barry,2024.0,127339,2025.0,3.31694,2.28504,-3.19824,1.03162,-4.22987,-0.560799,2.96914,-3.52994,mid_major,,55.16055,57.516647,16.972477,0.548165,1.222222,8.762365,9.687967,22.428078,1.331688,4.997027,0.271763,1.755644,20.74688796680498,,,2.7385892116182573,2.1576763485477177,1.6597510373443984,1.4937759336099585,0.12448132780082988,0.4225941422594142,0.7837837837837838,,alt_exact_name_team_season,step26_height_class_advanced_export,archetype_exact_name_team_season,0.0,0.5355323496,0.8950044673,0.1049955327,0.4644676504,0.0,0.0,0.0,0.5355323496,0.0
7415,ncaa_direct,2023-24,2024,2024-25,2025,Kyle Frazier,Belmont Abbey,,30,27.0,782.0,26.067,302,10.067,94,223.0,71,181.0,43,50.0,84,19,23,17,9,,21.0,kylefrazier,matched,1,kylefrazier,1,0,Kyle Frazier,William & Mary,CAA,2025,128010,bt_pid:128010,30,14.9219,4.7188,-1.6999,74.0,/Users/adriankong/Desktop/TROP/trank_final_data_2025_with_pbp.csv,exact_name_team_season,1.0,2672.0,Medium,"Frazier, Kyle",William & Mary,Colonial Athletic Association,5193634.0,6-2,Jr,WG,30.0,0.3717,0.3694,113.6853,0.1466,0.3536,-0.4865,3.5807,-4.067200000000001,exact_name_team_season,1.0,2831.0,Kyle Frazier,William & Mary,0.07,-3.1,-3.03,784.0,0.78,-1.42,-0.64,100.8,119.1,-18.4,-106.0,kyle frazier,belmont abbey,2024.0,128010,2025.0,0.788707,0.768723,-1.6999,1.09483,-2.79474,-2.2901,-0.464342,-1.82576,mid_major,,58.071749,61.632653,22.421525,0.811659,0.826087,8.58209,4.733976,17.274411,1.617341,10.858795,1.147505,1.226695,15.447570332480819,,,4.296675191815857,0.9718670076726342,1.1764705882352942,0.8695652173913043,0.46035805626598464,0.3922651933701657,0.86,,alt_exact_name_team_season,step26_height_class_advanced_export,archetype_exact_name_team_season,0.0,0.4904840065,0.8971676884,0.1028323116,0.1745435888,0.0,0.3349724047,0.0,0.4904840065,0.0
7419,ncaa_direct,2023-24,2024,2024-25,2025,BJ Davis,Bemidji St.,,26,18.0,694.0,26.692,255,9.808,80,212.0,50,132.0,45,48.0,59,65,29,18,0,,3.0,bjdavis,matched_prior_d1_experience,1,bjdavis,1,1,BJ Davis,San Diego St.,MWC,2025,78115,bt_pid:78115,30,23.9968,9.0,3.46636,74.0,/Users/adriankong/Desktop/TROP/trank_final_data_2025_with_pbp.csv,exact_name_team_season,1.0,376.0,Medium,"Davis, BJ",San Diego St.,Mountain West Conference,5176241.0,6-2,So,CG,30.0,0.5982,0.5965,108.0794,0.1925,1.0764,1.7953,-1.8057,3.601,exact_name_team_season,1.0,588.0,BJ Davis,San Diego State,1.16,1.82,2.99,1202.0,1.38,1.82,3.2,107.4,92.6,14.8,111.0,bj davis,bemidji state,2024.0,78115,2025.0,1.66299,3.19865,3.46636,1.43066,2.03569,3.83705,0.341933,3.49512,mid_major,,48.181818,53.621515,23.181818,0.613636,2.1875,11.660108,15.774254,18.476368,2.524822,6.528598,0.0,1.564159,14.697406340057636,,,3.400576368876081,3.7463976945244957,1.6714697406340058,1.037463976945245,0.0,0.3703703703703703,0.9411764705882352,,alt_exact_name_team_season,step26_height_class_advanced_export,archetype_exact_name_team_season,0.0,0.3637369237,0.6619385796,0.3380614204,0.3122152178,0.0,0.0,0.0,0.3637369237,0.3240478585
7439,ncaa_direct,2023-24,2024,2024-25,2025,Tim Moore,Benedict,,31,28.0,781.0,25.194,469,15.129,163,287.0,17,54.0,126,161.0,198,26,42,26,23,,30.0,timmoore,matched,1,timmoore,1,0,Tim Moore,NJIT,AE,2025,127904,bt_pid:127904,29,26.7167,12.9333,-1.90916,78.0,/Users/adriankong/Desktop/TROP/trank_final_data_2025_with_pbp.csv,exact_name_team_season,1.0,2324.0,Low,"Moore, Tim",NJIT,America East Conference,5239760.0,6-6,Sr,S-PF,29.0,0.6525,0.6492,117.1522,0.2213,1.684,0.0728,2.5968,-2.524,exact_name_team_season,1.0,1872.0,Tim Moore,NJIT,0.48,-0.66,-0.18,1329.0,1.07,0.2,1.27,92.4,111.0,-18.6,-172.0,tim moore,benedict,2024.0,127904,2025.0,2.44584,1.92355,-1.90916,-0.691169,-1.21799,2.21479,2.88268,-0.667886,mid_major,,59.756098,65.532081,56.097561,0.188153,0.619048,10.504202,6.178503,23.623268,8.218153,17.222275,2.737696,1.69977,24.020486555697822,,,10.140845070422536,1.3316261203585147,2.151088348271447,1.3316261203585147,1.17797695262484,0.3148148148148148,0.782608695652174,,alt_exact_name_team_season,website_priority_advanced_export,archetype_unique_name_season,0.0,0.5409882055,1.0,0.0,0.0,0.5409882055,0.0,0.1708427344,0.2881690601,0.0
7448,ncaa_direct,2023-24,2024,2024-25,2025,Zach Laput,Bentley,,30,30.0,1122.0,37.4,600,20.0,210,463.0,67,168.0,113,128.0,215,128,80,43,2,,20.0,zachlaput,matched,1,zachlaput,1,0,Zach Laput,Davidson,A10,2025,127983,bt_pid:127983,32,24.5,8.4848,0.265885,76.0,/Users/adriankong/Desktop/TROP/trank_final_data_2025_with_pbp.csv,exact_name_team_season,1.0,902.0,Medium,"Laput, Zach",Davidson,Atlantic 10 Conference,5239522.0,6-4,Sr,WG,32.0,0.6325,0.6168,111.3323,0.1867,0.7858,1.064,-0.222,1.286,exact_name_team_season,1.0,1096.0,Zach Laput,Davidson,2.08,-0.62,1.46,1324.0,1.62,-0.68,0.95,108.8,106.4,2.4,77.0,zach laput,bentley,2024.0,127983,2025.0,1.72595,1.86589,0.265885,1.29329,-1.02741,-0.79737,0.239443,-1.03681,mid_major,,52.591793,57.76785,27.645788,0.362851,1.580247,13.492804,21.131254,27.488393,5.094045,15.118124,0.17024,2.201959,21.390374331550802,,,7.664884135472371,4.563279857397505,2.8520499108734403,1.5329768270944741,0.07130124777183601,0.3988095238095238,0.8828125,,alt_exact_name_team_season,step26_height_class_advanced_export,archetype_exact_name_team_season,0.0,0.510275551,0.9574728653,0.0425271347,0.510275551,0.3070201165,0.0,0.0,0.0,0.1827043324
7454,ncaa_direct,2023-24,2024,2024-25,2025,Maximo Milovich,Biola,,29,29.0,771.0,26.586,269,9.276,100,215.0,17,54.0,52,91.0,281,45,33,18,9,,13.0,maximomilovich,matched,1,maximomilovich,1,0,Maximo Milovich,UC San Diego,BW,2025,127348,bt_pid:127348,31,13.3061,2.303,0.458364,80.0,/Users/adriankong/Desktop/TROP/trank_final_data_2025_with_pbp.csv,exact_name_team_season,1.0,935.0,Medium,"Milovich, Maximo",UC San Diego,Big West Conference,5241962.0,6-8,Sr,PF/C,31.0,0.2874,0.2888,123.2198,0.1,0.5584,0.8316,-0.3156,1.1472,exact_name_team_season,1.0,1591.0,Maximo Milovich,UC San Diego,0.85,-0.49,0.37,636.0,-0.38,-0.98,-1.36,116.0,99.5,16.6,128.0,maximo milovich,biola,2024.0,127348,2025.0,0.784939,1.39102,0.458364,-1.22238,1.68074,-1.13213,-2.1684,1.03627,mid_major,,50.465116,52.736826,42.325581,0.251163,1.363636,11.456742,11.17333,18.795751,15.112507,24.415495,1.332346,1.351491,13.955901426718547,,,14.578469520103761,2.3346303501945527,1.7120622568093384,0.933852140077821,0.4669260700389105,0.3148148148148148,0.5714285714285714,,alt_exact_name_team_season,step26_height_class_advanced_export,archetype_exact_name_team_season,0.0,0.7887674303,0.8580561932,0.1419438068,0.0,0.7887674303,0.0,0.2112325697,0.0,0.0
7539,ncaa_direct,2023-24,2024,2024-25,2025,Grady Lewis,Cal St. East Bay,,29,28.0,859.0,29.621,426,14.69,186,271.0,0,0.0,54,106.0,214,35,56,23,32,,21.0,gradylewis,matched,1,gradylewis,1,0,Grady Lewis,Cal St. Northridge,BW,2025,126570,bt_pid:126570,31,13.4212,6.2424,-2.28994,81.0,/Users/adriankong/Desktop/TROP/trank_final_data_2025_with_pbp.csv,unique_name_season,0.25,1537.0,Medium,"Lewis, Grady",CSUN,Big West Conference,5117707.0,6-9,Jr,C,31.0,0.3266,0.3322,116.2826,0.1973,1.5393,0.3003,0.6951,-0.3948,exact_name_team_season,1.0,2223.0,Grady Lewis,Cal State Northridge,-0.13,-0.82,-0.95,753.0,0.32,-0.62,-0.31,103.3,106.3,-3.0,1.0,grady lewis,cal state east bay,2024.0,126570,2025.0,0.996115,1.18604,-2.28994,-0.42335,-1.86659,-3.11743,-1.81022,-1.30721,mid_major,,68.634686,67.057046,39.114391,0.0,0.625,14.987689,8.327507,21.342796,8.434952,19.480613,3.999896,1.480428,19.837019790454015,,,9.965075669383003,1.6298020954598371,2.607683352735739,1.071012805587893,1.490104772991851,,0.5094339622641509,,alt_exact_name_team_season,step26_height_class_advanced_export,archetype_exact_name_team_season,0.0,0.4482247351,1.0,0.0,0.0,0.4482247351,0.0,0.3193381608,0.1736896595,0.0587474446
7562,ncaa_direct,2023-24,2024,2024-25,2025,KJ McClurg,California (PA),,13,13.0,488.0,37.538,306,23.538,88,166.0,35,80.0,95,116.0,68,28,23,12,2,,5.0,kjmcclurg,matched,1,kjmcclurg,1,0,KJ McClurg,Longwood,BSth,2025,72972,bt_pid:72972,19,18.2364,6.9091,-2.67025,75.0,/Users/adriankong/Desktop/TROP/trank_final_data_2025_with_pbp.csv,exact_name_team_season,1.0,1033.0,Low,"McClurg, KJ",Longwood,Big South Conference,4701156.0,6-3,Jr,WG,19.0,0.2963,0.2966,113.9911,0.1665,0.3364,0.4159,-0.488,0.9039,exact_name_team_season,1.0,1981.0,KJ McClurg,Longwood,0.36,-0.78,-0.42,599.0,-0.34,-1.11,-1.46,105.3,104.8,0.5,27.0,kj mcclurg,california pa,2024.0,72972,2025.0,0.845117,1.14855,-2.67025,0.00111223,-2.67137,-0.9296,-0.0505201,-0.87908,mid_major,,62.823529,69.397869,59.764706,0.447059,1.206897,9.751833,9.806164,23.044891,4.086911,10.764024,0.236802,1.482829,25.081967213114755,,,5.573770491803279,2.2950819672131146,1.8852459016393444,0.9836065573770492,0.16393442622950818,0.4210526315789473,0.8307086614173228,,alt_exact_name_team_season,step26_height_class_advanced_export,archetype_exact_name_team_season,0.0,0.4555352675,1.0,0.0,0.1598786751,0.2896058578,0.0,0.0,0.4555352675,0.0949801996
7590,ncaa_direct,2023-24,2024,2024-25,2025,Justin Mitchell,Catawba,,25,7.0,294.0,11.76,95,3.8,35,91.0,5,21.0,20,35.0,63,22,15,17,5,,23.0,justinmitchell,matched,1,justinmitchell,1,0,Justin Mitchell,UT Rio Grande Valley,Slnd,2025,127521,bt_pid:127521,5,2.775,0.75,2.97595,71.0,/Users/adriankong/Desktop/TROP/trank_final_data_2025_with_pbp.csv,unmatched,,,,,,,,,,,,,,,,,,,,unmatched,,,,,,,,,,,,,,,,justin mitchell,catawba,2024.0,127521,2025.0,,,,,,,,,mid_major,,41.208791,44.642857,38.461538,0.230769,1.466667,12.355848,11.277978,18.244151,9.734214,13.329832,1.837178,2.962659,12.92517006802721,,,8.571428571428571,2.993197278911565,2.0408163265306123,2.312925170068027,0.6802721088435374,0.238095238095238,0.5714285714285714,,alt_exact_name_team_season,step26_height_class_advanced_export,archetype_exact_name_team_season,0.0,0.5378693025,0.5934476582,0.4065523418,0.0,0.5378693025,0.0,0.3338907905,0.0,0.1282399069
7602,ncaa_direct,2023-24,2024,2024-25,2025,Jayvon Maughmer,Cedarville,,35,35.0,1158.0,33.086,699,19.971,268,516.0,78,191.0,85,105.0,191,105,60,21,20,,32.0,jayvonmaughmer,matched,1,jayvonmaughmer,1,0,Jayvon Maughmer,Liberty,CUSA,2025,126842,bt_pid:126842,32,28.6857,8.7143,2.87329,78.0,/Users/adriankong/Desktop/TROP/trank_final_data_2025_with_pbp.csv,exact_name_team_season,1.0,998.0,Medium,"Maughmer, Jayvon",Liberty,Conference USA,4709895.0,6-6,Sr,WF,32.0,0.725,0.7372,102.5321,0.1665,-0.8262,-0.9004,-1.8906,0.9902,exact_name_team_season,1.0,1239.0,Jayvon Maughmer,Liberty,-0.1,1.23,1.13,1574.0,-0.02,0.18,0.16,105.9,95.6,10.3,173.0,jayvon maughmer,cedarville,2024.0,126842,2025.0,0.935162,3.32453,2.87329,0.165194,2.70809,1.75338,0.121224,1.63216,mid_major,,59.496124,62.166489,20.348837,0.370155,1.75,9.643202,17.379564,27.193064,5.142617,13.211908,1.803035,1.034493,24.145077720207254,,,6.5975820379965455,3.626943005181347,2.0725388601036268,0.7253886010362695,0.690846286701209,0.4083769633507853,0.8095238095238095,,alt_exact_name_team_season,step26_height_class_advanced_export,archetype_exact_name_team_season,0.0,0.4258864271,0.8555162777,0.1444837223,0.4258864271,0.3581170103,0.0,0.0,0.1710789152,0.0449176474
7603,ncaa_direct,2023-24,2024,2024-25,2025,Kyle Thomas,Cedarville,,31,10.0,556.0,17.935,120,3.871,40,121.0,31,101.0,9,16.0,75,36,27,17,2,,3.0,kylethomas,matched_prior_d1_experience,1,kylethomas,1,1,Kyle Thomas,SIU Edwardsville,OVC,2025,76629,bt_pid:76629,23,14.5375,5.9167,-0.35953,82.0,/Users/adriankong/Desktop/TROP/trank_final_data_2025_with_pbp.csv,exact_name_team_season,1.0,1750.0,Low,"Thomas, Kyle",SIUE,Ohio Valley Conference,5107708.0,6-10,So,C,23.0,0.2708,0.2686,104.1928,0.2156,-1.1179,-1.3755,-0.3883,-0.9872,exact_name_team_season,1.0,1927.0,Kyle Thomas,SIU Edwardsville,-1.17,0.84,-0.32,576.0,-0.19,0.1,-0.08,95.8,99.5,-3.7,33.0,kyle thomas,cedarville,2024.0,76629,2025.0,0.80744,1.29705,-0.35953,-2.53348,2.17395,-2.1357,-2.79409,0.658385,mid_major,,46.853147,47.899049,13.286713,0.818182,1.433333,16.541685,9.73445,14.087113,3.848335,10.864376,0.320447,1.575917,8.633093525179856,,,5.39568345323741,2.5899280575539567,1.9424460431654675,1.223021582733813,0.14388489208633093,0.3076923076923077,0.5789473684210527,,alt_exact_name_team_season,step26_height_class_advanced_export,archetype_exact_name_team_season,0.0,0.4642225744,0.5108552548,0.4891447452,0.215866212,0.0533563865,0.4642225744,0.0,0.266554827,0.0
7607,ncaa_direct,2023-24,2024,2024-25,2025,Danquez Dawsey,Central Okla.,,28,28.0,864.0,30.857,387,13.821,130,302.0,30,83.0,97,117.0,105,137,78,36,3,,3.0,danquezdawsey,matched,1,danquezdawsey,1,0,Danquez Dawsey,Lamar,Slnd,2025,126715,bt_pid:126715,30,18.3606,6.1818,-5.05415,74.0,/Users/adriankong/Desktop/TROP/trank_final_data_2025_with_pbp.csv,exact_name_team_season,1.0,2658.0,Low,"Dawsey, Danquez",Lamar University,Southland Conference,5242572.0,6-2,Sr,s-PG,30.0,0.4331,0.4334,93.2625,0.2287,-2.9249,-2.759,1.209,-3.968,exact_name_team_season,1.0,2490.0,Danquez Dawsey,Lamar,-0.39,-1.3,-1.69,862.0,-0.02,-0.83,-0.85,96.9,107.3,-10.4,-65.0,danquez dawsey,central okla,2024.0,126715,2025.0,0.293962,1.51061,-5.05415,-2.97363,-2.08052,-4.03256,-2.91408,-1.11848,mid_major,,49.242424,55.517995,37.575758,0.290909,1.823529,18.102053,31.163289,25.400119,3.008974,11.115923,0.487413,2.313888,17.916666666666668,,,4.861111111111111,6.342592592592593,3.611111111111111,1.6666666666666667,0.1388888888888889,0.40625,0.8225806451612904,,alt_exact_name_team_season,website_priority_advanced_export,archetype_unique_name_season,0.0,0.6143259375,1.0,0.0,0.2831365535,0.1025375091,0.0,0.0,0.0,0.6143259375
7609,ncaa_direct,2023-24,2024,2024-25,2025,Jaden Wells,Central Okla.,,28,28.0,917.0,32.75,610,21.786,189,467.0,78,222.0,154,171.0,122,44,54,56,1,,2.0,jadenwells,matched,1,jadenwells,1,0,Jaden Wells,UT Arlington,WAC,2025,127566,bt_pid:127566,25,26.7778,12.037,-0.356862,74.0,/Users/adriankong/Desktop/TROP/trank_final_data_2025_with_pbp.csv,exact_name_team_season,1.0,1879.0,Low,"Wells, Jaden",UT Arlington,Western Athletic Conference,5241423.0,6-2,Sr,CG,25.0,0.5815,0.5773,104.0512,0.2076,-0.3454,0.6407,1.9914,-1.3507,exact_name_team_season,1.0,1548.0,Jaden Wells,UT Arlington,1.57,-1.12,0.45,1169.0,1.35,-0.8,0.54,105.6,111.3,-5.7,-26.0,jaden wells,central okla,2024.0,127566,2025.0,1.63879,1.60195,-0.356862,1.80229,-2.15916,-0.441195,0.893756,-1.33495,mid_major,,49.304175,56.853104,37.375746,0.471173,0.946429,8.726547,11.245868,32.773012,2.159027,13.35694,0.115044,3.679297,26.608505997818973,,,5.321701199563795,1.9193020719738276,2.3555070883315157,2.4427480916030535,0.04362050163576881,0.3459915611814346,0.9042553191489362,,alt_exact_name_team_season,website_priority_advanced_export,archetype_unique_name_season,0.0,0.8491269258,1.0,0.0,0.8491269258,0.1357923771,0.0,0.0,0.0150806971,0.0
7695,ncaa_direct,2023-24,2024,2024-25,2025,Anias Futrell,Christian Brothers,,27,27.0,919.0,34.037,474,17.556,178,383.0,54,154.0,64,87.0,174,46,53,29,28,,12.0,aniasfutrell,matched,1,aniasfutrell,1,0,Anias Futrell,Lindenwood,OVC,2025,127847,bt_pid:127847,27,30.4345,12.7931,-0.959883,77.0,/Users/adriankong/Desktop/TROP/trank_final_data_2025_with_pbp.csv,exact_name_team_season,1.0,2630.0,Low,"Futrell, Anias",Lindenwood,Ohio Valley Conference,5242437.0,6-5,Sr,WG,27.0,0.699,0.6898,99.3871,0.2207,-1.9503,-2.4505,1.4065,-3.857,exact_name_team_season,1.0,2144.0,Anias Futrell,Lindenwood,-0.78,-0.01,-0.78,1477.0,-0.5,0.69,0.19,92.6,108.6,-15.9,-120.0,anias futrell,christian brothers,2024.0,127847,2025.0,0.997164,2.76722,-0.959883,-1.49685,0.536967,-0.0113802,-0.264844,0.253463,mid_major,,53.524804,56.257121,22.715405,0.402089,0.867925,11.174833,9.230005,25.308345,7.000218,14.311507,3.34486,1.821681,20.631120783460283,,,7.573449401523395,2.002176278563656,2.306855277475517,1.2622415669205658,1.218715995647443,0.3506493506493506,0.735632183908046,,alt_exact_name_team_season,step26_height_class_advanced_export,archetype_exact_name_team_season,0.0,0.4548481471,1.0,0.0,0.4548481471,0.1301336099,0.0,0.1992805732,0.2157376698,0.0
7697,ncaa_direct,2023-24,2024,2024-25,2025,Christian Jones,Christian Brothers,,27,27.0,1005.0,37.222,413,15.296,162,364.0,41,113.0,48,62.0,190,168,74,77,7,,3.0,christianjones,matched,1,christianjones,1,0,Christian Jones,George Washington,A10,2025,78217,bt_pid:78217,33,23.9147,8.7059,0.76097,74.0,/Users/adriankong/Desktop/TROP/trank_final_data_2025_with_pbp.csv,exact_name_team_season,1.0,971.0,Medium,"Jones, Christian",George Washington,Atlantic 10 Conference,4685650.0,6-2,Fr,s-PG,33.0,0.5951,0.5978,103.4922,0.2234,-0.4148,0.0824,-0.9863,1.0687,exact_name_team_season,1.0,1142.0,Christian Jones,George Washington,0.39,0.96,1.35,1342.0,0.82,0.71,1.53,106.0,99.1,6.9,95.0,christian jones,christian brothers,2024.0,78217,2025.0,1.02078,2.36361,0.76097,-0.0946094,0.85558,1.57846,-0.269349,1.84781,mid_major,,50.266667,52.956643,17.066667,0.314667,2.217949,16.210824,28.493555,22.432512,3.433572,17.633679,0.730596,4.225952,16.437810945273633,,,7.562189054726368,6.686567164179104,2.945273631840796,3.0646766169154227,0.27860696517412936,0.3644067796610169,0.78125,,alt_exact_name_team_season,step26_height_class_advanced_export,archetype_exact_name_team_season,0.0,0.5812407714,1.0,0.0,0.3132735761,0.1054856525,0.0,0.0,0.0,0.5812407714
7754,ncaa_direct,2023-24,2024,2024-25,2025,Ethan Menzies,Colorado Mesa,,19,3.0,188.0,9.895,64,3.368,27,37.0,5,10.0,5,10.0,40,29,14,5,8,,23.0,ethanmenzies,matched,1,ethanmenzies,1,0,Ethan Menzies,Cal Poly,BW,2025,127651,bt_pid:127651,25,9.7269,2.3846,-4.45874,79.0,/Users/adriankong/Desktop/TROP/trank_final_data_2025_with_pbp.csv,unmatched,,,,,,,,,,,,,,,,,,,,unmatched,,,,,,,,,,,,,,,,ethan menzies,colorado mesa,2024.0,127651,2025.0,-0.121551,0.678375,-4.45874,-3.61176,-0.846977,-2.89612,-2.58074,-0.315385,mid_major,,79.72973,77.294686,27.027027,0.27027,2.071429,25.270758,23.74269,13.70105,4.398564,17.651694,4.063861,1.393246,13.617021276595745,,,8.51063829787234,6.170212765957447,2.978723404255319,1.0638297872340425,1.702127659574468,0.5,0.5,,alt_exact_name_team_season,step26_height_class_advanced_export,archetype_exact_name_team_season,0.0,0.5803936758,0.6870436384,0.3129563616,0.0,0.0,0.0,0.4196063242,0.0,0.5803936758
7755,ncaa_direct,2023-24,2024,2024-25,2025,Isaac Jessup,Colorado Mesa,,31,30.0,768.0,24.774,329,10.613,113,265.0,77,203.0,26,27.0,92,76,55,36,5,,3.0,isaacjessup,matched,1,isaacjessup,1,0,Isaac Jessup,Cal Poly,BW,2025,72335,bt_pid:72335,31,30.6258,11.6774,3.70892,74.0,/Users/adriankong/Desktop/TROP/trank_final_data_2025_with_pbp.csv,exact_name_team_season,1.0,544.0,Medium,"Jessup, Isaac",Cal Poly,Big West Conference,4702385.0,6-2,Sr,CG,31.0,0.6828,0.6835,126.276,0.163,3.0793,2.6237,-0.0869,2.7106,exact_name_team_season,1.0,511.0,Isaac Jessup,Cal Poly,3.43,-0.1,3.33,1780.0,3.51,-0.25,3.26,108.8,106.7,2.1,65.0,isaac jessup,colorado mesa,2024.0,72335,2025.0,2.94292,2.04693,3.70892,4.36367,-0.654748,3.15056,3.02721,0.12335,mid_major,,55.574913,57.715471,9.407666,0.763066,1.509091,15.541992,15.280863,19.712315,5.661224,6.709153,0.572079,2.322185,17.135416666666668,,,4.791666666666667,3.9583333333333335,2.8645833333333335,1.875,0.2604166666666667,0.3698630136986301,0.9629629629629628,,alt_exact_name_team_season,step26_height_class_advanced_export,archetype_exact_name_team_season,0.0,0.7609259176,0.6702073193,0.3297926807,0.7609259176,0.0,0.1637716255,0.0,0.0753024569,0.0
7756,ncaa_direct,2023-24,2024,2024-25,2025,Mac Riniker,Colorado Mesa,,19,19.0,464.0,24.421,260,13.684,90,142.0,22,50.0,58,82.0,93,44,55,43,16,,4.0,macriniker,matched,1,macriniker,1,0,Mac Riniker,Cal Poly,BW,2025,128023,bt_pid:128023,34,24.8057,9.3714,1.25709,77.0,/Users/adriankong/Desktop/TROP/trank_final_data_2025_with_pbp.csv,exact_name_team_season,1.0,1542.0,Medium,"Riniker, Mac",Cal Poly,Big West Conference,5242265.0,6-5,Sr,WG,34.0,0.6087,0.6084,101.8077,0.2154,-0.6747,-1.3745,-0.9577,-0.4168,exact_name_team_season,1.0,1031.0,Mac Riniker,Cal Poly,-0.39,2.02,1.62,1592.0,0.29,1.29,1.58,101.9,105.0,-3.0,-13.0,mac riniker,colorado mesa,2024.0,128023,2025.0,1.06617,2.02889,1.25709,-0.408995,1.66609,-0.906861,-1.97388,1.06702,mid_major,,70.977011,72.669019,54.022989,0.333333,0.828125,22.909507,16.642124,23.992692,7.201077,15.516441,3.880987,4.354526,22.413793103448278,,,8.017241379310345,3.793103448275862,4.741379310344827,3.706896551724138,1.3793103448275863,0.4310344827586206,0.7021276595744681,,alt_exact_name_team_season,step26_height_class_advanced_export,archetype_exact_name_team_season,0.0,0.4039231029,0.8054013836,0.1945986164,0.4039231029,0.3633276894,0.0,0.1262048623,0.0,0.1065443454
7758,ncaa_direct,2023-24,2024,2024-25,2025,Owen Koonce,Colorado Mesa,,34,33.0,833.0,24.5,450,13.235,167,307.0,51,144.0,65,72.0,133,60,67,40,16,,11.0,owenkoonce,matched,1,owenkoonce,1,0,Owen Koonce,Cal Poly,BW,2025,72338,bt_pid:72338,34,30.1457,16.9429,1.41192,77.0,/Users/adriankong/Desktop/TROP/trank_final_data_2025_with_pbp.csv,exact_name_team_season,1.0,1086.0,Medium,"Koonce, Owen",Cal Poly,Big West Conference,4702381.0,6-5,Sr,WG,34.0,0.7542,0.7492,116.5602,0.2413,3.0627,1.8101,1.0457,0.7644,exact_name_team_season,1.0,832.0,Owen Koonce,Cal Poly,2.42,-0.29,2.13,1964.0,2.82,-0.07,2.75,106.4,108.7,-2.3,4.0,owen koonce,colorado mesa,2024.0,72338,2025.0,3.24076,2.03971,1.41192,2.28189,-0.869971,2.03073,3.10184,-1.07111,mid_major,,62.703583,66.434392,23.452769,0.469055,0.895522,16.51548,12.370829,22.949571,6.036831,11.482189,1.859155,2.549556,21.608643457382954,,,6.38655462184874,2.881152460984394,3.2172869147659062,1.9207683073229291,0.7683073229291717,0.3541666666666667,0.9027777777777778,,alt_exact_name_team_season,step26_height_class_advanced_export,archetype_exact_name_team_season,0.0,0.6642841827,0.8547599945,0.1452400055,0.6642841827,0.0,0.0,0.2194040506,0.1163117668,0.0
7761,ncaa_direct,2023-24,2024,2024-25,2025,Trevor Baskin,Colorado Mesa,,34,34.0,991.0,29.147,620,18.235,229,399.0,35,96.0,127,189.0,283,131,96,38,46,,22.0,trevorbaskin,matched,1,trevorbaskin,1,0,Trevor Baskin,Colorado,B12,2025,127218,bt_pid:127218,35,19.4457,7.0286,5.80797,81.0,/Users/adriankong/Desktop/TROP/trank_final_data_2025_with_pbp.csv,exact_name_team_season,1.0,367.0,High,"Baskin, Trevor",Colorado,Big 12 Conference,5240257.0,6-9,Sr,PF/C,35.0,0.4931,0.4939,104.1692,0.2249,1.005,1.8127,-1.8302,3.6429,exact_name_team_season,1.0,329.0,Trevor Baskin,Colorado,1.91,2.32,4.23,1177.0,1.34,2.81,4.15,107.8,97.9,9.9,26.0,trevor baskin,colorado mesa,2024.0,127218,2025.0,1.50055,2.5139,5.80797,0.995318,4.81266,4.39935,1.03936,3.35999,power_4,,61.779449,64.29401,47.368421,0.240602,1.364583,16.6044,23.941479,27.475089,7.968999,23.00081,4.490075,2.034643,25.025227043390515,,,11.422805247225025,5.287588294651867,3.8748738647830474,1.5338042381432897,1.856710393541877,0.3645833333333333,0.671957671957672,,alt_exact_name_team_season,step26_height_class_advanced_export,archetype_exact_name_team_season,0.0,0.6511357787,1.0,0.0,0.115073571,0.6511357787,0.0,0.0707601826,0.0,0.1630304677
7807,ncaa_direct,2023-24,2024,2024-25,2025,Dylan Fasoyiro,Daemen,,28,28.0,833.0,29.75,486,17.357,168,347.0,67,163.0,83,110.0,130,31,69,30,16,,12.0,dylanfasoyiro,matched,1,dylanfasoyiro,1,0,Dylan Fasoyiro,South Alabama,SB,2025,127509,bt_pid:127509,30,18.3406,6.2812,0.0621543,75.0,/Users/adriankong/Desktop/TROP/trank_final_data_2025_with_pbp.csv,exact_name_team_season,1.0,1648.0,Medium,"Fasoyiro, Dylan",South Alabama,Sun Belt Conference,5240642.0,6-3,Sr,WG,30.0,0.4445,0.4415,102.163,0.1749,-1.2397,-0.9479,-0.2557,-0.6921999999999999,exact_name_team_season,1.0,1687.0,Dylan Fasoyiro,South Alabama,-0.48,0.65,0.17,883.0,-0.75,0.33,-0.42,102.5,98.2,4.2,67.0,dylan fasoyiro,daemen,2024.0,127509,2025.0,0.47127,1.7667,0.0621543,-1.09506,1.15722,-0.881739,-2.11908,1.23734,mid_major,,57.803468,61.232252,31.791908,0.465318,0.477612,14.521023,7.702666,26.862464,5.901237,10.185512,1.958592,2.062703,23.33733493397359,,,6.24249699879952,1.4885954381752702,3.3133253301320527,1.440576230492197,0.7683073229291717,0.4099378881987577,0.7545454545454545,,alt_exact_name_team_season,website_priority_advanced_export,archetype_unique_name_season,0.0,0.5088074331,1.0,0.0,0.5088074331,0.0627749155,0.0273475161,0.1394769209,0.2615932144,0.0
7837,ncaa_direct,2023-24,2024,2024-25,2025,Elijah Crawford,Dist. Columbia,,14,0.0,210.0,15.0,51,3.643,13,36.0,0,1.0,25,42.0,54,11,13,5,7,,2.0,elijahcrawford,matched,1,elijahcrawford,1,0,Elijah Crawford,BYU,B12,2025,133659,bt_pid:133659,21,5.2476,1.1905,2.09835,74.0,/Users/adriankong/Desktop/TROP/trank_final_data_2025_with_pbp.csv,unmatched,,,,,,,,,,,,,,,,,,,,unmatched,,,,,,,,,,,,,,,,elijah crawford,district of columbia,2024.0,133659,2025.0,0.237103,0.523784,2.09835,1.45205,0.646306,-1.43962,-3.30062,1.861,power_4,76.0,46.153846,55.376561,120.0,0.046154,0.787879,24.939541,12.13576,16.009879,9.538084,16.406166,4.007787,2.20682,11.924119,3.902439,6.612466,10.514905,2.818428,3.577236,1.734417,1.626016,0.0,0.641,0.362981,combined_exact,combined_player_database,archetype_exact_name_team_season,0.0,0.5322306986,0.5893599728,0.4106400272,0.0,0.4384980029,0.0,0.5322306986,0.0,0.0292712985
7838,ncaa_direct,2023-24,2024,2024-25,2025,Eric Morgan Jr.,Dist. Columbia,,14,14.0,422.0,30.143,240,17.143,85,215.0,29,80.0,41,60.0,41,15,19,13,0,,,ericmorgan,matched,1,ericmorgan,1,0,Eric Morgan Jr.,Saint Peter's,MAAC,2025,126828,bt_pid:126828,22,8.4435,2.6522,-3.48104,76.0,/Users/adriankong/Desktop/TROP/trank_final_data_2025_with_pbp.csv,unmatched,,,,,,,,,,,,,,,,,,,,unmatched,,,,,,,,,,,,,,,,eric morgan jr,district of columbia,2024.0,126828,2025.0,0.291203,0.55815,-3.48104,-1.46146,-2.01958,-2.65901,-2.40511,-0.253899,mid_major,76.0,46.022727,50.28594,34.659091,0.338068,0.864865,8.358182,9.244611,26.744493,1.322941,9.400636,0.133412,1.377396,22.083897,0.541272,3.788904,4.330176,1.73207,2.002706,1.082544,0.054127,0.319,0.689,7.18938,combined_exact,combined_player_database,archetype_exact_name_team_season,0.0,0.520455259,1.0,0.0,0.3221749643,0.1573697768,0.0,0.0,0.520455259,0.0
7864,ncaa_direct,2023-24,2024,2024-25,2025,Jaelen McGlone,East Stroudsburg,,30,27.0,710.0,23.667,373,12.433,138,263.0,44,112.0,53,68.0,103,62,56,66,7,,13.0,jaelenmcglone,matched,1,jaelenmcglone,1,0,Jaelen McGlone,Central Connecticut,NEC,2025,73022,bt_pid:73022,15,12.92,4.6667,-1.94635,76.0,/Users/adriankong/Desktop/TROP/trank_final_data_2025_with_pbp.csv,unmatched,,,,,,,,,,,,,,,,,,,,unmatched,,,,,,,,,,,,,,,,jaelen mcglone,east stroudsburg,2024.0,73022,2025.0,0.332775,1.18963,-1.94635,-1.54289,-0.403467,-1.99804,-2.31925,0.321205,mid_major,,60.836502,63.669261,25.855513,0.425856,1.107143,16.049524,14.527783,21.41125,5.379263,10.21702,0.955049,4.616722,21.014084507042252,,,5.802816901408451,3.492957746478873,3.1549295774647885,3.7183098591549295,0.39436619718309857,0.3928571428571428,0.7794117647058824,,alt_exact_name_team_season,step26_height_class_advanced_export,archetype_exact_name_team_season,0.0,0.7524588016,0.7265896884,0.2734103116,0.7524588016,0.0644108128,0.0,0.0575794593,0.0,0.1255509263
7891,ncaa_direct,2023-24,2024,2024-25,2025,George Kimble,Eckerd,,20,19.0,586.0,29.3,377,18.85,112,269.0,26,82.0,127,152.0,63,85,81,36,7,,3.0,georgekimble,matched,1,georgekimble,1,0,George Kimble III,Eastern Kentucky,ASun,2025,126876,bt_pid:126876,23,29.736,18.04,1.96083,74.0,/Users/adriankong/Desktop/TROP/trank_final_data_2025_with_pbp.csv,unique_name_season,0.7692,1904.0,Low,"Kimble III, George",Eastern Ky.,ASUN Conference,5239784.0,6-2,So,s-PG,23.0,0.585,0.5883,105.2985,0.3192,0.0249,-0.4962,0.9125,-1.4087,exact_name_team_season,1.0,982.0,George Kimble III,Eastern Kentucky,1.18,0.58,1.76,1222.0,2.09,1.62,3.71,104.9,109.5,-4.6,-30.0,george kimble,eckerd,2024.0,126876,2025.0,2.71072,2.53347,1.96083,2.26315,-0.302321,3.88102,3.41597,0.465045,mid_major,,47.526502,57.227222,58.303887,0.30742,1.154762,19.10828,32.739862,32.813352,2.21098,9.056515,1.077241,3.249066,25.733788395904437,,,4.300341296928328,5.802047781569966,5.5290102389078495,2.4573378839590445,0.4778156996587031,0.3333333333333333,0.8363636363636363,,alt_exact_name_team_season,step26_height_class_advanced_export,archetype_exact_name_team_season,0.0,0.4742700239,1.0,0.0,0.4742700239,0.1045066653,0.0,0.0,0.0,0.4212233109
7932,ncaa_direct,2023-24,2024,2024-25,2025,Cameron Shockley-Okeke,Embry-Riddle (FL),,12,12.0,278.0,23.167,146,12.167,52,112.0,21,56.0,21,29.0,43,14,24,12,3,,2.0,cameronshockleyokeke,matched,1,cameronshockleyokeke,1,0,Cameron Shockley-Okeke,Howard,MEAC,2025,71914,bt_pid:71914,28,25.9531,11.9062,-2.55601,78.0,/Users/adriankong/Desktop/TROP/trank_final_data_2025_with_pbp.csv,exact_name_team_season,1.0,1749.0,Low,"Shockley-Okeke, Cameron",Howard,Mid-Eastern Athletic Conference,4593296.0,6-6,Sr,WF,28.0,0.6334,0.631,113.1978,0.1901,0.4142,0.3237,1.3063,-0.9826,exact_name_team_season,1.0,1691.0,Cameron Shockley-Okeke,Howard,1.4,-1.24,0.17,1270.0,1.44,-1.26,0.18,103.0,113.3,-10.3,-28.0,cameron shockley okeke,embry riddle fl,2024.0,71914,2025.0,1.62322,0.982045,-2.55601,1.07935,-3.63536,-1.67111,1.45169,-3.1228,mid_major,,54.365079,57.736308,25.0,0.515873,0.973684,11.960217,8.402972,21.303608,5.121395,13.754857,2.144757,2.458964,21.007194244604317,,,6.18705035971223,2.014388489208633,3.4532374100719423,1.7266187050359711,0.4316546762589928,0.4,0.7777777777777778,,alt_exact_name_team_season,website_priority_advanced_export,archetype_unique_name_season,0.0,0.46852904,0.8684596302,0.1315403698,0.46852904,0.0824533684,0.0789302479,0.212169211,0.1579181327,0.0
7960,ncaa_direct,2023-24,2024,2024-25,2025,Solomon Oraegbu,Emporia St.,,19,19.0,557.0,29.316,317,16.684,109,259.0,14,50.0,85,116.0,95,16,37,20,11,,7.0,solomonoraegbu,matched,1,solomonoraegbu,1,0,Solomon Oraegbu,Prairie View A&M,SWAC,2025,126657,bt_pid:126657,3,8.175,2.75,-12.9092,75.0,/Users/adriankong/Desktop/TROP/trank_final_data_2025_with_pbp.csv,unmatched,,,,,,,,,,,,,,,,,,,,unmatched,,,,,,,,,,,,,,,,solomon oraegbu,emporia state,2024.0,126657,2025.0,,,,,,,,,mid_major,,43.838028,50.458986,44.71831,0.200704,0.463415,10.764545,6.750612,32.975128,7.093985,12.802583,1.861117,1.94712,22.764811490125673,,,6.822262118491921,1.1490125673249552,2.657091561938959,1.436265709156194,0.7899461400359067,0.2631578947368421,0.7401574803149606,,alt_exact_name_team_season,step26_height_class_advanced_export,archetype_exact_name_team_season,0.0,0.5424814479,1.0,0.0,0.1683223985,0.5424814479,0.0,0.0075118785,0.2816842751,0.0
7985,ncaa_direct,2023-24,2024,2024-25,2025,Jaylen Colon,Felician,,28,28.0,897.0,32.036,409,14.607,146,327.0,34,101.0,83,112.0,79,88,50,46,3,,11.0,jaylencolon,matched,1,jaylencolon,1,0,Jaylen Colon,Alabama A&M,SWAC,2025,127410,bt_pid:127410,27,9.37,2.5,-4.74038,74.0,/Users/adriankong/Desktop/TROP/trank_final_data_2025_with_pbp.csv,unmatched,,,,,,,,,,,,,,,,,,,,unmatched,,,,,,,,,,,,,,,,jaylen colon,felician,2024.0,127410,2025.0,0.0597614,0.449941,-4.74038,-1.52496,-3.21542,-4.21718,-2.63654,-1.58064,mid_major,,49.847095,54.347826,34.250765,0.308869,1.76,11.72938,16.511321,21.497261,2.169502,7.004758,0.336313,2.621722,18.23857302118172,,,3.5228539576365665,3.9241917502787067,2.229654403567447,2.051282051282051,0.13377926421404682,0.3366336633663366,0.7410714285714286,,alt_exact_name_team_season,website_priority_advanced_export,archetype_unique_name_season,0.0,0.4855176103,0.9796287517,0.0203712483,0.1811241746,0.0225157825,0.0,0.0,0.3108424327,0.4855176103
8011,ncaa_direct,2023-24,2024,2024-25,2025,Luke Anderson,Fla. Southern,,33,33.0,1188.0,36.0,652,19.758,232,509.0,83,207.0,105,126.0,264,71,52,32,29,,44.0,lukeanderson,matched,1,lukeanderson,1,0,Luke Anderson,James Madison,SB,2025,71529,bt_pid:71529,11,11.3231,4.5385,-0.706166,80.0,/Users/adriankong/Desktop/TROP/trank_final_data_2025_with_pbp.csv,unmatched,,,,,,,,,,,,,,,,,,,,unmatched,,,,,,,,,,,,,,,,luke anderson,fla southern,2024.0,71529,2025.0,1.31164,0.782055,-0.706166,2.72197,-3.42814,2.5207,4.3914,-1.8707,mid_major,,53.732809,57.75636,24.75442,0.40668,1.365385,8.435533,10.241868,23.058604,6.478618,14.637046,2.117367,1.360443,21.95286195286195,,,8.88888888888889,2.3905723905723906,1.7508417508417509,1.0774410774410774,0.9764309764309764,0.4009661835748792,0.8333333333333334,,alt_exact_name_team_season,website_priority_advanced_export,archetype_unique_name_season,0.0,0.4331367643,0.888583568,0.111416432,0.1946680497,0.4331367643,0.0,0.0,0.372195186,0.0
8018,ncaa_direct,2023-24,2024,2024-25,2025,Jalen Barr,Flagler,,29,25.0,754.0,26.0,254,8.759,93,211.0,5,34.0,63,99.0,193,59,67,44,26,,23.0,jalenbarr,matched,1,jalenbarr,1,0,Jalen Barr,Iona,MAAC,2025,128162,bt_pid:128162,27,15.0222,2.6667,-2.02307,76.0,/Users/adriankong/Desktop/TROP/trank_final_data_2025_with_pbp.csv,exact_name_team_season,1.0,1789.0,Low,"Barr, Jalen",Iona,Metro Atlantic Athletic Conference,4706612.0,6-4,Sr,PF/C,27.0,0.2836,0.3012,87.2025,0.141,-3.6587,-2.8865,-1.7894,-1.0970999999999995,exact_name_team_season,1.0,2027.0,Jalen Barr,Iona,-2.49,1.98,-0.51,688.0,-2.52,0.3,-2.22,94.0,95.4,-1.4,-6.0,jalen barr,flagler,2024.0,128162,2025.0,-0.68102,1.37503,-2.02307,-4.97147,2.9484,-4.95813,-6.75725,1.79912,mid_major,,45.260664,49.890006,46.919431,0.161137,0.880597,20.835925,12.833471,20.43458,9.138243,19.36022,3.367844,3.168232,13.474801061007957,,,10.238726790450928,3.129973474801061,3.5543766578249336,2.3342175066313,1.3793103448275863,0.1470588235294117,0.6363636363636364,,alt_exact_name_team_season,step26_height_class_advanced_export,archetype_exact_name_team_season,0.0,0.547280981,0.833564581,0.166435419,0.0811025658,0.547280981,0.0,0.222168577,0.0,0.1494478762
8024,ncaa_direct,2023-24,2024,2024-25,2025,Spencer Bain,Flagler,,14,1.0,188.0,13.429,51,3.643,16,45.0,11,30.0,8,14.0,17,15,6,1,0,,3.0,spencerbain,matched,1,spencerbain,1,0,Spencer Bain,Kansas St.,B12,2025,126690,bt_pid:126690,6,1.35,0.0,-20.6008,74.0,/Users/adriankong/Desktop/TROP/trank_final_data_2025_with_pbp.csv,unmatched,,,,,,,,,,,,,,,,,,,,unmatched,,,,,,,,,,,,,,,,spencer bain,flagler,2024.0,126690,2025.0,,,,,,,,,power_4,,43.119266,44.902497,16.513761,0.688073,1.6,14.60707,10.823932,14.501714,2.456517,9.113589,0.0,1.440106,10.851063829787234,,,3.617021276595745,3.1914893617021276,1.2765957446808511,0.2127659574468085,0.0,0.2933333333333333,0.6111111111111112,,alt_exact_name_team_season,step26_height_class_advanced_export,archetype_exact_name_team_season,0.0,0.475184258,0.5474932432,0.4525067568,0.0,0.0,0.475184258,0.0,0.2876645214,0.2371512207
8052,ncaa_direct,2023-24,2024,2024-25,2025,Obi Agbim,Fort Lewis,,33,26.0,993.0,30.091,511,15.485,180,406.0,54,152.0,97,116.0,131,96,59,46,12,,5.0,obiagbim,matched,1,obiagbim,1,0,Obi Agbim,Wyoming,MWC,2025,126954,bt_pid:126954,28,34.4207,17.5862,3.75533,75.0,/Users/adriankong/Desktop/TROP/trank_final_data_2025_with_pbp.csv,exact_name_team_season,1.0,546.0,Medium,"Agbim, Obi",Wyoming,Mountain West Conference,5241273.0,6-3,Jr,s-PG,28.0,0.7798,0.7788,117.6107,0.2605,3.8333,3.3187,0.6186,2.7001,exact_name_team_season,1.0,556.0,Obi Agbim,Wyoming,2.83,0.3,3.13,1598.0,3.67,0.78,4.45,101.0,105.3,-4.3,-92.0,obi agbim,fort lewis,2024.0,126954,2025.0,3.98508,3.02655,3.75533,3.86453,-0.109197,5.66369,4.85077,0.812922,mid_major,,50.985222,55.903203,28.571429,0.374384,1.610169,11.433222,16.079123,24.550948,1.714908,13.089276,1.591715,2.475919,20.584088620342396,,,5.276938569989929,3.867069486404834,2.376636455186304,1.852970795568983,0.48338368580060426,0.3552631578947368,0.8362068965517241,,alt_exact_name_team_season,step26_height_class_advanced_export,archetype_exact_name_team_season,0.0,0.4453158179,0.8807023231,0.1192976769,0.4453158179,0.2334351574,0.0,0.0,0.1315397803,0.1897092443
8082,ncaa_direct,2023-24,2024,2024-25,2025,Domenic Malvey,Franklin Pierce,,15,0.0,102.0,6.8,17,1.133,6,32.0,1,11.0,4,6.0,10,3,3,3,1,,15.0,domenicmalvey,matched,1,domenicmalvey,1,0,Domenic Malvey,New Hampshire,AE,2025,127912,bt_pid:127912,1,1.1667,0.0,-8.52765,72.0,/Users/adriankong/Desktop/TROP/trank_final_data_2025_with_pbp.csv,unmatched,,,,,,,,,,,,,,,,,,,,unmatched,,,,,,,,,,,,,,,,domenic malvey,franklin pierce,2024.0,127912,2025.0,,,,,,,,,mid_major,,20.0,22.421525,16.0,0.24,0.666667,10.080645,3.919778,16.49248,1.210517,10.582462,1.155543,1.759988,6.666666666666667,,,3.9215686274509802,1.1764705882352942,1.1764705882352942,1.1764705882352942,0.39215686274509803,0.0,0.5,,alt_exact_name_team_season,step26_height_class_advanced_export,archetype_exact_name_team_season,0.0,0.626996198,0.6781384551,0.3218615449,0.0,0.0,0.1499569538,0.2230468482,0.626996198,0.0
8093,ncaa_direct,2023-24,2024,2024-25,2025,Sean Trumper,Franklin Pierce,,20,20.0,625.0,31.25,375,18.75,121,268.0,16,45.0,117,135.0,159,47,48,20,16,,40.0,seantrumper,matched,1,seantrumper,1,0,Sean Trumper,Merrimack,MAAC,2025,127633,bt_pid:127633,33,32.7545,8.4848,-0.663841,79.0,/Users/adriankong/Desktop/TROP/trank_final_data_2025_with_pbp.csv,exact_name_team_season,1.0,1637.0,Low,"Trumper, Sean",Merrimack,Metro Atlantic Athletic Conference,5242633.0,6-7,Sr,WF,33.0,0.8144,0.8167,104.822,0.1743,-0.9897,-1.2097,-0.5438,-0.6659,exact_name_team_season,1.0,1463.0,Sean Trumper,Merrimack,-0.22,0.88,0.66,1750.0,-0.13,0.63,0.49,98.9,99.4,-0.5,42.0,sean trumper,franklin pierce,2024.0,127633,2025.0,0.64945,3.58994,-0.663841,-2.67054,2.0067,-1.52253,-2.94902,1.4265,mid_major,,48.134328,57.269395,50.373134,0.16791,1.0,12.553419,16.38787,28.504471,5.986839,22.352493,2.539979,1.611917,24.0,,,10.176,3.008,3.072,1.28,1.024,0.3555555555555555,0.8666666666666667,,alt_exact_name_team_season,step26_height_class_advanced_export,archetype_exact_name_team_season,0.0,0.8000426717,1.0,0.0,0.1138032844,0.8000426717,0.0,0.0,0.0619939955,0.0241600484
8104,ncaa_direct,2023-24,2024,2024-25,2025,Jaylon Johnson,Frostburg St.,,28,9.0,572.0,20.429,192,6.857,69,191.0,27,73.0,27,36.0,39,49,16,23,1,,5.0,jaylonjohnson,matched,1,jaylonjohnson,1,0,Jaylon Johnson,Tennessee Tech,OVC,2025,127287,bt_pid:127287,30,35.1125,14.25,0.710804,72.0,/Users/adriankong/Desktop/TROP/trank_final_data_2025_with_pbp.csv,exact_name_team_season,1.0,2435.0,Low,"Johnson, Jaylon",Tennessee Tech,Ohio Valley Conference,5242992.0,6-0,Jr,s-PG,30.0,0.8848,0.8815,110.9125,0.2262,0.5908,-0.3341,2.6363,-2.9703999999999997,exact_name_team_season,1.0,1326.0,Jaylon Johnson,Tennessee Tech,1.76,-0.82,0.93,1842.0,2.89,-0.54,2.35,98.6,109.7,-11.1,-83.0,jaylon johnson,frostburg state,2024.0,127287,2025.0,2.63516,2.22941,0.710804,2.3778,-1.667,0.966277,1.7272,-0.760926,mid_major,,42.929293,46.339419,19.191919,0.388889,2.722222,7.734617,14.730115,17.597423,1.854119,5.773052,0.160228,2.265081,13.426573426573427,,,2.727272727272727,3.4265734265734267,1.118881118881119,1.6083916083916083,0.06993006993006994,0.3636363636363636,0.7631578947368421,,alt_exact_name_team_season,step26_height_class_advanced_export,archetype_exact_name_team_season,0.0,0.6943192248,0.5652145361,0.4347854639,0.0,0.0204395256,0.0,0.0,0.2852412496,0.6943192248
8120,ncaa_direct,2023-24,2024,2024-25,2025,Jordan Johnson,Ga. Southwestern,,25,2.0,580.0,23.2,248,9.92,90,186.0,45,99.0,23,26.0,47,18,13,13,1,,22.0,jordanjohnson,matched_prior_d1_experience,1,jordanjohnson,1,3,Jordan Johnson,Southern,SWAC,2025,78921,bt_pid:78921,29,23.8375,9.625,-2.54213,76.0,/Users/adriankong/Desktop/TROP/trank_final_data_2025_with_pbp.csv,unique_name_season,0.8889,1871.0,Low,"Johnson, Jordan",Southern U.,Southwestern Athletic Conference,5177605.0,6-4,So,WG,29.0,0.5912,0.5936,98.1718,0.2013,-2.1523,-1.1216,0.2208,-1.3424,exact_name_team_season,1.0,2364.0,Jordan Johnson,Southern,-0.6,-0.74,-1.34,1191.0,-0.79,-1.53,-2.32,99.2,102.5,-3.3,39.0,jordan johnson,ga southwestern,2024.0,78921,2025.0,0.378738,1.92617,-2.54213,-1.21433,-1.3278,-1.48303,-0.713054,-0.769978,mid_major,,60.483871,62.80389,13.978495,0.532258,1.384615,6.177533,5.795104,17.841771,2.679715,6.446388,0.186748,1.256477,17.103448275862068,,,3.2413793103448274,1.2413793103448276,0.896551724137931,0.896551724137931,0.06896551724137931,0.4545454545454545,0.8846153846153846,,alt_exact_name_team_season,website_priority_advanced_export,archetype_unique_name_season,0.0,0.8531068922,0.7429864849,0.2570135151,0.1382866187,0.008606489,0.0,0.0,0.8531068922,0.0
8130,ncaa_direct,2023-24,2024,2024-25,2025,Josh Omojafo,Gannon,,33,33.0,814.0,24.667,647,19.606,199,417.0,27,86.0,222,270.0,92,49,62,51,5,,4.0,joshomojafo,matched,1,joshomojafo,1,0,Josh Omojafo,Robert Morris,Horz,2025,126835,bt_pid:126835,33,29.9294,11.3824,-2.11926,77.0,/Users/adriankong/Desktop/TROP/trank_final_data_2025_with_pbp.csv,exact_name_team_season,1.0,1161.0,Medium,"Omojafo, Josh",Robert Morris,Horizon League,5241690.0,6-5,Jr,WG,33.0,0.7218,0.7184,112.1899,0.1858,0.2506,-0.2381,-0.8093,0.5712,exact_name_team_season,1.0,1558.0,Josh Omojafo,Robert Morris,0.53,-0.1,0.43,1729.0,0.88,-0.8,0.07,104.4,100.3,4.2,142.0,josh omojafo,gannon,2024.0,126835,2025.0,1.64568,2.46505,-2.11926,-1.04743,-1.07183,-1.55401,-0.965375,-0.588638,mid_major,,51.470588,61.028847,67.19457,0.205882,0.765625,10.052146,8.899232,30.336915,4.16802,7.788184,0.581924,2.945952,31.793611793611795,,,4.520884520884521,2.407862407862408,3.0466830466830466,2.506142506142506,0.2457002457002457,0.3186813186813186,0.8215488215488216,,alt_exact_name_team_season,step26_height_class_advanced_export,archetype_exact_name_team_season,0.0,0.4236786108,0.933722289,0.066277711,0.3154708714,0.4236786108,0.0,0.0,0.2218855127,0.038965005
8171,ncaa_direct,2023-24,2024,2024-25,2025,Mekhi Collins,Goldey-Beacom,,15,13.0,307.0,20.467,71,4.733,29,51.0,4,11.0,9,19.0,35,29,18,14,1,,13.0,mekhicollins,matched_prior_d1_experience,1,mekhicollins,1,1,Mekhi Collins,Nicholls St.,Slnd,2025,74798,bt_pid:74798,30,16.4061,3.9697,-0.730877,80.0,/Users/adriankong/Desktop/TROP/trank_final_data_2025_with_pbp.csv,exact_name_team_season,1.0,1083.0,Low,"Collins, Mekhi",Nicholls,Southland Conference,4897326.0,6-8,Sr,C,30.0,0.398,0.398,113.5778,0.1202,0.389,0.018,-0.7561,0.7741,exact_name_team_season,1.0,1646.0,Mekhi Collins,Nicholls State,-0.52,0.77,0.25,826.0,-1.06,-0.04,-1.11,102.9,99.5,3.3,20.0,mekhi collins,goldey beacom,2024.0,74798,2025.0,0.686421,1.49645,-0.730877,-1.43483,0.703949,-2.06976,-2.17473,0.104973,mid_major,,60.784314,59.804582,37.254902,0.215686,1.611111,23.267839,14.68108,11.470416,5.185256,6.80731,0.293602,2.335137,9.250814332247558,,,4.5602605863192185,3.778501628664495,2.3452768729641695,1.8241042345276872,0.13029315960912052,0.3636363636363636,0.4736842105263157,,alt_exact_name_team_season,step26_height_class_advanced_export,archetype_exact_name_team_season,0.0,0.6885490551,0.5236262539,0.4763737461,0.0,0.0,0.0,0.0851282943,0.2263226506,0.6885490551
8185,ncaa_direct,2023-24,2024,2024-25,2025,Trevor Smith,Grand Valley St.,,28,22.0,648.0,23.143,182,6.5,68,169.0,17,57.0,29,39.0,42,94,26,28,4,,5.0,trevorsmith,matched_prior_d1_experience,1,trevorsmith,1,1,Trevor Smith,Hampton,CAA,2025,78457,bt_pid:78457,30,11.8455,4.1212,-5.45717,72.0,/Users/adriankong/Desktop/TROP/trank_final_data_2025_with_pbp.csv,exact_name_team_season,1.0,2902.0,Medium,"Smith, Trevor",Hampton,Colonial Athletic Association,5174627.0,6-0,So,CG,30.0,0.2965,0.2942,92.2681,0.2337,-3.6708,-3.3866,4.0298,-7.416399999999999,exact_name_team_season,1.0,2826.0,Trevor Smith,Hampton,-1.82,-1.18,-3.0,588.0,-1.58,-0.75,-2.33,93.5,116.9,-23.4,-114.0,trevor smith,grand valley state,2024.0,78457,2025.0,0.126192,0.832292,-5.45717,-2.69967,-2.7575,-4.28304,-2.82547,-1.45757,mid_major,,45.989305,49.396535,22.459893,0.315508,3.517241,12.367793,24.559661,16.400835,2.452793,5.393237,0.678419,2.497589,11.234567901234568,,,2.5925925925925926,5.802469135802469,1.6049382716049383,1.728395061728395,0.24691358024691357,0.3050847457627119,0.7380952380952381,,alt_exact_name_team_season,step26_height_class_advanced_export,archetype_exact_name_team_season,0.0,1.0,0.6489491253,0.3510508747,0.0,0.0,0.0,0.0,0.0,1.0
8216,ncaa_direct,2023-24,2024,2024-25,2025,Matthew Van Komen,Hawaii Pacific,,23,12.0,523.0,22.739,160,6.957,69,102.0,0,1.0,22,38.0,167,4,28,4,51,,22.0,matthewvankomen,matched,1,matthewvankomen,1,0,Matthew Van Komen,Elon,CAA,2025,71578,bt_pid:71578,30,22.975,6.0312,4.13449,88.0,/Users/adriankong/Desktop/TROP/trank_final_data_2025_with_pbp.csv,exact_name_team_season,1.0,880.0,Medium,"Van Komen, Matthew",Elon,Colonial Athletic Association,4432858.0,7-4,Sr,C,30.0,0.5559,0.5609,117.174,0.1465,0.7626,-0.7988,-2.1445,1.3457,exact_name_team_season,1.0,971.0,Matthew Van Komen,Elon,-1.03,2.83,1.79,1142.0,-0.1,2.26,2.16,102.8,100.3,2.5,48.0,matthew van komen,hawaii pacific,2024.0,71578,2025.0,1.15867,2.29999,4.13449,-0.534267,4.66876,1.91824,0.0927939,1.82545,mid_major,,68.686869,68.268234,38.383838,0.010101,0.142857,19.482327,1.740349,15.952693,12.848984,26.025554,10.848906,0.484038,12.237093690248566,,,12.772466539196941,0.30592734225621415,2.141491395793499,0.30592734225621415,3.9005736137667304,0.0,0.5789473684210527,,alt_exact_name_team_season,step26_height_class_advanced_export,archetype_exact_name_team_season,0.0,0.9923853186,1.0,0.0,0.0,0.0076146814,0.0,0.9923853186,0.0,0.0
8217,ncaa_direct,2023-24,2024,2024-25,2025,Melo Sanchez,Hawaii Pacific,,24,24.0,810.0,33.75,360,15.0,111,304.0,60,174.0,78,97.0,113,36,37,23,8,,1.0,melosanchez,matched,1,melosanchez,1,0,Melo Sanchez,Arkansas,SEC,2025,128310,bt_pid:128310,2,1.55,0.0,-12.268,76.0,/Users/adriankong/Desktop/TROP/trank_final_data_2025_with_pbp.csv,unmatched,,,,,,,,,,,,,,,,,,,,unmatched,,,,,,,,,,,,,,,,melo sanchez,hawaii pacific,2024.0,128310,2025.0,,,,,,,,,power_4,,46.121884,51.561436,31.578947,0.584488,1.065217,10.062123,10.603515,25.524862,1.846627,14.597231,1.00233,1.5826,17.77777777777778,,,5.580246913580247,1.7777777777777777,1.8271604938271604,1.1358024691358024,0.3950617283950617,0.3459715639810427,0.7982456140350878,,alt_exact_name_team_season,step26_height_class_advanced_export,archetype_exact_name_team_season,0.0,0.4972232599,0.9915497792,0.0084502208,0.4972232599,0.1376877621,0.1107913467,0.0,0.2542976313,0.0
8235,ncaa_direct,2023-24,2024,2024-25,2025,Jayden Johnson,Ill. Springfield,,31,6.0,539.0,17.387,224,7.226,74,174.0,55,121.0,21,25.0,41,8,13,4,1,,24.0,jaydenjohnson,matched,1,jaydenjohnson,1,0,Jayden Johnson,South Carolina St.,MEAC,2025,127826,bt_pid:127826,29,15.8813,4.875,-1.7442,73.0,/Users/adriankong/Desktop/TROP/trank_final_data_2025_with_pbp.csv,exact_name_team_season,1.0,1361.0,Low,"Johnson, Jayden",South Carolina St.,Mid-Eastern Athletic Conference,5243405.0,6-1,Fr,s-PG,29.0,0.3855,0.3842,99.4719,0.2002,-2.3806,-2.0644,-2.1051,0.0407000000000001,exact_name_team_season,1.0,1588.0,Jayden Johnson,South Carolina State,-0.92,1.28,0.37,834.0,-0.51,0.04,-0.47,100.1,94.9,5.2,111.0,jayden johnson,ill springfield,2024.0,127826,2025.0,0.113192,1.50539,-1.7442,-2.46871,0.724512,-1.68403,-2.56577,0.881737,mid_major,,58.333333,60.540541,14.367816,0.695402,0.615385,6.565657,2.472516,19.523225,1.164858,7.61158,0.194717,0.422324,16.623376623376622,,,3.0426716141001857,0.5936920222634509,0.9647495361781077,0.29684601113172543,0.07421150278293136,0.4545454545454545,0.84,,alt_exact_name_team_season,website_priority_advanced_export,archetype_unique_name_season,0.0,0.5472903964,0.9658794488,0.0341205512,0.0,0.0,0.5472903964,0.0,0.4527096036,0.0
8253,ncaa_direct,2023-24,2024,2024-25,2025,Ahmed Barba-Bey,Jefferson,,32,32.0,1077.0,33.656,443,13.844,168,375.0,56,174.0,51,69.0,166,133,61,35,10,,12.0,ahmedbarbabey,matched,1,ahmedbarbabey,1,0,Ahmed Barba-Bey,Fairleigh Dickinson,NEC,2025,128349,bt_pid:128349,30,24.7667,7.9091,-3.80435,75.0,/Users/adriankong/Desktop/TROP/trank_final_data_2025_with_pbp.csv,exact_name_team_season,1.0,2529.0,Low,"Barba-Bey, Ahmed",FDU,Northeast Conference,5241775.0,6-3,Sr,WG,31.0,0.6221,0.6221,96.9031,0.172,-2.3712,-1.9135,1.4191,-3.3326,exact_name_team_season,1.0,2369.0,Ahmed Barba-Bey,Fairleigh Dickinson,-0.22,-1.13,-1.35,1315.0,-0.36,-1.11,-1.47,97.6,108.8,-11.2,-71.0,ahmed barba bey,jefferson,2024.0,128349,2025.0,0.244149,1.55204,-3.80435,-2.48158,-1.32278,-2.56054,-1.09188,-1.46867,mid_major,,52.266667,54.642787,18.4,0.464,2.163934,13.080024,19.565963,21.914687,4.241365,13.477522,0.904365,1.780128,16.453110492107708,,,6.165273909006499,4.939647168059424,2.265552460538533,1.2999071494893222,0.3714020427112349,0.3218390804597701,0.7391304347826086,,alt_exact_name_team_season,step26_height_class_advanced_export,archetype_exact_name_team_season,0.0,0.410913501,0.7499053449,0.2500946551,0.410913501,0.2697175644,0.0,0.0,0.0328397857,0.2865291488
8256,ncaa_direct,2023-24,2024,2024-25,2025,Bismark Nsiah,Jefferson,,32,25.0,867.0,27.094,368,11.5,141,224.0,16,47.0,70,98.0,201,82,54,47,46,,35.0,bismarknsiah,matched,1,bismarknsiah,1,0,Bismark Nsiah,Fairleigh Dickinson,NEC,2025,127620,bt_pid:127620,30,27.0364,8.303,1.65148,78.0,/Users/adriankong/Desktop/TROP/trank_final_data_2025_with_pbp.csv,exact_name_team_season,1.0,1510.0,Low,"Nsiah, Bismark",FDU,Northeast Conference,5241774.0,6-6,Sr,S-PF,31.0,0.6737,0.6746,111.8579,0.1899,0.3394,1.1781,1.4967,-0.3186,exact_name_team_season,1.0,814.0,Bismark Nsiah,Fairleigh Dickinson,1.17,1.02,2.18,1428.0,1.13,0.7,1.84,100.3,107.2,-7.0,-6.0,bismark nsiah,jefferson,2024.0,127620,2025.0,1.21358,2.29941,1.65148,-0.979003,2.63048,0.867223,-0.571688,1.43891,mid_major,,66.517857,68.882899,43.75,0.209821,1.518519,16.816143,15.296214,18.779485,6.134437,20.543753,5.177309,2.974976,16.978085351787772,,,9.273356401384083,3.7831603229527104,2.491349480968858,2.1683967704728953,2.1222606689734715,0.3404255319148936,0.7142857142857143,,alt_exact_name_team_season,step26_height_class_advanced_export,archetype_exact_name_team_season,0.0,0.3570239393,0.9821048185,0.0178951815,0.0782934916,0.2196143015,0.0,0.3450682676,0.0,0.3570239393
8257,ncaa_direct,2023-24,2024,2024-25,2025,Erik Timko,Jefferson,,32,31.0,1153.0,36.031,628,19.625,214,396.0,90,206.0,110,125.0,135,99,72,45,8,,20.0,eriktimko,matched,1,eriktimko,1,0,Erik Timko,Delaware,CAA,2025,128348,bt_pid:128348,33,29.64,11.3429,-0.218108,76.0,/Users/adriankong/Desktop/TROP/trank_final_data_2025_with_pbp.csv,exact_name_team_season,1.0,1856.0,Medium,"Timko, Erik",Delaware,Colonial Athletic Association,5239621.0,6-4,Sr,WG,33.0,0.7322,0.713,119.1424,0.1671,1.6389,1.5783,2.8791,-1.3008000000000002,exact_name_team_season,1.0,1198.0,Erik Timko,Delaware,2.9,-1.68,1.22,1739.0,2.17,-0.72,1.45,109.4,113.1,-3.7,13.0,erik timko,jefferson,2024.0,128348,2025.0,2.57144,1.49346,-0.218108,2.27774,-2.49585,-0.203869,1.93327,-2.13714,mid_major,,65.40404,69.62306,31.565657,0.520202,1.347222,13.76673,14.115005,22.97901,2.143629,11.233985,0.676472,2.139988,21.78664353859497,,,4.683434518647008,3.4345186470078057,2.4978317432784043,1.5611448395490026,0.2775368603642671,0.4368932038834951,0.88,,alt_exact_name_team_season,step26_height_class_advanced_export,archetype_exact_name_team_season,0.0,0.4861764867,0.9574480748,0.0425519252,0.4861764867,0.0835480923,0.0,0.0,0.2996881493,0.1305872717
8259,ncaa_direct,2023-24,2024,2024-25,2025,Hakim Byrd,Jefferson,,26,26.0,838.0,32.231,322,12.385,114,224.0,61,132.0,33,43.0,58,93,37,34,1,,3.0,hakimbyrd,matched,1,hakimbyrd,1,0,Hakim Byrd,Utah Tech,WAC,2025,72288,bt_pid:72288,31,31.8187,9.625,-4.78656,70.0,/Users/adriankong/Desktop/TROP/trank_final_data_2025_with_pbp.csv,exact_name_team_season,1.0,2694.0,Low,"Byrd, Hakim",Utah Tech,Western Athletic Conference,4590396.0,5-10,Sr,s-PG,31.0,0.7941,0.7985,98.4203,0.1884,-1.4819,-2.2355,1.9882,-4.2237,exact_name_team_season,1.0,2704.0,Hakim Byrd,Utah Tech,-0.39,-2.02,-2.41,1710.0,0.14,-1.32,-1.18,97.5,112.9,-15.4,-207.0,hakim byrd,jefferson,2024.0,72288,2025.0,0.739926,1.45128,-4.78656,-1.3276,-3.45896,-3.68807,-1.13112,-2.55695,mid_major,,64.705882,66.212702,16.911765,0.588235,2.627907,12.826632,16.7859,16.343984,2.140743,6.612083,0.093828,2.110723,15.369928400954654,,,2.768496420047733,4.4391408114558475,1.766109785202864,1.6229116945107398,0.0477326968973747,0.4625,0.7608695652173914,,alt_exact_name_team_season,step26_height_class_advanced_export,archetype_exact_name_team_season,0.0,0.5865684178,0.6213117159,0.3786882841,0.1999367631,0.0,0.0,0.0,0.2134948191,0.5865684178
8352,ncaa_direct,2023-24,2024,2024-25,2025,Matthew Spears,LeMoyne-Owen,,10,4.0,195.0,19.5,87,8.7,30,72.0,15,38.0,12,13.0,35,5,14,4,5,,11.0,matthewspears,matched,1,matthewspears,1,0,Matthew Spears,Arkansas Pine Bluff,SWAC,2025,127673,bt_pid:127673,2,2.65,0.0,-29.0582,80.0,/Users/adriankong/Desktop/TROP/trank_final_data_2025_with_pbp.csv,unmatched,,,,,,,,,,,,,,,,,,,,unmatched,,,,,,,,,,,,,,,,matthew spears,lemoyne owen,2024.0,127673,2025.0,,,,,,,,,mid_major,,47.854077,51.816488,24.034335,0.519313,0.309524,14.01682,4.145883,22.074531,4.507559,15.025142,2.209887,1.508803,17.846153846153847,,,7.17948717948718,1.0256410256410255,2.871794871794872,0.8205128205128205,1.0256410256410255,0.371900826446281,0.7857142857142857,,alt_exact_name_team_season,website_priority_advanced_export,archetype_unique_name_season,0.0,0.3074998388,1.0,0.0,0.1899541998,0.1428435528,0.3074998388,0.1408299512,0.2188724573,0.0
8370,ncaa_direct,2023-24,2024,2024-25,2025,Jaylin Stewart,Lees-McRae,,27,18.0,523.0,19.37,313,11.593,130,215.0,5,21.0,48,89.0,62,57,43,37,4,,,jaylinstewart,matched_prior_d1_experience,1,jaylinstewart,1,1,Jaylin Stewart,Connecticut,BE,2025,79182,bt_pid:79182,35,17.8171,5.3714,2.63224,79.0,/Users/adriankong/Desktop/TROP/trank_final_data_2025_with_pbp.csv,exact_name_team_season,1.0,382.0,High,"Stewart, Jaylin",UConn,Big East Conference,4685647.0,6-7,So,S-PF,35.0,0.4362,0.4402,122.0124,0.1446,2.4619,2.3653,-1.1657,3.5309999999999997,exact_name_team_season,1.0,677.0,Jaylin Stewart,Connecticut,2.42,0.22,2.64,1006.0,2.5,-0.03,2.47,119.8,98.9,20.9,121.0,jaylin stewart,lees mcrae,2024.0,79182,2025.0,1.70107,1.69778,2.63224,2.85323,-0.220988,2.23404,1.92224,0.311799,mid_major,,61.603376,61.36298,38.396624,0.101266,1.282609,14.239723,18.725835,25.800958,4.484914,7.604978,0.545202,3.540712,23.938814531548758,,,4.741873804971319,4.359464627151052,3.288718929254302,2.829827915869981,0.30592734225621415,0.25,0.527,,alt_exact_name_team_season,step26_height_class_advanced_export,archetype_exact_name_team_season,0.0,0.4701135261,0.8714556189,0.1285443811,0.2587768462,0.2141368977,0.0,0.0238436307,0.0331290993,0.4701135261
8385,ncaa_direct,2023-24,2024,2024-25,2025,Jalen Miller,Lenoir-Rhyne,,20,0.0,215.0,10.75,69,3.45,19,58.0,12,38.0,19,24.0,31,12,11,9,2,,1.0,jalenmiller,matched_prior_d1_experience,1,jalenmiller,1,1,Jalen Miller,Oral Roberts,Sum,2025,75373,bt_pid:75373,26,30.6433,9.2667,-1.87241,74.0,/Users/adriankong/Desktop/TROP/trank_final_data_2025_with_pbp.csv,exact_name_team_season,1.0,2646.0,Low,"Miller, Jalen",Oral Roberts,Summit League,4708076.0,6-2,Sr,CG,26.0,0.766,0.7638,113.1264,0.1599,0.2691,-0.8913,3.0435,-3.9348,exact_name_team_season,1.0,2378.0,Jalen Miller,Oral Roberts,0.09,-1.47,-1.38,1366.0,0.79,-0.67,0.11,100.1,116.3,-16.2,-212.0,jalen miller,lenoir rhyne,2024.0,75373,2025.0,1.45518,1.05672,-1.87241,0.607322,-2.47973,-3.0625,-0.642993,-2.4195,mid_major,,44.444444,51.779076,44.444444,0.650794,1.071429,15.673981,9.098018,17.112917,5.295746,12.017684,0.871694,2.15495,12.837209302325581,,,5.767441860465116,2.2325581395348837,2.046511627906977,1.6744186046511629,0.37209302325581395,0.3414634146341463,0.7857142857142857,,alt_exact_name_team_season,step26_height_class_advanced_export,archetype_exact_name_team_season,0.0,0.5162239566,0.5252503682,0.4747496318,0.0409664513,0.4368841269,0.5162239566,0.0059254652,0.0,0.0
8436,ncaa_direct,2023-24,2024,2024-25,2025,Matthew Sells,Lincoln Memorial,,26,16.0,626.0,24.077,219,8.423,73,172.0,48,131.0,25,34.0,59,36,22,9,1,,4.0,matthewsells,matched,1,matthewsells,1,0,Matthew Sells,Tennessee Tech,OVC,2025,128341,bt_pid:128341,29,19.3032,5.7742,-3.02156,75.0,/Users/adriankong/Desktop/TROP/trank_final_data_2025_with_pbp.csv,exact_name_team_season,1.0,1792.0,Low,"Sells, Matthew",Tennessee Tech,Ohio Valley Conference,5242995.0,6-3,Sr,CG,29.0,0.484,0.4678,121.2796,0.132,0.8639,0.4187,1.5297,-1.111,exact_name_team_season,1.0,2062.0,Matthew Sells,Tennessee Tech,1.31,-1.91,-0.6,990.0,1.94,-2.22,-0.28,100.0,110.2,-10.2,14.0,matthew sells,lincoln memorial,2024.0,128341,2025.0,1.11089,0.90121,-3.02156,0.146844,-3.16841,-1.7732,0.10074,-1.87394,mid_major,,56.701031,59.186946,21.134021,0.768041,1.482759,12.031198,8.868115,15.845628,0.663276,8.664881,0.141438,1.023608,13.993610223642172,,,3.769968051118211,2.3003194888178915,1.4057507987220448,0.5750798722044729,0.06389776357827476,0.3758389261744966,0.7560975609756098,,alt_exact_name_team_season,step26_height_class_advanced_export,archetype_exact_name_team_season,0.0,0.6998979442,0.7077688611,0.2922311389,0.2234676717,0.0,0.0766343841,0.0,0.6998979442,0.0
8437,ncaa_direct,2023-24,2024,2024-25,2025,Me'Kell Burries,Lincoln Memorial,,30,21.0,810.0,27.0,447,14.9,164,337.0,75,178.0,44,57.0,92,56,60,19,17,,24.0,mekellburries,matched,1,mekellburries,1,0,Me'Kell Burries,Austin Peay,ASun,2025,127349,bt_pid:127349,17,6.7526,2.2105,-5.63215,75.0,/Users/adriankong/Desktop/TROP/trank_final_data_2025_with_pbp.csv,unmatched,,,,,,,,,,,,,,,,,,,,unmatched,,,,,,,,,,,,,,,,me kell burries,lincoln memorial,2024.0,127349,2025.0,0.205239,0.388883,-5.63215,-0.878141,-4.75401,-5.58602,-0.973784,-4.61224,mid_major,,59.792285,61.72669,16.913947,0.52819,0.933333,14.215315,12.770842,26.106727,1.560169,10.44561,2.262308,1.307064,22.074074074074073,,,4.54320987654321,2.765432098765432,2.962962962962963,0.9382716049382716,0.8395061728395061,0.4213483146067415,0.7719298245614035,,alt_exact_name_team_season,step26_height_class_advanced_export,archetype_exact_name_team_season,0.0,0.5447077092,1.0,0.0,0.5447077092,0.0,0.1861668316,0.0555041891,0.2136212701,0.0
8465,ncaa_direct,2023-24,2024,2024-25,2025,Justice Shoats,Lock Haven,,23,23.0,855.0,37.174,499,21.696,183,375.0,6,25.0,127,175.0,99,117,75,49,23,,4.0,justiceshoats,matched,1,justiceshoats,1,0,Justice Shoats,Siena,MAAC,2025,128157,bt_pid:128157,32,36.2969,16.0938,-4.21452,71.0,/Users/adriankong/Desktop/TROP/trank_final_data_2025_with_pbp.csv,exact_name_team_season,1.0,2351.0,Low,"Shoats, Justice",Siena,Metro Atlantic Athletic Conference,5242922.0,5-11,Jr,s-PG,32.0,0.8951,0.8926,100.6929,0.2891,-1.9252,-0.99,1.6562,-2.6462,exact_name_team_season,1.0,1655.0,Justice Shoats,Siena,0.23,-0.01,0.23,1952.0,-0.26,0.49,0.23,103.3,107.9,-4.7,26.0,justice shoats,lock haven,2024.0,128157,2025.0,1.59533,2.5482,-4.21452,-2.49606,-1.71846,-2.96359,-1.40854,-1.55506,mid_major,,49.673203,54.688653,41.176471,0.08061,1.511111,14.236902,24.919993,28.717236,2.72196,9.457004,2.374476,3.039027,23.34502923976608,,,4.631578947368421,5.473684210526316,3.508771929824561,2.2923976608187133,1.0760233918128654,0.216,0.725,,alt_exact_name_team_season,step26_height_class_advanced_export,archetype_exact_name_team_season,0.0,0.5393264983,1.0,0.0,0.203344801,0.2573287007,0.0,0.0,0.0,0.5393264983
8482,ncaa_direct,2023-24,2024,2024-25,2025,Nordin Kapic,Lynn,,28,28.0,874.0,31.214,530,18.929,177,354.0,38,93.0,138,182.0,257,58,66,29,26,,24.0,nordinkapic,matched,1,nordinkapic,1,0,Nordin Kapic,UC San Diego,BW,2025,127042,bt_pid:127042,32,25.0324,10.7059,1.04569,80.0,/Users/adriankong/Desktop/TROP/trank_final_data_2025_with_pbp.csv,exact_name_team_season,1.0,522.0,Medium,"Kapic, Nordin",UC San Diego,Big West Conference,5112189.0,6-8,Jr,S-PF,32.0,0.6352,0.6273,104.2574,0.233,-0.3337,0.1038,-2.7052,2.809,exact_name_team_season,1.0,695.0,Nordin Kapic,UC San Diego,0.69,1.89,2.58,1406.0,0.63,0.28,0.92,111.9,90.7,21.2,340.0,nordin kapic,lynn,2024.0,127042,2025.0,1.60798,3.18418,1.04569,-0.199375,1.24507,0.392911,0.0120473,0.380864,mid_major,,55.685131,61.454099,53.061224,0.268222,0.919355,12.781397,11.762523,26.19229,10.301503,19.627666,2.647076,1.77156,24.25629290617849,,,11.762013729977117,2.654462242562929,3.0205949656750573,1.3272311212814645,1.1899313501144164,0.4130434782608695,0.7582417582417582,,alt_exact_name_team_season,step26_height_class_advanced_export,archetype_exact_name_team_season,0.0,0.7191747207,1.0,0.0,0.09273232,0.7191747207,0.0056744933,0.0712794322,0.1111390337,0.0
8484,ncaa_direct,2023-24,2024,2024-25,2025,Rickey Ballard,Lynn,,13,13.0,349.0,26.846,79,6.077,30,61.0,3,16.0,16,24.0,55,21,24,11,4,,1.0,rickeyballard,matched,1,rickeyballard,1,0,Rickey Ballard,West Georgia,ASun,2025,128418,bt_pid:128418,30,23.0452,6.4194,-2.62717,79.0,/Users/adriankong/Desktop/TROP/trank_final_data_2025_with_pbp.csv,unique_name_season,0.7368,2721.0,Low,"Ballard, Rickey",West Ga.,ASUN Conference,5112181.0,6-7,Jr,WF,30.0,0.5872,0.5841,93.3177,0.155,-2.9516,-2.3,2.116,-4.416,exact_name_team_season,1.0,2406.0,Rickey Ballard,West Georgia,-0.57,-0.89,-1.46,1206.0,-0.56,0.29,-0.27,97.1,115.1,-18.0,-169.0,rickey ballard,lynn,2024.0,128418,2025.0,-0.120146,1.31378,-2.62717,-1.82428,-0.802889,-4.06814,-3.06891,-0.99923,mid_major,,57.04698,61.988171,40.939597,0.362416,0.980769,22.823034,9.917789,13.708858,4.726731,10.600329,1.247949,1.361442,9.054441260744985,,,6.303724928366762,2.4068767908309456,2.7507163323782233,1.2607449856733524,0.4584527220630373,0.3703703703703703,0.7868852459016393,,alt_exact_name_team_season,step26_height_class_advanced_export,archetype_exact_name_team_season,0.0,0.5558849632,0.7375381899,0.2624618101,0.0,0.0393674255,0.0,0.1333708845,0.5558849632,0.2713767268
8486,ncaa_direct,2023-24,2024,2024-25,2025,Brayden Maldonado,MSU Denver,,29,29.0,944.0,32.552,486,16.759,151,337.0,54,157.0,130,146.0,118,77,64,49,14,,,braydenmaldonado,matched,1,braydenmaldonado,1,0,Brayden Maldonado,Seattle,WAC,2025,127507,bt_pid:127507,30,23.2094,9.0,4.43692,72.0,/Users/adriankong/Desktop/TROP/trank_final_data_2025_with_pbp.csv,unique_name_season,0.875,878.0,Low,"Maldonado, Brayden",Seattle U,Western Athletic Conference,5241342.0,6-0,Jr,s-PG,30.0,0.5767,0.5796,112.7624,0.1773,1.1198,-0.2684,-1.617,1.3486,exact_name_team_season,1.0,881.0,Brayden Maldonado,Seattle,1.08,0.92,2.0,1182.0,2.22,0.64,2.86,98.2,99.7,-1.4,26.0,brayden maldonado,msu denver,2024.0,127507,2025.0,1.79204,2.38074,4.43692,2.64931,1.78762,4.61627,1.7433,2.87297,mid_major,,52.818991,60.620394,43.620178,0.465875,1.203125,13.743343,14.877331,24.517721,1.542871,12.805211,1.578398,2.844208,20.593220338983052,,,5.0,3.26271186440678,2.711864406779661,2.0762711864406778,0.5932203389830508,0.3439490445859872,0.891156462585034,,alt_exact_name_team_season,website_priority_advanced_export,archetype_unique_name_season,0.0,0.5052579625,0.9885811022,0.0114188978,0.5052579625,0.1843376757,0.0,0.0,0.1693015493,0.1411028126
8499,ncaa_direct,2023-24,2024,2024-25,2025,Ja'Kair Sanchez,MSU Moorhead,,29,13.0,763.0,26.31,352,12.138,110,266.0,24,59.0,108,138.0,127,51,54,14,2,,1.0,jakairsanchez,matched,1,jakairsanchez,1,0,Ja'Kair Sanchez,Wagner,NEC,2025,127604,bt_pid:127604,26,18.9931,8.7586,-4.14152,76.0,/Users/adriankong/Desktop/TROP/trank_final_data_2025_with_pbp.csv,exact_name_team_season,1.0,2418.0,Low,"Sanchez, Ja'Kair",Wagner,Northeast Conference,5242413.0,6-4,Sr,WF,26.0,0.443,0.4463,107.2163,0.2611,-0.4235,-0.3823,2.5045,-2.8868,exact_name_team_season,1.0,2333.0,Ja'Kair Sanchez,Wagner,0.13,-1.37,-1.24,718.0,0.69,-1.17,-0.48,93.9,109.9,-16.0,-61.0,ja kair sanchez,msu moorhead,2024.0,127604,2025.0,1.04657,1.18391,-4.14152,-2.01876,-2.12275,-1.49226,-0.553578,-0.938683,mid_major,,46.701389,54.807259,52.777778,0.222222,0.896552,14.047665,11.526793,24.508833,3.272645,14.670573,0.220839,1.080263,18.453473132372213,,,6.657929226736567,2.673656618610747,2.8309305373525557,0.7339449541284404,0.10484927916120576,0.421875,0.7894736842105263,,alt_exact_name_team_season,website_priority_advanced_export,archetype_unique_name_season,0.0,0.4722154791,0.9770553095,0.0229446905,0.0,0.4722154791,0.0,0.0,0.4191705909,0.10861393
8518,ncaa_direct,2023-24,2024,2024-25,2025,Caleb Zurliene,McKendree,,27,27.0,828.0,30.667,363,13.444,134,254.0,30,91.0,65,78.0,176,60,63,21,72,,3.0,calebzurliene,matched,1,calebzurliene,1,0,Caleb Zurliene,Campbell,CAA,2025,127621,bt_pid:127621,30,21.0531,7.4062,1.71181,80.0,/Users/adriankong/Desktop/TROP/trank_final_data_2025_with_pbp.csv,exact_name_team_season,1.0,1232.0,Medium,"Zurliene, Caleb",Campbell,Colonial Athletic Association,4708340.0,6-8,Sr,S-PF,30.0,0.5376,0.5443,108.6861,0.1887,-0.163,1.3679,0.9608,0.4070999999999999,exact_name_team_season,1.0,820.0,Caleb Zurliene,Campbell,1.0,1.16,2.16,1080.0,0.37,1.17,1.54,106.0,105.5,0.4,25.0,caleb zurliene,mckendree,2024.0,127621,2025.0,1.06923,2.09494,1.71181,-1.13772,2.84953,0.504925,-1.13092,1.63584,mid_major,,58.867925,63.418996,31.698113,0.350943,0.941176,18.380365,13.645693,22.820254,2.395057,20.900976,9.285081,1.457483,17.536231884057973,,,8.502415458937199,2.898550724637681,3.0434782608695654,1.0144927536231885,3.4782608695652173,0.3225806451612903,0.8452380952380952,,alt_exact_name_team_season,step26_height_class_advanced_export,archetype_exact_name_team_season,0.0,0.5239550022,1.0,0.0,0.4668348725,0.0,0.0,0.5239550022,0.0,0.0092101253
8526,ncaa_direct,2023-24,2024,2024-25,2025,Milos Vicentic,McKendree,,28,28.0,940.0,33.571,603,21.536,233,437.0,56,136.0,81,102.0,141,24,71,15,14,,31.0,milosvicentic,matched,1,milosvicentic,1,0,Milos Vicentic,UC San Diego,BW,2025,127055,bt_pid:127055,1,19.6,3.0,-19.0577,79.0,/Users/adriankong/Desktop/TROP/trank_final_data_2025_with_pbp.csv,unmatched,,,,,,,,,,,,,,,,,,,,unmatched,,,,,,,,,,,,,,,,milos vicentic,mckendree,2024.0,127055,2025.0,,,,,,,,,mid_major,,59.7254,62.567444,23.340961,0.311213,0.338028,12.841846,5.652615,31.636266,4.443596,12.810583,1.586678,0.921851,25.659574468085108,,,6.0,1.0212765957446808,3.021276595744681,0.6382978723404256,0.5957446808510638,0.4117647058823529,0.7941176470588235,,alt_exact_name_team_season,step26_height_class_advanced_export,archetype_exact_name_team_season,0.0,0.3618288074,1.0,0.0,0.2455245605,0.3165740071,0.076072625,0.0,0.3618288074,0.0
8528,ncaa_direct,2023-24,2024,2024-25,2025,Aidan Reichert,Mercyhurst,,30,30.0,852.0,28.4,360,12.0,139,291.0,8,40.0,74,99.0,197,44,36,40,10,,32.0,aidanreichert,matched,1,aidanreichert,1,0,Aidan Reichert,Mercyhurst,NEC,2025,128346,bt_pid:128346,28,29.5645,13.7419,-1.0578,76.0,/Users/adriankong/Desktop/TROP/trank_final_data_2025_with_pbp.csv,exact_name_team_season,1.0,2149.0,Low,"Reichert, Aidan",Mercyhurst,Northeast Conference,5243385.0,6-4,Sr,WG,29.0,0.7499,0.7487,109.6054,0.2606,0.4214,0.4533,2.4888,-2.0355,exact_name_team_season,1.0,1993.0,Aidan Reichert,Mercyhurst,0.73,-1.16,-0.44,1378.0,1.11,-1.19,-0.08,99.3,114.1,-14.8,-82.0,aidan reichert,mercyhurst,2024.0,128346,2025.0,2.40432,1.50354,-1.0578,1.08564,-2.14343,-1.40398,1.19766,-2.60164,mid_major,,49.0,53.802216,35.333333,0.136667,1.222222,9.408321,11.18068,24.420067,10.305066,20.750805,1.538191,3.044134,16.901408450704224,,,9.248826291079812,2.0657276995305165,1.6901408450704225,1.8779342723004695,0.4694835680751174,0.195,0.745,,alt_exact_name_team_season,step26_height_class_advanced_export,archetype_exact_name_team_season,0.0,1.0,0.849104544,0.150895456,0.0,1.0,0.0,0.0,0.0,0.0
8530,ncaa_direct,2023-24,2024,2024-25,2025,Christian Gamble,Mercyhurst,,30,25.0,885.0,29.5,134,4.467,47,114.0,19,51.0,21,28.0,63,62,40,21,2,,10.0,christiangamble,matched,1,christiangamble,1,0,Christian Gamble,Mercyhurst,NEC,2025,127989,bt_pid:127989,25,11.5571,1.7143,-10.5348,73.0,/Users/adriankong/Desktop/TROP/trank_final_data_2025_with_pbp.csv,unmatched,,,,,,,,,,,,,,,,,,,,unmatched,,,,,,,,,,,,,,,,christian gamble,mercyhurst,2024.0,127989,2025.0,-1.04261,0.342831,-10.5348,-6.93102,-3.60381,-10.8513,-7.31945,-3.53185,mid_major,,49.561404,53.459119,26.315789,0.447368,1.55,23.923445,12.523229,10.561564,1.049966,8.779851,0.304492,1.541535,6.056497175141243,,,2.847457627118644,2.8022598870056497,1.807909604519774,0.9491525423728814,0.0903954802259887,0.373,0.767,,alt_exact_name_team_season,step26_height_class_advanced_export,archetype_exact_name_team_season,0.0,0.5569250097,0.6571309762,0.3428690238,0.0,0.0,0.0,0.0,0.5569250097,0.4430749903
8532,ncaa_direct,2023-24,2024,2024-25,2025,James Thomas,Mercyhurst,,18,0.0,135.0,7.5,34,1.889,15,23.0,0,1.0,4,10.0,33,2,5,2,4,,34.0,jamesthomas,matched,1,jamesthomas,1,0,James Thomas,Mercyhurst,NEC,2025,127392,bt_pid:127392,21,8.2958,1.1667,-7.52099,78.0,/Users/adriankong/Desktop/TROP/trank_final_data_2025_with_pbp.csv,unmatched,,,,,,,,,,,,,,,,,,,,unmatched,,,,,,,,,,,,,,,,james thomas,mercyhurst,2024.0,127392,2025.0,-0.295277,0.512219,-7.52099,-5.84258,-1.67841,-9.13097,-7.69358,-1.43739,mid_major,,66.666667,63.18306,50.0,0.041667,0.4,14.585764,2.660707,12.875192,18.72913,13.983354,3.620984,1.249893,10.074074074074074,,,9.777777777777779,0.5925925925925926,1.4814814814814814,0.5925925925925926,1.1851851851851851,0.0,0.417,,alt_exact_name_team_season,step26_height_class_advanced_export,archetype_exact_name_team_season,0.0,0.8930240974,0.7678885435,0.2321114565,0.0,0.0,0.0,0.8930240974,0.1069759026,0.0
8533,ncaa_direct,2023-24,2024,2024-25,2025,Jeff Planutis,Mercyhurst,,30,30.0,1091.0,36.367,530,17.667,180,411.0,64,169.0,106,120.0,111,73,47,48,10,,31.0,jeffplanutis,matched,1,jeffplanutis,1,0,Jeff Planutis,Mercyhurst,NEC,2025,127972,bt_pid:127972,28,33.4548,15.5484,-1.20789,78.0,/Users/adriankong/Desktop/TROP/trank_final_data_2025_with_pbp.csv,exact_name_team_season,1.0,2865.0,Low,"Planutis, Jeff",Mercyhurst,Northeast Conference,4709436.0,6-6,Sr,CG,29.0,0.8575,0.8558,109.4709,0.2225,0.131,-1.3975,4.6999,-6.0974,exact_name_team_season,1.0,2308.0,Jeff Planutis,Mercyhurst,1.09,-2.28,-1.19,1558.0,1.6,-1.36,0.24,96.9,117.1,-20.2,-188.0,jeff planutis,mercyhurst,2024.0,127972,2025.0,2.35667,1.50601,-1.20789,1.37372,-2.58162,0.284294,2.16186,-1.87757,mid_major,,51.187648,56.617276,29.216152,0.410926,1.583333,9.175715,15.176931,26.197085,4.518774,9.819422,1.327694,2.666439,19.431714023831347,,,4.069660861594867,2.676443629697525,1.7231897341888176,1.759853345554537,0.36663611365719523,0.376,0.87,,alt_exact_name_team_season,step26_height_class_advanced_export,archetype_exact_name_team_season,0.0,0.5619574471,0.9090270651,0.0909729349,0.5619574471,0.1901921631,0.0,0.0,0.1282890948,0.119561295
8536,ncaa_direct,2023-24,2024,2024-25,2025,Max Jusianiec,Mercyhurst,,17,14.0,353.0,20.765,94,5.529,32,82.0,18,50.0,12,15.0,60,34,32,7,8,,21.0,maxjusianiec,matched,1,maxjusianiec,1,0,Max Jusianiec,Mercyhurst,NEC,2025,127138,bt_pid:127138,27,22.1759,4.9655,-4.01505,79.0,/Users/adriankong/Desktop/TROP/trank_final_data_2025_with_pbp.csv,exact_name_team_season,1.0,2756.0,Low,"Jusianiec, Max",Mercyhurst,Northeast Conference,5243383.0,6-7,Jr,WF,28.0,0.5329,0.5338,90.7757,0.1559,-3.2613,-3.7044,0.9871,-4.6915,exact_name_team_season,1.0,2925.0,Max Jusianiec,Mercyhurst,-2.36,-1.37,-3.73,964.0,-1.1,-1.31,-2.41,93.4,112.4,-19.0,-99.0,max jusianiec,mercyhurst,2024.0,127138,2025.0,-0.182644,1.02466,-4.01505,-2.45044,-1.56462,-5.62262,-3.72595,-1.89667,mid_major,,51.685393,54.458469,23.595506,0.595506,1.1875,24.570025,20.524565,20.166223,2.94141,21.905957,2.985547,1.545829,10.65155807365439,,,6.798866855524079,3.8526912181303117,3.6260623229461757,0.7932011331444759,0.9065155807365439,0.377,0.714,,alt_exact_name_team_season,step26_height_class_advanced_export,archetype_exact_name_team_season,0.0,0.2753779488,0.8999014974,0.1000985026,0.2277410831,0.1881740742,0.2753779488,0.0963380626,0.0,0.2123688313
8538,ncaa_direct,2023-24,2024,2024-25,2025,Sean Lang,Mercyhurst,,23,4.0,362.0,15.739,45,1.957,16,43.0,5,20.0,8,11.0,57,39,21,20,0,,1.0,seanlang,matched,1,seanlang,1,0,Sean Lang,Mercyhurst,NEC,2025,128024,bt_pid:128024,20,9.6348,0.3913,-6.36697,75.0,/Users/adriankong/Desktop/TROP/trank_final_data_2025_with_pbp.csv,unmatched,,,,,,,,,,,,,,,,,,,,unmatched,,,,,,,,,,,,,,,,sean lang,mercyhurst,2024.0,128024,2025.0,-0.656188,0.304811,-6.36697,-4.40612,-1.96085,-9.76232,-7.12239,-2.63993,mid_major,,40.740741,44.373744,24.074074,0.444444,1.68,29.508971,16.462841,10.582799,5.932394,13.951931,0.0,2.771299,4.972375690607735,,,6.298342541436464,4.30939226519337,2.320441988950276,2.2099447513812156,0.0,0.25,0.692,,alt_exact_name_team_season,step26_height_class_advanced_export,archetype_exact_name_team_season,0.0,0.7506884861,0.2690412266,0.7309587734,0.0,0.2493115139,0.0,0.0,0.0,0.7506884861
8541,ncaa_direct,2023-24,2024,2024-25,2025,Dan Gherezgher,Michigan Tech,,20,20.0,558.0,27.9,311,15.55,118,249.0,23,67.0,52,68.0,97,48,58,16,3,,2.0,dangherezgher,matched,1,dangherezgher,1,0,Dan Gherezgher,Northern Kentucky,Horz,2025,127705,bt_pid:127705,30,20.7187,7.5,-5.77672,76.0,/Users/adriankong/Desktop/TROP/trank_final_data_2025_with_pbp.csv,exact_name_team_season,1.0,2033.0,Medium,"Gherezgher, Dan",Northern Ky.,Horizon League,5241674.0,6-4,Jr,CG,30.0,0.5094,0.5091,99.3081,0.2129,-1.8612,-0.1682,1.5432,-1.7113999999999998,exact_name_team_season,1.0,2405.0,Dan Gherezgher,Northern Kentucky,0.28,-1.74,-1.46,1074.0,-0.02,-1.0,-1.01,106.7,110.6,-4.0,-14.0,dan gherezgher,michigan tech,2024.0,127705,2025.0,0.520185,1.41842,-5.77672,-2.58338,-3.19334,-4.56923,-2.29655,-2.27268,mid_major,,51.568627,55.283415,27.45098,0.266667,0.803279,17.589389,18.483586,30.667503,2.033548,18.690284,0.536169,1.770752,22.293906810035843,,,6.953405017921147,3.4408602150537635,4.157706093189964,1.146953405017921,0.21505376344086022,0.3382352941176471,0.7571428571428571,,alt_exact_name_team_season,step26_height_class_advanced_export,archetype_exact_name_team_season,0.0,0.5214020758,0.9719492858,0.0280507142,0.5214020758,0.4228885846,0.0157839116,0.0,0.0399254279,0.0
8580,ncaa_direct,2023-24,2024,2024-25,2025,Lincoln Meister,Minn. Duluth,,33,0.0,512.0,15.515,167,5.061,67,113.0,0,0.0,33,57.0,143,19,19,12,32,,40.0,lincolnmeister,matched,1,lincolnmeister,1,0,Lincoln Meister,Minnesota,B10,2025,126964,bt_pid:126964,1,1.0,0.0,-3.99023,81.0,/Users/adriankong/Desktop/TROP/trank_final_data_2025_with_pbp.csv,unmatched,,,,,,,,,,,,,,,,,,,,unmatched,,,,,,,,,,,,,,,,lincoln meister,minn duluth,2024.0,126964,2025.0,,,,,,,,,power_4,,59.292035,60.47219,50.442478,0.0,1.0,12.095747,6.238742,15.854083,12.644429,19.194482,6.471385,1.355983,13.046875,,,11.171875,1.484375,1.484375,0.9375,2.5,,0.5789473684210527,,alt_exact_name_team_season,website_priority_advanced_export,archetype_unique_name_season,0.0,0.8012268977,0.9395242751,0.0604757249,0.0,0.0862069296,0.0,0.8012268977,0.0,0.1125661727
8593,ncaa_direct,2023-24,2024,2024-25,2025,Connor Hollenbeck,Minot St.,,29,29.0,834.0,28.759,343,11.828,123,266.0,31,101.0,66,85.0,203,63,53,22,12,,23.0,connorhollenbeck,matched,1,connorhollenbeck,1,0,Connor Hollenbeck,Idaho St.,BSky,2025,127131,bt_pid:127131,27,28.0633,8.8333,-2.19004,79.0,/Users/adriankong/Desktop/TROP/trank_final_data_2025_with_pbp.csv,exact_name_team_season,1.0,2185.0,Low,"Hollenbeck, Connor",Idaho St.,Big Sky Conference,5241283.0,6-7,Sr,WF,27.0,0.7272,0.7264,108.486,0.1608,-0.5464,-1.2826,0.8489,-2.1315,exact_name_team_season,1.0,1966.0,Connor Hollenbeck,Idaho State,0.64,-1.03,-0.39,1304.0,1.07,-0.84,0.23,103.8,109.9,-6.2,-25.0,connor hollenbeck,minot state,2024.0,127131,2025.0,1.23736,1.89163,-2.19004,-0.569554,-1.62048,-2.75612,-1.10348,-1.65264,mid_major,,52.067669,56.526038,31.954887,0.379699,1.188679,14.870932,13.051519,22.120794,6.897223,19.931851,1.606407,1.52311,16.45083932853717,,,9.73621103117506,3.0215827338129495,2.5419664268585134,1.0551558752997603,0.5755395683453237,0.3069306930693069,0.7764705882352941,,alt_exact_name_team_season,step26_height_class_advanced_export,archetype_exact_name_team_season,0.0,0.66859607,0.8869069194,0.1130930806,0.0758788784,0.66859607,0.1138611998,0.0,0.1254690755,0.0161947765
8622,ncaa_direct,2023-24,2024,2024-25,2025,Taye Fields,Missouri Western,,29,28.0,887.0,30.586,371,12.793,138,264.0,8,32.0,87,112.0,275,113,83,31,29,,13.0,tayefields,matched,1,tayefields,1,0,Taye Fields,North Alabama,ASun,2025,127689,bt_pid:127689,33,29.1714,11.1714,8.39927,76.0,/Users/adriankong/Desktop/TROP/trank_final_data_2025_with_pbp.csv,unique_name_season,0.8182,644.0,Low,"Fields, Taye",North Ala.,ASUN Conference,5239799.0,6-4,Sr,WF,33.0,0.723,0.7187,125.9676,0.2178,3.5436,2.116,-0.1079,2.2239,exact_name_team_season,1.0,152.0,Taye Fields,North Alabama,3.49,2.25,5.74,1633.0,4.26,2.18,6.43,110.1,101.8,8.2,187.0,taye fields,missouri western,2024.0,127689,2025.0,3.21758,3.14634,8.39927,3.70151,4.69776,6.98289,4.31731,2.66558,mid_major,,53.787879,59.212206,42.424242,0.121212,1.361446,20.944787,26.387237,23.669782,10.683048,25.9832,3.52939,2.089365,16.73055242390079,,,12.401352874859075,5.095828635851184,3.7429537767756482,1.3979706877113867,1.3077790304396844,0.25,0.7767857142857143,,alt_exact_name_team_season,step26_height_class_advanced_export,archetype_exact_name_team_season,0.0,0.7301969724,1.0,0.0,0.0,0.7301969724,0.0,0.0589129596,0.0,0.210890068
8626,ncaa_direct,2023-24,2024,2024-25,2025,Darius Dawson,Mo. Southern St.,,29,28.0,876.0,30.207,406,14.0,146,271.0,23,53.0,91,115.0,185,30,68,21,32,,13.0,dariusdawson,matched,1,dariusdawson,1,0,Darius Dawson,Austin Peay,ASun,2025,128055,bt_pid:128055,21,7.387,3.5217,-2.83244,78.0,/Users/adriankong/Desktop/TROP/trank_final_data_2025_with_pbp.csv,unmatched,,,,,,,,,,,,,,,,,,,,unmatched,,,,,,,,,,,,,,,,darius dawson,mo southern state,2024.0,128055,2025.0,0.574462,0.459185,-2.83244,-0.906584,-1.92586,-1.7212,-0.169416,-1.55178,mid_major,,58.118081,63.121891,42.435424,0.195572,0.441176,17.453799,7.182948,23.76318,5.993306,18.32558,4.24935,1.419248,18.538812785388128,,,8.447488584474886,1.36986301369863,3.105022831050228,0.958904109589041,1.461187214611872,0.4339622641509434,0.7913043478260869,,alt_exact_name_team_season,website_priority_advanced_export,archetype_unique_name_season,0.0,0.3568361101,0.9987481046,0.0012518954,0.1438376689,0.3568361101,0.0,0.2809133695,0.2184128515,0.0
8672,ncaa_direct,2023-24,2024,2024-25,2025,Kennard Davis,Mount Olive,,21,4.0,251.0,11.952,48,2.286,21,47.0,0,7.0,6,10.0,30,42,25,21,1,,11.0,kennarddavis,matched_prior_d1_experience,1,kennarddavis,1,1,Kennard Davis Jr.,Southern Illinois,MVC,2025,77996,bt_pid:77996,30,34.1,16.2812,1.37404,78.0,/Users/adriankong/Desktop/TROP/trank_final_data_2025_with_pbp.csv,unique_name_season,0.8276,1588.0,Medium,"Davis Jr., Kennard",Southern Ill.,Missouri Valley Conference,4685654.0,6-6,So,WG,30.0,0.8213,0.8213,111.3174,0.2447,1.5283,1.0481,1.5867,-0.5386,exact_name_team_season,1.0,1164.0,Kennard Davis Jr.,Southern Illinois,1.51,-0.22,1.29,1756.0,2.39,0.5,2.89,102.4,109.1,-6.7,-113.0,kennard davis,mount olive,2024.0,77996,2025.0,2.91412,2.59924,1.37404,2.19354,-0.819499,1.60534,2.4733,-0.867959,mid_major,,51.282051,52.995392,25.641026,0.179487,1.809524,32.608696,29.571169,13.73994,2.938067,11.408292,0.461599,4.412306,7.649402390438247,,,4.780876494023905,6.693227091633466,3.9840637450199203,3.346613545816733,0.1593625498007968,0.0,0.6,,alt_exact_name_team_season,step26_height_class_advanced_export,archetype_exact_name_team_season,0.0,1.0,0.5980332926,0.4019667074,0.0,0.0,0.0,0.0,0.0,1.0
8696,ncaa_direct,2023-24,2024,2024-25,2025,Frank Champion,North Georgia,,29,29.0,927.0,31.966,499,17.207,189,315.0,4,13.0,117,190.0,213,129,87,34,32,,5.0,frankchampion,matched,1,frankchampion,1,0,Frank Champion,Chattanooga,SC,2025,127115,bt_pid:127115,22,23.8174,11.3913,5.95509,79.0,/Users/adriankong/Desktop/TROP/trank_final_data_2025_with_pbp.csv,exact_name_team_season,1.0,565.0,Low,"Champion, Frank",Chattanooga,Southern Conference,4706016.0,6-7,Sr,WF,22.0,0.3702,0.3647,117.4229,0.2841,3.2067,3.0262,0.4646,2.5616,exact_name_team_season,1.0,222.0,Frank Champion,Chattanooga,3.81,1.29,5.1,906.0,3.7,1.84,5.54,120.6,106.6,13.9,172.0,frank champion,north georgia,2024.0,127115,2025.0,2.68546,2.13571,5.95509,2.55928,3.39582,4.44942,2.88848,1.56094,mid_major,,59.424084,61.748724,61.780105,0.036649,1.539216,17.35166,30.286234,27.405668,5.735104,19.799514,3.498029,1.99287,21.531823085221145,,,9.190938511326861,5.566343042071197,3.7540453074433655,1.4670981661272924,1.3807982740021576,0.2857142857142857,0.6186440677966102,,alt_exact_name_team_season,step26_height_class_advanced_export,archetype_exact_name_team_season,0.0,0.6031453213,1.0,0.0,0.0,0.6031453213,0.0,0.0,0.0,0.3968546787
8697,ncaa_direct,2023-24,2024,2024-25,2025,Giancarlo Bastianoni,North Georgia,,26,2.0,579.0,22.269,238,9.154,86,149.0,8,29.0,58,82.0,103,26,27,12,10,,12.0,giancarlobastianoni,matched,1,giancarlobastianoni,1,0,Giancarlo Bastianoni,New Hampshire,AE,2025,126776,bt_pid:126776,3,28.7667,12.0,-9.49,79.0,/Users/adriankong/Desktop/TROP/trank_final_data_2025_with_pbp.csv,unmatched,,,,,,,,,,,,,,,,,,,,unmatched,,,,,,,,,,,,,,,,giancarlo bastianoni,north georgia,2024.0,126776,2025.0,,,,,,,,,mid_major,,60.402685,64.29652,55.033557,0.194631,0.962963,12.731045,8.577848,18.88982,5.813871,14.139201,1.909423,1.1715,16.442141623488773,,,7.115716753022452,1.7962003454231434,1.8652849740932642,0.8290155440414507,0.690846286701209,0.2758620689655172,0.7073170731707317,,alt_exact_name_team_season,step26_height_class_advanced_export,archetype_exact_name_team_season,0.0,0.3929289266,0.9433477486,0.0566522514,0.0,0.2954446973,0.0,0.1953518791,0.3929289266,0.116274497
8723,ncaa_direct,2023-24,2024,2024-25,2025,Max Weisbrod,Northern Mich.,,29,29.0,983.0,33.897,496,17.103,159,368.0,82,209.0,96,121.0,97,126,58,21,2,,3.0,maxweisbrod,matched,1,maxweisbrod,1,0,Max Weisbrod,Northern Iowa,MVC,2025,127833,bt_pid:127833,32,24.6636,5.9091,-0.762745,76.0,/Users/adriankong/Desktop/TROP/trank_final_data_2025_with_pbp.csv,unique_name_season,0.25,1761.0,Medium,"Weisbrod, Max",UNI,Missouri Valley Conference,5241408.0,6-4,Jr,CG,32.0,0.6063,0.608,106.5341,0.1326,-0.6116,-0.463,0.5479,-1.0109,exact_name_team_season,1.0,1794.0,Max Weisbrod,Northern Iowa,1.02,-1.06,-0.03,1281.0,0.47,-0.84,-0.37,106.3,103.9,2.4,45.0,max weisbrod,northern mich,2024.0,127833,2025.0,0.601298,2.10364,-0.762745,-0.304193,-0.458551,-1.07083,-1.06262,-0.00821623,mid_major,,54.353562,59.261807,34.300792,0.567282,2.129032,12.444801,23.091805,25.235671,1.185706,10.367512,0.207403,1.252275,20.183112919633775,,,3.9471007121057986,5.127161749745676,2.360122075279756,0.854526958290946,0.08138351983723296,0.3906976744186046,0.8076923076923077,,alt_exact_name_team_season,website_priority_advanced_export,archetype_unique_name_season,0.0,0.6282765531,0.8431710055,0.1568289945,0.6282765531,0.0,0.0,0.0,0.075418756,0.2963046909
8733,ncaa_direct,2023-24,2024,2024-25,2025,Jacksen Moni,Northern St.,,29,29.0,1017.0,35.069,617,21.276,201,424.0,52,158.0,163,184.0,236,103,63,23,26,,21.0,jacksenmoni,matched,1,jacksenmoni,1,0,Jacksen Moni,North Dakota St.,Sum,2025,128125,bt_pid:128125,26,30.3407,20.6296,4.84676,82.0,/Users/adriankong/Desktop/TROP/trank_final_data_2025_with_pbp.csv,exact_name_team_season,1.0,177.0,Medium,"Moni, Jacksen",North Dakota St.,Summit League,5241639.0,6-10,Sr,S-PF,26.0,0.6983,0.6742,123.5389,0.323,5.0564,5.9854,0.4887,5.496700000000001,exact_name_team_season,1.0,108.0,Jacksen Moni,North Dakota State,5.92,0.49,6.41,1330.0,5.47,0.56,6.02,120.2,108.1,12.1,231.0,jacksen moni,northern state,2024.0,128125,2025.0,4.79825,2.19675,4.84676,5.41505,-0.568298,5.75653,6.40438,-0.647854,mid_major,,53.537736,61.093948,43.396226,0.372642,1.634921,11.09233,21.606529,29.670812,5.979895,20.82156,2.485822,1.334331,24.267453294001967,,,9.28220255653884,4.051130776794493,2.47787610619469,0.904621435594887,1.022615535889872,0.3291139240506329,0.8858695652173914,,alt_exact_name_team_season,step26_height_class_advanced_export,archetype_exact_name_team_season,0.0,0.6044632402,0.9475192725,0.0524807275,0.3856274541,0.6044632402,0.0,0.0,0.0,0.0099093057
8734,ncaa_direct,2023-24,2024,2024-25,2025,Josh Dilling,Northern St.,,29,29.0,1023.0,35.276,542,18.69,207,396.0,71,154.0,57,71.0,131,124,61,19,3,,12.0,joshdilling,matched,1,joshdilling,1,0,Josh Dilling,Northern Kentucky,Horz,2025,128281,bt_pid:128281,31,30.6394,12.697,-0.662607,76.0,/Users/adriankong/Desktop/TROP/trank_final_data_2025_with_pbp.csv,exact_name_team_season,1.0,1114.0,Medium,"Dilling, Josh",Northern Ky.,Horizon League,5241677.0,6-4,Sr,CG,31.0,0.7641,0.7553,113.9604,0.1941,0.8669,1.1668,0.484,0.6828000000000001,exact_name_team_season,1.0,1153.0,Josh Dilling,Northern Kentucky,2.72,-1.41,1.32,1602.0,3.21,-1.04,2.17,102.5,107.0,-4.5,5.0,josh dilling,northern state,2024.0,128281,2025.0,2.42657,2.00088,-0.662607,2.35883,-3.02143,0.839034,2.40189,-1.56285,mid_major,,61.237374,63.43039,17.929293,0.388889,2.032787,12.493855,26.121429,25.356562,1.761429,13.079316,0.285143,1.095809,21.192570869990224,,,5.1221896383186705,4.848484848484849,2.3851417399804498,0.7429130009775171,0.11730205278592376,0.461038961038961,0.8028169014084507,,alt_exact_name_team_season,step26_height_class_advanced_export,archetype_exact_name_team_season,0.0,0.4443714014,0.9156936004,0.0843063996,0.4443714014,0.0793544773,0.0127562612,0.0,0.0754217456,0.3880961144
8739,ncaa_direct,2023-24,2024,2024-25,2025,Bennett Stirtz,Northwest Mo. St.,,34,34.0,1167.0,34.324,516,15.176,172,337.0,36,110.0,136,163.0,119,118,56,47,10,,14.0,bennettstirtz,matched,1,bennettstirtz,1,0,Bennett Stirtz,Drake,MVC,2025,128048,bt_pid:128048,33,39.3657,19.2286,8.31243,76.0,/Users/adriankong/Desktop/TROP/trank_final_data_2025_with_pbp.csv,exact_name_team_season,1.0,90.0,Medium,"Stirtz, Bennett",Drake,Missouri Valley Conference,5241364.0,6-4,Jr,s-PG,33.0,0.9874,0.9849,128.5303,0.2732,6.4852,5.3195,-1.4307,6.7501999999999995,exact_name_team_season,1.0,35.0,Bennett Stirtz,Drake,5.65,2.12,7.77,1988.0,6.14,1.74,7.88,110.9,96.2,14.7,281.0,bennett stirtz,northwest mo state,2024.0,128048,2025.0,6.36103,4.67646,8.31243,6.18653,2.1259,9.95723,6.91348,3.04374,mid_major,,56.379822,63.123899,48.367953,0.326409,2.107143,12.050267,22.047823,23.81647,2.889907,11.809856,1.112854,2.681278,17.68637532133676,,,4.078834618680377,4.044558697514995,1.9194515852613538,1.610968294772922,0.3427592116538132,0.3272727272727272,0.8343558282208589,,alt_exact_name_team_season,website_priority_advanced_export,archetype_unique_name_season,0.0,0.5209473009,0.9313246421,0.0686753579,0.2459856051,0.233067094,0.0,0.0,0.0,0.5209473009
8742,ncaa_direct,2023-24,2024,2024-25,2025,Daniel Abreu,Northwest Mo. St.,,34,34.0,928.0,27.294,360,10.588,131,240.0,28,78.0,70,81.0,105,38,44,30,8,,54.0,danielabreu,matched,1,danielabreu,1,0,Daniel Abreu,Drake,MVC,2025,128291,bt_pid:128291,33,33.2486,10.3714,3.98316,78.0,/Users/adriankong/Desktop/TROP/trank_final_data_2025_with_pbp.csv,exact_name_team_season,1.0,561.0,Medium,"Abreu, Daniel",Drake,Missouri Valley Conference,5241368.0,6-6,Sr,WF,33.0,0.8285,0.8252,117.6838,0.1565,1.2651,1.3221,-1.2663,2.5884,exact_name_team_season,1.0,653.0,Daniel Abreu,Drake,1.64,1.11,2.75,1668.0,1.62,0.56,2.18,110.6,96.1,14.5,246.0,daniel abreu,northwest mo state,2024.0,128291,2025.0,2.62037,3.56226,3.98316,2.04258,1.94058,2.2981,1.0878,1.21031,mid_major,,60.416667,65.302569,33.75,0.325,0.863636,13.765486,8.799121,20.582027,6.106662,10.402142,1.118585,2.150336,15.517241379310345,,,4.525862068965517,1.6379310344827587,1.896551724137931,1.293103448275862,0.3448275862068966,0.358974358974359,0.8641975308641975,,alt_exact_name_team_season,website_priority_advanced_export,archetype_unique_name_season,0.0,0.456787493,0.9500855511,0.0499144489,0.1417022245,0.2325421727,0.0,0.0618228485,0.456787493,0.1071452613
8743,ncaa_direct,2023-24,2024,2024-25,2025,Isaiah Jackson,Northwest Mo. St.,,31,21.0,988.0,31.871,222,7.161,72,164.0,16,44.0,62,92.0,167,138,65,26,2,,4.0,isaiahjackson,matched,1,isaiahjackson,1,0,Isaiah Jackson,Drake,MVC,2025,127768,bt_pid:127768,32,20.1588,3.8235,0.293232,75.0,/Users/adriankong/Desktop/TROP/trank_final_data_2025_with_pbp.csv,exact_name_team_season,1.0,1418.0,Medium,"Jackson, Isaiah",Drake,Missouri Valley Conference,5241362.0,6-3,Sr,WG,32.0,0.4704,0.4781,96.7095,0.1674,-2.1187,-1.9327,-1.8642,-0.0685,exact_name_team_season,1.0,1278.0,Isaiah Jackson,Drake,-0.5,1.54,1.05,968.0,-0.44,0.73,0.28,105.8,92.6,13.2,118.0,isaiah jackson,northwest mo state,2024.0,127768,2025.0,0.214767,2.33155,0.293232,-1.96298,2.25621,0.51619,-1.77801,2.2942,mid_major,,48.192771,53.657363,57.228916,0.277108,2.179104,24.381368,26.543219,16.011147,5.674982,18.548011,0.253039,1.751167,8.987854251012147,,,6.761133603238866,5.587044534412955,2.6315789473684212,1.0526315789473684,0.08097165991902834,0.3478260869565217,0.6631578947368421,,alt_exact_name_team_season,website_priority_advanced_export,archetype_unique_name_season,0.0,0.6568717244,0.9096763928,0.0903236072,0.0,0.3431282756,0.0,0.0,0.0,0.6568717244
8746,ncaa_direct,2023-24,2024,2024-25,2025,Mitch Mascari,Northwest Mo. St.,,34,34.0,1162.0,34.176,341,10.029,104,220.0,82,171.0,51,55.0,84,43,34,34,2,,22.0,mitchmascari,matched,1,mitchmascari,1,0,Mitch Mascari,Drake,MVC,2025,127195,bt_pid:127195,33,38.5457,9.4286,2.9335,77.0,/Users/adriankong/Desktop/TROP/trank_final_data_2025_with_pbp.csv,exact_name_team_season,1.0,504.0,Medium,"Mascari, Mitch",Drake,Missouri Valley Conference,5241365.0,6-5,Sr,WG,33.0,0.9691,0.9632,112.2861,0.125,0.0193,0.7158,-2.1656,2.8814,exact_name_team_season,1.0,720.0,Mitch Mascari,Drake,1.68,0.8,2.49,1946.0,1.35,0.14,1.49,111.1,95.6,15.5,296.0,mitch mascari,northwest mo state,2024.0,127195,2025.0,1.97463,4.04051,2.9335,1.50557,1.42793,1.11816,-0.317668,1.43583,mid_major,,65.909091,69.81982,25.0,0.777273,1.264706,12.221423,7.171727,14.330922,0.792216,9.545495,0.223717,1.949638,11.738382099827882,,,2.891566265060241,1.4802065404475042,1.1703958691910499,1.1703958691910499,0.06884681583476764,0.47953216374269,0.9272727272727272,,alt_exact_name_team_season,website_priority_advanced_export,archetype_unique_name_season,0.0,0.6981019525,0.7889095736,0.2110904264,0.2908179765,0.0,0.0,0.0,0.6981019525,0.011080071
8777,ncaa_direct,2023-24,2024,2024-25,2025,Devin Haid,Notre Dame (OH),,29,21.0,809.0,27.897,462,15.931,162,328.0,38,103.0,100,119.0,161,70,72,39,26,,11.0,devinhaid,matched,1,devinhaid,1,0,Devin Haid,Central Connecticut,NEC,2025,128148,bt_pid:128148,30,27.5375,14.1875,2.64811,77.0,/Users/adriankong/Desktop/TROP/trank_final_data_2025_with_pbp.csv,exact_name_team_season,1.0,1255.0,Low,"Haid, Devin",Central Conn. St.,Northeast Conference,5241694.0,6-5,Jr,WG,33.0,0.7039,0.7014,114.6731,0.2683,1.0723,1.0353,0.6705,0.3648000000000001,exact_name_team_season,1.0,609.0,Devin Haid,Central Connecticut,1.86,1.04,2.9,1396.0,2.21,0.5,2.71,101.7,99.7,2.1,152.0,devin haid,notre dame oh,2024.0,128148,2025.0,2.41384,3.23739,2.64811,1.04386,1.60425,4.73522,3.03132,1.7039,mid_major,,55.182927,60.731938,36.280488,0.314024,0.972222,15.916527,16.417304,25.81947,7.374902,13.594403,3.11945,2.587134,22.84301606922126,,,7.9604449938195305,3.4610630407911,3.5599505562422746,1.9283065512978987,1.2855377008652658,0.369,0.84,,alt_exact_name_team_season,step26_height_class_advanced_export,archetype_exact_name_team_season,0.0,0.4727442097,1.0,0.0,0.4727442097,0.1679522235,0.0,0.2304098711,0.0,0.1288936958
8905,ncaa_direct,2023-24,2024,2024-25,2025,Isaac Johnson,Rogers St.,,29,29.0,901.0,31.069,410,14.138,138,332.0,44,128.0,90,128.0,127,46,61,42,8,,12.0,isaacjohnson,matched_prior_d1_experience,1,isaacjohnson,1,1,Isaac Johnson,Utah St.,MWC,2025,75331,bt_pid:75331,30,8.6967,3.6667,1.97817,84.0,/Users/adriankong/Desktop/TROP/trank_final_data_2025_with_pbp.csv,unmatched,,,,,,,,,,,,,,,,,,,,unmatched,,,,,,,,,,,,,,,,isaac johnson,rogers state,2024.0,75331,2025.0,0.726941,0.909939,1.97817,1.84362,0.134551,0.888815,0.840916,0.0478988,mid_major,,48.192771,52.791512,38.554217,0.385542,0.754098,13.576071,9.875495,26.496315,1.320452,17.795174,1.02949,2.654633,18.201997780244174,,,5.638179800221976,2.042175360710322,2.7081021087680357,1.8645948945615982,0.3551609322974473,0.34375,0.703125,,alt_exact_name_team_season,step26_height_class_advanced_export,archetype_exact_name_team_season,0.0,0.4409538173,1.0,0.0,0.4409538173,0.3477000146,0.0,0.0,0.2113461682,0.0
8933,ncaa_direct,2023-24,2024,2024-25,2025,Nemo Johnson,Saint Augustine's,,30,30.0,939.0,31.3,290,9.667,123,234.0,0,2.0,44,89.0,205,35,56,52,50,,15.0,nemojohnson,matched,1,nemojohnson,1,0,Nemo Johnson,Prairie View A&M,SWAC,2025,127973,bt_pid:127973,2,3.6333,1.0,-25.6082,78.0,/Users/adriankong/Desktop/TROP/trank_final_data_2025_with_pbp.csv,unmatched,,,,,,,,,,,,,,,,,,,,unmatched,,,,,,,,,,,,,,,,nemo johnson,st augustine s,2024.0,127973,2025.0,,,,,,,,,mid_major,,58.870968,56.072695,48.387097,0.010753,0.35,15.060241,4.982374,19.987754,10.56414,18.528604,4.875037,1.779207,12.35356762513312,,,8.73269435569755,1.490947816826411,2.385516506922258,2.215122470713525,2.1299254526091587,0.5,0.378,,alt_same_player_team_any_season,step26_height_class_advanced_export,unmatched,1.0,,,,,,,,,
8964,ncaa_direct,2023-24,2024,2024-25,2025,Louis Daoust,Saint Rose,,23,0.0,278.0,12.087,73,3.174,26,52.0,9,23.0,12,20.0,48,8,12,4,0,,10.0,louisdaoust,matched,1,louisdaoust,1,0,Louis Daoust,Tennessee St.,OVC,2025,127996,bt_pid:127996,12,7.2571,1.1429,-2.70891,79.0,/Users/adriankong/Desktop/TROP/trank_final_data_2025_with_pbp.csv,unmatched,,,,,,,,,,,,,,,,,,,,unmatched,,,,,,,,,,,,,,,,louis daoust,st rose,2024.0,127996,2025.0,0.0742217,0.385925,-2.70891,-1.1038,-1.60511,-4.53885,-4.20587,-0.33298,mid_major,,0.5865384615384616,0.6003289473684211,0.38461538461538464,0.4423076923076923,0.6666666666666666,,,,,,,,10.503597122302159,,,6.906474820143885,1.1510791366906474,1.7266187050359711,0.5755395683453237,0.0,0.391304347826087,0.6,,unmatched,,unmatched,1.0,,,,,,,,,
9030,ncaa_direct,2023-24,2024,2024-25,2025,Marcus Banks,Shepherd,,15,1.0,411.0,27.4,182,12.133,68,161.0,15,53.0,31,46.0,76,43,38,18,1,,2.0,marcusbanks,matched_prior_d1_experience,1,marcusbanks,1,1,Marcus Banks,UMBC,AE,2025,75525,bt_pid:75525,29,30.4688,16.5938,-2.59518,74.0,/Users/adriankong/Desktop/TROP/trank_final_data_2025_with_pbp.csv,exact_name_team_season,1.0,2696.0,Low,"Banks, Marcus",UMBC,America East Conference,4897361.0,6-3,Sr,CG,29.0,0.7715,0.771,104.9995,0.2655,-0.5118,-0.893,3.3487,-4.2417,exact_name_team_season,1.0,1603.0,Marcus Banks,UMBC,1.39,-1.07,0.33,1626.0,0.95,-0.45,0.5,103.9,114.9,-11.0,-86.0,marcus banks,shepherd,2024.0,75525,2025.0,2.04516,1.58346,-2.59518,1.2019,-3.79708,-0.999113,1.89174,-2.89086,mid_major,,44.505495,48.108391,27.106227,0.340659,1.138462,17.541019,20.346494,26.492807,2.652824,20.598473,0.47959,2.850012,17.712895377128955,,,7.396593673965937,4.184914841849149,3.6982968369829683,1.7518248175182483,0.09732360097323602,0.3118279569892473,0.6891891891891891,,alt_exact_name_team_season,step26_height_class_advanced_export,archetype_exact_name_team_season,0.0,0.5135396757,0.9469216827,0.0530783173,0.5135396757,0.3860605541,0.0,0.0,0.0,0.1003997702
9053,ncaa_direct,2023-24,2024,2024-25,2025,Brennen Burns,Southeastern Okla.,,32,32.0,1038.0,32.438,537,16.781,201,361.0,17,46.0,118,148.0,123,219,89,49,4,,,brennenburns,matched,1,brennenburns,1,0,Brennen Burns,Sam Houston St.,CUSA,2025,127015,bt_pid:127015,29,19.8094,3.9062,-3.96648,70.0,/Users/adriankong/Desktop/TROP/trank_final_data_2025_with_pbp.csv,exact_name_team_season,1.0,2091.0,Medium,"Burns, Brennen",Sam Houston,Conference USA,5242605.0,5-10,Jr,s-PG,29.0,0.4787,0.4796,94.0554,0.1584,-1.8531,0.1454,2.0174,-1.872,exact_name_team_season,1.0,2225.0,Brennen Burns,Sam Houston State,0.89,-1.85,-0.96,958.0,-0.64,-0.44,-1.08,106.7,115.1,-8.4,-93.0,brennen burns,southeastern okla,2024.0,127015,2025.0,-0.0841856,1.21014,-3.96648,-2.47484,-1.49164,-4.31032,-3.46434,-0.845982,mid_major,,58.033241,63.01042,40.99723,0.127424,2.460674,17.277528,38.001419,24.298106,2.696304,10.608053,0.377568,2.53089,20.69364161849711,,,4.7398843930635834,8.439306358381502,3.4296724470134876,1.8882466281310213,0.15414258188824662,0.3695652173913043,0.7972972972972973,,alt_exact_name_team_season,step26_height_class_advanced_export,archetype_exact_name_team_season,0.0,0.8828438939,1.0,0.0,0.0019695296,0.1151865765,0.0,0.0,0.0,0.8828438939
9059,ncaa_direct,2023-24,2024,2024-25,2025,Kody Clouet,Southeastern Okla.,,32,32.0,1120.0,35.0,566,17.688,183,364.0,84,196.0,116,144.0,166,66,40,48,14,,1.0,kodyclouet,matched,1,kodyclouet,1,0,Kody Clouet,San Diego,WCC,2025,128372,bt_pid:128372,29,23.3207,8.931,-1.49877,77.0,/Users/adriankong/Desktop/TROP/trank_final_data_2025_with_pbp.csv,exact_name_team_season,1.0,2733.0,Low,"Clouet, Kody",San Diego,West Coast Conference,4906515.0,6-5,Sr,WG,29.0,0.5376,0.5315,98.8588,0.1888,-1.778,-1.892,2.5966,-4.4886,exact_name_team_season,1.0,2489.0,Kody Clouet,San Diego,-0.22,-1.47,-1.68,1233.0,0.04,0.47,0.51,94.8,114.5,-19.7,-204.0,kody clouet,southeastern okla,2024.0,128372,2025.0,0.916233,1.66196,-1.49877,-0.30437,-1.1944,-1.44988,-0.708595,-0.741288,mid_major,,61.813187,66.220517,39.56044,0.538462,1.65,8.558713,10.055464,20.415168,4.694228,11.928724,1.223773,2.295916,20.214285714285715,,,5.928571428571429,2.357142857142857,1.4285714285714286,1.7142857142857142,0.5,0.4285714285714285,0.8055555555555556,,alt_exact_name_team_season,step26_height_class_advanced_export,archetype_exact_name_team_season,0.0,0.351574415,0.7863696139,0.2136303861,0.3271599226,0.351574415,0.0,0.0,0.2963590393,0.024906623
9083,ncaa_direct,2023-24,2024,2024-25,2025,Marty Silvera,Southern Conn. St.,,33,31.0,1032.0,31.273,473,14.333,177,407.0,41,126.0,78,106.0,162,215,126,85,3,,4.0,martysilvera,matched,1,martysilvera,1,0,Marty Silvera,Tarleton St.,WAC,2025,72882,bt_pid:72882,10,14.7364,3.1818,-2.72951,72.0,/Users/adriankong/Desktop/TROP/trank_final_data_2025_with_pbp.csv,unmatched,,,,,,,,,,,,,,,,,,,,unmatched,,,,,,,,,,,,,,,,marty silvera,southern conn state,2024.0,72882,2025.0,-0.823075,1.46831,-2.72951,-5.71984,2.99033,-2.97888,-6.09574,3.11686,mid_major,,48.648649,52.24407,26.044226,0.312039,1.706349,21.73763,37.728616,26.270263,3.974244,13.518701,0.287439,4.464158,18.333333333333332,,,6.27906976744186,8.333333333333334,4.883720930232558,3.294573643410853,0.11627906976744186,0.3307086614173228,0.7358490566037735,,alt_exact_name_team_season,website_priority_advanced_export,archetype_unique_name_season,0.0,0.5542000159,1.0,0.0,0.4073628844,0.0384370996,0.0,0.0,0.0,0.5542000159
9084,ncaa_direct,2023-24,2024,2024-25,2025,Mason Williams,Southern Conn. St.,,33,7.0,743.0,22.515,212,6.424,73,179.0,55,145.0,11,16.0,75,30,16,19,3,,5.0,masonwilliams,matched_prior_d1_experience,1,masonwilliams,1,1,Mason Williams,Eastern Washington,BSky,2025,78265,bt_pid:78265,25,28.0852,13.8519,-3.52375,77.0,/Users/adriankong/Desktop/TROP/trank_final_data_2025_with_pbp.csv,unique_name_season,0.8,2765.0,Low,"Williams, Mason",Eastern Wash.,Big Sky Conference,5175370.0,6-5,So,CG,25.0,0.6011,0.6019,98.8544,0.2842,-2.1421,-2.5656,2.1779,-4.7435,exact_name_team_season,1.0,2466.0,Mason Williams,Eastern Washington,-0.43,-1.18,-1.61,1220.0,-0.4,0.7,0.3,99.4,114.1,-14.7,-133.0,mason williams,southern conn state,2024.0,78265,2025.0,1.42314,1.89674,-3.52375,-1.79793,-1.72582,-1.77988,-0.183567,-1.59631,mid_major,,56.145251,56.976994,8.938547,0.810056,1.875,7.919224,6.41327,12.646242,2.670198,8.51369,0.396976,1.378137,11.413189771197846,,,4.037685060565276,1.6150740242261103,0.8613728129205922,1.0228802153432033,0.16150740242261102,0.3793103448275862,0.6875,,alt_exact_name_team_season,website_priority_advanced_export,archetype_unique_name_season,0.0,0.8993200503,0.5176000284,0.4823999716,0.0434540417,0.0,0.057225908,0.0,0.8993200503,0.0
9090,ncaa_direct,2023-24,2024,2024-25,2025,Jordan Brathwaite,Southern N.H.,,35,19.0,618.0,17.657,180,5.143,69,163.0,15,60.0,27,35.0,145,29,34,6,21,,24.0,jordanbrathwaite,matched,1,jordanbrathwaite,1,0,Jordan Brathwaite,Yale,Ivy,2025,127642,bt_pid:127642,22,8.0391,1.9565,-1.92137,76.0,/Users/adriankong/Desktop/TROP/trank_final_data_2025_with_pbp.csv,unmatched,,,,,,,,,,,,,,,,,,,,unmatched,,,,,,,,,,,,,,,,jordan brathwaite,southern n h,2024.0,127642,2025.0,0.00456275,0.686418,-1.92137,-1.7931,-0.12827,-3.2179,-3.72247,0.504574,mid_major,,46.932515,50.44843,21.472393,0.368098,0.852941,16.007533,8.445743,17.88369,7.81323,17.800353,3.934003,0.646026,11.650485436893204,,,9.385113268608414,1.8770226537216828,2.2006472491909386,0.3883495145631068,1.3592233009708738,0.25,0.7714285714285715,,alt_exact_name_team_season,website_priority_advanced_export,archetype_unique_name_season,0.0,0.3958980841,0.9756697705,0.0243302295,0.0,0.0968042763,0.3359910448,0.3958980841,0.041290073,0.1300165218
9092,ncaa_direct,2023-24,2024,2024-25,2025,Matt Becht,Southern N.H.,,34,34.0,1146.0,33.706,564,16.588,176,401.0,127,283.0,85,95.0,132,86,56,36,2,,3.0,mattbecht,matched,1,mattbecht,1,0,Matt Becht,Merrimack,MAAC,2025,66330,bt_pid:66330,33,29.8636,10.0303,-1.49025,75.0,/Users/adriankong/Desktop/TROP/trank_final_data_2025_with_pbp.csv,exact_name_team_season,1.0,1941.0,Low,"Becht, Matt",Merrimack,Metro Atlantic Athletic Conference,4397974.0,6-3,Sr,WG,33.0,0.7375,0.7323,104.4979,0.175,-1.0617,-1.2852,0.1959,-1.4811,exact_name_team_season,1.0,1623.0,Matt Becht,Merrimack,0.87,-0.59,0.29,1587.0,0.83,-1.17,-0.34,98.6,99.5,-0.9,38.0,matt becht,southern n h,2024.0,66330,2025.0,1.14231,2.50072,-1.49025,-0.0874661,-1.40279,-0.727159,-0.380148,-0.347011,mid_major,,59.390244,63.400194,23.658537,0.702439,1.482759,11.357406,14.069253,22.437042,1.392159,10.515214,0.186619,1.781836,19.68586387434555,,,4.607329842931938,3.0017452006980805,1.9546247818499127,1.256544502617801,0.06980802792321117,0.4479166666666667,0.8969072164948454,,alt_exact_name_team_season,website_priority_advanced_export,archetype_unique_name_season,0.0,0.7098890203,0.8158007936,0.1841992064,0.7098890203,0.0,0.0,0.0,0.2901109797,0.0
9157,ncaa_direct,2023-24,2024,2024-25,2025,Sean Elkinton,St. Edward's,,31,31.0,888.0,28.645,541,17.452,208,381.0,39,91.0,86,112.0,234,37,54,11,16,,33.0,seanelkinton,matched,1,seanelkinton,1,0,Sean Elkinton,Louisiana Tech,CUSA,2025,127974,bt_pid:127974,19,11.9714,5.4762,0.330972,80.0,/Users/adriankong/Desktop/TROP/trank_final_data_2025_with_pbp.csv,unmatched,,,,,,,,,,,,,,,,,,,,unmatched,,,,,,,,,,,,,,,,sean elkinton,state edward s,2024.0,127974,2025.0,1.27251,0.988661,0.330972,2.45292,-2.12194,1.99147,2.72006,-0.728596,mid_major,,59.711286,62.866041,29.396325,0.238845,0.685185,11.150574,9.278545,27.127488,12.412828,18.116406,1.812748,0.700444,24.36936936936937,,,10.54054054054054,1.6666666666666667,2.4324324324324325,0.4954954954954955,0.7207207207207207,0.4285714285714285,0.7678571428571429,,alt_exact_name_team_season,website_priority_advanced_export,archetype_unique_name_season,0.0,0.6414753137,1.0,0.0,0.0,0.6414753137,0.186072787,0.0690252619,0.1034266373,0.0
9161,ncaa_direct,2023-24,2024,2024-25,2025,James Patterson,St. Thomas Aquinas,,22,21.0,607.0,27.591,513,23.318,166,379.0,45,120.0,136,168.0,185,29,79,44,7,,,jamespatterson,matched,1,jamespatterson,1,0,James Patterson,Iona,MAAC,2025,127661,bt_pid:127661,15,23.0533,9.4667,-2.78803,79.0,/Users/adriankong/Desktop/TROP/trank_final_data_2025_with_pbp.csv,exact_name_team_season,1.0,2687.0,Low,"Patterson, James",Iona,Metro Atlantic Athletic Conference,,,,WF,15.0,0.2621,0.2604,90.6103,0.2603,-3.9437,-2.8534,1.3199,-4.1733,exact_name_team_season,1.0,2779.0,James Patterson,Iona,-1.8,-0.89,-2.69,617.0,-2.23,0.5,-1.73,93.3,110.9,-17.7,-89.0,james patterson,state thomas aquinas,2024.0,127661,2025.0,0.331595,2.54812,-2.78803,-3.85664,1.0686,-0.984215,-1.34159,0.357375,mid_major,79.0,49.630314,56.606368,47.689464,0.314233,0.442308,13.710911,10.786511,38.243386,8.790788,22.691232,0.944966,3.323126,34.186851,3.644752,8.442907,12.087659,2.122261,4.798155,2.629758,0.369089,0.359,0.791,8.409524,combined_exact,combined_player_database,archetype_exact_name_team_season,0.0,0.6763685052,1.0,0.0,0.321928437,0.6763685052,0.0017030578,0.0,0.0,0.0
9163,ncaa_direct,2023-24,2024,2024-25,2025,Kyle Pulliam,St. Thomas Aquinas,,31,31.0,791.0,25.516,445,14.355,152,332.0,65,145.0,76,100.0,122,54,31,30,10,,11.0,kylepulliam,matched,1,kylepulliam,1,0,Kyle Pulliam,William & Mary,CAA,2025,126763,bt_pid:126763,21,19.9087,9.913,-1.84055,76.0,/Users/adriankong/Desktop/TROP/trank_final_data_2025_with_pbp.csv,exact_name_team_season,1.0,2178.0,Medium,"Pulliam, Kyle",William & Mary,Colonial Athletic Association,5242594.0,6-4,Jr,WG,21.0,0.3745,0.3718,108.559,0.2384,0.2716,-0.6498,1.4648,-2.1146000000000003,exact_name_team_season,1.0,2080.0,Kyle Pulliam,William & Mary,0.53,-1.17,-0.64,794.0,0.91,-0.48,0.42,101.6,111.4,-9.8,-66.0,kyle pulliam,state thomas aquinas,2024.0,126763,2025.0,1.42815,1.35724,-1.84055,0.390645,-2.2312,-1.88208,-0.0294248,-1.85266,mid_major,77.0,55.287009,58.933333,30.21148,0.435045,1.741935,7.635468,11.783225,22.323758,4.490083,11.494177,1.288184,1.907415,22.238994,1.861635,4.27673,6.138365,2.716981,1.559748,1.509434,0.503145,0.444,0.76,7.768496,combined_exact,combined_player_database,archetype_exact_name_team_season,0.0,0.4307214136,0.7132581553,0.2867418447,0.2862231913,0.4307214136,0.0,0.0,0.2729466242,0.0101087708
9164,ncaa_direct,2023-24,2024,2024-25,2025,Lawrence Foreman,St. Thomas Aquinas,,30,28.0,514.0,17.133,167,5.567,72,122.0,0,1.0,23,38.0,173,6,23,11,7,,20.0,lawrenceforeman,matched,1,lawrenceforeman,1,0,Lawrence Foreman,Maryland Eastern Shore,MEAC,2025,73028,bt_pid:73028,2,12.35,2.0,-15.496,81.0,/Users/adriankong/Desktop/TROP/trank_final_data_2025_with_pbp.csv,unmatched,,,,,,,,,,,,,,,,,,,,unmatched,,,,,,,,,,,,,,,,lawrence foreman,state thomas aquinas,2024.0,73028,2025.0,,,,,,,,,mid_major,81.0,59.055118,60.349612,30.708661,0.007874,0.25,14.272122,1.795057,13.765432,15.176018,19.729265,1.342462,1.04122,13.033708,6.292135,7.340824,13.632959,0.449438,1.797753,0.82397,0.524345,0.0,0.615,0.080316,combined_exact,combined_player_database,archetype_exact_name_team_season,0.0,0.5470986596,0.9179225963,0.0820774037,0.0,0.213384476,0.0,0.5470986596,0.2395168644,0.0
9167,ncaa_direct,2023-24,2024,2024-25,2025,Rich Smith,St. Thomas Aquinas,,22,22.0,549.0,24.955,183,8.318,70,144.0,2,5.0,41,75.0,137,108,40,31,11,,4.0,richsmith,matched,1,richsmith,1,0,Rich Smith,Abilene Christian,WAC,2025,126981,bt_pid:126981,28,21.5871,5.2258,0.695296,76.0,/Users/adriankong/Desktop/TROP/trank_final_data_2025_with_pbp.csv,exact_name_team_season,1.0,916.0,Low,"Smith, Rich",Abilene Christian,Western Athletic Conference,5241310.0,6-4,Jr,s-PG,28.0,0.5251,0.5284,100.6435,0.171,-1.1469,-0.8245,-2.0569,1.2324000000000002,exact_name_team_season,1.0,800.0,Rich Smith,Abilene Christian,0.34,1.87,2.22,1082.0,0.5,1.25,1.75,98.0,97.2,0.8,42.0,rich smith,state thomas aquinas,2024.0,126981,2025.0,0.39017,2.33275,0.695296,-2.09533,2.79063,0.159426,-2.58237,2.7418,mid_major,75.0,50.970874,53.831418,60.679612,0.029126,2.793103,18.181818,32.405581,17.695908,6.856171,20.736882,1.949441,3.014829,14.263959,2.84264,7.715736,10.558376,8.22335,2.944162,2.385787,0.761421,0.333,0.568,0.326563,combined_exact,combined_player_database,archetype_exact_name_team_season,0.0,0.671073309,1.0,0.0,0.0,0.2962703734,0.0,0.0326563177,0.0,0.671073309
9188,ncaa_direct,2023-24,2024,2024-25,2025,Jaylen Thompson,Tex. A&M Int'l,,25,6.0,572.0,22.88,183,7.32,66,168.0,19,61.0,32,58.0,108,27,26,19,8,,4.0,jaylenthompson,matched_prior_d1_experience,1,jaylenthompson,1,1,Jaylen Thompson,Stanford,ACC,2025,76750,bt_pid:76750,20,5.825,1.4,-1.79046,80.0,/Users/adriankong/Desktop/TROP/trank_final_data_2025_with_pbp.csv,unmatched,,,,,,,,,,,,,,,,,,,,unmatched,,,,,,,,,,,,,,,,jaylen thompson,tex a and m int l,2024.0,76750,2025.0,0.258581,0.540292,-1.79046,-0.850217,-0.940248,-1.43625,-0.0566131,-1.37963,power_4,,44.940476,47.281935,34.52381,0.363095,1.038462,11.844023,9.380943,19.443761,6.004376,17.641791,1.469788,1.937436,12.797202797202797,,,7.5524475524475525,1.8881118881118881,1.8181818181818181,1.3286713286713288,0.5594405594405595,0.3114754098360656,0.5517241379310345,,alt_exact_name_team_season,website_priority_advanced_export,archetype_unique_name_season,0.0,0.5807624932,0.817256783,0.182743217,0.0147260879,0.5807624932,0.0530846586,0.0653834926,0.2860432677,0.0
9204,ncaa_direct,2023-24,2024,2024-25,2025,Nathan Dudukovich,Thomas More,,31,20.0,928.0,29.935,377,12.161,125,312.0,84,237.0,43,57.0,62,19,16,13,4,,21.0,nathandudukovich,matched,1,nathandudukovich,1,0,Nathan Dudukovich,IU Indy,Horz,2025,126935,bt_pid:126935,13,13.25,3.8125,-10.3455,75.0,/Users/adriankong/Desktop/TROP/trank_final_data_2025_with_pbp.csv,unmatched,,,,,,,,,,,,,,,,,,,,unmatched,,,,,,,,,,,,,,,,nathan dudukovich,thomas more,2024.0,126935,2025.0,-0.557556,0.0713524,-10.3455,-4.18481,-6.16067,-8.80013,-3.59115,-5.20898,mid_major,,53.525641,55.921443,18.269231,0.759615,1.1875,4.531551,3.806667,21.395263,1.2952,7.249865,0.446052,0.883746,16.25,,,2.6724137931034484,0.8189655172413793,0.6896551724137931,0.5603448275862069,0.1724137931034483,0.3544303797468354,0.7543859649122807,,alt_exact_name_team_season,step26_height_class_advanced_export,archetype_exact_name_team_season,0.0,0.4307110989,0.8737844788,0.1262155212,0.233918869,0.0,0.3353700321,0.0,0.4307110989,0.0
9230,ncaa_direct,2023-24,2024,2024-25,2025,Tommy Gankhuyag,Trevecca Nazarene,,26,20.0,637.0,24.5,289,11.115,118,211.0,21,57.0,32,49.0,166,57,51,10,12,,33.0,tommygankhuyag,matched,1,tommygankhuyag,1,0,Tommy Gankhuyag,UT Rio Grande Valley,Slnd,2025,127378,bt_pid:127378,15,11.9368,3.8421,-1.95418,80.0,/Users/adriankong/Desktop/TROP/trank_final_data_2025_with_pbp.csv,unmatched,,,,,,,,,,,,,,,,,,,,unmatched,,,,,,,,,,,,,,,,tommy gankhuyag,trevecca nazarene,2024.0,127378,2025.0,0.219491,0.97785,-1.95418,-1.86088,-0.093307,-1.61152,-2.73988,1.12836,mid_major,,61.778846,62.872415,22.115385,0.269231,1.122449,17.674217,17.849341,22.931713,9.717831,20.815762,2.00613,0.732037,18.14756671899529,,,10.423861852433282,3.5792778649921506,3.2025117739403455,0.6279434850863422,0.7535321821036107,0.375,0.6521739130434783,,alt_exact_name_team_season,step26_height_class_advanced_export,archetype_exact_name_team_season,0.0,0.5248988719,1.0,0.0,0.0,0.5248988719,0.2260645819,0.0955861234,0.0,0.1534504228
9261,ncaa_direct,2023-24,2024,2024-25,2025,Kris Mickens,Tuskegee,,26,13.0,524.0,20.154,121,4.654,36,117.0,23,68.0,26,32.0,70,19,19,12,4,,24.0,krismickens,matched,1,krismickens,1,0,Kris Mickens,Longwood,BSth,2025,127453,bt_pid:127453,2,2.425,1.0,-5.55255,77.0,/Users/adriankong/Desktop/TROP/trank_final_data_2025_with_pbp.csv,unmatched,,,,,,,,,,,,,,,,,,,,unmatched,,,,,,,,,,,,,,,,kris mickens,tuskegee,2024.0,127453,2025.0,,,,,,,,,mid_major,,40.598291,46.15502,27.350427,0.581197,1.0,12.659915,7.633198,14.381063,4.477445,10.4685,0.974822,1.332405,9.236641221374045,,,5.343511450381679,1.450381679389313,1.450381679389313,0.916030534351145,0.3053435114503817,0.3382352941176471,0.8125,,alt_exact_name_team_season,step26_height_class_advanced_export,archetype_exact_name_team_season,0.0,0.6567721275,0.7051592614,0.2948407386,0.0,0.1446909868,0.1019176236,0.0966192621,0.6567721275,0.0
9272,ncaa_direct,2023-24,2024,2024-25,2025,Jack Kostel,UAH,,32,32.0,1025.0,32.031,430,13.438,155,304.0,34,119.0,86,106.0,168,136,60,49,0,,11.0,jackkostel,matched,1,jackkostel,1,0,Jack Kostel,Chattanooga,SC,2025,127868,bt_pid:127868,36,16.3632,4.9737,-0.0397905,74.0,/Users/adriankong/Desktop/TROP/trank_final_data_2025_with_pbp.csv,exact_name_team_season,1.0,2096.0,Low,"Kostel, Jack",Chattanooga,Southern Conference,5243216.0,6-2,Sr,WG,36.0,0.3973,0.3967,114.4685,0.1493,0.6323,0.2703,2.1584,-1.8881,exact_name_team_season,1.0,1585.0,Jack Kostel,Chattanooga,1.54,-1.17,0.37,970.0,1.33,-0.4,0.93,112.1,112.4,-0.3,17.0,jack kostel,uah,2024.0,127868,2025.0,0.907427,1.21522,-0.0397905,1.04462,-1.08441,0.42709,1.16199,-0.734905,mid_major,,56.578947,61.31645,34.868421,0.391447,2.266667,14.611338,24.634608,21.248742,1.575669,16.136397,0.0,2.745536,16.78048780487805,,,6.556097560975609,5.307317073170732,2.341463414634146,1.9121951219512194,0.0,0.2857142857142857,0.8113207547169812,,alt_exact_name_team_season,website_priority_advanced_export,archetype_unique_name_season,0.0,0.5592477157,0.8693074248,0.1306925752,0.2465838147,0.1941684697,0.0,0.0,0.0,0.5592477157
9281,ncaa_direct,2023-24,2024,2024-25,2025,Jarvis Walker,UIndy,,32,28.0,826.0,25.812,424,13.25,148,312.0,64,146.0,64,90.0,64,68,48,19,3,,4.0,jarviswalker,matched,1,jarviswalker,1,0,Jarvis Walker,IU Indy,Horz,2025,72394,bt_pid:72394,29,32.0781,15.8438,-5.4259,75.0,/Users/adriankong/Desktop/TROP/trank_final_data_2025_with_pbp.csv,exact_name_team_season,1.0,2877.0,Low,"Walker, Jarvis",IU Indy,Horizon League,4702941.0,6-3,Sr,s-PG,29.0,0.8337,0.8307,103.3467,0.2766,-0.7024,-1.0594,5.2208,-6.2802,exact_name_team_season,1.0,2686.0,Jarvis Walker,IU Indy,0.52,-2.88,-2.36,1596.0,0.95,-0.61,0.34,105.4,122.5,-17.1,-210.0,jarvis walker,uindy,2024.0,72394,2025.0,2.15477,0.733888,-5.4259,0.0305982,-5.4565,-4.42441,-0.185356,-4.23906,mid_major,,57.692308,60.295791,28.846154,0.467949,1.416667,12.012012,16.754853,24.5967,1.834688,7.080694,0.445029,1.363475,20.53268765133172,,,3.099273607748184,3.2929782082324457,2.324455205811138,0.9200968523002422,0.14527845036319612,0.4383561643835616,0.7111111111111111,,alt_exact_name_team_season,website_priority_advanced_export,archetype_unique_name_season,0.0,0.323046129,0.9834018376,0.0165981624,0.323046129,0.0,0.1437863791,0.0,0.2707618019,0.26240569
9284,ncaa_direct,2023-24,2024,2024-25,2025,Julian Steinfeld,UIndy,,32,0.0,394.0,12.312,86,2.688,37,53.0,0,1.0,12,26.0,133,10,16,6,26,,21.0,juliansteinfeld,matched,1,juliansteinfeld,1,0,Julian Steinfeld,IU Indy,Horz,2025,127474,bt_pid:127474,6,14.7167,1.3333,-3.34341,84.0,/Users/adriankong/Desktop/TROP/trank_final_data_2025_with_pbp.csv,unmatched,,,,,,,,,,,,,,,,,,,,unmatched,,,,,,,,,,,,,,,,julian steinfeld,uindy,2024.0,127474,2025.0,-0.103484,0.538132,-3.34341,-4.65831,1.3149,-3.57024,-2.76878,-0.801461,mid_major,,69.811321,66.72874,49.056604,0.018868,0.625,19.890602,4.494064,10.567054,14.758611,24.889458,8.231339,0.918915,8.730964467005077,,,13.50253807106599,1.015228426395939,1.6243654822335025,0.6091370558375635,2.6395939086294415,0.0,0.4615384615384615,,alt_exact_name_team_season,website_priority_advanced_export,archetype_unique_name_season,0.0,1.0,0.9489253379,0.0510746621,0.0,0.0,0.0,1.0,0.0,0.0
9286,ncaa_direct,2023-24,2024,2024-25,2025,Paul Zilinskas,UIndy,,20,18.0,530.0,26.5,250,12.5,84,185.0,33,89.0,49,54.0,60,47,24,20,3,,5.0,paulzilinskas,matched,1,paulzilinskas,1,0,Paul Zilinskas,IU Indy,Horz,2025,128216,bt_pid:128216,28,31.5032,17.9677,-2.38228,78.0,/Users/adriankong/Desktop/TROP/trank_final_data_2025_with_pbp.csv,exact_name_team_season,1.0,1188.0,Low,"Zilinskas, Paul",IU Indy,Horizon League,4708790.0,6-6,Sr,WG,28.0,0.7913,0.7922,117.8466,0.2556,2.9316,2.664,2.1446,0.5194000000000001,exact_name_team_season,1.0,953.0,Paul Zilinskas,IU Indy,3.41,-1.58,1.84,1522.0,3.74,-0.76,2.98,109.1,118.5,-9.4,-92.0,paul zilinskas,uindy,2024.0,128216,2025.0,3.61679,0.741787,-2.38228,3.03173,-5.41402,0.672146,4.54423,-3.87208,mid_major,,54.324324,59.877371,29.189189,0.481081,1.958333,10.31105,17.231771,22.242698,2.191022,10.777137,0.690901,2.228185,18.867924528301888,,,4.528301886792453,3.547169811320755,1.8113207547169812,1.509433962264151,0.22641509433962265,0.3707865168539326,0.9074074074074074,,alt_exact_name_team_season,website_priority_advanced_export,archetype_unique_name_season,0.0,0.4676880797,0.7397734527,0.2602265473,0.4676880797,0.1746104123,0.0,0.0,0.1156036684,0.2420978397
9287,ncaa_direct,2023-24,2024,2024-25,2025,Sean Craig,UIndy,,32,1.0,554.0,17.312,94,2.938,34,100.0,18,58.0,8,17.0,119,21,16,20,4,,33.0,seancraig,matched,1,seancraig,1,0,Sean Craig,IU Indy,Horz,2025,126732,bt_pid:126732,29,32.0344,12.0938,-0.115969,79.0,/Users/adriankong/Desktop/TROP/trank_final_data_2025_with_pbp.csv,exact_name_team_season,1.0,2177.0,Low,"Craig, Sean",IU Indy,Horizon League,5115458.0,6-7,Jr,S-PF,29.0,0.8199,0.8175,113.2083,0.2003,1.0032,-0.0516,2.0613,-2.1129,exact_name_team_season,1.0,1454.0,Sean Craig,IU Indy,1.4,-0.73,0.68,1570.0,2.29,0.44,2.72,105.9,118.6,-12.7,-149.0,sean craig,uindy,2024.0,126732,2025.0,2.46658,1.35761,-0.115969,1.97705,-2.09302,-0.416434,2.24089,-2.65732,mid_major,,43.0,43.729066,17.0,0.58,1.3125,12.957564,6.326253,11.503245,6.621448,18.491014,0.898047,2.172181,6.787003610108303,,,8.592057761732852,1.516245487364621,1.1552346570397112,1.444043321299639,0.2888086642599278,0.3103448275862069,0.4705882352941176,,alt_exact_name_team_season,website_priority_advanced_export,archetype_unique_name_season,0.0,0.3909996333,0.5297591612,0.4702408388,0.0,0.3909996333,0.1714800205,0.3080479512,0.1294723951,0.0
9305,ncaa_direct,2023-24,2024,2024-25,2025,Jameel Rideout,USC Aiken,,11,11.0,289.0,26.273,82,7.455,28,86.0,11,46.0,15,18.0,26,26,15,9,1,,,jameelrideout,matched,1,jameelrideout,1,0,Jameel Rideout,Elon,CAA,2025,127203,bt_pid:127203,6,9.8429,2.8571,-5.14995,74.0,/Users/adriankong/Desktop/TROP/trank_final_data_2025_with_pbp.csv,unmatched,,,,,,,,,,,,,,,,,,,,unmatched,,,,,,,,,,,,,,,,jameel rideout,usc aiken,2024.0,127203,2025.0,-0.651728,0.678477,-5.14995,-5.41128,0.261333,-4.73036,-5.70438,0.974019,mid_major,,50.590551,54.097771,21.653543,0.57874,1.408163,14.97555,14.270632,20.286879,2.032605,7.227373,0.412049,1.945186,11.349480968858131,,,3.5986159169550174,3.5986159169550174,2.0761245674740483,1.245674740484429,0.1384083044982699,0.3877551020408163,0.8,,alt_exact_name_team_season,website_priority_advanced_export,archetype_unique_name_season,0.0,0.4512408518,0.8136897595,0.1863102405,0.4512408518,0.0,0.0016843292,0.0,0.4007167637,0.1463580553
9309,ncaa_direct,2023-24,2024,2024-25,2025,Tyler Johnson,USC Aiken,,11,11.0,354.0,32.182,191,17.364,68,140.0,21,53.0,34,42.0,88,25,29,21,2,,3.0,tylerjohnson,matched,1,tylerjohnson,1,0,Tyler Johnson,Mercer,SC,2025,127100,bt_pid:127100,31,33.2152,15.697,-1.90067,74.0,/Users/adriankong/Desktop/TROP/trank_final_data_2025_with_pbp.csv,exact_name_team_season,1.0,1728.0,Low,"Johnson, Tyler",Mercer,Southern Conference,5243234.0,6-2,Sr,WG,31.0,0.8477,0.8461,107.5216,0.2118,-0.2745,-0.7892,0.1315,-0.9207,exact_name_team_season,1.0,1182.0,Tyler Johnson,Mercer,1.28,-0.04,1.25,1906.0,1.39,-0.68,0.72,99.6,104.1,-4.6,-33.0,tyler johnson,usc aiken,2024.0,127100,2025.0,1.89815,2.32534,-1.90067,-0.208396,-1.69227,-0.672815,0.427148,-1.09996,mid_major,,55.2,59.292287,28.266667,0.408,0.96875,13.178486,12.227227,25.684292,5.548228,18.139268,0.70296,3.441412,21.581920903954803,,,9.943502824858758,2.824858757062147,3.2768361581920904,2.3728813559322033,0.22598870056497175,0.392156862745098,0.8113207547169812,,alt_exact_name_team_season,website_priority_advanced_export,archetype_unique_name_season,0.0,0.540917202,0.925876523,0.074123477,0.540917202,0.447485162,0.0,0.0,0.011597636,0.0
9316,ncaa_direct,2023-24,2024,2024-25,2025,Jordan Pyke,Union (TN),,24,18.0,608.0,25.333,313,13.042,119,237.0,16,65.0,59,96.0,137,52,58,22,14,,5.0,jordanpyke,matched,1,jordanpyke,1,0,Jordan Pyke,Incarnate Word,Slnd,2025,126765,bt_pid:126765,32,25.0528,10.6389,0.337656,79.0,/Users/adriankong/Desktop/TROP/trank_final_data_2025_with_pbp.csv,unique_name_season,0.2353,1480.0,Low,"Pyke, Jordan",UIW,Southland Conference,5242568.0,6-7,So,WG,31.0,0.6288,0.633,114.3896,0.2177,1.3905,1.2649,1.5186,-0.2537,exact_name_team_season,1.0,1496.0,Jordan Pyke,Incarnate Word,1.48,-0.92,0.57,1344.0,1.75,-0.28,1.47,105.9,111.5,-5.6,1.0,jordan pyke,union tn,2024.0,126765,2025.0,2.18868,1.79585,0.337656,1.09814,-0.760485,0.572651,1.72592,-1.15327,mid_major,,55.283019,57.357088,40.377358,0.283019,0.966667,16.125564,18.596857,27.767471,7.382875,16.547666,1.994567,1.93623,20.592105263157894,,,9.013157894736842,3.4210526315789473,3.8157894736842106,1.4473684210526316,0.9210526315789473,0.2533333333333333,0.6074766355140186,,alt_exact_name_team_season,step26_height_class_advanced_export,archetype_exact_name_team_season,0.0,0.4791417877,1.0,0.0,0.2795996034,0.4791417877,0.065547567,0.0634124489,0.0,0.1122985931
9367,ncaa_direct,2023-24,2024,2024-25,2025,Garrison Keeslar,Walsh,,29,29.0,1042.0,35.931,450,15.517,156,358.0,32,105.0,106,133.0,193,143,35,46,12,,21.0,garrisonkeeslar,matched,1,garrisonkeeslar,1,0,Garrison Keeslar,Chattanooga,SC,2025,127798,bt_pid:127798,36,28.7579,6.3421,3.88855,79.0,/Users/adriankong/Desktop/TROP/trank_final_data_2025_with_pbp.csv,exact_name_team_season,1.0,407.0,Low,"Keeslar, Garrison",Chattanooga,Southern Conference,5243220.0,6-7,Sr,WG,36.0,0.7038,0.7101,129.6295,0.1277,2.3151,3.1952,-0.1682,3.3634,exact_name_team_season,1.0,314.0,Garrison Keeslar,Chattanooga,3.53,0.8,4.33,1747.0,2.91,0.66,3.57,117.0,105.5,11.5,185.0,garrison keeslar,walsh,2024.0,127798,2025.0,2.53096,2.30514,3.88855,2.92697,0.961582,2.70642,1.65857,1.04785,mid_major,,48.044693,54.019015,37.150838,0.293296,4.085714,7.751595,25.746285,23.782423,4.932594,16.121177,1.37931,2.733017,17.27447216890595,,,7.408829174664107,5.4894433781190015,1.3435700575815739,1.765834932821497,0.46065259117082535,0.3047619047619048,0.7969924812030075,,alt_exact_name_team_season,step26_height_class_advanced_export,archetype_exact_name_team_season,0.0,0.6822667476,0.8150128489,0.1849871511,0.0,0.3177332524,0.0,0.0,0.0,0.6822667476
9387,ncaa_direct,2023-24,2024,2024-25,2025,Hutch Ward,Wayne St. (MI),,18,0.0,167.0,9.278,33,1.833,11,37.0,6,29.0,5,8.0,25,3,4,0,2,,12.0,hutchward,matched,1,hutchward,1,0,Hutch Ward,Western Michigan,MAC,2025,126641,bt_pid:126641,8,1.9778,0.5556,-0.998605,79.0,/Users/adriankong/Desktop/TROP/trank_final_data_2025_with_pbp.csv,unmatched,,,,,,,,,,,,,,,,,,,,unmatched,,,,,,,,,,,,,,,,hutch ward,wayne state mi,2024.0,126641,2025.0,,,,,,,,,mid_major,,45.918367,49.854967,28.571429,0.795918,0.714286,11.261261,3.846428,14.763655,2.205957,13.927164,0.946849,0.795173,7.904191616766467,,,5.9880239520958085,0.718562874251497,0.9580838323353293,0.0,0.47904191616766467,0.282051282051282,0.7142857142857143,,alt_exact_name_team_season,website_priority_advanced_export,archetype_unique_name_season,0.0,0.7384358494,0.757144367,0.242855633,0.0,0.0,0.7384358494,0.1241914023,0.1373727482,0.0
9395,ncaa_direct,2023-24,2024,2024-25,2025,Alec Millender,Wayne St. (NE),,28,28.0,841.0,30.036,375,13.393,128,289.0,41,111.0,78,96.0,74,86,45,33,2,,1.0,alecmillender,matched,1,alecmillender,1,0,Alec Millender,IU Indy,Horz,2025,127935,bt_pid:127935,29,30.4094,8.1562,-3.18826,73.0,/Users/adriankong/Desktop/TROP/trank_final_data_2025_with_pbp.csv,exact_name_team_season,1.0,2191.0,Low,"Millender, Alec",IU Indy,Horizon League,5241657.0,6-1,Sr,s-PG,29.0,0.7786,0.7764,124.8348,0.1417,1.8607,1.1531,3.2957,-2.1426,exact_name_team_season,1.0,1498.0,Alec Millender,IU Indy,2.5,-1.94,0.56,1497.0,3.21,-0.77,2.45,107.1,119.5,-12.4,-135.0,alec millender,wayne state ne,2024.0,127935,2025.0,2.31139,0.533248,-3.18826,1.80562,-4.99387,-3.13467,-0.0654357,-3.06924,mid_major,,50.983607,56.591402,34.098361,0.386885,1.94,12.476295,19.835659,23.24644,1.572173,7.870376,0.26526,2.272358,17.8359096313912,,,3.5196195005945303,4.090368608799049,2.140309155766944,1.5695600475624256,0.09512485136741974,0.3644067796610169,0.8269230769230769,,alt_exact_name_team_season,website_priority_advanced_export,archetype_unique_name_season,0.0,0.4672195227,0.9192422081,0.0807577919,0.3353702553,0.0042572376,0.0,0.0,0.1931529844,0.4672195227
9404,ncaa_direct,2023-24,2024,2024-25,2025,Trey Deveaux,Wayne St. (NE),,28,28.0,834.0,29.786,438,15.643,169,354.0,25,68.0,75,98.0,176,34,52,19,16,,7.0,treydeveaux,matched,1,treydeveaux,1,0,Trey Deveaux,Western Illinois,OVC,2025,128311,bt_pid:128311,27,23.7586,9.0345,-4.13201,77.0,/Users/adriankong/Desktop/TROP/trank_final_data_2025_with_pbp.csv,exact_name_team_season,1.0,1872.0,Low,"Deveaux, Trey",Western Ill.,Ohio Valley Conference,5243013.0,6-5,Sr,WF,27.0,0.5764,0.5757,107.6954,0.2222,-0.2289,-0.663,0.6798,-1.3428,exact_name_team_season,1.0,2216.0,Trey Deveaux,Western Illinois,-0.33,-0.6,-0.93,1062.0,0.09,-0.76,-0.67,97.7,110.9,-13.2,-70.0,trey deveaux,wayne state ne,2024.0,128311,2025.0,1.35227,1.17661,-4.13201,-1.43926,-2.69275,-2.37551,-0.00501848,-2.3705,mid_major,,50.802139,55.035184,28.342246,0.200535,0.603448,12.117667,8.00026,28.195343,5.987256,17.761485,2.289748,1.450534,21.007194244604317,,,8.441247002398082,1.630695443645084,2.4940047961630696,0.9112709832134293,0.7673860911270983,0.3733333333333333,0.7830188679245284,,alt_exact_name_team_season,website_priority_advanced_export,archetype_unique_name_season,0.0,0.5393619853,1.0,0.0,0.1090807937,0.5393619853,0.0264024012,0.0379625563,0.2871922635,0.0
9425,ncaa_direct,2023-24,2024,2024-25,2025,Robert Smith,West Chester,,24,24.0,699.0,29.125,396,16.5,144,328.0,58,166.0,50,66.0,78,47,47,30,2,,2.0,robertsmith,matched,1,robertsmith,1,0,Robert Smith,Delaware St.,MEAC,2025,126766,bt_pid:126766,26,30.6733,18.0333,-3.0734,73.0,/Users/adriankong/Desktop/TROP/trank_final_data_2025_with_pbp.csv,exact_name_team_season,1.0,2175.0,Low,"Smith, Robert",Delaware St.,Mid-Eastern Athletic Conference,5243396.0,6-1,Sr,CG,26.0,0.802,0.7989,102.2004,0.2798,-1.8374,-1.0391,1.0704,-2.1094999999999997,exact_name_team_season,1.0,1491.0,Robert Smith,Delaware State,1.31,-0.73,0.58,1506.0,1.02,-0.61,0.41,101.4,108.9,-7.5,7.0,robert smith,west chester,2024.0,126766,2025.0,1.92032,1.73602,-3.0734,0.349071,-3.42247,-0.557711,1.70104,-2.25875,mid_major,,53.430079,56.311761,20.316623,0.514512,1.0,11.566141,12.175292,26.28455,3.143239,8.808227,0.280056,2.057236,22.660944206008583,,,4.463519313304721,2.6895565092989986,2.6895565092989986,1.7167381974248928,0.11444921316165951,0.3641025641025641,0.7792207792207793,,alt_exact_name_team_season,website_priority_advanced_export,archetype_unique_name_season,0.0,0.6282410976,0.977702256,0.022297744,0.6282410976,0.0089524922,0.0331582276,0.0,0.3296481826,0.0
9431,ncaa_direct,2023-24,2024,2024-25,2025,Kolten Griffin,West Ga.,,30,30.0,918.0,30.6,245,8.167,92,193.0,24,69.0,37,50.0,202,43,40,26,17,,11.0,koltengriffin,matched,1,koltengriffin,1,0,Kolten Griffin,West Georgia,ASun,2025,127249,bt_pid:127249,29,30.16,9.2667,-4.43257,78.0,/Users/adriankong/Desktop/TROP/trank_final_data_2025_with_pbp.csv,unique_name_season,0.7368,2848.0,Low,"Griffin, Kolten",West Ga.,ASUN Conference,5240029.0,6-6,Sr,WF,29.0,0.7312,0.7364,94.6288,0.1949,-2.8351,-2.9516,2.8218,-5.7734000000000005,exact_name_team_season,1.0,2670.0,Kolten Griffin,West Georgia,-1.13,-1.15,-2.28,1508.0,-0.96,-0.11,-1.07,95.1,115.8,-20.6,-284.0,kolten griffin,west ga,2024.0,127249,2025.0,-0.120573,1.45127,-4.43257,-2.71214,-1.72044,-5.17725,-3.11617,-2.06107,mid_major,,53.521127,56.279621,24.882629,0.342723,1.111111,15.996019,7.971207,13.800619,6.35152,17.01212,2.30074,1.757361,10.675381263616558,,,8.801742919389978,1.8736383442265796,1.7429193899782136,1.1328976034858387,0.7407407407407407,0.356,0.717,,alt_exact_name_team_season,step26_height_class_advanced_export,archetype_exact_name_team_season,0.0,0.3933946143,0.8729972099,0.1270027901,0.0,0.2418866683,0.0,0.2288014432,0.3933946143,0.1359172742
9433,ncaa_direct,2023-24,2024,2024-25,2025,Michael Griffin,West Ga.,,30,0.0,352.0,11.733,84,2.8,23,56.0,0,8.0,38,64.0,112,17,28,20,11,,10.0,michaelgriffin,matched,1,michaelgriffin,1,0,Michael Griffin,West Georgia,ASun,2025,127416,bt_pid:127416,25,11.8577,2.3462,-3.61513,76.0,/Users/adriankong/Desktop/TROP/trank_final_data_2025_with_pbp.csv,unique_name_season,0.7368,2050.0,Low,"Griffin, Michael",West Ga.,ASUN Conference,5240028.0,6-4,Sr,WG,25.0,0.2536,0.2507,99.004,0.1281,-1.6142,-2.3379,-0.5859,-1.7519999999999998,exact_name_team_season,1.0,2495.0,Michael Griffin,West Georgia,-2.14,0.43,-1.71,524.0,-1.32,-0.38,-1.71,87.5,106.7,-19.2,-103.0,michael griffin,west ga,2024.0,127416,2025.0,-0.114252,0.67085,-3.61513,-3.9039,0.28877,-4.16646,-3.06546,-1.10101,mid_major,,44.69697,52.083333,100.0,0.151515,0.62069,23.379555,6.939357,15.366131,16.914058,16.045264,2.904974,3.006239,9.545454545454545,,,12.727272727272727,1.9318181818181819,3.1818181818181817,2.272727272727273,1.25,0.1,0.606,,alt_exact_name_team_season,step26_height_class_advanced_export,archetype_exact_name_team_season,0.0,0.5700902858,0.6257678921,0.3742321079,0.0,0.4299097142,0.0,0.5700902858,0.0,0.0
9434,ncaa_direct,2023-24,2024,2024-25,2025,Tamaury Releford,West Ga.,,29,0.0,438.0,15.103,157,5.414,67,112.0,0,0.0,23,38.0,130,1,22,19,10,,24.0,tamauryreleford,matched,1,tamauryreleford,1,0,Tamaury Releford,West Georgia,ASun,2025,128249,bt_pid:128249,29,15.7067,7.2333,-3.4407,80.0,/Users/adriankong/Desktop/TROP/trank_final_data_2025_with_pbp.csv,unique_name_season,0.7368,974.0,Low,"Releford, Tamaury",West Ga.,ASUN Conference,5240034.0,6-8,Sr,C,29.0,0.374,0.3773,117.7473,0.2223,2.0695,-0.3807,-1.4425,1.0618,exact_name_team_season,1.0,1681.0,Tamaury Releford,West Georgia,-0.52,0.7,0.18,765.0,0.44,0.19,0.64,92.8,106.3,-13.5,-74.0,tamaury releford,west ga,2024.0,128249,2025.0,1.31259,0.997744,-3.4407,-0.828602,-2.6121,-2.07862,0.343903,-2.42252,mid_major,,61.068702,61.911171,30.534351,0.0,0.041667,13.904983,0.361211,17.279958,17.204489,16.104417,3.414827,2.545224,14.337899543378995,,,11.872146118721462,0.091324200913242,2.009132420091324,1.735159817351598,0.91324200913242,0.0,0.6,,alt_exact_name_team_season,step26_height_class_advanced_export,archetype_exact_name_team_season,0.0,0.6355932547,0.8891894147,0.1108105853,0.0,0.2198660791,0.0,0.6355932547,0.1445406662,0.0
9435,ncaa_direct,2023-24,2024,2024-25,2025,Zawdie Jackson,West Ga.,,29,29.0,1027.0,35.414,660,22.759,201,390.0,55,120.0,203,235.0,86,157,73,43,0,,3.0,zawdiejackson,matched,1,zawdiejackson,1,0,Zawdie Jackson,New Mexico St.,CUSA,2025,127723,bt_pid:127723,29,27.6594,10.5,1.65095,71.0,/Users/adriankong/Desktop/TROP/trank_final_data_2025_with_pbp.csv,exact_name_team_season,1.0,841.0,Medium,"Jackson, Zawdie",New Mexico St.,Conference USA,5242602.0,5-11,Sr,s-PG,29.0,0.7021,0.6984,111.1945,0.2129,1.475,1.1868,-0.291,1.4778,exact_name_team_season,1.0,905.0,Zawdie Jackson,New Mexico State,1.92,0.03,1.95,1348.0,2.14,-0.63,1.51,101.4,100.7,0.7,23.0,zawdie jackson,west ga,2024.0,127723,2025.0,2.12715,2.46874,1.65095,1.20617,0.444776,1.64137,0.741375,0.899994,mid_major,,57.545045,65.329441,56.756757,0.295045,2.180723,13.011852,28.777005,26.654397,1.967329,6.896192,0.0,2.317781,25.70593962999026,,,3.3495618305744888,6.114897760467381,2.843232716650438,1.6747809152872444,0.0,0.45,0.849,,alt_exact_name_team_season,step26_height_class_advanced_export,archetype_exact_name_team_season,0.0,0.688394565,1.0,0.0,0.2731030735,0.0385023614,0.0,0.0,0.0,0.688394565
9451,ncaa_direct,2023-24,2024,2024-25,2025,Kieran Elliott,West Tex. A&M,,35,35.0,811.0,23.171,435,12.429,158,266.0,11,28.0,108,140.0,237,25,46,17,9,,4.0,kieranelliott,matched,1,kieranelliott,1,0,Kieran Elliott,Cal Poly,BW,2025,126754,bt_pid:126754,10,14.9818,5.3636,-6.90986,78.0,/Users/adriankong/Desktop/TROP/trank_final_data_2025_with_pbp.csv,unmatched,,,,,,,,,,,,,,,,,,,,unmatched,,,,,,,,,,,,,,,,kieran elliott,west tex a and m,2024.0,126754,2025.0,0.547449,1.01926,-6.90986,-3.56593,-3.34394,-5.96076,-2.59107,-3.36969,mid_major,,61.466165,66.214077,53.383459,0.105263,0.543478,12.2837,5.782902,22.570998,13.728144,18.555727,1.096621,1.166021,21.454993834771887,,,11.689272503082615,1.2330456226880395,2.2688039457459928,0.8384710234278668,0.4438964241676942,0.3928571428571428,0.7605633802816901,,alt_exact_name_team_season,step26_height_class_advanced_export,archetype_exact_name_team_season,0.0,0.5809835435,1.0,0.0,0.0,0.5809835435,0.0,0.2314174326,0.1875990239,0.0
9462,ncaa_direct,2023-24,2024,2024-25,2025,Kalil Camara,West Virginia St.,,23,2.0,416.0,18.087,192,8.348,60,119.0,38,82.0,34,44.0,69,16,21,18,18,,9.0,kalilcamara,matched,1,kalilcamara,1,0,Kalil Camara,Bethune Cookman,SWAC,2025,126716,bt_pid:126716,32,23.9844,7.6562,1.80061,79.0,/Users/adriankong/Desktop/TROP/trank_final_data_2025_with_pbp.csv,exact_name_team_season,1.0,2186.0,Low,"Camara, Kalil",Bethune-Cookman,Southwestern Athletic Conference,5113823.0,6-7,Sr,WF,32.0,0.5809,0.5827,110.6215,0.1578,-0.2506,-0.7306,1.4034,-2.134,exact_name_team_season,1.0,1717.0,Kalil Camara,Bethune-Cookman,0.43,-0.32,0.11,1334.0,1.16,-0.27,0.88,96.6,107.1,-10.6,-19.0,kalil camara,west virginia state,2024.0,126716,2025.0,1.20015,1.9235,1.80061,1.60015,0.20046,0.283465,0.0823123,0.201153,mid_major,,66.27907,68.813469,36.434109,0.689922,0.727273,12.814539,5.459924,16.679101,5.7008,10.062444,3.557728,2.008237,18.46153846153846,,,6.634615384615385,1.5384615384615385,2.019230769230769,1.7307692307692308,1.7307692307692308,0.4606741573033708,0.7446808510638298,,alt_exact_name_team_season,step26_height_class_advanced_export,archetype_exact_name_team_season,0.0,0.3053621908,0.8241860304,0.1758139696,0.2299534147,0.0,0.2321556832,0.3053621908,0.2325287113,0.0
9475,ncaa_direct,2023-24,2024,2024-25,2025,Marcus Johnson,Wheeling,,27,25.0,898.0,33.259,582,21.556,203,430.0,67,150.0,109,120.0,212,83,86,36,15,,25.0,marcusjohnson,matched,1,marcusjohnson,1,0,Marcus Johnson,Bowling Green,MAC,2025,127648,bt_pid:127648,30,31.4375,16.2188,-2.27127,79.0,/Users/adriankong/Desktop/TROP/trank_final_data_2025_with_pbp.csv,exact_name_team_season,1.0,1938.0,Low,"Johnson, Marcus",Bowling Green,Mid American Conference,5242561.0,6-7,Sr,WF,30.0,0.8224,0.7732,102.8479,0.2668,-1.3429,-0.3192,1.1584,-1.4776,exact_name_team_season,1.0,1488.0,Marcus Johnson,Bowling Green,1.0,-0.42,0.58,1694.0,0.24,-0.53,-0.29,101.0,106.7,-5.8,82.0,marcus johnson,wheeling,2024.0,127648,2025.0,1.84482,2.15402,-2.27127,-0.391274,-1.88,-0.785602,1.19465,-1.98026,mid_major,,55.0,60.273405,27.906977,0.348837,0.965116,15.11955,18.361707,29.514137,7.415894,17.070821,1.574965,2.124979,25.924276169265035,,,9.443207126948774,3.6971046770601337,3.8307349665924275,1.6035634743875278,0.6681514476614699,0.4466666666666666,0.9083333333333332,,alt_exact_name_team_season,step26_height_class_advanced_export,archetype_exact_name_team_season,0.0,0.5121931204,1.0,0.0,0.5121931204,0.4732463127,0.0145605668,0.0,0.0,0.0
9491,ncaa_direct,2023-24,2024,2024-25,2025,Amiri Stewart,Wilmington (DE),,28,25.0,768.0,27.429,489,17.464,159,296.0,43,99.0,128,166.0,124,99,73,51,24,,23.0,amiristewart,matched,1,amiristewart,1,0,Amiri Stewart,Sacred Heart,MAAC,2025,127420,bt_pid:127420,31,27.2937,12.4688,2.58869,75.0,/Users/adriankong/Desktop/TROP/trank_final_data_2025_with_pbp.csv,exact_name_team_season,1.0,1221.0,Low,"Stewart, Amiri",Sacred Heart,Metro Atlantic Athletic Conference,5111935.0,6-3,Sr,CG,31.0,0.6622,0.6564,110.0993,0.2489,0.5991,1.0651,0.6458,0.4192999999999999,exact_name_team_season,1.0,546.0,Amiri Stewart,Sacred Heart,1.83,1.33,3.16,1510.0,2.14,1.46,3.6,104.1,106.1,-2.0,70.0,amiri stewart,wilmington de,2024.0,127420,2025.0,1.95318,2.1573,2.58869,1.13388,1.45481,1.64425,0.29336,1.35089,mid_major,76.0,60.97973,66.252981,56.081081,0.334459,1.356164,16.514343,26.841104,27.279944,3.093675,13.503713,3.064803,3.733303,25.46875,1.09375,5.364583,6.458333,5.15625,3.802083,2.65625,1.25,0.434,0.771,6.209449,combined_exact,combined_player_database,archetype_exact_name_team_season,0.0,0.3758202462,1.0,0.0,0.3630542002,0.2611255536,0.0,0.0,0.0,0.3758202462
9508,ncaa_direct,2023-24,2024,2024-25,2025,Josh Massey,Wingate,,16,16.0,521.0,32.562,265,16.562,91,196.0,15,57.0,68,86.0,113,24,27,16,13,,1.0,joshmassey,matched,1,joshmassey,1,0,Josh Massey,Stetson,ASun,2025,73445,bt_pid:73445,30,25.0906,11.6875,-3.10017,78.0,/Users/adriankong/Desktop/TROP/trank_final_data_2025_with_pbp.csv,exact_name_team_season,1.0,2581.0,Low,"Massey, Josh",Stetson,ASUN Conference,4585594.0,6-6,Sr,WF,30.0,0.6265,0.632,116.7732,0.2252,1.6723,-0.5904,3.0505,-3.6409,exact_name_team_season,1.0,2426.0,Josh Massey,Stetson,-0.18,-1.34,-1.52,1330.0,0.96,-0.21,0.75,94.4,118.1,-23.6,-283.0,josh massey,wingate,2024.0,73445,2025.0,2.05803,1.05158,-3.10017,-0.00992089,-3.09025,-1.90414,0.515539,-2.41968,mid_major,,52.666667,57.837365,36.266667,0.282667,0.978261,9.566592,8.808245,24.022644,4.933453,18.093237,3.086633,1.222564,20.34548944337812,,,8.675623800383876,1.8426103646833014,2.072936660268714,1.2284069097888675,0.9980806142034548,0.3490566037735849,0.7941176470588235,,alt_exact_name_team_season,step26_height_class_advanced_export,archetype_exact_name_team_season,0.0,0.4682078641,1.0,0.0,0.0935930963,0.4682078641,0.0,0.0664780083,0.3717210313,0.0
9517,ncaa_direct,2023-24,2024,2024-25,2025,Connor Dillon,Winona St.,,30,30.0,1031.0,34.367,646,21.533,242,511.0,83,217.0,79,112.0,117,86,49,31,13,,2.0,connordillon,matched,1,connordillon,1,0,Connor Dillon,Bradley,MVC,2025,126810,bt_pid:126810,26,10.9889,3.8148,2.79488,74.0,/Users/adriankong/Desktop/TROP/trank_final_data_2025_with_pbp.csv,unmatched,,,,,,,,,,,,,,,,,,,,unmatched,,,,,,,,,,,,,,,,connor dillon,winona state,2024.0,126810,2025.0,0.915309,1.08807,2.79488,2.5532,0.241684,2.95833,1.49511,1.46323,mid_major,,56.39313,58.435668,21.374046,0.425573,1.784314,8.169411,19.529623,31.582053,2.321261,10.556367,1.397695,1.748381,25.063045586808922,,,4.539282250242483,3.3365664403491757,1.901066925315228,1.2027158098933075,0.504364694471387,0.3901345291479821,0.7053571428571429,,alt_exact_name_team_season,step26_height_class_advanced_export,archetype_exact_name_team_season,0.0,0.8505571619,0.8925881177,0.1074118823,0.8505571619,0.1025222769,0.0,0.0,0.0222811658,0.0246393955
9519,ncaa_direct,2023-24,2024,2024-25,2025,Declan Dillon,Winona St.,,30,28.0,900.0,30.0,202,6.733,79,174.0,14,45.0,30,46.0,135,108,48,21,2,,3.0,declandillon,matched,1,declandillon,1,0,Declan Dillon,SIU Edwardsville,OVC,2025,126809,bt_pid:126809,30,11.9939,2.3333,-2.58038,72.0,/Users/adriankong/Desktop/TROP/trank_final_data_2025_with_pbp.csv,exact_name_team_season,1.0,2188.0,Low,"Dillon, Declan",SIUE,Ohio Valley Conference,5242968.0,6-0,Jr,s-PG,30.0,0.2689,0.2705,104.115,0.1613,-1.1619,-1.5226,0.617,-2.1395999999999997,exact_name_team_season,1.0,2312.0,Declan Dillon,SIU Edwardsville,-0.67,-0.53,-1.2,577.0,0.49,-0.44,0.04,92.4,106.1,-13.7,-35.0,declan dillon,winona state,2024.0,126809,2025.0,0.146795,1.0256,-2.58038,-2.31679,-0.263588,-2.77944,-3.35387,0.57443,mid_major,,50.280899,52.597141,26.404494,0.258427,2.367347,19.783592,21.437447,14.437342,4.457672,13.900864,0.247762,1.429659,8.977777777777778,,,6.0,4.8,2.1333333333333333,0.9333333333333333,0.08888888888888889,0.3260869565217391,0.6382978723404256,,alt_exact_name_team_season,step26_height_class_advanced_export,archetype_exact_name_team_season,0.0,0.6957174944,0.8513657452,0.1486342548,0.0,0.1085080685,0.0,0.0841251186,0.1116493186,0.6957174944
9524,ncaa_direct,2023-24,2024,2024-25,2025,Olumide Adelodun,Winona St.,,15,5.0,380.0,25.333,205,13.667,76,173.0,24,60.0,29,36.0,101,14,21,17,3,,,olumideadelodun,matched,1,olumideadelodun,1,0,Olumide Adelodun,Niagara,MAAC,2025,74396,bt_pid:74396,30,27.8355,11.129,-0.277698,77.0,/Users/adriankong/Desktop/TROP/trank_final_data_2025_with_pbp.csv,exact_name_team_season,1.0,2550.0,Low,"Adelodun, Olumide",Niagara,Metro Atlantic Athletic Conference,4898337.0,6-5,Sr,WG,30.0,0.6957,0.703,103.6615,0.2269,-0.996,-1.1943,2.2499,-3.4441999999999995,exact_name_team_season,1.0,1865.0,Olumide Adelodun,Niagara,0.14,-0.3,-0.16,1387.0,0.74,0.3,1.04,98.1,112.4,-14.3,-122.0,olumide adelodun,winona state,2024.0,74396,2025.0,1.42469,1.99614,-0.277698,0.652879,-0.930577,0.255573,1.06112,-0.805543,mid_major,,50.273224,54.087737,21.857923,0.360656,0.714286,9.476534,8.045175,30.321602,3.288659,28.260614,1.163189,2.593252,21.57894736842105,,,10.631578947368421,1.4736842105263157,2.210526315789474,1.7894736842105263,0.3157894736842105,0.3939393939393939,0.825,,alt_exact_name_team_season,step26_height_class_advanced_export,archetype_exact_name_team_season,0.0,0.5232379818,1.0,0.0,0.2660364293,0.5232379818,0.2107255889,0.0,0.0,0.0
9530,ncaa_direct,2023-24,2024,2024-25,2025,Isaac Parson,Winston-Salem,,25,23.0,832.0,33.28,306,12.24,114,288.0,35,100.0,43,70.0,132,125,90,31,2,,5.0,isaacparson,matched,1,isaacparson,1,0,Isaac Parson,North Carolina Central,MEAC,2025,126827,bt_pid:126827,27,20.0548,7.7097,-5.11608,74.0,/Users/adriankong/Desktop/TROP/trank_final_data_2025_with_pbp.csv,exact_name_team_season,1.0,2722.0,Low,"Parson, Isaac",N.C. Central,Mid-Eastern Athletic Conference,5243401.0,6-2,Sr,PG,27.0,0.4716,0.466,105.8774,0.259,-0.7216,-0.606,3.8107,-4.4167000000000005,exact_name_team_season,1.0,2075.0,Isaac Parson,North Carolina Central,1.21,-1.84,-0.63,952.0,1.58,-0.45,1.14,101.8,118.4,-16.6,-90.0,isaac parson,winston salem,2024.0,126827,2025.0,1.1123,0.862334,-5.11608,-1.24984,-3.86624,-3.04374,-0.353958,-2.68978,mid_major,,45.37037,48.029149,26.851852,0.330247,1.4375,20.947892,29.360278,25.453924,2.957207,14.224414,0.214252,2.076292,14.711538461538462,,,6.346153846153846,6.009615384615385,4.326923076923077,1.4903846153846154,0.09615384615384616,0.3551401869158878,0.6206896551724138,,alt_exact_name_team_season,website_priority_advanced_export,archetype_unique_name_season,0.0,0.4471008739,1.0,0.0,0.3991607896,0.1537383365,0.0,0.0,0.0,0.4471008739
9535,ncaa_direct,2023-24,2024,2024-25,2025,Ketron Shaw,Winston-Salem,,22,22.0,704.0,32.0,242,11.0,88,188.0,14,42.0,52,86.0,110,38,30,13,9,,,ketronshaw,matched,1,ketronshaw,1,0,Ketron Shaw,Maryland Eastern Shore,MEAC,2025,127855,bt_pid:127855,25,35.1724,18.0,-4.47751,77.0,/Users/adriankong/Desktop/TROP/trank_final_data_2025_with_pbp.csv,unique_name_season,0.2308,2904.0,Low,"Shaw, Ketron",UMES,Mid-Eastern Athletic Conference,5243387.0,6-5,Jr,WG,25.0,0.8312,0.8343,97.1416,0.3054,-2.4366,-3.7067,3.793,-7.499700000000001,exact_name_team_season,1.0,2788.0,Ketron Shaw,Maryland-Eastern Shore,-1.47,-1.28,-2.74,1532.0,-0.95,-0.07,-1.02,89.9,116.1,-26.2,-384.0,ketron shaw,winston salem,2024.0,127855,2025.0,1.586,1.56305,-4.47751,-1.91919,-2.55832,-2.43351,0.539598,-2.97311,mid_major,,50.714286,53.508912,44.761905,0.219048,1.5,10.662496,10.650847,17.920425,5.897609,10.919333,1.351295,1.339285,13.75,,,6.25,2.159090909090909,1.7045454545454546,0.7386363636363636,0.5113636363636364,0.3260869565217391,0.5957446808510638,,alt_exact_name_team_season,website_priority_advanced_export,archetype_unique_name_season,0.0,0.4246025956,1.0,0.0,0.0,0.2030130381,0.0,0.0919727761,0.4246025956,0.2804115902
9539,ncaa_direct,2023-24,2024,2024-25,2025,Colin O'Rourke,Wis.-Parkside,,29,29.0,953.0,32.862,468,16.138,157,327.0,41,113.0,113,148.0,174,45,37,24,33,,20.0,colinorourke,matched,1,colinorourke,1,0,Colin O'Rourke,Toledo,MAC,2025,127776,bt_pid:127776,1,0.7,2.0,-11.1014,80.0,/Users/adriankong/Desktop/TROP/trank_final_data_2025_with_pbp.csv,unmatched,,,,,,,,,,,,,,,,,,,,unmatched,,,,,,,,,,,,,,,,colin o rourke,wis parkside,2024.0,127776,2025.0,,,,,,,,,mid_major,,54.281346,59.67561,45.259939,0.345566,1.216216,8.622297,10.627731,25.444883,3.981497,19.534465,3.802835,1.570916,19.643231899265476,,,7.303252885624344,1.888772298006296,1.55299055613851,1.0073452256033577,1.385099685204617,0.3628318584070796,0.7635135135135135,,alt_exact_name_team_season,website_priority_advanced_export,archetype_unique_name_season,0.0,0.4851761985,0.9469165034,0.0530834966,0.2388193654,0.4851761985,0.0,0.0995327342,0.1764717019,0.0
9566,ncaa_direct,2024-25,2025,2025-26,2026,Isaiah Williams,Academy of Art,,31,29.0,970.0,31.29,443,14.29,142,337.0,44,138.0,115,168.0,156,63,67,59,32,,5.0,isaiahwilliams,matched,1,isaiahwilliams,1,0,Isaiah Williams,Portland St.,BSky,2026,133917,bt_pid:133917,23,14.4583,3.625,-0.42578,79.0,/Users/adriankong/Desktop/TROP/trank_final_data_2026_with_pbp.csv,exact_name_team_season,1.0,1485.0,Low,"Williams, Isaiah",Portland St.,Big Sky Conference,5313265.0,6-7,Sr,WG,22.0,0.2982,0.3151,104.1913,0.1361,-1.6841,-1.1452,-0.8804,-0.2648,exact_name_team_season,1.0,2022.0,Isaiah Williams,Portland State,-0.98,0.44,-0.54,581.0,-1.84,0.52,-1.32,100.9,103.1,-2.2,-15.0,isaiah williams,academy of art,2025.0,133917,2026.0,-0.107511,1.64127,-0.42578,-2.84956,2.42378,-1.94682,-4.85988,2.91306,mid_major,,48.664688,53.903436,49.851632,0.409496,0.940299,14.019083,12.318627,24.280386,3.857783,13.948804,3.789851,3.406569,18.2680412371134,,,6.43298969072165,2.597938144329897,2.7628865979381443,2.4329896907216493,1.3195876288659794,0.319,0.685,,alt_exact_name_team_season,step26_height_class_advanced_export,archetype_exact_name_team_season,0.0,0.5822905551,1.0,0.0,0.5822905551,0.0899653951,0.0,0.2363595926,0.0,0.0913844572
9619,ncaa_direct,2024-25,2025,2025-26,2026,Cole Middleton,Anderson (SC),,29,28.0,763.0,26.31,416,14.345,155,274.0,22,59.0,84,110.0,204,31,58,21,21,,24.0,colemiddleton,matched,1,colemiddleton,1,0,Cole Middleton,Lipscomb,ASun,2026,75678,bt_pid:75678,28,11.969,4.5862,-8.70974,78.0,/Users/adriankong/Desktop/TROP/trank_final_data_2026_with_pbp.csv,unmatched,,,,,,,,,,,,,,,,,,,,exact_name_team_season,1.0,2762.0,Cole Middleton,Lipscomb,-1.96,-0.67,-2.62,564.0,-3.0,-0.34,-3.35,103.1,110.6,-7.5,-28.0,cole middleton,anderson sc,2025.0,75678,2026.0,-0.131752,0.965702,-8.70974,-7.35942,-1.35032,-8.0773,-6.57348,-1.50382,mid_major,,60.649819,64.800098,41.155235,0.212996,0.525424,15.278641,7.324562,23.919055,10.073991,19.847267,2.823467,1.590309,21.8086500655308,,,10.694626474442988,1.6251638269986894,3.040629095674967,1.1009174311926606,1.1009174311926606,0.3728813559322034,0.7719298245614035,,alt_exact_name_team_season,step26_height_class_advanced_export,archetype_exact_name_team_season,0.0,0.5924103628,1.0,0.0,0.0,0.5924103628,0.0477688959,0.1776759281,0.1821448132,0.0
9642,ncaa_direct,2024-25,2025,2025-26,2026,Cassius Brooks,Arkansas Tech,,29,28.0,925.0,31.897,538,18.552,170,446.0,46,164.0,152,190.0,118,53,74,46,2,,11.0,cassiusbrooks,matched,1,cassiusbrooks,1,0,Cassius Brooks,UTEP,CUSA,2026,133728,bt_pid:133728,27,13.6567,2.7667,-5.22352,72.0,/Users/adriankong/Desktop/TROP/trank_final_data_2026_with_pbp.csv,exact_name_team_season,1.0,2758.0,Low,"Brooks, Cassius",UTEP,Conference USA,5314540.0,6-0,Sr,CG,27.0,0.3212,0.3212,88.2922,0.1386,-3.4014,-2.893,1.8725,-4.765499999999999,exact_name_team_season,1.0,2931.0,Cassius Brooks,UTEP,-2.28,-1.32,-3.6,602.0,-2.52,-0.44,-2.96,92.5,114.3,-21.8,-124.0,cassius brooks,arkansas tech,2025.0,133728,2026.0,-0.554451,1.05302,-5.22352,-4.91497,-0.308549,-6.14848,-5.83151,-0.316971,mid_major,,41.575492,49.413674,42.450766,0.358862,0.733333,12.148503,14.20978,35.061787,4.262556,10.84569,0.260085,2.969657,23.264864864864865,,,5.102702702702703,2.291891891891892,3.2,1.9891891891891893,0.08648648648648649,0.2560975609756097,0.8041237113402062,,alt_exact_name_team_season,step26_height_class_advanced_export,archetype_exact_name_team_season,0.0,0.6822291847,1.0,0.0,0.6822291847,0.2499570509,0.0,0.0,0.0678137644,0.0
9672,ncaa_direct,2024-25,2025,2025-26,2026,Demitri Gardner,Augusta,,29,29.0,993.0,34.241,673,23.207,249,495.0,42,119.0,133,163.0,122,38,60,28,21,,2.0,demitrigardner,matched,1,demitrigardner,1,0,Demitri Gardner,East Carolina,Amer,2026,143670,bt_pid:143670,18,27.8944,11.1111,-1.83551,76.0,/Users/adriankong/Desktop/TROP/trank_final_data_2026_with_pbp.csv,exact_name_team_season,1.0,1461.0,Medium,"Gardner, Demitri",East Carolina,American Athletic Conference,,,,WG,18.0,0.4139,0.4087,108.3863,0.1903,-0.0937,1.0835,1.2961,-0.2126000000000001,exact_name_team_season,1.0,1781.0,Demitri Gardner,East Carolina,1.12,-1.15,-0.03,868.0,0.39,-0.96,-0.57,106.0,111.7,-5.7,-35.0,demitri gardner,augusta,2025.0,143670,2026.0,1.3794,1.83971,-1.83551,-0.418654,-1.41686,-0.997483,0.261125,-1.25861,mid_major,,55.346535,60.071221,33.069307,0.233663,0.693548,9.68024,8.560583,30.690714,3.690958,10.181598,2.182749,1.573617,27.109768378650553,,,4.914400805639477,1.5307150050352467,2.416918429003021,1.1278952668680766,0.8459214501510574,0.3644067796610169,0.8143712574850299,,alt_exact_name_team_season,step26_height_class_advanced_export,archetype_exact_name_team_season,0.0,0.3712316369,1.0,0.0,0.2995046315,0.3292637317,0.0,0.0,0.3712316369,0.0
9676,ncaa_direct,2024-25,2025,2025-26,2026,John St. Germain III,Augusta,,29,28.0,886.0,30.552,423,14.586,135,248.0,19,44.0,134,155.0,66,139,60,49,6,,4.0,johnstgermain,matched,1,johnstgermain,1,0,John St. Germain III,Holy Cross,Pat,2026,134299,bt_pid:134299,30,15.6032,4.4516,-5.98095,73.0,/Users/adriankong/Desktop/TROP/trank_final_data_2026_with_pbp.csv,exact_name_team_season,1.0,2345.0,Low,"St. Germain III, John",Holy Cross,Patriot League,5252055.0,6-1,Jr,CG,30.0,0.3709,0.3773,106.7063,0.1783,-1.3608,-1.6378,1.0821,-2.7199,exact_name_team_season,1.0,2361.0,John St. Germain III,Holy Cross,-0.29,-1.05,-1.34,764.0,-1.17,-1.14,-2.31,97.1,113.5,-16.4,-94.0,john st germain iii,augusta,2025.0,134299,2026.0,0.240444,0.751907,-5.98095,-3.02017,-2.96078,-5.59272,-3.95693,-1.63579,mid_major,,60.0,68.383826,63.2,0.176,2.295082,16.030695,26.266672,20.599348,1.250935,6.678844,0.672523,3.18771,19.09706546275395,,,2.979683972911964,6.275395033860045,2.708803611738149,2.2121896162528216,0.2708803611738149,0.4545454545454545,0.8670886075949367,,alt_exact_name_team_season,step26_height_class_advanced_export,archetype_exact_name_team_season,0.0,0.9225333644,1.0,0.0,0.0,0.0599250176,0.0,0.0,0.017541618,0.9225333644
9699,ncaa_direct,2024-25,2025,2025-26,2026,Gabe Hernandez,Barry,,28,28.0,859.0,30.679,413,14.75,142,294.0,24,75.0,105,136.0,107,87,49,27,6,,4.0,gabehernandez,matched,1,gabehernandez,1,0,Gabe Hernandez,The Citadel,SC,2026,134822,bt_pid:134822,16,7.6,2.0,-12.9686,71.0,/Users/adriankong/Desktop/TROP/trank_final_data_2026_with_pbp.csv,unmatched,,,,,,,,,,,,,,,,,,,,unmatched,,,,,,,,,,,,,,,,gabe hernandez,barry,2025.0,134822,2026.0,-0.467789,0.233553,-12.9686,-8.17992,-4.78872,-9.37583,-6.74915,-2.62668,mid_major,,52.467105,58.463556,46.381579,0.253289,1.803922,12.229043,18.450979,20.848332,1.90158,10.258901,0.668801,1.605086,19.231664726426075,,,4.9825378346915015,4.051222351571595,2.281722933643772,1.2572759022118742,0.27939464493597205,0.3246753246753247,0.7730496453900709,,alt_exact_name_team_season,step26_height_class_advanced_export,archetype_exact_name_team_season,0.0,0.5059331568,1.0,0.0,0.0,0.1611078746,0.0,0.0,0.3329589686,0.5059331568
9701,ncaa_direct,2024-25,2025,2025-26,2026,Jimel Lane,Barry,,28,27.0,820.0,29.286,442,15.786,170,402.0,21,87.0,81,114.0,203,44,76,46,35,,5.0,jimellane,matched,1,jimellane,1,0,Jimel Lane,Grambling St.,SWAC,2026,78509,bt_pid:78509,26,22.4321,8.25,-3.12295,79.0,/Users/adriankong/Desktop/TROP/trank_final_data_2026_with_pbp.csv,exact_name_team_season,1.0,2119.0,Low,"Lane, Jimel",Grambling,Southwestern Athletic Conference,5112187.0,6-7,Sr,WF,26.0,0.4767,0.4825,99.0834,0.2058,-2.406,-0.8006,1.136,-1.9366,exact_name_team_season,1.0,2581.0,Jimel Lane,Grambling,-1.4,-0.55,-1.95,1032.0,-2.11,-0.35,-2.46,100.0,108.9,-8.9,-32.0,jimel lane,barry,2025.0,78509,2026.0,0.172286,2.21121,-3.12295,-4.53786,1.41491,-2.87418,-3.01917,0.144992,mid_major,,45.652174,49.444157,27.536232,0.21256,0.631579,14.069905,10.859898,28.119343,4.775717,19.298177,4.062589,2.924997,21.5609756097561,,,9.902439024390244,2.1463414634146343,3.707317073170732,2.2439024390243905,1.7073170731707317,0.25,0.7105263157894737,,alt_exact_name_team_season,step26_height_class_advanced_export,archetype_exact_name_team_season,0.0,0.4680035003,1.0,0.0,0.4680035003,0.3046315469,0.0,0.2273649528,0.0,0.0
9713,ncaa_direct,2024-25,2025,2025-26,2026,Jordan Johnson,Barton,,24,19.0,525.0,21.875,206,8.583,74,188.0,39,103.0,19,23.0,35,56,20,17,3,,22.0,jordanjohnson,matched_prior_d1_experience,1,jordanjohnson,1,1,Jordan Johnson,Bethune Cookman,SWAC,2026,78921,bt_pid:78921,31,16.0531,4.9375,-5.73228,76.0,/Users/adriankong/Desktop/TROP/trank_final_data_2026_with_pbp.csv,exact_name_team_season,1.0,2787.0,Low,"Johnson, Jordan",Bethune-Cookman,Southwestern Athletic Conference,5177605.0,6-4,Jr,WG,31.0,0.3976,0.4006,94.0448,0.1609,-2.7546,-3.0257,1.9793,-5.005,unmatched,,,,,,,,,,,,,,,,jordan johnson,barton,2025.0,78921,2026.0,-0.154165,0.933136,-5.73228,-2.42503,-3.30725,-6.14011,-3.9341,-2.20601,mid_major,,49.734043,51.988694,12.234043,0.547872,2.8,9.169265,16.813954,18.517434,2.842263,3.864694,0.517768,1.65589,15.695238095238095,,,2.6666666666666665,4.266666666666667,1.5238095238095237,1.2952380952380953,0.22857142857142856,0.3786407766990291,0.8260869565217391,,alt_exact_name_team_season,step26_height_class_advanced_export,archetype_exact_name_team_season,0.0,0.5378790271,0.4946201285,0.5053798715,0.2501809644,0.0,0.0,0.0,0.2119400085,0.5378790271
9720,ncaa_direct,2024-25,2025,2025-26,2026,Shawn Nelson,Barton,,30,29.0,783.0,26.1,568,18.933,182,363.0,25,61.0,179,244.0,159,136,71,43,22,,12.0,shawnnelson,matched,1,shawnnelson,1,0,Shawn Nelson,Northern Kentucky,Horz,2026,135436,bt_pid:135436,24,11.3778,2.8889,-8.8765,76.0,/Users/adriankong/Desktop/TROP/trank_final_data_2026_with_pbp.csv,unmatched,,,,,,,,,,,,,,,,,,,,unmatched,,,,,,,,,,,,,,,,shawn nelson,barton,2025.0,135436,2026.0,-0.788216,0.816218,-8.8765,-6.59517,-2.28133,-9.34826,-6.80512,-2.54314,mid_major,,53.581267,60.379284,67.217631,0.168044,1.915493,13.115117,32.472053,31.137288,4.749895,15.971816,2.572444,2.837661,29.016602809706256,,,8.122605363984674,6.947637292464878,3.627075351213282,2.1966794380587484,1.123882503192848,0.4098360655737705,0.7336065573770492,,alt_exact_name_team_season,step26_height_class_advanced_export,archetype_exact_name_team_season,0.0,0.4973143563,1.0,0.0,0.0453812947,0.457304349,0.0,0.0,0.0,0.4973143563
9743,ncaa_direct,2024-25,2025,2025-26,2026,Jordan Butler,Benedict,,8,4.0,182.0,22.75,67,8.375,21,52.0,7,19.0,18,22.0,38,6,13,8,3,,22.0,jordanbutler,matched_prior_d1_experience,1,jordanbutler,1,1,Jordan Butler,South Carolina,SEC,2026,78944,bt_pid:78944,25,8.808,2.84,1.55223,84.0,/Users/adriankong/Desktop/TROP/trank_final_data_2026_with_pbp.csv,unmatched,,,,,,,,,,,,,,,,,,,,unmatched,,,,,,,,,,,,,,,,jordan butler,benedict,2025.0,78944,2026.0,0.883703,0.815505,1.55223,1.32024,0.23199,-0.28108,-0.382322,0.101242,power_4,,47.115385,54.312581,42.307692,0.365385,0.461538,17.407606,7.500593,20.408734,2.93473,18.532736,1.769713,2.41897,14.725274725274724,,,8.351648351648352,1.3186813186813187,2.857142857142857,1.7582417582417582,0.6593406593406593,0.3684210526315789,0.8181818181818182,,alt_exact_name_team_season,website_priority_advanced_export,archetype_unique_name_season,0.0,0.4138765867,0.8095908903,0.1904091097,0.198382461,0.4138765867,0.0750163555,0.0663888258,0.246335771,0.0
9762,ncaa_direct,2024-25,2025,2025-26,2026,Davian Brown,Biola,,30,30.0,973.0,32.433,468,15.6,149,335.0,54,153.0,116,132.0,148,76,65,37,6,,,davianbrown,matched,1,davianbrown,1,0,Davian Brown,Montana St.,BSky,2026,134993,bt_pid:134993,18,25.0381,12.7143,1.911,75.0,/Users/adriankong/Desktop/TROP/trank_final_data_2026_with_pbp.csv,exact_name_team_season,1.0,860.0,Low,"Brown, Davian",Montana St.,Big Sky Conference,5313221.0,6-3,Sr,WG,18.0,0.3917,0.3781,121.7074,0.2331,2.896,1.0273,-0.6321,1.6594000000000002,exact_name_team_season,1.0,1047.0,Davian Brown,Montana State,2.15,-0.46,1.69,758.0,2.88,-0.7,2.18,108.0,104.6,3.4,55.0,davian brown,biola,2025.0,134993,2026.0,2.69506,2.20355,1.911,3.6013,-1.6903,4.20353,4.5647,-0.361172,mid_major,,52.537313,59.529867,39.402985,0.456716,1.169231,14.189661,14.239066,23.256178,4.269137,12.178683,0.633541,2.127369,19.23946557040082,,,6.084275436793423,3.1243576567317572,2.672147995889003,1.5210688591983557,0.24665981500513876,0.3529411764705882,0.8787878787878788,,alt_exact_name_team_season,step26_height_class_advanced_export,archetype_exact_name_team_season,0.0,0.3538582851,0.9841315632,0.0158684368,0.3538582851,0.2333998144,0.0,0.0,0.2853106999,0.1274312006
9787,ncaa_direct,2024-25,2025,2025-26,2026,Shainen Carter,Bluefield St.,,30,30.0,814.0,27.133,373,12.433,145,282.0,4,18.0,79,105.0,170,8,48,15,66,,33.0,shainencarter,matched,1,shainencarter,1,0,Shainen Carter,Georgia Southern,SB,2026,134071,bt_pid:134071,32,17.5794,4.0,-1.3965,81.0,/Users/adriankong/Desktop/TROP/trank_final_data_2026_with_pbp.csv,exact_name_team_season,1.0,2382.0,Medium,"Carter, Shainen",Ga. Southern,Sun Belt Conference,5312456.0,6-9,Sr,C,32.0,0.4006,0.4008,100.8778,0.131,-1.977,-2.6462,0.1831,-2.8293,exact_name_team_season,1.0,2846.0,Shainen Carter,Georgia Southern,-3.05,-0.02,-3.06,1014.0,-2.73,0.38,-2.35,99.7,110.5,-10.8,-66.0,shainen carter,bluefield state,2025.0,134071,2026.0,-0.0884567,1.2709,-1.3965,-3.72245,2.32595,-3.7009,-4.23476,0.533855,mid_major,,52.12766,56.825107,37.234043,0.06383,0.166667,12.759171,1.526553,19.075225,8.575367,12.344356,6.469367,0.866168,18.32923832923833,,,8.353808353808354,0.3931203931203931,2.3587223587223587,0.7371007371007371,3.2432432432432434,0.2222222222222222,0.7523809523809524,,alt_exact_name_team_season,step26_height_class_advanced_export,archetype_exact_name_team_season,0.0,0.5809118048,1.0,0.0,0.0013717566,0.0157592203,0.0,0.5809118048,0.4019572183,0.0
9791,ncaa_direct,2024-25,2025,2025-26,2026,Caleb Johnson,Bowie St.,,25,8.0,469.0,18.76,133,5.32,43,152.0,26,78.0,21,33.0,55,35,27,24,2,,11.0,calebjohnson,matched,1,calebjohnson,1,0,Caleb Johnson,LIU,NEC,2026,78581,bt_pid:78581,23,11.0304,2.5217,0.299391,79.0,/Users/adriankong/Desktop/TROP/trank_final_data_2026_with_pbp.csv,unmatched,,,,,,,,,,,,,,,,,,,,unmatched,,,,,,,,,,,,,,,,caleb johnson,bowie state,2025.0,78581,2026.0,0.364153,0.983504,0.299391,-1.10343,1.40282,0.213342,-2.42369,2.63703,mid_major,,36.842105,40.023895,23.026316,0.513158,1.25,14.32958,13.533285,19.775272,2.960911,10.186824,0.395299,2.765966,11.343283582089553,,,4.690831556503198,2.985074626865672,2.302771855010661,2.046908315565032,0.17057569296375266,0.3333333333333333,0.6285714285714286,,alt_exact_name_team_season,step26_height_class_advanced_export,archetype_exact_name_team_season,0.0,0.6998695543,0.5935251014,0.4064748986,0.6998695543,0.082966961,0.0,0.0362268568,0.180936628,0.0
9795,ncaa_direct,2024-25,2025,2025-26,2026,Elijah Davis,Bowie St.,,28,28.0,872.0,31.143,288,10.286,104,228.0,20,52.0,60,82.0,94,140,46,54,9,,1.0,elijahdavis,matched,1,elijahdavis,1,0,Elijah Davis,Morgan St.,MEAC,2026,75804,bt_pid:75804,23,34.7615,13.8462,-5.22051,73.0,/Users/adriankong/Desktop/TROP/trank_final_data_2026_with_pbp.csv,exact_name_team_season,1.0,2877.0,Low,"Davis, Elijah",Morgan St.,Mid-Eastern Athletic Conference,5263816.0,6-1,Sr,PG,23.0,0.7668,0.7591,105.4268,0.2415,-1.6419,-3.1979,2.7104,-5.9083000000000006,exact_name_team_season,1.0,2541.0,Elijah Davis,Morgan State,-0.66,-1.17,-1.84,1480.0,0.55,-1.56,-1.01,94.2,115.4,-21.2,-116.0,elijah davis,bowie state,2025.0,75804,2026.0,1.03075,1.05496,-5.22051,-1.59229,-3.62822,-4.651,-1.73153,-2.91947,mid_major,,50.420168,54.728546,34.453782,0.214286,2.941176,15.688446,30.684598,16.570534,2.064918,9.772999,0.895956,3.232088,13.211009174311927,,,4.3119266055045875,6.422018348623853,2.110091743119266,2.477064220183486,0.41284403669724773,0.392156862745098,0.7317073170731707,,alt_exact_name_team_season,step26_height_class_advanced_export,archetype_exact_name_team_season,0.0,1.0,0.9242464879,0.0757535121,0.0,0.0,0.0,0.0,0.0,1.0
9803,ncaa_direct,2024-25,2025,2025-26,2026,Aliou Cisse,Bridgeport,,25,25.0,656.0,26.24,485,19.4,187,353.0,17,55.0,94,166.0,152,36,58,45,18,,2.0,alioucisse,matched,1,alioucisse,1,0,Aliou Cisse,Merrimack,MAAC,2026,133969,bt_pid:133969,13,7.0154,1.2308,-10.3249,79.0,/Users/adriankong/Desktop/TROP/trank_final_data_2026_with_pbp.csv,unmatched,,,,,,,,,,,,,,,,,,,,unmatched,,,,,,,,,,,,,,,,aliou cisse,bridgeport,2025.0,133969,2026.0,-0.562007,0.618333,-10.3249,-8.63503,-1.68982,-8.93677,-6.88994,-2.04683,mid_major,79.0,55.751174,57.150659,46.244131,0.152582,0.625,11.098009,9.29431,29.093632,8.325989,12.844747,2.241485,3.008549,28.72549,3.578431,5.098039,8.676471,1.960784,3.137255,2.45098,0.931373,0.292,0.563,3.263948,combined_exact,combined_player_database,archetype_exact_name_team_season,0.0,0.5049180355,1.0,0.0,0.2779986913,0.5049180355,0.0,0.1067252388,0.1103580344,0.0
9816,ncaa_direct,2024-25,2025,2025-26,2026,Andrew Henderson,CSUSB,,35,34.0,1159.0,33.114,591,16.886,217,465.0,57,158.0,100,127.0,234,51,73,50,31,,12.0,andrewhenderson,matched,1,andrewhenderson,1,0,Andrew Henderson,UC Riverside,BW,2026,134828,bt_pid:134828,30,33.3031,18.0938,-0.645846,77.0,/Users/adriankong/Desktop/TROP/trank_final_data_2026_with_pbp.csv,exact_name_team_season,1.0,2229.0,Medium,"Henderson, Andrew",UC Riverside,Big West Conference,5181503.0,6-5,Sr,WG,30.0,0.8301,0.8298,103.694,0.2773,-0.5869,-0.6293,1.6975,-2.3268,exact_name_team_season,1.0,1427.0,Andrew Henderson,UC Riverside,0.38,0.36,0.74,1795.0,0.93,0.81,1.73,98.5,110.1,-11.6,-166.0,andrew henderson,csusb,2025.0,134828,2026.0,2.07723,2.59151,-0.645846,0.391116,-1.03696,0.836034,1.86253,-1.02649,mid_major,,53.283898,57.162326,27.118644,0.341102,0.706667,12.431214,9.164641,25.136065,6.024028,17.850358,2.808437,2.383841,20.396893874029335,,,8.075927523727351,1.7601380500431407,2.5194132873166524,1.7256255392579811,1.0698878343399483,0.3664596273291925,0.7890625,,alt_exact_name_team_season,step26_height_class_advanced_export,archetype_exact_name_team_season,0.0,0.3789781618,1.0,0.0,0.3789781618,0.3202699195,0.0,0.1323389397,0.168412979,0.0
9831,ncaa_direct,2024-25,2025,2025-26,2026,Jaden Henderson,CUI,,29,29.0,898.0,30.966,447,15.414,173,360.0,29,89.0,72,84.0,111,68,72,37,4,,32.0,jadenhenderson,matched,1,jadenhenderson,1,0,Jaden Henderson,Cal St. Fullerton,BW,2026,135045,bt_pid:135045,30,17.7469,7.5938,-2.68576,75.0,/Users/adriankong/Desktop/TROP/trank_final_data_2026_with_pbp.csv,exact_name_team_season,1.0,2021.0,Medium,"Henderson, Jaden",Cal St. Fullerton,Big West Conference,4706262.0,6-3,Sr,WG,30.0,0.4092,0.4091,102.5552,0.2086,-1.3179,-1.0954,0.5289,-1.6243,exact_name_team_season,1.0,2099.0,Jaden Henderson,Cal State Fullerton,0.45,-1.16,-0.71,986.0,0.43,-0.78,-0.35,103.7,110.4,-6.7,-38.0,jaden henderson,cui,2025.0,135045,2026.0,0.708306,1.28532,-2.68576,-0.863341,-1.82242,-1.44136,-0.0260944,-1.41527,mid_major,,52.083333,56.302902,23.333333,0.25,0.930556,15.353122,16.683947,26.428198,3.949868,12.164165,0.485344,2.384289,19.910913140311806,,,4.944320712694878,3.0289532293986636,3.2071269487750556,1.6481069042316259,0.17817371937639198,0.3222222222222222,0.8571428571428571,,alt_exact_name_team_season,step26_height_class_advanced_export,archetype_exact_name_team_season,0.0,0.3709468522,1.0,0.0,0.3709468522,0.2588487078,0.0,0.0,0.2010441758,0.1691602642
9833,ncaa_direct,2024-25,2025,2025-26,2026,Joseph Locandro,CUI,,27,1.0,454.0,16.815,273,10.111,105,206.0,19,70.0,44,60.0,109,26,53,12,17,,20.0,josephlocandro,matched,1,josephlocandro,1,0,Joseph Locandro,Maryland Eastern Shore,MEAC,2026,135507,bt_pid:135507,30,19.3406,9.3438,-6.33889,81.0,/Users/adriankong/Desktop/TROP/trank_final_data_2026_with_pbp.csv,unique_name_season,0.2308,2536.0,Low,"Locandro, Joseph",UMES,Mid-Eastern Athletic Conference,5314176.0,6-9,Sr,S-PF,30.0,0.4785,0.464,98.2446,0.2466,-2.9592,-2.0766,1.384,-3.4606,exact_name_team_season,1.0,2308.0,Joseph Locandro,Maryland-Eastern Shore,-0.32,-0.89,-1.21,936.0,-0.72,-1.16,-1.89,96.0,110.9,-14.9,-64.0,joseph locandro,cui,2025.0,135507,2026.0,0.510921,1.2095,-6.33889,-3.64516,-2.69373,-2.94953,-0.864114,-2.08542,mid_major,,57.847534,60.275081,24.663677,0.349776,0.385965,18.737673,12.061733,32.900283,6.357743,24.702104,4.424372,1.484045,24.05286343612335,,,9.603524229074889,2.290748898678414,4.669603524229075,1.0572687224669604,1.497797356828194,0.3076923076923077,0.7272727272727273,,alt_exact_name_team_season,step26_height_class_advanced_export,archetype_exact_name_team_season,0.0,0.4212368469,1.0,0.0,0.1885272576,0.4212368469,0.2163561768,0.1738797187,0.0,0.0
9843,ncaa_direct,2024-25,2025,2025-26,2026,Josiah Sanders,Cal Poly Humboldt,,28,22.0,707.0,25.25,325,11.607,122,252.0,27,79.0,54,76.0,159,27,45,23,37,,5.0,josiahsanders,matched,1,josiahsanders,1,0,Josiah Sanders,Colorado,B12,2026,135399,bt_pid:135399,33,17.9182,4.4242,-0.0707356,77.0,/Users/adriankong/Desktop/TROP/trank_final_data_2026_with_pbp.csv,exact_name_team_season,1.0,994.0,High,"Sanders, Josiah",Colorado,Big 12 Conference,5237444.0,6-5,Fr,WG,33.0,0.4334,0.4364,107.6601,0.1646,0.2411,1.0409,-0.1422,1.1831,exact_name_team_season,1.0,1660.0,Josiah Sanders,Colorado,1.22,-0.97,0.25,1015.0,0.47,-0.53,-0.06,114.3,108.4,5.8,-33.0,josiah sanders,cal poly humboldt,2025.0,135399,2026.0,0.724635,1.50237,-0.0707356,0.270889,-0.341624,-0.647483,-0.264053,-0.38343,power_4,,53.740157,56.88163,29.133858,0.318898,0.622222,13.572204,7.280363,22.652072,8.018891,18.116492,5.55817,1.779433,18.38755304101839,,,8.995756718528996,1.5275813295615275,2.545968882602546,1.3012729844413014,2.0933521923620932,0.333,0.716,,alt_exact_name_team_season,website_priority_advanced_export,archetype_unique_name_season,0.0,0.5094763042,1.0,0.0,0.4071484432,0.0154361017,0.0145053347,0.5094763042,0.0534338163,0.0
9847,ncaa_direct,2024-25,2025,2025-26,2026,Rob Diaz,Cal Poly Humboldt,,29,29.0,934.0,32.207,448,15.448,174,346.0,40,112.0,60,80.0,109,60,53,54,25,,,robdiaz,matched,1,robdiaz,1,0,Rob Diaz,Long Beach St.,BW,2026,134376,bt_pid:134376,30,21.9781,8.0938,1.69414,74.0,/Users/adriankong/Desktop/TROP/trank_final_data_2026_with_pbp.csv,exact_name_team_season,1.0,1670.0,Medium,"Diaz, Rob",Long Beach St.,Big West Conference,5312976.0,6-2,Jr,CG,30.0,0.5455,0.545,111.2582,0.1988,0.7025,-0.6756,0.0606,-0.7362,exact_name_team_season,1.0,1286.0,Rob Diaz,Long Beach State,0.52,0.56,1.08,1177.0,1.28,1.35,2.63,98.4,109.5,-11.1,-97.0,rob diaz,cal poly humboldt,2025.0,134376,2026.0,1.30967,2.05396,1.69414,0.169579,1.52456,2.78676,0.851651,1.93511,mid_major,,57.714286,60.358255,22.857143,0.328571,1.148148,12.295082,12.648457,22.692824,2.193541,11.355843,2.732282,3.10106,19.18629550321199,,,4.668094218415417,2.569593147751606,2.2698072805139184,2.3126338329764455,1.0706638115631693,0.365,0.763,,alt_exact_name_team_season,website_priority_advanced_export,archetype_unique_name_season,0.0,0.4691520246,1.0,0.0,0.4691520246,0.0,0.0,0.1414272546,0.1901422918,0.1992784291
9861,ncaa_direct,2024-25,2025,2025-26,2026,Alex Garcia,Cal St. Dom. Hills,,36,35.0,1116.0,31.0,371,10.306,139,278.0,35,101.0,58,74.0,154,79,41,43,29,,8.0,alexgarcia,matched,1,alexgarcia,1,0,Alex Garcia,Tennessee St.,OVC,2026,133997,bt_pid:133997,7,2.79,0.7,-18.635,80.0,/Users/adriankong/Desktop/TROP/trank_final_data_2026_with_pbp.csv,unmatched,,,,,,,,,,,,,,,,,,,,unmatched,,,,,,,,,,,,,,,,alex garcia,cal state dom hills,2025.0,133997,2026.0,,,,,,,,,mid_major,,56.294964,59.730809,26.618705,0.363309,1.926829,11.662305,12.797402,15.250381,4.321185,11.112255,2.96461,2.154804,13.297491039426523,,,5.519713261648746,2.8315412186379927,1.4695340501792116,1.5412186379928314,1.039426523297491,0.347,0.784,,alt_exact_name_team_season,website_priority_advanced_export,archetype_unique_name_season,0.0,0.4568508779,0.8134608075,0.1865391925,0.0114508371,0.0304208132,0.0,0.2203595,0.2809179717,0.4568508779
9867,ncaa_direct,2024-25,2025,2025-26,2026,Jeremy Dent-Smith,Cal St. Dom. Hills,,36,35.0,1135.0,31.528,685,19.028,223,522.0,90,255.0,149,181.0,165,107,92,53,6,,25.0,jeremydentsmith,matched,1,jeremydentsmith,1,0,Jeremy Dent-Smith,Stanford,ACC,2026,135339,bt_pid:135339,33,20.0788,8.1818,0.0434542,73.0,/Users/adriankong/Desktop/TROP/trank_final_data_2026_with_pbp.csv,exact_name_team_season,1.0,1018.0,High,"Dent-Smith, Jeremy",Stanford,Atlantic Coast Conference,5189814.0,6-1,Sr,CG,32.0,0.4862,0.4806,101.5948,0.2245,-0.5379,0.1752,-0.9325,1.1077,exact_name_team_season,1.0,809.0,Jeremy Dent-Smith,Stanford,1.8,0.62,2.42,1133.0,1.31,0.47,1.78,111.8,103.1,8.7,52.0,jeremy dent smith,cal state dom hills,2025.0,135339,2026.0,1.3337,2.0006,0.0434542,0.914868,-0.871414,0.697125,0.54676,0.150365,power_4,,51.340996,56.927731,34.67433,0.488506,1.163043,13.263364,19.547641,29.540066,2.828184,13.344456,0.602167,2.607422,24.140969162995596,,,5.814977973568282,3.7709251101321586,3.2422907488986783,1.86784140969163,0.21145374449339208,0.353,0.823,,alt_exact_name_team_season,website_priority_advanced_export,archetype_unique_name_season,0.0,0.8154121758,0.9731484628,0.0268515372,0.8154121758,0.1795374566,0.0,0.0,0.0,0.0050503676
9894,ncaa_direct,2024-25,2025,2025-26,2026,Cam Polak,California (PA),,15,15.0,533.0,35.533,254,16.933,83,228.0,39,125.0,49,55.0,76,28,37,12,2,,1.0,campolak,matched,1,campolak,1,0,Cam Polak,Youngstown St.,Horz,2026,133916,bt_pid:133916,27,17.1793,5.8276,-4.06416,74.0,/Users/adriankong/Desktop/TROP/trank_final_data_2026_with_pbp.csv,exact_name_team_season,1.0,1608.0,Medium,"Polak, Cam",Youngstown St.,Horizon League,5314620.0,6-2,Sr,WG,27.0,0.3969,0.3965,94.8047,0.1746,-3.352,-1.9192,-1.3413,-0.5779000000000001,exact_name_team_season,1.0,2533.0,Cam Polak,Youngstown State,-1.06,-0.75,-1.81,794.0,-1.28,-1.4,-2.68,102.8,104.9,-2.1,5.0,cam polak,california pa,2025.0,133916,2026.0,-0.00878952,1.2606,-4.06416,-2.18611,-1.87805,-3.50008,-2.00329,-1.49678,mid_major,,50.239808,56.989608,32.853717,0.551559,1.2,11.167362,12.697084,24.494669,2.707851,11.755906,0.472998,1.408225,19.06191369606004,,,5.703564727954972,2.101313320825516,2.776735459662289,0.900562851782364,0.150093808630394,0.3521739130434783,0.9124087591240876,,alt_exact_name_team_season,step26_height_class_advanced_export,archetype_exact_name_team_season,0.0,0.4976987566,0.9503301589,0.0496698411,0.4976987566,0.1243350807,0.0,0.0,0.3779661627,0.0
9896,ncaa_direct,2024-25,2025,2025-26,2026,"Donald Whitehead, Jr.",California (PA),,26,26.0,953.0,36.654,505,19.423,166,403.0,73,189.0,100,125.0,64,129,59,28,2,,13.0,donaldwhitehead,matched,1,donaldwhitehead,1,0,"Donald Whitehead, Jr.",UNC Greensboro,SC,2026,134422,bt_pid:134422,32,26.1735,10.0882,-5.15273,70.0,/Users/adriankong/Desktop/TROP/trank_final_data_2026_with_pbp.csv,exact_name_team_season,1.0,2516.0,Low,"Whitehead, Jr., Donald",UNC Greensboro,Southern Conference,5314573.0,5-10,Sr,s-PG,32.0,0.6475,0.6542,104.7441,0.2155,-1.8146,-1.7015,1.6214,-3.3228999999999997,exact_name_team_season,1.0,2539.0,"Donald Whitehead, Jr.",UNC Greensboro,0.18,-2.01,-1.83,1454.0,-0.49,-1.09,-1.58,105.3,117.0,-11.6,-111.0,donald whitehead jr,california pa,2025.0,134422,2026.0,0.578694,0.907637,-5.15273,-0.469821,-4.68291,-5.0852,-2.04235,-3.04286,mid_major,,50.248139,55.131004,31.01737,0.468983,2.186441,11.411992,24.810623,25.292342,1.037754,5.449635,0.203024,1.511123,21.196222455403987,,,2.6862539349422874,5.414480587618049,2.4763903462749215,1.1752360965372508,0.08394543546694648,0.3862433862433862,0.8,,alt_exact_name_team_season,step26_height_class_advanced_export,archetype_exact_name_team_season,0.0,0.4676617245,0.8859861361,0.1140138639,0.4676617245,0.0,0.0,0.0,0.0948438318,0.4374944437
9901,ncaa_direct,2024-25,2025,2025-26,2026,Keith Palek III,California (PA),,6,6.0,166.0,27.667,113,18.833,41,85.0,8,24.0,23,26.0,51,14,8,6,4,,11.0,keithpalek,matched,1,keithpalek,1,0,Keith Palek III,Missouri St.,CUSA,2026,133794,bt_pid:133794,31,32.7441,17.2647,-0.558228,80.0,/Users/adriankong/Desktop/TROP/trank_final_data_2026_with_pbp.csv,exact_name_team_season,1.0,1692.0,Medium,"Palek III, Keith",Missouri St.,Conference USA,5313696.0,6-8,Sr,WF,31.0,0.8215,0.8292,104.5102,0.3024,-0.6,-0.0443,0.7873,-0.8316,exact_name_team_season,1.0,1201.0,Keith Palek III,Missouri State,1.18,0.1,1.28,1740.0,1.67,0.43,2.1,105.6,109.6,-4.0,-35.0,keith palek iii,california pa,2025.0,133794,2026.0,2.3958,2.69951,-0.558228,0.309014,-0.867242,0.283726,1.30336,-1.01964,mid_major,,52.941176,58.585649,30.588235,0.282353,1.75,7.6599,17.817634,29.309905,4.167172,25.472724,2.329301,1.857557,27.228915662650603,,,12.289156626506024,3.3734939759036147,1.927710843373494,1.4457831325301205,0.963855421686747,0.3333333333333333,0.8846153846153846,,alt_exact_name_team_season,step26_height_class_advanced_export,archetype_exact_name_team_season,0.0,0.7572024945,0.8572069025,0.1427930975,0.2427975055,0.7572024945,0.0,0.0,0.0,0.0
9933,ncaa_direct,2024-25,2025,2025-26,2026,Kyle Thomas,Cedarville,,29,17.0,712.0,24.552,190,6.552,63,156.0,39,109.0,25,32.0,84,57,41,15,1,,3.0,kylethomas,matched_prior_d1_experience,1,kylethomas,1,1,Kyle Thomas,SIU Edwardsville,OVC,2026,76629,bt_pid:76629,26,19.1407,6.6667,-3.67064,82.0,/Users/adriankong/Desktop/TROP/trank_final_data_2026_with_pbp.csv,exact_name_team_season,1.0,1877.0,Low,"Thomas, Kyle",SIUE,Ohio Valley Conference,5107708.0,6-10,Jr,S-PF,24.0,0.3992,0.3945,102.8189,0.199,-1.9802,-1.7381,-0.4664,-1.2717,exact_name_team_season,1.0,2106.0,Kyle Thomas,SIU Edwardsville,-1.09,0.36,-0.72,820.0,-1.53,-0.58,-2.12,97.3,103.4,-6.1,43.0,kyle thomas,cedarville,2025.0,76629,2026.0,0.325167,1.7096,-3.67064,-4.15056,0.479921,-3.12731,-3.18942,0.0621042,mid_major,,52.884615,55.856068,20.512821,0.698718,1.390244,19.423915,14.508956,15.558607,1.476159,11.157017,0.133153,1.198349,10.674157303370787,,,4.719101123595506,3.202247191011236,2.303370786516854,0.8426966292134831,0.056179775280898875,0.3577981651376147,0.78125,,alt_exact_name_team_season,step26_height_class_advanced_export,archetype_exact_name_team_season,0.0,0.3812533482,0.8439291013,0.1560708987,0.0177003418,0.0,0.3643900822,0.0,0.2366562277,0.3812533482
9951,ncaa_direct,2024-25,2025,2025-26,2026,Israel Hart,Central Okla.,,31,28.0,884.0,28.516,525,16.935,171,402.0,53,140.0,130,160.0,104,120,109,65,15,,,israelhart,matched,1,israelhart,1,0,Israel Hart,Southern Miss,SB,2026,134194,bt_pid:134194,32,21.5912,7.6765,-2.55107,75.0,/Users/adriankong/Desktop/TROP/trank_final_data_2026_with_pbp.csv,exact_name_team_season,1.0,2563.0,Medium,"Hart, Israel",Southern Miss.,Sun Belt Conference,5313268.0,6-3,Sr,CG,32.0,0.539,0.5327,96.7672,0.199,-2.8667,-2.069,1.5273,-3.5963000000000003,exact_name_team_season,1.0,2105.0,Israel Hart,Southern Mississippi,-0.37,-0.35,-0.72,1236.0,-1.29,0.17,-1.12,103.8,110.2,-6.4,-14.0,israel hart,central okla,2025.0,134194,2026.0,0.158832,1.82861,-2.55107,-1.90118,-0.649894,-2.161,-2.41248,0.251474,mid_major,,49.129353,55.567316,39.800995,0.348259,1.100917,18.74785,25.170032,31.619674,1.691785,10.752817,1.759997,3.83969,23.755656108597286,,,4.705882352941177,5.429864253393665,4.932126696832579,2.9411764705882355,0.6787330316742082,0.3785714285714285,0.8125,,alt_exact_name_team_season,website_priority_advanced_export,archetype_unique_name_season,0.0,0.657410061,1.0,0.0,0.657410061,0.0896232328,0.0,0.0,0.0,0.2529667062
9969,ncaa_direct,2024-25,2025,2025-26,2026,Raevon Thomas,Central St. (OH),,35,13.0,660.0,18.857,214,6.114,69,161.0,17,60.0,59,84.0,133,22,31,12,24,,10.0,raevonthomas,matched,1,raevonthomas,1,0,Raevon Thomas,Jackson St.,SWAC,2026,134644,bt_pid:134644,25,17.596,3.32,-4.74225,81.0,/Users/adriankong/Desktop/TROP/trank_final_data_2026_with_pbp.csv,exact_name_team_season,1.0,2099.0,Low,"Thomas, Raevon",Jackson St.,Southwestern Athletic Conference,5254840.0,6-9,Sr,S-PF,25.0,0.3259,0.3251,102.0413,0.1076,-1.9307,-0.9694,0.9072,-1.8766,exact_name_team_season,1.0,2728.0,Raevon Thomas,Jackson State,-1.46,-1.04,-2.5,772.0,-2.26,-1.16,-3.42,100.3,112.5,-12.2,-19.0,raevon thomas,central state oh,2025.0,134644,2026.0,-0.30713,0.472932,-4.74225,-3.67442,-1.06784,-6.393,-4.46818,-1.92482,mid_major,,48.62069,54.795283,54.482759,0.37931,0.724138,13.89155,6.59017,16.915738,7.326963,14.926783,3.805095,0.98615,12.969696969696969,,,8.06060606060606,1.3333333333333333,1.878787878787879,0.7272727272727273,1.4545454545454546,0.3090909090909091,0.7088607594936709,,alt_exact_name_team_season,step26_height_class_advanced_export,archetype_exact_name_team_season,0.0,0.3991082842,0.8811922667,0.1188077333,0.0,0.1898020581,0.0652913807,0.3991082842,0.3313967245,0.0144015525
9975,ncaa_direct,2024-25,2025,2025-26,2026,Cavin Holden,Central Wash.,,32,32.0,1025.0,32.031,506,15.812,173,361.0,90,205.0,70,82.0,115,137,81,45,5,,2.0,cavinholden,matched,1,cavinholden,1,0,Cavin Holden,Montana St.,BSky,2026,133824,bt_pid:133824,6,25.8375,8.375,-2.83031,74.0,/Users/adriankong/Desktop/TROP/trank_final_data_2026_with_pbp.csv,unmatched,,,,,,,,,,,,,,,,,,,,unmatched,,,,,,,,,,,,,,,,cavin holden,central wash,2025.0,133824,2026.0,0.278466,2.87292,-2.83031,-1.91201,-0.918308,-1.60001,-1.81915,0.219134,mid_major,,60.315186,63.292798,21.203438,0.581662,1.683544,17.153031,23.23634,22.968061,2.113884,10.643704,0.505561,2.635503,19.746341463414634,,,4.487804878048781,5.3463414634146345,3.1609756097560977,1.7560975609756098,0.1951219512195122,0.438423645320197,0.8378378378378378,,alt_exact_name_team_season,website_priority_advanced_export,archetype_unique_name_season,0.0,0.7088841807,0.8696096262,0.1303903738,0.7088841807,0.0,0.0,0.0,0.0,0.2911158193
9977,ncaa_direct,2024-25,2025,2025-26,2026,Garrett Anderson,Central Wash.,,32,32.0,839.0,26.219,459,14.344,178,362.0,54,131.0,49,65.0,171,48,46,24,19,,11.0,garrettanderson,matched,1,garrettanderson,1,0,Garrett Anderson,North Dakota,Sum,2026,77507,bt_pid:77507,29,29.2094,10.3125,-3.24334,78.0,/Users/adriankong/Desktop/TROP/trank_final_data_2026_with_pbp.csv,exact_name_team_season,1.0,2777.0,Low,"Anderson, Garrett",North Dakota,Summit League,5314760.0,6-6,Sr,WG,29.0,0.6823,0.6858,92.7527,0.1885,-3.5168,-3.4887,1.4128,-4.9015,exact_name_team_season,1.0,2620.0,Garrett Anderson,North Dakota,-1.49,-0.59,-2.08,1539.0,-1.46,0.41,-1.06,100.5,113.1,-12.7,-132.0,garrett anderson,central wash,2025.0,77507,2026.0,0.0471308,2.03886,-3.24334,-2.32106,-0.922275,-3.26455,-1.87344,-1.39111,mid_major,,56.629834,58.75576,17.955801,0.361878,1.043478,10.53596,11.167328,26.449813,4.833736,19.749993,2.33377,1.634849,21.883194278903456,,,8.152562574493444,2.2884386174016687,2.193087008343266,1.1442193087008343,0.9058402860548271,0.4122137404580153,0.7538461538461538,,alt_exact_name_team_season,website_priority_advanced_export,archetype_unique_name_season,0.0,0.4790486154,0.9558835132,0.0441164868,0.2357424358,0.4790486154,0.2636692549,0.021539694,0.0,0.0
9996,ncaa_direct,2024-25,2025,2025-26,2026,Zy Wright,Chadron St.,,30,27.0,855.0,28.5,422,14.067,141,308.0,38,108.0,102,129.0,191,39,37,36,4,,2.0,zywright,matched,1,zywright,1,0,Zy Wright,Abilene Christian,WAC,2026,135383,bt_pid:135383,30,17.4576,6.2727,-3.7368,77.0,/Users/adriankong/Desktop/TROP/trank_final_data_2026_with_pbp.csv,exact_name_team_season,1.0,1612.0,Low,"Wright, Zy",Abilene Christian,Western Athletic Conference,5260535.0,6-5,Sr,WG,30.0,0.4256,0.4191,101.5256,0.1749,-1.2371,-1.0977,-0.5147,-0.5829999999999999,exact_name_team_season,1.0,2323.0,Zy Wright,Abilene Christian,-0.61,-0.63,-1.24,882.0,-1.06,-0.94,-2.01,97.7,107.4,-9.7,-57.0,zy wright,chadron state,2025.0,135383,2026.0,0.405208,1.31157,-3.7368,-2.64678,-1.09003,-3.42116,-2.34949,-1.07168,mid_major,,51.342282,57.505369,42.61745,0.35906,1.055556,9.23361,8.614643,23.312512,6.382865,17.68971,0.584703,2.331648,19.742690058479532,,,8.935672514619883,1.8245614035087718,1.7309941520467835,1.6842105263157894,0.1871345029239766,0.3551401869158878,0.7952755905511811,,alt_exact_name_team_season,step26_height_class_advanced_export,archetype_exact_name_team_season,0.0,0.6063164145,0.8964566874,0.1035433126,0.1358885726,0.6063164145,0.0,0.0,0.2577950129,0.0
10024,ncaa_direct,2024-25,2025,2025-26,2026,Isaiah Kerr,Chico St.,,29,29.0,920.0,31.724,371,12.793,135,296.0,42,119.0,59,83.0,116,91,61,23,11,,7.0,isaiahkerr,matched,1,isaiahkerr,1,0,Isaiah Kerr,Hawaii,BW,2026,134592,bt_pid:134592,30,20.5742,6.4194,0.3587,75.0,/Users/adriankong/Desktop/TROP/trank_final_data_2026_with_pbp.csv,exact_name_team_season,1.0,918.0,Medium,"Kerr, Isaiah",Hawaii,Big West Conference,5107841.0,6-3,Jr,CG,30.0,0.4854,0.4939,107.5174,0.1714,-0.6839,-0.2232,-1.6701,1.4469,exact_name_team_season,1.0,1874.0,Isaiah Kerr,Hawaii,-0.29,0.06,-0.23,1096.0,-0.21,-0.47,-0.68,104.2,100.4,3.8,94.0,isaiah kerr,chico state,2025.0,134592,2026.0,0.550849,2.26606,0.3587,-0.869452,1.22815,0.0271111,-1.5759,1.60301,mid_major,,53.125,56.02036,28.289474,0.404605,1.508197,15.142488,17.127089,21.2879,3.266894,11.562564,1.329831,1.356895,16.130434782608695,,,5.043478260869565,3.9565217391304346,2.652173913043478,1.0,0.4782608695652174,0.3495934959349593,0.6976744186046512,,alt_exact_name_team_season,step26_height_class_advanced_export,archetype_exact_name_team_season,0.0,0.3571966683,0.9766863154,0.0233136846,0.1791138115,0.1524327751,0.0082581986,0.0,0.3571966683,0.3029985466
10025,ncaa_direct,2024-25,2025,2025-26,2026,Jojo Murphy,Chico St.,,29,29.0,1032.0,35.586,601,20.724,215,457.0,73,189.0,98,122.0,137,116,75,44,2,,5.0,jojomurphy,matched,1,jojomurphy,1,0,Jojo Murphy,Seattle,WCC,2026,135308,bt_pid:135308,33,15.4314,5.8571,0.948194,74.0,/Users/adriankong/Desktop/TROP/trank_final_data_2026_with_pbp.csv,unique_name_season,0.875,1245.0,Low,"Murphy, Jojo",Seattle U,West Coast Conference,5313139.0,6-2,Sr,CG,33.0,0.369,0.3694,102.4153,0.2089,-1.3827,-1.359,-1.7504,0.3913999999999999,exact_name_team_season,1.0,1664.0,Jojo Murphy,Seattle,-0.12,0.36,0.24,838.0,0.14,0.26,0.4,97.3,96.8,0.4,14.0,jojo murphy,chico state,2025.0,135308,2026.0,0.49812,1.89655,0.948194,-0.863362,1.81156,1.76034,-0.488418,2.24876,mid_major,,55.032823,58.843111,26.695842,0.413567,1.546667,12.805628,21.874299,28.120284,4.155489,11.522068,0.201374,2.358468,23.294573643410853,,,5.310077519379845,4.496124031007752,2.9069767441860463,1.7054263565891472,0.07751937984496124,0.3862433862433862,0.8032786885245902,,alt_exact_name_team_season,step26_height_class_advanced_export,archetype_exact_name_team_season,0.0,0.6504309878,0.9739059714,0.0260940286,0.6504309878,0.1363609678,0.0,0.0,0.0148525574,0.198355487
10027,ncaa_direct,2024-25,2025,2025-26,2026,Miles Daniels,Chico St.,,18,18.0,585.0,32.5,198,11.0,73,164.0,16,46.0,36,52.0,83,75,45,34,13,,3.0,milesdaniels,matched,1,milesdaniels,1,0,Miles Daniels,Cal Baptist,WAC,2026,134477,bt_pid:134477,22,10.8455,2.4545,-2.49018,74.0,/Users/adriankong/Desktop/TROP/trank_final_data_2026_with_pbp.csv,unmatched,,,,,,,,,,,,,,,,,,,,unmatched,,,,,,,,,,,,,,,,miles daniels,chico state,2025.0,134477,2026.0,-0.372433,1.1546,-2.49018,-4.61301,2.12283,-3.02667,-5.00141,1.97475,mid_major,,49.112426,52.637065,30.769231,0.278107,1.688889,18.99696,21.14606,19.513069,3.259207,13.372642,2.245719,3.218721,13.538461538461538,,,5.6752136752136755,5.128205128205129,3.076923076923077,2.324786324786325,0.8888888888888888,0.3404255319148936,0.6923076923076923,,alt_exact_name_team_season,step26_height_class_advanced_export,archetype_exact_name_team_season,0.0,0.5708590786,1.0,0.0,0.2568157367,0.0382683552,0.0,0.1340568295,0.0,0.5708590786
10029,ncaa_direct,2024-25,2025,2025-26,2026,Trae Taylor,Chico St.,,30,30.0,829.0,27.633,393,13.1,153,208.0,0,1.0,87,121.0,188,18,28,21,32,,1.0,traetaylor,matched,1,traetaylor,1,0,Trae Taylor,Montana,BSky,2026,135307,bt_pid:135307,26,8.4483,2.2414,-1.96417,81.0,/Users/adriankong/Desktop/TROP/trank_final_data_2026_with_pbp.csv,unmatched,,,,,,,,,,,,,,,,,,,,unmatched,,,,,,,,,,,,,,,,trae taylor,chico state,2025.0,135307,2026.0,0.195648,0.697006,-1.96417,-2.036,0.0718305,-2.00594,-2.4172,0.411253,mid_major,,73.557692,75.21819,58.173077,0.004808,0.642857,9.680542,4.028727,17.256402,11.359975,15.580659,4.003657,1.398715,18.96260554885404,,,9.071170084439084,0.8685162846803377,1.3510253317249699,1.0132689987937273,1.5440289505428226,0.0,0.71900826446281,,alt_exact_name_team_season,step26_height_class_advanced_export,archetype_exact_name_team_season,0.0,0.4473251891,1.0,0.0,0.0,0.2991878144,0.0,0.4473251891,0.2339736158,0.0195133807
10053,ncaa_direct,2024-25,2025,2025-26,2026,Zion Obanla,Claflin,,16,4.0,319.0,19.938,151,9.438,60,124.0,3,16.0,28,46.0,111,16,36,9,1,,1.0,zionobanla,matched,1,zionobanla,1,0,Zion Obanla,Maryland Eastern Shore,MEAC,2026,133757,bt_pid:133757,30,22.0094,10.75,-0.197483,80.0,/Users/adriankong/Desktop/TROP/trank_final_data_2026_with_pbp.csv,unique_name_season,0.2308,1887.0,Low,"Obanla, Zion",UMES,Mid-Eastern Athletic Conference,5314171.0,6-8,Sr,PF/C,30.0,0.5409,0.5427,120.1932,0.2506,1.7999,-0.5755,0.7267,-1.3022,exact_name_team_season,1.0,1619.0,Zion Obanla,Maryland-Eastern Shore,0.16,0.18,0.34,1073.0,1.64,-0.25,1.4,92.8,108.5,-15.7,-79.0,zion obanla,claflin,2025.0,133757,2026.0,1.7273,1.77308,-0.197483,0.214227,-0.41171,0.0516447,0.93047,-0.878825,mid_major,,53.960396,56.27558,36.633663,0.133663,0.454545,18.994336,10.825695,29.486124,15.70958,22.504687,1.262816,2.189596,18.934169278996865,,,13.918495297805643,2.006269592476489,4.5141065830721,1.128526645768025,0.12539184952978055,0.2222222222222222,0.6216216216216216,,alt_exact_name_team_season,step26_height_class_advanced_export,archetype_exact_name_team_season,0.0,0.8556684578,0.9592419371,0.0407580629,0.0,0.8556684578,0.0445531303,0.0997784118,0.0,0.0
10062,ncaa_direct,2024-25,2025,2025-26,2026,Shemani Fuller,Clark Atlanta,,28,27.0,820.0,29.286,336,12.0,130,237.0,11,39.0,65,100.0,228,37,65,31,36,,11.0,shemanifuller,matched,1,shemanifuller,1,0,Shemani Fuller,Rider,MAAC,2026,75147,bt_pid:75147,28,21.4,6.6552,-3.07338,81.0,/Users/adriankong/Desktop/TROP/trank_final_data_2026_with_pbp.csv,exact_name_team_season,1.0,2335.0,Low,"Fuller, Shemani",Rider,Metro Atlantic Athletic Conference,4898349.0,6-9,Sr,C,28.0,0.5408,0.5498,106.0578,0.1872,-1.0028,-1.7176,0.9755,-2.6931000000000003,exact_name_team_season,1.0,2419.0,Shemani Fuller,Rider,-1.18,-0.28,-1.46,1006.0,0.05,0.03,0.08,92.2,114.4,-22.2,-188.0,shemani fuller,clark atlanta,2025.0,75147,2026.0,0.778006,1.19211,-3.07338,-2.47157,-0.60181,-4.29967,-2.16692,-2.13275,mid_major,,57.172996,59.786477,42.194093,0.164557,0.569231,18.786127,9.221304,20.977577,8.871103,21.494633,4.945041,2.155219,16.390243902439025,,,11.121951219512194,1.8048780487804879,3.1707317073170733,1.5121951219512195,1.7560975609756098,0.282051282051282,0.65,,alt_exact_name_team_season,step26_height_class_advanced_export,archetype_exact_name_team_season,0.0,0.404539727,0.9559295479,0.0440704521,0.1902911375,0.3945680427,0.0,0.404539727,0.0,0.0106010929
10095,ncaa_direct,2024-25,2025,2025-26,2026,Will Mortimore,Colorado Mesa,,29,23.0,661.0,22.793,319,11.0,120,224.0,0,2.0,79,116.0,197,29,69,22,3,,23.0,willmortimore,matched,1,willmortimore,1,0,Will Mortimore,Charleston,CAA,2026,134861,bt_pid:134861,7,7.2286,2.5714,-4.59608,82.0,/Users/adriankong/Desktop/TROP/trank_final_data_2026_with_pbp.csv,unmatched,,,,,,,,,,,,,,,,,,,,unmatched,,,,,,,,,,,,,,,,will mortimore,colorado mesa,2025.0,134861,2026.0,0.531721,0.875113,-4.59608,-2.55143,-2.04465,-0.670499,-3.17863,2.50813,mid_major,,53.571429,57.991565,51.785714,0.008929,0.42029,20.055807,9.301811,26.21345,9.737671,24.355614,0.580581,1.942986,19.30408472012103,,,11.921331316187594,1.7549167927382754,4.1754916792738275,1.3313161875945536,0.1815431164901664,0.0,0.6810344827586207,,alt_exact_name_team_season,step26_height_class_advanced_export,archetype_exact_name_team_season,0.0,0.9728546231,0.8296064899,0.1703935101,0.0,0.9728546231,0.0,0.0271453769,0.0,0.0
10096,ncaa_direct,2024-25,2025,2025-26,2026,Yaak Yaak,Colorado Mesa,,29,9.0,693.0,23.897,307,10.586,117,242.0,4,20.0,69,89.0,179,34,30,13,50,,5.0,yaakyaak,matched,1,yaakyaak,1,0,Yaak Yaak,Oregon St.,WCC,2026,78507,bt_pid:78507,25,15.08,6.64,-1.92159,83.0,/Users/adriankong/Desktop/TROP/trank_final_data_2026_with_pbp.csv,exact_name_team_season,1.0,1229.0,High,"Yaak, Yaak",Oregon St.,West Coast Conference,5176771.0,6-11,Jr,PF/C,25.0,0.2812,0.2825,111.3708,0.2293,1.7193,0.5176,0.082,0.4355999999999999,exact_name_team_season,1.0,1904.0,Yaak Yaak,Oregon State,-0.29,-0.01,-0.29,627.0,0.08,-0.11,-0.02,105.6,107.3,-1.7,-33.0,yaak yaak,colorado mesa,2025.0,78507,2026.0,1.36101,1.29008,-1.92159,-1.41805,-0.503548,0.115501,-0.160145,0.275646,mid_major,83.0,49.173554,54.595248,36.77686,0.082645,1.133333,9.641342,10.084377,22.539508,10.629147,18.944988,9.19934,1.09153,17.295775,3.492958,6.591549,10.084507,1.915493,1.690141,0.732394,2.816901,0.2,0.775281,1.448741,combined_exact,combined_player_database,archetype_exact_name_team_season,0.0,0.7223620617,1.0,0.0,0.1478447363,0.0406366392,0.0,0.7223620617,0.0,0.0891565629
10110,ncaa_direct,2024-25,2025,2025-26,2026,Corey Boston,Concord,,24,24.0,784.0,32.667,408,17.0,146,314.0,30,105.0,86,99.0,123,88,80,34,1,,2.0,coreyboston,matched,1,coreyboston,1,0,Corey Boston,IU Indy,Horz,2026,134763,bt_pid:134763,5,3.2714,1.5714,-24.0276,70.0,/Users/adriankong/Desktop/TROP/trank_final_data_2026_with_pbp.csv,unmatched,,,,,,,,,,,,,,,,,,,,unmatched,,,,,,,,,,,,,,,,corey boston,concord,2025.0,134763,2026.0,,,,,,,,,mid_major,,51.857585,57.493188,30.959752,0.337461,1.097561,18.262806,19.138471,24.872392,2.74012,12.747258,0.099082,2.289885,20.816326530612244,,,6.275510204081633,4.489795918367347,4.081632653061225,1.7346938775510203,0.05102040816326531,0.3027522935779816,0.87,,alt_exact_name_team_season,step26_height_class_advanced_export,archetype_exact_name_team_season,0.0,0.4151961998,0.96815883,0.03184117,0.4151961998,0.1884513961,0.0,0.0,0.1488674328,0.2474849713
10182,ncaa_direct,2024-25,2025,2025-26,2026,Chris Terrell,Delta St.,,30,30.0,1078.0,35.933,634,21.133,227,471.0,69,192.0,111,128.0,112,108,49,105,14,,3.0,christerrell,matched,1,christerrell,1,0,Chris Terrell,New Mexico St.,CUSA,2026,134132,bt_pid:134132,28,12.8774,4.2258,-1.14827,72.0,/Users/adriankong/Desktop/TROP/trank_final_data_2026_with_pbp.csv,exact_name_team_season,1.0,1743.0,Medium,"Terrell, Chris",New Mexico St.,Conference USA,5180743.0,6-0,Sr,s-PG,28.0,0.2883,0.2904,108.5484,0.2043,-0.1849,-0.5338,0.4178,-0.9516,exact_name_team_season,1.0,1373.0,Chris Terrell,New Mexico State,1.02,-0.17,0.85,570.0,1.02,0.25,1.27,103.9,111.3,-7.4,-30.0,chris terrell,delta state,2025.0,134132,2026.0,0.488279,1.10003,-1.14827,-0.947813,-0.200454,-0.367653,-1.46961,1.10196,mid_major,,55.638298,60.274129,27.446809,0.406383,2.183673,8.51049,19.843732,26.443952,4.496709,8.906587,1.297845,5.333412,23.525046382189238,,,4.1558441558441555,4.007421150278293,1.8181818181818181,3.896103896103896,0.5194805194805194,0.3612565445026178,0.8682170542635659,,alt_exact_name_team_season,step26_height_class_advanced_export,archetype_exact_name_team_season,0.0,0.6363606665,0.9319733535,0.0680266465,0.6363606665,0.0004755029,0.0,0.0,0.0,0.3631638307
10221,ncaa_direct,2024-25,2025,2025-26,2026,Cooper Jackson,Eastern N.M.,,21,12.0,497.0,23.667,195,9.286,69,159.0,17,50.0,40,63.0,44,61,38,65,8,,24.0,cooperjackson,matched_prior_d1_experience,1,cooperjackson,1,1,Cooper Jackson,Navy,Pat,2026,126791,bt_pid:126791,15,2.8235,0.9412,-8.80455,78.0,/Users/adriankong/Desktop/TROP/trank_final_data_2026_with_pbp.csv,unmatched,,,,,,,,,,,,,,,,,,,,unmatched,,,,,,,,,,,,,,,,cooper jackson,eastern n m,2025.0,126791,2026.0,,,,,,,,,mid_major,,48.742138,52.217224,39.622642,0.314465,1.605263,16.909932,17.962794,20.806795,2.375306,7.371823,1.796197,6.91459,15.694164989939638,,,3.541247484909457,4.909456740442656,3.058350100603622,5.231388329979879,0.6438631790744467,0.34,0.6349206349206349,,alt_exact_name_team_season,website_priority_advanced_export,archetype_unique_name_season,0.0,0.5557634094,0.8106921598,0.1893078402,0.41743626,0.0,0.0,0.0268003305,0.0,0.5557634094
10222,ncaa_direct,2024-25,2025,2025-26,2026,Cougar Downing,Eastern N.M.,,26,26.0,751.0,28.885,317,12.192,109,246.0,65,142.0,34,44.0,59,45,25,24,5,,2.0,cougardowning,matched,1,cougardowning,1,0,Cougar Downing,UMBC,AE,2026,135437,bt_pid:135437,29,12.4613,3.9032,-2.87676,74.0,/Users/adriankong/Desktop/TROP/trank_final_data_2026_with_pbp.csv,exact_name_team_season,1.0,2380.0,Low,"Downing, Cougar",UMBC,America East Conference,5177355.0,6-2,Sr,WG,29.0,0.2766,0.2742,108.4321,0.1406,-1.4087,-1.1011,1.7265,-2.8276,exact_name_team_season,1.0,2587.0,Cougar Downing,UMBC,0.24,-2.21,-1.97,564.0,-0.6,-1.7,-2.3,105.9,112.9,-7.0,48.0,cougar downing,eastern n m,2025.0,135437,2026.0,0.23119,0.785441,-2.87676,-0.791963,-2.0848,-3.40683,-2.50033,-0.906501,mid_major,,57.520325,59.730178,17.886179,0.577236,1.8,8.610001,8.803118,17.712071,1.251926,7.285096,0.739611,1.682029,16.884154460719042,,,3.1424766977363516,2.396804260985353,1.3315579227696406,1.2782956058588548,0.2663115845539281,0.4577464788732394,0.7727272727272727,,alt_exact_name_team_season,website_priority_advanced_export,archetype_unique_name_season,0.0,0.6265482663,0.7136478476,0.2863521524,0.2733707205,0.0,0.0,0.0,0.6265482663,0.1000810132
10233,ncaa_direct,2024-25,2025,2025-26,2026,Cenker Evran,Edinboro,,25,24.0,771.0,30.84,372,14.88,147,218.0,0,0.0,78,100.0,315,48,47,21,28,,10.0,cenkerevran,matched,1,cenkerevran,1,0,Cenker Evran,Texas A&M Corpus Chris,Slnd,2026,134133,bt_pid:134133,23,21.3308,5.7692,2.02618,80.0,/Users/adriankong/Desktop/TROP/trank_final_data_2026_with_pbp.csv,unique_name_season,0.8333,764.0,Low,"Evran, Cenker",A&M-Corpus Christi,Southland Conference,5314709.0,6-8,Jr,PF/C,23.0,0.4254,0.4251,117.115,0.1562,0.7466,-0.0148,-2.0142,1.9994000000000005,unique_name_season,0.963,1290.0,Cenker Evran,Texas A&M-Corpus Christi,-0.05,1.13,1.07,830.0,0.16,-0.55,-0.39,100.7,97.7,3.0,54.0,cenker evran,edinboro,2025.0,134133,2026.0,1.08577,2.18312,2.02618,0.207229,1.81895,0.123479,-0.314296,0.437775,mid_major,,67.431193,70.992366,45.87156,0.0,1.021277,15.210356,11.446673,19.819349,18.488633,28.154907,3.358231,1.544857,19.299610894941633,,,16.342412451361866,2.490272373540856,2.4383916990920884,1.0894941634241244,1.4526588845654993,,0.78,,alt_exact_name_team_season,step26_height_class_advanced_export,archetype_exact_name_team_season,0.0,0.6856142963,1.0,0.0,0.0,0.6856142963,0.0,0.3143857037,0.0,0.0
10244,ncaa_direct,2024-25,2025,2025-26,2026,Ja'Kobe Williams,Edward Waters,,22,20.0,766.0,34.818,319,14.5,115,262.0,14,47.0,75,105.0,129,89,79,38,6,,,jakobewilliams,matched,1,jakobewilliams,1,0,Ja'Kobe Williams,Central Connecticut,NEC,2026,135145,bt_pid:135145,6,18.1,3.2857,-8.70551,75.0,/Users/adriankong/Desktop/TROP/trank_final_data_2026_with_pbp.csv,unmatched,,,,,,,,,,,,,,,,,,,,unmatched,,,,,,,,,,,,,,,,ja kobe williams,edward waters,2025.0,135145,2026.0,-1.17491,1.32227,-8.70551,-6.53844,-2.16707,-9.26796,-8.14377,-1.12419,mid_major,,46.923077,52.26651,41.153846,0.184615,1.164557,20.46208,22.544681,23.564135,3.113237,14.589813,0.82571,2.585724,16.657963446475197,,,6.736292428198434,4.6475195822454305,4.12532637075718,1.9843342036553524,0.3133159268929504,0.2916666666666667,0.719626168224299,,alt_exact_name_team_season,step26_height_class_advanced_export,archetype_exact_name_team_season,0.0,0.4399730876,0.9405353105,0.0594646895,0.2114584404,0.3447118654,0.0,0.0,0.0038566066,0.4399730876
10282,ncaa_direct,2024-25,2025,2025-26,2026,Isaac Jones,Emmanuel (GA),,29,0.0,306.0,10.552,114,3.931,37,87.0,36,82.0,4,6.0,29,17,6,9,3,,10.0,isaacjones,matched,1,isaacjones,1,0,Isaac Jones,Stetson,ASun,2026,78138,bt_pid:78138,7,2.4889,0.4444,-15.812,73.0,/Users/adriankong/Desktop/TROP/trank_final_data_2026_with_pbp.csv,unmatched,,,,,,,,,,,,,,,,,,,,unmatched,,,,,,,,,,,,,,,,isaac jones,emmanuel ga,2025.0,78138,2026.0,,,,,,,,,mid_major,,63.218391,63.587684,6.896552,0.942529,2.833333,6.273526,8.334589,15.159145,2.393143,8.435808,0.943803,1.549772,14.901960784313726,,,3.7908496732026142,2.2222222222222223,0.7843137254901961,1.1764705882352942,0.39215686274509803,0.4390243902439024,0.6666666666666666,,alt_exact_name_team_season,step26_height_class_advanced_export,archetype_exact_name_team_season,0.0,0.8231355382,0.2596126186,0.7403873814,0.1768644618,0.0,0.8231355382,0.0,0.0,0.0
10289,ncaa_direct,2024-25,2025,2025-26,2026,Tavarus Webb,Emmanuel (GA),,30,29.0,967.0,32.233,618,20.6,204,367.0,30,77.0,180,224.0,180,152,77,43,26,,21.0,tavaruswebb,matched,1,tavaruswebb,1,0,Tavarus Webb,Georgia Southern,SB,2026,135445,bt_pid:135445,35,32.3351,15.5405,2.41262,76.0,/Users/adriankong/Desktop/TROP/trank_final_data_2026_with_pbp.csv,exact_name_team_season,1.0,1631.0,Medium,"Webb, Tavarus",Ga. Southern,Sun Belt Conference,5312457.0,6-4,Sr,WG,35.0,0.8061,0.8072,125.1394,0.2216,3.0917,1.3131,1.9512,-0.6381000000000001,exact_name_team_season,1.0,721.0,Tavarus Webb,Georgia Southern,2.88,-0.22,2.66,2039.0,2.76,0.57,3.33,108.0,113.5,-5.5,1.0,tavarus webb,emmanuel ga,2025.0,135445,2026.0,3.27173,2.22173,2.41262,2.73337,-0.32075,2.72561,2.8358,-0.11019,mid_major,,59.673025,66.371681,61.035422,0.209809,1.974026,14.191979,28.224042,27.907445,6.471792,15.473173,2.654427,2.402874,25.563598759048602,,,7.445708376421924,6.287487073422958,3.185108583247156,1.778697001034126,1.0754912099276113,0.3896103896103896,0.8035714285714286,,alt_exact_name_team_season,step26_height_class_advanced_export,archetype_exact_name_team_season,0.0,0.4909928338,1.0,0.0,0.0319050708,0.4771020954,0.0,0.0,0.0,0.4909928338
10298,ncaa_direct,2024-25,2025,2025-26,2026,Karyiek Dixon,Emporia St.,,28,21.0,742.0,26.5,318,11.357,127,251.0,2,9.0,62,91.0,189,31,28,50,11,,5.0,karyiekdixon,matched,1,karyiekdixon,1,0,Karyiek Dixon,Western Illinois,OVC,2026,134217,bt_pid:134217,17,25.35,8.35,-4.99186,77.0,/Users/adriankong/Desktop/TROP/trank_final_data_2026_with_pbp.csv,exact_name_team_season,1.0,1913.0,Low,"Dixon, Karyiek",Western Ill.,Ohio Valley Conference,5314441.0,6-5,Sr,PF/C,16.0,0.3837,0.386,114.5172,0.178,0.368,-0.8347,0.5234,-1.3581,exact_name_team_season,1.0,2465.0,Karyiek Dixon,Western Illinois,-1.19,-0.4,-1.58,764.0,-1.01,-1.07,-2.08,90.9,114.3,-23.4,-141.0,karyiek dixon,emporia state,2025.0,134217,2026.0,1.07957,1.376,-4.99186,-1.9103,-3.08156,-4.27547,-1.37072,-2.90475,mid_major,,51.440329,55.121161,38.271605,0.00823,1.071429,8.976661,7.832,20.821371,12.664939,15.371805,1.830971,3.846982,17.142857142857142,,,10.18867924528302,1.6711590296495957,1.509433962264151,2.6954177897574123,0.5929919137466307,0.0,0.6774193548387096,,alt_exact_name_team_season,step26_height_class_advanced_export,archetype_exact_name_team_season,0.0,0.6087297671,0.925120493,0.074879507,0.0,0.6087297671,0.0,0.2107138985,0.0213654643,0.1591908701
10323,ncaa_direct,2024-25,2025,2025-26,2026,Taj Thweatt,Fairmont St.,,26,25.0,579.0,22.269,308,11.846,115,250.0,24,87.0,54,78.0,162,46,46,28,18,,10.0,tajthweatt,matched,1,tajthweatt,1,0,Taj Thweatt,Coppin St.,MEAC,2026,72845,bt_pid:72845,23,17.7957,5.9565,-5.99944,79.0,/Users/adriankong/Desktop/TROP/trank_final_data_2026_with_pbp.csv,exact_name_team_season,1.0,2656.0,Low,"Thweatt, Taj",Coppin St.,Mid-Eastern Athletic Conference,4432364.0,6-7,Sr,WF,22.0,0.3151,0.3122,91.6595,0.1969,-4.0722,-3.1758,0.9567,-4.1325,exact_name_team_season,1.0,2645.0,Taj Thweatt,Coppin State,-1.64,-0.55,-2.18,702.0,-2.02,-0.33,-2.35,90.6,116.8,-26.3,-122.0,taj thweatt,fairmont state,2025.0,72845,2026.0,-0.0362687,0.904853,-5.99944,-3.93183,-2.06761,-4.21814,-2.498,-1.72014,mid_major,,50.8,54.164322,31.2,0.348,1.0,13.92589,14.672188,26.999674,8.26006,23.319769,3.511283,2.57504,21.278065630397236,,,11.191709844559586,3.1778929188255614,3.1778929188255614,1.9343696027633852,1.2435233160621761,0.2758620689655172,0.6923076923076923,,alt_exact_name_team_season,step26_height_class_advanced_export,archetype_exact_name_team_season,0.0,0.4873269999,0.9753102352,0.0246897648,0.3195085059,0.4873269999,0.0312269027,0.1619375915,0.0,0.0
10339,ncaa_direct,2024-25,2025,2025-26,2026,Jaxson Whitaker,Ferris St.,,17,0.0,276.0,16.235,95,5.588,34,89.0,21,60.0,6,8.0,23,16,9,2,0,,3.0,jaxsonwhitaker,matched,1,jaxsonwhitaker,1,0,Jaxson Whitaker,Central Michigan,MAC,2026,134435,bt_pid:134435,29,18.2968,5.4194,-4.41017,76.0,/Users/adriankong/Desktop/TROP/trank_final_data_2026_with_pbp.csv,unique_name_season,0.8571,2914.0,Medium,"Whitaker, Jaxson",Central Mich.,Mid American Conference,5313258.0,6-4,So,CG,29.0,0.4533,0.4513,102.5821,0.1465,-1.5725,-3.2499,3.322,-6.571899999999999,exact_name_team_season,1.0,2961.0,Jaxson Whitaker,Central Michigan,-0.74,-3.09,-3.83,890.0,0.36,-1.74,-1.38,94.9,118.6,-23.7,-178.0,jaxson whitaker,ferris state,2025.0,134435,2026.0,0.475843,0.811505,-4.41017,-0.459832,-3.95034,-4.08276,-1.20729,-2.87547,mid_major,76.0,60.43956,61.709506,17.582418,0.67033,2.25,7.544323,11.928806,19.614157,2.828605,7.720588,0.0,1.056351,18.161351,0.97561,3.076923,4.052533,2.701689,1.20075,0.750469,0.0,0.426,0.688,11.259003,combined_exact,combined_player_database,archetype_exact_name_team_season,0.0,0.403363338,0.5429214036,0.4570785964,0.2614403623,0.0702072667,0.403363338,0.0,0.1445457079,0.120443325
10343,ncaa_direct,2024-25,2025,2025-26,2026,Nathan Claerbaut,Ferris St.,,34,33.0,776.0,22.824,325,9.559,137,227.0,1,3.0,50,61.0,213,38,46,10,78,,32.0,nathanclaerbaut,matched,1,nathanclaerbaut,1,0,Nathan Claerbaut,Central Michigan,MAC,2026,135340,bt_pid:135340,29,29.0871,12.2903,1.12094,84.0,/Users/adriankong/Desktop/TROP/trank_final_data_2026_with_pbp.csv,unique_name_season,0.8571,1266.0,Medium,"Claerbaut, Nathan",Central Mich.,Mid American Conference,5313263.0,7-0,Sr,C,29.0,0.7364,0.7393,113.6457,0.1971,0.6801,0.551,0.2148,0.3362,exact_name_team_season,1.0,1368.0,Nathan Claerbaut,Central Michigan,0.65,0.21,0.87,1448.0,0.9,0.63,1.53,105.7,112.1,-6.4,-79.0,nathan claerbaut,ferris state,2025.0,135340,2026.0,1.91971,2.01936,1.12094,-0.786342,1.90728,0.457412,0.40231,0.0551017,mid_major,84.0,60.572687,64.016703,26.872247,0.013216,0.826087,15.341515,8.798042,18.804603,11.361204,17.366412,10.750636,0.71633,16.53944,3.918575,6.92112,10.839695,1.933842,2.340967,0.508906,3.969466,0.333,0.82,0.187744,combined_exact,combined_player_database,archetype_exact_name_team_season,0.0,0.8214851645,1.0,0.0,0.0466696959,0.0,0.0,0.8214851645,0.0,0.1318451396
10348,ncaa_direct,2024-25,2025,2025-26,2026,Anthony Johnson,Findlay,,29,29.0,693.0,23.897,253,8.724,98,171.0,17,53.0,40,47.0,98,92,22,22,2,,12.0,anthonyjohnson,matched,1,anthonyjohnson,1,0,Anthony Johnson,Arizona St.,B12,2026,134561,bt_pid:134561,33,24.9091,13.2424,2.24083,75.0,/Users/adriankong/Desktop/TROP/trank_final_data_2026_with_pbp.csv,exact_name_team_season,1.0,446.0,High,"Johnson, Anthony",Arizona St.,Big 12 Conference,5189257.0,6-3,Sr,CG,33.0,0.6363,0.6378,106.9789,0.2668,1.6981,2.3432,-1.0677,3.4109,exact_name_team_season,1.0,642.0,Anthony Johnson,Arizona State,1.8,1.11,2.91,1479.0,1.31,2.27,3.58,113.7,103.3,10.4,-24.0,anthony johnson,findlay,2025.0,134561,2026.0,2.2849,2.78111,2.24083,0.906184,1.33465,3.37644,1.55939,1.81705,power_4,,62.280702,65.995409,27.48538,0.309942,4.181818,10.295769,19.825839,14.641652,4.419223,11.214985,0.315354,1.716866,14.603174603174603,,,5.656565656565657,5.31024531024531,1.2698412698412698,1.2698412698412698,0.11544011544011544,0.320754716981132,0.851063829787234,,alt_exact_name_team_season,step26_height_class_advanced_export,archetype_exact_name_team_season,0.0,0.8124803358,0.5856152085,0.4143847915,0.0,0.1441740932,0.0,0.043345571,0.0,0.8124803358
10358,ncaa_direct,2024-25,2025,2025-26,2026,Will Aljancic,Findlay,,25,25.0,557.0,22.28,347,13.88,132,275.0,26,69.0,57,93.0,136,38,50,12,3,,1.0,willaljancic,matched,1,willaljancic,1,0,Will Aljancic,Holy Cross,Pat,2026,133840,bt_pid:133840,15,11.8824,3.0588,-10.5907,78.0,/Users/adriankong/Desktop/TROP/trank_final_data_2026_with_pbp.csv,unmatched,,,,,,,,,,,,,,,,,,,,unmatched,,,,,,,,,,,,,,,,will aljancic,findlay,2025.0,133840,2026.0,-0.734053,0.595901,-10.5907,-7.28187,-3.30886,-9.38629,-6.06874,-3.31755,mid_major,,52.280702,54.023618,34.736842,0.249123,0.730769,13.664074,11.469451,31.36228,6.414668,20.330181,0.568916,1.220156,24.919210053859963,,,9.76660682226212,2.7289048473967683,3.5906642728904847,0.8617594254937163,0.21543985637342908,0.3661971830985915,0.5757575757575758,,alt_exact_name_team_season,step26_height_class_advanced_export,archetype_exact_name_team_season,0.0,0.6606377342,1.0,0.0,0.0923983671,0.6606377342,0.2469638987,0.0,0.0,0.0
10359,ncaa_direct,2024-25,2025,2025-26,2026,Alex Steen,Fla. Southern,,35,34.0,977.0,27.914,628,17.943,245,436.0,4,14.0,134,195.0,372,39,56,36,86,,25.0,alexsteen,matched,1,alexsteen,1,0,Alex Steen,Florida St.,ACC,2026,133814,bt_pid:133814,32,19.8125,6.8125,6.78071,80.0,/Users/adriankong/Desktop/TROP/trank_final_data_2026_with_pbp.csv,exact_name_team_season,1.0,392.0,High,"Steen, Alex",Florida St.,Atlantic Coast Conference,5316049.0,6-8,Sr,C,31.0,0.4574,0.4585,136.275,0.1637,5.144,3.5751,-0.1168,3.6919,exact_name_team_season,1.0,565.0,Alex Steen,Florida State,2.28,0.91,3.19,1124.0,2.63,1.04,3.68,115.4,103.8,11.6,54.0,alex steen,fla southern,2025.0,133814,2026.0,2.55191,2.20048,6.78071,3.65339,3.12732,4.05528,2.83411,1.22117,power_4,,56.651376,60.176313,44.724771,0.03211,0.696429,9.691935,6.700841,25.379292,13.08128,22.68372,7.364518,1.788293,25.71136131013306,,,15.230296827021494,1.5967246673490276,2.292732855680655,1.473899692937564,3.5209825997952917,0.2857142857142857,0.6871794871794872,,alt_exact_name_team_season,website_priority_advanced_export,archetype_unique_name_season,0.0,0.5045528208,1.0,0.0,0.0,0.4954471792,0.0,0.5045528208,0.0,0.0
10364,ncaa_direct,2024-25,2025,2025-26,2026,Jadin Booth,Fla. Southern,,34,34.0,1225.0,36.029,717,21.088,210,481.0,100,259.0,197,213.0,162,178,81,65,14,,2.0,jadinbooth,matched,1,jadinbooth,1,0,Jadin Booth,Samford,SC,2026,73470,bt_pid:73470,29,36.42,21.6,2.02126,74.0,/Users/adriankong/Desktop/TROP/trank_final_data_2026_with_pbp.csv,exact_name_team_season,1.0,659.0,Low,"Booth, Jadin",Samford,Southern Conference,4702680.0,6-2,Sr,CG,29.0,0.8854,0.8744,125.5404,0.2466,3.078,3.719,1.3094,2.4096,exact_name_team_season,1.0,460.0,Jadin Booth,Samford,4.18,-0.49,3.7,1838.0,4.05,-0.3,3.75,110.3,110.0,0.3,100.0,jadin booth,fla southern,2025.0,73470,2026.0,3.90691,2.60723,2.02126,4.23595,-2.2147,3.69963,4.66496,-0.96533,mid_major,,54.268293,62.54674,44.512195,0.536585,2.253012,12.362965,21.943339,22.830799,1.738349,10.552055,0.928191,2.499846,23.412244897959184,,,5.289795918367347,5.812244897959184,2.6448979591836737,2.122448979591837,0.45714285714285713,0.3863636363636363,0.9223744292237442,,alt_exact_name_team_season,website_priority_advanced_export,archetype_unique_name_season,0.0,0.4842161597,0.8443394976,0.1556605024,0.4842161597,0.0664325802,0.0,0.0,0.0,0.4493512601
10372,ncaa_direct,2024-25,2025,2025-26,2026,Jaylen Jordon,Flagler,,27,27.0,620.0,22.963,350,12.963,149,253.0,1,10.0,51,77.0,209,29,59,10,20,,23.0,jaylenjordon,matched,1,jaylenjordon,1,0,Jaylen Jordon,Jacksonville,ASun,2026,134271,bt_pid:134271,20,11.4818,3.4545,-5.23842,80.0,/Users/adriankong/Desktop/TROP/trank_final_data_2026_with_pbp.csv,unmatched,,,,,,,,,,,,,,,,,,,,unmatched,,,,,,,,,,,,,,,,jaylen jordon,flagler,2025.0,134271,2026.0,-0.148542,0.784028,-5.23842,-4.82424,-0.414187,-7.08808,-6.13526,-0.952818,mid_major,,59.090909,61.001115,30.434783,0.039526,0.491525,17.057939,9.827091,27.267221,8.58821,28.722092,3.04205,0.879114,22.580645161290324,,,13.483870967741936,1.8709677419354838,3.806451612903226,0.6451612903225806,1.2903225806451613,0.1,0.6623376623376623,,alt_exact_name_team_season,step26_height_class_advanced_export,archetype_exact_name_team_season,0.0,0.6951118854,1.0,0.0,0.0,0.6951118854,0.0895007989,0.2153873156,0.0,0.0
10373,ncaa_direct,2024-25,2025,2025-26,2026,Josiah Shackelford,Flagler,,12,2.0,340.0,28.333,200,16.667,68,133.0,27,63.0,37,50.0,53,12,13,9,1,,4.0,josiahshackelford,matched,1,josiahshackelford,1,0,Josiah Shackelford,Bowling Green,MAC,2026,135165,bt_pid:135165,29,22.9281,11.3125,-2.15127,76.0,/Users/adriankong/Desktop/TROP/trank_final_data_2026_with_pbp.csv,exact_name_team_season,1.0,1279.0,Medium,"Shackelford, Josiah",Bowling Green,Mid American Conference,5312969.0,6-4,So,WG,29.0,0.6081,0.6029,109.1236,0.2207,-0.3211,0.4407,0.1366,0.3041,exact_name_team_season,1.0,1540.0,Josiah Shackelford,Bowling Green,1.09,-0.6,0.5,1246.0,0.38,-0.48,-0.1,106.8,103.6,3.3,90.0,josiah shackelford,flagler,2025.0,135165,2026.0,1.38123,2.21872,-2.15127,-0.655091,-1.49618,-0.505077,0.171525,-0.676602,mid_major,,59.395973,63.620175,38.255034,0.459732,0.714286,10.764814,7.599952,25.261174,3.220027,12.94524,0.49968,1.516212,23.529411764705884,,,6.235294117647059,1.411764705882353,1.5294117647058822,1.0588235294117647,0.11764705882352941,0.4525547445255474,0.7807017543859649,,alt_exact_name_team_season,step26_height_class_advanced_export,archetype_exact_name_team_season,0.0,0.3630313932,1.0,0.0,0.2547258205,0.2566157558,0.1256270305,0.0,0.3630313932,0.0
10387,ncaa_direct,2024-25,2025,2025-26,2026,AJ Riggs,Fort Lewis,,27,2.0,353.0,13.074,176,6.519,58,119.0,40,89.0,20,23.0,20,10,12,12,2,,2.0,ajriggs,matched,1,ajriggs,1,0,AJ Riggs,Utah Valley,WAC,2026,135220,bt_pid:135220,8,3.4273,1.3636,-0.851152,75.0,/Users/adriankong/Desktop/TROP/trank_final_data_2026_with_pbp.csv,unmatched,,,,,,,,,,,,,,,,,,,,unmatched,,,,,,,,,,,,,,,,aj riggs,fort lewis,2025.0,135220,2026.0,,,,,,,,,mid_major,,67.28972,70.277683,20.560748,0.785047,0.625,6.416426,3.067485,18.069838,0.950413,4.595405,0.700152,1.654552,19.943342776203966,,,2.26628895184136,1.13314447592068,1.3597733711048159,1.3597733711048159,0.22662889518413598,0.4523809523809524,0.9090909090909092,,alt_exact_name_team_season,step26_height_class_advanced_export,archetype_exact_name_team_season,0.0,0.5716267159,0.8519706751,0.1480293249,0.0561821909,0.0,0.5716267159,0.0,0.3721910932,0.0
10388,ncaa_direct,2024-25,2025,2025-26,2026,Biko Johnson,Fort Lewis,,31,30.0,837.0,27.0,504,16.258,148,372.0,63,178.0,145,196.0,119,78,77,64,3,,5.0,bikojohnson,matched,1,bikojohnson,1,0,Biko Johnson,Idaho,BSky,2026,77977,bt_pid:77977,33,27.6222,12.25,0.575869,74.0,/Users/adriankong/Desktop/TROP/trank_final_data_2026_with_pbp.csv,exact_name_team_season,1.0,1552.0,Low,"Johnson, Biko",Idaho,Big Sky Conference,5177021.0,6-2,Sr,CG,33.0,0.7163,0.713,104.8077,0.2495,-1.0758,-1.0451,-0.6018,-0.4432999999999999,exact_name_team_season,1.0,1501.0,Biko Johnson,Idaho,0.18,0.41,0.59,1644.0,0.55,0.33,0.87,104.1,105.3,-1.2,32.0,biko johnson,fort lewis,2025.0,77977,2026.0,1.43854,2.68369,0.575869,0.451624,0.124245,-0.118863,-0.619593,0.50073,mid_major,,48.252688,54.993017,52.688172,0.478495,1.012987,14.38607,18.978942,29.975201,4.651905,11.986257,0.405826,4.091821,24.086021505376344,,,5.6869772998805255,3.727598566308244,3.6798088410991636,3.058542413381123,0.14336917562724014,0.3539325842696629,0.7397959183673469,,alt_exact_name_team_season,step26_height_class_advanced_export,archetype_exact_name_team_season,0.0,0.7453179641,0.9795762219,0.0204237781,0.7453179641,0.2154109424,0.0,0.0,0.0,0.0392710935
10401,ncaa_direct,2024-25,2025,2025-26,2026,Hassane Diallo,Fort Valley St.,,28,28.0,718.0,25.643,296,10.571,118,225.0,0,8.0,60,91.0,173,25,62,24,42,,4.0,hassanediallo,matched,1,hassanediallo,1,0,Hassane Diallo,Prairie View A&M,SWAC,2026,133813,bt_pid:133813,26,10.3607,3.0,-3.11935,79.0,/Users/adriankong/Desktop/TROP/trank_final_data_2026_with_pbp.csv,unmatched,,,,,,,,,,,,,,,,,,,,unmatched,,,,,,,,,,,,,,,,hassane diallo,fort valley state,2025.0,133813,2026.0,0.0930604,0.830959,-3.11935,-4.42139,1.30204,-4.30658,-4.16459,-0.141985,mid_major,,51.327434,54.975983,40.707965,0.035398,0.42623,18.627092,7.899356,22.444552,8.721271,17.616222,5.381333,1.665062,16.49025069637883,,,9.637883008356546,1.392757660167131,3.4540389972144845,1.3370473537604457,2.33983286908078,0.0,0.6630434782608695,,alt_exact_name_team_season,step26_height_class_advanced_export,archetype_exact_name_team_season,0.0,0.483185079,0.951651613,0.048348387,0.1125587125,0.285213727,0.0,0.483185079,0.0692056655,0.049836816
10424,ncaa_direct,2024-25,2025,2025-26,2026,Demariontay Hall,Franklin Pierce,,27,26.0,659.0,24.407,324,12.0,132,255.0,0,4.0,60,107.0,166,35,54,19,24,,5.0,demariontayhall,matched,1,demariontayhall,1,0,Demariontay Hall,Coppin St.,MEAC,2026,135083,bt_pid:135083,21,22.0,10.5909,-6.15135,79.0,/Users/adriankong/Desktop/TROP/trank_final_data_2026_with_pbp.csv,exact_name_team_season,1.0,2799.0,Low,"Hall, Demariontay",Coppin St.,Mid-Eastern Athletic Conference,5252323.0,6-7,Sr,C,20.0,0.3689,0.3741,96.7841,0.2752,-3.428,-4.1297,0.9906,-5.120299999999999,exact_name_team_season,1.0,2985.0,Demariontay Hall,Coppin State,-3.43,-0.6,-4.03,834.0,-2.86,-0.24,-3.1,84.7,115.5,-30.8,-217.0,demariontay hall,franklin pierce,2025.0,135083,2026.0,0.268102,1.19605,-6.15135,-4.91429,-1.23705,-5.21998,-3.66318,-1.55679,mid_major,,53.442029,54.817883,43.115942,0.018116,0.576271,15.231309,10.393482,25.293841,6.513967,19.90115,3.62867,1.399712,19.666160849772382,,,10.07587253414264,2.12443095599393,3.2776934749620636,1.1532625189681336,1.456752655538695,0.2,0.5462184873949579,,alt_exact_name_team_season,step26_height_class_advanced_export,archetype_exact_name_team_season,0.0,0.5763197098,0.9860286514,0.0139713486,0.0,0.5763197098,0.0,0.2214685371,0.1682734958,0.0339382573
10442,ncaa_direct,2024-25,2025,2025-26,2026,Jaden Baker,Frostburg St.,,25,25.0,830.0,33.2,467,18.68,164,374.0,36,134.0,103,153.0,139,79,70,50,5,,9.0,jadenbaker,matched,1,jadenbaker,1,0,Jaden Baker,Wagner,NEC,2026,133983,bt_pid:133983,21,31.7958,9.3333,-4.62938,74.0,/Users/adriankong/Desktop/TROP/trank_final_data_2026_with_pbp.csv,exact_name_team_season,1.0,2874.0,Low,"Baker, Jaden",Wagner,Northeast Conference,5247448.0,6-2,Sr,CG,21.0,0.5833,0.5795,96.9063,0.1936,-2.8361,-2.1977,3.6833,-5.881,exact_name_team_season,1.0,2825.0,Jaden Baker,Wagner,-0.92,-2.02,-2.95,1094.0,-0.73,-1.28,-2.01,98.8,116.4,-17.5,-105.0,jaden baker,frostburg state,2025.0,133983,2026.0,0.0941206,1.68702,-4.62938,-2.98596,-1.64342,-4.45422,-2.22523,-2.22898,mid_major,,49.078947,53.123059,42.368421,0.352632,1.304348,13.273315,20.698515,26.935252,3.717193,14.647222,0.575824,2.938497,22.50602409638554,,,6.698795180722891,3.8072289156626504,3.3734939759036147,2.4096385542168677,0.24096385542168675,0.2761194029850746,0.6583850931677019,,alt_exact_name_team_season,step26_height_class_advanced_export,archetype_exact_name_team_season,0.0,0.4846445216,1.0,0.0,0.4846445216,0.2980048846,0.0,0.0,0.0,0.2173505938
10446,ncaa_direct,2024-25,2025,2025-26,2026,Manok Lual,Frostburg St.,,7,7.0,167.0,23.857,64,9.143,24,63.0,3,14.0,13,21.0,36,6,13,4,4,,2.0,manoklual,matched,1,manoklual,1,0,Manok Lual,Morgan St.,MEAC,2026,134873,bt_pid:134873,17,7.645,1.8,-11.3883,81.0,/Users/adriankong/Desktop/TROP/trank_final_data_2026_with_pbp.csv,unmatched,,,,,,,,,,,,,,,,,,,,unmatched,,,,,,,,,,,,,,,,manok lual,frostburg state,2025.0,134873,2026.0,-0.738466,0.277001,-11.3883,-7.4369,-3.95136,-10.9433,-7.34883,-3.59442,mid_major,,32.857143,36.395582,31.428571,0.257143,0.5,13.089005,4.525991,18.52638,6.150264,15.722248,2.694856,1.375216,15.32934131736527,,,8.622754491017965,1.437125748502994,3.1137724550898205,0.9580838323353293,0.9580838323353293,0.1111111111111111,0.5454545454545454,,alt_exact_name_team_season,step26_height_class_advanced_export,archetype_exact_name_team_season,0.0,0.4822762809,0.9656027938,0.0343972062,0.0,0.239976822,0.0284254331,0.249321464,0.4822762809,0.0
10459,ncaa_direct,2024-25,2025,2025-26,2026,Josiah Shackleford,Ga. Southwestern,,27,25.0,718.0,26.593,460,17.037,179,312.0,0,0.0,102,159.0,197,47,88,26,37,,8.0,josiahshackleford,matched,1,josiahshackleford,1,0,Josiah Shackleford,North Texas,Amer,2026,133865,bt_pid:133865,23,12.124,5.96,-3.91676,81.0,/Users/adriankong/Desktop/TROP/trank_final_data_2026_with_pbp.csv,unmatched,,,,,,,,,,,,,,,,,,,,unmatched,,,,,,,,,,,,,,,,josiah shackleford,ga southwestern,2025.0,133865,2026.0,0.39011,1.45193,-3.91676,-4.84441,0.927642,-1.96805,-3.03322,1.06517,mid_major,,56.231003,59.38745,50.151976,0.0,0.555556,18.307567,14.406767,31.236439,9.245898,19.144801,4.550645,1.840751,25.62674094707521,,,10.974930362116991,2.618384401114206,4.9025069637883005,1.448467966573816,2.0612813370473537,,0.6484848484848484,,alt_exact_name_team_season,website_priority_advanced_export,archetype_unique_name_season,0.0,0.7085118395,1.0,0.0,0.0634817248,0.7085118395,0.0,0.1986994768,0.0,0.0293069588
10460,ncaa_direct,2024-25,2025,2025-26,2026,Justin Monden,Ga. Southwestern,,24,22.0,675.0,28.125,293,12.208,106,250.0,20,53.0,61,69.0,53,50,44,23,2,,12.0,justinmonden,matched,1,justinmonden,1,0,Justin Monden,Maryland Eastern Shore,MEAC,2026,133967,bt_pid:133967,30,20.75,6.0,-7.95013,72.0,/Users/adriankong/Desktop/TROP/trank_final_data_2026_with_pbp.csv,unique_name_season,0.2308,2942.0,Low,"Monden, Justin",UMES,Mid-Eastern Athletic Conference,5314175.0,6-0,Jr,s-PG,30.0,0.5327,0.5247,90.7471,0.199,-4.2768,-4.5208,2.9876,-7.5084,unmatched,,,,,,,,,,,,,,,,justin monden,ga southwestern,2025.0,133967,2026.0,-0.555154,1.14753,-7.95013,-4.62423,-3.3259,-7.34749,-5.72061,-1.62688,mid_major,,46.4,52.254245,27.6,0.212,1.136364,13.565174,13.36237,22.836426,1.3219,6.770106,0.272554,1.804266,17.362962962962964,,,3.140740740740741,2.962962962962963,2.6074074074074076,1.362962962962963,0.11851851851851852,0.3773584905660377,0.8840579710144928,,alt_exact_name_team_season,website_priority_advanced_export,archetype_unique_name_season,0.0,0.4963034554,1.0,0.0,0.0972318406,0.0658393402,0.0,0.0,0.4963034554,0.3406253637
10467,ncaa_direct,2024-25,2025,2025-26,2026,Ernest Shelton,Gannon,,33,33.0,894.0,27.091,568,17.212,177,439.0,87,256.0,127,146.0,150,31,53,39,31,,4.0,ernestshelton,matched,1,ernestshelton,1,0,Ernest Shelton,Merrimack,MAAC,2026,135312,bt_pid:135312,34,36.8294,15.9412,-0.014545,77.0,/Users/adriankong/Desktop/TROP/trank_final_data_2026_with_pbp.csv,exact_name_team_season,1.0,1745.0,Low,"Shelton, Ernest",Merrimack,Metro Atlantic Athletic Conference,5314297.0,6-5,Jr,WG,34.0,0.9124,0.9094,112.8275,0.2083,0.49,0.2512,1.2058,-0.9546,exact_name_team_season,1.0,1270.0,Ernest Shelton,Merrimack,1.64,-0.54,1.1,1998.0,1.95,-0.56,1.38,104.1,105.5,-1.4,52.0,ernest shelton,gannon,2025.0,135312,2026.0,2.65716,2.8738,-0.014545,1.45881,-1.47335,0.760887,1.8227,-1.06182,mid_major,,50.997783,57.05955,33.702882,0.583149,0.553571,9.758138,5.285997,25.044865,5.166327,10.752637,3.224148,2.017316,25.41387024608501,,,6.7114093959731544,1.3870246085011186,2.3713646532438477,1.74496644295302,1.3870246085011186,0.3498098859315589,0.8618421052631579,,alt_exact_name_team_season,step26_height_class_advanced_export,archetype_exact_name_team_season,0.0,0.4579830689,1.0,0.0,0.4579830689,0.0,0.1926633833,0.1805679842,0.1687855636,0.0
10477,ncaa_direct,2024-25,2025,2025-26,2026,Tasman Goodrick,Gannon,,33,33.0,855.0,25.909,513,15.545,202,365.0,1,5.0,108,173.0,354,45,55,50,32,,23.0,tasmangoodrick,matched,1,tasmangoodrick,1,0,Tasman Goodrick,Siena,MAAC,2026,135520,bt_pid:135520,9,23.3556,9.6667,6.40565,82.0,/Users/adriankong/Desktop/TROP/trank_final_data_2026_with_pbp.csv,unmatched,,,,,,,,,,,,,,,,,,,,unmatched,,,,,,,,,,,,,,,,tasman goodrick,gannon,2025.0,135520,2026.0,2.37556,2.48422,6.40565,3.38499,3.02066,4.96289,3.09491,1.86798,mid_major,,55.601093,58.242106,47.26776,0.013661,0.818182,11.063727,8.832053,23.459384,15.178408,24.416984,3.598827,2.796644,24.0,,,16.56140350877193,2.1052631578947367,2.573099415204678,2.3391812865497075,1.4970760233918128,0.2,0.6242774566473989,,alt_exact_name_team_season,step26_height_class_advanced_export,archetype_exact_name_team_season,0.0,0.7254961527,1.0,0.0,0.0,0.7254961527,0.0,0.2745038473,0.0,0.0
10497,ncaa_direct,2024-25,2025,2025-26,2026,Justin Allen,Goldey-Beacom,,24,4.0,218.0,9.083,48,2.0,17,46.0,5,18.0,9,18.0,18,9,9,7,1,,24.0,justinallen,matched,1,justinallen,1,0,Justin Allen,Green Bay,Horz,2026,134935,bt_pid:134935,30,26.4344,13.625,-1.47792,76.0,/Users/adriankong/Desktop/TROP/trank_final_data_2026_with_pbp.csv,exact_name_team_season,1.0,2000.0,Medium,"Allen, Justin",Green Bay,Horizon League,5313196.0,6-4,Sr,WG,30.0,0.6619,0.6522,115.1117,0.2693,1.3701,0.6529,2.2283,-1.5754,exact_name_team_season,1.0,1845.0,Justin Allen,Green Bay,1.14,-1.31,-0.17,1330.0,1.18,-0.31,0.87,110.4,114.4,-4.0,-6.0,justin allen,goldey beacom,2025.0,134935,2026.0,2.44504,1.62036,-1.47792,1.19254,-2.67047,-0.53053,1.61011,-2.14064,mid_major,,42.391304,44.510386,39.130435,0.391304,1.0,14.303878,7.324131,13.652615,3.882367,5.645926,0.513673,1.763837,8.807339449541285,,,3.302752293577982,1.651376146788991,1.651376146788991,1.2844036697247707,0.1834862385321101,0.2777777777777778,0.5,,alt_exact_name_team_season,step26_height_class_advanced_export,archetype_exact_name_team_season,0.0,0.8267745789,0.4575458816,0.5424541184,0.0,0.0,0.0,0.1732254211,0.8267745789,0.0
10507,ncaa_direct,2024-25,2025,2025-26,2026,Kaden Brown,Grand Valley St.,,28,6.0,712.0,25.429,401,14.321,131,322.0,82,203.0,57,78.0,56,30,39,27,1,,,kadenbrown,matched,1,kadenbrown,1,0,Kaden Brown,Southern Indiana,OVC,2026,78998,bt_pid:78998,11,28.2923,11.0769,-4.75019,72.0,/Users/adriankong/Desktop/TROP/trank_final_data_2026_with_pbp.csv,unique_name_season,0.8571,2790.0,Low,"Brown, Kaden",Southern Ind.,Ohio Valley Conference,5177219.0,6-0,Jr,WG,10.0,0.2613,0.2655,89.0302,0.2247,-4.7014,-4.0221,1.0,-5.0221,exact_name_team_season,1.0,2938.0,Kaden Brown,Southern Indiana,-1.87,-1.8,-3.67,587.0,-1.21,-1.16,-2.37,88.6,112.5,-23.8,-105.0,kaden brown,grand valley state,2025.0,78998,2026.0,0.177691,2.00311,-4.75019,-1.77249,-2.97771,-4.3582,-2.69373,-1.66447,mid_major,,52.265861,55.028877,24.773414,0.628399,0.794872,9.604019,9.196207,28.025265,1.02013,7.174092,0.174074,2.152888,22.528089887640448,,,3.146067415730337,1.6853932584269662,2.191011235955056,1.5168539325842696,0.056179775280898875,0.3942307692307692,0.7073170731707317,,alt_exact_name_team_season,step26_height_class_advanced_export,archetype_exact_name_team_season,0.0,0.5961794498,1.0,0.0,0.5961794498,0.0,0.283161508,0.0,0.1206590422,0.0
10522,ncaa_direct,2024-25,2025,2025-26,2026,Sam Smith,Harding,,31,31.0,747.0,24.097,461,14.871,195,338.0,28,73.0,43,57.0,188,14,49,10,16,,24.0,samsmith,matched,1,samsmith,1,0,Sam Smith,Wagner,NEC,2026,134789,bt_pid:134789,6,15.3143,9.0,-0.13066,78.0,/Users/adriankong/Desktop/TROP/trank_final_data_2026_with_pbp.csv,unmatched,,,,,,,,,,,,,,,,,,,,unmatched,,,,,,,,,,,,,,,,sam smith,harding,2025.0,134789,2026.0,2.0966,1.18195,-0.13066,3.19029,-3.32095,1.01652,3.76365,-2.74713,mid_major,,61.83432,63.484631,16.863905,0.215976,0.285714,11.890895,4.263174,28.982108,9.576018,21.332538,2.16628,0.770236,24.685408299866133,,,10.066934404283803,0.749665327978581,2.6238286479250337,0.535475234270415,0.856760374832664,0.3835616438356164,0.7543859649122807,,alt_exact_name_team_season,step26_height_class_advanced_export,archetype_exact_name_team_season,0.0,0.565437806,1.0,0.0,0.0,0.565437806,0.3225382589,0.1120239351,0.0,0.0
10537,ncaa_direct,2024-25,2025,2025-26,2026,Nadjrick Peat,Hawaii Hilo,,30,30.0,667.0,22.233,237,7.9,96,167.0,0,1.0,45,87.0,253,14,46,14,62,,4.0,nadjrickpeat,matched,1,nadjrickpeat,1,0,Nadjrick Peat,Coastal Carolina,SB,2026,133839,bt_pid:133839,31,23.0156,4.25,-0.141023,82.0,/Users/adriankong/Desktop/TROP/trank_final_data_2026_with_pbp.csv,exact_name_team_season,1.0,1756.0,Medium,"Peat, Nadjrick",Coastal Carolina,Sun Belt Conference,5184709.0,6-10,Sr,C,31.0,0.5674,0.5695,106.4993,0.106,-1.4179,-2.5882,-1.6,-0.9882,exact_name_team_season,1.0,2039.0,Nadjrick Peat,Coastal Carolina,-2.69,2.12,-0.57,1253.0,-2.24,0.61,-1.63,94.7,99.5,-4.8,-22.0,nadjrick peat,hawaii hilo,2025.0,133839,2026.0,0.0660161,2.40688,-0.141023,-4.3752,4.23418,-1.40931,-4.1516,2.74228,mid_major,,55.319149,56.462821,51.06383,0.005319,0.27451,18.133978,3.634816,18.774468,13.334159,27.404636,9.369729,1.136715,14.212893553223388,,,15.172413793103448,0.8395802098950524,2.7586206896551726,0.8395802098950524,3.7181409295352323,0.0,0.5416666666666666,,alt_exact_name_team_season,step26_height_class_advanced_export,archetype_exact_name_team_season,0.0,0.8499287895,1.0,0.0,0.0,0.1500712105,0.0,0.8499287895,0.0,0.0
10547,ncaa_direct,2024-25,2025,2025-26,2026,Nehikhare Igiehon,Henderson St.,,29,29.0,812.0,28.0,456,15.724,181,317.0,1,4.0,93,173.0,200,22,45,12,31,,11.0,nehikhareigiehon,matched,1,nehikhareigiehon,1,0,Nehikhare Igiehon,Houston Christian,Slnd,2026,134818,bt_pid:134818,17,10.4053,3.5789,-7.78753,79.0,/Users/adriankong/Desktop/TROP/trank_final_data_2026_with_pbp.csv,unmatched,,,,,,,,,,,,,,,,,,,,unmatched,,,,,,,,,,,,,,,,nehikhare igiehon,henderson state,2025.0,134818,2026.0,-0.0507396,0.694299,-7.78753,-6.31292,-1.47461,-9.08533,-7.22084,-1.86449,mid_major,,57.598784,58.122425,54.407295,0.012158,0.489362,10.335122,5.376949,25.968438,10.916466,17.168836,4.149255,0.787809,22.463054187192117,,,9.852216748768473,1.083743842364532,2.2167487684729066,0.5911330049261084,1.5270935960591132,0.25,0.5307262569832403,,alt_exact_name_team_season,step26_height_class_advanced_export,archetype_exact_name_team_season,0.0,0.4980595854,1.0,0.0,0.0,0.4980595854,0.0,0.336119006,0.1658214086,0.0
10549,ncaa_direct,2024-25,2025,2025-26,2026,Rondae Hill,Henderson St.,,29,26.0,827.0,28.517,341,11.759,114,283.0,56,149.0,57,80.0,60,83,59,32,3,,,rondaehill,matched,1,rondaehill,1,0,Rondae Hill,Southern,SWAC,2026,133908,bt_pid:133908,4,14.6,7.1667,-8.02209,72.0,/Users/adriankong/Desktop/TROP/trank_final_data_2026_with_pbp.csv,unmatched,,,,,,,,,,,,,,,,,,,,unmatched,,,,,,,,,,,,,,,,rondae hill,henderson state,2025.0,133908,2026.0,,,,,,,,,mid_major,,50.664452,54.14842,27.906977,0.541528,1.393443,15.289753,16.428541,22.009783,1.488906,6.933844,0.387929,2.093034,16.49334945586457,,,2.902055622732769,4.014510278113664,2.853688029020556,1.5477629987908101,0.14510278113663846,0.3865030674846625,0.7261904761904762,,alt_exact_name_team_season,step26_height_class_advanced_export,archetype_exact_name_team_season,0.0,0.4514122914,0.9177993809,0.0822006191,0.4514122914,0.0,0.0,0.0,0.325727842,0.2228598666
10563,ncaa_direct,2024-25,2025,2025-26,2026,Christian Moore,Indiana (PA),,22,22.0,723.0,32.864,375,17.045,131,315.0,58,168.0,55,68.0,101,57,37,28,1,,11.0,christianmoore,matched_prior_d1_experience,1,christianmoore,1,2,Christian Moore,The Citadel,SC,2026,78449,bt_pid:78449,28,25.0645,11.1613,-3.92982,78.0,/Users/adriankong/Desktop/TROP/trank_final_data_2026_with_pbp.csv,exact_name_team_season,1.0,2478.0,Low,"Moore, Christian",The Citadel,Southern Conference,5176171.0,6-6,So,WF,28.0,0.5868,0.5694,113.9641,0.2262,0.2399,-0.6601,2.5259,-3.186,exact_name_team_season,1.0,2052.0,Christian Moore,The Citadel,1.46,-2.06,-0.6,1152.0,1.73,-1.47,0.26,100.4,118.7,-18.3,-134.0,christian moore,indiana pa,2025.0,78449,2026.0,1.64183,0.757073,-3.92982,1.07052,-5.00034,-2.25672,1.5491,-3.80582,mid_major,,49.090909,52.74482,20.0,0.520455,1.625,9.113001,16.084861,26.43138,2.834901,11.866313,0.318388,2.538001,20.74688796680498,,,5.587828492392807,3.1535269709543567,2.0470262793914245,1.5491009681881052,0.05532503457814661,0.3493449781659388,0.8295454545454546,,alt_exact_name_team_season,website_priority_advanced_export,archetype_unique_name_season,0.0,0.8519887039,0.8164611927,0.1835388073,0.8519887039,0.1108145908,0.0,0.0,0.0371967053,0.0
10576,ncaa_direct,2024-25,2025,2025-26,2026,Justin Hawkins,Jefferson,,24,24.0,792.0,33.0,401,16.708,131,262.0,29,86.0,110,134.0,168,57,64,22,15,,,justinhawkins,matched,1,justinhawkins,1,0,Justin Hawkins,Niagara,MAAC,2026,135430,bt_pid:135430,29,26.1367,8.2667,-4.12542,79.0,/Users/adriankong/Desktop/TROP/trank_final_data_2026_with_pbp.csv,exact_name_team_season,1.0,2671.0,Low,"Hawkins, Justin",Niagara,Metro Atlantic Athletic Conference,5314356.0,6-7,Sr,WF,29.0,0.6498,0.6473,99.2738,0.2189,-2.5091,-2.343,1.8568,-4.1998,exact_name_team_season,1.0,2400.0,Justin Hawkins,Niagara,-0.44,-0.98,-1.42,1200.0,-0.32,-0.68,-0.99,97.2,113.9,-16.7,-124.0,justin hawkins,jefferson,2025.0,135430,2026.0,0.525061,1.27458,-4.12542,-2.3808,-1.74462,-4.4252,-2.71588,-1.70932,mid_major,,56.493506,62.774387,48.376623,0.344156,0.958333,16.15944,14.792525,23.876047,4.543796,17.490521,1.850722,1.414356,20.252525252525253,,,8.484848484848484,2.878787878787879,3.2323232323232323,1.1111111111111112,0.7575757575757576,0.3584905660377358,0.8120805369127517,,alt_exact_name_team_season,step26_height_class_advanced_export,archetype_exact_name_team_season,0.0,0.5020223705,1.0,0.0,0.1504464972,0.5020223705,0.0,0.0,0.2612463858,0.0862847465
10581,ncaa_direct,2024-25,2025,2025-26,2026,Asa White,Johnson C. Smith,,28,26.0,665.0,23.75,273,9.75,113,200.0,8,17.0,39,47.0,146,23,23,11,30,,21.0,asawhite,matched,1,asawhite,1,0,Asa White,Eastern Kentucky,ASun,2026,134434,bt_pid:134434,18,6.355,1.1,-3.95163,81.0,/Users/adriankong/Desktop/TROP/trank_final_data_2026_with_pbp.csv,unmatched,,,,,,,,,,,,,,,,,,,,unmatched,,,,,,,,,,,,,,,,asa white,johnson c smith,2025.0,134434,2026.0,-0.188387,0.379476,-3.95163,-4.59945,0.647825,-5.12676,-5.40795,0.281196,mid_major,,58.883249,62.038745,22.84264,0.086294,1.045455,9.21273,6.810723,18.9837,7.988589,19.330354,4.63199,0.980834,16.42105263157895,,,8.781954887218046,1.3834586466165413,1.3834586466165413,0.6616541353383458,1.8045112781954886,0.471,0.822,,alt_exact_name_team_season,step26_height_class_advanced_export,archetype_exact_name_team_season,0.0,0.4337231811,0.9113223187,0.0886776813,0.0,0.3047951159,0.0,0.4337231811,0.2596074084,0.0018742946
10613,ncaa_direct,2024-25,2025,2025-26,2026,Mikhail Pocknett,King (TN),,31,31.0,1057.0,34.097,689,22.226,244,467.0,16,75.0,185,289.0,288,89,138,55,29,,3.0,mikhailpocknett,matched,1,mikhailpocknett,1,0,Mikhail Pocknett,Buffalo,MAC,2026,134605,bt_pid:134605,21,13.9957,3.8696,-3.78008,78.0,/Users/adriankong/Desktop/TROP/trank_final_data_2026_with_pbp.csv,unmatched,,,,,,,,,,,,,,,,,,,,unmatched,,,,,,,,,,,,,,,,mikhail pocknett,king tn,2025.0,134605,2026.0,0.26059,1.19837,-3.78008,-3.31497,-0.46511,-4.299,-3.27693,-1.02207,mid_major,,53.961456,57.981015,61.884368,0.1606,0.644928,18.848339,16.763627,31.027381,10.308298,16.527577,2.57865,2.699702,26.073793755912963,,,10.898770104068117,3.3680227057710503,5.2223273415326394,2.0813623462630084,1.097445600756859,0.213,0.64,,alt_exact_name_team_season,step26_height_class_advanced_export,archetype_exact_name_team_season,0.0,0.8059683822,0.9805107226,0.0194892774,0.1677891949,0.8059683822,0.0,0.0,0.0,0.0262424229
10623,ncaa_direct,2024-25,2025,2025-26,2026,Logan McIntire,Ky. Wesleyan,,30,30.0,911.0,30.367,415,13.833,146,273.0,78,164.0,45,55.0,157,57,37,30,6,,33.0,loganmcintire,matched,1,loganmcintire,1,0,Logan McIntire,Central Michigan,MAC,2026,76678,bt_pid:76678,28,24.58,10.4667,-0.689262,77.0,/Users/adriankong/Desktop/TROP/trank_final_data_2026_with_pbp.csv,unique_name_season,0.8571,1846.0,Medium,"McIntire, Logan",Central Mich.,Mid American Conference,5108789.0,6-5,Sr,CG,28.0,0.6138,0.6121,108.979,0.1933,-0.2882,0.6402,1.8287,-1.1885,exact_name_team_season,1.0,1228.0,Logan McIntire,Central Michigan,2.26,-1.05,1.21,1200.0,1.93,-0.19,1.75,106.9,113.2,-6.4,-52.0,logan mcintire,ky wesleyan,2025.0,76678,2026.0,1.40883,1.55191,-0.689262,1.70052,-2.38978,-0.358441,1.22159,-1.58003,mid_major,,67.602996,69.711538,20.599251,0.595506,1.628571,10.729614,11.382332,19.375907,5.193492,13.141326,0.55204,1.961827,18.22173435784852,,,6.893523600439078,2.502744237102086,1.6245883644346872,1.3172338090010978,0.26344676180021953,0.4716981132075472,0.8181818181818182,,alt_exact_name_team_season,website_priority_advanced_export,archetype_unique_name_season,0.0,0.3842522555,0.7154307835,0.2845692165,0.3842522555,0.3110720395,0.0,0.0,0.304675705,0.0
10630,ncaa_direct,2024-25,2025,2025-26,2026,Cameron Johnson,Lake Erie,,28,24.0,613.0,21.893,392,14.0,151,313.0,25,93.0,65,81.0,132,41,33,20,11,,20.0,cameronjohnson,matched,1,cameronjohnson,1,0,Cameron Johnson,Mercyhurst,NEC,2026,135382,bt_pid:135382,31,12.3121,3.3939,-6.54796,77.0,/Users/adriankong/Desktop/TROP/trank_final_data_2026_with_pbp.csv,exact_name_team_season,1.0,2269.0,Low,"Johnson, Cameron",Mercyhurst,Northeast Conference,5315592.0,6-5,Jr,S-PF,31.0,0.2839,0.2824,86.7314,0.1783,-4.5231,-3.4497,-0.9763,-2.4734,exact_name_team_season,1.0,2612.0,Cameron Johnson,Mercyhurst,-2.18,0.13,-2.05,593.0,-3.17,-0.35,-3.52,95.8,104.8,-9.1,-17.0,cameron johnson,lake erie,2025.0,135382,2026.0,-0.417408,0.932657,-6.54796,-5.78877,-0.759186,-7.19327,-6.5202,-0.673076,mid_major,,52.8125,56.728825,25.625,0.29375,1.294118,8.716161,13.02371,27.691439,6.677368,19.356914,2.481912,1.676355,25.579119086460032,,,8.613376835236542,2.6753670473083195,2.1533442088091355,1.3050570962479608,0.7177814029363785,0.2765957446808511,0.8048780487804879,,alt_exact_name_team_season,step26_height_class_advanced_export,archetype_exact_name_team_season,0.0,0.6457147497,0.8889856072,0.1110143928,0.1357678719,0.6457147497,0.1939869858,0.0245303926,0.0,0.0
10631,ncaa_direct,2024-25,2025,2025-26,2026,Derrick Anderson,Lake Erie,,26,26.0,600.0,23.077,367,14.115,120,283.0,25,82.0,102,123.0,57,76,30,29,3,,2.0,derrickanderson,matched,1,derrickanderson,1,0,Derrick Anderson,Youngstown St.,Horz,2026,135311,bt_pid:135311,3,5.7833,2.6667,-4.10558,73.0,/Users/adriankong/Desktop/TROP/trank_final_data_2026_with_pbp.csv,unmatched,,,,,,,,,,,,,,,,,,,,unmatched,,,,,,,,,,,,,,,,derrick anderson,lake erie,2025.0,135311,2026.0,,,,,,,,,mid_major,,46.915584,54.501853,43.506494,0.282468,2.5,8.933889,22.495866,26.550525,4.686002,6.88066,0.493627,2.489461,24.466666666666665,,,3.8,5.066666666666666,2.0,1.9333333333333333,0.2,0.2873563218390804,0.8283582089552238,,alt_exact_name_team_season,step26_height_class_advanced_export,archetype_exact_name_team_season,0.0,0.5901505092,0.817246098,0.182753902,0.2025020337,0.2073474571,0.0,0.0,0.0,0.5901505092
10642,ncaa_direct,2024-25,2025,2025-26,2026,Adam Harakow,Lake Superior St.,,25,0.0,431.0,17.24,302,12.08,87,177.0,25,58.0,103,134.0,107,20,35,20,9,,10.0,adamharakow,matched,1,adamharakow,1,0,Adam Harakow,Wyoming,MWC,2026,135338,bt_pid:135338,32,18.8909,6.1212,1.94258,79.0,/Users/adriankong/Desktop/TROP/trank_final_data_2026_with_pbp.csv,exact_name_team_season,1.0,959.0,Medium,"Harakow, Adam",Wyoming,Mountain West Conference,5187519.0,6-7,Jr,WG,31.0,0.4674,0.4719,119.1757,0.1499,1.2614,1.9611,0.6316,1.3295,exact_name_team_season,1.0,1310.0,Adam Harakow,Wyoming,1.67,-0.63,1.03,1014.0,1.38,0.02,1.39,113.9,110.1,3.9,39.0,adam harakow,lake superior state,2025.0,135338,2026.0,1.30053,1.78531,1.94258,1.54103,0.401547,1.09003,0.747357,0.342676,mid_major,,53.392857,60.819818,65.0,0.332143,0.692308,12.618909,10.203882,29.994784,9.709093,15.637567,1.716722,2.892385,28.02784222737819,,,9.930394431554525,1.8561484918793503,3.2482598607888633,1.8561484918793503,0.8352668213457076,0.3978494623655914,0.7637362637362637,,alt_exact_name_team_season,website_priority_advanced_export,archetype_unique_name_season,0.0,0.6522497008,0.9556311545,0.0443688455,0.2149249576,0.6522497008,0.0959076157,0.0369177258,0.0,0.0
10666,ncaa_direct,2024-25,2025,2025-26,2026,Torrin Andrews,Lander,,27,27.0,739.0,27.37,256,9.481,85,173.0,38,91.0,48,63.0,71,92,60,21,1,,,torrinandrews,matched,1,torrinandrews,1,0,Torrin Andrews,Coppin St.,MEAC,2026,134697,bt_pid:134697,30,19.2484,5.2903,-8.77048,76.0,/Users/adriankong/Desktop/TROP/trank_final_data_2026_with_pbp.csv,exact_name_team_season,1.0,2948.0,Low,"Andrews, Torrin",Coppin St.,Mid-Eastern Athletic Conference,5313947.0,6-4,Sr,CG,29.0,0.4609,0.4584,85.8627,0.1902,-4.9193,-4.9922,2.875,-7.8672,unmatched,,,,,,,,,,,,,,,,torrin andrews,lander,2025.0,134697,2026.0,-0.866527,0.438752,-8.77048,-5.23357,-3.53691,-8.61107,-4.99566,-3.61541,mid_major,,59.23913,63.237774,36.413043,0.532609,1.492063,22.786458,20.797339,17.979937,1.84143,8.331922,0.123128,1.488709,13.856562922868742,,,3.8430311231393777,4.979702300405954,3.2476319350473615,1.1366711772665765,0.05412719891745602,0.4081632653061224,0.7761194029850746,,alt_exact_name_team_season,step26_height_class_advanced_export,archetype_exact_name_team_season,0.0,0.5740282505,0.8980938934,0.1019061066,0.0614034981,0.0,0.1962843059,0.0,0.1682839455,0.5740282505
10679,ncaa_direct,2024-25,2025,2025-26,2026,William Henderson,Lane,,12,11.0,314.0,26.167,136,11.333,54,125.0,1,8.0,27,46.0,87,9,33,10,12,,2.0,williamhenderson,matched,1,williamhenderson,1,0,William Henderson,Alcorn St.,SWAC,2026,134823,bt_pid:134823,11,10.2273,2.6364,-11.4049,82.0,/Users/adriankong/Desktop/TROP/trank_final_data_2026_with_pbp.csv,unmatched,,,,,,,,,,,,,,,,,,,,unmatched,,,,,,,,,,,,,,,,william henderson,lane,2025.0,134823,2026.0,-0.688977,0.855421,-11.4049,-10.2834,-1.12156,-10.3169,-7.91261,-2.40428,mid_major,,44.890511,48.427673,36.49635,0.051095,0.34375,16.753927,6.319924,25.454913,8.005077,22.541317,4.403073,1.596154,17.32484076433121,,,11.0828025477707,1.1464968152866242,4.203821656050955,1.2738853503184713,1.5286624203821657,0.1428571428571428,0.62,,alt_exact_name_team_season,step26_height_class_advanced_export,archetype_exact_name_team_season,0.0,0.5523922333,1.0,0.0,0.0257971041,0.5523922333,0.0,0.3053570176,0.116453645,0.0
10711,ncaa_direct,2024-25,2025,2025-26,2026,Ja'Quavian Florence,Lees-McRae,,27,27.0,770.0,28.519,463,17.148,161,386.0,55,148.0,86,115.0,118,80,82,45,15,,11.0,jaquavianflorence,matched,1,jaquavianflorence,1,0,Ja'Quavian Florence,Tennessee Tech,OVC,2026,73314,bt_pid:73314,25,17.6857,6.75,-5.27252,76.0,/Users/adriankong/Desktop/TROP/trank_final_data_2026_with_pbp.csv,exact_name_team_season,1.0,2501.0,Low,"Florence, Ja'Quavian",Tennessee Tech,Ohio Valley Conference,4702026.0,6-4,Sr,CG,23.0,0.3766,0.3767,86.8809,0.244,-5.356,-3.1816,0.0911,-3.2727,exact_name_team_season,1.0,2527.0,Ja'Quavian Florence,Tennessee Tech,-1.45,-0.34,-1.8,782.0,-2.41,-0.11,-2.52,99.4,112.0,-12.6,-50.0,ja quavian florence,lees mcrae,2025.0,73314,2026.0,-0.0642154,1.08878,-5.27252,-3.98004,-1.29248,-4.71646,-3.56019,-1.15628,mid_major,,48.834197,53.023362,29.792746,0.38342,0.97561,15.811801,18.09382,30.094912,4.181287,12.703149,2.0301,3.014001,24.051948051948052,,,6.12987012987013,4.1558441558441555,4.259740259740259,2.3376623376623376,0.7792207792207793,0.372,0.748,,alt_exact_name_team_season,step26_height_class_advanced_export,archetype_exact_name_team_season,0.0,0.7276898975,1.0,0.0,0.7276898975,0.1623539746,0.0,0.0709149058,0.0,0.039041222
10713,ncaa_direct,2024-25,2025,2025-26,2026,Nico Ashley,Lees-McRae,,23,21.0,546.0,23.739,218,9.478,88,149.0,8,28.0,34,53.0,115,21,21,18,34,,21.0,nicoashley,matched,1,nicoashley,1,0,Nico Ashley,Central Connecticut,NEC,2026,134474,bt_pid:134474,16,9.9278,3.3333,-0.909305,79.0,/Users/adriankong/Desktop/TROP/trank_final_data_2026_with_pbp.csv,unmatched,,,,,,,,,,,,,,,,,,,,unmatched,,,,,,,,,,,,,,,,nico ashley,lees mcrae,2025.0,134474,2026.0,0.177494,0.675135,-0.909305,-2.16986,1.26055,-1.37028,-2.82139,1.45111,mid_major,,61.744966,63.25441,35.57047,0.187919,1.0,10.862818,6.063167,15.578009,5.419028,17.439039,6.389689,1.674087,15.97069597069597,,,8.424908424908425,1.5384615384615385,1.5384615384615385,1.3186813186813187,2.490842490842491,0.286,0.642,,alt_exact_name_team_season,step26_height_class_advanced_export,archetype_exact_name_team_season,0.0,0.5854182556,0.930525951,0.069474049,0.0515018082,0.0,0.0,0.5854182556,0.2164187477,0.1466611885
10716,ncaa_direct,2024-25,2025,2025-26,2026,Travis Pourciau,Lees-McRae,,28,19.0,395.0,14.107,159,5.679,60,102.0,0,3.0,39,60.0,106,8,28,14,23,,23.0,travispourciau,matched,1,travispourciau,1,0,Travis Pourciau,Arkansas Pine Bluff,SWAC,2026,135041,bt_pid:135041,3,1.9333,0.3333,-26.1678,82.0,/Users/adriankong/Desktop/TROP/trank_final_data_2026_with_pbp.csv,unmatched,,,,,,,,,,,,,,,,,,,,unmatched,,,,,,,,,,,,,,,,travis pourciau,lees mcrae,2025.0,135041,2026.0,,,,,,,,,mid_major,,58.823529,61.915888,58.823529,0.029412,0.285714,17.902813,3.135788,17.371622,12.804807,16.025063,5.957953,1.794742,16.10126582278481,,,10.734177215189874,0.810126582278481,2.8354430379746836,1.4177215189873418,2.329113924050633,0.0,0.65,,alt_exact_name_team_season,step26_height_class_advanced_export,archetype_exact_name_team_season,0.0,0.816666081,0.8147830805,0.1852169195,0.0,0.1536135762,0.0,0.816666081,0.0297203428,0.0
10719,ncaa_direct,2024-25,2025,2025-26,2026,Hantz Louis-Jeune,Lenoir-Rhyne,,33,32.0,897.0,27.182,432,13.091,158,320.0,31,89.0,85,116.0,163,75,46,27,13,,4.0,hantzlouisjeune,matched,1,hantzlouisjeune,1,0,Hantz Louis Jeune,South Alabama,SB,2026,133825,bt_pid:133825,31,23.5939,5.0909,-2.23411,78.0,/Users/adriankong/Desktop/TROP/trank_final_data_2026_with_pbp.csv,exact_name_team_season,1.0,2367.0,Medium,"Louis Jeune, Hantz",South Alabama,Sun Belt Conference,5107410.0,6-6,Sr,WG,31.0,0.5584,0.5589,95.1356,0.1127,-2.6465,-3.4283,-0.6244,-2.8039,exact_name_team_season,1.0,2456.0,Hantz Louis Jeune,South Alabama,-1.78,0.24,-1.55,1170.0,-2.03,-0.54,-2.58,100.4,104.5,-4.1,2.0,hantz louis jeune,lenoir rhyne,2025.0,133825,2026.0,-0.639761,1.84729,-2.23411,-2.32129,0.0871791,-3.29465,-3.47358,0.178933,mid_major,,55.18732,58.783716,34.005764,0.285303,1.612245,10.939453,13.297196,21.482995,5.425371,13.691514,1.710872,1.526421,19.264214046822744,,,7.268673355629877,3.3444816053511706,2.051282051282051,1.2040133779264215,0.5797101449275363,0.3535353535353535,0.7288135593220338,,alt_exact_name_team_season,step26_height_class_advanced_export,archetype_exact_name_team_season,0.0,0.4579545343,0.858521756,0.141478244,0.0,0.4579545343,0.0,0.0236469125,0.3132659072,0.2051326461
10726,ncaa_direct,2024-25,2025,2025-26,2026,Tay Smith,Lenoir-Rhyne,,32,32.0,965.0,30.156,386,12.062,148,319.0,52,147.0,38,51.0,140,59,33,56,2,,3.0,taysmith,matched,1,taysmith,1,0,Tay Smith,North Dakota St.,Sum,2026,133745,bt_pid:133745,32,19.8,7.6571,0.803074,74.0,/Users/adriankong/Desktop/TROP/trank_final_data_2026_with_pbp.csv,exact_name_team_season,1.0,1688.0,Medium,"Smith, Tay",North Dakota St.,Summit League,4901166.0,6-2,Sr,WG,32.0,0.4813,0.4787,114.7364,0.1648,0.0222,-1.0729,-0.2491,-0.8238,exact_name_team_season,1.0,1749.0,Tay Smith,North Dakota State,0.54,-0.5,0.04,1057.0,1.41,-1.09,0.32,106.4,105.6,0.8,70.0,tay smith,lenoir rhyne,2025.0,133745,2026.0,1.04923,1.75643,0.803074,1.58283,-0.779755,1.8337,1.7553,0.0784058,mid_major,,53.370787,55.22672,14.325843,0.460674,1.805556,8.68642,9.415358,17.933523,2.291204,12.449941,0.20581,2.852686,16.0,,,5.803108808290156,2.4455958549222796,1.3678756476683938,2.321243523316062,0.08290155440414508,0.3536585365853658,0.7450980392156863,,alt_exact_name_team_season,step26_height_class_advanced_export,archetype_exact_name_team_season,0.0,0.3315176364,0.6930622108,0.3069377892,0.3315176364,0.2304520041,0.0,0.0,0.32353489,0.1144954696
10727,ncaa_direct,2024-25,2025,2025-26,2026,Ziare Wells,Lenoir-Rhyne,,35,18.0,972.0,27.771,570,16.286,219,415.0,27,69.0,105,154.0,195,77,67,50,10,,23.0,ziarewells,matched,1,ziarewells,1,0,Ziare Wells,Oakland,Horz,2026,133822,bt_pid:133822,31,26.7625,9.875,-0.00417102,78.0,/Users/adriankong/Desktop/TROP/trank_final_data_2026_with_pbp.csv,exact_name_team_season,1.0,1296.0,Medium,"Wells, Ziare",Oakland,Horizon League,5315124.0,6-6,Sr,WG,31.0,0.6763,0.6668,112.0438,0.1777,0.3421,0.7901,0.5258,0.2643,exact_name_team_season,1.0,1074.0,Ziare Wells,Oakland,1.35,0.25,1.6,1486.0,1.07,0.93,2.0,113.0,111.4,1.7,4.0,ziare wells,lenoir rhyne,2025.0,133822,2026.0,1.36516,1.98293,-0.00417102,0.390057,-0.394228,0.889583,0.915993,-0.0264103,mid_major,,56.443914,59.416489,37.470167,0.164678,1.15942,12.386013,13.971387,25.795345,4.903585,16.236849,1.101173,2.684207,23.45679012345679,,,8.024691358024691,3.168724279835391,2.757201646090535,2.05761316872428,0.411522633744856,0.391304347826087,0.6815286624203821,,alt_exact_name_team_season,step26_height_class_advanced_export,archetype_exact_name_team_season,0.0,0.5043799462,1.0,0.0,0.1533150056,0.5043799462,0.0,0.0,0.1588622456,0.1834428025
10736,ncaa_direct,2024-25,2025,2025-26,2026,Rob Stroud,Lewis,,28,28.0,918.0,32.786,480,17.143,184,329.0,27,79.0,85,105.0,205,44,51,19,22,,15.0,robstroud,matched,1,robstroud,1,0,Rob Stroud,Green Bay,Horz,2026,134904,bt_pid:134904,11,5.6667,3.4167,-12.9155,77.0,/Users/adriankong/Desktop/TROP/trank_final_data_2026_with_pbp.csv,unmatched,,,,,,,,,,,,,,,,,,,,unmatched,,,,,,,,,,,,,,,,rob stroud,lewis,2025.0,134904,2026.0,0.370591,0.269864,-12.9155,-4.80219,-8.11331,-7.39761,-2.76718,-4.63043,mid_major,,60.030395,63.965885,31.914894,0.240122,0.862745,11.966213,9.76544,24.098163,5.893657,20.61484,3.094443,1.191888,20.915032679738562,,,8.932461873638344,1.9172113289760349,2.2222222222222223,0.8278867102396514,0.9586056644880174,0.3417721518987341,0.8095238095238095,,alt_exact_name_team_season,step26_height_class_advanced_export,archetype_exact_name_team_season,0.0,0.5448607967,1.0,0.0,0.0673197934,0.5448607967,0.0,0.0825445895,0.3052748204,0.0
10740,ncaa_direct,2024-25,2025,2025-26,2026,Franck Yetna,Lincoln (MO),,33,33.0,1101.0,33.364,495,15.0,185,382.0,38,106.0,87,133.0,227,40,53,44,43,,22.0,franckyetna,matched,1,franckyetna,1,0,Franck Yetna,Texas A&M Corpus Chris,Slnd,2026,134231,bt_pid:134231,29,18.8727,6.7879,3.5403,79.0,/Users/adriankong/Desktop/TROP/trank_final_data_2026_with_pbp.csv,unique_name_season,0.8333,1861.0,Low,"Yetna, Franck",A&M-Corpus Christi,Southland Conference,5111902.0,6-7,Sr,WF,29.0,0.4628,0.4582,114.6035,0.1812,0.9293,-0.1249,1.1099,-1.2348,unique_name_season,0.963,1358.0,Franck Yetna,Texas A&M-Corpus Christi,0.86,0.02,0.88,894.0,1.44,0.21,1.65,100.8,106.5,-5.7,-41.0,franck yetna,lincoln mo,2025.0,134231,2026.0,1.23314,1.86557,3.5403,1.5482,1.9921,2.80534,1.42217,1.38317,mid_major,,53.31565,56.196562,35.013263,0.281167,0.769231,10.675864,8.200234,24.210872,10.136463,13.515033,4.835857,2.357893,17.983651226158038,,,8.247048138056313,1.4532243415077202,1.9255222524977293,1.5985467756584923,1.5622161671207992,0.358,0.659,,alt_exact_name_team_season,website_priority_advanced_export,archetype_unique_name_season,0.0,0.3882450764,1.0,0.0,0.3882450764,0.1687475961,0.0,0.3559302583,0.0870770693,0.0
10766,ncaa_direct,2024-25,2025,2025-26,2026,Elyjah Freeman,Lincoln Memorial,,30,27.0,907.0,30.233,569,18.967,195,331.0,25,55.0,154,192.0,256,69,72,52,23,,3.0,elyjahfreeman,matched,1,elyjahfreeman,1,0,Elyjah Freeman,Auburn,SEC,2026,134298,bt_pid:134298,38,26.8158,9.2105,5.25872,80.0,/Users/adriankong/Desktop/TROP/trank_final_data_2026_with_pbp.csv,exact_name_team_season,1.0,273.0,High,"Freeman, Elyjah",Auburn,Southeastern Conference,5311502.0,6-8,So,WG,38.0,0.6718,0.6691,118.9533,0.1721,2.5412,2.6807,-1.8689,4.5496,exact_name_team_season,1.0,275.0,Elyjah Freeman,Auburn,2.7,1.91,4.61,1770.0,2.3,2.57,4.87,121.7,102.4,19.4,155.0,elyjah freeman,lincoln memorial,2025.0,134298,2026.0,2.39672,2.9069,5.25872,3.35362,1.9051,4.27204,2.8454,1.42663,power_4,,62.463343,68.392256,57.771261,0.167155,0.911392,15.591695,14.487917,27.149442,10.243117,22.271931,2.489487,3.190474,25.093715545755238,,,11.289966923925027,3.0429988974641677,3.175303197353914,2.2932745314222713,1.014332965821389,0.4561403508771929,0.8071065989847716,,alt_exact_name_team_season,step26_height_class_advanced_export,archetype_exact_name_team_season,0.0,0.9084488154,0.9905540332,0.0094459668,0.0659043763,0.9084488154,0.0,0.0,0.0,0.0256468083
10773,ncaa_direct,2024-25,2025,2025-26,2026,Wes Enis,Lincoln Memorial,,31,31.0,1094.0,35.29,628,20.258,201,448.0,99,240.0,127,150.0,142,91,60,36,4,,21.0,wesenis,matched,1,wesenis,1,0,Wes Enis,South Florida,Amer,2026,134966,bt_pid:134966,32,34.0344,16.4062,2.19143,74.0,/Users/adriankong/Desktop/TROP/trank_final_data_2026_with_pbp.csv,unique_name_season,0.8182,467.0,Medium,"Enis, Wes",South Fla.,American Athletic Conference,5313560.0,6-2,Jr,CG,32.0,0.8086,0.8047,114.1482,0.2067,1.4267,1.7623,-1.4857,3.248,exact_name_team_season,1.0,464.0,Wes Enis,South Florida,3.02,0.67,3.68,2004.0,3.31,-0.09,3.22,114.8,98.9,15.9,262.0,wes enis,lincoln memorial,2025.0,134966,2026.0,2.77369,3.33581,2.19143,2.44748,-0.256052,2.52101,2.3106,0.210409,mid_major,,55.915179,61.089494,33.482143,0.535714,1.516667,10.452962,14.984933,26.521036,2.387162,11.893315,0.373331,1.834068,22.961608775137112,,,5.1919561243144425,3.327239488117002,2.1937842778793417,1.3162705667276051,0.14625228519195613,0.4125,0.8466666666666667,,alt_exact_name_team_season,step26_height_class_advanced_export,archetype_exact_name_team_season,0.0,0.6752741935,0.8964611087,0.1035388913,0.6752741935,0.1372874194,0.0,0.0,0.1874383871,0.0
10789,ncaa_direct,2024-25,2025,2025-26,2026,Kinglsey Ijeoma,Livingstone,,28,24.0,784.0,28.0,208,7.429,82,194.0,1,7.0,43,72.0,188,18,44,26,51,,34.0,kinglseyijeoma|kingijeoma|kingsleyijeoma,matched,1,kingijeoma,1,0,King Ijeoma,Canisius,MAAC,2026,135274,bt_pid:135274,26,9.1963,1.8889,-5.04507,80.0,/Users/adriankong/Desktop/TROP/trank_final_data_2026_with_pbp.csv,unmatched,,,,,,,,,,,,,,,,,,,,unmatched,,,,,,,,,,,,,,,,kinglsey ijeoma,livingstone,2025.0,135274,2026.0,-0.411159,0.64666,-5.04507,-7.11763,2.07255,-4.56023,-4.5818,0.0215764,mid_major,,44.117647,47.558076,38.502674,0.026738,0.380952,16.111708,3.872249,15.474313,9.336112,16.718295,6.204713,1.718424,10.612244897959183,,,9.591836734693878,0.9183673469387755,2.2448979591836733,1.3265306122448979,2.6020408163265305,0.2,0.5972222222222222,,alt_exact_name_team_season,step26_height_class_advanced_export,archetype_exact_name_team_season,0.0,0.6168933198,1.0,0.0,0.0,0.0580983068,0.0,0.6168933198,0.2093521736,0.1156561998
10802,ncaa_direct,2024-25,2025,2025-26,2026,Isaiah Stewart,Lock Haven,,28,28.0,915.0,32.679,393,14.036,136,322.0,48,141.0,73,89.0,101,108,69,39,11,,12.0,isaiahstewart,matched,1,isaiahstewart,1,0,Isaiah Stewart,Northern Illinois,MAC,2026,133715,bt_pid:133715,11,5.5462,1.2308,-1.10602,78.0,/Users/adriankong/Desktop/TROP/trank_final_data_2026_with_pbp.csv,unmatched,,,,,,,,,,,,,,,,,,,,unmatched,,,,,,,,,,,,,,,,isaiah stewart,lock haven,2025.0,133715,2026.0,0.789573,0.190544,-1.10602,0.0888435,-1.19486,-2.17196,-1.26793,-0.904029,mid_major,,49.689441,54.408019,27.639752,0.437888,1.565217,16.040543,22.966381,22.314965,2.330495,9.52462,1.196446,2.280957,17.18032786885246,,,4.415300546448087,4.721311475409836,3.0163934426229506,1.7049180327868851,0.4808743169398907,0.34,0.82,,alt_exact_name_team_season,step26_height_class_advanced_export,archetype_exact_name_team_season,0.0,0.4218371266,1.0,0.0,0.4013545402,0.0,0.0,0.0021927936,0.1746155396,0.4218371266
10809,ncaa_direct,2024-25,2025,2025-26,2026,Ethan Duncan,Lubbock Christian,,34,34.0,1059.0,31.147,539,15.853,195,423.0,90,220.0,59,65.0,85,60,48,36,1,,7.0,ethanduncan,matched,1,ethanduncan,1,0,Ethan Duncan,Lipscomb,ASun,2026,135309,bt_pid:135309,29,21.1806,10.4839,-1.50387,72.0,/Users/adriankong/Desktop/TROP/trank_final_data_2026_with_pbp.csv,exact_name_team_season,1.0,1871.0,Low,"Duncan, Ethan",Lipscomb,ASUN Conference,4897775.0,6-0,Jr,WG,27.0,0.4801,0.4587,117.8414,0.2247,0.9445,0.1822,1.4428,-1.2606000000000002,exact_name_team_season,1.0,1419.0,Ethan Duncan,Lipscomb,1.89,-1.13,0.75,1076.0,1.93,-0.84,1.1,107.2,109.2,-1.9,47.0,ethan duncan,lubbock christian,2025.0,135309,2026.0,1.27826,1.64967,-1.50387,0.89315,-2.39702,0.478445,1.39654,-0.918099,mid_major,,56.737589,59.676705,15.36643,0.520095,1.25,9.607686,11.322071,25.469997,0.81684,8.572106,0.095611,2.059708,20.35882908404155,,,3.210576015108593,2.26628895184136,1.8130311614730878,1.3597733711048159,0.03777148253068933,0.4090909090909091,0.9076923076923076,,alt_exact_name_team_season,step26_height_class_advanced_export,archetype_exact_name_team_season,0.0,0.6437296738,0.9025175922,0.0974824078,0.6437296738,0.0,0.0,0.0,0.3562703262,0.0
10810,ncaa_direct,2024-25,2025,2025-26,2026,Jaylen Thompson,Lubbock Christian,,33,2.0,757.0,22.939,205,6.212,74,155.0,19,42.0,38,53.0,127,42,39,33,21,,2.0,jaylenthompson,matched_prior_d1_experience,1,jaylenthompson,1,1,Jaylen Thompson,Stanford,ACC,2026,76750,bt_pid:76750,20,11.155,2.3,-0.122741,79.0,/Users/adriankong/Desktop/TROP/trank_final_data_2026_with_pbp.csv,unmatched,,,,,,,,,,,,,,,,,,,,unmatched,,,,,,,,,,,,,,,,jaylen thompson,lubbock christian,2025.0,76750,2026.0,0.0989096,1.09583,-0.122741,-1.07017,0.947431,-1.94581,-2.32828,0.382471,power_4,,53.870968,57.480933,34.193548,0.270968,1.076923,17.945886,9.420619,15.450603,4.719285,15.019596,2.800057,2.633033,10.83223249669749,,,6.7107001321003965,2.2192866578599735,2.060766182298547,1.7437252311756934,1.1096433289299867,0.4523809523809524,0.7169811320754716,,alt_exact_name_team_season,step26_height_class_advanced_export,archetype_exact_name_team_season,0.0,0.3240172829,0.7440694698,0.2559305302,0.1291325225,0.1198443989,0.0,0.3240172829,0.1926647582,0.2343410374
10819,ncaa_direct,2024-25,2025,2025-26,2026,Carson Smith,Lynn,,28,28.0,846.0,30.214,480,17.143,165,364.0,93,217.0,57,81.0,138,91,32,54,10,,5.0,carsonsmith,matched,1,carsonsmith,1,0,Carson Smith,North Dakota St.,Sum,2026,126708,bt_pid:126708,21,9.9833,3.0,-6.12199,78.0,/Users/adriankong/Desktop/TROP/trank_final_data_2026_with_pbp.csv,unmatched,,,,,,,,,,,,,,,,,,,,unmatched,,,,,,,,,,,,,,,,carson smith,lynn,2025.0,126708,2026.0,-0.128385,0.701749,-6.12199,-3.88263,-2.23936,-6.42229,-4.28065,-2.14164,mid_major,,56.598985,58.873878,22.081218,0.604061,2.742857,7.490156,16.395099,22.995705,1.923786,14.131199,1.058082,3.245114,22.69503546099291,,,6.524822695035461,4.302600472813239,1.5130023640661938,2.5531914893617023,0.4728132387706856,0.4117647058823529,0.7241379310344828,,alt_exact_name_team_season,step26_height_class_advanced_export,archetype_exact_name_team_season,0.0,0.7700535583,0.6172889756,0.3827110244,0.7700535583,0.1237216169,0.0,0.0,0.0,0.1062248249
10823,ncaa_direct,2024-25,2025,2025-26,2026,Leo Beath,Lynn,,30,29.0,899.0,29.967,535,17.833,207,448.0,49,150.0,72,99.0,287,91,54,36,18,,30.0,leobeath,matched,1,leobeath,1,0,Leo Beath,UC San Diego,BW,2026,76538,bt_pid:76538,32,30.1118,12.1765,0.0735654,80.0,/Users/adriankong/Desktop/TROP/trank_final_data_2026_with_pbp.csv,exact_name_team_season,1.0,1376.0,Medium,"Beath, Leo",UC San Diego,Big West Conference,5106867.0,6-8,Jr,WF,32.0,0.7623,0.7607,100.6051,0.2067,-1.6988,-0.9351,-0.9602,0.0251,exact_name_team_season,1.0,1151.0,Leo Beath,UC San Diego,0.2,1.2,1.4,1708.0,-0.18,0.38,0.2,105.2,101.0,4.2,122.0,leo beath,lynn,2025.0,76538,2026.0,0.859151,3.3319,0.0735654,-1.74956,1.82313,-0.121388,-1.13091,1.00952,mid_major,,51.674107,54.418586,22.098214,0.334821,1.685185,9.898086,16.996373,27.467577,8.528785,22.890731,1.771363,2.096843,23.804226918798665,,,12.769744160177975,4.048943270300334,2.402669632925473,1.6017797552836486,0.8008898776418243,0.3266666666666666,0.7272727272727273,,alt_exact_name_team_season,step26_height_class_advanced_export,archetype_exact_name_team_season,0.0,0.7428139435,0.8449609026,0.1550390974,0.2571860565,0.7428139435,0.0,0.0,0.0,0.0
10838,ncaa_direct,2024-25,2025,2025-26,2026,Carson Johnson,MSU Moorhead,,23,23.0,807.0,35.087,455,19.783,155,355.0,64,153.0,81,96.0,68,68,56,25,0,,20.0,carsonjohnson,matched,1,carsonjohnson,1,0,Carson Johnson,Denver,Sum,2026,133876,bt_pid:133876,29,35.5219,20.0625,-2.12682,72.0,/Users/adriankong/Desktop/TROP/trank_final_data_2026_with_pbp.csv,exact_name_team_season,1.0,1473.0,Medium,"Johnson, Carson",Denver,Summit League,5314641.0,6-0,So,s-PG,29.0,0.8998,0.8965,125.4026,0.2504,4.0357,4.0712,4.3103,-0.2390999999999996,exact_name_team_season,1.0,1138.0,Carson Johnson,Denver,3.95,-2.51,1.43,1810.0,3.65,-1.01,2.64,114.6,121.8,-7.1,-90.0,carson johnson,msu moorhead,2025.0,133876,2026.0,4.24066,0.990635,-2.12682,3.40515,-5.53197,-0.331532,3.38843,-3.71996,mid_major,,52.676056,57.270164,27.042254,0.430986,1.214286,12.355485,17.87701,29.883945,0.775542,8.719111,0.0,1.85103,22.55266418835192,,,3.3705080545229245,3.3705080545229245,2.775712515489467,1.2391573729863692,0.0,0.4183006535947712,0.84375,,alt_exact_name_team_season,website_priority_advanced_export,archetype_unique_name_season,0.0,0.7225958417,1.0,0.0,0.7225958417,0.0,0.0,0.0,0.2006404447,0.0767637136
10845,ncaa_direct,2024-25,2025,2025-26,2026,Logan Kinsey,MSU Moorhead,,34,34.0,1095.0,32.206,498,14.647,189,387.0,43,114.0,77,109.0,179,48,56,31,6,,5.0,logankinsey,matched,1,logankinsey,1,0,Logan Kinsey,Denver,Sum,2026,134368,bt_pid:134368,29,29.3,11.375,-0.41908,78.0,/Users/adriankong/Desktop/TROP/trank_final_data_2026_with_pbp.csv,exact_name_team_season,1.0,1288.0,Medium,"Kinsey, Logan",Denver,Summit League,5314636.0,6-6,Sr,WF,29.0,0.7448,0.7395,126.1769,0.173,2.4578,2.6218,2.3377,0.2841,exact_name_team_season,1.0,1378.0,Logan Kinsey,Denver,2.34,-1.5,0.84,1495.0,1.67,-0.65,1.02,115.0,119.6,-4.6,-47.0,logan kinsey,msu moorhead,2025.0,134368,2026.0,2.65871,1.11667,-0.41908,2.29836,-2.71744,-0.95094,1.19697,-2.1479,mid_major,,54.392765,57.246643,28.165375,0.294574,0.857143,11.406225,8.949042,23.89217,4.350297,14.402921,0.543996,1.694084,18.19178082191781,,,6.538812785388128,1.7534246575342465,2.045662100456621,1.1324200913242009,0.2191780821917808,0.3771929824561403,0.7064220183486238,,alt_exact_name_team_season,website_priority_advanced_export,archetype_unique_name_season,0.0,0.4457467321,1.0,0.0,0.1889806277,0.3652726402,0.0,0.0,0.4457467321,0.0
10847,ncaa_direct,2024-25,2025,2025-26,2026,Shaun Wysocki,MSU Moorhead,,34,24.0,876.0,25.765,260,7.647,95,187.0,12,42.0,58,87.0,134,36,32,22,28,,13.0,shaunwysocki,matched,1,shaunwysocki,1,0,Shaun Wysocki,Denver,Sum,2026,133874,bt_pid:133874,27,19.6367,7.5,-2.61637,78.0,/Users/adriankong/Desktop/TROP/trank_final_data_2026_with_pbp.csv,exact_name_team_season,1.0,2573.0,Medium,"Wysocki, Shaun",Denver,Summit League,5314634.0,6-6,So,WF,27.0,0.4298,0.4382,115.2022,0.1621,0.3022,-0.8817,2.761,-3.6427,exact_name_team_season,1.0,2724.0,Shaun Wysocki,Denver,-0.52,-1.96,-2.48,872.0,-0.04,-0.77,-0.81,107.0,124.1,-17.1,-133.0,shaun wysocki,msu moorhead,2025.0,133874,2026.0,0.900807,0.754827,-2.61637,0.00668368,-2.62305,-2.79214,-0.426022,-2.36612,mid_major,,54.010695,57.705966,46.524064,0.224599,1.125,12.437811,7.337206,15.507334,4.253811,13.157895,3.144301,1.489078,11.872146118721462,,,6.1187214611872145,1.643835616438356,1.461187214611872,1.004566210045662,1.278538812785388,0.2857142857142857,0.6666666666666666,,alt_exact_name_team_season,website_priority_advanced_export,archetype_unique_name_season,0.0,0.4126648025,1.0,0.0,0.0,0.0334969578,0.0,0.3034605898,0.4126648025,0.2503776498
10856,ncaa_direct,2024-25,2025,2025-26,2026,Ryan Bartley,Malone,,31,28.0,987.0,31.839,446,14.387,161,346.0,48,121.0,76,93.0,102,23,30,17,10,,1.0,ryanbartley,matched,1,ryanbartley,1,0,Ryan Bartley,Houston Christian,Slnd,2026,135637,bt_pid:135637,30,29.4125,9.125,-2.88558,78.0,/Users/adriankong/Desktop/TROP/trank_final_data_2026_with_pbp.csv,exact_name_team_season,1.0,2205.0,Low,"Bartley, Ryan",Houston Christian,Southland Conference,5313498.0,6-6,Sr,WG,30.0,0.7461,0.7384,104.2064,0.166,-1.2494,-1.8338,0.4214,-2.2552000000000003,exact_name_team_season,1.0,2233.0,Ryan Bartley,Houston Christian,-0.37,-0.66,-1.03,1452.0,0.22,-0.26,-0.04,98.4,110.7,-12.2,-124.0,ryan bartley,malone,2025.0,135637,2026.0,0.734288,1.75216,-2.88558,-1.36358,-1.522,-2.87984,-1.46172,-1.41812,mid_major,,54.213483,58.442861,27.247191,0.351124,0.774194,7.214671,4.900033,23.083512,1.570588,10.685232,1.248805,1.01945,18.074974670719353,,,4.133738601823708,0.9321175278622087,1.21580547112462,0.6889564336372846,0.40526849037487334,0.4,0.8247422680412371,,alt_exact_name_team_season,step26_height_class_advanced_export,archetype_exact_name_team_season,0.0,0.6957209054,1.0,0.0,0.1307057091,0.1735733855,0.0,0.0,0.6957209054,0.0
10866,ncaa_direct,2024-25,2025,2025-26,2026,Joey Niesman,McKendree,,28,27.0,885.0,31.607,347,12.393,122,236.0,45,110.0,58,68.0,140,64,52,42,13,,,joeyniesman,matched,1,joeyniesman,1,0,Joey Niesman,Fairleigh Dickinson,NEC,2026,134373,bt_pid:134373,29,33.9125,12.3125,-1.88684,74.0,/Users/adriankong/Desktop/TROP/trank_final_data_2026_with_pbp.csv,exact_name_team_season,1.0,2414.0,Low,"Niesman, Joey",FDU,Northeast Conference,5313932.0,6-2,Sr,CG,29.0,0.8592,0.8595,107.1649,0.2196,-0.7497,-1.4458,1.4818,-2.9276,exact_name_team_season,1.0,1771.0,Joey Niesman,Fairleigh Dickinson,0.74,-0.75,-0.02,1612.0,1.59,-0.86,0.72,97.4,113.4,-16.1,-165.0,joey niesman,mckendree,2025.0,134373,2026.0,1.46731,1.74308,-1.88684,0.405834,-2.29268,-2.06831,-0.448764,-1.61954,mid_major,,60.970464,65.000749,28.691983,0.468354,1.230769,16.305029,14.438274,19.761671,2.39703,16.478873,1.65217,2.852638,15.68361581920904,,,6.327683615819209,2.8926553672316384,2.3502824858757063,1.8983050847457628,0.5875706214689266,0.4054054054054054,0.8529411764705882,,alt_exact_name_team_season,step26_height_class_advanced_export,archetype_exact_name_team_season,0.0,0.4424072816,0.8490019861,0.1509980139,0.4424072816,0.2527851182,0.0,0.040004256,0.132709233,0.1320941112
10889,ncaa_direct,2024-25,2025,2025-26,2026,Mason Gibson,Midwestern St.,,29,29.0,762.0,26.276,488,16.828,168,352.0,55,122.0,97,129.0,98,52,46,40,2,,3.0,masongibson,matched,1,masongibson,1,0,Mason Gibson,Texas A&M Corpus Chris,Slnd,2026,134235,bt_pid:134235,26,21.51,9.4333,0.722218,72.0,/Users/adriankong/Desktop/TROP/trank_final_data_2026_with_pbp.csv,unique_name_season,0.8333,1096.0,Low,"Gibson, Mason",A&M-Corpus Christi,Southland Conference,4898169.0,6-0,Sr,CG,26.0,0.5075,0.4902,107.6178,0.2062,-0.2626,-0.2634,-1.1102,0.8468,unique_name_season,0.963,1141.0,Mason Gibson,Texas A&M-Corpus Christi,0.91,0.51,1.43,974.0,0.49,-0.28,0.22,102.4,100.8,1.5,57.0,mason gibson,midwestern state,2025.0,134235,2026.0,1.19394,2.15324,0.722218,0.824165,-0.101947,2.24565,1.07733,1.16831,mid_major,,53.983516,58.167142,35.714286,0.348901,1.061224,10.421097,13.820444,30.536171,3.648247,10.266409,0.27056,3.013934,25.616797900262466,,,5.1443569553805775,2.729658792650919,2.4146981627296586,2.099737532808399,0.10498687664041995,0.4330708661417323,0.7461538461538462,,alt_exact_name_team_season,step26_height_class_advanced_export,archetype_exact_name_team_season,0.0,0.6488917853,0.9830275772,0.0169724228,0.6488917853,0.2273300342,0.0,0.0,0.1155503982,0.0082277822
10893,ncaa_direct,2024-25,2025,2025-26,2026,Reggie Hill,Midwestern St.,,31,19.0,690.0,22.258,216,6.968,83,190.0,31,74.0,19,35.0,195,47,39,36,15,,1.0,reggiehill,matched,1,reggiehill,1,0,Reggie Hill,Coastal Carolina,SB,2026,76925,bt_pid:76925,30,25.1645,6.6452,-2.86812,79.0,/Users/adriankong/Desktop/TROP/trank_final_data_2026_with_pbp.csv,exact_name_team_season,1.0,1704.0,Medium,"Hill, Reggie",Coastal Carolina,Sun Belt Conference,5108908.0,6-7,Sr,WF,30.0,0.5888,0.5872,91.0953,0.1633,-3.6323,-2.1886,-1.315,-0.8736000000000002,exact_name_team_season,1.0,1817.0,Reggie Hill,Coastal Carolina,-1.23,1.11,-0.12,1289.0,-1.78,-0.41,-2.2,100.0,100.5,-0.6,38.0,reggie hill,midwestern state,2025.0,76925,2026.0,-0.37751,2.36571,-2.86812,-3.33444,0.46632,-2.80247,-2.92816,0.125693,mid_major,,51.813472,52.816901,20.207254,0.398964,1.25641,15.652593,11.877446,17.768438,7.691738,22.98053,2.376798,2.905972,12.521739130434783,,,11.304347826086957,2.7246376811594204,2.260869565217391,2.0869565217391304,0.8695652173913043,0.4155844155844156,0.5641025641025641,,alt_exact_name_team_season,step26_height_class_advanced_export,archetype_exact_name_team_season,0.0,0.6112797455,0.7287299988,0.2712700012,0.1814008652,0.6112797455,0.0,0.2073193893,0.0,0.0
10898,ncaa_direct,2024-25,2025,2025-26,2026,Dorion Staples,Miles,,27,12.0,414.0,15.333,214,7.926,78,158.0,20,56.0,38,49.0,99,17,24,4,6,,1.0,dorionstaples,matched,1,dorionstaples,1,0,Dorion Staples,Maryland Eastern Shore,MEAC,2026,76855,bt_pid:76855,30,24.2281,9.3438,-3.00459,80.0,/Users/adriankong/Desktop/TROP/trank_final_data_2026_with_pbp.csv,unique_name_season,0.2308,2559.0,Low,"Staples, Dorion",UMES,Mid-Eastern Athletic Conference,5107653.0,6-8,Sr,WF,30.0,0.6058,0.5932,103.2994,0.2058,-1.9652,-2.5899,0.988,-3.5779,exact_name_team_season,1.0,2043.0,Dorion Staples,Maryland-Eastern Shore,0.03,-0.62,-0.58,1191.0,0.96,-1.45,-0.49,92.9,108.2,-15.3,-70.0,dorion staples,miles,2025.0,76855,2026.0,0.895064,1.37065,-3.00459,-0.184407,-2.82018,-2.30924,-0.566732,-1.74251,mid_major,,55.696203,59.590109,31.012658,0.35443,0.708333,11.790136,8.452065,25.26544,9.093057,17.171599,1.444647,0.549999,20.67632850241546,,,9.565217391304348,1.642512077294686,2.318840579710145,0.3864734299516908,0.5797101449275363,0.3571428571428571,0.7755102040816326,,alt_exact_name_team_season,website_priority_advanced_export,archetype_unique_name_season,0.0,0.4679119665,1.0,0.0,0.0,0.4679119665,0.4400778319,0.0920102017,0.0,0.0
10920,ncaa_direct,2024-25,2025,2025-26,2026,Jayden Johnson,Minn. Duluth,,29,7.0,504.0,17.379,205,7.069,68,153.0,39,87.0,30,34.0,48,14,16,9,2,,11.0,jaydenjohnson,matched_prior_d1_experience,1,jaydenjohnson,1,1,Jayden Johnson,South Carolina St.,MEAC,2026,127826,bt_pid:127826,30,27.45,13.4062,-2.14717,73.0,/Users/adriankong/Desktop/TROP/trank_final_data_2026_with_pbp.csv,exact_name_team_season,1.0,2838.0,Low,"Johnson, Jayden",South Carolina St.,Mid-Eastern Athletic Conference,5243405.0,6-1,So,s-PG,30.0,0.7032,0.6854,107.7449,0.2719,-0.7698,-1.9338,3.4676,-5.4014,exact_name_team_season,1.0,1951.0,Jayden Johnson,South Carolina State,0.24,-0.64,-0.4,1481.0,1.0,-0.45,0.55,93.7,115.7,-22.0,-178.0,jayden johnson,minn duluth,2025.0,127826,2026.0,1.49765,1.2816,-2.14717,0.619391,-2.76657,-0.858644,0.652664,-1.51131,mid_major,,57.189542,61.026435,22.222222,0.568627,0.875,8.697543,4.91512,18.456752,1.807904,8.948854,0.45707,1.005979,16.26984126984127,,,3.8095238095238093,1.1111111111111112,1.2698412698412698,0.7142857142857143,0.15873015873015872,0.4482758620689655,0.8823529411764706,,alt_exact_name_team_season,website_priority_advanced_export,archetype_unique_name_season,0.0,0.6017496258,0.8776780039,0.1223219961,0.0256420991,0.0849016053,0.2877066699,0.0,0.6017496258,0.0
10938,ncaa_direct,2024-25,2025,2025-26,2026,Ayouba Berthe,Minot St.,,36,36.0,1083.0,30.083,490,13.611,168,391.0,66,170.0,88,113.0,132,63,61,31,19,,20.0,ayoubaberthe,matched,1,ayoubaberthe,1,0,Ayouba Berthe,Georgia St.,SB,2026,133989,bt_pid:133989,30,16.8563,4.4062,-6.82222,77.0,/Users/adriankong/Desktop/TROP/trank_final_data_2026_with_pbp.csv,exact_name_team_season,1.0,2702.0,Low,"Berthe, Ayouba",Georgia St.,Sun Belt Conference,5313070.0,6-5,Sr,WG,30.0,0.4027,0.4053,81.7753,0.1704,-5.2199,-4.2065,0.2022,-4.4087000000000005,exact_name_team_season,1.0,2988.0,Ayouba Berthe,Georgia State,-3.17,-0.87,-4.04,836.0,-2.64,-1.26,-3.9,91.2,109.3,-18.0,-123.0,ayouba berthe,minot state,2025.0,133989,2026.0,-0.718409,1.05304,-6.82222,-4.30332,-2.51889,-7.3263,-5.61158,-1.71472,mid_major,,50.779221,54.974184,28.831169,0.428571,1.033333,12.149684,10.0571,23.373337,3.347416,10.783678,1.917413,1.665024,18.097876269621423,,,4.875346260387811,2.326869806094183,2.253000923361034,1.1449676823638042,0.7017543859649122,0.3939393939393939,0.7747747747747747,,alt_exact_name_team_season,step26_height_class_advanced_export,archetype_exact_name_team_season,0.0,0.4201287278,0.9777950479,0.0222049521,0.3740094785,0.1102263357,0.0,0.0713363215,0.4201287278,0.0242991366
10939,ncaa_direct,2024-25,2025,2025-26,2026,Caleb Van De Griend,Minot St.,,36,36.0,1105.0,30.694,752,20.889,289,408.0,11,23.0,163,199.0,470,32,53,23,38,,50.0,calebvandegriend,matched,1,calebvandegriend,1,0,Caleb Van De Griend,Idaho St.,BSky,2026,135086,bt_pid:135086,30,18.2818,11.7879,-1.32424,80.0,/Users/adriankong/Desktop/TROP/trank_final_data_2026_with_pbp.csv,exact_name_team_season,1.0,1066.0,Low,"Van De Griend, Caleb",Idaho St.,Big Sky Conference,5313173.0,6-8,Sr,PF/C,30.0,0.4728,0.4351,118.033,0.2859,3.1582,1.4967,0.5347,0.962,exact_name_team_season,1.0,871.0,Caleb Van De Griend,Idaho State,2.08,0.16,2.24,906.0,2.25,0.72,2.97,106.6,114.8,-8.2,39.0,caleb van de griend,minot state,2025.0,135086,2026.0,2.26381,1.40225,-1.32424,1.23901,-2.56325,1.55093,4.14994,-2.59901,mid_major,,72.181373,75.873759,48.77451,0.056373,0.603774,9.66166,6.206346,25.152595,18.268353,31.763068,3.52934,1.196771,27.221719457013574,,,17.013574660633484,1.158371040723982,1.918552036199095,0.832579185520362,1.3755656108597285,0.4782608695652174,0.8190954773869347,,alt_exact_name_team_season,step26_height_class_advanced_export,archetype_exact_name_team_season,0.0,0.6902480447,1.0,0.0,0.0,0.6902480447,0.0,0.3097519553,0.0,0.0
10966,ncaa_direct,2024-25,2025,2025-26,2026,Kiani Saxon,Missouri Western,,29,29.0,640.0,22.069,188,6.483,70,134.0,8,34.0,40,68.0,116,47,46,21,31,,4.0,kianisaxon,matched,1,kianisaxon,1,0,Kiani Saxon,Wyoming,MWC,2026,133664,bt_pid:133664,32,14.9333,2.0303,0.647096,80.0,/Users/adriankong/Desktop/TROP/trank_final_data_2026_with_pbp.csv,exact_name_team_season,1.0,1597.0,Medium,"Saxon, Kiani",Wyoming,Mountain West Conference,5313753.0,6-8,Sr,PF/C,31.0,0.3625,0.3677,93.5803,0.1132,-2.3854,-0.8019,-0.2469,-0.5549999999999999,exact_name_team_season,1.0,2432.0,Kiani Saxon,Wyoming,-1.93,0.43,-1.5,798.0,-2.3,0.44,-1.86,107.4,106.0,1.4,6.0,kiani saxon,missouri western,2025.0,133664,2026.0,-0.511568,1.56054,0.647096,-2.51862,3.16572,-2.30819,-3.85298,1.54479,mid_major,,56.115108,58.303887,50.359712,0.251799,1.0,21.678967,12.983134,16.918179,5.713373,17.793144,5.891915,1.916252,11.75,,,7.25,2.9375,2.875,1.3125,1.9375,0.2285714285714285,0.6,,alt_exact_name_team_season,step26_height_class_advanced_export,archetype_exact_name_team_season,0.0,0.5521679291,0.897699173,0.102300827,0.1582808621,0.0,0.0,0.5521679291,0.0,0.2895512088
10969,ncaa_direct,2024-25,2025,2025-26,2026,Zane Nelson,Missouri Western,,30,29.0,977.0,32.567,461,15.367,164,381.0,40,131.0,93,127.0,143,135,87,43,2,,7.0,zanenelson,matched,1,zanenelson,1,0,Zane Nelson,Denver,Sum,2026,135321,bt_pid:135321,29,24.6633,13.3333,0.345337,76.0,/Users/adriankong/Desktop/TROP/trank_final_data_2026_with_pbp.csv,exact_name_team_season,1.0,845.0,Medium,"Nelson, Zane",Denver,Summit League,5314638.0,6-4,Sr,CG,29.0,0.6301,0.628,118.8434,0.2681,2.5978,2.6053,0.9001,1.7052,exact_name_team_season,1.0,580.0,Zane Nelson,Denver,3.03,0.09,3.12,1268.0,3.1,0.82,3.92,115.4,116.0,-0.6,22.0,zane nelson,missouri western,2025.0,135321,2026.0,2.63227,1.30392,0.345337,3.05307,-2.70774,1.66775,3.22198,-1.55423,mid_major,,48.481013,53.029635,33.670886,0.341772,1.566667,16.558728,30.07628,28.903791,2.920107,15.750577,0.365013,2.611726,18.87410440122825,,,5.854657113613102,5.527123848515865,3.5619242579324464,1.7604912998976459,0.08188331627430911,0.3037037037037037,0.7368421052631579,,alt_exact_name_team_season,step26_height_class_advanced_export,archetype_exact_name_team_season,0.0,0.4743667742,1.0,0.0,0.4743667742,0.1821084417,0.0,0.0,0.0,0.3435247841
10971,ncaa_direct,2024-25,2025,2025-26,2026,Emanuel Prospere II,Mo.-St. Louis,,32,25.0,1024.0,32.0,404,12.625,148,286.0,17,43.0,91,133.0,163,131,100,27,11,,12.0,emanuelprospere,matched,1,emanuelprospere,1,0,Emanuel Prospere II,UC San Diego,BW,2026,133749,bt_pid:133749,26,22.1071,8.0357,2.20214,77.0,/Users/adriankong/Desktop/TROP/trank_final_data_2026_with_pbp.csv,exact_name_team_season,1.0,617.0,Medium,"Prospere II, Emanuel",UC San Diego,Big West Conference,5313049.0,6-5,Sr,WG,26.0,0.445,0.4441,104.7634,0.2456,-0.6585,1.1505,-1.4281,2.5786,exact_name_team_season,1.0,665.0,Emanuel Prospere II,UC San Diego,0.88,1.95,2.83,1004.0,0.21,1.75,1.96,109.4,99.0,10.3,134.0,emanuel prospere ii,mo state louis,2025.0,133749,2026.0,0.776572,2.78956,2.20214,-1.42984,3.63198,1.23881,-2.30902,3.54783,mid_major,,54.72028,58.6323,46.503497,0.15035,1.31,22.496176,25.245054,24.091087,3.843542,14.645091,1.21437,1.614202,15.78125,,,6.3671875,5.1171875,3.90625,1.0546875,0.4296875,0.3953488372093023,0.6842105263157895,,alt_exact_name_team_season,step26_height_class_advanced_export,archetype_exact_name_team_season,0.0,0.5136790133,0.935062082,0.064937918,0.0544073033,0.4107991978,0.0,0.0,0.0211144855,0.5136790133
10976,ncaa_direct,2024-25,2025,2025-26,2026,Matt Enright,Mo.-St. Louis,,33,33.0,1221.0,37.0,555,16.818,189,406.0,103,230.0,74,84.0,131,89,50,27,0,,3.0,mattenright,matched,1,mattenright,1,0,Matt Enright,Austin Peay,ASun,2026,134184,bt_pid:134184,23,15.352,4.68,-1.50402,73.0,/Users/adriankong/Desktop/TROP/trank_final_data_2026_with_pbp.csv,exact_name_team_season,1.0,1784.0,Low,"Enright, Matt",Austin Peay,ASUN Conference,5312887.0,6-1,Sr,WG,22.0,0.2788,0.2805,114.8808,0.1301,-0.4972,-0.577,0.4688,-1.0457999999999998,exact_name_team_season,1.0,2076.0,Matt Enright,Austin Peay,0.45,-1.11,-0.66,610.0,-0.02,-1.12,-1.14,106.2,108.2,-1.9,14.0,matt enright,mo state louis,2025.0,134184,2026.0,0.300247,1.12703,-1.50402,-0.180965,-1.32305,-2.01201,-1.77635,-0.235654,mid_major,,59.236453,62.64674,20.689655,0.566502,1.78,10.142811,14.698669,22.426115,2.150887,10.259842,0.0,1.354987,18.181818181818183,,,4.291564291564292,2.9156429156429158,1.638001638001638,0.8845208845208845,0.0,0.4478260869565217,0.8809523809523809,,alt_exact_name_team_season,step26_height_class_advanced_export,archetype_exact_name_team_season,0.0,0.5463103366,0.8168564868,0.1831435132,0.5463103366,0.0247914771,0.0,0.0,0.3510565879,0.0778415984
10981,ncaa_direct,2024-25,2025,2025-26,2026,Troy Glover II,Mo.-St. Louis,,33,32.0,950.0,28.788,352,10.667,145,232.0,0,2.0,62,115.0,285,27,55,32,67,,35.0,troyglover,matched,1,troyglover,1,0,Troy Glover II,Bowling Green,MAC,2026,134987,bt_pid:134987,29,22.9594,7.6562,3.12812,82.0,/Users/adriankong/Desktop/TROP/trank_final_data_2026_with_pbp.csv,exact_name_team_season,1.0,1133.0,Medium,"Glover II, Troy",Bowling Green,Mid American Conference,5112412.0,6-10,Sr,C,29.0,0.5692,0.5722,120.6172,0.1581,0.9702,0.8125,0.0985,0.714,exact_name_team_season,1.0,1322.0,Troy Glover II,Bowling Green,-0.26,1.27,1.01,1186.0,-0.35,0.5,0.15,105.8,101.7,4.0,63.0,troy glover ii,mo state louis,2025.0,134987,2026.0,1.41624,2.54714,3.12812,-0.634635,3.76276,0.765542,-0.484434,1.24998,mid_major,,62.5,62.278839,49.568966,0.008621,0.490909,16.291469,5.662653,19.623685,10.580693,24.565002,7.933159,2.051904,14.821052631578947,,,12.0,1.1368421052631579,2.3157894736842106,1.3473684210526315,2.8210526315789473,0.0,0.5391304347826087,,alt_exact_name_team_season,step26_height_class_advanced_export,archetype_exact_name_team_season,0.0,0.6103452285,1.0,0.0,0.0,0.3896547715,0.0,0.6103452285,0.0,0.0
11000,ncaa_direct,2024-25,2025,2025-26,2026,Jalen Tot,Mont. St. Billings,,33,33.0,1126.0,34.121,532,16.121,177,499.0,84,272.0,94,126.0,146,97,77,61,3,,2.0,jalentot,matched,1,jalentot,1,0,Jalen Tot,Appalachian St.,SB,2026,134521,bt_pid:134521,29,25.1,9.5806,-1.26001,72.0,/Users/adriankong/Desktop/TROP/trank_final_data_2026_with_pbp.csv,unique_name_season,0.6923,1548.0,Medium,"Tot, Jalen",App State,Sun Belt Conference,5312355.0,6-0,Sr,WG,29.0,0.62,0.6147,107.9192,0.1923,-0.9694,-0.1508,0.2739,-0.4246999999999999,exact_name_team_season,1.0,1407.0,Jalen Tot,Appalachian State,1.4,-0.62,0.78,1204.0,0.98,-1.13,-0.15,105.9,104.6,1.3,92.0,jalen tot,mont state billings,2025.0,134521,2026.0,1.05387,2.05449,-1.26001,0.350107,-1.61012,-0.140293,0.227308,-0.367601,mid_major,,43.887776,47.976336,25.250501,0.54509,1.25974,12.194349,16.664142,28.637436,3.254992,11.202557,0.28325,3.130233,18.898756660746002,,,5.186500888099467,3.4458259325044405,2.7353463587921847,2.1669626998223803,0.10657193605683836,0.3088235294117647,0.746031746031746,,alt_exact_name_team_season,website_priority_advanced_export,archetype_unique_name_season,0.0,0.9450764173,0.9352783829,0.0647216171,0.9450764173,0.0549235827,0.0,0.0,0.0,0.0
11001,ncaa_direct,2024-25,2025,2025-26,2026,Kael Robinson,Mont. St. Billings,,33,33.0,1063.0,32.212,573,17.364,211,391.0,33,89.0,118,152.0,229,89,73,23,35,,24.0,kaelrobinson,matched,1,kaelrobinson,1,0,Kael Robinson,Northern Kentucky,Horz,2026,134022,bt_pid:134022,28,26.1581,14.3871,-1.43451,79.0,/Users/adriankong/Desktop/TROP/trank_final_data_2026_with_pbp.csv,exact_name_team_season,1.0,1526.0,Medium,"Robinson, Kael",Northern Ky.,Horizon League,4904206.0,6-7,Sr,WF,28.0,0.6148,0.5879,110.7104,0.2327,-0.3216,-1.1087,-0.7503,-0.3584,exact_name_team_season,1.0,1162.0,Kael Robinson,Northern Kentucky,1.21,0.18,1.38,1332.0,1.9,0.21,2.11,106.5,105.8,0.7,87.0,kael robinson,mont state billings,2025.0,134022,2026.0,1.8342,2.15321,-1.43451,0.276946,-1.71145,0.243221,1.58136,-1.33814,mid_major,,58.184143,62.570979,38.87468,0.227621,1.219178,13.750753,17.607281,25.508856,7.73322,16.280323,3.501145,1.250453,21.561618062088428,,,8.617121354656632,3.3490122295390403,2.7469426152398873,0.8654750705550329,1.317027281279398,0.3707865168539326,0.7763157894736842,,alt_exact_name_team_season,website_priority_advanced_export,archetype_unique_name_season,0.0,0.4137571778,1.0,0.0,0.1717861097,0.4137571778,0.0,0.1483366705,0.100617452,0.16550259
11011,ncaa_direct,2024-25,2025,2025-26,2026,Jaylen Curry,Montevallo,,31,30.0,898.0,28.968,507,16.355,173,371.0,70,191.0,91,117.0,185,29,53,27,18,,22.0,jaylencurry,matched_prior_d1_experience,1,jaylencurry,1,1,Jaylen Curry,Oklahoma St.,B12,2026,78969,bt_pid:78969,33,23.8333,10.0606,2.95564,73.0,/Users/adriankong/Desktop/TROP/trank_final_data_2026_with_pbp.csv,exact_name_team_season,1.0,427.0,High,"Curry, Jaylen",Oklahoma St.,Big 12 Conference,5174611.0,6-1,Jr,s-PG,33.0,0.5648,0.5587,112.5753,0.2258,2.3525,2.6593,-0.8673,3.5266,exact_name_team_season,1.0,454.0,Jaylen Curry,Oklahoma State,3.0,0.72,3.71,1461.0,2.59,1.44,4.02,115.7,106.7,9.0,49.0,jaylen curry,montevallo,2025.0,78969,2026.0,2.13311,2.43451,2.95564,2.51476,0.440886,2.87619,1.44762,1.42857,power_4,,56.06469,60.00284,31.536388,0.514825,0.54717,11.146631,6.146009,25.78163,7.105979,16.524731,2.352742,1.678189,22.583518930957684,,,8.240534521158128,1.2917594654788418,2.3608017817371936,1.2026726057906458,0.8017817371937639,0.3664921465968586,0.7777777777777778,,alt_exact_name_team_season,step26_height_class_advanced_export,archetype_exact_name_team_season,0.0,0.3627818638,1.0,0.0,0.2165979674,0.3627818638,0.3084325813,0.0512471091,0.0609404784,0.0
11019,ncaa_direct,2024-25,2025,2025-26,2026,Cedric Taylor III,Morehouse,,31,28.0,1015.0,32.742,485,15.645,160,355.0,46,154.0,119,180.0,205,83,59,48,36,,12.0,cedrictaylor,matched,1,cedrictaylor,1,0,Cedric Taylor III,Howard,MEAC,2026,135072,bt_pid:135072,23,32.4458,17.1667,2.60154,79.0,/Users/adriankong/Desktop/TROP/trank_final_data_2026_with_pbp.csv,exact_name_team_season,1.0,1297.0,Low,"Taylor III, Cedric",Howard,Mid-Eastern Athletic Conference,5192142.0,6-7,Jr,WG,23.0,0.597,0.5923,111.662,0.2793,-0.1182,0.1678,-0.092,0.2598,exact_name_team_season,1.0,692.0,Cedric Taylor III,Howard,1.2,1.55,2.76,1314.0,1.7,0.85,2.55,105.4,100.2,5.2,222.0,cedric taylor iii,morehouse,2025.0,135072,2026.0,2.19602,3.32139,2.60154,0.154951,2.44659,2.31877,0.758904,1.55986,mid_major,,50.872093,55.232283,52.034884,0.430233,1.403509,11.88094,17.207381,24.420601,5.983774,18.054124,4.25371,2.76379,19.113300492610836,,,8.078817733990148,3.270935960591133,2.3251231527093594,1.8916256157635467,1.4187192118226601,0.2837837837837837,0.6536312849162011,,alt_exact_name_team_season,step26_height_class_advanced_export,archetype_exact_name_team_season,0.0,0.3963106787,0.9541235351,0.0458764649,0.3963106787,0.3723115158,0.0,0.1410300648,0.0,0.0903477407
11033,ncaa_direct,2024-25,2025,2025-26,2026,Chase Dawson,Mount Olive,,22,18.0,606.0,27.545,458,20.818,164,321.0,34,103.0,96,113.0,53,65,45,23,1,,10.0,chasedawson,matched,1,chasedawson,1,0,Chase Dawson,Morehead St.,OVC,2026,135273,bt_pid:135273,30,25.6818,8.2727,-5.07427,72.0,/Users/adriankong/Desktop/TROP/trank_final_data_2026_with_pbp.csv,exact_name_team_season,1.0,2695.0,Low,"Dawson, Chase",Morehead St.,Ohio Valley Conference,5247158.0,6-0,So,s-PG,29.0,0.6235,0.621,106.4438,0.1908,-1.048,-1.7844,2.5895,-4.3739,exact_name_team_season,1.0,2663.0,Chase Dawson,Morehead State,0.2,-2.43,-2.23,1320.0,0.45,-1.78,-1.34,101.9,115.8,-13.9,-99.0,chase dawson,mount olive,2025.0,135273,2026.0,0.752449,0.885144,-5.07427,-1.06861,-4.00566,-4.31307,-1.76625,-2.54682,mid_major,,56.777778,61.787804,35.111111,0.326667,1.272727,11.272032,16.128141,28.194711,1.77449,6.454692,0.187108,2.154607,30.231023102310232,,,3.4983498349834985,4.29042904290429,2.9702970297029703,1.518151815181518,0.066006600660066,0.3469387755102041,0.8291139240506329,,alt_exact_name_team_season,step26_height_class_advanced_export,archetype_exact_name_team_season,0.0,0.4552019712,1.0,0.0,0.4552019712,0.0458630714,0.0,0.0,0.279152181,0.2197827764
11036,ncaa_direct,2024-25,2025,2025-26,2026,Kennard Davis,Mount Olive,,30,20.0,581.0,19.367,110,3.667,39,93.0,10,30.0,22,35.0,83,132,46,42,0,,11.0,kennarddavis,matched_prior_d1_experience,1,kennarddavis,1,1,Kennard Davis Jr.,BYU,B12,2026,77996,bt_pid:77996,32,29.5531,8.4688,4.10498,78.0,/Users/adriankong/Desktop/TROP/trank_final_data_2026_with_pbp.csv,exact_name_team_season,1.0,543.0,High,"Davis Jr., Kennard",BYU,Big 12 Conference,4685654.0,6-6,Jr,WG,32.0,0.6644,0.6667,113.4451,0.1354,1.0999,1.6843,-1.2272,2.9115,exact_name_team_season,1.0,669.0,Kennard Davis Jr.,BYU,1.87,0.93,2.8,1666.0,2.2,0.82,3.02,119.7,98.7,20.9,154.0,kennard davis,mount olive,2025.0,77996,2026.0,2.06536,3.10526,4.10498,3.47942,0.625555,2.36483,0.85881,1.50602,power_4,,48.051948,51.901224,42.857143,0.324675,2.886364,32.467532,29.577554,10.596721,2.497283,12.996889,0.0,3.236324,7.573149741824441,,,5.714285714285714,9.087779690189329,3.1669535283993113,2.891566265060241,0.0,0.32,0.6363636363636364,,alt_exact_name_team_season,step26_height_class_advanced_export,archetype_exact_name_team_season,0.0,1.0,0.7102739256,0.2897260744,0.0,0.0,0.0,0.0,0.0,1.0
11038,ncaa_direct,2024-25,2025,2025-26,2026,Lureon Walker,Mount Olive,,26,20.0,678.0,26.077,432,16.615,162,332.0,25,84.0,83,113.0,80,44,37,46,7,,1.0,lureonwalker,matched,1,lureonwalker,1,0,Lureon Walker,North Carolina A&T,CAA,2026,134772,bt_pid:134772,4,28.7,16.6,-3.37505,77.0,/Users/adriankong/Desktop/TROP/trank_final_data_2026_with_pbp.csv,unmatched,,,,,,,,,,,,,,,,,,,,unmatched,,,,,,,,,,,,,,,,lureon walker,mount olive,2025.0,134772,2026.0,,,,,,,,,mid_major,,54.907975,58.356427,34.355828,0.257669,1.128205,9.413923,10.463518,25.581585,3.640835,9.601545,0.839783,3.31556,25.486725663716815,,,4.71976401179941,2.5958702064896757,2.1828908554572273,2.713864306784661,0.41297935103244837,0.3333333333333333,0.7142857142857143,,alt_exact_name_team_season,step26_height_class_advanced_export,archetype_exact_name_team_season,0.0,0.332371477,0.9790572705,0.0209427295,0.332371477,0.2494653384,0.0,0.0,0.2668303097,0.1513328749
11045,ncaa_direct,2024-25,2025,2025-26,2026,Chase Thompson,Neb.-Kearney,,28,28.0,863.0,30.821,409,14.607,133,309.0,57,146.0,86,114.0,120,40,38,18,5,,15.0,chasethompson,matched,1,chasethompson,1,0,Chase Thompson,Clemson,ACC,2026,133856,bt_pid:133856,35,8.9857,2.2571,2.72028,80.0,/Users/adriankong/Desktop/TROP/trank_final_data_2026_with_pbp.csv,unmatched,,,,,,,,,,,,,,,,,,,,exact_name_team_season,1.0,1242.0,Chase Thompson,Clemson,0.24,0.94,1.17,504.0,-0.08,-0.43,-0.5,111.8,93.5,18.3,73.0,chase thompson,neb kearney,2025.0,133856,2026.0,0.539972,1.07062,2.72028,0.421868,2.29842,2.91381,0.654471,2.25934,power_4,,52.265372,56.938412,36.893204,0.472492,1.052632,9.567932,9.569091,23.450934,4.068653,12.190776,0.667742,1.202405,18.95712630359212,,,5.5619930475086905,1.853997682502897,1.761297798377752,0.8342989571263036,0.23174971031286212,0.3904109589041096,0.7543859649122807,,alt_exact_name_team_season,website_priority_advanced_export,archetype_unique_name_season,0.0,0.4805623247,0.9604116662,0.0395883338,0.249627351,0.2555395504,0.014270774,0.0,0.4805623247,0.0
11055,ncaa_direct,2024-25,2025,2025-26,2026,Ethan Simmon,New Haven,,29,29.0,906.0,31.241,363,12.517,129,303.0,59,168.0,46,57.0,125,43,33,19,2,,20.0,ethansimmon,matched,1,ethansimmon,1,0,Ethan Simmon,Stony Brook,CAA,2026,134704,bt_pid:134704,26,15.55,5.75,-1.9746,77.0,/Users/adriankong/Desktop/TROP/trank_final_data_2026_with_pbp.csv,exact_name_team_season,1.0,1828.0,Medium,"Simmon, Ethan",Stony Brook,Colonial Athletic Association,5312184.0,6-5,Sr,WG,26.0,0.3466,0.3507,118.8704,0.151,0.9434,-1.0405,0.105,-1.1455,exact_name_team_season,1.0,2466.0,Ethan Simmon,Stony Brook,-0.37,-1.22,-1.58,700.0,0.96,-0.91,0.05,98.1,109.4,-11.2,-63.0,ethan simmon,new haven,2025.0,134704,2026.0,0.971872,1.08457,-1.9746,-0.190527,-1.78407,0.435091,0.61051,-0.175419,mid_major,,52.310231,55.321873,18.811881,0.554455,1.30303,9.139249,9.416164,21.221223,2.98755,12.816671,0.227459,1.234569,16.026490066225165,,,5.518763796909492,1.8984547461368653,1.4569536423841059,0.8388520971302428,0.08830022075055188,0.351,0.807,,alt_exact_name_team_season,step26_height_class_advanced_export,archetype_exact_name_team_season,0.0,0.4831110193,0.8569566713,0.1430433287,0.3269965475,0.1471545239,0.0427379093,0.0,0.4831110193,0.0
11056,ncaa_direct,2024-25,2025,2025-26,2026,Jah'Likai King,New Haven,,29,28.0,1008.0,34.759,461,15.897,167,354.0,36,118.0,91,105.0,131,99,63,29,9,,4.0,jahlikaiking,matched,1,jahlikaiking,1,0,Jah'Likai King,UMBC,AE,2026,134199,bt_pid:134199,30,32.1219,14.0312,-2.50697,74.0,/Users/adriankong/Desktop/TROP/trank_final_data_2026_with_pbp.csv,exact_name_team_season,1.0,2657.0,Low,"King, Jah'Likai",UMBC,America East Conference,5313186.0,6-2,Jr,CG,30.0,0.7778,0.7788,105.161,0.2361,-1.7693,-1.9823,2.1519,-4.1342,exact_name_team_season,1.0,2295.0,Jah'Likai King,UMBC,-0.16,-1.02,-1.18,1637.0,-0.63,-1.69,-2.32,106.5,107.5,-1.0,143.0,jah likai king,new haven,2025.0,134199,2026.0,1.26663,2.42371,-2.50697,-1.11994,-1.38702,-2.04938,-1.09692,-0.952455,mid_major,,51.709402,57.147135,32.193732,0.353276,1.596774,13.399032,19.917051,24.129455,2.535551,12.04096,0.807282,1.671945,18.293650793650794,,,5.198412698412699,3.9285714285714284,2.5,1.1507936507936507,0.35714285714285715,0.298,0.841,,alt_exact_name_team_season,step26_height_class_advanced_export,archetype_exact_name_team_season,0.0,0.3292826828,1.0,0.0,0.2921629565,0.1525065818,0.0,0.0,0.2260477789,0.3292826828
11059,ncaa_direct,2024-25,2025,2025-26,2026,Kyle Kearson,New Haven,,23,0.0,141.0,6.13,26,1.13,10,21.0,5,12.0,1,6.0,32,7,7,4,3,,25.0,kylekearson,matched,1,kylekearson,1,0,Kyle Kearson,New Haven,NEC,2026,134701,bt_pid:134701,18,6.8263,1.2632,-7.08368,76.0,/Users/adriankong/Desktop/TROP/trank_final_data_2026_with_pbp.csv,unmatched,,,,,,,,,,,,,,,,,,,,unmatched,,,,,,,,,,,,,,,,kyle kearson,new haven,2025.0,134701,2026.0,-0.439891,0.508833,-7.08368,-6.13279,-0.950898,-5.10634,-4.79203,-0.314308,mid_major,,59.52381,54.99154,28.571429,0.571429,1.0,22.845953,8.198198,11.056664,3.190184,21.602374,2.094897,1.595843,7.375886524822695,,,9.078014184397164,1.9858156028368794,1.9858156028368794,1.1347517730496455,0.851063829787234,0.417,0.167,,alt_exact_name_team_season,step26_height_class_advanced_export,archetype_exact_name_team_season,0.0,0.5098089206,0.4313112236,0.5686887764,0.0,0.0571980269,0.4329930525,0.5098089206,0.0,0.0
11061,ncaa_direct,2024-25,2025,2025-26,2026,Najimi George,New Haven,,27,19.0,533.0,19.741,223,8.259,85,171.0,17,57.0,36,58.0,97,18,22,16,1,,23.0,najimigeorge,matched,1,najimigeorge,1,0,Najimi George,New Haven,NEC,2026,134675,bt_pid:134675,28,33.7,11.2333,-4.88225,76.0,/Users/adriankong/Desktop/TROP/trank_final_data_2026_with_pbp.csv,exact_name_team_season,1.0,2682.0,Low,"George, Najimi",New Haven,Northeast Conference,5314323.0,6-4,So,WG,28.0,0.8737,0.8742,93.9851,0.2184,-3.6675,-3.5069,0.7747,-4.2816,exact_name_team_season,1.0,2794.0,Najimi George,New Haven,-1.9,-0.89,-2.79,1576.0,-1.85,-1.29,-3.14,92.8,107.9,-15.0,-105.0,najimi george,new haven,2025.0,134675,2026.0,0.0338631,2.26603,-4.88225,-3.4173,-1.46496,-4.91413,-3.16019,-1.75394,mid_major,,55.757576,58.015755,31.515152,0.357576,0.952381,10.053619,8.013644,21.618312,5.261059,14.161622,0.200277,1.830795,16.735459662288932,,,7.279549718574109,1.3508442776735459,1.6510318949343339,1.200750469043152,0.075046904315197,0.305,0.654,,alt_exact_name_team_season,step26_height_class_advanced_export,archetype_exact_name_team_season,0.0,0.4813099339,0.8457756238,0.1542243762,0.024499481,0.4813099339,0.1534718295,0.0,0.3407187555,0.0
11068,ncaa_direct,2024-25,2025,2025-26,2026,Cayden Charles,North Georgia,,32,30.0,869.0,27.156,456,14.25,148,321.0,27,73.0,133,188.0,217,62,71,47,19,,24.0,caydencharles,matched,1,caydencharles,1,0,Cayden Charles,St. Bonaventure,A10,2026,134998,bt_pid:134998,33,33.2,12.8824,1.36303,75.0,/Users/adriankong/Desktop/TROP/trank_final_data_2026_with_pbp.csv,exact_name_team_season,1.0,851.0,Medium,"Charles, Cayden",St. Bonaventure,Atlantic 10 Conference,5311887.0,6-3,Sr,WG,33.0,0.8308,0.8296,116.2423,0.1982,1.6963,1.8829,0.1875,1.6954,unique_name_season,0.8235,674.0,Cayden Charles,Saint Bonaventure,1.95,0.84,2.79,1881.0,2.56,1.34,3.9,111.7,107.9,3.8,58.0,cayden charles,north georgia,2025.0,134998,2026.0,2.88495,2.92924,1.36303,1.60818,-0.245157,1.64401,1.49317,0.15084,mid_major,,50.46875,56.615018,58.75,0.228125,0.885714,14.80792,16.089879,28.641194,4.683199,24.92562,2.443381,3.136535,20.98964326812428,,,9.98849252013809,2.85385500575374,3.2681242807825086,2.1634062140391253,0.8745684695051784,0.3698630136986301,0.7074468085106383,,alt_exact_name_team_season,step26_height_class_advanced_export,archetype_exact_name_team_season,0.0,0.7803485397,1.0,0.0,0.2196514603,0.7803485397,0.0,0.0,0.0,0.0
11087,ncaa_direct,2024-25,2025,2025-26,2026,Michael Wilson Jr.,North Greenville,,30,29.0,987.0,32.9,500,16.667,158,370.0,31,86.0,153,214.0,202,39,54,39,14,,24.0,michaelwilson,matched_prior_d1_experience,1,michaelwilson,1,1,Michael Wilson Jr.,Bellarmine,ASun,2026,134163,bt_pid:134163,28,13.43,5.6667,-7.86865,78.0,/Users/adriankong/Desktop/TROP/trank_final_data_2026_with_pbp.csv,exact_name_team_season,1.0,2635.0,Low,"Wilson Jr., Michael",Bellarmine,ASUN Conference,5254207.0,6-6,So,WF,27.0,0.2814,0.2863,97.311,0.2339,-3.1414,-1.8749,2.1429,-4.0178,exact_name_team_season,1.0,2944.0,Michael Wilson Jr.,Bellarmine,-1.81,-1.88,-3.69,618.0,-2.34,-0.48,-2.82,105.8,124.4,-18.6,-119.0,michael wilson jr,north greenville,2025.0,134163,2026.0,0.274176,0.410236,-7.86865,-2.55384,-5.31481,-6.07349,-2.46383,-3.60966,mid_major,,47.099448,54.132122,57.458564,0.234807,0.730769,10.286438,8.332094,26.254246,6.66802,15.923061,1.545141,2.252044,20.26342451874367,,,8.186423505572442,1.580547112462006,2.188449848024316,1.580547112462006,0.5673758865248227,0.365,0.721,,alt_exact_name_team_season,step26_height_class_advanced_export,archetype_exact_name_team_season,0.0,0.6394049604,1.0,0.0,0.0903471713,0.6394049604,0.0,0.0,0.2702478684,0.0
11113,ncaa_direct,2024-25,2025,2025-26,2026,Kye Dickson,Northwest Nazarene,,28,28.0,933.0,33.321,518,18.5,170,359.0,36,95.0,142,188.0,228,53,75,23,20,,10.0,kyedickson,matched,1,kyedickson,1,0,Kye Dickson,UT Rio Grande Valley,Slnd,2026,135361,bt_pid:135361,5,17.95,9.1667,-5.27795,79.0,/Users/adriankong/Desktop/TROP/trank_final_data_2026_with_pbp.csv,unmatched,,,,,,,,,,,,,,,,,,,,unmatched,,,,,,,,,,,,,,,,kye dickson,northwest nazarene,2025.0,135361,2026.0,0.836656,2.25454,-5.27795,-2.64793,-2.63002,-0.148018,0.424193,-0.572211,mid_major,,52.367688,58.634429,52.367688,0.264624,0.706667,14.514631,12.958709,28.886256,7.269728,21.970321,2.558592,1.474701,22.207931404072884,,,9.77491961414791,2.272240085744909,3.215434083601286,0.9860664523043944,0.857449088960343,0.3789473684210526,0.7553191489361702,,alt_exact_name_team_season,step26_height_class_advanced_export,archetype_exact_name_team_season,0.0,0.7810432076,1.0,0.0,0.1169573626,0.7810432076,0.0361397391,0.0,0.0658596906,0.0
11115,ncaa_direct,2024-25,2025,2025-26,2026,Rayzhon Bergersen,Northwest Nazarene,,18,0.0,325.0,18.056,31,1.722,11,38.0,6,25.0,3,7.0,21,36,13,10,2,,4.0,rayzhonbergersen,matched,1,rayzhonbergersen,1,0,Rayzhon Bergersen,Boise St.,MWC,2026,134023,bt_pid:134023,5,1.8667,0.3333,3.98504,74.0,/Users/adriankong/Desktop/TROP/trank_final_data_2026_with_pbp.csv,unmatched,,,,,,,,,,,,,,,,,,,,unmatched,,,,,,,,,,,,,,,,rayzhon bergersen,northwest nazarene,2025.0,134023,2026.0,,,,,,,,,mid_major,,36.842105,37.731256,18.421053,0.657895,2.769231,24.038462,18.72754,8.613038,0.702069,7.036991,0.728928,1.826669,3.8153846153846156,,,2.5846153846153848,4.430769230769231,1.6,1.2307692307692308,0.24615384615384617,0.24,0.4285714285714285,,alt_exact_name_team_season,step26_height_class_advanced_export,archetype_exact_name_team_season,0.0,1.0,0.2973881348,0.7026118652,0.0,0.0,0.0,0.0,0.0,1.0
11120,ncaa_direct,2024-25,2025,2025-26,2026,Cam McDowell,Northwestern Okla.,,27,26.0,957.0,35.444,726,26.889,244,469.0,78,197.0,160,191.0,127,78,83,53,18,,3.0,cammcdowell,matched,1,cammcdowell,1,0,Cam McDowell,Tarleton St.,WAC,2026,74495,bt_pid:74495,17,23.9571,13.8571,0.161403,77.0,/Users/adriankong/Desktop/TROP/trank_final_data_2026_with_pbp.csv,exact_name_team_season,1.0,1042.0,Low,"McDowell, Cam",Tarleton St.,Western Athletic Conference,4896462.0,6-5,Sr,CG,16.0,0.384,0.3808,109.0347,0.2662,0.8017,0.3885,-0.6321,1.0206,exact_name_team_season,1.0,1431.0,Cam McDowell,Tarleton State,0.67,0.06,0.73,773.0,0.31,-0.05,0.26,103.2,105.7,-2.5,7.0,cam mcdowell,northwestern okla,2025.0,74495,2026.0,1.87876,2.4305,0.161403,0.392939,-0.231536,2.42224,1.88842,0.533818,mid_major,,59.623431,65.068251,41.631799,0.42887,0.927711,12.797582,20.330335,33.771782,3.704806,12.159748,2.148654,3.008298,30.344827586206897,,,5.308254963427377,3.260188087774295,3.4691745036572623,2.215256008359457,0.7523510971786834,0.3902439024390244,0.8341708542713567,,alt_exact_name_team_season,website_priority_advanced_export,archetype_unique_name_season,0.0,0.7882540828,1.0,0.0,0.7882540828,0.2117459172,0.0,0.0,0.0,0.0
11125,ncaa_direct,2024-25,2025,2025-26,2026,Kabeya Tshibangu,Northwestern Okla.,,25,25.0,693.0,27.72,116,4.64,54,81.0,0,0.0,8,24.0,165,17,16,20,25,,23.0,kabeyatshibangu,matched,1,kabeyatshibangu,1,0,Kabeya Tshibangu,Niagara,MAAC,2026,133848,bt_pid:133848,23,11.1167,2.625,-2.11466,80.0,/Users/adriankong/Desktop/TROP/trank_final_data_2026_with_pbp.csv,unmatched,,,,,,,,,,,,,,,,,,,,unmatched,,,,,,,,,,,,,,,,kabeya tshibangu,northwestern okla,2025.0,133848,2026.0,0.268896,0.575681,-2.11466,-2.70577,0.591117,-3.17529,-2.94706,-0.228239,mid_major,,66.666667,63.451777,28.571429,0.0,1.125,14.47178,4.418772,7.749908,10.296235,17.718903,3.958048,1.528163,6.695526695526696,,,9.523809523809524,0.9812409812409812,0.9235209235209235,1.1544011544011543,1.443001443001443,,0.3333333333333333,,alt_exact_name_team_season,website_priority_advanced_export,archetype_unique_name_season,0.0,0.5989755148,0.9487243703,0.0512756297,0.0,0.0,0.0,0.5989755148,0.2105081286,0.1905163566
11156,ncaa_direct,2024-25,2025,2025-26,2026,Devyn Franklin,Ouachita Baptist,,30,22.0,649.0,21.633,264,8.8,105,189.0,15,38.0,39,59.0,137,23,28,23,19,,21.0,devynfranklin,matched,1,devynfranklin,1,0,Devyn Franklin,Grambling St.,SWAC,2026,134160,bt_pid:134160,31,19.1152,4.8182,-4.68373,80.0,/Users/adriankong/Desktop/TROP/trank_final_data_2026_with_pbp.csv,exact_name_team_season,1.0,2469.0,Low,"Franklin, Devyn",Grambling,Southwestern Athletic Conference,5259011.0,6-8,Sr,WF,31.0,0.4625,0.465,93.9416,0.1657,-3.3548,-3.8005,-0.6506,-3.1499,exact_name_team_season,1.0,2820.0,Devyn Franklin,Grambling,-2.99,0.06,-2.93,1001.0,-2.64,-0.97,-3.6,91.2,103.8,-12.5,-45.0,devyn franklin,ouachita baptist,2025.0,134160,2026.0,-0.338268,1.68013,-4.68373,-5.17264,0.488909,-5.77788,-5.65857,-0.119316,mid_major,,58.333333,60.712358,35.9375,0.192708,0.814815,10.827719,5.571172,18.665783,8.717446,18.753177,3.04971,1.982357,16.271186440677965,,,8.443759630200308,1.4175654853620956,1.7257318952234206,1.4175654853620956,1.1710323574730355,0.3783783783783784,0.6666666666666666,,alt_exact_name_team_season,step26_height_class_advanced_export,archetype_exact_name_team_season,0.0,0.4319156196,0.9053768502,0.0946231498,0.0,0.4319156196,0.0,0.3177485602,0.2503358202,0.0
11158,ncaa_direct,2024-25,2025,2025-26,2026,Hobert Grayson,Ouachita Baptist,,31,30.0,1085.0,35.0,657,21.194,234,503.0,30,96.0,159,209.0,332,68,62,55,10,,5.0,hobertgrayson,matched,1,hobertgrayson,1,0,Hobert Grayson IV,Mississippi,SEC,2026,134162,bt_pid:134162,5,5.7,1.4,3.21238,76.0,/Users/adriankong/Desktop/TROP/trank_final_data_2026_with_pbp.csv,unmatched,,,,,,,,,,,,,,,,,,,,unmatched,,,,,,,,,,,,,,,,hobert grayson,ouachita baptist,2025.0,134162,2026.0,0.0632774,0.604247,3.21238,-1.06724,4.27962,4.74971,0.714879,4.03484,power_4,,49.4,55.279019,41.2,0.19,1.0625,9.776366,11.997159,30.666054,9.433265,27.200613,1.004479,2.68788,24.22119815668203,,,12.23963133640553,2.506912442396313,2.2857142857142856,2.0276497695852536,0.3686635944700461,0.3157894736842105,0.7718446601941747,,alt_exact_name_team_season,step26_height_class_advanced_export,archetype_exact_name_team_season,0.0,0.8717980996,1.0,0.0,0.1282019004,0.8717980996,0.0,0.0,0.0,0.0
11181,ncaa_direct,2024-25,2025,2025-26,2026,Jose Roberto Tanchyn,Palm Beach Atl.,,27,7.0,572.0,21.185,247,9.148,100,194.0,19,61.0,28,46.0,176,41,22,19,23,,33.0,joserobertotanchyn,matched,1,joserobertotanchyn,1,0,Jose Roberto Tanchyn,UMBC,AE,2026,134311,bt_pid:134311,30,19.1469,6.5312,2.0997,82.0,/Users/adriankong/Desktop/TROP/trank_final_data_2026_with_pbp.csv,exact_name_team_season,1.0,1036.0,Low,"Roberto Tanchyn, Jose",UMBC,America East Conference,5313188.0,6-10,Jr,PF/C,30.0,0.4579,0.4521,117.6203,0.192,0.4324,0.8344,-0.2078,1.0422,exact_name_team_season,1.0,1025.0,Jose Roberto Tanchyn,UMBC,0.55,1.2,1.75,949.0,-0.06,0.3,0.24,111.0,104.2,6.8,169.0,jose roberto tanchyn,palm beach atlantic,2025.0,134311,2026.0,1.11418,2.09074,2.0997,0.315998,1.78371,1.76631,0.760579,1.00573,mid_major,,56.443299,57.645631,23.71134,0.314433,1.952381,8.927053,12.156066,19.041551,11.308623,20.154053,3.999873,1.73509,17.272727272727273,,,12.307692307692308,2.867132867132867,1.5384615384615385,1.3286713286713288,1.6083916083916083,0.3114754098360656,0.6086956521739131,,alt_exact_name_team_season,step26_height_class_advanced_export,archetype_exact_name_team_season,0.0,0.6132089989,0.6762023322,0.3237976678,0.0,0.6132089989,0.0,0.3867910011,0.0,0.0
11182,ncaa_direct,2024-25,2025,2025-26,2026,Josh Ward,Palm Beach Atl.,,29,29.0,915.0,31.552,434,14.966,161,352.0,27,93.0,85,100.0,146,117,69,50,14,,12.0,joshward,matched,1,joshward,1,0,Josh Ward,Cal St. Fullerton,BW,2026,133900,bt_pid:133900,32,30.8971,14.5,1.64966,73.0,/Users/adriankong/Desktop/TROP/trank_final_data_2026_with_pbp.csv,exact_name_team_season,1.0,1303.0,Medium,"Ward, Josh",Cal St. Fullerton,Big West Conference,5180837.0,6-1,Sr,CG,32.0,0.779,0.7802,109.7198,0.2353,0.6132,0.3374,0.0963,0.2410999999999999,exact_name_team_season,1.0,902.0,Josh Ward,Cal State Fullerton,1.16,0.98,2.14,1900.0,1.59,1.09,2.67,102.9,107.4,-4.6,-42.0,josh ward,palm beach atlantic,2025.0,133900,2026.0,2.14099,2.84879,1.64966,0.93444,0.715218,1.88762,1.05842,0.829197,mid_major,,49.573864,54.79798,28.409091,0.264205,1.695652,14.83871,21.9395,23.706437,2.600275,13.81692,1.533446,2.875813,18.972677595628415,,,6.382513661202186,5.114754098360656,3.0163934426229506,2.185792349726776,0.6120218579234973,0.2903225806451613,0.85,,alt_exact_name_team_season,step26_height_class_advanced_export,archetype_exact_name_team_season,0.0,0.4454377759,0.9729776656,0.0270223344,0.3079962004,0.218973073,0.0,0.0066253909,0.0209675598,0.4454377759
11194,ncaa_direct,2024-25,2025,2025-26,2026,Jordan Frison,Pittsburg St.,,29,29.0,960.0,33.103,526,18.138,203,405.0,33,107.0,87,101.0,104,165,97,26,5,,5.0,jordanfrison,matched,1,jordanfrison,1,0,Jordan Frison,Chattanooga,SC,2026,134087,bt_pid:134087,29,29.9188,16.4062,-0.122503,72.0,/Users/adriankong/Desktop/TROP/trank_final_data_2026_with_pbp.csv,exact_name_team_season,1.0,1717.0,Low,"Frison, Jordan",Chattanooga,Southern Conference,5314472.0,6-0,Jr,s-PG,29.0,0.7899,0.7857,125.2201,0.2603,3.0303,1.2527,2.1541,-0.9014000000000002,exact_name_team_season,1.0,1016.0,Jordan Frison,Chattanooga,2.63,-0.86,1.77,1554.0,3.9,-0.14,3.75,103.9,114.4,-10.5,-77.0,jordan frison,pittsburg state,2025.0,134087,2026.0,3.43002,1.6012,-0.122503,2.93461,-3.05711,1.53817,3.2226,-1.68443,mid_major,,53.672986,58.400339,27.251185,0.258294,1.811881,17.608089,36.86628,29.883064,1.521977,10.474029,0.512162,1.489416,21.916666666666668,,,4.333333333333333,6.875,4.041666666666667,1.0833333333333333,0.20833333333333334,0.3027522935779816,0.8608695652173913,,alt_exact_name_team_season,step26_height_class_advanced_export,archetype_exact_name_team_season,0.0,0.5276021716,1.0,0.0,0.4200513633,0.0523464651,0.0,0.0,0.0,0.5276021716
11202,ncaa_direct,2024-25,2025,2025-26,2026,Luke Haupt,Point Loma,,35,35.0,1053.0,30.086,461,13.171,162,341.0,25,66.0,112,155.0,205,115,94,53,10,,2.0,lukehaupt,matched,1,lukehaupt,1,0,Luke Haupt,New Mexico,MWC,2026,135127,bt_pid:135127,36,28.0703,7.8108,4.53905,78.0,/Users/adriankong/Desktop/TROP/trank_final_data_2026_with_pbp.csv,exact_name_team_season,1.0,435.0,Medium,"Haupt, Luke",New Mexico,Mountain West Conference,5188026.0,6-6,Sr,CG,36.0,0.702,0.7115,115.9146,0.167,1.4013,1.2087,-2.2749,3.4836,exact_name_team_season,1.0,476.0,Luke Haupt,New Mexico,1.74,1.87,3.61,1793.0,2.01,1.36,3.37,113.5,97.6,15.9,223.0,luke haupt,point loma,2025.0,135127,2026.0,1.76645,3.55257,4.53905,1.36238,3.17667,3.17188,-0.13349,3.30537,mid_major,,51.173021,56.329423,45.454545,0.193548,1.223404,18.680445,22.434088,24.658115,5.307868,17.164726,0.998587,2.836928,17.51187084520418,,,7.78727445394112,4.368471035137702,3.5707502374169042,2.01329534662868,0.3798670465337132,0.3787878787878788,0.7225806451612903,,alt_exact_name_team_season,step26_height_class_advanced_export,archetype_exact_name_team_season,0.0,0.4869246966,0.9652172184,0.0347827816,0.1549355683,0.4869246966,0.0,0.0,0.0,0.358139735
11254,ncaa_direct,2024-25,2025,2025-26,2026,Brian Hawthorne,Rockhurst,,28,28.0,885.0,31.607,424,15.143,139,307.0,15,63.0,131,170.0,155,122,81,45,5,,2.0,brianhawthorne,matched,1,brianhawthorne,1,0,Brian Hawthorne,South Alabama,SB,2026,134020,bt_pid:134020,18,10.515,2.65,-9.98281,74.0,/Users/adriankong/Desktop/TROP/trank_final_data_2026_with_pbp.csv,unmatched,,,,,,,,,,,,,,,,,,,,unmatched,,,,,,,,,,,,,,,,brian hawthorne,rockhurst,2025.0,134020,2026.0,-0.877927,0.756321,-9.98281,-8.9815,-1.00132,-9.33471,-8.70439,-0.630315,mid_major,,47.71987,55.526454,55.374593,0.205212,1.506173,17.502161,26.609256,25.832106,3.702471,15.882847,0.570053,2.731565,19.163841807909606,,,7.005649717514125,5.5141242937853105,3.6610169491525424,2.0338983050847457,0.22598870056497175,0.238095238095238,0.7705882352941177,,alt_exact_name_team_season,step26_height_class_advanced_export,archetype_exact_name_team_season,0.0,0.4828363003,1.0,0.0,0.1293630267,0.387800673,0.0,0.0,0.0,0.4828363003
11284,ncaa_direct,2024-25,2025,2025-26,2026,Erik Oliver-Bush,Saint Anselm,,30,30.0,870.0,29.0,338,11.267,124,252.0,38,108.0,52,70.0,91,59,43,21,27,,5.0,erikoliverbush,matched,1,erikoliverbush,1,0,Erik Oliver-Bush,Manhattan,MAAC,2026,134486,bt_pid:134486,25,16.1769,3.0769,-4.2475,77.0,/Users/adriankong/Desktop/TROP/trank_final_data_2026_with_pbp.csv,exact_name_team_season,1.0,2351.0,Low,"Oliver-Bush, Erik",Manhattan,Metro Atlantic Athletic Conference,5311761.0,6-5,So,WG,25.0,0.3209,0.3341,94.3065,0.132,-2.7405,-2.9351,-0.194,-2.7411,exact_name_team_season,1.0,2790.0,Erik Oliver-Bush,Manhattan,-2.27,-0.5,-2.77,703.0,-2.1,-0.54,-2.64,94.5,113.2,-18.7,-120.0,erik oliver bush,st anselm,2025.0,134486,2026.0,-0.403218,0.650785,-4.2475,-4.29541,0.0479083,-5.14074,-4.07268,-1.06806,mid_major,,56.746032,59.759547,27.777778,0.428571,1.404762,12.931034,11.829703,17.47885,1.417979,8.400043,2.713443,1.237692,15.540229885057471,,,4.183908045977011,2.7126436781609193,1.9770114942528736,0.9655172413793104,1.2413793103448276,0.3518518518518518,0.7428571428571429,,alt_exact_name_team_season,step26_height_class_advanced_export,archetype_exact_name_team_season,0.0,0.5630984709,0.936449618,0.063550382,0.0552622846,0.0,0.0,0.0912582005,0.5630984709,0.290381044
11331,ncaa_direct,2024-25,2025,2025-26,2026,Gage Lattimore,Seton Hill,,21,10.0,495.0,23.571,202,9.619,74,178.0,37,82.0,17,25.0,74,47,46,16,2,,2.0,gagelattimore,matched,1,gagelattimore,1,0,Gage Lattimore,North Carolina Central,MEAC,2026,135319,bt_pid:135319,27,36.6935,16.5806,-4.19238,74.0,/Users/adriankong/Desktop/TROP/trank_final_data_2026_with_pbp.csv,exact_name_team_season,1.0,2822.0,Low,"Lattimore, Gage",N.C. Central,Mid-Eastern Athletic Conference,5314190.0,6-2,So,CG,26.0,0.8608,0.8584,105.7765,0.235,-1.107,-1.5833,3.7008,-5.2841000000000005,exact_name_team_season,1.0,2467.0,Gage Lattimore,North Carolina Central,0.31,-1.89,-1.59,1670.0,1.03,-0.8,0.24,98.3,119.2,-21.0,-229.0,gage lattimore,seton hill,2025.0,135319,2026.0,1.70367,1.31235,-4.19238,-0.198226,-3.99415,-2.84782,0.150456,-2.99827,mid_major,,51.020408,54.012346,19.183673,0.481633,1.0,18.672707,16.13191,24.061401,2.267903,13.535659,0.600475,2.034528,16.32323232323232,,,5.97979797979798,3.797979797979798,3.717171717171717,1.292929292929293,0.16161616161616163,0.4067796610169492,0.7872340425531915,,alt_exact_name_team_season,step26_height_class_advanced_export,archetype_exact_name_team_season,0.0,0.4869310196,0.9126893004,0.0873106996,0.4869310196,0.1031401266,0.2168267866,0.0,0.0505719241,0.1425301431
11358,ncaa_direct,2024-25,2025,2025-26,2026,Marcus Banks,Shepherd,,30,30.0,965.0,32.167,372,12.4,124,284.0,29,85.0,95,125.0,153,124,99,33,3,,2.0,marcusbanks,matched_prior_d1_experience,1,marcusbanks,1,1,Marcus Banks,Massachusetts,MAC,2026,75525,bt_pid:75525,32,32.9667,16.6667,1.34596,75.0,/Users/adriankong/Desktop/TROP/trank_final_data_2026_with_pbp.csv,exact_name_team_season,1.0,1323.0,Medium,"Banks, Marcus",Massachusetts,Mid American Conference,4897361.0,6-3,Sr,CG,32.0,0.8147,0.8136,116.2034,0.2123,1.0939,0.5574,0.3746,0.1828,exact_name_team_season,1.0,997.0,Marcus Banks,Massachusetts,2.14,-0.32,1.82,1898.0,2.74,-0.41,2.33,106.5,107.7,-1.2,65.0,marcus banks,shepherd,2025.0,75525,2026.0,2.59094,2.49519,1.34596,2.83147,-1.48551,1.74229,2.17087,-0.428578,mid_major,,48.825503,54.835633,44.630872,0.305369,1.240741,23.249806,26.619476,23.262653,3.33191,13.095195,0.393616,2.04543,15.419689119170984,,,6.341968911917099,5.139896373056994,4.103626943005182,1.3678756476683938,0.12435233160621761,0.3406593406593406,0.7518796992481203,,alt_exact_name_team_season,step26_height_class_advanced_export,archetype_exact_name_team_season,0.0,0.4872700233,0.9018506379,0.0981493621,0.2815311624,0.2311988144,0.0,0.0,0.0,0.4872700233
11359,ncaa_direct,2024-25,2025,2025-26,2026,Michael Cooper,Shepherd,,25,4.0,280.0,11.2,74,2.96,24,80.0,17,61.0,9,16.0,36,7,16,5,4,,3.0,michaelcooper,matched,1,michaelcooper,1,0,Michael Cooper,Wagner,NEC,2026,134325,bt_pid:134325,28,13.5419,4.8065,-2.85177,78.0,/Users/adriankong/Desktop/TROP/trank_final_data_2026_with_pbp.csv,exact_name_team_season,1.0,2253.0,Low,"Cooper, Michael",Wagner,Northeast Conference,5317317.0,6-6,Jr,WG,28.0,0.342,0.3462,109.335,0.1939,-0.4601,-0.8324,1.5701,-2.4025,exact_name_team_season,1.0,2415.0,Michael Cooper,Wagner,-0.32,-1.13,-1.45,643.0,-0.02,-0.86,-0.88,99.3,114.1,-14.8,-61.0,michael cooper,shepherd,2025.0,134325,2026.0,0.512884,0.801127,-2.85177,-1.40371,-1.44806,-2.11434,-0.615975,-1.49836,mid_major,,39.634146,41.554358,19.512195,0.768293,0.368421,17.586079,4.52958,19.194481,4.334128,9.150575,1.3964,1.007834,10.571428571428571,,,5.142857142857143,1.0,2.2857142857142856,0.7142857142857143,0.5714285714285714,0.2698412698412698,0.5625,,alt_exact_name_team_season,step26_height_class_advanced_export,archetype_exact_name_team_season,0.0,0.8763171573,0.8059922189,0.1940077811,0.0638428165,0.0,0.8763171573,0.0308722142,0.028967812,0.0
11371,ncaa_direct,2024-25,2025,2025-26,2026,Creighton Morisch,Sioux Falls,,28,28.0,848.0,30.286,396,14.143,151,291.0,14,41.0,80,106.0,304,103,59,22,48,,23.0,creightonmorisch,matched,1,creightonmorisch,1,0,Creighton Morisch,Austin Peay,ASun,2026,134777,bt_pid:134777,29,8.8645,1.2903,-5.16727,82.0,/Users/adriankong/Desktop/TROP/trank_final_data_2026_with_pbp.csv,unmatched,,,,,,,,,,,,,,,,,,,,unmatched,,,,,,,,,,,,,,,,creighton morisch,sioux falls,2025.0,134777,2026.0,-0.697557,0.70731,-5.16727,-5.57868,0.41141,-7.09343,-6.3164,-0.777029,mid_major,,54.295533,58.642341,36.426117,0.140893,1.728814,14.87495,22.978912,22.423964,11.350605,27.155576,5.347914,1.424799,18.67924528301887,,,14.339622641509434,4.8584905660377355,2.7830188679245285,1.0377358490566038,2.2641509433962264,0.3414634146341463,0.7547169811320755,,alt_exact_name_team_season,step26_height_class_advanced_export,archetype_exact_name_team_season,0.0,0.5775083373,1.0,0.0,0.0,0.5775083373,0.0,0.226337083,0.0,0.1961545797
11385,ncaa_direct,2024-25,2025,2025-26,2026,Jomo Goings,Slippery Rock,,24,21.0,793.0,33.042,429,17.875,137,294.0,30,104.0,125,148.0,150,79,86,61,20,,1.0,jomogoings,matched,1,jomogoings,1,0,Jomo Goings,LIU,NEC,2026,134270,bt_pid:134270,35,30.7457,9.8,-2.30097,77.0,/Users/adriankong/Desktop/TROP/trank_final_data_2026_with_pbp.csv,exact_name_team_season,1.0,2183.0,Low,"Goings, Jomo",LIU,Northeast Conference,5314163.0,6-5,Jr,WG,35.0,0.7714,0.7748,100.1032,0.1887,-2.4088,-2.3881,-0.2178,-2.1703,exact_name_team_season,1.0,1521.0,Jomo Goings,Long Island,-0.41,0.95,0.54,1875.0,-0.47,0.61,0.15,102.5,104.8,-2.3,60.0,jomo goings,slippery rock,2025.0,134270,2026.0,0.348456,2.73344,-2.30097,-2.70527,0.404303,-2.65475,-2.96639,0.311647,mid_major,,51.839465,59.654116,50.501672,0.347826,0.88764,19.584544,19.46647,25.797732,3.090006,16.473339,2.35466,3.968166,21.639344262295083,,,7.566204287515763,3.9848675914249685,4.3379571248423705,3.076923076923077,1.008827238335435,0.2884615384615384,0.8344370860927153,,alt_exact_name_team_season,step26_height_class_advanced_export,archetype_exact_name_team_season,0.0,0.4758253499,0.9221005438,0.0778994562,0.4758253499,0.3631718157,0.0,0.0,0.0,0.1610028344
11392,ncaa_direct,2024-25,2025,2025-26,2026,Albert Vargas,Southern Conn. St.,,28,27.0,880.0,31.429,491,17.536,179,425.0,64,157.0,69,80.0,91,158,66,24,6,,20.0,albertvargas,matched,1,albertvargas,1,0,Albert Vargas,Robert Morris,Horz,2026,133913,bt_pid:133913,26,24.0929,7.5,-2.43177,70.0,/Users/adriankong/Desktop/TROP/trank_final_data_2026_with_pbp.csv,exact_name_team_season,1.0,1634.0,Medium,"Vargas, Albert",Robert Morris,Horizon League,5313733.0,5-10,Sr,PG,26.0,0.5041,0.4983,108.2702,0.2028,-0.8597,-0.1038,0.5405,-0.6443,exact_name_team_season,1.0,1214.0,Albert Vargas,Robert Morris,1.84,-0.57,1.26,1054.0,1.86,-0.41,1.45,110.9,107.3,3.6,81.0,albert vargas,southern conn state,2025.0,133913,2026.0,1.18412,1.8798,-2.43177,-0.995781,-1.43599,-2.46264,-2.07327,-0.389377,mid_major,,49.647059,53.346371,18.823529,0.369412,2.393939,12.542759,33.201784,28.259138,2.230937,8.983507,0.661209,1.465323,22.318181818181817,,,4.136363636363637,7.181818181818182,3.0,1.0909090909090908,0.2727272727272727,0.4076433121019108,0.8625,,alt_exact_name_team_season,website_priority_advanced_export,archetype_unique_name_season,0.0,0.52275187,0.9320720749,0.0679279251,0.47724813,0.0,0.0,0.0,0.0,0.52275187
11393,ncaa_direct,2024-25,2025,2025-26,2026,Antonio Chandler,Southern Conn. St.,,23,23.0,681.0,29.609,395,17.174,166,261.0,1,2.0,62,99.0,261,29,34,23,20,,2.0,antoniochandler,matched,1,antoniochandler,1,0,Antonio Chandler,Siena,MAAC,2026,134880,bt_pid:134880,29,22.1345,7.3448,1.65617,78.0,/Users/adriankong/Desktop/TROP/trank_final_data_2026_with_pbp.csv,exact_name_team_season,1.0,485.0,Low,"Chandler, Antonio",Siena,Metro Atlantic Athletic Conference,5314192.0,6-6,Sr,PF/C,29.0,0.4498,0.4612,133.5001,0.1529,2.8489,2.8965,-0.2781,3.1746,exact_name_team_season,1.0,1046.0,Antonio Chandler,Siena,1.22,0.47,1.69,1037.0,1.12,-0.71,0.41,108.2,102.4,5.7,92.0,antonio chandler,southern conn state,2025.0,134880,2026.0,2.14737,2.10053,1.65617,1.16482,0.491351,1.99427,1.8591,0.135175,mid_major,,63.793103,64.847649,37.931034,0.007663,0.852941,10.042533,8.448202,23.3807,16.608873,24.227251,2.834206,1.805775,23.201174743024964,,,15.330396475770925,1.7033773861967694,1.9970631424375918,1.3509544787077827,1.1747430249632893,0.5,0.6262626262626263,,alt_exact_name_team_season,website_priority_advanced_export,archetype_unique_name_season,0.0,0.7356417127,1.0,0.0,0.0,0.7356417127,0.0,0.2643582873,0.0,0.0
11407,ncaa_direct,2024-25,2025,2025-26,2026,Jordan Brathwaite,Southern N.H.,,30,16.0,586.0,19.533,121,4.033,47,133.0,14,68.0,13,22.0,123,24,14,10,13,,24.0,jordanbrathwaite,matched_prior_d1_experience,1,jordanbrathwaite,1,1,Jordan Brathwaite,Yale,Ivy,2026,127642,bt_pid:127642,29,18.9774,6.6129,0.200821,76.0,/Users/adriankong/Desktop/TROP/trank_final_data_2026_with_pbp.csv,exact_name_team_season,1.0,1263.0,Medium,"Brathwaite, Jordan",Yale,Ivy League,5241753.0,6-4,So,WG,29.0,0.4769,0.4753,117.1725,0.1648,0.8151,1.9077,1.5647,0.3429999999999999,exact_name_team_season,1.0,1345.0,Jordan Brathwaite,Yale,1.72,-0.79,0.94,920.0,1.45,-0.15,1.3,120.0,111.0,8.9,106.0,jordan brathwaite,southern n h,2025.0,127642,2026.0,1.18172,1.58557,0.200821,1.24169,-1.04086,-0.0444148,-0.3172,0.272785,mid_major,,40.601504,42.402579,16.541353,0.511278,1.714286,8.93541,7.022373,13.140859,8.032558,14.357399,2.439907,0.956664,8.25938566552901,,,8.395904436860068,1.6382252559726962,0.9556313993174061,0.6825938566552902,0.8873720136518771,0.2058823529411764,0.5909090909090909,,alt_exact_name_team_season,website_priority_advanced_export,archetype_unique_name_season,0.0,0.4904574051,0.5913601323,0.4086398677,0.0,0.1422818832,0.0,0.4904574051,0.3672607117,0.0
11410,ncaa_direct,2024-25,2025,2025-26,2026,Paul Greene,Southern N.H.,,28,28.0,839.0,29.964,386,13.786,155,317.0,7,22.0,69,104.0,338,55,59,51,20,,10.0,paulgreene,matched,1,paulgreene,1,0,Paul Greene,UMBC,AE,2026,135289,bt_pid:135289,20,7.48,1.95,-4.58975,78.0,/Users/adriankong/Desktop/TROP/trank_final_data_2026_with_pbp.csv,unmatched,,,,,,,,,,,,,,,,,,,,unmatched,,,,,,,,,,,,,,,,paul greene,southern n h,2025.0,135289,2026.0,-0.141649,0.882224,-4.58975,-5.80364,1.21388,-2.17048,-4.01495,1.84446,mid_major,,50.0,53.20322,32.807571,0.069401,0.949153,13.988998,14.016034,24.798632,10.636835,32.647795,2.763131,3.420439,18.402860548271754,,,16.114421930870083,2.622169249106079,2.8128724672228844,2.431466030989273,0.9535160905840286,0.3181818181818182,0.6634615384615384,,alt_exact_name_team_season,website_priority_advanced_export,archetype_unique_name_season,0.0,0.9012013386,1.0,0.0,0.0125258371,0.9012013386,0.0,0.0472665927,0.0,0.0390062316
11443,ncaa_direct,2024-25,2025,2025-26,2026,Bo Barber,Spring Hill,,26,26.0,731.0,28.115,197,7.577,59,162.0,35,111.0,44,55.0,57,127,64,19,1,,3.0,bobarber,matched,1,bobarber,1,0,Bo Barber,Gardner Webb,BSth,2026,143655,bt_pid:143655,15,8.2176,1.0588,-8.93272,70.0,/Users/adriankong/Desktop/TROP/trank_final_data_2026_with_pbp.csv,unmatched,,,,,,,,,,,,,,,,,,,,unmatched,,,,,,,,,,,,,,,,bo barber,spring hill,2025.0,143655,2026.0,-0.644299,0.282501,-8.93272,-6.04811,-2.88461,-10.1404,-8.09657,-2.04386,mid_major,,45.209581,51.280716,34.131737,0.664671,2.114754,24.10305,27.524953,16.476649,0.918605,7.831414,0.0,1.480734,10.779753761969904,,,3.119015047879617,6.949384404924761,3.5020519835841313,1.039671682626539,0.05471956224350205,0.2972972972972973,0.8070175438596491,,alt_exact_name_team_season,step26_height_class_advanced_export,archetype_exact_name_team_season,0.0,0.7673312931,0.9349529653,0.0650470347,0.0,0.0,0.2326687069,0.0,0.0,0.7673312931
11453,ncaa_direct,2024-25,2025,2025-26,2026,Walter Peggs Jr.,Spring Hill,,27,27.0,952.0,35.259,706,26.148,222,462.0,106,250.0,156,177.0,95,18,29,16,1,,35.0,walterpeggs,matched,1,walterpeggs,1,0,Walter Peggs Jr.,Morgan St.,MEAC,2026,77648,bt_pid:77648,25,19.5179,8.75,-4.78276,76.0,/Users/adriankong/Desktop/TROP/trank_final_data_2026_with_pbp.csv,exact_name_team_season,1.0,2798.0,Low,"Peggs Jr., Walter",Morgan St.,Mid-Eastern Athletic Conference,5110002.0,6-4,Sr,WG,25.0,0.4443,0.4538,108.8264,0.2106,-0.8409,-2.152,2.9674,-5.119400000000001,exact_name_team_season,1.0,2887.0,Walter Peggs Jr.,Morgan State,-0.06,-3.26,-3.32,868.0,0.81,-2.54,-1.73,93.0,119.0,-26.0,-141.0,walter peggs jr,spring hill,2025.0,77648,2026.0,0.925762,0.600619,-4.78276,0.0727477,-4.85551,-1.7546,1.56709,-3.32169,mid_major,,59.38914,65.2913,38.914027,0.531674,0.607143,5.131212,3.869256,28.735578,3.467419,7.507533,0.09762,0.898275,29.66386554621849,,,3.991596638655462,0.7563025210084033,1.218487394957983,0.6722689075630253,0.04201680672268908,0.4212765957446808,0.877906976744186,,alt_exact_name_team_season,step26_height_class_advanced_export,archetype_exact_name_team_season,0.0,0.5221670753,1.0,0.0,0.364246722,0.0418841129,0.0717020898,0.0,0.5221670753,0.0
11473,ncaa_direct,2024-25,2025,2025-26,2026,Lewis Rowe,St. Edward's,,33,31.0,904.0,27.394,448,13.576,199,354.0,7,16.0,43,94.0,211,65,64,35,25,,21.0,lewisrowe,matched,1,lewisrowe,1,0,Lewis Rowe,Incarnate Word,Slnd,2026,134865,bt_pid:134865,23,14.7923,2.3462,-2.95049,82.0,/Users/adriankong/Desktop/TROP/trank_final_data_2026_with_pbp.csv,unique_name_season,0.2353,1471.0,Low,"Rowe, Lewis",UIW,Southland Conference,4897366.0,6-10,Sr,PF/C,23.0,0.306,0.2984,103.9032,0.1123,-1.3152,-0.0311,0.2035,-0.2345999999999999,exact_name_team_season,1.0,2012.0,Lewis Rowe,Incarnate Word,-0.11,-0.4,-0.52,554.0,-1.02,-0.44,-1.46,108.5,112.4,-3.9,4.0,lewis rowe,state edward s,2025.0,134865,2026.0,-0.0678229,0.81031,-2.95049,-2.31161,-0.638878,-2.04463,-2.06656,0.0219348,mid_major,,56.340058,55.549814,26.224784,0.014409,1.032787,13.614856,13.902451,24.736391,11.837825,15.419097,3.673017,2.040971,19.82300884955752,,,9.336283185840708,2.8761061946902653,2.831858407079646,1.5486725663716814,1.1061946902654867,0.2,0.4285714285714285,,alt_exact_name_team_season,website_priority_advanced_export,archetype_unique_name_season,0.0,0.4028318208,1.0,0.0,0.0523493804,0.4028318208,0.0,0.2994820938,0.03494772,0.210388985
11498,ncaa_direct,2024-25,2025,2025-26,2026,Kyle Jones,St. Thomas Aquinas,,12,0.0,139.0,11.583,73,6.083,27,53.0,0,1.0,19,25.0,34,2,8,7,3,,12.0,kylejones,matched,1,kylejones,1,0,Kyle Jones,Buffalo,MAC,2026,133910,bt_pid:133910,18,10.0632,2.1053,0.57806,77.0,/Users/adriankong/Desktop/TROP/trank_final_data_2026_with_pbp.csv,unmatched,,,,,,,,,,,,,,,,,,,,unmatched,,,,,,,,,,,,,,,,kyle jones,state thomas aquinas,2025.0,133910,2026.0,0.561282,0.712143,0.57806,0.526968,0.0510929,-2.80708,-3.47417,0.667082,mid_major,77.0,50.943396,57.03125,47.169811,0.018868,0.25,11.111111,2.417658,21.292085,9.833916,14.169034,2.072096,2.406995,20.41958,4.195804,5.314685,9.51049,0.559441,2.237762,1.958042,0.839161,0.0,0.76,0.290185,combined_exact,combined_player_database,archetype_exact_name_team_season,0.0,0.376961105,0.8422043742,0.1577956258,0.0,0.3615579789,0.0,0.376961105,0.2614809161,0.0
11516,ncaa_direct,2024-25,2025,2025-26,2026,Amarion Nimmers,Tampa,,31,23.0,816.0,26.323,441,14.226,164,393.0,77,209.0,36,64.0,108,40,39,41,3,,11.0,amarionnimmers,matched,1,amarionnimmers,1,0,Amarion Nimmers,FIU,CUSA,2026,135332,bt_pid:135332,2,8.38,1.6,-10.2551,75.0,/Users/adriankong/Desktop/TROP/trank_final_data_2026_with_pbp.csv,unmatched,,,,,,,,,,,,,,,,,,,,unmatched,,,,,,,,,,,,,,,,amarion nimmers,tampa,2025.0,135332,2026.0,,,,,,,,,mid_major,75.0,51.658163,52.480008,16.326531,0.530612,1.025641,8.493771,8.250081,23.060109,4.589639,8.879328,0.343189,2.45938,21.201923,1.971154,3.221154,5.192308,1.923077,1.875,1.971154,0.144231,0.37,0.563,10.414433,combined_exact,combined_player_database,archetype_exact_name_team_season,0.0,0.4889439395,0.8835754953,0.1164245047,0.4889439395,0.0676040814,0.0670996705,0.0,0.3763523087,0.0
11536,ncaa_direct,2024-25,2025,2025-26,2026,Tyler Johnson,Thomas More,,19,4.0,306.0,16.105,29,1.526,13,34.0,0,6.0,3,7.0,63,12,8,3,6,,21.0,tylerjohnson,matched_prior_d1_experience,1,tylerjohnson,1,2,Tyler Johnson,Virginia Tech,ACC,2026,127923,bt_pid:127923,17,26.2471,8.0,7.39522,77.0,/Users/adriankong/Desktop/TROP/trank_final_data_2026_with_pbp.csv,exact_name_team_season,1.0,896.0,High,"Johnson, Tyler",Virginia Tech,Atlantic Coast Conference,5165275.0,6-5,So,WG,17.0,0.3442,0.3476,130.0511,0.136,2.2018,1.6262,0.094,1.5322,exact_name_team_season,1.0,555.0,Tyler Johnson,Virginia Tech,2.19,1.04,3.23,772.0,2.34,1.22,3.55,117.1,102.7,14.4,105.0,tyler johnson,thomas more,2025.0,127923,2026.0,2.45537,2.77939,7.39522,3.56138,3.83383,4.24686,1.56234,2.68452,power_4,,38.235294,39.104639,20.588235,0.176471,1.5,17.746229,6.173542,7.87812,13.202797,11.863935,2.236343,0.597215,3.7908496732026142,,,8.235294117647058,1.5686274509803921,1.0457516339869282,0.39215686274509803,0.7843137254901961,0.0,0.4285714285714285,,alt_exact_name_team_season,step26_height_class_advanced_export,archetype_exact_name_team_season,0.0,0.8210822229,0.5615739366,0.4384260634,0.0,0.0,0.0,0.8210822229,0.1789177771,0.0
11547,ncaa_direct,2024-25,2025,2025-26,2026,Jikari Johnson,Trevecca Nazarene,,28,28.0,867.0,30.964,580,20.714,191,400.0,81,196.0,117,155.0,136,34,44,31,20,,3.0,jikarijohnson,matched,1,jikarijohnson,1,0,Jikari Johnson,Chattanooga,SC,2026,134903,bt_pid:134903,26,13.7414,6.6897,-1.8675,76.0,/Users/adriankong/Desktop/TROP/trank_final_data_2026_with_pbp.csv,exact_name_team_season,1.0,1775.0,Low,"Johnson, Jikari",Chattanooga,Southern Conference,5116435.0,6-4,Sr,WG,26.0,0.3019,0.2957,120.1823,0.218,1.4428,-0.297,0.7225,-1.0195,exact_name_team_season,1.0,1827.0,Jikari Johnson,Chattanooga,0.37,-0.51,-0.13,587.0,1.44,-0.38,1.06,100.9,113.2,-12.3,-37.0,jikari johnson,trevecca nazarene,2025.0,134903,2026.0,1.12066,0.76519,-1.8675,1.27635,-3.14385,1.38298,3.26045,-1.87748,mid_major,,57.875,61.939342,38.75,0.49,0.772727,8.590394,7.603678,28.171666,4.0284,11.955715,1.97634,1.889933,26.758938869665513,,,6.2745098039215685,1.5686274509803921,2.029988465974625,1.4302191464821223,0.922722029988466,0.413265306122449,0.7548387096774194,,alt_exact_name_team_season,step26_height_class_advanced_export,archetype_exact_name_team_season,0.0,0.411003186,1.0,0.0,0.411003186,0.2289556491,0.1075027418,0.0,0.2525384232,0.0
11548,ncaa_direct,2024-25,2025,2025-26,2026,Mateo Esmeraldo,Trevecca Nazarene,,29,29.0,888.0,30.621,301,10.379,100,199.0,15,62.0,86,94.0,127,192,72,32,0,,1.0,mateoesmeraldo,matched,1,mateoesmeraldo,1,0,Mateo Esmeraldo,Lipscomb,ASun,2026,77033,bt_pid:77033,30,30.1,9.875,1.14145,72.0,/Users/adriankong/Desktop/TROP/trank_final_data_2026_with_pbp.csv,exact_name_team_season,1.0,831.0,Low,"Esmeraldo, Mateo",Lipscomb,ASUN Conference,5107530.0,6-0,Jr,PG,28.0,0.7225,0.7175,122.5797,0.2038,1.7907,1.776,0.0113,1.7647,exact_name_team_season,1.0,480.0,Mateo Esmeraldo,Lipscomb,3.32,0.28,3.6,1646.0,3.67,0.42,4.09,107.4,106.2,1.3,62.0,mateo esmeraldo,trevecca nazarene,2025.0,77033,2026.0,2.67564,2.71545,1.14145,1.52164,-0.380185,1.6403,0.945044,0.695251,mid_major,,54.020101,62.614412,47.236181,0.311558,2.666667,23.050327,34.793857,16.819915,2.544464,11.927941,0.0,1.909986,13.558558558558559,,,5.7207207207207205,8.64864864864865,3.2432432432432434,1.4414414414414414,0.0,0.2419354838709677,0.9148936170212766,,alt_exact_name_team_season,step26_height_class_advanced_export,archetype_exact_name_team_season,0.0,0.970416092,0.9671970956,0.0328029044,0.0,0.029583908,0.0,0.0,0.0,0.970416092
11549,ncaa_direct,2024-25,2025,2025-26,2026,NaVuan Peterson,Trevecca Nazarene,,18,16.0,478.0,26.556,182,10.111,63,144.0,13,50.0,43,57.0,135,24,41,18,21,,4.0,navuanpeterson,matched,1,navuanpeterson,1,0,NaVuan Peterson,Gardner Webb,BSth,2026,133974,bt_pid:133974,25,13.1704,3.1481,-3.83588,78.0,/Users/adriankong/Desktop/TROP/trank_final_data_2026_with_pbp.csv,exact_name_team_season,1.0,2535.0,Low,"Peterson, NaVuan",Gardner-Webb,Big South Conference,5180944.0,6-6,Sr,S-PF,25.0,0.292,0.2859,95.6467,0.1515,-2.3761,-1.4135,2.0379,-3.4514,exact_name_team_season,1.0,2494.0,NaVuan Peterson,Gardner-Webb,-0.87,-0.81,-1.68,604.0,-0.96,-0.17,-1.13,95.1,122.3,-27.2,-156.0,navuan peterson,trevecca nazarene,2025.0,133974,2026.0,0.041649,0.540399,-3.83588,-1.7128,-2.12307,-3.92667,-2.14903,-1.77764,mid_major,,48.263889,53.820677,39.583333,0.347222,0.585366,19.516375,8.39357,21.131949,7.842721,21.240675,3.795185,2.006962,15.230125523012552,,,11.297071129707113,2.00836820083682,3.430962343096234,1.506276150627615,1.7573221757322175,0.26,0.7543859649122807,,alt_exact_name_team_season,step26_height_class_advanced_export,archetype_exact_name_team_season,0.0,0.3479606668,0.9236457186,0.0763542814,0.2513758931,0.3479606668,0.0600514626,0.3208142136,0.019797764,0.0
11555,ncaa_direct,2024-25,2025,2025-26,2026,Kobi Williams,Truman St.,,29,29.0,882.0,30.414,421,14.517,139,286.0,54,139.0,89,105.0,151,65,42,14,14,,1.0,kobiwilliams,matched,1,kobiwilliams,1,0,Kobi Williams,Missouri St.,CUSA,2026,133828,bt_pid:133828,30,35.5,14.4242,-0.52914,76.0,/Users/adriankong/Desktop/TROP/trank_final_data_2026_with_pbp.csv,exact_name_team_season,1.0,1531.0,Medium,"Williams, Kobi",Missouri St.,Conference USA,5190926.0,6-4,Jr,WG,30.0,0.8594,0.8569,113.6112,0.1844,0.6303,0.7133,1.0931,-0.3797999999999999,exact_name_team_season,1.0,1391.0,Kobi Williams,Missouri State,1.75,-0.94,0.81,1802.0,2.06,-0.79,1.27,106.6,109.8,-3.2,-10.0,kobi williams,truman state,2025.0,133828,2026.0,2.40926,2.25463,-0.52914,1.5963,-2.12544,-0.555523,0.985494,-1.54102,mid_major,,58.041958,63.365443,36.713287,0.486014,1.547619,11.223944,14.675371,22.599984,4.468349,15.185334,1.791832,0.924183,19.09297052154195,,,6.8480725623582765,2.947845804988662,1.9047619047619047,0.6349206349206349,0.6349206349206349,0.3884892086330935,0.8476190476190476,,alt_exact_name_team_season,website_priority_advanced_export,archetype_unique_name_season,0.0,0.4460453827,0.8322241551,0.1677758449,0.2262496895,0.4460453827,0.0320728497,0.0,0.2732516645,0.0223804137
11562,ncaa_direct,2024-25,2025,2025-26,2026,Xavier Hall,Truman St.,,29,29.0,1032.0,35.586,408,14.069,152,312.0,34,78.0,70,82.0,103,168,74,37,0,,30.0,xavierhall,matched,1,xavierhall,1,0,Xavier Hall,Indiana St.,MVC,2026,135133,bt_pid:135133,30,27.7469,7.5938,-3.14042,72.0,/Users/adriankong/Desktop/TROP/trank_final_data_2026_with_pbp.csv,exact_name_team_season,1.0,1171.0,Medium,"Hall, Xavier",Indiana St.,Missouri Valley Conference,5190937.0,6-0,Sr,s-PG,30.0,0.6846,0.681,106.9679,0.1888,-0.1443,-0.5141,-1.1062,0.5921000000000001,exact_name_team_season,1.0,1401.0,Xavier Hall,Indiana State,0.62,0.17,0.79,1443.0,1.2,-0.8,0.4,101.2,103.0,-1.8,-22.0,xavier hall,truman state,2025.0,135133,2026.0,0.802858,2.02306,-3.14042,-1.24234,-1.89808,-3.00274,-2.35708,-0.645656,mid_major,,54.166667,58.607217,26.282051,0.25,2.27027,17.532221,31.8581,21.836119,2.272621,9.291218,0.0,2.092223,15.813953488372093,,,3.992248062015504,6.511627906976744,2.868217054263566,1.434108527131783,0.0,0.4358974358974359,0.8536585365853658,,alt_exact_name_team_season,website_priority_advanced_export,archetype_unique_name_season,0.0,0.8207239906,1.0,0.0,0.1662183981,0.0,0.0,0.0,0.0130576113,0.8207239906
11600,ncaa_direct,2024-25,2025,2025-26,2026,JaJuan Carr,UNC Pembroke,,32,32.0,889.0,27.781,421,13.156,161,292.0,41,90.0,58,83.0,128,103,37,33,11,,3.0,jajuancarr,matched,1,jajuancarr,1,0,Ja'Juan Carr,Elon,CAA,2026,73295,bt_pid:73295,30,25.1031,7.4688,-3.31529,74.0,/Users/adriankong/Desktop/TROP/trank_final_data_2026_with_pbp.csv,exact_name_team_season,1.0,2098.0,Medium,"Carr, Ja'Juan",Elon,Colonial Athletic Association,4702777.0,6-2,Sr,s-PG,30.0,0.6477,0.6403,117.2986,0.1846,0.9489,1.0029,2.8763,-1.8734,exact_name_team_season,1.0,1339.0,Ja'Juan Carr,Elon,2.33,-1.37,0.96,1351.0,2.7,-0.44,2.26,107.8,115.2,-7.4,-42.0,jajuan carr,unc pembroke,2025.0,73295,2026.0,1.49826,1.21031,-3.31529,-0.321151,-2.99414,-2.30982,-0.162498,-2.14732,mid_major,,62.157534,64.075247,28.424658,0.308219,2.783784,10.122565,19.248738,19.343547,2.650257,13.281068,1.38058,2.011148,18.942632170978627,,,5.759280089988751,4.634420697412823,1.6647919010123735,1.4848143982002249,0.4949381327334083,0.4555555555555555,0.6987951807228916,,alt_exact_name_team_season,step26_height_class_advanced_export,archetype_exact_name_team_season,0.0,0.6303798765,0.6671610166,0.3328389834,0.0,0.3696201235,0.0,0.0,0.0,0.6303798765
11609,ncaa_direct,2024-25,2025,2025-26,2026,Davion Cunningham,USC Aiken,,14,12.0,395.0,28.214,234,16.714,81,159.0,18,46.0,54,69.0,77,23,33,10,4,,2.0,davioncunningham,matched,1,davioncunningham,1,0,Davion Cunningham,Morehead St.,OVC,2026,76508,bt_pid:76508,29,26.925,11.4375,-4.14722,75.0,/Users/adriankong/Desktop/TROP/trank_final_data_2026_with_pbp.csv,exact_name_team_season,1.0,2528.0,Low,"Cunningham, Davion",Morehead St.,Ohio Valley Conference,5107477.0,6-3,Jr,WG,28.0,0.6525,0.6516,102.075,0.2531,-1.8578,-1.8617,1.5521,-3.4138,exact_name_team_season,1.0,2328.0,Davion Cunningham,Morehead State,-0.09,-1.16,-1.25,1362.0,-0.56,-0.65,-1.21,103.1,114.1,-11.0,-72.0,davion cunningham,usc aiken,2025.0,76508,2026.0,0.910078,1.41536,-4.14722,-2.02953,-2.11769,-3.38712,-1.39932,-1.9878,mid_major,,53.098592,58.270857,39.15493,0.323944,0.784615,13.50902,10.175702,24.923953,4.435604,17.668018,0.962039,2.525991,23.696202531645568,,,7.7974683544303796,2.329113924050633,3.3417721518987342,1.0126582278481013,0.4050632911392405,0.3565217391304348,0.7769784172661871,,alt_exact_name_team_season,website_priority_advanced_export,archetype_unique_name_season,0.0,0.4795718427,0.9653295525,0.0346704475,0.2861578458,0.4795718427,0.0,0.0,0.2342703115,0.0
11615,ncaa_direct,2024-25,2025,2025-26,2026,Rhyjon Blackwell,USC Aiken,,15,14.0,445.0,29.667,220,14.667,63,162.0,32,91.0,62,72.0,31,28,32,15,1,,1.0,rhyjonblackwell,matched,1,rhyjonblackwell,1,0,Rhyjon Blackwell,Marist,MAAC,2026,76021,bt_pid:76021,30,30.0774,12.0645,-1.89777,72.0,/Users/adriankong/Desktop/TROP/trank_final_data_2026_with_pbp.csv,exact_name_team_season,1.0,1626.0,Low,"Blackwell, Rhyjon",Marist,Metro Atlantic Athletic Conference,5107299.0,6-0,Sr,CG,30.0,0.7607,0.76,105.2283,0.2105,-1.4304,-1.2565,-0.6325,-0.624,exact_name_team_season,1.0,1634.0,Rhyjon Blackwell,Marist,0.45,-0.14,0.3,1519.0,0.55,-1.33,-0.78,101.4,99.1,2.2,124.0,rhyjon blackwell,usc aiken,2025.0,76021,2026.0,1.15445,3.14412,-1.89777,-1.54845,-0.349316,-1.23364,-1.17759,-0.0560459,mid_major,,49.537037,56.924032,43.82716,0.533951,0.926471,14.962155,11.107403,22.661629,2.471956,8.264137,0.231516,2.431536,19.775280898876403,,,2.7865168539325844,2.5168539325842696,2.8764044943820224,1.348314606741573,0.0898876404494382,0.3757225433526011,0.8380281690140845,,alt_exact_name_team_season,website_priority_advanced_export,archetype_unique_name_season,0.0,0.5206473676,0.8896752853,0.1103247147,0.5206473676,0.0423442144,0.0,0.0,0.3881134723,0.0488949457
11616,ncaa_direct,2024-25,2025,2025-26,2026,Simeon German,USC Aiken,,30,28.0,764.0,25.467,227,7.567,86,135.0,0,0.0,55,108.0,248,13,28,14,55,,24.0,simeongerman,matched,1,simeongerman,1,0,Simeon German,The Citadel,SC,2026,135265,bt_pid:135265,27,10.175,1.8214,-8.55253,82.0,/Users/adriankong/Desktop/TROP/trank_final_data_2026_with_pbp.csv,unmatched,,,,,,,,,,,,,,,,,,,,unmatched,,,,,,,,,,,,,,,,simeon german,usc aiken,2025.0,135265,2026.0,-0.383183,0.495781,-8.55253,-6.64689,-1.90564,-9.09774,-6.34259,-2.75514,mid_major,,63.703704,62.184966,80.0,0.0,0.464286,13.300399,2.683668,12.793352,16.980654,18.100257,7.759417,1.037202,11.884816753926701,,,12.984293193717278,0.680628272251309,1.4659685863874345,0.7329842931937173,2.8795811518324608,,0.5092592592592593,,alt_exact_name_team_season,website_priority_advanced_export,archetype_unique_name_season,0.0,0.8870521132,1.0,0.0,0.0,0.088041233,0.0,0.8870521132,0.0,0.0249066537
11623,ncaa_direct,2024-25,2025,2025-26,2026,Lav Cvetkovic',UVA Wise,,30,30.0,912.0,30.4,373,12.433,128,304.0,61,184.0,56,73.0,138,63,55,22,5,,10.0,lavcvetkovic,matched,1,lavcvetkovic,1,0,Lav Cvetkovic',IU Indy,Horz,2026,135190,bt_pid:135190,10,3.875,1.4167,-12.1711,79.0,/Users/adriankong/Desktop/TROP/trank_final_data_2026_with_pbp.csv,unmatched,,,,,,,,,,,,,,,,,,,,unmatched,,,,,,,,,,,,,,,,lav cvetkovic,uva wise,2025.0,135190,2026.0,,,,,,,,,mid_major,,52.047782,55.360227,24.232082,0.59727,1.3125,12.894907,12.236532,20.245789,4.534245,10.828251,0.486168,1.212278,16.359649122807017,,,6.052631578947368,2.763157894736842,2.412280701754386,0.9649122807017544,0.21929824561403508,0.3257142857142857,0.7605633802816901,,alt_exact_name_team_season,website_priority_advanced_export,archetype_unique_name_season,0.0,0.4791983862,0.8431224321,0.1568775679,0.3519509596,0.1627725514,0.0060781028,0.0,0.4791983862,0.0
11633,ncaa_direct,2024-25,2025,2025-26,2026,Judson Bjornstad,Union (TN),,23,23.0,681.0,29.609,229,9.957,81,198.0,25,82.0,42,51.0,112,36,39,18,21,,5.0,judsonbjornstad,matched,1,judsonbjornstad,1,0,Judson Bjornstad,Samford,SC,2026,135395,bt_pid:135395,22,8.7917,2.25,-6.78793,80.0,/Users/adriankong/Desktop/TROP/trank_final_data_2026_with_pbp.csv,unmatched,,,,,,,,,,,,,,,,,,,,unmatched,,,,,,,,,,,,,,,,judson bjornstad,union tn,2025.0,135395,2026.0,-0.336691,0.53327,-6.78793,-5.1525,-1.63543,-6.43192,-4.76512,-1.6668,mid_major,,45.147679,49.817463,24.894515,0.396624,0.916667,15.436069,9.107622,17.979781,5.528754,12.480428,2.685638,1.315439,13.450807635829662,,,6.57856093979442,2.1145374449339207,2.290748898678414,1.0572687224669604,1.2334801762114538,0.2765957446808511,0.8135593220338984,,alt_exact_name_team_season,step26_height_class_advanced_export,archetype_exact_name_team_season,0.0,0.461821285,0.9971479766,0.0028520234,0.15952102,0.032961866,0.0,0.2206829017,0.461821285,0.1250129274
11636,ncaa_direct,2024-25,2025,2025-26,2026,Parker Applegate,Union (TN),,30,30.0,954.0,31.8,368,12.267,121,244.0,33,63.0,93,109.0,266,40,53,14,21,,13.0,parkerapplegate,matched,1,parkerapplegate,1,0,Parker Applegate,Central Arkansas,ASun,2026,134829,bt_pid:134829,27,7.2241,2.1379,-7.80096,80.0,/Users/adriankong/Desktop/TROP/trank_final_data_2026_with_pbp.csv,unmatched,,,,,,,,,,,,,,,,,,,,unmatched,,,,,,,,,,,,,,,,parker applegate,union tn,2025.0,134829,2026.0,-0.218137,0.580362,-7.80096,-5.85819,-1.94277,-8.55021,-7.18378,-1.36643,mid_major,,56.512605,63.219207,41.596639,0.264706,0.735849,15.841703,7.562855,17.617532,7.245804,22.291271,2.020526,0.778709,15.429769392033544,,,11.153039832285115,1.6771488469601676,2.2222222222222223,0.5870020964360587,0.8805031446540881,0.5238095238095238,0.8787878787878788,,alt_exact_name_team_season,step26_height_class_advanced_export,archetype_exact_name_team_season,0.0,0.4894284278,1.0,0.0,0.0,0.4894284278,0.0,0.1541622359,0.3564093363,0.0
11638,ncaa_direct,2024-25,2025,2025-26,2026,Caleb Delzell,Upper Iowa,,30,30.0,774.0,25.8,209,6.967,74,186.0,37,120.0,24,43.0,153,46,33,22,54,,12.0,calebdelzell,matched,1,calebdelzell,1,0,Caleb Delzell,South Dakota St.,Sum,2026,134541,bt_pid:134541,26,9.0321,1.3929,-4.96004,81.0,/Users/adriankong/Desktop/TROP/trank_final_data_2026_with_pbp.csv,unmatched,,,,,,,,,,,,,,,,,,,,unmatched,,,,,,,,,,,,,,,,caleb delzell,upper iowa,2025.0,134541,2026.0,-0.335422,0.643735,-4.96004,-3.71054,-1.2495,-4.7548,-4.45816,-0.296637,mid_major,,49.731183,50.99551,23.11828,0.645161,1.393939,13.870208,9.412072,13.970213,3.547847,17.090197,5.781695,1.493833,10.801033591731267,,,7.906976744186046,2.3772609819121446,1.7054263565891472,1.1369509043927648,2.7906976744186047,0.3083333333333333,0.5581395348837209,,alt_exact_name_team_season,step26_height_class_advanced_export,archetype_exact_name_team_season,0.0,0.5413267324,0.6978773477,0.3021226523,0.3184459113,0.0,0.0,0.5413267324,0.1402273563,0.0
11647,ncaa_direct,2024-25,2025,2025-26,2026,Braxton Williams,Valdosta St.,,32,31.0,782.0,24.438,455,14.219,153,372.0,64,188.0,85,109.0,130,46,48,42,16,,3.0,braxtonwilliams,matched,1,braxtonwilliams,1,0,Braxton Williams,The Citadel,SC,2026,135328,bt_pid:135328,30,29.2333,14.6061,-4.18266,78.0,/Users/adriankong/Desktop/TROP/trank_final_data_2026_with_pbp.csv,exact_name_team_season,1.0,2865.0,Low,"Williams, Braxton",The Citadel,Southern Conference,5314553.0,6-6,Sr,WF,30.0,0.7518,0.7474,103.5406,0.2767,-2.0623,-1.8865,3.8853,-5.7718,exact_name_team_season,1.0,2267.0,Braxton Williams,The Citadel,0.85,-1.98,-1.13,1496.0,1.21,-0.84,0.38,100.8,119.4,-18.6,-214.0,braxton williams,valdosta state,2025.0,135328,2026.0,1.62666,1.01945,-4.18266,0.288973,-4.47163,-1.81028,1.96416,-3.77445,mid_major,,49.731183,54.171826,29.301075,0.505376,0.958333,10.257287,8.808593,25.466058,5.097224,12.6741,1.809609,2.621691,23.273657289002557,,,6.649616368286445,2.3529411764705883,2.455242966751918,2.1483375959079285,0.8184143222506394,0.3404255319148936,0.7798165137614679,,alt_exact_name_team_season,step26_height_class_advanced_export,archetype_exact_name_team_season,0.0,0.5279178021,0.9293263503,0.0706736497,0.5279178021,0.1420630323,0.1443172816,0.1112541784,0.0744477056,0.0
11648,ncaa_direct,2024-25,2025,2025-26,2026,Carlos Hart,Valdosta St.,,32,31.0,861.0,26.906,615,19.219,204,405.0,16,66.0,191,244.0,216,126,73,83,24,,15.0,carloshart,matched,1,carloshart,1,0,Carlos Hart,Eastern Michigan,MAC,2026,78045,bt_pid:78045,17,32.1222,13.0556,0.146804,78.0,/Users/adriankong/Desktop/TROP/trank_final_data_2026_with_pbp.csv,unique_name_season,0.8571,1009.0,Medium,"Hart, Carlos",Eastern Mich.,Mid American Conference,5176654.0,6-6,Sr,WG,17.0,0.4682,0.4647,106.6369,0.2412,-0.5677,-0.4825,-1.633,1.1505,exact_name_team_season,1.0,1026.0,Carlos Hart,Eastern Michigan,0.46,1.28,1.74,962.0,0.38,0.21,0.59,101.0,101.7,-0.7,19.0,carlos hart,valdosta state,2025.0,78045,2026.0,1.78407,2.95053,0.146804,-0.145277,0.292081,0.285313,-0.0410575,0.326371,mid_major,,52.345679,60.016395,60.246914,0.162963,1.726027,12.470958,23.22703,28.814191,6.856896,19.905048,2.45531,4.686414,28.571428571428573,,,10.034843205574912,5.853658536585366,3.391405342624855,3.8559814169570266,1.1149825783972125,0.2424242424242424,0.7827868852459017,,alt_exact_name_team_season,step26_height_class_advanced_export,archetype_exact_name_team_season,0.0,0.5940943431,1.0,0.0,0.0726392989,0.5940943431,0.0,0.0,0.0,0.333266358
11668,ncaa_direct,2024-25,2025,2025-26,2026,Joseph Owens,Virginia St.,,10,0.0,69.0,6.9,26,2.6,11,19.0,0,1.0,4,13.0,20,3,7,7,0,,20.0,josephowens,matched,1,josephowens,1,0,Joseph Owens,Chicago St.,NEC,2026,134538,bt_pid:134538,25,11.1,2.0769,-2.35576,79.0,/Users/adriankong/Desktop/TROP/trank_final_data_2026_with_pbp.csv,unmatched,,,,,,,,,,,,,,,,,,,,unmatched,,,,,,,,,,,,,,,,joseph owens,virginia state,2025.0,134538,2026.0,-0.194476,0.62658,-2.35576,-4.81034,2.45459,-7.95628,-7.35997,-0.596308,mid_major,,64.705882,57.234432,64.705882,0.058824,0.428571,24.271845,9.161749,21.386379,14.994583,13.260334,0.0,4.873083,15.072463768115941,,,11.594202898550725,1.7391304347826086,4.057971014492754,4.057971014492754,0.0,0.0,0.2727272727272727,,alt_exact_name_team_season,step26_height_class_advanced_export,archetype_exact_name_team_season,0.0,1.0,0.4759122664,0.5240877336,0.0,1.0,0.0,0.0,0.0,0.0
11693,ncaa_direct,2024-25,2025,2025-26,2026,Brayden Shorter,Washburn,,34,33.0,1052.0,30.941,524,15.412,179,432.0,118,323.0,48,64.0,135,35,43,32,7,,20.0,braydenshorter,matched,1,braydenshorter,1,0,Brayden Shorter,Murray St.,MVC,2026,135472,bt_pid:135472,33,14.6545,5.7273,-2.68934,77.0,/Users/adriankong/Desktop/TROP/trank_final_data_2026_with_pbp.csv,exact_name_team_season,1.0,1839.0,Medium,"Shorter, Brayden",Murray St.,Missouri Valley Conference,5313872.0,6-5,Jr,WG,33.0,0.3718,0.3618,103.7034,0.1821,-1.1597,-0.3459,0.8317,-1.1776,exact_name_team_season,1.0,2064.0,Brayden Shorter,Murray State,0.83,-1.47,-0.64,873.0,0.24,-1.28,-1.04,111.1,111.7,-0.6,33.0,brayden shorter,washburn,2025.0,135472,2026.0,0.655691,1.01172,-2.68934,0.557643,-3.24698,-2.55845,-0.119992,-2.43846,mid_major,,55.311778,57.13852,14.7806,0.748268,0.813953,8.529038,5.498129,23.069571,3.495483,10.992296,0.746599,1.643119,19.923954372623573,,,5.133079847908745,1.3307984790874525,1.6349809885931559,1.2167300380228137,0.2661596958174905,0.3672839506172839,0.75,,alt_exact_name_team_season,step26_height_class_advanced_export,archetype_exact_name_team_season,0.0,0.4177376935,0.9948485564,0.0051514436,0.4177376935,0.0,0.3683970709,0.0,0.2138652356,0.0
11710,ncaa_direct,2024-25,2025,2025-26,2026,"Rob Lee, Jr.",Wayne St. (MI),,26,25.0,809.0,31.115,428,16.462,137,310.0,50,131.0,104,128.0,106,61,45,22,6,,24.0,roblee,matched,1,roblee,1,0,"Rob Lee, Jr.",Lamar,Slnd,2026,134764,bt_pid:134764,29,28.1968,16.0323,-1.58834,74.0,/Users/adriankong/Desktop/TROP/trank_final_data_2026_with_pbp.csv,exact_name_team_season,1.0,848.0,Low,"Lee, Jr., Rob",Lamar University,Southland Conference,5313558.0,6-2,Jr,CG,28.0,0.6915,0.6884,115.8105,0.2758,2.3432,1.8398,0.1429,1.6969,exact_name_team_season,1.0,1167.0,Rob Lee Jr.,Lamar,2.18,-0.82,1.36,1394.0,3.31,-0.9,2.41,101.8,106.7,-4.9,-13.0,rob lee jr,wayne state mi,2025.0,134764,2026.0,2.675,2.11572,-1.58834,1.42204,-3.01038,1.8139,3.06358,-1.24967,mid_major,,52.258065,58.418869,41.290323,0.422581,1.355556,10.940387,15.730676,26.477274,2.729306,12.101783,0.834606,1.569288,21.1619283065513,,,5.241038318912238,3.016069221260816,2.2249690976514214,1.0877626699629173,0.29666254635352285,0.3816793893129771,0.8125,,alt_exact_name_team_season,website_priority_advanced_export,archetype_unique_name_season,0.0,0.4178938656,0.966209467,0.033790533,0.4178938656,0.2307626167,0.0,0.0,0.2577866408,0.0935568768
11711,ncaa_direct,2024-25,2025,2025-26,2026,Tamario Adley,Wayne St. (MI),,22,21.0,644.0,29.273,309,14.045,100,188.0,14,48.0,95,118.0,131,71,47,41,4,,5.0,tamarioadley,matched,1,tamarioadley,1,0,Tamario Adley,Central Michigan,MAC,2026,133789,bt_pid:133789,29,29.0839,12.8387,1.1498,73.0,/Users/adriankong/Desktop/TROP/trank_final_data_2026_with_pbp.csv,unique_name_season,0.8571,1340.0,Medium,"Adley, Tamario",Central Mich.,Mid American Conference,5313260.0,6-1,Sr,CG,29.0,0.7436,0.7388,111.3975,0.2484,0.7409,1.3853,1.2368,0.1485,exact_name_team_season,1.0,968.0,Tamario Adley,Central Michigan,1.85,0.07,1.93,1458.0,2.26,0.8,3.06,105.5,112.8,-7.2,-63.0,tamario adley,wayne state mi,2025.0,133789,2026.0,2.04245,2.08895,1.1498,1.76743,-0.617622,0.987025,1.40218,-0.415154,mid_major,,56.060606,63.087088,61.111111,0.252525,1.489796,16.320277,22.313371,23.523424,4.370963,18.962111,0.677218,3.559611,19.19254658385093,,,8.136645962732919,4.409937888198757,2.919254658385093,2.546583850931677,0.2484472049689441,0.28,0.7851239669421488,,alt_exact_name_team_season,website_priority_advanced_export,archetype_unique_name_season,0.0,0.4880158442,0.9997364064,0.0002635936,0.1058412645,0.4880158442,0.0,0.0,0.0,0.4061428914
11749,ncaa_direct,2024-25,2025,2025-26,2026,Finley Woodward,West Liberty,,35,35.0,859.0,24.543,375,10.714,165,294.0,4,10.0,41,61.0,164,171,58,34,10,,3.0,finleywoodward,matched,1,finleywoodward,1,0,Finley Woodward,IU Indy,Horz,2026,133850,bt_pid:133850,30,30.725,8.8438,-2.51948,79.0,/Users/adriankong/Desktop/TROP/trank_final_data_2026_with_pbp.csv,exact_name_team_season,1.0,2095.0,Low,"Woodward, Finley",IU Indy,Horizon League,5313210.0,6-7,Sr,WG,30.0,0.7728,0.7712,113.2894,0.1895,0.0682,0.5134,2.3779,-1.8645,exact_name_team_season,1.0,1058.0,Finley Woodward,IU Indy,2.83,-1.17,1.67,1743.0,2.9,0.19,3.09,106.9,117.4,-10.6,-132.0,finley woodward,west liberty,2025.0,133850,2026.0,1.46342,1.55216,-2.51948,-1.25461,-1.26487,-1.65869,-0.662432,-0.996256,mid_major,,56.802721,58.440344,20.748299,0.034014,2.948276,15.309893,27.26078,18.264043,6.230539,13.142918,1.032179,1.882054,17.462165308498253,,,7.636786961583236,7.962747380675204,2.70081490104773,1.5832363213038416,0.46565774155995343,0.4,0.6721311475409836,,alt_exact_name_team_season,step26_height_class_advanced_export,archetype_exact_name_team_season,0.0,0.8266448426,0.8973963995,0.1026036005,0.0,0.0564248891,0.0,0.1169302683,0.0,0.8266448426
11751,ncaa_direct,2024-25,2025,2025-26,2026,JJ Harper,West Liberty,,35,33.0,919.0,26.257,545,15.571,197,400.0,52,142.0,99,131.0,182,99,49,57,51,,13.0,jjharper,matched,1,jjharper,1,0,JJ Harper,Liberty,CUSA,2026,135438,bt_pid:135438,31,26.8882,10.7647,5.00519,77.0,/Users/adriankong/Desktop/TROP/trank_final_data_2026_with_pbp.csv,exact_name_team_season,1.0,655.0,Medium,"Harper, JJ",Liberty,Conference USA,5119095.0,6-5,Sr,WG,31.0,0.6747,0.6875,130.7271,0.1742,3.6108,1.4372,-0.99,2.4272,exact_name_team_season,1.0,740.0,JJ Harper,Liberty,1.57,1.07,2.64,1388.0,2.81,1.14,3.95,111.2,106.7,4.5,53.0,jj harper,west liberty,2025.0,135438,2026.0,3.27106,2.17902,5.00519,3.87405,1.13114,3.82197,2.7463,1.07567,mid_major,,55.75,59.54462,32.75,0.355,2.020408,9.671562,15.487136,23.141173,7.190888,13.137355,4.98735,2.989322,23.721436343852012,,,7.921653971708379,4.309031556039173,2.132752992383025,2.4809575625680087,2.2198041349292708,0.3661971830985915,0.7557251908396947,,alt_exact_name_team_season,step26_height_class_advanced_export,archetype_exact_name_team_season,0.0,0.3517405724,0.8391117336,0.1608882664,0.3517405724,0.1072541846,0.0,0.3021741398,0.0,0.2388311032
11753,ncaa_direct,2024-25,2025,2025-26,2026,Kameron Tinsley,West Liberty,,34,2.0,715.0,21.029,374,11.0,121,237.0,63,141.0,69,88.0,155,51,37,37,17,,20.0,kamerontinsley,matched,1,kamerontinsley,1,0,Kameron Tinsley,IU Indy,Horz,2026,134461,bt_pid:134461,27,17.531,7.8621,-2.81539,78.0,/Users/adriankong/Desktop/TROP/trank_final_data_2026_with_pbp.csv,exact_name_team_season,1.0,2327.0,Low,"Tinsley, Kameron",IU Indy,Horizon League,5313214.0,6-6,So,S-PF,27.0,0.4046,0.4013,108.2785,0.1828,-0.8796,-0.4814,2.1814,-2.6628,exact_name_team_season,1.0,2047.0,Kameron Tinsley,IU Indy,0.63,-1.23,-0.59,906.0,0.7,0.17,0.88,104.0,120.2,-16.2,-106.0,kameron tinsley,west liberty,2025.0,134461,2026.0,0.729626,0.927361,-2.81539,-0.56654,-2.24885,-3.60725,-1.77436,-1.83289,mid_major,,64.345992,67.822429,37.130802,0.594937,1.378378,11.831671,9.53463,18.211264,4.515649,17.769224,2.119567,2.473991,20.923076923076923,,,8.671328671328672,2.8531468531468533,2.06993006993007,2.06993006993007,0.951048951048951,0.4468085106382978,0.7840909090909091,,alt_exact_name_team_season,step26_height_class_advanced_export,archetype_exact_name_team_season,0.0,0.4286603019,0.6885778504,0.3114221496,0.272680058,0.4286603019,0.1247405047,0.1739191355,0.0,0.0
11754,ncaa_direct,2024-25,2025,2025-26,2026,Kyler D'Augustino,West Liberty,,35,35.0,1004.0,28.686,606,17.314,241,511.0,38,135.0,86,108.0,133,74,49,55,7,,12.0,kylerdaugustino,matched,1,kylerdaugustino,1,0,Kyler D'Augustino,IU Indy,Horz,2026,135449,bt_pid:135449,28,32.3367,18.4667,-1.19778,73.0,/Users/adriankong/Desktop/TROP/trank_final_data_2026_with_pbp.csv,exact_name_team_season,1.0,1974.0,Low,"D'Augustino, Kyler",IU Indy,Horizon League,5313212.0,6-1,Jr,CG,28.0,0.7746,0.7739,118.6442,0.2453,1.7667,0.8869,2.3821,-1.4952,exact_name_team_season,1.0,1543.0,Kyler D'Augustino,IU Indy,2.11,-1.62,0.49,1752.0,3.33,-0.46,2.87,104.2,117.5,-13.3,-166.0,kyler d augustino,west liberty,2025.0,135449,2026.0,2.99379,1.50847,-1.19778,1.81236,-3.01014,-0.21385,2.05203,-2.26588,mid_major,,50.880626,54.250519,21.135029,0.264188,1.510204,8.065578,10.961408,25.330085,5.780294,7.716707,0.624867,2.632999,24.143426294820717,,,5.298804780876494,2.948207171314741,1.952191235059761,2.191235059760956,0.2788844621513944,0.2814814814814815,0.7962962962962963,,alt_exact_name_team_season,step26_height_class_advanced_export,archetype_exact_name_team_season,0.0,0.3071661339,0.8997876435,0.1002123565,0.2934371461,0.2393582523,0.0,0.0,0.3071661339,0.1600384677
11757,ncaa_direct,2024-25,2025,2025-26,2026,Ahamed Mohammed,West Tex. A&M,,27,27.0,912.0,33.778,502,18.593,165,405.0,39,119.0,133,172.0,130,82,47,27,5,,21.0,ahamedmohammed,matched,1,ahamedmohammed,1,0,Ahamed Mohammed,Stephen F. Austin,Slnd,2026,134997,bt_pid:134997,32,15.8,4.3824,-1.98186,73.0,/Users/adriankong/Desktop/TROP/trank_final_data_2026_with_pbp.csv,unique_name_season,0.3158,1373.0,Low,"Mohammed, Ahamed",SFA,Southland Conference,,,,CG,32.0,0.3782,0.3992,104.2813,0.1821,-1.217,-0.1666,-0.2039,0.0373,exact_name_team_season,1.0,1726.0,Ahamed Mohammed,Stephen F. Austin,0.57,-0.48,0.08,818.0,-0.12,-0.71,-0.83,109.3,104.6,4.7,29.0,ahamed mohammed,west tex a and m,2025.0,134997,2026.0,0.307377,1.50082,-1.98186,-1.79934,-0.182522,-1.63427,-2.59372,0.959457,mid_major,,46.16307,52.483618,42.206235,0.297362,1.6875,8.848905,18.673424,28.120213,3.415857,12.47549,0.543318,1.607697,22.017543859649123,,,5.701754385964913,3.5964912280701755,2.06140350877193,1.1842105263157894,0.21929824561403508,0.3467741935483871,0.7613636363636364,,alt_exact_name_team_season,step26_height_class_advanced_export,archetype_exact_name_team_season,0.0,0.316060033,0.9934139469,0.0065860531,0.316060033,0.2844846785,0.0,0.0,0.1616047419,0.2378505466
11766,ncaa_direct,2024-25,2025,2025-26,2026,Narit Chotikavanic,West Tex. A&M,,32,11.0,655.0,20.469,351,10.969,111,271.0,51,142.0,78,94.0,111,46,21,29,2,,6.0,naritchotikavanic,matched,1,naritchotikavanic,1,0,Narit Chotikavanic,Stephen F. Austin,Slnd,2026,133774,bt_pid:133774,32,22.5088,9.5588,2.38323,74.0,/Users/adriankong/Desktop/TROP/trank_final_data_2026_with_pbp.csv,unique_name_season,0.3158,932.0,Low,"Chotikavanic, Narit",SFA,Southland Conference,,,,WG,32.0,0.5789,0.5732,117.0128,0.1714,0.9934,0.4655,-0.9341,1.3996,exact_name_team_season,1.0,759.0,Narit Chotikavanic,Stephen F. Austin,2.22,0.37,2.59,1220.0,2.66,-0.41,2.25,110.5,101.4,9.2,170.0,narit chotikavanic,west tex a and m,2025.0,133774,2026.0,1.91984,2.36713,2.38323,2.61603,-0.2328,3.58874,2.50055,1.08819,mid_major,,50.369004,56.265985,35.055351,0.531365,2.368421,5.726341,13.979995,24.085904,3.240239,15.071615,0.304322,2.418009,21.435114503816795,,,6.778625954198473,2.8091603053435112,1.282442748091603,1.7709923664122138,0.12213740458015267,0.3680555555555556,0.8315789473684211,,alt_exact_name_team_season,step26_height_class_advanced_export,archetype_exact_name_team_season,0.0,0.5050478666,0.5798958073,0.4201041927,0.4949521334,0.5050478666,0.0,0.0,0.0,0.0
11768,ncaa_direct,2024-25,2025,2025-26,2026,Noah Pagotto,West Tex. A&M,,32,31.0,857.0,26.781,422,13.188,142,294.0,20,74.0,118,168.0,188,37,56,21,18,,13.0,noahpagotto,matched,1,noahpagotto,1,0,Noah Pagotto,East Texas A&M,Slnd,2026,133904,bt_pid:133904,30,26.0938,10.375,1.21561,79.0,/Users/adriankong/Desktop/TROP/trank_final_data_2026_with_pbp.csv,exact_name_team_season,1.0,1272.0,Low,"Pagotto, Noah",East Texas A&M,Southland Conference,5313493.0,6-7,Jr,WF,30.0,0.6461,0.6594,121.6468,0.1837,2.2052,0.5745,0.2625,0.312,exact_name_team_season,1.0,1536.0,Noah Pagotto,East Texas A&M,0.69,-0.18,0.5,1338.0,1.88,0.41,2.29,97.6,111.2,-13.5,-162.0,noah pagotto,west tex a and m,2025.0,133904,2026.0,2.17303,2.14176,1.21561,0.58788,0.627728,0.63926,0.567232,0.0720278,mid_major,,51.858108,57.648587,56.418919,0.243243,0.631579,13.365222,8.69142,23.953327,6.207857,18.551787,1.765938,1.419264,19.69661610268378,,,8.774795799299884,1.7269544924154026,2.6137689614935824,0.9801633605600933,0.8401400233372228,0.2638888888888889,0.7125748502994012,,alt_exact_name_team_season,step26_height_class_advanced_export,archetype_exact_name_team_season,0.0,0.6417603683,0.9909121438,0.0090878562,0.0,0.6417603683,0.0,0.0282389501,0.3300006816,0.0
11771,ncaa_direct,2024-25,2025,2025-26,2026,Arthur Cox,West Virginia St.,,25,25.0,749.0,29.96,292,11.68,100,204.0,12,44.0,80,121.0,154,53,46,34,12,,5.0,arthurcox,matched,1,arthurcox,1,0,Arthur Cox,Fairleigh Dickinson,NEC,2026,135104,bt_pid:135104,27,20.0552,8.7586,-3.35477,80.0,/Users/adriankong/Desktop/TROP/trank_final_data_2026_with_pbp.csv,exact_name_team_season,1.0,1771.0,Low,"Cox, Arthur",FDU,Northeast Conference,5313938.0,6-8,Sr,S-PF,27.0,0.4817,0.4565,106.9028,0.2561,-0.6877,0.112,1.1277,-1.0156999999999998,exact_name_team_season,1.0,1822.0,Arthur Cox,Fairleigh Dickinson,1.07,-1.2,-0.13,874.0,0.97,-1.17,-0.2,102.6,115.2,-12.6,6.0,arthur cox,west virginia state,2025.0,135104,2026.0,1.13586,0.944804,-3.35477,-0.581245,-2.77352,-1.91356,0.60898,-2.52254,mid_major,,51.960784,56.756336,59.313725,0.215686,1.152174,15.169503,11.753996,18.051019,6.636423,13.002748,1.439775,2.253519,15.594125500667557,,,8.22429906542056,2.8304405874499334,2.456608811748999,1.8157543391188251,0.6408544726301736,0.2727272727272727,0.6611570247933884,,alt_exact_name_team_season,step26_height_class_advanced_export,archetype_exact_name_team_season,0.0,0.3750544655,0.9185010004,0.0814989996,0.0,0.3750544655,0.0,0.0882502267,0.2592869299,0.277408378
11777,ncaa_direct,2024-25,2025,2025-26,2026,Jae Slack,West Virginia St.,,27,26.0,847.0,31.37,493,18.259,166,366.0,42,135.0,119,147.0,121,32,54,22,4,,8.0,jaeslack,matched,1,jaeslack,1,0,Jae Slack,North Carolina Central,MEAC,2026,78530,bt_pid:78530,28,20.8258,8.7419,-7.75375,78.0,/Users/adriankong/Desktop/TROP/trank_final_data_2026_with_pbp.csv,exact_name_team_season,1.0,2526.0,Low,"Slack, Jae",N.C. Central,Mid-Eastern Athletic Conference,5314189.0,6-6,Sr,WG,26.0,0.5287,0.5205,104.9974,0.22,-1.802,-0.7582,2.6428,-3.401,exact_name_team_season,1.0,2816.0,Jae Slack,North Carolina Central,-0.29,-2.62,-2.9,996.0,-0.61,-1.84,-2.45,100.2,119.2,-19.1,-53.0,jae slack,west virginia state,2025.0,78530,2026.0,0.74954,0.585543,-7.75375,-2.04494,-5.70882,-6.75466,-2.23466,-4.52,mid_major,,51.092896,57.119591,39.617486,0.368852,0.592593,11.161637,6.975457,25.395395,3.65753,9.843386,0.423202,1.285816,23.282172373081465,,,5.714285714285714,1.511216056670602,2.550177095631641,1.0389610389610389,0.18890200708382526,0.3111111111111111,0.8068965517241379,,alt_exact_name_team_season,step26_height_class_advanced_export,archetype_exact_name_team_season,0.0,0.5493933485,1.0,0.0,0.2091780445,0.241428607,0.0,0.0,0.5493933485,0.0
11779,ncaa_direct,2024-25,2025,2025-26,2026,Kenyon Giles,West Virginia St.,,28,20.0,484.0,17.286,299,10.679,96,227.0,32,91.0,75,95.0,70,38,54,27,4,,7.0,kenyongiles,matched_prior_d1_experience,1,kenyongiles,1,1,Kenyon Giles,Wichita St.,Amer,2026,75999,bt_pid:75999,35,36.1778,19.1389,3.56951,70.0,/Users/adriankong/Desktop/TROP/trank_final_data_2026_with_pbp.csv,exact_name_team_season,1.0,323.0,High,"Giles, Kenyon",Wichita St.,American Athletic Conference,5107508.0,5-10,Sr,WG,35.0,0.8933,0.8906,118.8771,0.2363,2.8919,2.2298,-1.9194,4.1492,exact_name_team_season,1.0,375.0,Kenyon Giles,Wichita State,3.12,0.93,4.05,2190.0,3.09,0.29,3.39,110.2,98.0,12.2,226.0,kenyon giles,west virginia state,2025.0,75999,2026.0,3.65872,3.90565,3.56951,3.0022,0.567314,5.49374,3.60058,1.89316,mid_major,,49.339207,55.61756,41.85022,0.400881,0.703704,16.728625,14.405232,29.422328,2.752101,10.706127,0.734855,2.740151,24.710743801652892,,,5.785123966942149,3.1404958677685952,4.462809917355372,2.231404958677686,0.3305785123966942,0.3516483516483517,0.7894736842105263,,alt_exact_name_team_season,step26_height_class_advanced_export,archetype_exact_name_team_season,0.0,0.7005516933,0.8164730718,0.1835269282,0.7005516933,0.1863626204,0.1130856863,0.0,0.0,0.0
11786,ncaa_direct,2024-25,2025,2025-26,2026,Grant Kepley,Western Wash.,,27,27.0,892.0,33.037,399,14.778,142,273.0,38,86.0,77,100.0,128,109,72,37,8,,2.0,grantkepley,matched,1,grantkepley,1,0,Grant Kepley,Montana,BSky,2026,134905,bt_pid:134905,25,21.3929,6.2143,-3.58101,76.0,/Users/adriankong/Desktop/TROP/trank_final_data_2026_with_pbp.csv,exact_name_team_season,1.0,2494.0,Low,"Kepley, Grant",Montana,Big Sky Conference,5315596.0,6-4,So,s-PG,25.0,0.4637,0.4586,96.5795,0.2065,-2.8054,-2.6631,0.5717,-3.2348,exact_name_team_season,1.0,2270.0,Grant Kepley,Montana,-0.67,-0.46,-1.13,981.0,-1.5,-0.05,-1.55,103.2,107.7,-4.5,-14.0,grant kepley,western wash,2025.0,134905,2026.0,0.0966698,1.88195,-3.58101,-3.09445,-0.48656,-3.98372,-3.89872,-0.0850087,mid_major,,58.935361,63.211544,33.840304,0.319392,1.536232,18.590365,21.040724,20.876201,4.725045,11.994048,0.90379,2.331736,17.89237668161435,,,5.739910313901345,4.887892376681615,3.2286995515695067,1.6591928251121075,0.35874439461883406,0.4523809523809524,0.8089887640449438,,alt_exact_name_team_season,website_priority_advanced_export,archetype_unique_name_season,0.0,0.47154437,1.0,0.0,0.1503094384,0.2093261091,0.0,0.0,0.1688200825,0.47154437
11789,ncaa_direct,2024-25,2025,2025-26,2026,Tijan Saine,Western Wash.,,23,21.0,745.0,32.391,398,17.304,126,271.0,40,101.0,106,118.0,65,93,36,31,1,,3.0,tijansaine,matched,1,tijansaine,1,0,Tijan Saine Jr.,Weber St.,BSky,2026,134860,bt_pid:134860,30,32.6219,17.5312,1.38879,70.0,/Users/adriankong/Desktop/TROP/trank_final_data_2026_with_pbp.csv,exact_name_team_season,1.0,1649.0,Low,"Saine Jr., Tijan",Weber St.,Big Sky Conference,5313292.0,5-10,Jr,s-PG,30.0,0.8306,0.8208,127.132,0.2512,4.5057,1.4024,2.0857,-0.6833,exact_name_team_season,1.0,799.0,Tijan Saine Jr.,Weber State,3.91,-1.46,2.45,1756.0,4.44,-0.65,3.79,107.0,112.9,-5.9,-10.0,tijan saine,western wash,2025.0,134860,2026.0,4.22302,2.05127,1.38879,4.42067,-3.03189,3.12037,4.45219,-1.33182,mid_major,,53.874539,61.62517,43.542435,0.372694,2.583333,10.03009,21.566115,23.17853,1.755164,8.171769,0.129711,2.305348,21.369127516778523,,,3.48993288590604,4.993288590604027,1.9328859060402686,1.6644295302013423,0.053691275167785234,0.396039603960396,0.8983050847457628,,alt_exact_name_team_season,website_priority_advanced_export,archetype_unique_name_season,0.0,0.6433372687,0.8202822757,0.1797177243,0.2582906084,0.0757835847,0.0,0.0,0.0225885382,0.6433372687
11822,ncaa_direct,2024-25,2025,2025-26,2026,Kendall Taylor,Wingate,,27,27.0,973.0,36.037,660,24.444,213,398.0,33,89.0,201,231.0,220,124,79,42,17,,23.0,kendalltaylor,matched,1,kendalltaylor,1,0,Kendall Taylor,Charleston,CAA,2026,134176,bt_pid:134176,9,11.41,1.9,-12.3466,77.0,/Users/adriankong/Desktop/TROP/trank_final_data_2026_with_pbp.csv,unmatched,,,,,,,,,,,,,,,,,,,,unmatched,,,,,,,,,,,,,,,,kendall taylor,wingate,2025.0,134176,2026.0,-1.53922,0.813781,-12.3466,-9.85859,-2.488,-16.6799,-12.1674,-4.51249,mid_major,,57.663317,66.047554,58.040201,0.223618,1.56962,13.652703,25.67675,28.810784,5.493211,19.704684,1.945512,2.307447,27.132579650565262,,,9.044193216855087,5.097636176772867,3.247687564234327,1.7266187050359711,0.6988694758478932,0.3707865168539326,0.8701298701298701,,alt_exact_name_team_season,step26_height_class_advanced_export,archetype_exact_name_team_season,0.0,0.5757837381,1.0,0.0,0.1361756974,0.5757837381,0.0,0.0,0.0,0.2880405645
11829,ncaa_direct,2024-25,2025,2025-26,2026,Jhei-R Jones,Winona St.,,32,31.0,1100.0,34.375,349,10.906,114,277.0,39,142.0,82,102.0,144,99,57,42,5,,3.0,jheirjones,matched,1,jheirjones,1,0,Jhei-R Jones,William & Mary,CAA,2026,134900,bt_pid:134900,22,17.7333,5.4167,-1.44219,72.0,/Users/adriankong/Desktop/TROP/trank_final_data_2026_with_pbp.csv,exact_name_team_season,1.0,1731.0,Medium,"Jones, Jhei-R",William & Mary,Colonial Athletic Association,5312328.0,6-0,Sr,s-PG,22.0,0.341,0.3405,107.5205,0.1594,-0.6286,-0.8222,0.105,-0.9272,exact_name_team_season,1.0,1617.0,Jhei-R Jones,William & Mary,0.31,0.03,0.34,750.0,0.18,-0.51,-0.33,105.3,105.7,-0.4,7.0,jhei r jones,winona state,2025.0,134900,2026.0,0.642325,1.51634,-1.44219,-0.435376,-1.00681,-1.69589,-1.69033,-0.00556096,mid_major,,48.194946,54.21275,36.823105,0.512635,1.736842,15.044341,16.736617,18.363027,1.839005,12.726223,0.597475,2.222446,12.690909090909091,,,5.236363636363636,3.6,2.0727272727272728,1.5272727272727273,0.18181818181818182,0.2746478873239437,0.803921568627451,,alt_exact_name_team_season,step26_height_class_advanced_export,archetype_exact_name_team_season,0.0,0.3718038346,0.8854551255,0.1145448745,0.22801483,0.1382358487,0.0,0.0,0.2619454867,0.3718038346
11830,ncaa_direct,2024-25,2025,2025-26,2026,Luke Haertle,Winona St.,,33,32.0,1138.0,34.485,568,17.212,193,434.0,39,135.0,143,197.0,226,116,80,56,14,,7.0,lukehaertle,matched,1,lukehaertle,1,0,Luke Haertle,South Dakota St.,Sum,2026,77277,bt_pid:77277,27,15.0833,3.7667,-4.14176,75.0,/Users/adriankong/Desktop/TROP/trank_final_data_2026_with_pbp.csv,exact_name_team_season,1.0,2384.0,Medium,"Haertle, Luke",South Dakota St.,Summit League,5105862.0,6-3,Jr,WG,27.0,0.3451,0.3456,92.8546,0.1926,-3.385,-2.9649,-0.1353,-2.8296,exact_name_team_season,1.0,1946.0,Luke Haertle,South Dakota State,-0.69,0.29,-0.4,678.0,-1.76,-0.03,-1.79,104.7,108.2,-3.5,-5.0,luke haertle,winona state,2025.0,77277,2026.0,-0.249799,1.26254,-4.14176,-3.91257,-0.229189,-3.13581,-3.05205,-0.0837598,mid_major,,48.963134,54.544058,45.391705,0.31106,1.45,13.318239,21.541046,28.078579,5.112336,17.242157,1.613494,2.85798,19.964850615114237,,,7.943760984182777,4.077328646748682,2.81195079086116,1.968365553602812,0.492091388400703,0.2888888888888888,0.7258883248730964,,alt_exact_name_team_season,step26_height_class_advanced_export,archetype_exact_name_team_season,0.0,0.4304472496,1.0,0.0,0.3696153467,0.4304472496,0.0,0.0,0.0,0.1999374037
11832,ncaa_direct,2024-25,2025,2025-26,2026,Tyler Mason,Winona St.,,33,33.0,1087.0,32.939,316,9.576,107,254.0,59,157.0,43,59.0,107,55,56,30,8,,22.0,tylermason,matched,1,tylermason,1,0,Tyler Mason,Alabama St.,SWAC,2026,134543,bt_pid:134543,21,11.8727,5.0455,-6.63133,81.0,/Users/adriankong/Desktop/TROP/trank_final_data_2026_with_pbp.csv,unmatched,,,,,,,,,,,,,,,,,,,,unmatched,,,,,,,,,,,,,,,,tyler mason,winona state,2025.0,134543,2026.0,0.620123,0.704374,-6.63133,-2.49523,-4.1361,-5.45412,-2.45878,-2.99534,mid_major,,53.740157,56.436634,23.228346,0.61811,0.982143,16.668651,9.317662,16.475274,2.189104,8.891002,0.967258,1.606222,11.628334866605336,,,3.937442502299908,2.0239190432382705,2.060717571297148,1.1039558417663293,0.29438822447102114,0.375796178343949,0.7288135593220338,,alt_exact_name_team_season,step26_height_class_advanced_export,archetype_exact_name_team_season,0.0,0.6559313796,0.9236230622,0.0763769378,0.2330862025,0.0,0.0,0.0,0.6559313796,0.110982418
15298,ncaa_direct,2023-24,2024,2024-25,2025,"Sanders, Kobe",CUI,,26,26.0,802.0,30.8,259,10.0,89,211.0,49,126.0,32,38.0,45,70,47,18,2,https://cuigoldeneagles.com/sports/mens-basketball/stats/2023-24,,sanderskobe|kobesanders,matched_prior_d1_experience,1,kobesanders,1,1,Kobe Sanders,Nevada,MWC,2025,73493,bt_pid:73493,33,31.6818,15.8485,4.41552,81.0,/Users/adriankong/Desktop/TROP/trank_final_data_2025_with_pbp.csv,exact_name_team_season,1.0,109.0,Medium,"Sanders, Kobe",Nevada,Mountain West Conference,4702352.0,6-9,Sr,CG,33.0,0.788,0.7918,119.0491,0.2811,5.1053,5.7543,-0.6294,6.383699999999999,exact_name_team_season,1.0,183.0,Kobe Sanders,Nevada,4.63,0.84,5.47,1717.0,4.63,1.06,5.69,114.4,101.7,12.7,168.0,sanders kobe,cui,2024.0,73493,2025.0,4.39489,3.15722,4.41552,4.4859,-0.0703796,6.07641,5.10639,0.970025,mid_major,72.0,53.791469,56.868084,18.009479,0.597156,1.489362,17.108328,18.313918,18.920362,0.629465,6.788144,0.260338,1.340068,12.917706,0.199501,2.044888,2.244389,3.491272,2.34414,0.897756,0.099751,0.389,0.842,8.644664,combined_exact,combined_player_database,archetype_exact_name_team_season,0.0,0.3792350761,0.8949934295,0.1050065705,0.2673072991,0.0,0.0528804088,0.0,0.3792350761,0.3005772161
15331,ncaa_direct,2023-24,2024,2024-25,2025,"Johnston, Charles",Cal St. Monterey Bay,,26,26.0,724.0,27.8,339,13.0,131,220.0,20,53.0,57,94.0,278,22,44,12,19,https://otterathletics.com/sports/mens-basketball/stats/2023-24,,johnstoncharles|charlesjohnston,matched,1,charlesjohnston,1,0,Charles Johnston,Furman,SC,2025,126749,bt_pid:126749,31,12.0935,5.2903,1.60592,83.0,/Users/adriankong/Desktop/TROP/trank_final_data_2025_with_pbp.csv,exact_name_team_season,1.0,1513.0,Low,"Johnston, Charles",Furman,Southern Conference,5243230.0,6-11,Jr,PF/C,31.0,0.2852,0.2822,117.1478,0.2198,2.1821,1.0338,1.3679,-0.3340999999999998,exact_name_team_season,1.0,1350.0,Charles Johnston,Furman,1.62,-0.75,0.87,605.0,2.41,0.08,2.49,110.4,110.2,0.1,16.0,johnston charles,cal state monterey bay,2024.0,126749,2025.0,1.11102,1.11104,1.60592,2.51637,-0.910453,2.12502,2.86151,-0.736483,mid_major,,64.090909,64.853076,42.727273,0.240909,0.5,14.409222,6.434164,21.305361,13.293135,29.86165,2.500435,0.930102,18.7292817679558,,,15.359116022099448,1.2154696132596685,2.430939226519337,0.6629834254143646,1.0497237569060773,0.377,0.606,,alt_exact_name_team_season,website_priority_advanced_export,archetype_unique_name_season,0.0,0.6154850081,1.0,0.0,0.0,0.6154850081,0.1143817988,0.2701331932,0.0,0.0
15352,ncaa_direct,2023-24,2024,2024-25,2025,"Evans, Darnell",Caldwell,,27,27.0,990.0,36.7,635,23.5,209,458.0,37,116.0,180,238.0,126,98,108,60,11,https://caldwellathletics.com/sports/mens-basketball/stats/2023-24,,evansdarnell|darnellevans,matched,1,darnellevans,1,0,Darnell Evans,Georgia St.,SB,2025,127596,bt_pid:127596,8,9.3111,1.7778,-9.20407,72.0,/Users/adriankong/Desktop/TROP/trank_final_data_2025_with_pbp.csv,unmatched,,,,,,,,,,,,,,,,,,,,unmatched,,,,,,,,,,,,,,,,evans darnell,caldwell,2024.0,127596,2025.0,-0.964655,0.881683,-9.20407,-8.40698,-0.79709,-6.35305,-7.77457,1.42152,mid_major,72.0,49.672489,56.422377,51.965066,0.253275,0.907407,16.102099,19.32858,30.955964,3.478361,9.807112,1.024178,3.180527,25.656566,1.292929,3.79798,5.090909,3.959596,4.363636,2.424242,0.444444,0.319,0.756,5.340512,combined_exact,combined_player_database,archetype_exact_name_team_season,0.0,0.498882969,1.0,0.0,0.498882969,0.2921522242,0.0,0.0,0.0,0.2089648068
15398,ncaa_direct,2023-24,2024,2024-25,2025,"Harper II, Travis",Clayton St.,,25,24.0,789.0,31.6,436,17.4,143,298.0,49,138.0,101,121.0,187,41,43,39,12,https://claytonstatesports.com/sports/mens-basketball/stats/2023-24,,harpertravis|travisharper,matched,1,travisharper,1,0,Travis Harper II,Tennessee St.,OVC,2025,127862,bt_pid:127862,23,26.9167,10.2083,0.585916,78.0,/Users/adriankong/Desktop/TROP/trank_final_data_2025_with_pbp.csv,exact_name_team_season,1.0,1841.0,Low,"Harper II, Travis",Tennessee St.,Ohio Valley Conference,5242985.0,6-6,Jr,WG,23.0,0.4968,0.4931,108.1495,0.1696,-0.4928,-1.1579,0.1134,-1.2713,exact_name_team_season,1.0,1563.0,Travis Harper II,Tennessee State,0.11,0.31,0.42,1090.0,0.4,-0.49,-0.09,99.1,103.5,-4.4,52.0,harper ii travis,clayton state,2024.0,127862,2025.0,1.45788,2.01857,0.585916,1.08404,-0.498124,1.62032,1.155,0.465324,mid_major,78.0,56.208054,62.065824,40.604027,0.463087,0.953488,10.907062,10.182861,24.408566,4.665376,21.947131,1.441471,2.697759,22.103929,1.622307,7.858048,9.480355,2.07858,2.179975,1.977186,0.608365,0.355,0.835,8.540611,combined_exact,combined_player_database,archetype_exact_name_team_season,0.0,0.565355462,0.9364947281,0.0635052719,0.3171027708,0.565355462,0.100820805,0.0,0.0167209621,0.0
15399,ncaa_direct,2023-24,2024,2024-25,2025,"Shirley, Tyler",Clayton St.,,28,27.0,823.0,29.4,327,11.7,129,279.0,35,108.0,34,45.0,120,52,63,32,11,https://claytonstatesports.com/sports/mens-basketball/stats/2023-24,,shirleytyler|tylershirley,matched,1,tylershirley,1,0,Tyler Shirley,Florida A&M,SWAC,2025,74404,bt_pid:74404,4,21.925,5.25,-7.46586,80.0,/Users/adriankong/Desktop/TROP/trank_final_data_2025_with_pbp.csv,unmatched,,,,,,,,,,,,,,,,,,,,unmatched,,,,,,,,,,,,,,,,shirley tyler,clayton state,2024.0,74404,2025.0,,,,,,,,,mid_major,80.0,52.508961,54.718876,16.129032,0.387097,0.825397,17.412935,11.814148,21.47471,3.913559,12.488522,1.266761,2.122099,15.893074,1.360875,4.471446,5.832321,2.527339,3.061968,1.555286,0.534629,0.324,0.756,6.407827,combined_exact,combined_player_database,archetype_exact_name_team_season,0.0,0.4129976798,0.9323792218,0.0676207782,0.4129976798,0.0859354105,0.0,0.0797736181,0.3553381503,0.0659551414
15493,ncaa_direct,2023-24,2024,2024-25,2025,"Jones, Mason",East Central,,11,6.0,239.0,21.7,48,4.4,18,42.0,5,19.0,7,16.0,30,6,12,3,0,https://ecutigers.com/sports/mens-basketball/stats/2023-24,,jonesmason|masonjones,matched_prior_d1_experience,1,masonjones,1,2,Mason Jones,Ball St.,MAC,2025,77853,bt_pid:77853,27,11.4167,2.0333,-2.84908,79.0,/Users/adriankong/Desktop/TROP/trank_final_data_2025_with_pbp.csv,unmatched,,,,,,,,,,,,,,,,,,,,unmatched,,,,,,,,,,,,,,,,jones mason,east central,2024.0,77853,2025.0,-0.180982,0.773722,-2.84908,-2.72459,-0.124484,-3.38537,-3.86461,0.479241,mid_major,77.0,48.809524,48.939641,38.095238,0.452381,0.5,19.65924,4.581964,13.925979,4.84222,11.285555,0.0,0.752117,8.033473,1.506276,3.514644,5.020921,1.004184,2.008368,0.502092,0.0,0.263,0.438,4.331542,combined_exact,combined_player_database,archetype_exact_name_team_season,0.0,0.8136302347,0.7262931579,0.2737068421,0.0,0.0837975088,0.0314851942,0.0710870623,0.8136302347,0.0
15495,ncaa_direct,2023-24,2024,2024-25,2025,"Blunt, Bernie",Edinboro,,28,28.0,1012.0,36.1,560,20.0,170,488.0,61,225.0,159,173.0,112,59,62,30,3,https://gofightingscots.com/sports/mens-basketball/stats/2023-24?path=mbball,,bluntbernie|bernieblunt,matched,1,bernieblunt,1,0,Bernie Blunt,Mercyhurst,NEC,2025,74649,bt_pid:74649,25,26.3667,12.4815,-1.55129,72.0,/Users/adriankong/Desktop/TROP/trank_final_data_2025_with_pbp.csv,exact_name_team_season,1.0,1850.0,Low,"Blunt, Bernie",Mercyhurst,Northeast Conference,4898243.0,6-0,Sr,CG,26.0,0.6079,0.5986,107.3463,0.2493,-0.3942,-0.2273,1.0576,-1.2849000000000002,exact_name_team_season,1.0,2021.0,Bernie Blunt,Mercyhurst,0.53,-1.03,-0.5,1093.0,0.76,-0.9,-0.14,98.9,112.2,-13.3,-26.0,blunt bernie,edinboro,2024.0,74649,2025.0,1.66905,1.33904,-1.55129,1.23359,-2.78488,-0.521919,0.759951,-1.28187,mid_major,71.0,41.086066,49.634829,35.45082,0.461066,0.951613,9.902255,11.78939,28.918734,0.888535,12.296882,0.277142,1.628646,22.134387,0.355731,4.071146,4.426877,2.332016,2.450593,1.185771,0.118577,0.271,0.919,10.386571,combined_exact,combined_player_database,archetype_exact_name_team_season,0.0,0.5746459986,1.0,0.0,0.5746459986,0.1165597713,0.0,0.0,0.3087942301,0.0
15511,ncaa_direct,2023-24,2024,2024-25,2025,Jacob Dar,Emory & Henry,,28,13.0,704.0,25.1,431,15.4,144,325.0,53,156.0,90,116.0,163,30,68,17,34,https://www.gowasps.com/sports/mbkb/2023-24/teams/emoryhenry,,jacobdar,matched,1,jacobdar,1,0,Jacob Dar,Rice,Amer,2025,126984,bt_pid:126984,29,19.8367,7.5333,0.210955,79.0,/Users/adriankong/Desktop/TROP/trank_final_data_2025_with_pbp.csv,exact_name_team_season,1.0,2073.0,Medium,"Dar, Jacob",Rice,American Athletic Conference,5111629.0,6-7,Jr,S-PF,29.0,0.4615,0.4592,111.8887,0.1918,0.905,1.3676,3.1895,-1.8219,exact_name_team_season,1.0,2089.0,Jacob Dar,Rice,0.75,-1.41,-0.66,959.0,0.93,-0.54,0.39,106.7,109.4,-2.7,-40.0,jacob dar,emory and henry,2024.0,126984,2025.0,1.35155,1.62172,0.210955,0.766273,-0.555318,1.87775,2.72346,-0.845709,mid_major,79.0,52.461538,57.307733,35.692308,0.48,0.441176,15.313936,8.314105,29.329522,6.210377,18.269554,4.721275,1.279959,24.488636,2.386364,6.875,9.261364,1.704545,3.863636,0.965909,1.931818,0.34,0.776,10.230342,combined_exact,combined_player_database,archetype_exact_name_team_season,0.0,0.3511755512,1.0,0.0,0.3511755512,0.1840975851,0.2168074682,0.2479193955,0.0,0.0
15595,ncaa_direct,2023-24,2024,2024-25,2025,"Lewis, Varick",Jessup,,27,24.0,756.0,28.0,317,11.7,118,315.0,44,161.0,37,55.0,76,35,32,34,9,https://jessupathletics.com/sports/mens-basketball/stats?path=mbball,,lewisvarick|varicklewis,matched_prior_d1_experience,1,varicklewis,1,1,Varick Lewis,Long Beach St.,BW,2025,79143,bt_pid:79143,26,12.075,3.8214,-4.8986,75.0,/Users/adriankong/Desktop/TROP/trank_final_data_2025_with_pbp.csv,exact_name_team_season,1.0,2144.0,Low,"Lewis, Varick",Long Beach St.,Big West Conference,5177684.0,6-3,So,WG,26.0,0.2734,0.2752,93.3492,0.1744,-2.4305,-1.7848,0.2447,-2.0295,exact_name_team_season,1.0,2739.0,Varick Lewis,Long Beach State,-1.43,-1.1,-2.53,547.0,-1.5,-0.72,-2.22,92.9,112.6,-19.7,-97.0,lewis varick,jessup,2024.0,79143,2025.0,0.212167,0.605451,-4.8986,-1.58914,-3.30946,-2.99181,-1.64126,-1.35055,mid_major,,44.444444,46.727594,17.460317,0.511111,1.09375,8.62069,9.34072,24.058314,2.756392,8.776599,1.364577,2.516804,16.772486772486772,,,4.021164021164021,1.8518518518518519,1.693121693121693,1.7989417989417988,0.47619047619047616,0.273,0.673,,alt_same_player_team_any_season,step26_height_class_advanced_export,unmatched,1.0,,,,,,,,,
15707,ncaa_direct,2023-24,2024,2024-25,2025,"Sagna, Blaize",Minn.-Crookston,,28,28.0,1030.0,36.8,581,20.8,206,484.0,63,164.0,106,147.0,125,55,80,28,1,https://goldeneaglesports.com/sports/mens-basketball/stats/2023-24,,sagnablaize|blaizesagna,matched,1,blaizesagna,1,0,Blaize Sagna,Stetson,ASun,2025,127543,bt_pid:127543,24,18.724,2.36,-6.94245,75.0,/Users/adriankong/Desktop/TROP/trank_final_data_2025_with_pbp.csv,exact_name_team_season,1.0,2621.0,Low,"Sagna, Blaize",Stetson,ASUN Conference,5240019.0,6-3,Sr,CG,24.0,0.3609,0.3617,90.7359,0.1041,-2.8217,-3.0893,0.7339,-3.8232,exact_name_team_season,1.0,2904.0,Blaize Sagna,Stetson,-2.38,-1.12,-3.5,756.0,-2.39,-1.22,-3.61,91.6,112.7,-21.1,-125.0,sagna blaize,minn crookston,2024.0,127543,2025.0,-1.03923,0.509856,-6.94245,-3.71572,-3.22673,-7.31036,-5.03995,-2.27041,mid_major,,49.070248,52.94525,30.371901,0.338843,0.6875,12.725075,13.592233,33.015861,1.778943,11.840587,0.099943,1.638994,22.563106796116504,,,4.854368932038835,2.1359223300970873,3.1067961165048543,1.087378640776699,0.038834951456310676,0.384,0.721,,alt_exact_name_team_season,website_priority_advanced_export,archetype_unique_name_season,0.0,0.5739312946,1.0,0.0,0.5739312946,0.1847519405,0.0,0.0,0.2413167648,0.0
15709,ncaa_direct,2023-24,2024,2024-25,2025,"Fuchs, Jr., Peter",Minn.-Crookston,,22,4.0,439.0,20.0,141,6.4,49,120.0,9,44.0,34,44.0,39,8,15,9,1,https://goldeneaglesports.com/sports/mens-basketball/stats/2023-24,,fuchspeter|peterfuchs,matched,1,peterfuchs,1,0,"Peter Fuchs, Jr.",Detroit Mercy,Horz,2025,127104,bt_pid:127104,17,4.2222,1.5556,-9.75368,75.0,/Users/adriankong/Desktop/TROP/trank_final_data_2025_with_pbp.csv,unmatched,,,,,,,,,,,,,,,,,,,,unmatched,,,,,,,,,,,,,,,,fuchs jr peter,minn crookston,2024.0,127104,2025.0,,,,,,,,,mid_major,,44.583333,50.588404,36.666667,0.366667,0.533333,9.717543,3.786726,19.019559,3.912964,6.11689,0.23449,1.236046,12.84738041002278,,,3.5535307517084282,0.7289293849658315,1.366742596810934,0.8200455580865603,0.09111617312072894,0.205,0.773,,alt_exact_name_team_season,website_priority_advanced_export,archetype_unique_name_season,0.0,0.8566378365,0.9204011181,0.0795988819,0.0,0.1203564036,0.0081817977,0.0148239622,0.8566378365,0.0
15739,ncaa_direct,2023-24,2024,2024-25,2025,"Curry, Jaylen",Montevallo,,14,11.0,282.0,20.1,227,16.2,82,144.0,9,19.0,54,81.0,68,14,39,14,10,https://montevallofalcons.com/sports/mens-basketball/stats/2023-24,,curryjaylen|jaylencurry,matched_prior_d1_experience,1,jaylencurry,1,1,Jaylen Curry,Massachusetts,A10,2025,78969,bt_pid:78969,28,30.4276,13.3448,0.057626,72.0,/Users/adriankong/Desktop/TROP/trank_final_data_2025_with_pbp.csv,exact_name_team_season,1.0,1348.0,Medium,"Curry, Jaylen",Massachusetts,Atlantic 10 Conference,5174611.0,6-0,So,s-PG,28.0,0.6933,0.6894,106.5401,0.2411,0.4378,0.148,0.0589,0.0890999999999999,exact_name_team_season,1.0,853.0,Jaylen Curry,Massachusetts,1.46,0.62,2.08,1552.0,2.3,0.17,2.47,99.9,102.6,-2.6,-16.0,curry jaylen,montevallo,2024.0,78969,2025.0,2.03139,2.42182,0.057626,1.44504,-1.38741,0.17118,0.392994,-0.221814,mid_major,78.0,60.069444,63.181919,56.25,0.131944,0.358974,17.837541,12.355861,36.613892,8.988116,18.418626,4.056227,2.675313,32.198582,3.262411,6.382979,9.64539,1.985816,5.531915,1.985816,1.41844,0.474,0.667,3.153842,combined_exact,combined_player_database,archetype_exact_name_team_season,0.0,0.5936585739,0.9518872202,0.0481127798,0.1976623832,0.5936585739,0.0,0.2086790429,0.0,0.0
15743,ncaa_direct,2023-24,2024,2024-25,2025,"Graham, Justin",Montevallo,,11,8.0,258.0,23.5,109,9.9,41,87.0,7,30.0,20,34.0,50,26,26,11,9,https://montevallofalcons.com/sports/mens-basketball/stats/2023-24,,grahamjustin|justingraham,matched,1,justingraham,1,0,Justin Graham,Idaho St.,BSky,2025,127069,bt_pid:127069,5,1.08,0.0,-18.3234,79.0,/Users/adriankong/Desktop/TROP/trank_final_data_2025_with_pbp.csv,unmatched,,,,,,,,,,,,,,,,,,,,unmatched,,,,,,,,,,,,,,,,graham justin,montevallo,2024.0,127069,2025.0,,,,,,,,,mid_major,79.0,51.149425,53.452334,39.08046,0.344828,1.0,20.31885,18.883723,23.421781,5.12568,17.000344,3.990196,2.297569,16.899225,1.860465,5.891473,7.751938,4.031008,4.031008,1.705426,1.395349,0.233,0.588,5.442983,combined_exact,combined_player_database,archetype_exact_name_team_season,0.0,0.4183831657,0.9512404365,0.0487595635,0.4183831657,0.1007266635,0.0,0.2930565679,0.0,0.1878336029
15763,ncaa_direct,2023-24,2024,2024-25,2025,"Samuels, D'Aundre",Neb.-Kearney,,27,16.0,812.0,30.1,348,12.9,148,305.0,17,48.0,35,62.0,138,101,72,27,10,https://lopers.com/sports/mens-basketball/stats/2023-24,,samuelsdaundre|daundresamuels,matched,1,daundresamuels,1,0,D'Aundre Samuels,Houston Christian,Slnd,2025,127672,bt_pid:127672,30,16.3219,7.1875,0.357134,74.0,/Users/adriankong/Desktop/TROP/trank_final_data_2025_with_pbp.csv,exact_name_team_season,1.0,1605.0,Low,"Samuels, D'Aundre",Houston Christian,Southland Conference,5242556.0,6-2,So,CG,30.0,0.4226,0.4193,101.7196,0.2606,-0.8621,-1.2036,-0.6187,-0.5849,exact_name_team_season,1.0,1538.0,D'Aundre Samuels,Houston Christian,0.16,0.31,0.48,815.0,1.25,1.08,2.33,97.7,106.4,-8.7,-27.0,samuels d aundre,neb kearney,2024.0,127672,2025.0,1.08335,1.47246,0.357134,0.307357,0.0497769,2.63697,2.09024,0.546723,mid_major,,51.311475,52.365475,20.327869,0.157377,1.402778,17.809439,24.686999,25.267961,4.246295,16.190588,1.300146,1.901479,17.142857142857142,,,6.798029556650246,4.975369458128079,3.5467980295566504,1.3300492610837438,0.49261083743842365,0.354,0.565,,alt_exact_name_team_season,website_priority_advanced_export,archetype_unique_name_season,0.0,0.4218576097,1.0,0.0,0.159081346,0.3641248017,0.0360952019,0.0,0.0188410406,0.4218576097
15875,ncaa_direct,2023-24,2024,2024-25,2025,"Richardson, Zion",Quincy,,26,26.0,837.0,32.2,460,17.7,155,361.0,42,125.0,108,128.0,187,47,46,31,5,https://quhawks.com/sports/mens-basketball/stats/2023-24,,richardsonzion|zionrichardson,matched,1,zionrichardson,1,0,Zion Richardson,Cal St. Fullerton,BW,2025,71542,bt_pid:71542,20,18.1238,7.5714,0.246552,76.0,/Users/adriankong/Desktop/TROP/trank_final_data_2025_with_pbp.csv,exact_name_team_season,1.0,1614.0,Low,"Richardson, Zion",Cal St. Fullerton,Big West Conference,4432095.0,6-4,Sr,WG,19.0,0.3042,0.3004,111.6678,0.2038,1.2875,1.0714,1.6842,-0.6128,exact_name_team_season,1.0,1664.0,Zion Richardson,Cal State Fullerton,1.43,-1.21,0.22,646.0,1.47,-0.26,1.22,96.6,115.3,-18.7,-104.0,richardson zion,quincy,2024.0,71542,2025.0,1.64499,1.1804,0.246552,1.79854,-1.55199,0.797927,1.81291,-1.01498,mid_major,76.0,48.753463,55.113582,35.457064,0.34626,1.021739,9.928343,12.930006,27.174806,5.104196,20.608389,0.721957,2.103616,21.983274,1.911589,7.02509,8.936679,2.246117,2.198327,1.481481,0.238949,0.336,0.844,7.33249,combined_exact,combined_player_database,archetype_exact_name_team_season,0.0,0.5463542101,0.9723521127,0.0276478873,0.3231882432,0.5463542101,0.0411390779,0.0,0.0893184688,0.0
15879,ncaa_direct,2023-24,2024,2024-25,2025,"Kelly III, John",Quincy,,27,21.0,529.0,19.6,181,6.7,75,169.0,14,63.0,17,36.0,107,25,39,13,16,https://quhawks.com/sports/mens-basketball/stats/2023-24,,kellyjohn|johnkelly,matched,1,johnkelly,1,0,John Kelly,NJIT,AE,2025,128100,bt_pid:128100,25,10.2423,1.3077,-10.0481,80.0,/Users/adriankong/Desktop/TROP/trank_final_data_2025_with_pbp.csv,unmatched,,,,,,,,,,,,,,,,,,,,unmatched,,,,,,,,,,,,,,,,kelly iii john,quincy,2024.0,128100,2025.0,-1.03385,0.543636,-10.0481,-6.94484,-3.10329,-10.9185,-8.11642,-2.80206,mid_major,78.0,48.52071,48.961264,21.301775,0.372781,0.641026,17.423159,9.893189,20.772697,5.047509,18.189063,3.655368,1.395783,13.6862,1.890359,6.200378,8.090737,1.890359,2.94896,0.982987,1.20983,0.222,0.472,5.847252,combined_exact,combined_player_database,archetype_exact_name_team_season,0.0,0.3246703908,0.9512838376,0.0487161624,0.2351865645,0.1029822156,0.2606431711,0.3246703908,0.0222930474,0.0542246106
15888,ncaa_direct,2023-24,2024,2024-25,2025,"Brown, Timaris",Rockhurst,,28,26.0,771.0,27.5,440,15.7,145,342.0,41,138.0,109,166.0,181,46,62,17,13,https://rockhursthawks.com/sports/mens-basketball/stats/2023-24,,browntimaris|timarisbrown,matched,1,timarisbrown,1,0,Timaris Brown,IU Indy,Horz,2025,128094,bt_pid:128094,27,12.91,4.1,-7.12525,77.0,/Users/adriankong/Desktop/TROP/trank_final_data_2025_with_pbp.csv,exact_name_team_season,1.0,2707.0,Low,"Brown, Timaris",IU Indy,Horizon League,5241665.0,6-5,Jr,S-PF,27.0,0.2807,0.2816,89.6819,0.2084,-3.6361,-1.4739,2.8258,-4.2997,exact_name_team_season,1.0,2943.0,Timaris Brown,IU Indy,-2.15,-1.96,-4.11,534.0,-1.95,-0.13,-2.08,100.3,126.2,-25.9,-126.0,brown timaris,rockhurst,2024.0,128094,2025.0,-0.00482086,0.428328,-7.12525,-3.15955,-3.96569,-7.71587,-4.85979,-2.85608,mid_major,77.0,48.391813,53.006939,48.538012,0.403509,0.741935,12.996814,12.695065,31.358668,3.998144,24.801493,2.004731,1.257316,22.827497,1.400778,7.989624,9.390402,2.386511,3.216602,0.881971,0.674449,0.297,0.657,9.053142,combined_exact,combined_player_database,archetype_exact_name_team_season,0.0,0.6299560849,1.0,0.0,0.1748226645,0.6299560849,0.1952212506,0.0,0.0,0.0
15889,ncaa_direct,2023-24,2024,2024-25,2025,"White, Miles",Rockhurst,,28,27.0,753.0,26.9,353,12.6,121,268.0,65,147.0,46,59.0,121,41,49,24,6,https://rockhursthawks.com/sports/mens-basketball/stats/2023-24,,whitemiles|mileswhite,matched,1,mileswhite,1,0,Miles White,Lipscomb,ASun,2025,127586,bt_pid:127586,33,13.4143,3.0,-0.0445169,75.0,/Users/adriankong/Desktop/TROP/trank_final_data_2025_with_pbp.csv,exact_name_team_season,1.0,1652.0,Low,"White, Miles",Lipscomb,ASUN Conference,5239794.0,6-3,Jr,WG,33.0,0.3355,0.3377,104.3672,0.1242,-1.3618,-2.0358,-1.3335,-0.7023000000000001,exact_name_team_season,1.0,2257.0,Miles White,Lipscomb,-1.49,0.45,-1.04,744.0,-0.92,0.01,-0.91,101.9,98.5,3.3,53.0,white miles,rockhurst,2024.0,127586,2025.0,0.20199,1.37333,-0.0445169,-0.767977,0.72346,-1.4153,-2.46865,1.05336,mid_major,74.0,57.276119,60.042183,22.014925,0.548507,0.836735,14.28738,10.947904,23.083714,4.396955,15.170655,0.947378,1.817466,18.75166,1.540505,4.887118,6.427623,2.177955,2.602922,1.2749,0.318725,0.442,0.78,9.874087,combined_exact,combined_player_database,archetype_exact_name_team_season,0.0,0.3435468485,0.9693812731,0.0306187269,0.3435468485,0.2568911891,0.240270292,0.0,0.1592916704,0.0
15891,ncaa_direct,2023-24,2024,2024-25,2025,"Auer, Jake",Rockhurst,,28,3.0,648.0,23.1,270,9.6,89,212.0,60,149.0,32,34.0,84,35,12,29,4,https://rockhursthawks.com/sports/mens-basketball/stats/2023-24,,auerjake|jakeauer,matched,1,jakeauer,1,0,Jake Auer,West Virginia,B12,2025,127155,bt_pid:127155,14,3.2286,1.9286,2.39181,72.0,/Users/adriankong/Desktop/TROP/trank_final_data_2025_with_pbp.csv,unmatched,,,,,,,,,,,,,,,,,,,,unmatched,,,,,,,,,,,,,,,,auer jake,rockhurst,2024.0,127155,2025.0,,,,,,,,,power_4,72.0,56.132075,59.481847,16.037736,0.70283,2.916667,5.021761,10.373224,18.689918,4.757051,10.92223,0.733926,2.551955,16.666667,1.666667,3.518519,5.185185,2.160494,0.740741,1.790123,0.246914,0.403,0.941,11.630165,combined_exact,combined_player_database,archetype_exact_name_team_season,0.0,0.6040072946,0.3562293375,0.6437706625,0.6040072946,0.3959927054,0.0,0.0,0.0,0.0
15939,ncaa_direct,2023-24,2024,2024-25,2025,"Rahming, Cantia",Saint Leo,,28,28.0,889.0,31.8,358,12.8,148,251.0,2,8.0,60,91.0,299,57,53,31,18,https://saintleolions.com/sports/mens-basketball/stats/2023-24,,rahmingcantia|cantiarahming,matched,1,cantiarahming,1,0,Cantia Rahming,South Alabama,SB,2025,126709,bt_pid:126709,27,10.8655,2.931,1.24944,78.0,/Users/adriankong/Desktop/TROP/trank_final_data_2025_with_pbp.csv,unmatched,,,,,,,,,,,,,,,,,,,,unmatched,,,,,,,,,,,,,,,,rahming cantia,st leo,2024.0,126709,2025.0,0.644927,1.27439,1.24944,-1.13262,2.38206,-0.468161,-1.63055,1.16238,mid_major,79.0,59.36255,61.503573,36.25498,0.031873,1.075472,15.405185,12.057359,19.581372,11.559876,26.162678,2.055398,1.95137,16.107987,3.869516,9.583802,13.453318,2.564679,2.384702,1.394826,0.809899,0.25,0.659,0.45344,combined_exact,combined_player_database,archetype_exact_name_team_season,0.0,0.7837743443,0.968775119,0.031224881,0.0,0.7837743443,0.0,0.1781262859,0.0,0.0380993698
15945,ncaa_direct,2023-24,2024,2024-25,2025,"Sanchez, Jeremy",Saint Leo,,20,1.0,322.0,16.1,52,2.6,21,49.0,2,5.0,8,15.0,34,40,8,14,0,https://saintleolions.com/sports/mens-basketball/stats/2023-24,,sanchezjeremy|jeremysanchez,matched,1,jeremysanchez,1,0,Jeremy Sanchez,Missouri,SEC,2025,72092,bt_pid:72092,5,1.1,0.2,-11.2634,72.0,/Users/adriankong/Desktop/TROP/trank_final_data_2025_with_pbp.csv,unmatched,,,,,,,,,,,,,,,,,,,,unmatched,,,,,,,,,,,,,,,,sanchez jeremy,st leo,2024.0,72092,2025.0,,,,,,,,,power_4,72.0,44.897959,46.76259,30.612245,0.102041,5.0,12.578616,19.623707,9.99395,2.968866,8.81702,0.0,2.433055,6.459627,0.993789,3.229814,4.223602,4.968944,0.993789,1.73913,0.0,0.4,0.533,0.782431,combined_exact,combined_player_database,archetype_exact_name_team_season,0.0,0.9100825456,0.6173527613,0.3826472387,0.0,0.0,0.0,0.0899174544,0.0,0.9100825456
16040,ncaa_direct,2023-24,2024,2024-25,2025,"Caron, Tyler",St. Mary's (TX),,28,27.0,761.0,27.2,344,12.3,112,226.0,63,143.0,57,70.0,120,33,30,14,23,https://rattlerathletics.com/sports/mens-basketball/stats/2023-24,,carontyler|tylercaron,matched,1,tylercaron,1,0,Tyler Caron,Oklahoma St.,B12,2025,127725,bt_pid:127725,7,2.3714,1.1429,5.98336,80.0,/Users/adriankong/Desktop/TROP/trank_final_data_2025_with_pbp.csv,unmatched,,,,,,,,,,,,,,,,,,,,unmatched,,,,,,,,,,,,,,,,caron tyler,state mary s tx,2024.0,127725,2025.0,,,,,,,,,power_4,,63.495575,66.978193,30.973451,0.632743,1.1,10.460251,7.661712,17.657478,5.404545,12.445163,3.208069,1.007746,18.081471747700395,,,6.307490144546649,1.7345597897503284,1.5768725361366622,0.735873850197109,1.2089356110381078,0.441,0.814,,alt_exact_name_team_season,website_priority_advanced_export,archetype_unique_name_season,0.0,0.3978787999,0.8531238859,0.1468761141,0.2133165055,0.0371158727,0.1083123905,0.2433764313,0.3978787999,0.0
16051,ncaa_direct,2023-24,2024,2024-25,2025,"Wade III, John",Stanislaus St.,,27,19.0,743.0,27.5,333,12.3,122,284.0,32,107.0,57,80.0,148,65,77,36,7,https://warriorathletics.com/sports/mens-basketball/stats/2023-24,,wadejohn|johnwade,matched,1,johnwade,1,0,John Wade III,Southern Miss,SB,2025,76644,bt_pid:76644,15,14.58,2.8667,-4.57991,77.0,/Users/adriankong/Desktop/TROP/trank_final_data_2025_with_pbp.csv,unmatched,,,,,,,,,,,,,,,,,,,,unmatched,,,,,,,,,,,,,,,,wade iii john,stanislaus state,2024.0,76644,2025.0,-0.915602,1.3752,-4.57991,-5.81507,1.23516,-4.92297,-6.30386,1.38089,mid_major,,48.591549,52.161654,28.169014,0.376761,0.844156,19.434629,19.751823,26.630461,4.566656,18.238764,1.047324,2.803602,17.927321668909826,,,7.967698519515478,3.499327052489906,4.14535666218035,1.9380888290713325,0.3768506056527591,0.299,0.713,,alt_exact_name_team_season,website_priority_advanced_export,archetype_unique_name_season,0.0,0.6100727905,0.8992131638,0.1007868362,0.6100727905,0.383234122,0.0,0.0,0.0,0.0066930875
16060,ncaa_direct,2023-24,2024,2024-25,2025,"Jones, Isaiah",Stanislaus St.,,24,7.0,310.0,12.9,74,3.1,22,70.0,16,55.0,14,21.0,19,11,17,7,1,https://warriorathletics.com/sports/mens-basketball/stats/2023-24,,jonesisaiah|isaiahjones,matched_prior_d1_experience,1,isaiahjones,1,1,Isaiah Jones,Oakland,Horz,2025,77062,bt_pid:77062,28,25.4286,6.8214,1.83749,79.0,/Users/adriankong/Desktop/TROP/trank_final_data_2025_with_pbp.csv,exact_name_team_season,1.0,669.0,Medium,"Jones, Isaiah",Oakland,Horizon League,4067423.0,6-7,Jr,WG,28.0,0.5151,0.5256,115.2305,0.1644,0.8071,0.8765,-1.2529,2.1294,exact_name_team_season,1.0,680.0,Isaiah Jones,Oakland,1.65,0.99,2.63,1142.0,1.34,0.39,1.73,106.0,101.9,4.1,43.0,jones isaiah,stanislaus state,2024.0,77062,2025.0,1.2635,1.90591,1.83749,1.40418,0.433315,-0.00294792,-0.505352,0.502404,mid_major,,42.857143,46.693589,30.0,0.785714,0.647059,17.664173,6.618355,15.504114,3.07835,3.768465,0.3586,1.306589,9.548387096774194,,,2.4516129032258065,1.4193548387096775,2.193548387096774,0.9032258064516129,0.12903225806451613,0.291,0.667,,alt_exact_name_team_season,website_priority_advanced_export,archetype_unique_name_season,0.0,0.5666165217,0.6393196248,0.3606803752,0.0,0.0,0.5666165217,0.0,0.4333834783,0.0
16105,ncaa_direct,2023-24,2024,2024-25,2025,"Overstreet, Marcus",USC Beaufort,,26,25.0,645.0,24.8,457,17.6,187,299.0,0,1.0,83,164.0,285,19,44,15,25,https://uscbathletics.com/sports/mens-basketball/stats/2023-24,,overstreetmarcus|marcusoverstreet,matched,1,marcusoverstreet,1,0,Marcus Overstreet,Mercer,SC,2025,126579,bt_pid:126579,27,12.9931,6.1724,-4.78149,81.0,/Users/adriankong/Desktop/TROP/trank_final_data_2025_with_pbp.csv,exact_name_team_season,1.0,1867.0,Low,"Overstreet, Marcus",Mercer,Southern Conference,5243238.0,6-9,So,C,27.0,0.2713,0.272,103.9791,0.2551,-0.9278,-0.9621,0.372,-1.3340999999999998,exact_name_team_season,1.0,2432.0,Marcus Overstreet,Mercer,-1.24,-0.29,-1.53,606.0,-1.85,0.61,-1.24,97.7,108.5,-10.8,-45.0,overstreet marcus,usc beaufort,2024.0,126579,2025.0,0.569038,1.29179,-4.78149,-4.44107,-0.340424,-1.66907,-0.248262,-1.42081,mid_major,81.0,62.541806,61.563746,54.849498,0.003344,0.431818,10.598324,5.817714,26.648521,16.877654,28.122873,3.450322,1.154333,28.341085,7.255814,10.418605,17.674419,1.178295,2.728682,0.930233,1.550388,0.0,0.506,0.064618,combined_exact,combined_player_database,archetype_exact_name_team_season,0.0,0.6463638281,1.0,0.0,0.0,0.6463638281,0.0,0.3536361719,0.0,0.0
16125,ncaa_direct,2023-24,2024,2024-25,2025,"Roberts, Bryce",UT Tyler,,27,24.0,774.0,28.7,353,13.1,143,318.0,50,140.0,17,23.0,112,45,49,22,2,https://uttylerpatriots.com/sports/mens-basketball/stats/2023-24,,robertsbryce|bryceroberts,matched,1,bryceroberts,1,0,Bryce Roberts,Texas Southern,SWAC,2025,128419,bt_pid:128419,7,6.3,2.2857,-9.86244,73.0,/Users/adriankong/Desktop/TROP/trank_final_data_2025_with_pbp.csv,unmatched,,,,,,,,,,,,,,,,,,,,unmatched,,,,,,,,,,,,,,,,roberts bryce,ut tyler,2024.0,128419,2025.0,-0.252784,0.378392,-9.86244,-7.72725,-2.13519,-9.00702,-7.96156,-1.04546,mid_major,73.0,52.830189,53.791296,7.232704,0.440252,0.918367,12.993212,13.796336,25.330336,5.343188,11.58493,0.312002,1.693454,18.242894,1.860465,3.927649,5.788114,2.325581,2.5323,1.136951,0.103359,0.357,0.739,9.241342,combined_exact,combined_player_database,archetype_exact_name_team_season,0.0,0.4706125169,0.9803373537,0.0196626463,0.4706125169,0.1512846321,0.1157695503,0.0,0.2623333006,0.0
16139,ncaa_direct,2023-24,2024,2024-25,2025,"Fruster, Zion",UVA Wise,,17,14.0,484.0,28.5,306,18.0,110,236.0,30,82.0,56,72.0,79,61,44,34,5,https://uvawisecavs.com/sports/mens-basketball/stats/2023-24,,frusterzion|zionfruster,matched,1,zionfruster,1,0,Zion Fruster,Eastern Illinois,OVC,2025,127619,bt_pid:127619,25,29.7179,11.5714,-4.8397,74.0,/Users/adriankong/Desktop/TROP/trank_final_data_2025_with_pbp.csv,unique_name_season,0.8148,2814.0,Low,"Fruster, Zion",Eastern Ill.,Ohio Valley Conference,5242420.0,6-2,Jr,WG,25.0,0.6839,0.6883,92.8885,0.2091,-3.0867,-5.0827,0.2756,-5.3583,exact_name_team_season,1.0,2884.0,Zion Fruster,Eastern Illinois,-2.55,-0.83,-3.38,1304.0,-1.36,-1.26,-2.62,87.0,106.0,-19.0,-199.0,fruster zion,uva wise,2024.0,127619,2025.0,0.315159,2.14943,-4.8397,-3.33153,-1.50817,-3.36659,-2.18732,-1.17927,mid_major,,52.966102,57.1578,30.508475,0.347458,1.386364,14.117043,26.006491,32.473586,3.159123,14.76839,1.042241,3.850866,25.289256198347108,,,6.528925619834711,5.041322314049586,3.6363636363636362,2.809917355371901,0.4132231404958678,0.366,0.778,,alt_exact_name_team_season,website_priority_advanced_export,archetype_unique_name_season,0.0,0.6578471678,1.0,0.0,0.6578471678,0.1585930808,0.0,0.0,0.0,0.1835597514
16141,ncaa_direct,2023-24,2024,2024-25,2025,"Pacheco, Carmelo",UVA Wise,,24,20.0,748.0,31.2,294,12.3,107,226.0,62,142.0,18,23.0,75,54,16,14,2,https://uvawisecavs.com/sports/mens-basketball/stats/2023-24,,pachecocarmelo|carmelopacheco,matched,1,carmelopacheco,1,0,Carmelo Pacheco,Mount St. Mary's,MAAC,2025,127090,bt_pid:127090,29,28.1867,9.4667,1.38192,77.0,/Users/adriankong/Desktop/TROP/trank_final_data_2025_with_pbp.csv,exact_name_team_season,1.0,1976.0,Low,"Pacheco, Carmelo",Mount St. Mary's,Metro Atlantic Athletic Conference,5242634.0,6-5,So,WG,29.0,0.5897,0.58,140.9199,0.1252,3.1718,1.4222,2.9788,-1.5566000000000002,exact_name_team_season,1.0,1678.0,Carmelo Pacheco,Mount St. Mary's,2.14,-1.95,0.19,1404.0,3.63,-1.96,1.67,99.9,107.0,-7.1,-26.0,pacheco carmelo,uva wise,2024.0,127090,2025.0,3.09482,1.6714,1.38192,3.10114,-1.71923,2.26511,2.68971,-0.424597,mid_major,,61.061947,62.25648,10.176991,0.628319,3.375,6.346184,12.691044,16.997004,2.673104,8.397712,0.269756,1.026009,15.72192513368984,,,4.010695187165775,2.8877005347593583,0.8556149732620321,0.7486631016042781,0.10695187165775401,0.437,0.783,,alt_exact_name_team_season,website_priority_advanced_export,archetype_unique_name_season,0.0,0.4441843033,0.3737191027,0.6262808973,0.185583336,0.0973055716,0.0,0.0,0.2729267892,0.4441843033
16151,ncaa_direct,2023-24,2024,2024-25,2025,"Boser, Caden",Valdosta St.,,26,23.0,731.0,28.1,327,12.6,111,230.0,51,126.0,54,70.0,116,53,49,16,7,https://vstateblazers.com/sports/mens-basketball/stats/2023-24,,bosercaden|cadenboser,matched,1,cadenboser,1,0,Caden Boser,Illinois St.,MVC,2025,73745,bt_pid:73745,34,12.3886,4.8,-0.555637,80.0,/Users/adriankong/Desktop/TROP/trank_final_data_2025_with_pbp.csv,exact_name_team_season,1.0,2303.0,Medium,"Boser, Caden",Illinois St.,Missouri Valley Conference,4702638.0,6-8,Jr,S-PF,34.0,0.2984,0.299,105.508,0.2191,-0.3468,-0.8785,1.6015,-2.48,exact_name_team_season,1.0,2165.0,Caden Boser,Illinois State,0.59,-1.42,-0.83,690.0,0.98,-0.45,0.54,103.2,112.4,-9.2,-57.0,boser caden,valdosta state,2024.0,73745,2025.0,0.85232,0.87762,-0.555637,0.650194,-1.20583,-0.0352678,0.560915,-0.596182,mid_major,80.0,59.347826,62.691718,30.434783,0.547826,1.081633,15.816656,13.774089,20.816381,5.730273,12.958212,1.039857,1.213856,17.893297,1.915185,4.432285,6.347469,2.900137,2.681259,0.875513,0.383037,0.405,0.771,8.473253,combined_exact,combined_player_database,archetype_exact_name_team_season,0.0,0.2668484923,1.0,0.0,0.1022475305,0.2397051342,0.2668484923,0.0,0.2018413607,0.1893574822
16220,ncaa_direct,2023-24,2024,2024-25,2025,"Myers, Qiant",Western Ore.,,9,9.0,306.0,34.0,147,16.3,56,118.0,8,23.0,27,37.0,42,59,33,6,0,https://wouwolves.com/sports/mens-basketball/stats/2023-24,,myersqiant|qiantmyers,matched,1,qiantmyers,1,0,Qiant Myers,Portland St.,BSky,2025,128093,bt_pid:128093,29,33.0781,10.75,-4.21233,77.0,/Users/adriankong/Desktop/TROP/trank_final_data_2025_with_pbp.csv,exact_name_team_season,1.0,1827.0,Low,"Myers, Qiant",Portland St.,Big Sky Conference,5118611.0,6-5,Sr,s-PG,29.0,0.8503,0.8341,97.6849,0.2388,-2.7074,-1.8912,-0.6563,-1.2349,exact_name_team_season,1.0,1431.0,Qiant Myers,Portland State,0.23,0.48,0.7,1692.0,-0.07,0.39,0.32,101.4,101.0,0.3,104.0,myers qiant,western ore,2024.0,128093,2025.0,0.383445,2.6917,-4.21233,-3.23651,-0.975818,-3.59725,-2.26449,-1.33275,mid_major,,50.847458,54.736372,31.355932,0.194915,1.787879,19.727403,42.29635,28.154758,3.443886,12.207565,0.0,1.134539,19.215686274509803,,,5.490196078431373,7.712418300653595,4.313725490196078,0.7843137254901961,0.0,0.348,0.73,,alt_exact_name_team_season,website_priority_advanced_export,archetype_unique_name_season,0.0,0.5838232948,1.0,0.0,0.2171197664,0.1990569388,0.0,0.0,0.0,0.5838232948
16230,ncaa_direct,2023-24,2024,2024-25,2025,"Johnson, Kai",Western Wash.,,29,29.0,964.0,33.2,627,21.6,213,408.0,42,101.0,159,210.0,136,102,89,43,26,https://wwuvikings.com/sports/mens-basketball/stats/2023-24,,johnsonkai|kaijohnson,matched,1,kaijohnson,1,0,Kai Johnson,Montana,BSky,2025,127173,bt_pid:127173,32,24.44,11.1714,0.541507,76.0,/Users/adriankong/Desktop/TROP/trank_final_data_2025_with_pbp.csv,exact_name_team_season,1.0,710.0,Low,"Johnson, Kai",Montana,Big Sky Conference,5241287.0,6-4,Jr,WG,32.0,0.6184,0.6181,110.1719,0.2302,0.7475,2.0431,0.0667,1.9764,exact_name_team_season,1.0,783.0,Kai Johnson,Montana,1.64,0.61,2.25,1343.0,0.03,1.25,1.28,112.1,107.4,4.7,70.0,johnson kai,western wash,2024.0,127173,2025.0,1.51621,1.94462,0.541507,0.46799,0.0735167,0.155311,0.0360063,0.119304,mid_major,,57.352941,62.64988,51.470588,0.247549,1.146067,15.100102,18.891784,28.715424,3.438056,12.428107,2.399257,2.392838,26.016597510373444,,,5.643153526970955,4.232365145228216,3.6929460580912865,1.7842323651452283,1.0788381742738589,0.416,0.757,,alt_exact_name_team_season,website_priority_advanced_export,archetype_unique_name_season,0.0,0.3637440568,1.0,0.0,0.3453808502,0.3637440568,0.0,0.0177092053,0.0358446762,0.2373212115
16235,ncaa_direct,2023-24,2024,2024-25,2025,"Kolly, BJ",Western Wash.,,14,13.0,287.0,20.5,141,10.1,59,96.0,2,5.0,21,34.0,57,21,22,3,12,https://wwuvikings.com/sports/mens-basketball/stats/2023-24,,kollybj|bjkolly,matched,1,bjkolly,1,0,BJ Kolly,Montana St.,BSky,2025,127644,bt_pid:127644,23,8.5917,2.3333,-2.02726,82.0,/Users/adriankong/Desktop/TROP/trank_final_data_2025_with_pbp.csv,unmatched,,,,,,,,,,,,,,,,,,,,unmatched,,,,,,,,,,,,,,,,kolly bj,western wash,2024.0,127644,2025.0,0.159152,0.730541,-2.02726,-4.33349,2.30622,-2.90736,-4.31641,1.40905,mid_major,,62.5,63.53641,35.416667,0.052083,0.954545,16.54633,12.715182,21.758114,6.371329,15.995587,3.719459,0.56074,19.65156794425087,,,7.944250871080139,2.926829268292683,3.0662020905923346,0.4181184668989547,1.6724738675958188,0.4,0.618,,alt_exact_name_team_season,website_priority_advanced_export,archetype_unique_name_season,0.0,0.3628484092,1.0,0.0,0.0,0.1879007836,0.0,0.3628484092,0.2311642359,0.2180865712
16265,ncaa_direct,2024-25,2025,2025-26,2026,"Coleman, Trent",AUM,,25,14.0,698.0,27.9,305,12.2,106,220.0,34,94.0,59,76.0,176,15,21,11,9,https://aumathletics.com/sports/mens-basketball/stats/2024-25,,colemantrent|trentcoleman,matched,1,trentcoleman,1,0,Trent Coleman,Charleston Southern,BSth,2026,76113,bt_pid:76113,21,10.775,3.7917,-1.86566,79.0,/Users/adriankong/Desktop/TROP/trank_final_data_2026_with_pbp.csv,unmatched,,,,,,,,,,,,,,,,,,,,unmatched,,,,,,,,,,,,,,,,coleman trent,aum,2025.0,76113,2026.0,1.19596,0.720088,-1.86566,1.5587,-3.42436,0.554553,2.38808,-1.83353,mid_major,,55.909091,60.172033,34.545455,0.427273,0.714286,7.651946,3.907343,18.684984,8.010835,20.017806,1.338991,0.852828,17.478510028653297,,,10.085959885386819,0.8595988538681948,1.2034383954154728,0.6303724928366762,0.5157593123209169,0.362,0.776,,alt_exact_name_team_season,website_priority_advanced_export,archetype_unique_name_season,0.0,0.3980040894,0.9978303572,0.0021696428,0.0,0.3980040894,0.1764843585,0.1002015174,0.3253100348,0.0
16279,ncaa_direct,2024-25,2025,2025-26,2026,"Williams, Luke",Adams St.,,27,10.0,709.0,26.3,333,12.3,124,248.0,15,54.0,70,98.0,147,69,50,31,7,https://asugrizzlies.com/sports/mens-basketball/stats/2024-25,,williamsluke|lukewilliams,matched,1,lukewilliams,1,0,Luke Williams,Charleston Southern,BSth,2026,135611,bt_pid:135611,17,31.11,10.6,-1.54742,72.0,/Users/adriankong/Desktop/TROP/trank_final_data_2026_with_pbp.csv,unique_name_season,0.8125,965.0,Low,"Williams, Luke",Charleston So.,Big South Conference,5313450.0,6-0,Sr,s-PG,17.0,0.4435,0.4495,120.5004,0.1624,1.1032,1.2639,-0.0439,1.3078,exact_name_team_season,1.0,1247.0,Luke Williams,Charleston Southern,1.8,-0.64,1.16,982.0,1.82,-1.5,0.32,106.9,106.4,0.5,16.0,williams luke,adams state,2025.0,135611,2026.0,1.85691,2.0099,-1.54742,0.723174,-2.27059,-0.861691,0.145508,-1.0072,mid_major,72.0,53.024194,57.19291,39.516129,0.217742,1.38,14.657598,16.421198,21.977782,3.322104,19.806315,0.905494,2.204237,18.787024,1.12835,7.165021,8.293371,3.892807,2.820874,1.748942,0.394922,0.278,0.714,3.48999,combined_exact,combined_player_database,archetype_exact_name_team_season,0.0,0.5980719556,0.8789650133,0.1210349867,0.0438657288,0.5980719556,0.0,0.0,0.1163315315,0.241730784
16320,ncaa_direct,2024-25,2025,2025-26,2026,"Lewis, Isaiah",Ark.-Fort Smith,,28,27.0,750.0,26.8,252,9.0,101,193.0,7,27.0,43,66.0,143,48,55,21,8,https://uafortsmithlions.com/sports/mens-basketball/stats/2024-25,,lewisisaiah|isaiahlewis,matched_prior_d1_experience,1,isaiahlewis,1,1,Isaiah Lewis,Long Beach St.,BW,2026,127556,bt_pid:127556,30,22.0562,5.9688,-3.81127,75.0,/Users/adriankong/Desktop/TROP/trank_final_data_2026_with_pbp.csv,exact_name_team_season,1.0,2062.0,Medium,"Lewis, Isaiah",Long Beach St.,Big West Conference,5242546.0,6-3,Jr,s-PG,30.0,0.5455,0.5417,93.2474,0.1864,-2.7618,-2.3903,-0.6254,-1.7649,exact_name_team_season,1.0,2091.0,Isaiah Lewis,Long Beach State,-0.96,0.27,-0.7,1174.0,-1.45,-0.15,-1.6,101.5,107.3,-5.8,-43.0,lewis isaiah,ark fort smith,2025.0,127556,2026.0,-0.193809,1.65277,-3.81127,-2.88993,-0.921336,-4.14845,-4.05104,-0.0974106,mid_major,,54.145078,56.746532,34.196891,0.139896,0.872727,19.852729,12.777285,18.823721,6.991525,16.002155,1.287554,1.626394,13.44,,,7.626666666666667,2.56,2.933333333333333,1.12,0.4266666666666667,0.259,0.652,,alt_exact_name_team_season,website_priority_advanced_export,archetype_unique_name_season,0.0,0.4405255743,0.8356213649,0.1643786351,0.0,0.4405255743,0.0,0.1028300201,0.2794009489,0.1772434568
16434,ncaa_direct,2024-25,2025,2025-26,2026,"Jacob , Aaron",Cameron,,28,28.0,792.0,28.3,430,15.4,148,307.0,64,165.0,70,89.0,169,17,42,15,27,https://cameronaggies.com/sports/mens-basketball/stats/2024-25,,jacobaaron|aaronjacob,matched,1,aaronjacob,1,0,Aaron Jacob,Oral Roberts,Sum,2026,143659,bt_pid:143659,14,4.9059,2.4706,-0.905907,80.0,/Users/adriankong/Desktop/TROP/trank_final_data_2026_with_pbp.csv,unmatched,,,,,,,,,,,,,,,,,,,,unmatched,,,,,,,,,,,,,,,,jacob aaron,cameron,2025.0,143659,2026.0,,,,,,,,,mid_major,80.0,58.631922,62.110007,28.990228,0.537459,0.404762,10.82028,4.143937,23.337948,5.631548,19.136961,3.046707,1.066577,21.717172,1.919192,6.616162,8.535354,0.858586,2.121212,0.757576,1.363636,0.388,0.787,9.898705,combined_exact,combined_player_database,archetype_exact_name_team_season,0.0,0.4080004072,1.0,0.0,0.04801095,0.3681122326,0.4080004072,0.0787977411,0.097078669,0.0
16435,ncaa_direct,2024-25,2025,2025-26,2026,"Brodnex, Lavell",Cameron,,28,23.0,804.0,28.7,402,14.4,152,283.0,22,80.0,76,96.0,161,47,48,29,17,https://cameronaggies.com/sports/mens-basketball/stats/2024-25,,brodnexlavell|lavellbrodnex,matched,1,lavellbrodnex,1,0,Lavell Brodnex,Louisiana Monroe,SB,2026,77212,bt_pid:77212,25,31.5308,14.7308,0.520919,77.0,/Users/adriankong/Desktop/TROP/trank_final_data_2026_with_pbp.csv,unique_name_season,0.2105,1667.0,Low,"Brodnex, Lavell",ULM,Sun Belt Conference,5106632.0,6-5,Sr,WG,25.0,0.6501,0.6457,122.0813,0.2267,2.8361,3.1237,3.8577,-0.734,exact_name_team_season,1.0,1607.0,Lavell Brodnex,Louisiana-Monroe,2.5,-2.14,0.35,1390.0,2.37,-0.12,2.25,102.5,123.8,-21.3,-223.0,brodnex lavell,cameron,2025.0,77212,2026.0,2.89428,1.51982,0.520919,1.94575,-1.42483,0.0105214,2.38967,-2.37915,mid_major,77.0,57.597173,61.800517,33.922261,0.282686,0.979167,12.860358,11.333602,22.10595,9.34315,13.958622,1.889666,2.031271,20.0,3.18408,4.825871,8.00995,2.338308,2.38806,1.442786,0.845771,0.275,0.792,4.72774,combined_exact,combined_player_database,archetype_exact_name_team_season,0.0,0.4112215669,0.961922383,0.038077617,0.1335679724,0.4112215669,0.0,0.1218749996,0.2602503338,0.0730851273
16438,ncaa_direct,2024-25,2025,2025-26,2026,"Prudhomme, Reggie",Cameron,,28,27.0,907.0,32.4,265,9.5,90,235.0,51,142.0,34,42.0,119,157,68,24,2,https://cameronaggies.com/sports/mens-basketball/stats/2024-25,,prudhommereggie|reggieprudhomme,matched,1,reggieprudhomme,1,0,Reggie Prudhomme,Niagara,MAAC,2026,135337,bt_pid:135337,29,26.39,6.1,-4.42556,72.0,/Users/adriankong/Desktop/TROP/trank_final_data_2026_with_pbp.csv,exact_name_team_season,1.0,2771.0,Low,"Prudhomme, Reggie",Niagara,Metro Atlantic Athletic Conference,5314357.0,6-0,Sr,s-PG,29.0,0.6564,0.6648,94.9028,0.1669,-3.0011,-2.1244,2.7217,-4.8461,exact_name_team_season,1.0,2341.0,Reggie Prudhomme,Niagara,0.25,-1.54,-1.29,1226.0,-0.2,-0.8,-1.0,97.9,115.2,-17.3,-153.0,prudhomme reggie,cameron,2025.0,135337,2026.0,-0.200437,1.32072,-4.42556,-2.15398,-2.27158,-4.9986,-3.81604,-1.18256,mid_major,72.0,49.148936,52.272369,17.87234,0.604255,2.308824,21.152171,28.582084,16.878107,5.823373,9.43955,0.197067,1.49015,11.68688,1.984564,3.263506,5.248071,6.923925,2.998897,1.058434,0.088203,0.359,0.81,7.438762,combined_exact,combined_player_database,archetype_exact_name_team_season,0.0,0.7623881143,0.8830900874,0.1169099126,0.0534325774,0.0,0.1841793083,0.0,0.0,0.7623881143
16493,ncaa_direct,2024-25,2025,2025-26,2026,"Land, Bradley",Colo. Christian,,26,24.0,709.0,27.3,377,14.5,144,286.0,21,63.0,68,87.0,126,46,66,19,10,https://ccucougars.com/sports/mens-basketball/stats/2024-25,,landbradley|bradleyland,matched,1,bradleyland,1,0,Bradley Land,Radford,BSth,2026,135251,bt_pid:135251,6,3.9333,0.8889,-10.3568,78.0,/Users/adriankong/Desktop/TROP/trank_final_data_2026_with_pbp.csv,unmatched,,,,,,,,,,,,,,,,,,,,unmatched,,,,,,,,,,,,,,,,land bradley,colo christian,2025.0,135251,2026.0,,,,,,,,,mid_major,,54.020979,58.128778,30.41958,0.22028,0.69697,16.910936,16.608372,30.22341,5.542771,17.135617,1.753263,1.647678,21.269393511988717,,,7.108603667136812,2.5952045133991537,3.7235543018335684,1.071932299012694,0.5641748942172073,0.333,0.782,,alt_exact_name_team_season,website_priority_advanced_export,archetype_unique_name_season,0.0,0.5214624095,0.9876401871,0.0123598129,0.3521605593,0.5214624095,0.0239090918,0.0232653128,0.0792026266,0.0
16508,ncaa_direct,2024-25,2025,2025-26,2026,"Moore, Justin",D'Youville,,24,24.0,766.0,31.9,385,16.0,153,322.0,17,54.0,62,90.0,151,35,37,14,11,https://dyusaints.com/sports/mens-basketball/stats/2024-25,,moorejustin|justinmoore,matched_prior_d1_experience,1,justinmoore,1,1,Justin Moore,Loyola Chicago,A10,2026,76793,bt_pid:76793,22,29.9273,10.9091,-5.67182,75.0,/Users/adriankong/Desktop/TROP/trank_final_data_2026_with_pbp.csv,exact_name_team_season,1.0,2646.0,Low,"Moore, Justin",Loyola Chicago,Atlantic 10 Conference,5105780.0,6-3,Jr,s-PG,22.0,0.4986,0.4939,98.7341,0.2535,-2.0268,-1.5095,2.5649,-4.074400000000001,exact_name_team_season,1.0,2603.0,Justin Moore,Loyola Chicago,-0.53,-1.5,-2.03,1088.0,-0.22,-0.51,-0.74,99.8,116.3,-16.5,-152.0,moore justin,d youville,2025.0,76793,2026.0,0.786965,1.66973,-5.67182,-2.55892,-3.1129,-4.5781,-2.27666,-2.30144,mid_major,,50.15528,53.235619,27.950311,0.167702,0.945946,9.282489,9.820182,24.17657,7.510491,13.971276,1.424801,0.985283,20.10443864229765,,,7.885117493472585,1.8276762402088773,1.9321148825065275,0.7310704960835509,0.5744125326370757,0.315,0.689,,alt_exact_name_team_season,website_priority_advanced_export,archetype_unique_name_season,0.0,0.5151536583,1.0,0.0,0.0,0.5151536583,0.0,0.0,0.4738025244,0.0110438173
16521,ncaa_direct,2024-25,2025,2025-26,2026,"Vrabel, Matyas",Davenport,,28,28.0,712.0,25.4,305,10.9,118,219.0,0,2.0,69,127.0,192,30,55,9,10,https://dupanthers.com/sports/mens-basketball/stats/2024-25,,vrabelmatyas|matyasvrabel,matched,1,matyasvrabel,1,0,Matyas Vrabel,Tarleton St.,WAC,2026,135283,bt_pid:135283,10,6.0429,2.2143,-5.1681,82.0,/Users/adriankong/Desktop/TROP/trank_final_data_2026_with_pbp.csv,unmatched,,,,,,,,,,,,,,,,,,,,unmatched,,,,,,,,,,,,,,,,vrabel matyas,davenport,2025.0,135283,2026.0,0.321188,0.520268,-5.1681,-2.50884,-2.65927,-2.35707,-1.60172,-0.755353,mid_major,81.0,53.881279,55.478754,57.990868,0.009132,0.545455,16.672729,10.497471,23.787374,8.036754,22.229535,1.695339,0.74581,17.134831,2.977528,7.808989,10.786517,1.685393,3.089888,0.505618,0.561798,0.0,0.543,0.144441,combined_exact,combined_player_database,archetype_exact_name_team_season,0.0,0.7311319733,0.9188025339,0.0811974661,0.0,0.7311319733,0.0,0.1585841706,0.1102838561,0.0
16530,ncaa_direct,2024-25,2025,2025-26,2026,"Foster, Isaiah",Davenport,,27,5.0,368.0,13.6,40,1.5,14,62.0,2,21.0,10,19.0,35,35,42,25,0,https://dupanthers.com/sports/mens-basketball/stats/2024-25,,fosterisaiah|isaiahfoster,matched,1,isaiahfoster,1,0,Isaiah Foster,Prairie View A&M,SWAC,2026,127871,bt_pid:127871,4,3.6833,1.6667,-7.38058,73.0,/Users/adriankong/Desktop/TROP/trank_final_data_2026_with_pbp.csv,unmatched,,,,,,,,,,,,,,,,,,,,unmatched,,,,,,,,,,,,,,,,foster isaiah,davenport,2025.0,127871,2026.0,,,,,,,,,mid_major,71.0,24.193548,28.425242,30.645161,0.33871,0.833333,37.37985,17.976661,15.67597,1.466922,9.282587,0.0,4.008278,4.347826,0.543478,3.26087,3.804348,3.804348,4.565217,2.717391,0.0,0.095,0.526,2.934347,combined_exact,combined_player_database,archetype_exact_name_team_season,0.0,0.5162498909,0.326388984,0.673611016,0.5162498909,0.0,0.0,0.0,0.0,0.4837501091
16533,ncaa_direct,2024-25,2025,2025-26,2026,Elijah Crawford,Dist. Columbia,,25,24.0,588.0,23.5,167,6.7,63,153.0,1,8.0,40,63.0,119,44,38,23,33,https://www.udcfirebirds.com/sports/mbkb/2024-25/teams/distcolumbia,,elijahcrawford,matched_prior_d1_experience,1,elijahcrawford,1,1,Elijah Crawford,Illinois Chicago,MVC,2026,133659,bt_pid:133659,23,25.8609,14.087,3.39237,75.0,/Users/adriankong/Desktop/TROP/trank_final_data_2026_with_pbp.csv,unique_name_season,0.2105,288.0,Medium,"Crawford, Elijah",UIC,Missouri Valley Conference,5060703.0,6-3,So,PG,23.0,0.4482,0.4441,109.3395,0.3241,1.6134,2.2018,-2.2399,4.4417,exact_name_team_season,1.0,278.0,Elijah Crawford,Illinois-Chicago,2.8,1.78,4.58,1012.0,3.07,1.16,4.23,111.2,97.2,14.0,153.0,elijah crawford,district of columbia,2025.0,133659,2026.0,2.61277,2.59858,3.39237,2.86934,0.523029,4.59142,3.08564,1.50578,mid_major,76.0,41.503268,46.204073,41.176471,0.052288,1.157895,17.373811,14.106224,17.104909,7.270746,13.763756,5.560012,2.03223,11.360544,2.857143,5.238095,8.095238,2.993197,2.585034,1.564626,2.244898,0.125,0.635,0.625637,combined_exact,combined_player_database,archetype_exact_name_team_season,0.0,0.513594958,1.0,0.0,0.0,0.0,0.0,0.513594958,0.0386007664,0.4478042756
16555,ncaa_direct,2024-25,2025,2025-26,2026,"Applegate, Logan",Drury,,27,27.0,839.0,31.1,376,13.9,128,281.0,67,179.0,53,59.0,80,59,50,52,8,https://drurypanthers.com/sports/mens-basketball/stats/2024-25,,applegatelogan|loganapplegate,matched,1,loganapplegate,1,0,Logan Applegate,The Citadel,SC,2026,134968,bt_pid:134968,30,15.6273,6.4545,-3.24815,74.0,/Users/adriankong/Desktop/TROP/trank_final_data_2026_with_pbp.csv,exact_name_team_season,1.0,1880.0,Low,"Applegate, Logan",The Citadel,Southern Conference,5314551.0,6-2,Sr,WG,30.0,0.4096,0.3862,111.4214,0.1931,-0.4635,0.4579,1.7367,-1.2788,exact_name_team_season,1.0,1454.0,Logan Applegate,The Citadel,1.68,-1.0,0.68,788.0,1.45,-0.29,1.16,105.6,117.9,-12.3,-16.0,applegate logan,drury,2025.0,134968,2026.0,0.813066,0.722213,-3.24815,0.463961,-3.71211,-1.33284,0.677844,-2.01068,mid_major,74.0,57.47331,61.245765,20.996441,0.637011,1.18,14.007172,12.759311,21.794809,1.725917,10.237752,1.211526,3.607054,17.926103,0.57211,3.241955,3.814064,2.812872,2.38379,2.479142,0.381406,0.374,0.898,10.910833,combined_exact,combined_player_database,archetype_exact_name_team_season,0.0,0.8785816077,0.8009891389,0.1990108611,0.8785816077,0.0,0.0,0.0069519898,0.1144664025,0.0
16563,ncaa_direct,2024-25,2025,2025-26,2026,"Riek, Riek",Drury,,27,15.0,398.0,14.7,112,4.1,48,91.0,1,2.0,15,20.0,90,43,27,9,16,https://drurypanthers.com/sports/mens-basketball/stats/2024-25,,riekriek,matched,1,riekriek,1,0,Riek Riek,Gardner Webb,BSth,2026,134617,bt_pid:134617,24,10.4222,1.4074,-7.96771,81.0,/Users/adriankong/Desktop/TROP/trank_final_data_2026_with_pbp.csv,unmatched,,,,,,,,,,,,,,,,,,,,unmatched,,,,,,,,,,,,,,,,riek riek,drury,2025.0,134617,2026.0,-0.980101,0.325364,-7.96771,-6.25148,-1.71623,-10.3078,-8.43639,-1.87141,mid_major,81.0,53.296703,56.112224,21.978022,0.021978,1.592593,21.293375,18.528567,16.320432,9.702142,18.407829,5.107892,1.316045,11.256281,3.21608,5.829146,9.045226,4.321608,2.713568,0.904523,1.60804,0.5,0.75,0.256989,combined_exact,combined_player_database,archetype_exact_name_team_season,0.0,0.5664955527,0.9698348915,0.0301651085,0.0,0.0,0.0,0.5664955527,0.0,0.4335044473
16572,ncaa_direct,2024-25,2025,2025-26,2026,"Jones, Mason",East Central,,28,23.0,701.0,25.0,161,5.8,54,129.0,31,88.0,22,36.0,78,23,15,15,1,https://ecutigers.com/sports/mens-basketball/stats/2024-25,,jonesmason|masonjones,matched_prior_d1_experience,1,masonjones,1,1,Mason Jones,Ball St.,MAC,2026,77853,bt_pid:77853,29,30.929,4.1613,0.0663625,79.0,/Users/adriankong/Desktop/TROP/trank_final_data_2026_with_pbp.csv,exact_name_team_season,1.0,2499.0,Low,"Jones, Mason",Ball St.,Mid American Conference,5176167.0,6-7,Jr,WF,29.0,0.7734,0.7753,95.8926,0.0979,-2.4523,-2.8936,0.373,-3.2666000000000004,exact_name_team_season,1.0,2101.0,Mason Jones,Ball State,-1.38,0.66,-0.71,1490.0,-0.96,0.71,-0.25,96.2,107.4,-11.2,-125.0,jones mason,east central,2025.0,77853,2026.0,-1.1682,2.71272,0.0663625,-3.00099,3.06735,-2.1384,-4.02788,1.88947,mid_major,77.0,53.875969,55.578569,27.906977,0.682171,1.533333,9.384384,6.170815,12.346057,3.684318,9.245552,0.165489,1.27438,9.186876,1.198288,3.252496,4.450785,1.312411,0.85592,0.85592,0.057061,0.352,0.611,6.78548,combined_exact,combined_player_database,archetype_exact_name_team_season,0.0,0.8390024925,0.6667273723,0.3332726277,0.0,0.1498451236,0.0,0.0111523839,0.8390024925,0.0
16575,ncaa_direct,2024-25,2025,2025-26,2026,"Placide, Isaiah",Eckerd,,28,27.0,897.0,32.0,562,20.1,181,460.0,88,251.0,112,135.0,115,34,60,20,6,https://eckerdtritons.com/sports/mens-basketball/stats/2024-25,,placideisaiah|isaiahplacide,matched,1,isaiahplacide,1,0,Isaiah Placide,Massachusetts,MAC,2026,134059,bt_pid:134059,27,8.9107,3.8929,-1.78969,76.0,/Users/adriankong/Desktop/TROP/trank_final_data_2026_with_pbp.csv,unmatched,,,,,,,,,,,,,,,,,,,,unmatched,,,,,,,,,,,,,,,,placide isaiah,eckerd,2025.0,134059,2026.0,0.496593,0.623848,-1.78969,0.814491,-2.60418,0.583658,2.11988,-1.53622,mid_major,76.0,48.913043,54.100886,29.347826,0.545652,0.566667,10.35554,8.807557,31.475374,3.214234,10.948372,0.68542,1.268625,25.061315,1.15942,3.968785,5.128205,1.516165,2.675585,0.891862,0.267559,0.351,0.83,13.635345,combined_exact,combined_player_database,archetype_exact_name_team_season,0.0,0.5381493848,1.0,0.0,0.5381493848,0.0895512454,0.2500149705,0.0,0.1222843993,0.0
16604,ncaa_direct,2024-25,2025,2025-26,2026,"Fitzpatrick, Jabri",Felician,,16,15.0,597.0,37.3,318,19.9,97,241.0,23,76.0,101,125.0,106,49,46,28,4,https://felicianathletics.com/sports/mens-basketball/stats/2024-25,,fitzpatrickjabri|jabrifitzpatrick,matched,1,jabrifitzpatrick,1,0,Jabri Fitzpatrick,New Haven,NEC,2026,134975,bt_pid:134975,28,34.4387,14.9677,-1.45153,74.0,/Users/adriankong/Desktop/TROP/trank_final_data_2026_with_pbp.csv,exact_name_team_season,1.0,2383.0,Low,"Fitzpatrick, Jabri",New Haven,Northeast Conference,5185239.0,6-2,Jr,CG,28.0,0.8913,0.8956,102.9986,0.2645,-1.7433,-3.4718,-0.6424,-2.8294,exact_name_team_season,1.0,2121.0,Jabri Fitzpatrick,New Haven,-0.94,0.17,-0.77,1606.0,-0.26,-0.25,-0.51,91.2,107.2,-16.0,-132.0,fitzpatrick jabri,felician,2025.0,134975,2026.0,1.59162,2.87652,-1.45153,-1.04951,-0.402024,-0.316035,-0.430889,0.114854,mid_major,,45.020747,53.716216,51.86722,0.315353,1.065217,13.450292,15.965938,27.750937,2.228542,15.717371,0.637675,2.504278,21.306532663316585,,,7.102177554438861,3.2830820770519265,3.0820770519262983,1.8760469011725294,0.26800670016750416,0.303,0.808,,alt_exact_name_team_season,website_priority_advanced_export,archetype_unique_name_season,0.0,0.4088822435,1.0,0.0,0.4088822435,0.3902926199,0.0,0.0,0.085265804,0.1155593326
16615,ncaa_direct,2024-25,2025,2025-26,2026,"Brown, Donovan",Florida Tech,,26,24.0,971.0,37.3,538,20.7,186,415.0,49,135.0,117,157.0,111,88,84,24,6,https://floridatechsports.com/sports/mens-basketball/stats/2024-25,,browndonovan|donovanbrown,matched,1,donovanbrown,1,0,Donovan Brown,Massachusetts,MAC,2026,135146,bt_pid:135146,15,5.5312,0.8125,-5.9927,74.0,/Users/adriankong/Desktop/TROP/trank_final_data_2026_with_pbp.csv,unmatched,,,,,,,,,,,,,,,,,,,,unmatched,,,,,,,,,,,,,,,,brown donovan,florida tech,2025.0,135146,2026.0,-0.492364,0.360988,-5.9927,-5.58368,-0.409015,-8.97804,-8.09899,-0.87905,mid_major,74.0,50.722892,55.569327,37.831325,0.325301,1.047619,14.78665,20.129643,29.3159,2.312793,9.85576,0.592634,1.408517,22.162719,0.865088,3.707518,4.572606,3.625129,3.46035,0.988671,0.247168,0.363,0.745,6.960514,combined_exact,combined_player_database,archetype_exact_name_team_season,0.0,0.4633947622,1.0,0.0,0.4633947622,0.1746456738,0.0,0.0,0.1899091467,0.1720504173
16639,ncaa_direct,2024-25,2025,2025-26,2026,"Greene, Zyair",Georgia College,,24,22.0,696.0,29.0,476,19.8,144,368.0,81,209.0,107,127.0,104,41,65,16,2,https://gcsubobcats.com/sports/mens-basketball/stats/2024-25,,greenezyair|zyairgreene,matched,1,zyairgreene,1,0,Zyair Greene,Indiana St.,MVC,2026,134436,bt_pid:134436,3,7.175,2.0,-14.9379,75.0,/Users/adriankong/Desktop/TROP/trank_final_data_2026_with_pbp.csv,unmatched,,,,,,,,,,,,,,,,,,,,unmatched,,,,,,,,,,,,,,,,greene zyair,georgia college,2025.0,134436,2026.0,,,,,,,,,mid_major,75.0,50.13587,56.147966,34.51087,0.567935,0.630769,13.295696,14.564718,34.779276,2.074345,14.203554,0.337114,1.314882,27.356322,0.747126,5.229885,5.977011,2.356322,3.735632,0.91954,0.114943,0.388,0.843,14.787984,combined_exact,combined_player_database,archetype_exact_name_team_season,0.0,0.627800843,1.0,0.0,0.627800843,0.108620426,0.263578731,0.0,0.0,0.0
16700,ncaa_direct,2024-25,2025,2025-26,2026,"Bennion, Silas",Jamestown,,28,28.0,847.0,30.3,462,16.5,170,376.0,49,135.0,73,99.0,104,97,75,42,1,https://jimmiepride.com/sports/mens-basketball/stats/2024-25,,bennionsilas|silasbennion,matched,1,silasbennion,1,0,Silas Bennion,South Dakota,Sum,2026,143673,bt_pid:143673,16,28.9188,4.8125,-3.70022,73.0,/Users/adriankong/Desktop/TROP/trank_final_data_2026_with_pbp.csv,exact_name_team_season,1.0,2431.0,Low,"Bennion, Silas",South Dakota,Summit League,,,,s-PG,15.0,0.3729,0.3715,96.0589,0.1263,-2.9193,-2.4853,0.5094,-2.9947,exact_name_team_season,1.0,2504.0,Silas Bennion,South Dakota,-0.91,-0.81,-1.71,765.0,-1.14,-1.45,-2.59,102.1,109.0,-6.9,3.0,bennion silas,jamestown,2025.0,143673,2026.0,-0.794936,1.49772,-3.70022,-2.25848,-1.44174,-5.12736,-4.0981,-1.02926,mid_major,73.0,51.728723,55.057679,26.329787,0.359043,1.293333,15.164995,23.289291,30.384809,2.268034,12.636013,0.12367,2.882893,21.818182,0.755608,4.155844,4.911452,4.580874,3.541913,1.983471,0.047226,0.363,0.737,8.283484,combined_exact,combined_player_database,archetype_exact_name_team_season,0.0,0.6911506065,1.0,0.0,0.6911506065,0.1179501674,0.0,0.0,0.0,0.1908992261
16726,ncaa_direct,2024-25,2025,2025-26,2026,"Koenig, Tyler",Kutztown,,26,10.0,348.0,13.4,121,4.7,47,65.0,0,0.0,27,39.0,80,3,20,4,16,https://kubears.com/sports/mens-basketball/stats/2024-25,,koenigtyler|tylerkoenig,matched,1,tylerkoenig,1,0,Tyler Koenig,Coppin St.,MEAC,2026,134855,bt_pid:134855,27,16.9679,5.3214,-5.82381,81.0,/Users/adriankong/Desktop/TROP/trank_final_data_2026_with_pbp.csv,exact_name_team_season,1.0,2858.0,Low,"Koenig, Tyler",Coppin St.,Mid-Eastern Athletic Conference,5313951.0,6-9,Jr,C,26.0,0.3669,0.3731,101.5179,0.1929,-1.7113,-3.4357,2.2199,-5.6556,unmatched,,,,,,,,,,,,,,,,koenig tyler,kutztown,2025.0,134855,2026.0,0.244293,0.715753,-5.82381,-4.06085,-1.76296,-5.61621,-3.25193,-2.36429,mid_major,81.0,72.307692,73.636806,60.0,0.0,0.15,19.577134,1.815951,14.3891,9.066731,17.31835,4.672461,0.647977,13.908046,3.333333,5.862069,9.195402,0.344828,2.298851,0.45977,1.83908,0.0,0.692,0.0,combined_exact,combined_player_database,archetype_exact_name_team_season,0.0,0.8245553952,0.7597909512,0.2402090488,0.0,0.0,0.0,0.8245553952,0.1754446048,0.0
16751,ncaa_direct,2024-25,2025,2025-26,2026,Daniel Mayfield,Mars Hill,,22,13.0,423.0,19.2,190,8.6,72,159.0,12,36.0,34,51.0,101,16,27,14,17,https://www.marshilllions.com/sports/mbkb/2024-25/teams/marshill?view=lineup,,danielmayfield,matched,1,danielmayfield,1,0,Daniel Mayfield,Mississippi Valley St.,SWAC,2026,135547,bt_pid:135547,27,29.4143,13.3571,-5.79197,80.0,/Users/adriankong/Desktop/TROP/trank_final_data_2026_with_pbp.csv,unique_name_season,0.7692,2925.0,Low,"Mayfield, Daniel",Mississippi Val.,Southwestern Athletic Conference,5314775.0,6-8,Sr,WF,26.0,0.587,0.5883,96.7345,0.2714,-3.6914,-4.8084,2.1008,-6.9092,exact_name_team_season,1.0,2981.0,Daniel Mayfield,Mississippi Valley State,-2.89,-1.1,-3.99,1384.0,-1.91,-0.23,-2.13,84.4,120.4,-36.0,-367.0,daniel mayfield,mars hill,2025.0,135547,2026.0,0.482912,1.11666,-5.79197,-3.72384,-2.06812,-4.54314,-1.95439,-2.58876,mid_major,80.0,49.056604,52.358907,32.075472,0.226415,0.592593,12.953368,7.778987,23.747045,10.314503,17.296027,4.425462,1.811635,17.966903,3.877069,5.673759,9.550827,1.513002,2.553191,1.323877,1.607565,0.333,0.667,4.105946,combined_exact,combined_player_database,archetype_exact_name_team_season,0.0,0.4324985789,1.0,0.0,0.2248511532,0.2246504393,0.1121907087,0.4324985789,0.0058091199,0.0
16765,ncaa_direct,2024-25,2025,2025-26,2026,"Delorme, Wylee",Mary,,21,0.0,276.0,13.1,133,6.3,42,98.0,17,49.0,32,49.0,44,11,11,5,3,https://goumary.com/sports/mens-basketball/stats/2024-25,,delormewylee|wyleedelorme,matched,1,wyleedelorme,1,0,Wylee Delorme,North Dakota,Sum,2026,134610,bt_pid:134610,19,8.04,1.9,-3.62629,77.0,/Users/adriankong/Desktop/TROP/trank_final_data_2026_with_pbp.csv,unmatched,,,,,,,,,,,,,,,,,,,,unmatched,,,,,,,,,,,,,,,,delorme wylee,mary,2025.0,134610,2026.0,0.440335,0.303373,-3.62629,-0.09344,-3.53285,-6.07985,-2.28261,-3.79724,mid_major,77.0,51.530612,55.620609,50.0,0.5,1.0,8.425245,9.013295,24.075436,3.022879,16.882999,1.278772,1.061916,19.275362,1.15942,5.217391,6.376812,1.594203,1.594203,0.724638,0.434783,0.347,0.653,9.008736,combined_exact,combined_player_database,archetype_exact_name_team_season,0.0,0.5044576804,0.9038106599,0.0961893401,0.0,0.5044576804,0.4955423196,0.0,0.0,0.0
16774,ncaa_direct,2024-25,2025,2025-26,2026,"Williams, Luke",Maryville (MO),,25,23.0,788.0,31.5,385,15.4,153,318.0,47,123.0,32,41.0,104,49,23,30,9,https://maryvillesaints.com/sports/mens-basketball/stats/2024-25,,williamsluke|lukewilliams,matched,1,lukewilliams,1,0,Luke Williams,Charleston Southern,BSth,2026,135611,bt_pid:135611,17,31.11,10.6,-1.54742,72.0,/Users/adriankong/Desktop/TROP/trank_final_data_2026_with_pbp.csv,unique_name_season,0.8125,965.0,Low,"Williams, Luke",Charleston So.,Big South Conference,5313450.0,6-0,Sr,s-PG,17.0,0.4435,0.4495,120.5004,0.1624,1.1032,1.2639,-0.0439,1.3078,exact_name_team_season,1.0,1247.0,Luke Williams,Charleston Southern,1.8,-0.64,1.16,982.0,1.82,-1.5,0.32,106.9,106.4,0.5,16.0,williams luke,maryville mo,2025.0,135611,2026.0,1.85691,2.0099,-1.54742,0.723174,-2.27059,-0.861691,0.145508,-1.0072,mid_major,,55.503145,57.284847,12.893082,0.386792,2.130435,6.405971,11.395865,23.909048,2.641189,12.231263,1.24938,2.160608,19.543147208121827,,,5.279187817258883,2.487309644670051,1.16751269035533,1.5228426395939085,0.45685279187817257,0.382,0.78,,alt_exact_name_team_season,website_priority_advanced_export,unmatched,1.0,,,,,,,,,
16775,ncaa_direct,2024-25,2025,2025-26,2026,"Burton, Lucas",Maryville (MO),,27,25.0,633.0,23.4,392,14.5,155,254.0,11,29.0,71,103.0,128,23,40,21,18,https://maryvillesaints.com/sports/mens-basketball/stats/2024-25,,burtonlucas|lucasburton,matched,1,lucasburton,1,0,Lucas Burton,Cleveland St.,Horz,2026,134331,bt_pid:134331,10,7.3231,2.9231,-2.79604,80.0,/Users/adriankong/Desktop/TROP/trank_final_data_2026_with_pbp.csv,unmatched,,,,,,,,,,,,,,,,,,,,unmatched,,,,,,,,,,,,,,,,burton lucas,maryville mo,2025.0,134331,2026.0,0.682231,0.271553,-2.79604,-0.202291,-2.59375,-2.85372,-1.10352,-1.7502,mid_major,,63.188976,65.481759,40.551181,0.114173,0.575,11.788282,7.34102,28.128814,6.575851,16.451383,3.11062,1.882767,24.77093206951027,,,8.088467614533965,1.4533965244865719,2.527646129541864,1.3270142180094786,1.1374407582938388,0.379,0.689,,alt_exact_name_team_season,website_priority_advanced_export,archetype_unique_name_season,0.0,0.4761890837,1.0,0.0,0.1283182897,0.4761890837,0.0,0.1845475877,0.2109450389,0.0
16778,ncaa_direct,2024-25,2025,2025-26,2026,"Holden, Anthony",Maryville (MO),,27,24.0,799.0,29.6,272,10.1,106,221.0,45,124.0,15,22.0,94,39,34,26,8,https://maryvillesaints.com/sports/mens-basketball/stats/2024-25,,holdenanthony|anthonyholden,matched,1,anthonyholden,1,0,Anthony Holden,Stonehill,NEC,2026,134596,bt_pid:134596,18,10.02,2.4,-4.02983,77.0,/Users/adriankong/Desktop/TROP/trank_final_data_2026_with_pbp.csv,unmatched,,,,,,,,,,,,,,,,,,,,unmatched,,,,,,,,,,,,,,,,holden anthony,maryville mo,2025.0,134596,2026.0,0.181587,0.66708,-4.02983,-3.28189,-0.74794,-2.98141,-2.30635,-0.675054,mid_major,,58.144796,58.95613,9.954751,0.561086,1.147059,12.8457,8.039271,17.382811,1.991927,11.23095,1.09527,1.846748,13.617021276595745,,,4.705882352941177,1.9524405506883604,1.702127659574468,1.3016270337922402,0.4005006257822278,0.363,0.682,,alt_exact_name_team_season,website_priority_advanced_export,archetype_unique_name_season,0.0,0.5854336901,0.8352126051,0.1647873949,0.3566483402,0.0024017294,0.0,0.0555162403,0.5854336901,0.0
16787,ncaa_direct,2024-25,2025,2025-26,2026,"Seaman, Landon",Menlo,,26,26.0,861.0,33.1,515,19.8,202,378.0,0,1.0,111,149.0,186,52,81,34,22,https://menloathletics.com/sports/mens-basketball/stats/2024-25,,seamanlandon|landonseaman,matched,1,landonseaman,1,0,Landon Seaman,Cal St. Fullerton,BW,2026,135262,bt_pid:135262,32,20.8353,12.0,-0.0346335,80.0,/Users/adriankong/Desktop/TROP/trank_final_data_2026_with_pbp.csv,exact_name_team_season,1.0,895.0,Medium,"Seaman, Landon",Cal St. Fullerton,Big West Conference,4910887.0,6-8,Sr,WF,32.0,0.529,0.5219,116.3957,0.238,2.2878,2.5846,1.0513,1.5333,exact_name_team_season,1.0,1576.0,Landon Seaman,Cal State Fullerton,1.66,-1.25,0.4,1272.0,1.81,-0.81,1.0,107.4,111.2,-3.8,5.0,seaman landon,menlo,2025.0,135262,2026.0,2.0026,1.57831,-0.0346335,1.58361,-1.61824,1.87719,3.15331,-1.27612,mid_major,81.0,53.439153,58.053026,39.417989,0.002646,0.641975,15.441513,14.124485,29.654626,9.085836,15.123654,2.59238,2.206878,23.925668,3.11266,5.528455,8.641115,2.415796,3.763066,1.579559,1.022067,0.0,0.745,0.056171,combined_exact,combined_player_database,archetype_exact_name_team_season,0.0,0.6922315711,1.0,0.0,0.0628646661,0.6922315711,0.0,0.059812585,0.0761060233,0.1089851546
16789,ncaa_direct,2024-25,2025,2025-26,2026,"Davidson, Nick",Menlo,,26,17.0,739.0,28.4,294,11.3,102,232.0,37,80.0,53,68.0,124,62,68,34,3,https://menloathletics.com/sports/mens-basketball/stats/2024-25,,davidsonnick|nickdavidson,matched_prior_d1_experience,1,nickdavidson,1,1,Nick Davidson,Clemson,ACC,2026,75126,bt_pid:75126,35,21.98,9.1143,4.70611,82.0,/Users/adriankong/Desktop/TROP/trank_final_data_2026_with_pbp.csv,exact_name_team_season,1.0,766.0,High,"Davidson, Nick",Clemson,Atlantic Coast Conference,4699440.0,6-10,Sr,S-PF,35.0,0.539,0.538,115.952,0.2121,2.4298,1.0532,-0.9255,1.9787,exact_name_team_season,1.0,384.0,Nick Davidson,Clemson,2.35,1.66,4.01,1239.0,2.26,0.95,3.21,110.8,98.1,12.6,67.0,davidson nick,menlo,2025.0,75126,2026.0,2.20817,2.76656,4.70611,2.29189,2.41423,4.29126,2.3894,1.90186,power_4,74.0,51.939655,56.124007,29.310345,0.344828,0.911765,20.611057,16.005514,21.730246,3.317937,15.251259,0.411866,2.571207,15.913396,1.136671,5.575101,6.711773,3.355886,3.68065,1.840325,0.162382,0.463,0.779,5.235497,combined_exact,combined_player_database,archetype_exact_name_team_season,0.0,0.4369666407,0.80912435,0.19087565,0.4369666407,0.2739359472,0.0,0.0,0.1453107322,0.1437866799
16821,ncaa_direct,2024-25,2025,2025-26,2026,"Bolden, Rashad",Mississippi Christian,,22,22.0,818.0,37.2,535,24.3,180,458.0,59,156.0,116,130.0,101,98,63,25,0,https://www.gochoctaws.com/sports/mens-basketball/stats/2024-25,,boldenrashad|rashadbolden,matched,1,rashadbolden,1,0,Rashad Bolden,Central Arkansas,ASun,2026,135444,bt_pid:135444,2,23.1667,8.6667,-10.1604,72.0,/Users/adriankong/Desktop/TROP/trank_final_data_2026_with_pbp.csv,unmatched,,,,,,,,,,,,,,,,,,,,unmatched,,,,,,,,,,,,,,,,bolden rashad,mississippi christian,2025.0,135444,2026.0,,,,,,,,,mid_major,72.0,45.742358,51.921584,28.384279,0.340611,1.555556,10.895884,32.520589,38.161867,2.022508,13.265143,0.0,1.82661,26.161369,0.684597,4.254279,4.938875,4.792176,3.080685,1.222494,0.0,0.378,0.892,10.267355,combined_exact,combined_player_database,archetype_exact_name_team_season,0.0,0.6952651903,1.0,0.0,0.6952651903,0.0644918677,0.0,0.0,0.0,0.240242942
16834,ncaa_direct,2024-25,2025,2025-26,2026,"Brooks, Tyrique",Mo. Southern St.,,28,26.0,808.0,28.9,368,13.1,124,274.0,59,167.0,61,78.0,118,26,37,12,10,https://mssulions.com/sports/mens-basketball/stats/2024-25,,brookstyrique|tyriquebrooks,matched,1,tyriquebrooks,1,0,Tyrique Brooks,Missouri St.,CUSA,2026,135584,bt_pid:135584,20,7.3696,1.913,-6.00334,76.0,/Users/adriankong/Desktop/TROP/trank_final_data_2026_with_pbp.csv,unmatched,,,,,,,,,,,,,,,,,,,,unmatched,,,,,,,,,,,,,,,,brooks tyrique,mo southern state,2025.0,135584,2026.0,-0.0951073,0.484789,-6.00334,-4.07272,-1.93062,-6.93971,-5.52004,-1.41968,mid_major,,56.021898,59.678256,28.467153,0.609489,0.702703,10.714699,5.916421,21.800185,5.617104,10.821026,1.342145,0.856968,18.217821782178216,,,5.841584158415841,1.2871287128712872,1.8316831683168318,0.594059405940594,0.49504950495049505,0.353,0.782,,alt_exact_name_team_season,website_priority_advanced_export,archetype_unique_name_season,0.0,0.4198728854,1.0,0.0,0.1313186848,0.1819819393,0.2668264906,0.0,0.4198728854,0.0
16944,ncaa_direct,2024-25,2025,2025-26,2026,"Fisher, Nazareth",Point Park,,30,25.0,814.0,27.1,339,11.3,146,244.0,0,1.0,47,85.0,330,8,73,8,40,https://pointparksports.com/sports/mens-basketball/stats/2024-25,,fishernazareth|nazarethfisher,matched,1,nazarethfisher,1,0,Nazareth Fisher,Eastern Illinois,OVC,2026,133733,bt_pid:133733,27,15.2517,4.1379,-4.12497,82.0,/Users/adriankong/Desktop/TROP/trank_final_data_2026_with_pbp.csv,unique_name_season,0.8148,2746.0,Low,"Fisher, Nazareth",Eastern Ill.,Ohio Valley Conference,4901611.0,6-10,Sr,C,27.0,0.3488,0.3532,103.2484,0.1581,-1.6662,-2.547,2.1469,-4.6939,exact_name_team_season,1.0,2980.0,Nazareth Fisher,Eastern Illinois,-3.18,-0.81,-3.99,722.0,-1.74,-0.49,-2.23,86.6,112.2,-25.6,-137.0,fisher nazareth,point park,2025.0,133733,2026.0,0.234921,1.07361,-4.12497,-3.6955,-0.429463,-6.40815,-4.77767,-1.63048,mid_major,82.0,59.836066,60.234542,34.836066,0.004098,0.109589,20.598194,1.963094,20.448095,16.064224,25.750244,4.809793,0.556177,16.658477,6.388206,9.82801,16.216216,0.39312,3.587224,0.39312,1.965602,0.0,0.553,0.057698,combined_exact,combined_player_database,archetype_exact_name_team_season,0.0,0.6187286864,1.0,0.0,0.0,0.3812713136,0.0,0.6187286864,0.0,0.0
16946,ncaa_direct,2024-25,2025,2025-26,2026,"Miller, Aiden",Point Park,,28,21.0,780.0,27.9,274,9.8,99,264.0,44,119.0,32,52.0,251,48,44,22,10,https://pointparksports.com/sports/mens-basketball/stats/2024-25,,milleraiden|aidenmiller,matched,1,aidenmiller,1,0,Aiden Miller,IU Indy,Horz,2026,134779,bt_pid:134779,27,14.7724,5.0,-3.02482,80.0,/Users/adriankong/Desktop/TROP/trank_final_data_2026_with_pbp.csv,exact_name_team_season,1.0,2520.0,Low,"Miller, Aiden",IU Indy,Horizon League,5313215.0,6-8,So,PF/C,27.0,0.3251,0.3326,99.5812,0.1727,-2.4132,-1.4995,1.8396,-3.3391,exact_name_team_season,1.0,2662.0,Aiden Miller,IU Indy,-1.34,-0.89,-2.23,742.0,-0.81,0.09,-0.72,101.9,118.4,-16.5,-112.0,miller aiden,point park,2025.0,134779,2026.0,0.109275,0.955506,-3.02482,-1.46882,-1.55599,-4.20427,-2.14813,-2.05614,mid_major,80.0,45.833333,47.755159,19.69697,0.450758,1.090909,13.297872,11.126565,19.923217,10.187633,23.110514,1.254863,1.596155,14.051282,4.051282,8.820513,12.871795,2.461538,2.25641,1.128205,0.512821,0.37,0.615,7.165325,combined_exact,combined_player_database,archetype_exact_name_team_season,0.0,0.7264086614,0.86814394,0.13185606,0.0,0.7264086614,0.2577173993,0.0158739393,0.0,0.0
16958,ncaa_direct,2024-25,2025,2025-26,2026,"Ashford, Will",Purdue Northwest,,28,19.0,791.0,28.3,267,9.5,98,179.0,31,56.0,40,50.0,95,37,27,13,11,https://pnwathletics.com/sports/mens-basketball/stats/2024-25,,ashfordwill|willashford,matched,1,willashford,1,0,Will Ashford,Central Michigan,MAC,2026,135020,bt_pid:135020,25,11.5222,2.4074,-7.73679,77.0,/Users/adriankong/Desktop/TROP/trank_final_data_2026_with_pbp.csv,unmatched,,,,,,,,,,,,,,,,,,,,unmatched,,,,,,,,,,,,,,,,ashford will,purdue northwest,2025.0,135020,2026.0,-0.686693,0.590233,-7.73679,-5.2396,-2.49719,-8.72787,-6.18922,-2.53866,mid_major,77.0,63.407821,66.41791,27.932961,0.312849,1.37037,11.842105,8.289017,14.405343,3.479651,9.743022,1.479822,0.931047,13.501896,1.264223,3.539823,4.804046,1.871049,1.36536,0.657396,0.556258,0.554,0.8,3.536279,combined_exact,combined_player_database,archetype_exact_name_team_season,0.0,0.6123755597,0.9389348481,0.0610651519,0.0,0.0,0.0,0.1491056683,0.6123755597,0.238518772
16959,ncaa_direct,2024-25,2025,2025-26,2026,"Gayman, Dalton",Purdue Northwest,,25,21.0,613.0,24.5,235,9.4,82,192.0,31,84.0,40,57.0,174,34,31,20,5,https://pnwathletics.com/sports/mens-basketball/stats/2024-25,,gaymandalton|daltongayman,matched,1,daltongayman,1,0,Dalton Gayman,North Florida,ASun,2026,135299,bt_pid:135299,30,23.5625,10.3438,-3.05411,79.0,/Users/adriankong/Desktop/TROP/trank_final_data_2026_with_pbp.csv,exact_name_team_season,1.0,2493.0,Low,"Gayman, Dalton",North Florida,ASUN Conference,5257916.0,6-7,Sr,WF,29.0,0.6003,0.6003,112.3279,0.2208,0.5322,0.565,3.7986,-3.2336,exact_name_team_season,1.0,2370.0,Dalton Gayman,North Florida,0.74,-2.1,-1.36,1288.0,0.91,-0.17,0.74,107.3,125.7,-18.4,-203.0,gayman dalton,purdue northwest,2025.0,135299,2026.0,1.56048,0.997276,-3.05411,-0.441243,-2.61286,-1.80081,0.672213,-2.47303,mid_major,79.0,50.78125,54.127511,29.6875,0.4375,1.096774,12.495969,10.003752,20.225372,8.261702,22.989083,0.867966,1.848308,15.334421,3.001631,8.352365,11.353997,2.218597,2.022838,1.305057,0.326264,0.369,0.702,6.844689,combined_exact,combined_player_database,archetype_exact_name_team_season,0.0,0.752878333,0.8494935371,0.1505064629,0.0,0.752878333,0.247121667,0.0,0.0,0.0
16966,ncaa_direct,2024-25,2025,2025-26,2026,"Davis II, Aaron",Purdue Northwest,,11,0.0,72.0,6.5,20,1.8,6,13.0,0,3.0,8,10.0,10,8,8,1,0,https://pnwathletics.com/sports/mens-basketball/stats/2024-25,,davisaaron|aarondavis,matched_prior_d1_experience,1,aarondavis,1,1,Aaron Davis,Bryant,AE,2026,77786,bt_pid:77786,28,23.2467,9.5,-3.70607,79.0,/Users/adriankong/Desktop/TROP/trank_final_data_2026_with_pbp.csv,exact_name_team_season,1.0,2895.0,Low,"Davis, Aaron",Bryant,America East Conference,5174850.0,6-7,Jr,WG,28.0,0.563,0.5521,101.1197,0.2116,-2.37,-3.2847,2.9514,-6.2361,exact_name_team_season,1.0,2658.0,Aaron Davis,Bryant,-1.02,-1.2,-2.22,1058.0,-0.08,0.2,0.12,91.7,117.3,-25.7,-163.0,davis ii aaron,purdue northwest,2025.0,77786,2026.0,0.66175,1.3749,-3.70607,-0.9572,-2.74887,-2.84204,-1.21136,-1.63069,mid_major,73.0,46.153846,57.471264,76.923077,0.230769,1.0,31.496063,18.36923,17.630574,0.0,15.291132,0.0,0.786814,11.111111,0.0,5.555556,5.555556,4.444444,4.444444,0.555556,0.0,0.0,0.8,2.081247,combined_exact,combined_player_database,archetype_exact_name_team_season,0.0,0.4467013097,0.3318008938,0.6681991062,0.0,0.4467013097,0.1412358309,0.0,0.0,0.4120628594
16975,ncaa_direct,2024-25,2025,2025-26,2026,"Kelly III, John",Quincy,,17,6.0,231.0,13.6,82,4.8,37,69.0,2,12.0,6,17.0,68,17,25,5,3,https://quhawks.com/sports/mens-basketball/stats/2024-25,,kellyjohn|johnkelly,matched_prior_d1_experience,1,johnkelly,1,1,John Kelly,NJIT,AE,2026,128100,bt_pid:128100,32,15.5727,4.3333,-4.59052,80.0,/Users/adriankong/Desktop/TROP/trank_final_data_2026_with_pbp.csv,exact_name_team_season,1.0,2776.0,Low,"Kelly, John",NJIT,America East Conference,5239759.0,6-8,So,WF,32.0,0.3807,0.3886,104.1079,0.1604,-1.6389,-2.9291,1.9651,-4.8942,exact_name_team_season,1.0,2974.0,John Kelly,NJIT,-2.22,-1.74,-3.96,823.0,-1.28,-1.36,-2.64,88.7,115.1,-26.4,-178.0,kelly iii john,quincy,2025.0,128100,2026.0,0.235853,0.941753,-4.59052,-2.78347,-1.80704,-4.34294,-3.06233,-1.28061,mid_major,78.0,55.072464,53.608787,24.637681,0.173913,0.68,24.635396,13.979545,21.336697,7.116171,26.936027,1.494908,1.200643,14.199134,2.597403,9.177489,11.774892,2.943723,4.329004,0.865801,0.519481,0.167,0.353,2.52364,combined_exact,combined_player_database,archetype_exact_name_team_season,0.0,0.6922302707,0.7462346474,0.2537653526,0.0,0.6922302707,0.1864497956,0.1213199336,0.0,0.0
16978,ncaa_direct,2024-25,2025,2025-26,2026,"Bieg, Todd",Quincy,,17,2.0,167.0,9.8,15,0.9,7,22.0,0,0.0,1,2.0,33,13,7,2,2,https://quhawks.com/sports/mens-basketball/stats/2024-25,,biegtodd|toddbieg,matched,1,toddbieg,1,0,Todd Bieg,Lindenwood,OVC,2026,134094,bt_pid:134094,12,5.3267,0.5333,-4.84156,78.0,/Users/adriankong/Desktop/TROP/trank_final_data_2026_with_pbp.csv,unmatched,,,,,,,,,,,,,,,,,,,,unmatched,,,,,,,,,,,,,,,,bieg todd,quincy,2025.0,134094,2026.0,-0.205128,0.273921,-4.84156,-4.85565,0.0140979,-7.38274,-8.69773,1.31499,mid_major,79.0,31.818182,32.77972,9.090909,0.0,1.857143,23.427041,12.074671,8.690061,7.874662,14.762927,1.378538,0.664308,3.592814,2.874251,5.02994,7.904192,3.113772,1.676647,0.479042,0.479042,0.0,0.5,0.0,combined_exact,combined_player_database,archetype_exact_name_team_season,0.0,0.7570776204,0.4093908235,0.5906091765,0.0,0.0,0.0,0.7570776204,0.0,0.2429223796
16984,ncaa_direct,2024-25,2025,2025-26,2026,"Brown, Kennedy",Roosevelt,,28,14.0,575.0,20.5,178,6.4,76,136.0,0,0.0,26,35.0,146,12,17,11,26,https://rooseveltlakers.com/sports/mens-basketball/stats/2024-25,,brownkennedy|kennedybrown,matched,1,kennedybrown,1,0,Kennedy Brown,FIU,CUSA,2026,135208,bt_pid:135208,18,6.9524,1.5238,-6.95501,80.0,/Users/adriankong/Desktop/TROP/trank_final_data_2026_with_pbp.csv,unmatched,,,,,,,,,,,,,,,,,,,,unmatched,,,,,,,,,,,,,,,,brown kennedy,roosevelt,2025.0,135208,2026.0,-0.417742,0.375968,-6.95501,-5.40777,-1.54724,-9.72769,-8.12646,-1.60122,mid_major,80.0,55.882353,58.784676,25.735294,0.0,0.705882,10.095012,3.873584,14.979951,8.979792,18.808915,4.912196,1.087147,12.382609,3.269565,6.886957,10.156522,0.834783,1.182609,0.765217,1.808696,0.0,0.743,0.0,combined_exact,combined_player_database,archetype_exact_name_team_season,0.0,0.6019999544,0.9678293406,0.0321706594,0.0,0.0784218183,0.0,0.6019999544,0.2868500661,0.0327281613
17046,ncaa_direct,2024-25,2025,2025-26,2026,"Williams, CJ",Shorter,,25,16.0,573.0,22.9,262,10.5,96,207.0,31,80.0,39,46.0,88,12,34,22,11,https://goshorterhawks.com/sports/mens-basketball/stats/2024-25,,williamscj|cjwilliams,matched_prior_d1_experience,1,cjwilliams,1,1,CJ Williams,Auburn,SEC,2026,77245,bt_pid:77245,5,1.14,0.6,22.3269,74.0,/Users/adriankong/Desktop/TROP/trank_final_data_2026_with_pbp.csv,unmatched,,,,,,,,,,,,,,,,,,,,unmatched,,,,,,,,,,,,,,,,williams cj,shorter,2025.0,77245,2026.0,,,,,,,,,power_4,80.0,53.864734,57.648301,22.222222,0.386473,0.352941,13.014852,4.16916,22.581022,2.271923,17.553447,1.992163,2.103633,18.289703,0.767888,5.375218,6.143106,0.837696,2.373473,1.535777,0.767888,0.388,0.848,6.919754,combined_exact,combined_player_database,archetype_exact_name_team_season,0.0,0.2637725983,0.9850258249,0.0149741751,0.2115058363,0.2194240501,0.1917978891,0.1134996263,0.2637725983,0.0
17051,ncaa_direct,2024-25,2025,2025-26,2026,"Coquia, Irish",Simon Fraser,,28,27.0,974.0,34.8,473,16.9,165,363.0,64,164.0,79,96.0,92,135,118,45,6,https://athletics.sfu.ca/sports/mens-basketball/stats/2024-25,,coquiairish|irishcoquia,matched,1,irishcoquia,1,0,Irish Coquia,New Orleans,Slnd,2026,134719,bt_pid:134719,25,9.62,2.68,-5.00226,74.0,/Users/adriankong/Desktop/TROP/trank_final_data_2026_with_pbp.csv,unmatched,,,,,,,,,,,,,,,,,,,,unmatched,,,,,,,,,,,,,,,,coquia irish,simon fraser,2025.0,134719,2026.0,0.13675,0.628262,-5.00226,-1.6412,-3.36105,-3.02341,-0.998745,-2.02466,mid_major,73.0,54.269972,58.360478,26.446281,0.451791,1.144068,22.551793,30.037698,27.053918,1.473506,9.230081,0.678814,2.623652,19.425051,0.492813,3.285421,3.778234,5.544148,4.845996,1.848049,0.246407,0.39,0.823,8.483039,combined_exact,combined_player_database,archetype_exact_name_team_season,0.0,0.6412659662,1.0,0.0,0.6412659662,0.0,0.0,0.0,0.0,0.3587340338
17096,ncaa_direct,2024-25,2025,2025-26,2026,"Davis, BJ",Southern Ark.,,28,28.0,861.0,30.8,334,11.9,114,282.0,66,177.0,40,51.0,94,80,39,28,0,https://muleriderathletics.com/sports/mens-basketball/stats/2024-25,,davisbj|bjdavis,matched_prior_d1_experience,1,bjdavis,1,1,BJ Davis,San Diego St.,MWC,2026,78115,bt_pid:78115,32,22.2455,10.8485,6.08421,74.0,/Users/adriankong/Desktop/TROP/trank_final_data_2026_with_pbp.csv,exact_name_team_season,1.0,140.0,Medium,"Davis, BJ",San Diego St.,Mountain West Conference,5176241.0,6-2,Jr,CG,32.0,0.5552,0.553,120.9012,0.2363,4.0535,2.598,-3.4405,6.0385,exact_name_team_season,1.0,189.0,BJ Davis,San Diego State,2.87,2.4,5.27,1254.0,3.31,1.39,4.7,110.4,93.9,16.6,150.0,davis bj,southern ark,2025.0,78115,2026.0,2.65016,2.89131,6.08421,3.87906,2.20515,6.65343,3.25849,3.39494,mid_major,,52.12766,54.854815,18.085106,0.62766,2.051282,11.355695,17.897519,19.909564,1.444505,11.451898,0.0,1.88853,15.516840882694542,,,4.3670150987224154,3.7166085946573753,1.8118466898954704,1.3008130081300813,0.0,0.373,0.784,,alt_exact_name_team_season,website_priority_advanced_export,archetype_unique_name_season,0.0,0.6306080991,0.6812182562,0.3187817438,0.6306080991,0.0215451863,0.0,0.0,0.1593418321,0.1885048825
17150,ncaa_direct,2024-25,2025,2025-26,2026,"Jackson, Tyler",Sul Ross St.,,18,16.0,385.0,21.4,184,10.2,70,120.0,0,1.0,44,67.0,73,12,29,12,5,https://srlobos.com/sports/mens-basketball/stats/2024-25,,jacksontyler|tylerjackson,matched,1,tylerjackson,1,0,Tyler Jackson,Eastern Kentucky,ASun,2026,134247,bt_pid:134247,17,16.7316,8.5789,-3.34439,74.0,/Users/adriankong/Desktop/TROP/trank_final_data_2026_with_pbp.csv,unmatched,,,,,,,,,,,,,,,,,,,,exact_name_team_season,1.0,2201.0,Tyler Jackson,Eastern Kentucky,-0.17,-0.78,-0.94,512.0,0.02,0.46,0.48,103.5,120.3,-16.9,-79.0,jackson tyler,sul ross state,2025.0,134247,2026.0,0.788205,0.973457,-3.34439,-1.02544,-2.31895,-1.62902,-0.24592,-1.3831,mid_major,79.0,58.333333,61.546695,55.833333,0.008333,0.413793,16.248319,7.743547,23.356168,6.492147,15.33909,1.264893,1.721868,19.116883,2.285714,5.298701,7.584416,1.246753,3.012987,1.246753,0.519481,0.0,0.657,0.130055,combined_exact,combined_player_database,archetype_exact_name_team_season,0.0,0.646567091,0.7867650519,0.2132349481,0.0,0.646567091,0.0,0.1043095563,0.2491233527,0.0
17154,ncaa_direct,2024-25,2025,2025-26,2026,"Harris, Bryce",Sul Ross St.,,27,21.0,447.0,16.6,97,3.6,40,101.0,0,1.0,17,37.0,134,18,18,15,14,https://srlobos.com/sports/mens-basketball/stats/2024-25,,harrisbryce|bryceharris,matched_prior_d1_experience,1,bryceharris,1,1,Bryce Harris,Howard,MEAC,2026,74382,bt_pid:74382,31,32.3543,17.2571,3.1963,76.0,/Users/adriankong/Desktop/TROP/trank_final_data_2026_with_pbp.csv,exact_name_team_season,1.0,506.0,Low,"Harris, Bryce",Howard,Mid-Eastern Athletic Conference,4897768.0,6-4,Sr,WG,30.0,0.8008,0.7994,115.5252,0.2597,1.1041,1.6028,-1.442,3.0448,exact_name_team_season,1.0,544.0,Bryce Harris,Howard,1.99,1.28,3.27,1820.0,2.58,0.08,2.67,104.8,99.8,5.0,250.0,harris bryce,sul ross state,2025.0,74382,2026.0,2.81477,3.38132,3.1963,1.43946,1.75684,3.75188,3.00555,0.746327,mid_major,77.0,39.60396,41.354025,36.633663,0.009901,1.0,13.305736,8.137568,15.247507,12.200007,22.27825,3.050458,1.853801,8.680089,4.295302,7.695749,11.991051,1.610738,1.610738,1.342282,1.252796,0.0,0.459,0.112016,combined_exact,combined_player_database,archetype_exact_name_team_season,0.0,0.550577132,0.8124317282,0.1875682718,0.0,0.449422868,0.0,0.550577132,0.0,0.0
17180,ncaa_direct,2024-25,2025,2025-26,2026,"Garcia, Nate",Tex. A&M-Kingsville,,28,4.0,322.0,11.5,60,2.1,20,70.0,7,30.0,13,13.0,37,15,17,5,1,https://javelinaathletics.com/sports/mens-basketball/stats/2024-25,,garcianate|nategarcia,matched,1,nategarcia,1,0,Nate Garcia,Cal Baptist,WAC,2026,134451,bt_pid:134451,16,6.1125,2.4375,-1.76032,84.0,/Users/adriankong/Desktop/TROP/trank_final_data_2026_with_pbp.csv,unmatched,,,,,,,,,,,,,,,,,,,,unmatched,,,,,,,,,,,,,,,,garcia nate,tex a and m kingsville,2025.0,134451,2026.0,0.528366,0.680472,-1.76032,-2.01919,0.258869,1.54206,-0.386373,1.92843,mid_major,,33.571429,39.619651,18.571429,0.428571,0.882353,18.334771,8.22917,14.656293,5.133269,8.035915,0.377797,0.907604,7.453416149068323,,,4.596273291925466,1.8633540372670807,2.111801242236025,0.6211180124223602,0.12422360248447205,0.233,1.0,,alt_exact_name_team_season,website_priority_advanced_export,archetype_unique_name_season,0.0,0.5627461984,0.5796864667,0.4203135333,0.0,0.0,0.2954249901,0.1244587154,0.5627461984,0.0173700962
17211,ncaa_direct,2024-25,2025,2025-26,2026,"Sevilla, Aidan",UC Merced,,27,22.0,668.0,24.7,225,8.3,79,173.0,28,69.0,39,53.0,71,89,43,25,2,https://ucmercedbobcats.com/sports/mens-basketball/stats/2024-25,,sevillaaidan|aidansevilla,matched,1,aidansevilla,1,0,Aidan Sevilla,Idaho,BSky,2026,135097,bt_pid:135097,20,5.8565,1.7391,-3.85451,72.0,/Users/adriankong/Desktop/TROP/trank_final_data_2026_with_pbp.csv,unmatched,,,,,,,,,,,,,,,,,,,,unmatched,,,,,,,,,,,,,,,,sevilla aidan,uc merced,2025.0,135097,2026.0,0.00219761,0.423395,-3.85451,-3.16402,-0.69049,-5.75334,-4.88947,-0.863868,mid_major,,53.757225,57.304401,30.635838,0.398844,2.069767,17.967575,26.310379,18.735682,2.442747,10.428756,0.364037,2.214301,13.47305389221557,,,4.251497005988024,5.3293413173652695,2.5748502994011977,1.4970059880239521,0.11976047904191617,0.406,0.736,,alt_exact_name_team_season,website_priority_advanced_export,archetype_unique_name_season,0.0,0.7850541735,0.9611594009,0.0388405991,0.0015977587,0.0107521,0.2025959678,0.0,0.0,0.7850541735
17221,ncaa_direct,2024-25,2025,2025-26,2026,"Whitaker, Brody",UIndy,,28,28.0,958.0,34.2,392,14.0,132,327.0,36,118.0,92,115.0,128,42,29,35,11,https://athletics.uindy.edu/sports/mens-basketball/stats/2024-25,,whitakerbrody|brodywhitaker,matched,1,brodywhitaker,1,0,Brody Whitaker,Valparaiso,MVC,2026,135229,bt_pid:135229,30,26.0097,9.129,0.30391,75.0,/Users/adriankong/Desktop/TROP/trank_final_data_2026_with_pbp.csv,exact_name_team_season,1.0,472.0,Medium,"Whitaker, Brody",Valparaiso,Missouri Valley Conference,5313884.0,6-3,Sr,CG,30.0,0.6144,0.6102,121.2488,0.1676,1.9441,2.4678,-0.7643,3.2321,exact_name_team_season,1.0,1003.0,Brody Whitaker,Valparaiso,1.68,0.13,1.81,1334.0,2.11,-0.51,1.61,105.9,103.0,2.9,51.0,whitaker brody,uindy,2025.0,135229,2026.0,2.03419,2.21513,0.30391,1.09751,-0.793603,0.252478,-0.176062,0.428539,mid_major,,45.87156,51.90678,35.168196,0.360856,1.448276,7.132317,8.666333,21.298303,4.957044,10.689813,1.386834,2.110422,16.367432150313153,,,5.34446764091858,1.7536534446764092,1.210855949895616,1.4613778705636744,0.4592901878914405,0.305,0.8,,alt_exact_name_team_season,website_priority_advanced_export,archetype_unique_name_season,0.0,0.4367645599,0.8898248535,0.1101751465,0.1301442269,0.3332867664,0.0,0.0,0.4367645599,0.0998044468
17225,ncaa_direct,2024-25,2025,2025-26,2026,"Tornatta, Tucker",UIndy,,28,15.0,562.0,20.1,213,7.6,68,155.0,10,32.0,67,103.0,163,48,41,23,18,https://athletics.uindy.edu/sports/mens-basketball/stats/2024-25,,tornattatucker|tuckertornatta,matched,1,tuckertornatta,1,0,Tucker Tornatta,Valparaiso,MVC,2026,135230,bt_pid:135230,25,9.2346,3.2692,-5.16811,80.0,/Users/adriankong/Desktop/TROP/trank_final_data_2026_with_pbp.csv,unmatched,,,,,,,,,,,,,,,,,,,,unmatched,,,,,,,,,,,,,,,,tornatta tucker,uindy,2025.0,135230,2026.0,0.0819813,0.819368,-5.16811,-4.83983,-0.328283,-5.31594,-5.44927,0.133327,mid_major,,47.096774,53.164936,66.451613,0.206452,1.170732,16.989889,16.340899,21.547661,7.323253,27.223432,3.868417,2.364059,15.160142348754448,,,11.601423487544483,3.416370106761566,2.9181494661921707,1.6370106761565837,1.2811387900355873,0.313,0.65,,alt_exact_name_team_season,website_priority_advanced_export,archetype_unique_name_season,0.0,0.7116319731,0.9204419956,0.0795580044,0.0,0.7116319731,0.0,0.1927570384,0.0,0.0956109885
17254,ncaa_direct,2024-25,2025,2025-26,2026,"Domingos, Dario",UT Permian Basin,,28,28.0,605.0,21.6,365,13.0,140,244.0,1,5.0,84,138.0,162,11,48,37,17,https://utpbfalcons.com/sports/mens-basketball/stats/2024-25,,domingosdario|dariodomingos,matched,1,dariodomingos,1,0,Dario Domingos,Utah Tech,WAC,2026,134441,bt_pid:134441,23,6.7269,4.8462,-2.45926,79.0,/Users/adriankong/Desktop/TROP/trank_final_data_2026_with_pbp.csv,unmatched,,,,,,,,,,,,,,,,,,,,unmatched,,,,,,,,,,,,,,,,domingos dario,ut permian basin,2025.0,134441,2026.0,0.891182,0.435829,-2.45926,2.18549,-4.64475,-0.925111,1.59922,-2.52433,mid_major,,57.581967,59.891048,56.557377,0.020492,0.229167,13.608528,4.113102,29.707227,15.963834,16.756786,2.975826,3.604828,24.132231404958677,,,10.710743801652892,0.7272727272727273,3.1735537190082646,2.446280991735537,1.1239669421487604,0.2,0.609,,alt_exact_name_team_season,website_priority_advanced_export,archetype_unique_name_season,0.0,0.7617085956,0.9704986235,0.0295013765,0.0,0.7617085956,0.0,0.2382914044,0.0,0.0
17255,ncaa_direct,2024-25,2025,2025-26,2026,"Armstrong, DJ",UT Permian Basin,,28,28.0,1052.0,37.6,344,12.3,117,269.0,74,202.0,36,39.0,82,42,27,24,12,https://utpbfalcons.com/sports/mens-basketball/stats/2024-25,,armstrongdj|djarmstrong,matched,1,djarmstrong,1,0,DJ Armstrong,UMBC,AE,2026,135384,bt_pid:135384,31,32.3879,13.3333,2.90935,76.0,/Users/adriankong/Desktop/TROP/trank_final_data_2026_with_pbp.csv,exact_name_team_season,1.0,572.0,Low,"Armstrong, DJ",UMBC,America East Conference,5252505.0,6-4,Sr,WG,31.0,0.8114,0.8128,128.4903,0.1828,2.2776,1.5636,-1.2509,2.8145,exact_name_team_season,1.0,825.0,DJ Armstrong,UMBC,2.4,-0.05,2.36,1705.0,2.81,-1.46,1.35,106.3,103.4,2.9,221.0,armstrong dj,ut permian basin,2025.0,135384,2026.0,2.93152,2.45951,2.90935,3.24404,-0.334695,3.2445,2.97608,0.268421,mid_major,,57.249071,60.106234,14.498141,0.750929,1.555556,8.621791,7.100942,15.168336,3.672289,5.876064,1.208035,1.344726,13.079847908745247,,,3.11787072243346,1.596958174904943,1.026615969581749,0.9125475285171103,0.45627376425855515,0.366,0.923,,alt_exact_name_team_season,website_priority_advanced_export,archetype_unique_name_season,0.0,0.7844791233,0.7322765762,0.2677234238,0.2155208767,0.0,0.0,0.0,0.7844791233,0.0
17256,ncaa_direct,2024-25,2025,2025-26,2026,"Adeleye, Maison",UT Permian Basin,,28,28.0,894.0,31.9,336,12.0,122,275.0,28,94.0,64,91.0,130,78,51,40,7,https://utpbfalcons.com/sports/mens-basketball/stats/2024-25,,adeleyemaison|maisonadeleye,matched,1,maisonadeleye,1,0,Maison Adeleye,New Haven,NEC,2026,134364,bt_pid:134364,28,15.9903,4.5161,-5.63539,76.0,/Users/adriankong/Desktop/TROP/trank_final_data_2026_with_pbp.csv,exact_name_team_season,1.0,2332.0,Low,"Adeleye, Maison",New Haven,Northeast Conference,5252503.0,6-4,Sr,WG,28.0,0.4003,0.4041,94.2575,0.1859,-3.1757,-2.1953,0.4907,-2.686,exact_name_team_season,1.0,2542.0,Maison Adeleye,New Haven,-1.58,-0.26,-1.84,724.0,-2.51,-0.51,-3.02,92.2,108.8,-16.6,-72.0,adeleye maison,ut permian basin,2025.0,134364,2026.0,-0.310716,1.23512,-5.63539,-4.8138,-0.82159,-5.31624,-5.3626,0.046361,mid_major,,49.454545,53.326562,33.090909,0.341818,1.529412,13.932904,16.247783,20.86308,4.591388,13.275961,0.829229,2.637307,15.033557046979865,,,5.8165548098434,3.48993288590604,2.2818791946308723,1.7897091722595078,0.3131991051454139,0.298,0.703,,alt_exact_name_team_season,website_priority_advanced_export,archetype_unique_name_season,0.0,0.3176626046,0.9184313137,0.0815686863,0.186433304,0.3099704378,0.0,0.0,0.1859336536,0.3176626046
17261,ncaa_direct,2024-25,2025,2025-26,2026,"Hewlett, Dontrell",UT Tyler,,28,21.0,718.0,25.6,444,15.9,161,363.0,17,50.0,105,160.0,147,80,58,28,11,https://uttylerpatriots.com/sports/mens-basketball/stats/2024-25,,hewlettdontrell|dontrellhewlett,matched,1,dontrellhewlett,1,0,Dontrell Hewlett,Green Bay,Horz,2026,133662,bt_pid:133662,3,11.425,3.75,-5.58257,76.0,/Users/adriankong/Desktop/TROP/trank_final_data_2026_with_pbp.csv,unmatched,,,,,,,,,,,,,,,,,,,,unmatched,,,,,,,,,,,,,,,,hewlett dontrell,ut tyler,2025.0,133662,2026.0,,,,,,,,,mid_major,76.0,46.694215,51.222889,44.077135,0.137741,1.37931,11.803012,28.514991,34.870772,7.661545,15.679801,1.973732,2.301373,24.735376,2.729805,5.45961,8.189415,4.456825,3.231198,1.559889,0.612813,0.34,0.656,3.495891,combined_exact,combined_player_database,archetype_exact_name_team_season,0.0,0.5407323018,1.0,0.0,0.1637997625,0.5407323018,0.0,0.0,0.0,0.2954679357
17287,ncaa_direct,2024-25,2025,2025-26,2026,"Carter, Ayden",Walsh,,20,20.0,644.0,32.2,379,19.0,134,292.0,17,59.0,94,114.0,113,33,43,16,1,https://athletics.walsh.edu/sports/mens-basketball/stats/2024-25,,carterayden|aydencarter,matched,1,aydencarter,1,0,Ayden Carter,Detroit Mercy,Horz,2026,135119,bt_pid:135119,8,20.5333,12.2222,0.286762,77.0,/Users/adriankong/Desktop/TROP/trank_final_data_2026_with_pbp.csv,unmatched,,,,,,,,,,,,,,,,,,,,unmatched,,,,,,,,,,,,,,,,carter ayden,walsh,2025.0,135119,2026.0,1.76414,1.78992,0.286762,0.409613,-0.12285,3.11105,2.63754,0.473511,mid_major,77.0,48.80137,55.383446,39.041096,0.202055,0.767442,11.164192,11.379611,31.750416,6.398264,13.960408,0.167631,1.501847,23.540373,2.236025,4.782609,7.018634,2.049689,2.670807,0.993789,0.062112,0.288,0.825,4.853658,combined_exact,combined_player_database,archetype_exact_name_team_season,0.0,0.5161526778,1.0,0.0,0.235307623,0.5161526778,0.0,0.0,0.2485396991,0.0
17308,ncaa_direct,2024-25,2025,2025-26,2026,"Mirhosseini, Alex",West Va. Wesleyan,,28,28.0,869.0,31.0,489,17.5,154,377.0,74,181.0,107,140.0,103,112,94,47,11,https://wesleyanbobcats.com/sports/mens-basketball/stats/2024-25,,mirhosseinialex|alexmirhosseini,matched,1,alexmirhosseini,1,0,Alex Mirhosseini,Arkansas Pine Bluff,SWAC,2026,133727,bt_pid:133727,29,31.7548,11.6774,-2.72785,70.0,/Users/adriankong/Desktop/TROP/trank_final_data_2026_with_pbp.csv,exact_name_team_season,1.0,2754.0,Low,"Mirhosseini, Alex",Ark.-Pine Bluff,Southwestern Athletic Conference,5259802.0,5-10,Sr,s-PG,29.0,0.7544,0.757,96.8242,0.1981,-2.8775,-3.2207,1.5271,-4.7478,exact_name_team_season,1.0,2479.0,Alex Mirhosseini,Arkansas-Pine Bluff,-0.88,-0.74,-1.62,1628.0,-0.26,-0.32,-0.58,99.0,114.0,-15.1,-159.0,mirhosseini alex,west va wesleyan,2025.0,133727,2026.0,0.305226,1.58803,-2.72785,-0.147193,-2.58065,-2.81686,-1.55683,-1.26003,mid_major,,50.66313,55.745554,37.135279,0.480106,1.191489,17.649268,27.817836,30.771844,1.847583,12.585536,1.422484,2.987592,22.508630609896432,,,4.741081703107019,5.155350978135789,4.3268124280782505,2.1634062140391253,0.5063291139240507,0.409,0.764,,alt_exact_name_team_season,website_priority_advanced_export,archetype_unique_name_season,0.0,0.7681067089,1.0,0.0,0.7681067089,0.0572934419,0.0,0.0,0.0,0.1745998492
17371,ncaa_direct,2024-25,2025,2025-26,2026,"McIntyre, Adrian",Westmont,,27,27.0,1024.0,37.9,752,27.9,277,495.0,51,162.0,147,187.0,144,105,88,56,1,https://athletics.westmont.edu/sports/mens-basketball/stats/2024-25,,mcintyreadrian|adrianmcintyre,matched,1,adrianmcintyre,1,0,Adrian McIntyre,San Diego,WCC,2026,133972,bt_pid:133972,31,24.8031,9.8438,2.12517,75.0,/Users/adriankong/Desktop/TROP/trank_final_data_2026_with_pbp.csv,exact_name_team_season,1.0,856.0,Medium,"McIntyre, Adrian",San Diego,West Coast Conference,5185563.0,6-3,Sr,CG,31.0,0.6151,0.6143,118.1525,0.2162,2.6232,2.1754,0.501,1.6744,exact_name_team_season,1.0,915.0,Adrian McIntyre,San Diego,2.63,-0.53,2.1,1325.0,3.32,-0.11,3.21,105.7,111.4,-5.7,-86.0,mcintyre adrian,westmont,2025.0,133972,2026.0,2.26568,1.83109,2.12517,2.69837,-0.573195,2.50416,2.67082,-0.16666,mid_major,75.0,61.111111,65.133038,37.777778,0.327273,1.193182,13.227513,27.421508,34.084909,3.7792,12.584918,0.098498,3.205502,29.375,1.171875,4.453125,5.625,4.101562,3.4375,2.1875,0.039062,0.315,0.786,8.28793,combined_exact,combined_player_database,archetype_exact_name_team_season,0.0,0.6361526096,1.0,0.0,0.6361526096,0.1645688751,0.0,0.0,0.0,0.1992785153
17374,ncaa_direct,2024-25,2025,2025-26,2026,"Perteete, De'Undrae",Westmont,,29,29.0,1008.0,34.8,306,10.6,89,222.0,45,123.0,83,106.0,136,59,63,29,5,https://athletics.westmont.edu/sports/mens-basketball/stats/2024-25,,perteetedeundrae|deundraeperteete,matched,1,deundraeperteete,1,0,De'Undrae Perteete,UC Riverside,BW,2026,133866,bt_pid:133866,25,27.637,6.6667,0.0798848,77.0,/Users/adriankong/Desktop/TROP/trank_final_data_2026_with_pbp.csv,exact_name_team_season,1.0,1521.0,Medium,"Perteete, De'Undrae",UC Riverside,Big West Conference,5313033.0,6-5,So,CG,25.0,0.5833,0.5827,115.2605,0.1191,0.2091,0.188,0.5347,-0.3466999999999999,exact_name_team_season,1.0,1856.0,De'Undrae Perteete,UC Riverside,0.55,-0.75,-0.2,1256.0,1.19,-0.36,0.83,99.5,109.6,-10.2,-112.0,perteete de undrae,westmont,2025.0,133866,2026.0,1.13316,2.04345,0.0798848,0.358647,-0.278762,-0.93316,-1.14157,0.208406,mid_major,77.0,50.225225,56.953544,47.747748,0.554054,0.936508,18.996502,10.524438,17.260923,4.990943,10.878192,0.500308,1.686341,12.142857,1.547619,3.849206,5.396825,2.34127,2.5,1.150794,0.198413,0.366,0.783,6.392571,combined_exact,combined_player_database,archetype_exact_name_team_season,0.0,0.5191638069,0.8904723521,0.1095276479,0.1292251458,0.2029927309,0.0,0.0,0.5191638069,0.1486183164
17383,ncaa_direct,2024-25,2025,2025-26,2026,"Thirdkill, Jr., Jason",William Jewell,,24,24.0,831.0,34.6,407,17.0,147,282.0,26,68.0,87,114.0,173,21,36,22,26,https://jewellcardinals.com/sports/mens-basketball/stats/2024-25,,thirdkilljason|jasonthirdkill,matched,1,jasonthirdkill,1,0,"Jason Thirdkill, Jr.",Jacksonville,ASun,2026,134185,bt_pid:134185,30,22.6437,8.0,0.451942,79.0,/Users/adriankong/Desktop/TROP/trank_final_data_2026_with_pbp.csv,exact_name_team_season,1.0,1441.0,Low,"Thirdkill, Jr., Jason",Jacksonville,ASUN Conference,5108085.0,6-7,Sr,WF,29.0,0.5534,0.561,118.0145,0.1737,0.3707,-0.202,-0.0594,-0.1426,exact_name_team_season,1.0,1697.0,"Jason Thirdkill, Jr.",Jacksonville,-0.14,0.3,0.16,1122.0,0.22,0.92,1.13,101.2,110.1,-8.9,-67.0,thirdkill jr jason,william jewell,2025.0,134185,2026.0,1.29975,1.78704,0.451942,-0.343024,0.794967,-0.128231,-0.0908434,-0.0373871,mid_major,,56.737589,61.265655,40.425532,0.241135,0.583333,9.778357,5.610519,24.518825,6.02982,20.938344,3.529963,1.607677,19.590854392298436,,,8.327316486161251,1.0108303249097472,1.7328519855595668,1.058965102286402,1.2515042117930204,0.382,0.763,,alt_exact_name_team_season,website_priority_advanced_export,archetype_unique_name_season,0.0,0.5675693613,1.0,0.0,0.0257470686,0.5675693613,0.0,0.1041772598,0.3025063102,0.0
