target,regime,model,split,bucket,n,pred_min,pred_max,pred_mean,actual_mean,actual_median,bias_actual_minus_pred
rapm,no_minutes,mean,season_holdout_2025_26,1,17,-0.9322233009708738,-0.9322233009708738,-0.9322233009708738,-1.8670882352941176,-1.9366,-0.9348649343232438
rapm,no_minutes,mean,season_holdout_2025_26,2,16,-0.9322233009708738,-0.9322233009708738,-0.9322233009708738,-1.15988125,-1.11165,-0.22765794902912626
rapm,no_minutes,mean,season_holdout_2025_26,3,16,-0.9322233009708738,-0.9322233009708738,-0.9322233009708738,-1.9519375,-1.2818,-1.0197141990291265
rapm,no_minutes,mean,season_holdout_2025_26,4,16,-0.9322233009708738,-0.9322233009708738,-0.9322233009708738,-0.97895,-1.0061499999999999,-0.046726699029126184
rapm,no_minutes,mean,season_holdout_2025_26,5,17,-0.9322233009708738,-0.9322233009708738,-0.9322233009708738,-0.8904588235294117,-0.5549999999999999,0.041764477441462
rapm,no_minutes,mean,season_holdout_2025_26,6,16,-0.9322233009708738,-0.9322233009708738,-0.9322233009708738,-1.21095625,-1.02345,-0.2787329490291264
rapm,no_minutes,mean,season_holdout_2025_26,7,16,-0.9322233009708738,-0.9322233009708738,-0.9322233009708738,-0.8199750000000001,-0.5120499999999999,0.11224830097087372
rapm,no_minutes,mean,season_holdout_2025_26,8,16,-0.9322233009708738,-0.9322233009708738,-0.9322233009708738,-0.4182124999999998,-0.29335,0.5140108009708737
rapm,no_minutes,mean,season_holdout_2025_26,9,16,-0.9322233009708738,-0.9322233009708738,-0.9322233009708738,-2.26744375,-2.8295000000000003,-1.3352204490291264
rapm,no_minutes,mean,season_holdout_2025_26,10,17,-0.9322233009708738,-0.9322233009708738,-0.9322233009708738,-0.5115235294117647,-0.1426,0.42069977155910887
rapm,no_minutes,ridge,season_holdout_2025_26,1,17,-3.345219963348403,-1.9148617929675398,-2.2657053311020934,-2.3113705882352944,-2.8276,-0.04566525713320081
rapm,no_minutes,ridge,season_holdout_2025_26,2,16,-1.9082183833299518,-1.6130965244499338,-1.7430083343115297,-1.15923125,-1.2697,0.5837770843115295
rapm,no_minutes,ridge,season_holdout_2025_26,3,16,-1.5691406144393119,-1.4310070487011024,-1.4998406722184419,-2.995925,-3.09035,-1.496084327781558
rapm,no_minutes,ridge,season_holdout_2025_26,4,16,-1.4219413989744292,-1.1467292589446265,-1.259875388722805,-1.6327749999999999,-0.9143000000000001,-0.372899611277195
rapm,no_minutes,ridge,season_holdout_2025_26,5,17,-1.1458157705801366,-0.8962143256600597,-1.0498584154977337,-1.5003294117647057,-2.9276,-0.45047099626697173
rapm,no_minutes,ridge,season_holdout_2025_26,6,16,-0.8444026225798165,-0.5663367037286247,-0.7015211650047111,-0.78809375,-0.70865,-0.08657258499528897
rapm,no_minutes,ridge,season_holdout_2025_26,7,16,-0.5587470299152966,-0.34229628719930977,-0.4684069020375199,-2.1548625,-2.0789999999999997,-1.6864555979624802
rapm,no_minutes,ridge,season_holdout_2025_26,8,16,-0.33399814104444014,-0.005566460813781315,-0.134462368340036,-1.1635499999999999,-0.80125,-1.0290876316599638
rapm,no_minutes,ridge,season_holdout_2025_26,9,16,0.015358166222572453,0.773920642131827,0.36011622197290405,-0.44348125,-0.16665,-0.803597471972904
rapm,no_minutes,ridge,season_holdout_2025_26,10,17,0.7983626309071903,5.5045935821442695,2.03829543637298,1.9831588235294115,1.6744,-0.05513661284356865
rapm,no_minutes,elasticnet,season_holdout_2025_26,1,17,-3.394087300741714,-1.8925729660203325,-2.2735940520578564,-2.4000176470588235,-2.8276,-0.1264235950009669
rapm,no_minutes,elasticnet,season_holdout_2025_26,2,16,-1.891953996650002,-1.6123170179654174,-1.7350565017832604,-1.4639312500000001,-1.2905,0.2711252517832604
rapm,no_minutes,elasticnet,season_holdout_2025_26,3,16,-1.5842541227576816,-1.4103494721015375,-1.490478841225824,-2.44095,-2.49815,-0.9504711587741758
rapm,no_minutes,elasticnet,season_holdout_2025_26,4,16,-1.4068325580158918,-1.1435564169853933,-1.2615387410511918,-1.8461374999999998,-0.9714499999999999,-0.5845987589488082
rapm,no_minutes,elasticnet,season_holdout_2025_26,5,17,-1.1232168596496228,-0.8582737608975823,-1.0336879036641182,-1.4464235294117647,-2.9276,-0.4127356257476464
rapm,no_minutes,elasticnet,season_holdout_2025_26,6,16,-0.8382962906828517,-0.5855258862908584,-0.7020506811603737,-1.1137437499999998,-0.70865,-0.4116930688396262
rapm,no_minutes,elasticnet,season_holdout_2025_26,7,16,-0.5750019674031357,-0.268718537849144,-0.45858211417970174,-2.122875,-1.6859000000000002,-1.6642928858202983
rapm,no_minutes,elasticnet,season_holdout_2025_26,8,16,-0.2587493128615841,0.014795242736665451,-0.12918674559272508,-0.8742687499999999,-0.4813999999999999,-0.745082004407275
rapm,no_minutes,elasticnet,season_holdout_2025_26,9,16,0.10615896621694643,0.7076298333550168,0.3671699114614629,-0.31205000000000005,0.14245,-0.679219911461463
rapm,no_minutes,elasticnet,season_holdout_2025_26,10,17,0.7105305724004336,5.557622010290588,2.0714011859381056,1.8635823529411764,1.5322,-0.20781883299692946
rapm,no_minutes,random_forest,season_holdout_2025_26,1,17,-2.5271793977451487,-1.9166242425259405,-2.168985861770405,-1.7177058823529412,-2.686,0.4512799794174637
rapm,no_minutes,random_forest,season_holdout_2025_26,2,16,-1.9156826807326883,-1.6850981276867978,-1.7693938183517102,-2.07934375,-2.62495,-0.3099499316482899
rapm,no_minutes,random_forest,season_holdout_2025_26,3,16,-1.6111583214643546,-1.4661800843947705,-1.536103915039806,-1.42780625,-1.47615,0.10829766503980603
rapm,no_minutes,random_forest,season_holdout_2025_26,4,16,-1.4624778700147687,-1.2523031624091976,-1.344263244553375,-1.48955,-1.2301,-0.14528675544662495
rapm,no_minutes,random_forest,season_holdout_2025_26,5,17,-1.242318002427434,-1.0063535682971232,-1.1449720034936686,-1.9563235294117647,-1.8766,-0.8113515259180962
rapm,no_minutes,random_forest,season_holdout_2025_26,6,16,-0.9954897687389618,-0.813506807752378,-0.9222287236359965,-1.1914375,-0.6445,-0.26920877636400325
rapm,no_minutes,random_forest,season_holdout_2025_26,7,16,-0.7942242006846095,-0.6228343221000411,-0.7292500207252971,-2.40010625,-1.2568,-1.670856229274703
rapm,no_minutes,random_forest,season_holdout_2025_26,8,16,-0.6089914731695385,-0.20322734842433404,-0.40083547860287333,-0.9670624999999999,-0.8665,-0.5662270213971268
rapm,no_minutes,random_forest,season_holdout_2025_26,9,16,-0.19536154347735585,0.4013387275361689,0.07683177185405926,-0.16648125000000008,-0.28550000000000003,-0.24331302185405934
rapm,no_minutes,random_forest,season_holdout_2025_26,10,17,0.4761051471864945,3.1630733574117658,1.4489604829079052,1.2655999999999998,1.5322,-0.18336048290790544
rapm,no_minutes,extra_trees,season_holdout_2025_26,1,17,-2.74127661934524,-1.8840083080357135,-2.1467102143907564,-2.381641176470588,-2.8294,-0.23493096207983188
rapm,no_minutes,extra_trees,season_holdout_2025_26,2,16,-1.878932686607142,-1.6871490470238104,-1.7892464053943449,-1.5773125000000001,-0.9714499999999999,0.2119339053943448
rapm,no_minutes,extra_trees,season_holdout_2025_26,3,16,-1.6760883925595236,-1.4570793461309515,-1.552850318396577,-1.469175,-1.5183,0.08367531839657716
rapm,no_minutes,extra_trees,season_holdout_2025_26,4,16,-1.4531405178571433,-1.3049967410714285,-1.385332075483631,-1.4404124999999999,-1.61575,-0.0550804245163692
rapm,no_minutes,extra_trees,season_holdout_2025_26,5,17,-1.3007997925595232,-1.102108476488096,-1.2025393465861345,-1.8010941176470587,-1.6243,-0.5985547710609245
rapm,no_minutes,extra_trees,season_holdout_2025_26,6,16,-1.0938424119047618,-0.9824772749999999,-1.0261101237537207,-1.74999375,-0.8177000000000001,-0.7238836262462794
rapm,no_minutes,extra_trees,season_holdout_2025_26,7,16,-0.8858666142857143,-0.7356692059523811,-0.7944552395833333,-1.8767999999999998,-1.0947,-1.0823447604166665
rapm,no_minutes,extra_trees,season_holdout_2025_26,8,16,-0.7159181422619056,-0.31714843154761907,-0.5419554641741072,-0.5365187499999999,-0.40155,0.00543671417410696
rapm,no_minutes,extra_trees,season_holdout_2025_26,9,16,-0.30299126845238117,0.3520877059523812,-0.0049030710007440005,-1.1933875,-1.1244,-1.188484428999256
rapm,no_minutes,extra_trees,season_holdout_2025_26,10,17,0.5139268720238095,4.513344495833335,2.4938939612044813,1.8889529411764707,1.6744,-0.6049410200280109
rapm,no_minutes,gradient_boosting,season_holdout_2025_26,1,17,-3.4992383403070124,-2.4161557049985976,-2.8403785044930663,-2.6432705882352936,-3.186,0.19710791625777227
rapm,no_minutes,gradient_boosting,season_holdout_2025_26,2,16,-2.397920166100556,-2.056278515872641,-2.204638110209825,-1.73045625,-0.6034999999999999,0.474181860209825
rapm,no_minutes,gradient_boosting,season_holdout_2025_26,3,16,-2.019283076046416,-1.6338253371582028,-1.840545775997101,-1.7633375000000002,-1.721,0.07720827599710102
rapm,no_minutes,gradient_boosting,season_holdout_2025_26,4,16,-1.6222583236659167,-1.3946725256722348,-1.5073939061232207,-0.02491874999999999,0.33175000000000004,1.4824751561232206
rapm,no_minutes,gradient_boosting,season_holdout_2025_26,5,17,-1.358775242992481,-1.0392501779634782,-1.174211908658254,-2.972158823529412,-2.7411,-1.797946914871158
rapm,no_minutes,gradient_boosting,season_holdout_2025_26,6,16,-1.0262113094112861,-0.6903590603267085,-0.8359324767468331,-0.7023687500000001,-0.58975,0.13356372674683312
rapm,no_minutes,gradient_boosting,season_holdout_2025_26,7,16,-0.6778860406213285,-0.4985957346545585,-0.5904245993905821,-2.0838937499999997,-2.229,-1.4934691506094178
rapm,no_minutes,gradient_boosting,season_holdout_2025_26,8,16,-0.4982012736951937,0.1747971391097582,-0.1836164079545446,-1.23563125,-1.1402999999999999,-1.0520148420454554
rapm,no_minutes,gradient_boosting,season_holdout_2025_26,9,16,0.18432810975123268,1.016853466892197,0.5627509491879464,0.25836250000000005,0.46415000000000006,-0.30438844918794644
rapm,no_minutes,gradient_boosting,season_holdout_2025_26,10,17,1.0853949953722728,5.9905732830528295,2.3587707119652066,0.9109588235294117,1.5322,-1.447811888435795
rapm,no_minutes,hist_gradient_boosting,season_holdout_2025_26,1,17,-4.070736232944243,-2.4880049170760685,-2.9378798819555083,-1.6511,-2.8276,1.2867798819555085
rapm,no_minutes,hist_gradient_boosting,season_holdout_2025_26,2,16,-2.45375069402115,-1.8462239889677812,-2.152177865667653,-1.4485625,-0.5831000000000001,0.7036153656676536
rapm,no_minutes,hist_gradient_boosting,season_holdout_2025_26,3,16,-1.812779222907305,-1.542802958220732,-1.6330899782927353,-1.2215812500000003,-1.2803,0.41150872829273505
rapm,no_minutes,hist_gradient_boosting,season_holdout_2025_26,4,16,-1.531029875448299,-1.1473375640562289,-1.3428528571662293,-2.254375,-2.73835,-0.9115221428337709
rapm,no_minutes,hist_gradient_boosting,season_holdout_2025_26,5,17,-1.140269668734835,-0.8667340654564837,-1.0059407821194855,-0.5348235294117648,-0.3466999999999999,0.47111725270772076
rapm,no_minutes,hist_gradient_boosting,season_holdout_2025_26,6,16,-0.8386459859078502,-0.6762897762165135,-0.7543952016126616,-1.75324375,-2.5681,-0.9988485483873384
rapm,no_minutes,hist_gradient_boosting,season_holdout_2025_26,7,16,-0.672220012856853,-0.17970224678131658,-0.4936858813184127,-2.37643125,-1.4912,-1.8827453686815874
rapm,no_minutes,hist_gradient_boosting,season_holdout_2025_26,8,16,-0.17829351382110398,0.45601140208010615,0.12797848996921474,-0.4473625,-0.6672,-0.5753409899692148
rapm,no_minutes,hist_gradient_boosting,season_holdout_2025_26,9,16,0.476041843640336,1.1151986910327951,0.7375942231305375,-0.5535437500000001,-0.48539999999999994,-1.2911379731305377
rapm,no_minutes,hist_gradient_boosting,season_holdout_2025_26,10,17,1.1433002391636655,3.983447410462082,1.9531679130751292,0.09120000000000009,0.1485,-1.861967913075129
rapm,no_minutes,knn,season_holdout_2025_26,1,17,-2.839535578322323,-2.1058554510744605,-2.282881128502578,-1.3970294117647057,-1.1455,0.8858517167378721
rapm,no_minutes,knn,season_holdout_2025_26,2,16,-2.105119217708989,-1.8156126741393155,-1.9254107182275968,-1.1964687499999997,-0.8948999999999999,0.7289419682275968
rapm,no_minutes,knn,season_holdout_2025_26,3,16,-1.7927107214837348,-1.620985659454426,-1.7112479226991824,-1.59875,-1.8255,0.11249792269918246
rapm,no_minutes,knn,season_holdout_2025_26,4,16,-1.592594950052434,-1.4466277622481745,-1.5100188655457725,-1.1945000000000001,-0.7987000000000001,0.3155188655457723
rapm,no_minutes,knn,season_holdout_2025_26,5,17,-1.4445429337689428,-1.2665565782397545,-1.365655778452816,-1.2453470588235296,-1.1885,0.12030871962928646
rapm,no_minutes,knn,season_holdout_2025_26,6,16,-1.2221676791666698,-1.0768557019036267,-1.1415627960110433,-1.92146875,-1.46325,-0.7799059539889567
rapm,no_minutes,knn,season_holdout_2025_26,7,16,-1.0490897568814102,-0.8620029552459101,-0.9651777943598427,-1.881125,-2.28485,-0.9159472056401574
rapm,no_minutes,knn,season_holdout_2025_26,8,16,-0.853456384346261,-0.48311259819669317,-0.637269003473894,-0.7938937500000001,-0.6800999999999999,-0.15662474652610603
rapm,no_minutes,knn,season_holdout_2025_26,9,16,-0.4801700158683611,-0.057856035367214974,-0.2652454254559692,-1.36910625,-0.19225,-1.103860824544031
rapm,no_minutes,knn,season_holdout_2025_26,10,17,-0.05446655422571682,1.7409851248921362,0.6145861291954455,0.45373529411764707,0.962,-0.1608508350777986
rapm,no_minutes,svr_rbf,season_holdout_2025_26,1,17,-2.909625728171856,-2.2196729333306657,-2.4638421636496832,-1.859341176470588,-2.686,0.6045009871790951
rapm,no_minutes,svr_rbf,season_holdout_2025_26,2,16,-2.204338416475508,-1.9653881629824896,-2.0633510513357045,-1.5236375,-0.8487,0.5397135513357048
rapm,no_minutes,svr_rbf,season_holdout_2025_26,3,16,-1.954307272024074,-1.5990936584578632,-1.7858427919493196,-3.0327124999999997,-3.09035,-1.2468697080506805
rapm,no_minutes,svr_rbf,season_holdout_2025_26,4,16,-1.5536294702983624,-1.3903097746252118,-1.456301511379512,-1.1880562499999998,-0.8802999999999999,0.2682452613795118
rapm,no_minutes,svr_rbf,season_holdout_2025_26,5,17,-1.389950968587868,-1.2352470146988321,-1.3087341462592315,-1.6037823529411763,-2.8039,-0.2950482066819452
rapm,no_minutes,svr_rbf,season_holdout_2025_26,6,16,-1.225222841550091,-0.9847272692028147,-1.0970362027725513,-1.510475,-1.2477,-0.4134387972274486
rapm,no_minutes,svr_rbf,season_holdout_2025_26,7,16,-0.9783047732060722,-0.7462953898912476,-0.8518442664636285,-1.2382062500000002,-0.9386999999999999,-0.3863619835363715
rapm,no_minutes,svr_rbf,season_holdout_2025_26,8,16,-0.741958383683458,-0.435544196772909,-0.6180433446151565,-0.28625000000000006,0.30139999999999995,0.3317933446151567
rapm,no_minutes,svr_rbf,season_holdout_2025_26,9,16,-0.40151947717822867,0.43709145279679906,0.00398072518469892,-0.83899375,-0.5931,-0.8429744751846988
rapm,no_minutes,svr_rbf,season_holdout_2025_26,10,17,0.47420761452119053,3.108102764300903,1.1382910701451991,0.9573235294117647,0.962,-0.18096754073343457
rapm,with_minutes,mean,season_holdout_2025_26,1,17,-0.9322233009708738,-0.9322233009708738,-0.9322233009708738,-1.8670882352941176,-1.9366,-0.9348649343232438
rapm,with_minutes,mean,season_holdout_2025_26,2,16,-0.9322233009708738,-0.9322233009708738,-0.9322233009708738,-1.15988125,-1.11165,-0.22765794902912626
rapm,with_minutes,mean,season_holdout_2025_26,3,16,-0.9322233009708738,-0.9322233009708738,-0.9322233009708738,-1.9519375,-1.2818,-1.0197141990291265
rapm,with_minutes,mean,season_holdout_2025_26,4,16,-0.9322233009708738,-0.9322233009708738,-0.9322233009708738,-0.97895,-1.0061499999999999,-0.046726699029126184
rapm,with_minutes,mean,season_holdout_2025_26,5,17,-0.9322233009708738,-0.9322233009708738,-0.9322233009708738,-0.8904588235294117,-0.5549999999999999,0.041764477441462
rapm,with_minutes,mean,season_holdout_2025_26,6,16,-0.9322233009708738,-0.9322233009708738,-0.9322233009708738,-1.21095625,-1.02345,-0.2787329490291264
rapm,with_minutes,mean,season_holdout_2025_26,7,16,-0.9322233009708738,-0.9322233009708738,-0.9322233009708738,-0.8199750000000001,-0.5120499999999999,0.11224830097087372
rapm,with_minutes,mean,season_holdout_2025_26,8,16,-0.9322233009708738,-0.9322233009708738,-0.9322233009708738,-0.4182124999999998,-0.29335,0.5140108009708737
rapm,with_minutes,mean,season_holdout_2025_26,9,16,-0.9322233009708738,-0.9322233009708738,-0.9322233009708738,-2.26744375,-2.8295000000000003,-1.3352204490291264
rapm,with_minutes,mean,season_holdout_2025_26,10,17,-0.9322233009708738,-0.9322233009708738,-0.9322233009708738,-0.5115235294117647,-0.1426,0.42069977155910887
rapm,with_minutes,ridge,season_holdout_2025_26,1,17,-3.92328879966223,-2.273993668300052,-2.6932310204161953,-2.2243235294117647,-2.9947,0.46890749100443047
rapm,with_minutes,ridge,season_holdout_2025_26,2,16,-2.25050892650068,-1.8519884341191122,-2.044189848691082,-1.7481187500000002,-1.78045,0.29607109869108195
rapm,with_minutes,ridge,season_holdout_2025_26,3,16,-1.8274695707359903,-1.493619440969494,-1.6656444215714663,-2.2765312499999997,-2.22545,-0.6108868284285336
rapm,with_minutes,ridge,season_holdout_2025_26,4,16,-1.4727873188216738,-1.2218036288593164,-1.334424549378267,-1.7821875,-1.5894,-0.4477629506217332
rapm,with_minutes,ridge,season_holdout_2025_26,5,17,-1.190111705797809,-0.9803100465611592,-1.082212864626277,-2.427505882352941,-2.6931000000000003,-1.3452930177266642
rapm,with_minutes,ridge,season_holdout_2025_26,6,16,-0.9688025198368742,-0.6377259505033888,-0.7685238888928698,-2.1131375,-2.69135,-1.34461361110713
rapm,with_minutes,ridge,season_holdout_2025_26,7,16,-0.6302600564744871,-0.4110586372871893,-0.5328874673762849,-0.454725,-0.41295000000000004,0.07816246737628485
rapm,with_minutes,ridge,season_holdout_2025_26,8,16,-0.41044997340848743,0.013675052362460693,-0.19058841720654873,-1.6697250000000001,-2.36465,-1.4791365827934513
rapm,with_minutes,ridge,season_holdout_2025_26,9,16,0.02803990957729008,0.5735810382648865,0.3175323355636236,0.7992625000000001,1.0963500000000002,0.4817301644363765
rapm,with_minutes,ridge,season_holdout_2025_26,10,17,0.6006240357992372,5.505633243815688,1.9888946219750172,1.7948117647058823,1.6744,-0.19408285726913513
rapm,with_minutes,elasticnet,season_holdout_2025_26,1,17,-3.9375988273126357,-2.2307861972248797,-2.6823541244231013,-2.2243235294117647,-2.9947,0.4580305950113367
rapm,with_minutes,elasticnet,season_holdout_2025_26,2,16,-2.218474699749871,-1.8633360308230036,-2.0424364214570225,-2.22326875,-2.33885,-0.1808323285429773
rapm,with_minutes,elasticnet,season_holdout_2025_26,3,16,-1.839271380890723,-1.488001703654672,-1.662063832530686,-1.80138125,-1.52185,-0.1393174174693138
rapm,with_minutes,elasticnet,season_holdout_2025_26,4,16,-1.4506340850642596,-1.2463723856918436,-1.336220884017251,-1.2068625,-1.0395,0.12935838401725092
rapm,with_minutes,elasticnet,season_holdout_2025_26,5,17,-1.2316024486019892,-1.0097439889263131,-1.1061919994091145,-3.2418,-3.2666000000000004,-2.135608000590885
rapm,with_minutes,elasticnet,season_holdout_2025_26,6,16,-1.0090395577147429,-0.6450970397257892,-0.7770076289438381,-1.823275,-1.9256499999999999,-1.0462673710561619
rapm,with_minutes,elasticnet,season_holdout_2025_26,7,16,-0.6369593584627005,-0.40123698197465885,-0.5261211245465629,-0.6418874999999999,-0.7784500000000001,-0.11576637545343715
rapm,with_minutes,elasticnet,season_holdout_2025_26,8,16,-0.38144481818889475,0.006216949297833674,-0.19580143860283736,-1.2806187500000001,-2.02185,-1.0848173113971626
rapm,with_minutes,elasticnet,season_holdout_2025_26,9,16,0.04129387908278437,0.6382350113556912,0.30619520370245085,0.53598125,0.30025,0.2297860462975492
rapm,with_minutes,elasticnet,season_holdout_2025_26,10,17,0.6419851065295893,5.534031547733685,2.032025305951059,1.8525411764705881,1.6954,-0.179484129480471
rapm,with_minutes,random_forest,season_holdout_2025_26,1,17,-2.8519891426552033,-2.212321939802253,-2.438870375374186,-1.8619823529411765,-2.686,0.5768880224330095
rapm,with_minutes,random_forest,season_holdout_2025_26,2,16,-2.2113115638678726,-1.9404004695831936,-2.074191359362776,-2.5069125000000003,-3.0068,-0.4327211406372238
rapm,with_minutes,random_forest,season_holdout_2025_26,3,16,-1.9355958167031508,-1.8154095124118326,-1.8686016875848006,-2.4154,-2.2910000000000004,-0.5467983124151993
rapm,with_minutes,random_forest,season_holdout_2025_26,4,16,-1.7756737401563722,-1.5468457083742653,-1.6800319384286968,-1.6025625000000001,-1.42665,0.07746943842869677
rapm,with_minutes,random_forest,season_holdout_2025_26,5,17,-1.5380635544143346,-1.2925996022665236,-1.4372167097852206,-1.7693705882352944,-1.6243,-0.33215387845007327
rapm,with_minutes,random_forest,season_holdout_2025_26,6,16,-1.2719111489763706,-0.9652334665542612,-1.102573227476901,-1.5406750000000002,-0.9265000000000001,-0.43810177252309923
rapm,with_minutes,random_forest,season_holdout_2025_26,7,16,-0.9485627244296136,-0.5662103101438579,-0.7783120671054631,-1.7101625,-1.2697,-0.9318504328945368
rapm,with_minutes,random_forest,season_holdout_2025_26,8,16,-0.5159091787622101,-0.15187315747463312,-0.3152408714959323,0.2078687500000001,0.8673,0.5231096214959323
rapm,with_minutes,random_forest,season_holdout_2025_26,9,16,-0.14992119838470358,0.695524630938098,0.21866728743912597,-0.31791249999999993,-0.20909999999999995,-0.5365797874391259
rapm,with_minutes,random_forest,season_holdout_2025_26,10,17,0.7203477951570282,2.8447085886201626,1.4703904543502428,1.3772470588235293,1.5333,-0.09314339552671332
rapm,with_minutes,extra_trees,season_holdout_2025_26,1,17,-2.7034094339285737,-2.148491156845238,-2.3065790101890764,-2.058311764705882,-2.8276,0.24826724548319365
rapm,with_minutes,extra_trees,season_holdout_2025_26,2,16,-2.12408008720238,-1.9826118928571435,-2.0426203241629466,-2.6178625,-3.09035,-0.5752421758370535
rapm,with_minutes,extra_trees,season_holdout_2025_26,3,16,-1.9647471041666662,-1.7403421684523803,-1.8457718198846724,-2.18796875,-2.0959000000000003,-0.3421969301153275
rapm,with_minutes,extra_trees,season_holdout_2025_26,4,16,-1.6777052696428572,-1.457164467857143,-1.5642080696800593,-1.4258125,-0.8049000000000001,0.1383955696800595
rapm,with_minutes,extra_trees,season_holdout_2025_26,5,17,-1.454524420833333,-1.2151825410714292,-1.3075177332457983,-1.7785411764705883,-0.9516,-0.4710234432247898
rapm,with_minutes,extra_trees,season_holdout_2025_26,6,16,-1.2086104723214275,-0.9579690270833326,-1.0983018172061012,-1.43026875,-1.4051,-0.33196693279389894
rapm,with_minutes,extra_trees,season_holdout_2025_26,7,16,-0.954840279761905,-0.6307834184523808,-0.8282133979724703,-1.4485062499999999,-1.67985,-0.6202928520275298
rapm,with_minutes,extra_trees,season_holdout_2025_26,8,16,-0.5771475744047617,-0.1403008363095238,-0.3828456164620536,-1.5621124999999998,-2.6032,-1.1792668835379465
rapm,with_minutes,extra_trees,season_holdout_2025_26,9,16,-0.12082392559523816,0.5444451619047622,0.17048433828125006,0.20417500000000005,0.13919999999999993,0.03369066171874996
rapm,with_minutes,extra_trees,season_holdout_2025_26,10,17,0.6390222339285717,4.322937813690472,2.297040158858542,2.1310764705882357,1.9787,-0.16596368827030653
rapm,with_minutes,gradient_boosting,season_holdout_2025_26,1,17,-4.580028650712314,-2.5305983476701353,-2.912877868891413,-2.237258823529412,-2.8276,0.6756190453620013
rapm,with_minutes,gradient_boosting,season_holdout_2025_26,2,16,-2.4611742540405253,-2.0778271549919993,-2.2488094475900797,-1.99199375,-3.09035,0.25681569759007944
rapm,with_minutes,gradient_boosting,season_holdout_2025_26,3,16,-2.0562122517626378,-1.796256488706718,-1.9438031855952471,-1.10760625,-0.9143000000000001,0.836196935595247
rapm,with_minutes,gradient_boosting,season_holdout_2025_26,4,16,-1.7936437719206648,-1.571223254360411,-1.6806185529134163,-2.5220499999999997,-2.98735,-0.8414314470865837
rapm,with_minutes,gradient_boosting,season_holdout_2025_26,5,17,-1.5557261131925986,-1.3146104410250892,-1.4335451005967947,-2.525641176470588,-1.6243,-1.0920960758737934
rapm,with_minutes,gradient_boosting,season_holdout_2025_26,6,16,-1.30322203589704,-0.9467554079381643,-1.1283218208704124,-1.5483125,-1.81915,-0.41999067912958765
rapm,with_minutes,gradient_boosting,season_holdout_2025_26,7,16,-0.9283642850486103,-0.5408901607085117,-0.702632833849171,0.4315625,0.3858999999999999,1.1341953338491713
rapm,with_minutes,gradient_boosting,season_holdout_2025_26,8,16,-0.5043289455117832,-0.0729739120340286,-0.31669450673130506,-1.39586875,-0.90635,-1.079174243268695
rapm,with_minutes,gradient_boosting,season_holdout_2025_26,9,16,-0.006275667315929803,0.7244928627850237,0.36423533100228,-0.60791875,0.2526999999999999,-0.9721540810022801
rapm,with_minutes,gradient_boosting,season_holdout_2025_26,10,17,0.9888448981114126,9.80365157217786,2.377907274912921,1.4324941176470587,1.6954,-0.9454131572658621
rapm,with_minutes,hist_gradient_boosting,season_holdout_2025_26,1,17,-3.7354690462442717,-2.6421739136583953,-2.9953077937093866,-3.3601529411764703,-4.4087000000000005,-0.3648451474670839
rapm,with_minutes,hist_gradient_boosting,season_holdout_2025_26,2,16,-2.6412576414840294,-2.2365677907018315,-2.4950576436806102,-2.4954375000000004,-2.91115,-0.0003798563193895682
rapm,with_minutes,hist_gradient_boosting,season_holdout_2025_26,3,16,-2.2231229271538577,-1.9017888657497206,-2.0788169903800817,-1.37355625,-1.00285,0.7052607403800821
rapm,with_minutes,hist_gradient_boosting,season_holdout_2025_26,4,16,-1.8526031020175016,-1.5001098675343556,-1.6761271929778832,-1.57905625,-1.22385,0.09707094297788328
rapm,with_minutes,hist_gradient_boosting,season_holdout_2025_26,5,17,-1.490564838857273,-1.1180547878113558,-1.2888571559646478,-0.8807176470588236,-1.0156999999999998,0.4081395089058243
rapm,with_minutes,hist_gradient_boosting,season_holdout_2025_26,6,16,-1.1091207516224022,-0.8877420836668605,-0.9777464944281632,-0.45118124999999987,0.012600000000000042,0.5265652444281632
rapm,with_minutes,hist_gradient_boosting,season_holdout_2025_26,7,16,-0.8848715044135855,-0.4828244221710853,-0.6511288454017403,-1.38026875,-1.22455,-0.7291399045982597
rapm,with_minutes,hist_gradient_boosting,season_holdout_2025_26,8,16,-0.47696643322254795,0.07743284637586977,-0.2220613476326171,-1.9115375,-2.77475,-1.689476152367383
rapm,with_minutes,hist_gradient_boosting,season_holdout_2025_26,9,16,0.17191183587749115,0.9882086652251996,0.6205360743137054,0.16864375000000004,0.21194999999999994,-0.4518923243137054
rapm,with_minutes,hist_gradient_boosting,season_holdout_2025_26,10,17,0.9999237025773855,3.544071257918471,1.5852042217981017,1.1741882352941178,1.1831,-0.41101598650398413
rapm,with_minutes,knn,season_holdout_2025_26,1,17,-2.7816166038616443,-2.0539355595918476,-2.3359912889101135,-1.6301764705882356,-1.9366,0.7058148183218784
rapm,with_minutes,knn,season_holdout_2025_26,2,16,-2.0500418004859395,-1.7961410696955655,-1.8784625055299975,-2.031325,-1.81915,-0.1528624944700024
rapm,with_minutes,knn,season_holdout_2025_26,3,16,-1.7714883193303668,-1.578314774169478,-1.6567790647329546,-1.1439249999999999,-0.5793499999999999,0.5128540647329547
rapm,with_minutes,knn,season_holdout_2025_26,4,16,-1.5751071422581033,-1.4648987849531654,-1.5373582516788482,-1.2608625,-0.9386999999999999,0.2764957516788481
rapm,with_minutes,knn,season_holdout_2025_26,5,17,-1.4607900459727783,-1.3253324897047087,-1.398368342156428,-2.112558823529412,-2.9947,-0.7141904813729839
rapm,with_minutes,knn,season_holdout_2025_26,6,16,-1.3234368216748678,-1.1850811762115199,-1.2445944192120597,-0.9565125,-0.87785,0.2880819192120598
rapm,with_minutes,knn,season_holdout_2025_26,7,16,-1.177622420894579,-0.9401560241236995,-1.1053935143482603,-0.95126875,-0.6306,0.15412476434826042
rapm,with_minutes,knn,season_holdout_2025_26,8,16,-0.9318952066115579,-0.5707388203472382,-0.7300272870186257,-2.3705187500000005,-2.7485,-1.6404914629813743
rapm,with_minutes,knn,season_holdout_2025_26,9,16,-0.5325596712012536,-0.11893220032239953,-0.3366116461515506,-0.22917499999999996,0.32559999999999995,0.10743664615155052
rapm,with_minutes,knn,season_holdout_2025_26,10,17,-0.05462515389722387,2.342016501481155,0.5806130683914854,0.6018823529411765,0.3362,0.021269284549690955
rapm,with_minutes,svr_rbf,season_holdout_2025_26,1,17,-3.2918670326990767,-2.5060618261326004,-2.88846676914611,-1.6033941176470585,-1.9366,1.2850726514990514
rapm,with_minutes,svr_rbf,season_holdout_2025_26,2,16,-2.4180410603866735,-1.9874769132583137,-2.1994747524736074,-2.5689625,-2.8285,-0.36948774752639263
rapm,with_minutes,svr_rbf,season_holdout_2025_26,3,16,-1.9871403316269622,-1.7793203311423063,-1.8659883093002974,-1.78574375,-1.6945999999999999,0.08024455930029739
rapm,with_minutes,svr_rbf,season_holdout_2025_26,4,16,-1.7718174094374313,-1.485921390247284,-1.6229744731543363,-1.8190875000000002,-3.0387500000000003,-0.1961130268456638
rapm,with_minutes,svr_rbf,season_holdout_2025_26,5,17,-1.4794183381269774,-1.2016535246542979,-1.352485670486922,-2.053323529411765,-1.2788,-0.7008378589248427
rapm,with_minutes,svr_rbf,season_holdout_2025_26,6,16,-1.186584876646944,-0.984441352500178,-1.0741647402228462,-1.199575,-0.7627000000000002,-0.1254102597771539
rapm,with_minutes,svr_rbf,season_holdout_2025_26,7,16,-0.9764975271528606,-0.6151828400624763,-0.7944054462488774,-1.4390125,-1.01005,-0.6446070537511224
rapm,with_minutes,svr_rbf,season_holdout_2025_26,8,16,-0.6143393796544658,-0.27518919882747256,-0.431486729165197,-0.17488750000000008,0.3671999999999999,0.25659922916519695
rapm,with_minutes,svr_rbf,season_holdout_2025_26,9,16,-0.2728256992269741,0.20099842343767776,-0.03433381226935152,-0.5335749999999999,-0.14739999999999998,-0.49924118773064846
rapm,with_minutes,svr_rbf,season_holdout_2025_26,10,17,0.4667849436655127,3.6304321501649226,1.1030699511453346,1.059164705882353,0.962,-0.04390524526298167
bpr,no_minutes,mean,season_holdout_2025_26,1,17,0.24116504854368936,0.24116504854368936,0.24116504854368936,-0.8447058823529412,-1.21,-1.0858709308966308
bpr,no_minutes,mean,season_holdout_2025_26,2,16,0.24116504854368936,0.24116504854368936,0.24116504854368936,-0.396875,-0.505,-0.6380400485436895
bpr,no_minutes,mean,season_holdout_2025_26,3,16,0.24116504854368936,0.24116504854368936,0.24116504854368936,-0.41000000000000003,-0.37,-0.6511650485436895
bpr,no_minutes,mean,season_holdout_2025_26,4,16,0.24116504854368936,0.24116504854368936,0.24116504854368936,0.5350000000000001,0.86,0.29383495145631067
bpr,no_minutes,mean,season_holdout_2025_26,5,16,0.24116504854368936,0.24116504854368936,0.24116504854368936,0.74625,0.895,0.5050849514563105
bpr,no_minutes,mean,season_holdout_2025_26,6,16,0.24116504854368936,0.24116504854368936,0.24116504854368936,-0.125,-0.22499999999999998,-0.36616504854368936
bpr,no_minutes,mean,season_holdout_2025_26,7,16,0.24116504854368936,0.24116504854368936,0.24116504854368936,0.45562500000000006,0.8,0.21445995145631067
bpr,no_minutes,mean,season_holdout_2025_26,8,16,0.24116504854368936,0.24116504854368936,0.24116504854368936,0.7474999999999999,0.495,0.5063349514563106
bpr,no_minutes,mean,season_holdout_2025_26,9,16,0.24116504854368936,0.24116504854368936,0.24116504854368936,-0.12562500000000001,-0.55,-0.36679004854368935
bpr,no_minutes,mean,season_holdout_2025_26,10,17,0.24116504854368936,0.24116504854368936,0.24116504854368936,0.05999999999999989,-0.2,-0.18116504854368945
bpr,no_minutes,ridge,season_holdout_2025_26,1,17,-1.8555446075658932,-0.6509306627374016,-0.956880156119815,-0.8570588235294117,-0.77,0.0998213325904032
bpr,no_minutes,ridge,season_holdout_2025_26,2,16,-0.645666109338074,-0.3265902925181401,-0.5102024541595326,-0.775625,-1.1400000000000001,-0.2654225458404674
bpr,no_minutes,ridge,season_holdout_2025_26,3,16,-0.32622044075948886,-0.11144138901429979,-0.21840465424235594,-1.5074999999999998,-1.5950000000000002,-1.2890953457576442
bpr,no_minutes,ridge,season_holdout_2025_26,4,16,-0.09819178701766917,0.0735037987127325,0.0012221007627489858,-0.16374999999999995,-0.715,-0.16497210076274893
bpr,no_minutes,ridge,season_holdout_2025_26,5,16,0.07890745650353215,0.24689141338744458,0.16869998829657115,-0.46749999999999997,0.1,-0.6361999882965711
bpr,no_minutes,ridge,season_holdout_2025_26,6,16,0.2528228109148587,0.4692253711561112,0.34551458712453664,-0.195,0.37,-0.5405145871245366
bpr,no_minutes,ridge,season_holdout_2025_26,7,16,0.48561767940900713,0.7465684164653608,0.6067316059247793,0.9824999999999999,1.065,0.3757683940752208
bpr,no_minutes,ridge,season_holdout_2025_26,8,16,0.7734903620857984,1.2386860440092655,0.9870632216843835,0.175625,0.235,-0.8114382216843836
bpr,no_minutes,ridge,season_holdout_2025_26,9,16,1.2850583522936996,1.7986753050629298,1.5665374141225115,1.113125,1.39,-0.45341241412251143
bpr,no_minutes,ridge,season_holdout_2025_26,10,17,1.811625727361474,5.23501757962903,2.819313722262547,2.2041176470588235,2.42,-0.6151960752037237
bpr,no_minutes,elasticnet,season_holdout_2025_26,1,17,-1.9255494725561375,-0.705979881327211,-0.9784557614614044,-0.8570588235294117,-0.77,0.12139693793199251
bpr,no_minutes,elasticnet,season_holdout_2025_26,2,16,-0.6152416394923649,-0.30688547147839607,-0.47168715135522915,-0.8731249999999999,-1.15,-0.40143784864477083
bpr,no_minutes,elasticnet,season_holdout_2025_26,3,16,-0.29254397033091173,-0.11861738303348768,-0.1882833224656924,-1.373125,-1.5350000000000001,-1.1848416775343076
bpr,no_minutes,elasticnet,season_holdout_2025_26,4,16,-0.10887931141790042,0.07009445698265593,0.004974259055536438,-0.22562500000000002,-0.715,-0.23059925905553647
bpr,no_minutes,elasticnet,season_holdout_2025_26,5,16,0.0747178879479915,0.23645800340247403,0.16457015102715006,-0.5106249999999999,0.1,-0.6751951510271501
bpr,no_minutes,elasticnet,season_holdout_2025_26,6,16,0.24284714134724628,0.5018282354586593,0.36936307336673047,0.08187499999999998,0.495,-0.28748807336673043
bpr,no_minutes,elasticnet,season_holdout_2025_26,7,16,0.504931524678479,0.7533073475174121,0.6163938624356016,0.49124999999999996,0.985,-0.12514386243560166
bpr,no_minutes,elasticnet,season_holdout_2025_26,8,16,0.7565936626046009,1.2945228888542475,0.9951524851494203,0.540625,0.77,-0.45452748514942043
bpr,no_minutes,elasticnet,season_holdout_2025_26,9,16,1.3389113183533272,1.7790063487265222,1.5588717807666062,1.0306250000000001,1.39,-0.5282467807666061
bpr,no_minutes,elasticnet,season_holdout_2025_26,10,17,1.826938348851232,5.327134823774383,2.7939438682294853,2.2041176470588235,2.42,-0.5898262211706617
bpr,no_minutes,random_forest,season_holdout_2025_26,1,17,-1.0948719171223735,-0.4975056375650498,-0.7056233675160005,-1.2864705882352943,-1.58,-0.5808472207192936
bpr,no_minutes,random_forest,season_holdout_2025_26,2,16,-0.49697997143937944,-0.32844166862753277,-0.4057594893072064,-1.1837499999999999,-0.855,-0.7779905106927938
bpr,no_minutes,random_forest,season_holdout_2025_26,3,16,-0.32481849969474985,-0.16274262528783118,-0.24130868857963877,-0.431875,-0.835,-0.1905663114203613
bpr,no_minutes,random_forest,season_holdout_2025_26,4,16,-0.16204349562406534,-0.06280008244206776,-0.1134285787165379,-0.52125,-0.265,-0.4078214212834621
bpr,no_minutes,random_forest,season_holdout_2025_26,5,16,-0.06135137586678024,0.15147579852949342,0.06683485165407296,-0.26250000000000007,0.06,-0.32933485165407295
bpr,no_minutes,random_forest,season_holdout_2025_26,6,16,0.15462875161195017,0.3648344433017962,0.25510219459731925,-1.1725,-1.46,-1.4276021945973194
bpr,no_minutes,random_forest,season_holdout_2025_26,7,16,0.3712698326673325,0.5903298236608165,0.48382679352550884,0.9556250000000002,0.81,0.4717982064744911
bpr,no_minutes,random_forest,season_holdout_2025_26,8,16,0.6070935114885109,0.9115660805656757,0.7652888701006287,0.6712499999999999,1.1099999999999999,-0.09403887010062871
bpr,no_minutes,random_forest,season_holdout_2025_26,9,16,0.9180397335221967,1.3373092417284513,1.13363384348747,1.69625,1.905,0.5626161565125299
bpr,no_minutes,random_forest,season_holdout_2025_26,10,17,1.3563130917346544,2.891011343378843,1.9724741166166728,2.0788235294117645,2.24,0.10634941279509165
bpr,no_minutes,extra_trees,season_holdout_2025_26,1,17,-1.1801299999999997,-0.5281184523809521,-0.7523695098039216,-1.571764705882353,-1.81,-0.8193951960784313
bpr,no_minutes,extra_trees,season_holdout_2025_26,2,16,-0.5246934226190472,-0.3237563690476191,-0.41467788504464287,-0.8575000000000002,-1.19,-0.44282211495535717
bpr,no_minutes,extra_trees,season_holdout_2025_26,3,16,-0.30523532738095244,-0.18107931547619052,-0.243515390625,-0.44625000000000004,-0.355,-0.202734609375
bpr,no_minutes,extra_trees,season_holdout_2025_26,4,16,-0.17825684523809532,0.0069498214285714155,-0.08716542410714286,-0.07500000000000007,-0.075,0.01216542410714283
bpr,no_minutes,extra_trees,season_holdout_2025_26,5,16,0.00787166666666666,0.1716301190476191,0.08888256510416667,-0.785,-0.5700000000000001,-0.8738825651041666
bpr,no_minutes,extra_trees,season_holdout_2025_26,6,16,0.18097523809523822,0.33177806547619043,0.26984864955357135,-0.6856250000000002,-0.22999999999999998,-0.9554736495535714
bpr,no_minutes,extra_trees,season_holdout_2025_26,7,16,0.37573488095238067,0.5692707142857145,0.47962963727678565,0.010000000000000037,-0.645,-0.4696296372767855
bpr,no_minutes,extra_trees,season_holdout_2025_26,8,16,0.575694880952381,0.8658145238095238,0.7110003422619049,1.2175,0.985,0.5064996577380952
bpr,no_minutes,extra_trees,season_holdout_2025_26,9,16,0.8718461904761905,1.6689280952380954,1.2213791387648807,1.173125,1.5,-0.0482541387648808
bpr,no_minutes,extra_trees,season_holdout_2025_26,10,17,1.7610186309523803,3.8371964880952394,2.8335998056722684,2.55235294117647,2.66,-0.281246864495798
bpr,no_minutes,gradient_boosting,season_holdout_2025_26,1,17,-1.534860519383422,-0.9490347132886917,-1.1380529483847033,-1.138235294117647,-1.36,-0.00018234573294379267
bpr,no_minutes,gradient_boosting,season_holdout_2025_26,2,16,-0.8653933886690786,-0.6272368444032876,-0.7444234473848608,-0.44437499999999996,-0.62,0.30004844738486075
bpr,no_minutes,gradient_boosting,season_holdout_2025_26,3,16,-0.6124105600715347,-0.3437713356641383,-0.49285092469532193,-1.3918750000000002,-2.065,-0.8990240753046781
bpr,no_minutes,gradient_boosting,season_holdout_2025_26,4,16,-0.33986818560389304,-0.05935342490386641,-0.21498200656499913,-0.4075000000000001,-0.21999999999999997,-0.19251799343500087
bpr,no_minutes,gradient_boosting,season_holdout_2025_26,5,16,-0.058797215134704636,0.14633965514922137,0.051611485128452816,-0.37124999999999997,-0.26,-0.4228614851284528
bpr,no_minutes,gradient_boosting,season_holdout_2025_26,6,16,0.19920782117877903,0.5079389605851803,0.35993327687773913,-0.39749999999999996,-0.15000000000000002,-0.7574332768777391
bpr,no_minutes,gradient_boosting,season_holdout_2025_26,7,16,0.510410083912669,0.8157926715000213,0.6737042554217595,0.49562500000000004,0.46,-0.1780792554217595
bpr,no_minutes,gradient_boosting,season_holdout_2025_26,8,16,0.863978484526817,1.3078516605188786,1.0695203231178598,0.83375,0.94,-0.23577032311786
bpr,no_minutes,gradient_boosting,season_holdout_2025_26,9,16,1.3143492498320934,1.8936105635494067,1.582375234146102,1.17875,1.065,-0.4036252341461021
bpr,no_minutes,gradient_boosting,season_holdout_2025_26,10,17,2.048485557042088,4.9159550208449545,3.059560947520812,2.1711764705882355,2.66,-0.888384476932577
bpr,no_minutes,hist_gradient_boosting,season_holdout_2025_26,1,17,-2.0804368163308373,-1.1320898480897343,-1.4703052902467113,-1.440588235294118,-1.8,0.029717054952593722
bpr,no_minutes,hist_gradient_boosting,season_holdout_2025_26,2,16,-1.116167126283134,-0.6929141562320347,-0.9131061503041721,-0.20625000000000002,-0.5349999999999999,0.7068561503041721
bpr,no_minutes,hist_gradient_boosting,season_holdout_2025_26,3,16,-0.6859962200898329,-0.29276281126658027,-0.4588364882961309,-0.43062500000000004,-0.875,0.028211488296130904
bpr,no_minutes,hist_gradient_boosting,season_holdout_2025_26,4,16,-0.24072141306181438,0.02467264671579336,-0.09141699822082329,-0.244375,-0.615,-0.15295800177917668
bpr,no_minutes,hist_gradient_boosting,season_holdout_2025_26,5,16,0.027467192303515603,0.3504553677066747,0.20256511781920108,-0.6168750000000001,-0.28500000000000003,-0.8194401178192011
bpr,no_minutes,hist_gradient_boosting,season_holdout_2025_26,6,16,0.35497250865774715,0.5478117132390415,0.44567225936175786,-0.29874999999999996,0.29000000000000004,-0.7444222593617578
bpr,no_minutes,hist_gradient_boosting,season_holdout_2025_26,7,16,0.5996831872411668,0.8559411454114458,0.7307668016794795,0.19187500000000002,0.175,-0.5388918016794795
bpr,no_minutes,hist_gradient_boosting,season_holdout_2025_26,8,16,0.9807958609044702,1.370646985737083,1.1660172200266243,0.7562500000000001,0.515,-0.40976722002662425
bpr,no_minutes,hist_gradient_boosting,season_holdout_2025_26,9,16,1.4025763970337644,1.9185610262512345,1.690021660338723,1.45375,1.205,-0.23627166033872316
bpr,no_minutes,hist_gradient_boosting,season_holdout_2025_26,10,17,1.9648336335637038,4.144577153551132,2.673158402110077,1.4294117647058824,1.67,-1.243746637404195
bpr,no_minutes,knn,season_holdout_2025_26,1,17,-1.1549300575891988,-0.6777817121992158,-0.8491369511000283,-1.04,-1.21,-0.19086304889997163
bpr,no_minutes,knn,season_holdout_2025_26,2,16,-0.664635439521628,-0.47400551335583274,-0.57540195475725,-0.428125,-0.26,0.14727695475725
bpr,no_minutes,knn,season_holdout_2025_26,3,16,-0.4713897612348155,-0.2700463051387541,-0.3674571392170615,-0.35062499999999996,-0.35,0.016832139217061587
bpr,no_minutes,knn,season_holdout_2025_26,4,16,-0.268856334959465,-0.1259304914172226,-0.1838687597671823,-0.8018750000000001,-0.595,-0.6180062402328177
bpr,no_minutes,knn,season_holdout_2025_26,5,16,-0.12253170628106795,0.01891488429736624,-0.0663040118841197,0.2562499999999999,0.005000000000000001,0.3225540118841196
bpr,no_minutes,knn,season_holdout_2025_26,6,16,0.024183505563970753,0.19297123498337745,0.11006635205259278,0.07437499999999997,0.08499999999999999,-0.03569135205259277
bpr,no_minutes,knn,season_holdout_2025_26,7,16,0.20177089721892497,0.44236671912660036,0.3356010734112067,-0.236875,-1.08,-0.5724760734112067
bpr,no_minutes,knn,season_holdout_2025_26,8,16,0.46204298321681797,0.63941656557409,0.5466156095655219,0.64125,0.915,0.09463439043447816
bpr,no_minutes,knn,season_holdout_2025_26,9,16,0.649226943633008,1.0915116174561756,0.8551229339449071,1.044375,1.17,0.18925206605509284
bpr,no_minutes,knn,season_holdout_2025_26,10,17,1.0978686301125162,2.7538162418200476,1.7443451243137034,1.4111764705882353,1.38,-0.3331686537254681
bpr,no_minutes,svr_rbf,season_holdout_2025_26,1,17,-1.925121412924133,-1.0080436883085362,-1.31197400961602,-1.3270588235294118,-1.03,-0.015084813913391762
bpr,no_minutes,svr_rbf,season_holdout_2025_26,2,16,-0.9507913274165305,-0.7011185719620225,-0.8375166900679807,-1.259375,-0.855,-0.4218583099320193
bpr,no_minutes,svr_rbf,season_holdout_2025_26,3,16,-0.6810813852801159,-0.42097670986660773,-0.57749881536734,-0.364375,-0.69,0.21312381536733999
bpr,no_minutes,svr_rbf,season_holdout_2025_26,4,16,-0.4159617759024974,-0.13433201408155993,-0.2934382955513059,0.09562500000000007,-0.415,0.3890632955513058
bpr,no_minutes,svr_rbf,season_holdout_2025_26,5,16,-0.12480652552745575,0.11923244717318182,-0.009223669226394095,-0.805625,-1.1549999999999998,-0.796401330773606
bpr,no_minutes,svr_rbf,season_holdout_2025_26,6,16,0.1197556138518866,0.32648819028663856,0.1939392159482228,-0.30250000000000005,-0.56,-0.4964392159482228
bpr,no_minutes,svr_rbf,season_holdout_2025_26,7,16,0.33295923818757545,0.5854206176091885,0.4441066650052724,0.5775000000000001,0.845,0.13339333499472755
bpr,no_minutes,svr_rbf,season_holdout_2025_26,8,16,0.585748409222829,1.0409071748770276,0.760875124834236,0.74,0.7350000000000001,-0.020875124834236036
bpr,no_minutes,svr_rbf,season_holdout_2025_26,9,16,1.138911591870265,1.403823885580048,1.2507435314001625,1.151875,1.35,-0.09886853140016236
bpr,no_minutes,svr_rbf,season_holdout_2025_26,10,17,1.413345662737293,4.298968730407561,2.1561944017484658,2.0423529411764707,1.93,-0.11384146057199504
bpr,with_minutes,mean,season_holdout_2025_26,1,17,0.24116504854368936,0.24116504854368936,0.24116504854368936,-0.8447058823529412,-1.21,-1.0858709308966308
bpr,with_minutes,mean,season_holdout_2025_26,2,16,0.24116504854368936,0.24116504854368936,0.24116504854368936,-0.396875,-0.505,-0.6380400485436895
bpr,with_minutes,mean,season_holdout_2025_26,3,16,0.24116504854368936,0.24116504854368936,0.24116504854368936,-0.41000000000000003,-0.37,-0.6511650485436895
bpr,with_minutes,mean,season_holdout_2025_26,4,16,0.24116504854368936,0.24116504854368936,0.24116504854368936,0.5350000000000001,0.86,0.29383495145631067
bpr,with_minutes,mean,season_holdout_2025_26,5,16,0.24116504854368936,0.24116504854368936,0.24116504854368936,0.74625,0.895,0.5050849514563105
bpr,with_minutes,mean,season_holdout_2025_26,6,16,0.24116504854368936,0.24116504854368936,0.24116504854368936,-0.125,-0.22499999999999998,-0.36616504854368936
bpr,with_minutes,mean,season_holdout_2025_26,7,16,0.24116504854368936,0.24116504854368936,0.24116504854368936,0.45562500000000006,0.8,0.21445995145631067
bpr,with_minutes,mean,season_holdout_2025_26,8,16,0.24116504854368936,0.24116504854368936,0.24116504854368936,0.7474999999999999,0.495,0.5063349514563106
bpr,with_minutes,mean,season_holdout_2025_26,9,16,0.24116504854368936,0.24116504854368936,0.24116504854368936,-0.12562500000000001,-0.55,-0.36679004854368935
bpr,with_minutes,mean,season_holdout_2025_26,10,17,0.24116504854368936,0.24116504854368936,0.24116504854368936,0.05999999999999989,-0.2,-0.18116504854368945
bpr,with_minutes,ridge,season_holdout_2025_26,1,17,-2.8137942240912888,-1.3125613584315885,-1.7863956663151006,-1.69,-1.71,0.09639566631510058
bpr,with_minutes,ridge,season_holdout_2025_26,2,16,-1.2405169898392598,-0.859447532441233,-1.0414111957055936,-1.1056249999999999,-0.9249999999999999,-0.0642138042944064
bpr,with_minutes,ridge,season_holdout_2025_26,3,16,-0.8380100177160628,-0.4664478284913147,-0.6393011540296658,-1.015625,-0.61,-0.37632384597033425
bpr,with_minutes,ridge,season_holdout_2025_26,4,16,-0.44845803052038025,-0.10973476430076134,-0.2684801982465072,-0.524375,-0.815,-0.25589480175349283
bpr,with_minutes,ridge,season_holdout_2025_26,5,16,-0.09328445564195387,0.13705934024649968,0.0443695617669164,-0.43062500000000004,-1.275,-0.4749945617669165
bpr,with_minutes,ridge,season_holdout_2025_26,6,16,0.14215745827548765,0.44201283592229057,0.2850994196298914,-0.24375,-0.345,-0.5288494196298913
bpr,with_minutes,ridge,season_holdout_2025_26,7,16,0.4591608930371093,0.8830363294839816,0.6846815075099018,0.37374999999999997,0.425,-0.31093150750990184
bpr,with_minutes,ridge,season_holdout_2025_26,8,16,0.8949522579544766,1.522713917096504,1.2273436388723407,0.974375,1.175,-0.2529686388723406
bpr,with_minutes,ridge,season_holdout_2025_26,9,16,1.5502606818554845,1.997619874344068,1.7015742037797836,1.74875,1.71,0.04717579622021639
bpr,with_minutes,ridge,season_holdout_2025_26,10,17,2.0794666418698915,5.3566038428133895,3.1634122149691817,2.4582352941176473,2.66,-0.7051769208515345
bpr,with_minutes,elasticnet,season_holdout_2025_26,1,17,-2.8956552929242765,-1.2596450756081439,-1.7796516264776134,-1.561764705882353,-1.68,0.21788692059526032
bpr,with_minutes,elasticnet,season_holdout_2025_26,2,16,-1.2590022144532103,-0.8782217644312216,-1.048509628500626,-1.45125,-1.29,-0.4027403714993739
bpr,with_minutes,elasticnet,season_holdout_2025_26,3,16,-0.8240009488723958,-0.42700863044036974,-0.6352132009429636,-0.663125,-0.18,-0.027911799057036307
bpr,with_minutes,elasticnet,season_holdout_2025_26,4,16,-0.4211836883374327,-0.09512449752874708,-0.2635673619247356,-0.748125,-1.25,-0.4845576380752644
bpr,with_minutes,elasticnet,season_holdout_2025_26,5,16,-0.07436973884592146,0.1507926261718754,0.05105806465577399,-0.09375000000000011,0.06,-0.14480806465577406
bpr,with_minutes,elasticnet,season_holdout_2025_26,6,16,0.15688103641143514,0.4327508461262364,0.29141750301602715,-0.448125,-0.6499999999999999,-0.7395425030160272
bpr,with_minutes,elasticnet,season_holdout_2025_26,7,16,0.43329460163069844,0.8645674082469025,0.6658648178682487,0.2725,0.425,-0.3933648178682487
bpr,with_minutes,elasticnet,season_holdout_2025_26,8,16,0.8820807285511709,1.5200767408495157,1.222866036367171,1.3074999999999999,1.535,0.0846339636328288
bpr,with_minutes,elasticnet,season_holdout_2025_26,9,16,1.5639596901818882,2.055550996621545,1.725729161324249,1.4649999999999999,1.3050000000000002,-0.26072916132424906
bpr,with_minutes,elasticnet,season_holdout_2025_26,10,17,2.072480423192186,5.349105715359127,3.1564268614542366,2.4582352941176473,2.66,-0.6981915673365893
bpr,with_minutes,random_forest,season_holdout_2025_26,1,17,-1.5152307356879242,-1.0259637990604165,-1.2386362008730822,-2.02,-1.95,-0.7813637991269176
bpr,with_minutes,random_forest,season_holdout_2025_26,2,16,-1.0060931286625954,-0.7520358211069985,-0.8704206479590604,-1.198125,-1.63,-0.32770435204093956
bpr,with_minutes,random_forest,season_holdout_2025_26,3,16,-0.7315490261821513,-0.5494233358696045,-0.6509204472185989,-0.206875,-0.21500000000000002,0.44404544721859884
bpr,with_minutes,random_forest,season_holdout_2025_26,4,16,-0.547835674176722,-0.2805562996174576,-0.40497627541804954,-0.8025,-0.6499999999999999,-0.3975237245819505
bpr,with_minutes,random_forest,season_holdout_2025_26,5,16,-0.2531413244455707,0.06673980966949719,-0.06920039862277225,0.14625,0.33,0.21545039862277215
bpr,with_minutes,random_forest,season_holdout_2025_26,6,16,0.11102296250318312,0.3871107490895542,0.20836447083261733,0.33499999999999996,0.06499999999999999,0.1266355291673827
bpr,with_minutes,random_forest,season_holdout_2025_26,7,16,0.38802148453670526,0.5580320794830171,0.4844404765049595,0.17562499999999992,0.235,-0.30881547650495955
bpr,with_minutes,random_forest,season_holdout_2025_26,8,16,0.5602469553710175,0.8137480003335373,0.7116254738666059,-0.22999999999999998,0.13999999999999999,-0.9416254738666059
bpr,with_minutes,random_forest,season_holdout_2025_26,9,16,0.8300311600205349,1.6890590599331226,1.320353122673271,1.66125,2.23,0.340896877326729
bpr,with_minutes,random_forest,season_holdout_2025_26,10,17,1.7493293925865787,3.115682107510543,2.2612929401980244,2.690588235294118,2.79,0.42929529509609354
bpr,with_minutes,extra_trees,season_holdout_2025_26,1,17,-1.8300919047619038,-0.9953389285714285,-1.2769257545518204,-2.2505882352941176,-1.97,-0.973662480742297
bpr,with_minutes,extra_trees,season_holdout_2025_26,2,16,-0.9650565476190477,-0.6580000892857142,-0.8416876674107141,-0.925,-0.715,-0.08331233258928586
bpr,with_minutes,extra_trees,season_holdout_2025_26,3,16,-0.6491325595238099,-0.4324225595238098,-0.5526112611607142,-0.9437500000000001,-0.6499999999999999,-0.39113873883928574
bpr,with_minutes,extra_trees,season_holdout_2025_26,4,16,-0.424758273809524,-0.20883708333333342,-0.3027707570684524,-0.386875,-0.5,-0.08410424293154756
bpr,with_minutes,extra_trees,season_holdout_2025_26,5,16,-0.20711598214285715,0.030617886904761894,-0.0951675037202381,-0.17062500000000003,0.33,-0.0754574962797619
bpr,with_minutes,extra_trees,season_holdout_2025_26,6,16,0.03319919642857147,0.30833988095238113,0.18840989397321428,0.10999999999999993,-0.28500000000000003,-0.07840989397321435
bpr,with_minutes,extra_trees,season_holdout_2025_26,7,16,0.32178249999999997,0.589315476190476,0.45493206101190486,0.21375,0.395,-0.24118206101190487
bpr,with_minutes,extra_trees,season_holdout_2025_26,8,16,0.6083048214285711,0.8261529464285708,0.7360269177827381,0.16062499999999996,0.08000000000000002,-0.5754019177827381
bpr,with_minutes,extra_trees,season_holdout_2025_26,9,16,0.9088438988095241,1.8591544642857145,1.4081740773809526,2.0968750000000003,1.745,0.6887009226190473
bpr,with_minutes,extra_trees,season_holdout_2025_26,10,17,1.89900505952381,3.6323277380952423,2.4761358105742306,2.6629411764705884,2.79,0.18680536589635757
bpr,with_minutes,gradient_boosting,season_holdout_2025_26,1,17,-2.016695538832061,-1.1528704915421144,-1.4371524133868547,-1.9588235294117646,-1.81,-0.5216711160249099
bpr,with_minutes,gradient_boosting,season_holdout_2025_26,2,16,-1.1464941513332183,-0.9148466751508562,-1.0437515061505636,-1.16875,-0.98,-0.12499849384943651
bpr,with_minutes,gradient_boosting,season_holdout_2025_26,3,16,-0.848473468883282,-0.46022480728200404,-0.6789439800119293,-0.6912499999999999,-0.615,-0.012306019988070682
bpr,with_minutes,gradient_boosting,season_holdout_2025_26,4,16,-0.44838008581186195,-0.3068414699329338,-0.37957538668166185,-0.70125,-0.6499999999999999,-0.32167461331833813
bpr,with_minutes,gradient_boosting,season_holdout_2025_26,5,16,-0.2999790339089767,-0.0357595690005705,-0.18161853357150215,-0.148125,0.22999999999999998,0.033493533571502115
bpr,with_minutes,gradient_boosting,season_holdout_2025_26,6,16,-0.023761298388866193,0.29676876260613294,0.09478328932057709,-0.28062500000000007,-0.345,-0.3754082893205771
bpr,with_minutes,gradient_boosting,season_holdout_2025_26,7,16,0.348862861534135,0.7487830297834472,0.5364245601867894,0.45125,0.22,-0.08517456018678943
bpr,with_minutes,gradient_boosting,season_holdout_2025_26,8,16,0.7602589664155104,1.2774364082581589,0.9350984465820122,0.8756249999999999,0.86,-0.05947344658201231
bpr,with_minutes,gradient_boosting,season_holdout_2025_26,9,16,1.289526033996832,1.793677120946906,1.5132279881551538,1.9181249999999999,2.26,0.40489701184484606
bpr,with_minutes,gradient_boosting,season_holdout_2025_26,10,17,1.8544004421828875,6.026630589755773,2.9753345925735433,2.277058823529412,2.64,-0.6982757690441314
bpr,with_minutes,hist_gradient_boosting,season_holdout_2025_26,1,17,-2.9220976811318646,-1.3033188356663552,-1.7699169483715185,-2.0352941176470587,-2.23,-0.26537716927554017
bpr,with_minutes,hist_gradient_boosting,season_holdout_2025_26,2,16,-1.2836630162734943,-0.943030331298192,-1.1276074841734003,-1.058125,-1.63,0.06948248417340036
bpr,with_minutes,hist_gradient_boosting,season_holdout_2025_26,3,16,-0.9154053252291303,-0.5145119867775971,-0.6982292932053521,-0.1506250000000001,-0.405,0.5476042932053521
bpr,with_minutes,hist_gradient_boosting,season_holdout_2025_26,4,16,-0.5108960189461829,-0.317355554116389,-0.4099491138306483,-0.7762500000000001,-0.845,-0.36630088616935164
bpr,with_minutes,hist_gradient_boosting,season_holdout_2025_26,5,16,-0.2827665557415793,0.12662354550335064,-0.04503963351548147,0.524375,0.86,0.5694146335154815
bpr,with_minutes,hist_gradient_boosting,season_holdout_2025_26,6,16,0.14151432567055786,0.45260232049961446,0.32888374907576695,-0.45500000000000007,-0.21999999999999997,-0.7838837490757669
bpr,with_minutes,hist_gradient_boosting,season_holdout_2025_26,7,16,0.47351760619952826,0.7034761125233364,0.5710489631232023,0.33375000000000005,-0.16,-0.23729896312320223
bpr,with_minutes,hist_gradient_boosting,season_holdout_2025_26,8,16,0.714812441867923,1.203781863972647,0.9417875574521178,0.8225,0.845,-0.11928755745211783
bpr,with_minutes,hist_gradient_boosting,season_holdout_2025_26,9,16,1.213656398600858,1.871494386692805,1.5336691411182106,0.80875,1.045,-0.7249191411182107
bpr,with_minutes,hist_gradient_boosting,season_holdout_2025_26,10,17,1.8801869780182745,4.667205288621486,2.6380848301638693,2.5470588235294116,2.66,-0.09102600663445723
bpr,with_minutes,knn,season_holdout_2025_26,1,17,-1.5177140501597313,-0.7750710479024939,-1.0127431026870275,-1.7641176470588233,-1.95,-0.751374544371796
bpr,with_minutes,knn,season_holdout_2025_26,2,16,-0.7505839724196126,-0.4734429922264239,-0.6006277001036857,-0.533125,-0.43499999999999994,0.06750270010368578
bpr,with_minutes,knn,season_holdout_2025_26,3,16,-0.47231504315235096,-0.29411691729941225,-0.377293506432824,-1.134375,-1.4100000000000001,-0.757081493567176
bpr,with_minutes,knn,season_holdout_2025_26,4,16,-0.2903051633919826,-0.16594783730482657,-0.23106975312112965,-0.4525,-0.33,-0.22143024687887042
bpr,with_minutes,knn,season_holdout_2025_26,5,16,-0.1630579527739323,0.02397206666281349,-0.07898063423148681,0.09312500000000012,0.015,0.17210563423148684
bpr,with_minutes,knn,season_holdout_2025_26,6,16,0.028092874104780594,0.20869944992403575,0.08499199551521269,0.10375000000000001,-0.125,0.01875800448478726
bpr,with_minutes,knn,season_holdout_2025_26,7,16,0.2129716877922452,0.3717602794458298,0.2767200207443948,0.850625,1.085,0.5739049792556052
bpr,with_minutes,knn,season_holdout_2025_26,8,16,0.3849963904123776,0.7410701278922994,0.5284985191586471,0.36250000000000004,0.485,-0.1659985191586471
bpr,with_minutes,knn,season_holdout_2025_26,9,16,0.7735211851214584,1.0947180344024317,0.9078686789655441,1.18125,1.1800000000000002,0.27338132103445584
bpr,with_minutes,knn,season_holdout_2025_26,10,17,1.1617058946202339,3.2463249856257446,1.7227008648153426,1.8788235294117648,2.24,0.15612266459642202
bpr,with_minutes,svr_rbf,season_holdout_2025_26,1,17,-2.074397997905769,-1.4056398648067467,-1.7102309356880798,-1.8752941176470588,-1.84,-0.1650631819589791
bpr,with_minutes,svr_rbf,season_holdout_2025_26,2,16,-1.329084196066921,-0.9256477025887888,-1.1085412784630093,-1.0375,-0.705,0.07104127846300937
bpr,with_minutes,svr_rbf,season_holdout_2025_26,3,16,-0.9097981658289831,-0.5304300682197998,-0.6875521454112405,-0.516875,-0.18,0.17067714541124046
bpr,with_minutes,svr_rbf,season_holdout_2025_26,4,16,-0.5186922470639057,-0.24711645368740998,-0.3825731761317653,-0.06562500000000004,-0.27999999999999997,0.3169481761317652
bpr,with_minutes,svr_rbf,season_holdout_2025_26,5,16,-0.23514617407845406,-0.02029707968393868,-0.13688581842603054,-1.1568749999999999,-1.33,-1.0199891815739695
bpr,with_minutes,svr_rbf,season_holdout_2025_26,6,16,-0.0037950459612716703,0.26642790341164313,0.13304835144355412,0.39249999999999996,0.64,0.25945164855644587
bpr,with_minutes,svr_rbf,season_holdout_2025_26,7,16,0.28419741299775186,0.541411084786321,0.42395358279644535,0.220625,-0.345,-0.20332858279644533
bpr,with_minutes,svr_rbf,season_holdout_2025_26,8,16,0.5735268870199814,1.19843315260779,0.9047085966673296,0.8762500000000001,0.9,-0.02845859666732964
bpr,with_minutes,svr_rbf,season_holdout_2025_26,9,16,1.2224495564489999,1.460448922373804,1.3043138365738356,1.30125,1.0150000000000001,-0.003063836573835743
bpr,with_minutes,svr_rbf,season_holdout_2025_26,10,17,1.5228752457983468,4.686782317589335,2.299527320362456,2.420588235294118,2.24,0.12106091493166175
porpag,no_minutes,mean,season_holdout_2025_26,1,23,1.0154079452456577,1.0154079452456577,1.0154079452456581,0.4846006426086957,0.364153,-0.530807302636962
porpag,no_minutes,mean,season_holdout_2025_26,2,23,1.0154079452456577,1.0154079452456577,1.0154079452456581,0.6084738304347825,0.475843,-0.4069341148108751
porpag,no_minutes,mean,season_holdout_2025_26,3,22,1.0154079452456577,1.0154079452456577,1.0154079452456581,1.070978886363636,0.88567,0.05557094111797867
porpag,no_minutes,mean,season_holdout_2025_26,4,23,1.0154079452456577,1.0154079452456577,1.0154079452456581,0.542700443478261,0.370591,-0.4727075017673968
porpag,no_minutes,mean,season_holdout_2025_26,5,23,1.0154079452456577,1.0154079452456577,1.0154079452456581,1.301959217391304,1.19394,0.28655127214564663
porpag,no_minutes,mean,season_holdout_2025_26,6,22,1.0154079452456577,1.0154079452456577,1.0154079452456581,0.8786277045454546,0.67477,-0.13678024070020314
porpag,no_minutes,mean,season_holdout_2025_26,7,23,1.0154079452456577,1.0154079452456577,1.0154079452456581,0.8848697869565219,0.925762,-0.13053815828913598
porpag,no_minutes,mean,season_holdout_2025_26,8,22,1.0154079452456577,1.0154079452456577,1.0154079452456581,1.3830416727272727,1.16591,0.36763372748161505
porpag,no_minutes,mean,season_holdout_2025_26,9,23,1.0154079452456577,1.0154079452456577,1.0154079452456581,0.6054559434782608,0.440335,-0.4099520017673968
porpag,no_minutes,mean,season_holdout_2025_26,10,23,1.0154079452456577,1.0154079452456577,1.0154079452456581,0.8945372569565216,0.66175,-0.1208706882891359
porpag,no_minutes,ridge,season_holdout_2025_26,1,23,0.024193549306123163,0.5445825671156428,0.39079860216685464,0.15147299565217393,0.041649,-0.23932560651468066
porpag,no_minutes,ridge,season_holdout_2025_26,2,23,0.5473264554041473,0.7348738986677162,0.6556682088581411,0.42819521739130434,0.244293,-0.22747299146683683
porpag,no_minutes,ridge,season_holdout_2025_26,3,22,0.7365890090515321,0.8357637821007382,0.7949690391869079,0.44642148545454535,0.2513305,-0.3485475537323624
porpag,no_minutes,ridge,season_holdout_2025_26,4,23,0.8377616867371918,0.9618441942017542,0.8996200386978547,0.9133048260869565,0.724635,0.013684787389101805
porpag,no_minutes,ridge,season_holdout_2025_26,5,23,0.9655577262985746,1.0649355272247059,1.011504725976322,0.8574136217391305,0.813066,-0.15409110423719147
porpag,no_minutes,ridge,season_holdout_2025_26,6,22,1.0658296215023406,1.1908755742627533,1.1159446340433636,0.8057565590909092,0.7682525,-0.3101880749524544
porpag,no_minutes,ridge,season_holdout_2025_26,7,23,1.197389816178697,1.280130189162645,1.245398644098824,1.2577107352173915,0.891182,0.01231209111856728
porpag,no_minutes,ridge,season_holdout_2025_26,8,22,1.2951509049391645,1.3772778503657888,1.337863909028176,1.2059971863636365,1.23119,-0.1318667226645396
porpag,no_minutes,ridge,season_holdout_2025_26,9,23,1.3854830925463868,1.6306714795476511,1.502760843864969,1.0323081739130435,0.859151,-0.47045266995192564
porpag,no_minutes,ridge,season_holdout_2025_26,10,23,1.6516111256721333,2.4156736963596823,1.895396511053555,1.5186440173913043,1.78407,-0.37675249366225044
porpag,no_minutes,elasticnet,season_holdout_2025_26,1,23,0.19861708329541528,0.6212207847026086,0.4635050165823093,0.20712430000000004,0.13675,-0.2563807165823094
porpag,no_minutes,elasticnet,season_holdout_2025_26,2,23,0.6257260252771153,0.7508017810267719,0.6977731623205209,0.4800742826086956,0.268896,-0.2176988797118252
porpag,no_minutes,elasticnet,season_holdout_2025_26,3,22,0.7515893946494787,0.8504042946354036,0.8048949578882472,0.5184083718181819,0.1370819,-0.2864865860700654
porpag,no_minutes,elasticnet,season_holdout_2025_26,4,23,0.857669018062902,0.9918165624690112,0.9176938821686885,0.8057277391304348,0.729626,-0.11196614303825382
porpag,no_minutes,elasticnet,season_holdout_2025_26,5,23,0.9965044561715937,1.0964804640784427,1.0501208892938139,0.8634904347826087,0.550849,-0.18663045451120513
porpag,no_minutes,elasticnet,season_holdout_2025_26,6,22,1.101296533923952,1.1941172449640631,1.1502364111283285,0.8484940277272728,0.84702,-0.30174238340105597
porpag,no_minutes,elasticnet,season_holdout_2025_26,7,23,1.1978023446327697,1.2802890841508543,1.238729568415189,0.8033670782608696,0.734288,-0.4353624901543195
porpag,no_minutes,elasticnet,season_holdout_2025_26,8,22,1.2871375100828257,1.4118627596072273,1.3431402688996945,1.4813920090909092,1.436125,0.13825174019121436
porpag,no_minutes,elasticnet,season_holdout_2025_26,9,23,1.4228004499068467,1.584382709883962,1.4974040793081387,1.1761102173913043,1.18412,-0.32129386191683446
porpag,no_minutes,elasticnet,season_holdout_2025_26,10,23,1.608955948024989,2.127868665037794,1.8359074957384893,1.449998060869565,1.49826,-0.38590943486892426
porpag,no_minutes,random_forest,season_holdout_2025_26,1,23,0.22904099138158712,0.6824163037406038,0.5149027140713508,0.5799189130434782,0.268896,0.06501619897212763
porpag,no_minutes,random_forest,season_holdout_2025_26,2,23,0.6858028507897592,0.8076020068247501,0.7460337469313928,0.2436877826086957,0.041649,-0.5023459643226971
porpag,no_minutes,random_forest,season_holdout_2025_26,3,22,0.809873473778357,0.9049644243728526,0.8671543580704206,0.39119540500000005,0.08006835,-0.47595895307042063
porpag,no_minutes,random_forest,season_holdout_2025_26,4,23,0.9064308655324266,1.0100135200289353,0.958432022956182,0.8196612000000002,0.788205,-0.13877082295618176
porpag,no_minutes,random_forest,season_holdout_2025_26,5,23,1.0114723722893864,1.1123720766057352,1.065141725581468,0.5629056130434783,0.496593,-0.5022361125379898
porpag,no_minutes,random_forest,season_holdout_2025_26,6,22,1.1125233001099804,1.2162182105984412,1.1643411894322178,0.8875736863636363,0.904264,-0.2767675030685812
porpag,no_minutes,random_forest,season_holdout_2025_26,7,23,1.2329112199929246,1.307796615189993,1.2712975755324472,1.0030067217391303,1.07957,-0.2682908537933166
porpag,no_minutes,random_forest,season_holdout_2025_26,8,22,1.3157691963002105,1.4937292211786308,1.4005171907490273,1.2176109945454545,1.15239,-0.1829061962035726
porpag,no_minutes,random_forest,season_holdout_2025_26,9,23,1.4944536419924719,1.675636942598735,1.5610501312753164,1.3400616086956523,1.26663,-0.22098852257966414
porpag,no_minutes,random_forest,season_holdout_2025_26,10,23,1.6969157918613493,2.2914397896392518,1.9031105821300756,1.5732639739130434,1.78407,-0.3298466082170324
porpag,no_minutes,extra_trees,season_holdout_2025_26,1,23,0.13977256755205963,0.6048794584960716,0.45137312390884216,0.642739452173913,0.325167,0.19136632826507088
porpag,no_minutes,extra_trees,season_holdout_2025_26,2,23,0.609075193926905,0.7910396285747615,0.707619791905821,0.07574932173913043,-0.0884567,-0.6318704701666905
porpag,no_minutes,extra_trees,season_holdout_2025_26,3,22,0.8066701677856662,0.9292923793164285,0.8733633846979529,0.3190215409090909,0.27287,-0.554341843788862
porpag,no_minutes,extra_trees,season_holdout_2025_26,4,23,0.9315892435538458,1.0341288747062258,0.9747526448818925,0.8158591656521739,0.724635,-0.15889347922971875
porpag,no_minutes,extra_trees,season_holdout_2025_26,5,23,1.0386654412675478,1.1209811293860708,1.0801919633093382,0.7927151782608696,0.786965,-0.2874767850484685
porpag,no_minutes,extra_trees,season_holdout_2025_26,6,22,1.124810990155119,1.2222751864942856,1.1724454744540558,1.0097930045454546,0.902571,-0.16265246990860102
porpag,no_minutes,extra_trees,season_holdout_2025_26,7,23,1.2247802880520826,1.3259805698310123,1.2729908370325087,0.9423978904347826,0.734288,-0.33059294659772587
porpag,no_minutes,extra_trees,season_holdout_2025_26,8,22,1.3489391577642855,1.4538241410655715,1.3995500498634479,1.0387600000000001,1.084945,-0.3607900498634478
porpag,no_minutes,extra_trees,season_holdout_2025_26,9,23,1.4566295491524417,1.6222412609016208,1.5209969632731088,1.4650830869565217,1.3337,-0.055913876316587306
porpag,no_minutes,extra_trees,season_holdout_2025_26,10,23,1.646541385407739,2.418251825820831,1.8584415981823421,1.5111670173913045,1.3794,-0.34727458079103807
porpag,no_minutes,gradient_boosting,season_holdout_2025_26,1,23,-0.623383417070189,0.610314492344165,0.32512220212082055,0.4363675217391304,0.172286,0.11124531961830982
porpag,no_minutes,gradient_boosting,season_holdout_2025_26,2,23,0.6109654517427789,0.8061499580501968,0.7152050467802009,0.3473219608695652,0.321188,-0.36788308591063584
porpag,no_minutes,gradient_boosting,season_holdout_2025_26,3,22,0.8098253804547619,0.9153426113975581,0.8562864935810641,0.9276029727272729,1.012871,0.07131647914620863
porpag,no_minutes,gradient_boosting,season_holdout_2025_26,4,23,0.9215350162679465,1.0108280732117112,0.9584890531210203,0.47823858260869573,0.496593,-0.48025047051232483
porpag,no_minutes,gradient_boosting,season_holdout_2025_26,5,23,1.0129543906475686,1.112083534407646,1.0605795808853344,0.8745581352173911,0.895064,-0.18602144566794293
porpag,no_minutes,gradient_boosting,season_holdout_2025_26,6,22,1.1230755191510429,1.2088123151685597,1.1636746141218117,1.027986868181818,0.830025,-0.13568774593999355
porpag,no_minutes,gradient_boosting,season_holdout_2025_26,7,23,1.2161283482587217,1.369302936352279,1.2859842446571772,0.7950286991304347,0.49812,-0.49095554552674264
porpag,no_minutes,gradient_boosting,season_holdout_2025_26,8,22,1.3720244035791982,1.5819767783841856,1.4648076514687849,1.0157790454545452,0.9194015,-0.44902860601423905
porpag,no_minutes,gradient_boosting,season_holdout_2025_26,9,23,1.593020903803027,1.8490049043940673,1.6994784132437624,1.0853768000000001,1.18412,-0.6141016132437624
porpag,no_minutes,gradient_boosting,season_holdout_2025_26,10,23,1.8538065790842875,2.981241031293551,2.147677368144083,1.651277,1.91984,-0.4964003681440829
porpag,no_minutes,hist_gradient_boosting,season_holdout_2025_26,1,23,-0.515172766519815,0.4507112081393523,0.21273786599205052,0.24947743478260873,0.109275,0.036739568790558196
porpag,no_minutes,hist_gradient_boosting,season_holdout_2025_26,2,23,0.4624359417920411,0.7774828152575701,0.6533707913830037,0.4520190739130435,0.307377,-0.20135171746996022
porpag,no_minutes,hist_gradient_boosting,season_holdout_2025_26,3,22,0.7797012608495497,0.9197530051020983,0.8549726993183444,0.5279505777272727,0.168163,-0.32702212159107175
porpag,no_minutes,hist_gradient_boosting,season_holdout_2025_26,4,23,0.9240310853612637,1.040580989849311,0.9800658445896022,0.6746644739130434,0.539972,-0.3054013706765587
porpag,no_minutes,hist_gradient_boosting,season_holdout_2025_26,5,23,1.0417626640590105,1.1752926987601935,1.1083773030815984,0.6489520173913044,0.49812,-0.45942528569029384
porpag,no_minutes,hist_gradient_boosting,season_holdout_2025_26,6,22,1.175831361760884,1.2972843293347165,1.2324751561881817,1.0849574545454543,0.902571,-0.14751770164272732
porpag,no_minutes,hist_gradient_boosting,season_holdout_2025_26,7,23,1.3008416507634624,1.45308254056842,1.3804944638152576,0.8085486173913042,0.440335,-0.5719458464239533
porpag,no_minutes,hist_gradient_boosting,season_holdout_2025_26,8,22,1.4709385179323935,1.6052376175476004,1.5300820492855023,1.1520809945454547,0.9585189999999999,-0.37800105474004775
porpag,no_minutes,hist_gradient_boosting,season_holdout_2025_26,9,23,1.6125182780063714,1.7965885485955324,1.7081381896145673,1.3583136869565218,1.07957,-0.3498245026580458
porpag,no_minutes,hist_gradient_boosting,season_holdout_2025_26,10,23,1.8104088358913824,2.504358936480585,2.075048987364865,1.6736002173913045,1.91984,-0.40144876997356066
porpag,no_minutes,knn,season_holdout_2025_26,1,23,0.12771446346961993,0.5906327924793735,0.4140820595417575,0.4562345434782608,0.234921,0.0421524839365034
porpag,no_minutes,knn,season_holdout_2025_26,2,23,0.5985903029124348,0.7268561884491536,0.6582905443677685,0.4307789130434783,0.177691,-0.2275116313242904
porpag,no_minutes,knn,season_holdout_2025_26,3,22,0.73879794263325,0.8772135133296406,0.8260790758129581,0.6163416090909092,0.48621800000000004,-0.20973746672204924
porpag,no_minutes,knn,season_holdout_2025_26,4,23,0.8887457674627212,1.0092838659347516,0.9469150773586008,1.0008111826086954,0.900807,0.053896105250094986
porpag,no_minutes,knn,season_holdout_2025_26,5,23,1.0171111881963384,1.1277433759627946,1.0656469188406474,0.8871256352173913,0.708306,-0.1785212836232562
porpag,no_minutes,knn,season_holdout_2025_26,6,22,1.131347017482544,1.2005056265727752,1.1725517086446258,0.6390702272727272,0.3563045,-0.5334814813718983
porpag,no_minutes,knn,season_holdout_2025_26,7,23,1.2076047388425153,1.285018979105809,1.2464985235463197,0.9823783730434783,1.03075,-0.26412015050284154
porpag,no_minutes,knn,season_holdout_2025_26,8,22,1.2887773860344698,1.4052097495702103,1.3441534912403124,1.4387519590909088,1.337415,0.09459846785059672
porpag,no_minutes,knn,season_holdout_2025_26,9,23,1.4096082111232815,1.5865360840900409,1.501343126979706,0.9765500086956521,0.910078,-0.5247931182840537
porpag,no_minutes,knn,season_holdout_2025_26,10,23,1.5988104355949224,2.4453790347142794,1.8346003492874985,1.199442739130435,1.04923,-0.6351576101570636
porpag,no_minutes,svr_rbf,season_holdout_2025_26,1,23,-0.6340219567941213,0.33682681600544917,0.10969049377911866,0.3951427482608696,0.00219761,0.28545225448175093
porpag,no_minutes,svr_rbf,season_holdout_2025_26,2,23,0.34468069898117437,0.5642016125909559,0.4707757375891776,0.4172838652173913,0.244293,-0.05349187237178636
porpag,no_minutes,svr_rbf,season_holdout_2025_26,3,22,0.5649722966941946,0.7422131476169385,0.6423040334752448,0.33351168181818186,0.1230125,-0.308792351657063
porpag,no_minutes,svr_rbf,season_holdout_2025_26,4,23,0.7436548098381721,0.845272990357113,0.7844519720503996,0.5976285391304347,0.550849,-0.1868234329199647
porpag,no_minutes,svr_rbf,season_holdout_2025_26,5,23,0.8694160508523735,1.020262789112128,0.9524380211736093,0.6886493252173913,0.512884,-0.26378869595621807
porpag,no_minutes,svr_rbf,season_holdout_2025_26,6,22,1.0325909959523882,1.1284677513340116,1.0819835539926181,1.30359395,1.053866,0.22161039600738164
porpag,no_minutes,svr_rbf,season_holdout_2025_26,7,23,1.1316170801517305,1.2307801467237027,1.1799297683737215,1.2047589130434784,1.19596,0.02482914466975662
porpag,no_minutes,svr_rbf,season_holdout_2025_26,8,22,1.239462674239235,1.4064568815571898,1.3399404859951507,1.2432692545454544,1.1927599999999998,-0.09667123144969612
porpag,no_minutes,svr_rbf,season_holdout_2025_26,9,23,1.4111254007686576,1.614131674134397,1.5111569102078741,1.3218168304347826,1.26663,-0.18934007977309147
porpag,no_minutes,svr_rbf,season_holdout_2025_26,10,23,1.6150926492689208,2.653312847615452,1.8566987656219351,1.1299262173913043,1.27826,-0.7267725482306312
porpag,with_minutes,mean,season_holdout_2025_26,1,23,1.0154079452456577,1.0154079452456577,1.0154079452456581,0.4846006426086957,0.364153,-0.530807302636962
porpag,with_minutes,mean,season_holdout_2025_26,2,23,1.0154079452456577,1.0154079452456577,1.0154079452456581,0.6084738304347825,0.475843,-0.4069341148108751
porpag,with_minutes,mean,season_holdout_2025_26,3,22,1.0154079452456577,1.0154079452456577,1.0154079452456581,1.070978886363636,0.88567,0.05557094111797867
porpag,with_minutes,mean,season_holdout_2025_26,4,23,1.0154079452456577,1.0154079452456577,1.0154079452456581,0.542700443478261,0.370591,-0.4727075017673968
porpag,with_minutes,mean,season_holdout_2025_26,5,23,1.0154079452456577,1.0154079452456577,1.0154079452456581,1.301959217391304,1.19394,0.28655127214564663
porpag,with_minutes,mean,season_holdout_2025_26,6,22,1.0154079452456577,1.0154079452456577,1.0154079452456581,0.8786277045454546,0.67477,-0.13678024070020314
porpag,with_minutes,mean,season_holdout_2025_26,7,23,1.0154079452456577,1.0154079452456577,1.0154079452456581,0.8848697869565219,0.925762,-0.13053815828913598
porpag,with_minutes,mean,season_holdout_2025_26,8,22,1.0154079452456577,1.0154079452456577,1.0154079452456581,1.3830416727272727,1.16591,0.36763372748161505
porpag,with_minutes,mean,season_holdout_2025_26,9,23,1.0154079452456577,1.0154079452456577,1.0154079452456581,0.6054559434782608,0.440335,-0.4099520017673968
porpag,with_minutes,mean,season_holdout_2025_26,10,23,1.0154079452456577,1.0154079452456577,1.0154079452456581,0.8945372569565216,0.66175,-0.1208706882891359
porpag,with_minutes,ridge,season_holdout_2025_26,1,23,-0.8910744234968304,-0.23451021570024744,-0.46760592854923544,-0.13779501695652174,-0.205128,0.32981091159271375
porpag,with_minutes,ridge,season_holdout_2025_26,2,23,-0.21142494582322802,0.1869148948762016,-0.019426909992708696,0.04652273913043479,0.0819813,0.06594964912314348
porpag,with_minutes,ridge,season_holdout_2025_26,3,22,0.19419156063192022,0.4935458585323087,0.3662087840317181,0.09696647636363637,-0.029764560000000002,-0.2692423076680817
porpag,with_minutes,ridge,season_holdout_2025_26,4,23,0.5070759823780676,0.7535378645296068,0.6230515984434811,0.2543815869565217,0.274176,-0.3686700114869594
porpag,with_minutes,ridge,season_holdout_2025_26,5,23,0.7536622709919532,0.9945521779749066,0.85294546773983,0.3558409739130435,0.49812,-0.4971044938267867
porpag,with_minutes,ridge,season_holdout_2025_26,6,22,0.9953820712297048,1.2762447347384802,1.1607434547445994,1.2342577727272728,1.1586400000000001,0.07351431798267333
porpag,with_minutes,ridge,season_holdout_2025_26,7,23,1.2889047075709725,1.6168946562273816,1.4328345091537202,1.0145023086956522,1.11418,-0.4183322004580682
porpag,with_minutes,ridge,season_holdout_2025_26,8,22,1.6208280966270006,1.7980377346801188,1.7225689502056367,1.655751,1.81168,-0.06681795020563665
porpag,with_minutes,ridge,season_holdout_2025_26,9,23,1.8287881784360493,2.096998667061742,1.9262216679059634,1.7218089739130436,1.62666,-0.20441269399291964
porpag,with_minutes,ridge,season_holdout_2025_26,10,23,2.1204952316695964,2.774059726661954,2.3949638701403075,2.3979793086956525,2.40926,0.0030154385553446093
porpag,with_minutes,elasticnet,season_holdout_2025_26,1,23,-0.8615375524118167,-0.2227687746935254,-0.43645420385374,-0.018571769130434783,-0.0951073,0.4178824347233052
porpag,with_minutes,elasticnet,season_holdout_2025_26,2,23,-0.1852541063390356,0.2480749229528516,0.007630545244736488,-0.09616037826086954,0.041649,-0.10379092350560605
porpag,with_minutes,elasticnet,season_holdout_2025_26,3,22,0.25357233771573295,0.501292201822803,0.3618879594812679,0.09103449454545455,-0.029764560000000002,-0.2708534649358134
porpag,with_minutes,elasticnet,season_holdout_2025_26,4,23,0.509040443039021,0.7443854277202964,0.6188077623149174,0.3414725739130434,0.325167,-0.27733518840187404
porpag,with_minutes,elasticnet,season_holdout_2025_26,5,23,0.7500218252536144,1.0572397345229636,0.8797722800430756,0.30375744782608693,0.278466,-0.5760148322169887
porpag,with_minutes,elasticnet,season_holdout_2025_26,6,22,1.0620245057910451,1.3166357649963953,1.1534586765973,1.232316590909091,1.15744,0.07885791431179076
porpag,with_minutes,elasticnet,season_holdout_2025_26,7,23,1.3201099688366948,1.583660654028476,1.416822191290816,0.9788786130434783,1.07957,-0.4379435782473376
porpag,with_minutes,elasticnet,season_holdout_2025_26,8,22,1.6142085570676703,1.7983906702227266,1.711752889971982,1.7020956363636364,1.845555,-0.009657253608345401
porpag,with_minutes,elasticnet,season_holdout_2025_26,9,23,1.8224332485053067,2.02950615297813,1.9187097773737531,1.6260245043478263,1.70367,-0.2926852730259275
porpag,with_minutes,elasticnet,season_holdout_2025_26,10,23,2.0304442978329016,2.8307639080326537,2.342250674559559,2.4810410826086953,2.55191,0.1387904080491365
porpag,with_minutes,random_forest,season_holdout_2025_26,1,23,-0.39115759638133946,0.01874503579272219,-0.11212236067494183,-0.23680640869565217,-0.372433,-0.12468404802071031
porpag,with_minutes,random_forest,season_holdout_2025_26,2,23,0.04400021638645891,0.19823913432687398,0.10563731564937189,0.13661111347826085,0.177494,0.030973797828888996
porpag,with_minutes,random_forest,season_holdout_2025_26,3,22,0.21328980863089841,0.3417975018390766,0.27329127713890966,0.06438175363636364,-0.03830621,-0.20890952350254607
porpag,with_minutes,random_forest,season_holdout_2025_26,4,23,0.35242630005633346,0.6078544512066975,0.4835869175409961,0.16469348260869565,0.195648,-0.31889343493230043
porpag,with_minutes,random_forest,season_holdout_2025_26,5,23,0.6116935954806175,0.847420008807939,0.7483271206403789,0.7499561782608695,0.550849,0.0016290576204907616
porpag,with_minutes,random_forest,season_holdout_2025_26,6,22,0.8511536078299503,1.0646973494537548,0.9706015845259518,1.3000435,1.34545,0.3294419154740483
porpag,with_minutes,random_forest,season_holdout_2025_26,7,23,1.0660414962288505,1.3557107981004328,1.1917408517347212,1.168830047826087,1.19394,-0.022910803908634238
porpag,with_minutes,random_forest,season_holdout_2025_26,8,22,1.3581851803608964,1.7254708965919066,1.5259881613567055,1.4360194909090906,1.48084,-0.08996867044761452
porpag,with_minutes,random_forest,season_holdout_2025_26,9,23,1.7428020248001466,2.0390804785606345,1.8837548753261173,1.5827830260869562,1.85691,-0.3009718492391606
porpag,with_minutes,random_forest,season_holdout_2025_26,10,23,2.0547047121645936,3.022024511822559,2.5403990799606477,2.2655939173913042,2.39672,-0.2748051625693437
porpag,with_minutes,extra_trees,season_holdout_2025_26,1,23,-0.28211612007216674,0.07191318939961912,-0.04133389914463976,-0.12632832130434785,-0.194476,-0.0849944221597081
porpag,with_minutes,extra_trees,season_holdout_2025_26,2,23,0.0720371278017023,0.2434016481296191,0.17140136415328516,-0.06917143043478262,-0.0678229,-0.24057279458806774
porpag,with_minutes,extra_trees,season_holdout_2025_26,3,22,0.24814491695057164,0.41678557639291663,0.3195012155507191,0.2119194090909091,0.2330555,-0.10758180645980998
porpag,with_minutes,extra_trees,season_holdout_2025_26,4,23,0.4237415641581663,0.6059499939067855,0.5043709956011646,0.1909293556521739,0.195648,-0.31344163994899066
porpag,with_minutes,extra_trees,season_holdout_2025_26,5,23,0.6244441904457624,0.8563724483472143,0.761123207893991,0.597436352173913,0.510921,-0.16368685572007818
porpag,with_minutes,extra_trees,season_holdout_2025_26,6,22,0.8829749785178569,1.0555607935279758,0.9812666432803588,0.9776147772727274,1.0515500000000002,-0.0036518660076314646
porpag,with_minutes,extra_trees,season_holdout_2025_26,7,23,1.057893035888453,1.3413393509388114,1.194866565019548,1.441820565217391,1.40883,0.2469540001978432
porpag,with_minutes,extra_trees,season_holdout_2025_26,8,22,1.343312846639048,1.7185927359238093,1.519929893743359,1.2475022181818183,1.2164549999999998,-0.27242767556154085
porpag,with_minutes,extra_trees,season_holdout_2025_26,9,23,1.7196038717928572,2.1735110017285706,1.9080558998501993,2.0088347217391305,1.8342,0.10077882188893082
porpag,with_minutes,extra_trees,season_holdout_2025_26,10,23,2.179642055211904,3.051148083947618,2.4056563556385115,2.1357480913043476,2.19602,-0.269908264334164
porpag,with_minutes,gradient_boosting,season_holdout_2025_26,1,23,-0.716385289562117,-0.0025885383010124017,-0.1647412283986882,-0.26684255608695656,-0.336691,-0.10210132768826831
porpag,with_minutes,gradient_boosting,season_holdout_2025_26,2,23,9.413008391457755e-05,0.19154878139568904,0.10386145585580606,-0.016508817391304352,-0.0362687,-0.12037027324711043
porpag,with_minutes,gradient_boosting,season_holdout_2025_26,3,22,0.19662380148173103,0.3592981824322107,0.255002324276838,0.25126914090909086,0.307442,-0.003733183367747084
porpag,with_minutes,gradient_boosting,season_holdout_2025_26,4,23,0.3759161363930871,0.6194420055602646,0.5098064805129721,0.43448136000000004,0.274176,-0.07532512051297209
porpag,with_minutes,gradient_boosting,season_holdout_2025_26,5,23,0.6244814500822566,0.8498999427733022,0.7415810569260589,0.767763804347826,0.550849,0.026182747421767204
porpag,with_minutes,gradient_boosting,season_holdout_2025_26,6,22,0.8503127490578442,1.0915407376671136,0.9782498008080037,0.6747649,0.644756,-0.30348490080800383
porpag,with_minutes,gradient_boosting,season_holdout_2025_26,7,23,1.1091688197954535,1.3667477094727971,1.2187207291016295,1.394234304347826,1.3337,0.17551357524619657
porpag,with_minutes,gradient_boosting,season_holdout_2025_26,8,22,1.4147066379299864,1.6626209507932208,1.5380577123962125,1.483088818181818,1.641165,-0.054968894214394076
porpag,with_minutes,gradient_boosting,season_holdout_2025_26,9,23,1.675132413288366,1.9541461124568937,1.7920851720989606,1.620027843478261,1.85691,-0.17205732862069922
porpag,with_minutes,gradient_boosting,season_holdout_2025_26,10,23,1.9729399635827531,3.575923993855802,2.525431829109801,2.272813308695652,2.40926,-0.2526185204141485
porpag,with_minutes,hist_gradient_boosting,season_holdout_2025_26,1,23,-0.6438213686240264,0.016495432842499234,-0.16257602642498795,-0.1991501647826087,-0.194476,-0.03657413835762076
porpag,with_minutes,hist_gradient_boosting,season_holdout_2025_26,2,23,0.026525830813356105,0.1819470927802779,0.12154117744843047,0.11304646086956523,0.23119,-0.008494716578865288
porpag,with_minutes,hist_gradient_boosting,season_holdout_2025_26,3,22,0.19050024221157089,0.4335515603675042,0.29627777801529237,0.07274370000000002,0.13527720000000001,-0.22353407801529238
porpag,with_minutes,hist_gradient_boosting,season_holdout_2025_26,4,23,0.4408215722521631,0.678022459732187,0.5398589637442823,0.24529572086956522,0.268102,-0.294563242874717
porpag,with_minutes,hist_gradient_boosting,season_holdout_2025_26,5,23,0.6924754837510384,0.9164971837118672,0.7842199709047365,0.7295878260869565,0.682231,-0.054632144817779976
porpag,with_minutes,hist_gradient_boosting,season_holdout_2025_26,6,22,0.9289702145293365,1.0801193613348703,0.9958342921363358,1.2893789272727272,1.30598,0.29354463513639134
porpag,with_minutes,hist_gradient_boosting,season_holdout_2025_26,7,23,1.0904587642025811,1.3512727952804136,1.2151316790151354,1.471505995652174,1.40883,0.2563743166370386
porpag,with_minutes,hist_gradient_boosting,season_holdout_2025_26,8,22,1.37011395151935,1.6906482267983145,1.5547220809111182,1.1607031727272725,1.174195,-0.3940189081838456
porpag,with_minutes,hist_gradient_boosting,season_holdout_2025_26,9,23,1.7547726997272184,2.107230612844653,1.8912958865070135,1.5485880260869564,1.8342,-0.34270786042005674
porpag,with_minutes,hist_gradient_boosting,season_holdout_2025_26,10,23,2.22150622169344,3.281887561854066,2.644480002146141,2.188336047826087,2.19602,-0.45614395432005395
porpag,with_minutes,knn,season_holdout_2025_26,1,23,0.10394075393045352,0.40429703954663027,0.2811388350262236,-0.04682847782608692,-0.194476,-0.32796731285231057
porpag,with_minutes,knn,season_holdout_2025_26,2,23,0.42009617331595517,0.619507470946501,0.5290164688764278,0.3285130347826087,0.234921,-0.20050343409381918
porpag,with_minutes,knn,season_holdout_2025_26,3,22,0.6213043521434974,0.7638239633975226,0.6837365803016247,0.5900879045454546,0.402244,-0.09364867575617021
porpag,with_minutes,knn,season_holdout_2025_26,4,23,0.781593793407128,0.9348051607597417,0.8542344792409334,0.5368812826086957,0.195648,-0.31735319663223777
porpag,with_minutes,knn,season_holdout_2025_26,5,23,0.9382584694196214,1.0615704998879172,1.012189477047114,0.9552098260869564,0.74954,-0.056979650960157564
porpag,with_minutes,knn,season_holdout_2025_26,6,22,1.0634930698722154,1.199953817855168,1.1354704981757533,0.6257257218181818,0.649008,-0.5097447763575713
porpag,with_minutes,knn,season_holdout_2025_26,7,23,1.2252558747835287,1.3708722843150207,1.3014841208447405,0.8703076086956519,1.04923,-0.4311765121490884
porpag,with_minutes,knn,season_holdout_2025_26,8,22,1.3709937016921563,1.5145995207348606,1.459377879186607,1.1652916272727272,1.317115,-0.2940862519138799
porpag,with_minutes,knn,season_holdout_2025_26,9,23,1.52394267062352,1.6964190622611266,1.6076730152093994,1.610751291304348,1.62666,0.0030782760949483443
porpag,with_minutes,knn,season_holdout_2025_26,10,23,1.7006199841103498,2.4237093073886595,1.8811379803467723,1.9779341304347822,1.85691,0.09679615008801036
porpag,with_minutes,svr_rbf,season_holdout_2025_26,1,23,-0.8922025567633526,0.0010556370491217049,-0.3030323101313027,-0.2000066995652174,-0.336691,0.10302561056608535
porpag,with_minutes,svr_rbf,season_holdout_2025_26,2,23,0.0047100162262708745,0.2933099599974759,0.1679858026244645,0.15454395217391306,0.0989096,-0.013441850450551473
porpag,with_minutes,svr_rbf,season_holdout_2025_26,3,22,0.294874011327137,0.5288360625259114,0.40230475058046955,0.24857118636363634,0.2524415,-0.15373356421683312
porpag,with_minutes,svr_rbf,season_holdout_2025_26,4,23,0.5450500275625185,0.7485014420523336,0.6347749055390237,0.3575825556521739,0.325167,-0.2771923498868499
porpag,with_minutes,svr_rbf,season_holdout_2025_26,5,23,0.7517569382376142,0.9137569424600553,0.8334727042335899,0.6734250478260868,0.49812,-0.16004765640750296
porpag,with_minutes,svr_rbf,season_holdout_2025_26,6,22,0.9188297160411508,1.1915977893894751,1.0673280405046481,0.8517363772727272,1.130645,-0.21559166323192072
porpag,with_minutes,svr_rbf,season_holdout_2025_26,7,23,1.1964981401919195,1.3584436197869003,1.2593219385549954,1.3192319999999997,1.27826,0.059910061445004936
porpag,with_minutes,svr_rbf,season_holdout_2025_26,8,22,1.3704518627115458,1.5768548322095213,1.4713142701168371,1.4123214090909089,1.5290650000000001,-0.05899286102592791
porpag,with_minutes,svr_rbf,season_holdout_2025_26,9,23,1.5787831876147163,1.8541972192608,1.724736777973762,1.4315246260869565,1.59162,-0.2932121518868059
porpag,with_minutes,svr_rbf,season_holdout_2025_26,10,23,1.867388809654867,3.022598067452102,2.2276097938927366,2.3706619173913044,2.39672,0.14305212349856813
bpm,no_minutes,mean,season_holdout_2025_26,1,25,-2.63475530809628,-2.63475530809628,-2.63475530809628,-4.098754976,-3.12295,-1.4639996679037202
bpm,no_minutes,mean,season_holdout_2025_26,2,25,-2.63475530809628,-2.63475530809628,-2.63475530809628,-4.241910359999999,-3.07338,-1.6071550519037203
bpm,no_minutes,mean,season_holdout_2025_26,3,24,-2.63475530809628,-2.63475530809628,-2.63475530809628,-2.628972125,-2.6353099999999996,0.005783183096279713
bpm,no_minutes,mean,season_holdout_2025_26,4,25,-2.63475530809628,-2.63475530809628,-2.63475530809628,-3.6387495847999998,-2.23411,-1.00399427670372
bpm,no_minutes,mean,season_holdout_2025_26,5,24,-2.63475530809628,-2.63475530809628,-2.63475530809628,-0.805064125,-1.379375,1.8296911830962799
bpm,no_minutes,mean,season_holdout_2025_26,6,25,-2.63475530809628,-2.63475530809628,-2.63475530809628,-1.9070828,-2.30097,0.7276725080962798
bpm,no_minutes,mean,season_holdout_2025_26,7,24,-2.63475530809628,-2.63475530809628,-2.63475530809628,-3.6496943749999997,-3.5755850000000002,-1.0149390669037202
bpm,no_minutes,mean,season_holdout_2025_26,8,25,-2.63475530809628,-2.63475530809628,-2.63475530809628,-1.9746547199999998,-1.86566,0.6601005880962798
bpm,no_minutes,mean,season_holdout_2025_26,9,24,-2.63475530809628,-2.63475530809628,-2.63475530809628,-4.309960875000001,-4.0774,-1.6752055669037205
bpm,no_minutes,mean,season_holdout_2025_26,10,25,-2.63475530809628,-2.63475530809628,-2.63475530809628,-1.2671644480000004,-3.02482,1.3675908600962796
bpm,no_minutes,ridge,season_holdout_2025_26,1,25,-8.487573418144413,-4.359315786201072,-5.366922126149835,-2.8008526000000002,-2.15127,2.566069526149836
bpm,no_minutes,ridge,season_holdout_2025_26,2,25,-4.320170345986096,-3.503361551092848,-3.874764439636558,-3.82302208,-2.88558,0.05174235963655786
bpm,no_minutes,ridge,season_holdout_2025_26,3,24,-3.4937579716924594,-2.9595643507808336,-3.1835790930446577,-3.1850973000000002,-3.7187799999999998,-0.0015182069553419202
bpm,no_minutes,ridge,season_holdout_2025_26,4,25,-2.9359291744624016,-2.5308128455174126,-2.7056726191041856,-4.5212816,-3.58101,-1.815608980895814
bpm,no_minutes,ridge,season_holdout_2025_26,5,24,-2.5280980861978724,-2.196038646023369,-2.3582483464953294,-2.625472125,-3.4115849999999996,-0.26722377850467094
bpm,no_minutes,ridge,season_holdout_2025_26,6,25,-2.1902683225626403,-1.6712831006716549,-1.9435446399575809,-4.739551024,-3.24815,-2.7960063840424194
bpm,no_minutes,ridge,season_holdout_2025_26,7,24,-1.6365991148250432,-1.219461423361444,-1.42706954260327,-3.5619015416666664,-3.4396649999999998,-2.134831999063397
bpm,no_minutes,ridge,season_holdout_2025_26,8,25,-1.1915596542835667,-0.659607474717872,-0.9178793668527078,-1.8045266407999998,-1.8675,-0.8866472739472921
bpm,no_minutes,ridge,season_holdout_2025_26,9,24,-0.6502445417734133,0.31947006039166226,-0.27503231390446986,-1.0256053333333335,-0.077784,-0.7505730194288639
bpm,no_minutes,ridge,season_holdout_2025_26,10,25,0.5292810359341327,4.7014550465652825,1.4612586036439978,-0.39487353599999986,0.0735654,-1.8561321396439976
bpm,no_minutes,elasticnet,season_holdout_2025_26,1,25,-8.546127506132663,-4.181880523713949,-5.335346631530973,-2.8008526000000002,-2.15127,2.5344940315309734
bpm,no_minutes,elasticnet,season_holdout_2025_26,2,25,-4.180563061469353,-3.4347853211006996,-3.820637957833164,-4.04407056,-3.83588,-0.223432602166836
bpm,no_minutes,elasticnet,season_holdout_2025_26,3,24,-3.41519976593944,-2.889458631200436,-3.1449862948878935,-2.906082945833333,-3.37282,0.23890334905456068
bpm,no_minutes,elasticnet,season_holdout_2025_26,4,25,-2.8868252789785354,-2.51986839303747,-2.6858162797321734,-4.1707761,-3.37505,-1.484959820267826
bpm,no_minutes,elasticnet,season_holdout_2025_26,5,24,-2.48126358690985,-2.2108952125557044,-2.3738593489956052,-2.853132958333333,-3.80849,-0.47927360933772833
bpm,no_minutes,elasticnet,season_holdout_2025_26,6,25,-2.186894028741238,-1.661254004662859,-1.9292062739214295,-4.937615824,-3.24815,-3.00840955007857
bpm,no_minutes,elasticnet,season_holdout_2025_26,7,24,-1.6373328483977114,-1.2754883697034567,-1.4433895125539546,-3.428448625,-3.743075,-1.9850591124460457
bpm,no_minutes,elasticnet,season_holdout_2025_26,8,25,-1.264831090662628,-0.6818315060346669,-0.9703034175021078,-2.2129998,-1.92159,-1.242696382497892
bpm,no_minutes,elasticnet,season_holdout_2025_26,9,24,-0.6609314442021688,0.17761142274382635,-0.33948616387679803,-0.7134524591666667,0.07861599,-0.37396629528986886
bpm,no_minutes,elasticnet,season_holdout_2025_26,10,25,0.47033753266684464,4.476326073161126,1.3580945429152116,-0.39487353599999986,0.0735654,-1.7529680789152116
bpm,no_minutes,random_forest,season_holdout_2025_26,1,25,-8.24418034199343,-4.381866095628637,-5.656520800922997,-4.684232779999999,-3.70607,0.9722880209229966
bpm,no_minutes,random_forest,season_holdout_2025_26,2,25,-4.3132799626738985,-3.5353015115074427,-3.9618210075131817,-2.5593443199999997,-3.12295,1.4024766875131818
bpm,no_minutes,random_forest,season_holdout_2025_26,3,24,-3.5050766860671905,-2.993668821062401,-3.2638416643969834,-3.305093416666667,-2.993575,-0.041251752269682994
bpm,no_minutes,random_forest,season_holdout_2025_26,4,25,-2.9840842481758716,-2.497303046869801,-2.7545692569587645,-4.27499292,-4.62938,-1.5204236630412353
bpm,no_minutes,random_forest,season_holdout_2025_26,5,24,-2.489904711660169,-2.219817060760127,-2.3500753803325316,-4.100765966666667,-3.0619699999999996,-1.7506905863341349
bpm,no_minutes,random_forest,season_holdout_2025_26,6,25,-2.206632936117349,-1.8333279831981477,-2.042380275712427,-2.1096292200000004,-1.96417,-0.06724894428757253
bpm,no_minutes,random_forest,season_holdout_2025_26,7,24,-1.789508215850821,-1.4250698111225524,-1.6336154620742382,-2.9859709166666666,-2.4974849999999997,-1.3523554545924286
bpm,no_minutes,random_forest,season_holdout_2025_26,8,25,-1.4148173379950382,-0.7504998111562977,-1.098768676923075,-1.8947239040000001,-2.50697,-0.7959552270769252
bpm,no_minutes,random_forest,season_holdout_2025_26,9,24,-0.7463297858351112,-0.17685548223778585,-0.4439947351959412,-0.8887642916666668,-0.004110500000000017,-0.4447695564707253
bpm,no_minutes,random_forest,season_holdout_2025_26,10,25,-0.16397367831919238,2.0020461043316824,0.47795700306740085,-1.7139667768000004,-0.689262,-2.191923779867401
bpm,no_minutes,extra_trees,season_holdout_2025_26,1,25,-8.164437438297616,-4.494565248061307,-5.346580840177785,-2.6373326599999998,-2.15127,2.7092481801777852
bpm,no_minutes,extra_trees,season_holdout_2025_26,2,25,-4.432863266386906,-3.6426970509589314,-4.015259741784333,-4.4888721600000006,-4.12497,-0.47361241821566613
bpm,no_minutes,extra_trees,season_holdout_2025_26,3,24,-3.61640240260893,-3.109656276032144,-3.348686668685442,-4.7114170416666665,-3.9500200000000003,-1.3627303729812248
bpm,no_minutes,extra_trees,season_holdout_2025_26,4,25,-3.108929456573813,-2.7399731965815466,-2.9497638246768094,-4.582691608,-4.88225,-1.6329277833231908
bpm,no_minutes,extra_trees,season_holdout_2025_26,5,24,-2.7102538760327395,-2.3518627928654765,-2.5221239165313,-3.0654448333333337,-2.520625,-0.5433209168020331
bpm,no_minutes,extra_trees,season_holdout_2025_26,6,25,-2.3514111780101183,-1.9559138140690473,-2.132612805495798,-1.6512000800000002,-1.92159,0.48141272549579783
bpm,no_minutes,extra_trees,season_holdout_2025_26,7,24,-1.9529742357154771,-1.5520172993553576,-1.7639696293511289,-3.872643479166667,-4.2475,-2.1086738498155375
bpm,no_minutes,extra_trees,season_holdout_2025_26,8,25,-1.5450669769339282,-0.9066725897845233,-1.2573143990856428,-0.740870504,-0.42578,0.5164438950856428
bpm,no_minutes,extra_trees,season_holdout_2025_26,9,24,-0.8673132303904758,-0.22202684137083328,-0.5680041996304811,-0.8120664583333334,-0.6602605,-0.24406225870285211
bpm,no_minutes,extra_trees,season_holdout_2025_26,10,25,-0.20899916983809547,2.1743669824476193,0.6617930841590715,-2.0021847768000005,-0.689262,-2.6639778609590716
bpm,no_minutes,gradient_boosting,season_holdout_2025_26,1,25,-13.635716394588835,-4.807516945342332,-7.12421126708399,-2.63666278,-2.45926,4.4875484870839895
bpm,no_minutes,gradient_boosting,season_holdout_2025_26,2,25,-4.758028684906046,-3.6931639652876425,-4.076966968579823,-2.58863332,-2.15127,1.4883336485798233
bpm,no_minutes,gradient_boosting,season_holdout_2025_26,3,24,-3.6459794227621867,-3.1049381256012247,-3.311922944156828,-4.887168,-3.9969900000000003,-1.5752450558431725
bpm,no_minutes,gradient_boosting,season_holdout_2025_26,4,25,-3.0339300075644804,-2.590158062364596,-2.80542916423244,-4.72241308,-4.59052,-1.9169839157675603
bpm,no_minutes,gradient_boosting,season_holdout_2025_26,5,24,-2.5750230089807427,-2.0731681309408203,-2.3175494965493644,-3.4593936875,-3.3949949999999998,-1.1418441909506358
bpm,no_minutes,gradient_boosting,season_holdout_2025_26,6,25,-2.0637673979613553,-1.8169205223519604,-1.9344073299066893,-1.88773576,-1.54742,0.04667156990668936
bpm,no_minutes,gradient_boosting,season_holdout_2025_26,7,24,-1.775410174357709,-1.1137012524582526,-1.4351205587187874,-1.8126701250000001,-1.8936250000000001,-0.37754956628121256
bpm,no_minutes,gradient_boosting,season_holdout_2025_26,8,25,-1.1017094550628053,-0.3158450687612706,-0.7712917439731051,-3.600815232,-3.7368,-2.829523488026895
bpm,no_minutes,gradient_boosting,season_holdout_2025_26,9,24,-0.3119926549385876,0.3530699304006579,-0.018164940637402222,-2.1305521425,-1.86899,-2.1123872018625978
bpm,no_minutes,gradient_boosting,season_holdout_2025_26,10,25,0.5351909756271921,3.66185036402638,1.3689410851233423,-0.8318079600000001,-1.14827,-2.2007490451233425
bpm,no_minutes,hist_gradient_boosting,season_holdout_2025_26,1,25,-11.612138507170013,-5.251357573803401,-6.86100867630961,-2.8374946,-2.15127,4.023514076309611
bpm,no_minutes,hist_gradient_boosting,season_holdout_2025_26,2,25,-5.201282914178522,-4.169288633626947,-4.528191395241394,-4.300819720000001,-3.62629,0.22737167524139454
bpm,no_minutes,hist_gradient_boosting,season_holdout_2025_26,3,24,-4.122351784851773,-3.6043148413296215,-3.906579210465155,-3.255202395833333,-4.368869999999999,0.6513768146318216
bpm,no_minutes,hist_gradient_boosting,season_holdout_2025_26,4,25,-3.508228914718106,-2.5745556409279757,-2.9664424052902034,-2.98706116,-2.12682,-0.02061875470979629
bpm,no_minutes,hist_gradient_boosting,season_holdout_2025_26,5,24,-2.5582793898451106,-1.9547318593541518,-2.2696865802903794,-3.340133145833333,-3.8833149999999996,-1.0704465655429543
bpm,no_minutes,hist_gradient_boosting,season_holdout_2025_26,6,25,-1.9413818903048508,-1.389084798228807,-1.6858489201204645,-1.9281182800000003,-1.92159,-0.24226935987953532
bpm,no_minutes,hist_gradient_boosting,season_holdout_2025_26,7,24,-1.317510701962516,-0.8815718844849144,-1.0929224904191857,-3.4085927833333343,-3.474705,-2.3156702929141475
bpm,no_minutes,hist_gradient_boosting,season_holdout_2025_26,8,25,-0.8461913195115692,-0.18607855412868016,-0.5406751501920312,-1.653810632,-1.8675,-1.1131354818079686
bpm,no_minutes,hist_gradient_boosting,season_holdout_2025_26,9,24,-0.17374302654730361,0.7264120595455243,0.3357857224811096,-2.3545197916666667,-2.6748950000000002,-2.690305514147776
bpm,no_minutes,hist_gradient_boosting,season_holdout_2025_26,10,25,0.9298589159014957,2.90007817027039,1.6360819695215443,-2.4948461448,-1.43451,-4.130928114321544
bpm,no_minutes,knn,season_holdout_2025_26,1,25,-7.953532083702836,-4.388676062087892,-5.323264766837728,-3.5735994800000004,-3.11935,1.7496652868377287
bpm,no_minutes,knn,season_holdout_2025_26,2,25,-4.387536980454151,-3.641616999750895,-3.9356962476547,-3.59348106,-2.85177,0.3422151876547002
bpm,no_minutes,knn,season_holdout_2025_26,3,24,-3.6394587914902394,-3.0897181314538518,-3.326497259853793,-3.7800920000000002,-3.27811,-0.4535947401462068
bpm,no_minutes,knn,season_holdout_2025_26,4,25,-3.0708466559769456,-2.69855697142493,-2.8969447077586428,-4.47571712,-4.14722,-1.5787724122413567
bpm,no_minutes,knn,season_holdout_2025_26,5,24,-2.6597981829944457,-2.2691213943311808,-2.485229722577887,-1.9297786083333335,-1.9096799999999998,0.5554511142445538
bpm,no_minutes,knn,season_holdout_2025_26,6,25,-2.268954682281743,-1.9722294702694938,-2.1359667530400577,-3.5809067800000003,-3.07338,-1.444940026959942
bpm,no_minutes,knn,season_holdout_2025_26,7,24,-1.9669140361511022,-1.5741126924064837,-1.7506895606112416,-3.2516274999999997,-3.227855,-1.5009379393887583
bpm,no_minutes,knn,season_holdout_2025_26,8,25,-1.5609968967165617,-1.0199580509037944,-1.2899736811913414,-2.190493048,-3.02482,-0.9005193668086587
bpm,no_minutes,knn,season_holdout_2025_26,9,24,-0.9757777676172956,-0.3499962130162302,-0.685109504782158,-1.6018948175,-0.532463,-0.9167853127178419
bpm,no_minutes,knn,season_holdout_2025_26,10,25,-0.3496630676636169,1.6875432130432741,0.16250967448177864,-0.5112060319999999,-0.905907,-0.6737157064817788
bpm,no_minutes,svr_rbf,season_holdout_2025_26,1,25,-4.983114423808123,-3.593931320456621,-4.082708332134789,-4.76229832,-4.84156,-0.67958998786521
bpm,no_minutes,svr_rbf,season_holdout_2025_26,2,25,-3.5725780054451124,-3.067602450449164,-3.2919720453889765,-4.31331648,-4.14722,-1.0213444346110228
bpm,no_minutes,svr_rbf,season_holdout_2025_26,3,24,-3.044410424320078,-2.670697360102021,-2.8686278424024643,-5.046702770833332,-3.5223050000000002,-2.178074928430869
bpm,no_minutes,svr_rbf,season_holdout_2025_26,4,25,-2.652077943706861,-2.40097875150725,-2.5137506677571606,-2.6150634079999997,-3.14042,-0.1013127402428391
bpm,no_minutes,svr_rbf,season_holdout_2025_26,5,24,-2.3913837471940615,-2.1153951501300003,-2.2384135908415335,-4.151028666666666,-4.067705,-1.9126150758251335
bpm,no_minutes,svr_rbf,season_holdout_2025_26,6,25,-2.111574400681986,-1.7267626693992404,-1.952136526339737,-1.39176358,-1.8675,0.5603729463397373
bpm,no_minutes,svr_rbf,season_holdout_2025_26,7,24,-1.6475606787817347,-1.2405737360127118,-1.440137841111685,-3.0464245,-3.0023,-1.6062866588883153
bpm,no_minutes,svr_rbf,season_holdout_2025_26,8,25,-1.2380083741443415,-0.8561502419051242,-1.0613469826228321,-0.6589980560000002,-0.645846,0.40234892662283195
bpm,no_minutes,svr_rbf,season_holdout_2025_26,9,24,-0.8177731754621527,-0.2894831615353628,-0.6007889023145757,-1.6766940425000003,-0.7175235,-1.0759051401854245
bpm,no_minutes,svr_rbf,season_holdout_2025_26,10,25,-0.27133237559017953,2.397528761051096,0.7075883863118055,-0.9608049040000001,-0.689262,-1.6683932903118057
bpm,with_minutes,mean,season_holdout_2025_26,1,25,-2.63475530809628,-2.63475530809628,-2.63475530809628,-4.098754976,-3.12295,-1.4639996679037202
bpm,with_minutes,mean,season_holdout_2025_26,2,25,-2.63475530809628,-2.63475530809628,-2.63475530809628,-4.241910359999999,-3.07338,-1.6071550519037203
bpm,with_minutes,mean,season_holdout_2025_26,3,24,-2.63475530809628,-2.63475530809628,-2.63475530809628,-2.628972125,-2.6353099999999996,0.005783183096279713
bpm,with_minutes,mean,season_holdout_2025_26,4,25,-2.63475530809628,-2.63475530809628,-2.63475530809628,-3.6387495847999998,-2.23411,-1.00399427670372
bpm,with_minutes,mean,season_holdout_2025_26,5,24,-2.63475530809628,-2.63475530809628,-2.63475530809628,-0.805064125,-1.379375,1.8296911830962799
bpm,with_minutes,mean,season_holdout_2025_26,6,25,-2.63475530809628,-2.63475530809628,-2.63475530809628,-1.9070828,-2.30097,0.7276725080962798
bpm,with_minutes,mean,season_holdout_2025_26,7,24,-2.63475530809628,-2.63475530809628,-2.63475530809628,-3.6496943749999997,-3.5755850000000002,-1.0149390669037202
bpm,with_minutes,mean,season_holdout_2025_26,8,25,-2.63475530809628,-2.63475530809628,-2.63475530809628,-1.9746547199999998,-1.86566,0.6601005880962798
bpm,with_minutes,mean,season_holdout_2025_26,9,24,-2.63475530809628,-2.63475530809628,-2.63475530809628,-4.309960875000001,-4.0774,-1.6752055669037205
bpm,with_minutes,mean,season_holdout_2025_26,10,25,-2.63475530809628,-2.63475530809628,-2.63475530809628,-1.2671644480000004,-3.02482,1.3675908600962796
bpm,with_minutes,ridge,season_holdout_2025_26,1,25,-10.893133548617849,-7.7831517976078235,-9.032379052017557,-8.272394,-8.02209,0.7599850520175556
bpm,with_minutes,ridge,season_holdout_2025_26,2,25,-7.655295090659155,-5.2333400042975295,-6.321459385918403,-5.18697528,-5.1681,1.134484105918403
bpm,with_minutes,ridge,season_holdout_2025_26,3,24,-5.206239662097702,-3.6410428787925597,-4.145456410290547,-3.7082562083333337,-3.99046,0.4372002019572139
bpm,with_minutes,ridge,season_holdout_2025_26,4,25,-3.6324940189110575,-2.613219145100503,-2.9571342922561734,-2.3601172879999996,-2.85177,0.5970170042561737
bpm,with_minutes,ridge,season_holdout_2025_26,5,24,-2.604860675869205,-1.966325942786522,-2.287296561627002,-3.4266916666666667,-3.90893,-1.1393951050396647
bpm,with_minutes,ridge,season_holdout_2025_26,6,25,-1.9610462121078558,-1.4152044574335647,-1.647342043283874,-3.6734882000000004,-3.14042,-2.026146156716126
bpm,with_minutes,ridge,season_holdout_2025_26,7,24,-1.3133655514532676,-0.6604968698908374,-0.9512831038642222,-1.5784446666666667,-1.546105,-0.6271615628024445
bpm,with_minutes,ridge,season_holdout_2025_26,8,25,-0.6493381063946142,0.19245951916246495,-0.21264233489221504,-1.03282512,-1.43451,-0.820182785107785
bpm,with_minutes,ridge,season_holdout_2025_26,9,24,0.2435378457347679,1.543365991857133,0.8115974849603168,-1.0671450841666668,-0.918766,-1.8787425691269837
bpm,with_minutes,ridge,season_holdout_2025_26,10,25,1.6242130541736737,6.636487982748237,2.963607395350025,1.84885528,2.0997,-1.1147521153500253
bpm,with_minutes,elasticnet,season_holdout_2025_26,1,25,-10.841081197161055,-7.750551436616036,-9.016573474586725,-8.272394,-8.02209,0.744179474586725
bpm,with_minutes,elasticnet,season_holdout_2025_26,2,25,-7.568962949709827,-5.138005049949936,-6.289213808794354,-5.26156368,-5.1681,1.027650128794355
bpm,with_minutes,elasticnet,season_holdout_2025_26,3,24,-5.087631461222043,-3.653289876982666,-4.127264115905696,-3.537532458333333,-3.99046,0.5897316575723622
bpm,with_minutes,elasticnet,season_holdout_2025_26,4,25,-3.564864708220208,-2.5727803933671134,-2.9543159645991066,-2.419380488,-2.87676,0.534935476599107
bpm,with_minutes,elasticnet,season_holdout_2025_26,5,24,-2.5638969092930433,-1.9057301801782605,-2.2519035394461997,-3.555671666666667,-3.90893,-1.303768127220467
bpm,with_minutes,elasticnet,season_holdout_2025_26,6,25,-1.8932030565018065,-1.3921259715030898,-1.631082634893829,-3.9320274800000004,-3.81127,-2.300944845106171
bpm,with_minutes,elasticnet,season_holdout_2025_26,7,24,-1.3790478816573775,-0.5467082425532124,-0.9475649002565248,-1.3572465833333334,-1.350825,-0.4096816830768086
bpm,with_minutes,elasticnet,season_holdout_2025_26,8,25,-0.5188089450530853,0.10613685463420053,-0.25095595727164005,-1.1083167999999999,-1.92159,-0.8573608427283598
bpm,with_minutes,elasticnet,season_holdout_2025_26,9,24,0.14488997121672575,1.4616073565809293,0.7129705511082506,-0.6431659175000002,-0.33508150000000003,-1.3561364686082509
bpm,with_minutes,elasticnet,season_holdout_2025_26,10,25,1.4972962059381103,6.395181581424329,2.8580124770741624,1.65729368,2.02126,-1.2007187970741626
bpm,with_minutes,random_forest,season_holdout_2025_26,1,25,-14.746527274435271,-4.553147621848659,-9.08413335596247,-6.025893600000001,-5.58257,3.058239755962469
bpm,with_minutes,random_forest,season_holdout_2025_26,2,25,-4.5024289214402895,-3.2251514799578267,-3.775507174333291,-5.0570670799999995,-4.59608,-1.2815599056667089
bpm,with_minutes,random_forest,season_holdout_2025_26,3,24,-3.222201760233393,-2.7623781490357566,-2.9670440157821965,-4.744555833333334,-4.685815,-1.7775118175511366
bpm,with_minutes,random_forest,season_holdout_2025_26,4,25,-2.7530758518534055,-2.3834323015122116,-2.601206526795537,-3.2561871680000003,-3.70607,-0.654980641204463
bpm,with_minutes,random_forest,season_holdout_2025_26,5,24,-2.380418745725029,-1.990968287037404,-2.173039240440023,-3.8027511250000003,-4.13359,-1.6297118845599765
bpm,with_minutes,random_forest,season_holdout_2025_26,6,25,-1.9887827497729125,-1.5988789056516572,-1.818130762681542,-2.9031028200000004,-2.95049,-1.084972057318458
bpm,with_minutes,random_forest,season_holdout_2025_26,7,24,-1.5974730545629958,-1.2126784428880375,-1.397792171952924,-3.19047825,-3.072505,-1.7926860780470761
bpm,with_minutes,random_forest,season_holdout_2025_26,8,25,-1.177816318861907,-0.36859098628566916,-0.7670282801145162,-0.7138617200000001,-0.689262,0.053166560114516107
bpm,with_minutes,random_forest,season_holdout_2025_26,9,24,-0.3233951139138152,0.40827329304625726,0.004326662573072242,-1.0348573133333334,-0.6020369999999999,-1.0391839759064057
bpm,with_minutes,random_forest,season_holdout_2025_26,10,25,0.41417824440342316,2.416394340792858,1.3132897583194896,2.1515884799999996,2.24083,0.8382987216805106
bpm,with_minutes,extra_trees,season_holdout_2025_26,1,25,-14.28058520808631,-5.194863213398809,-8.498587715358072,-5.83925752,-5.58257,2.6593301953580717
bpm,with_minutes,extra_trees,season_holdout_2025_26,2,25,-4.797680756809523,-3.4681092551303565,-4.094118002333381,-4.63116284,-4.06416,-0.5370448376666195
bpm,with_minutes,extra_trees,season_holdout_2025_26,3,24,-3.4575789458874984,-2.6597948346636935,-3.0095860683412696,-5.688577083333333,-4.89251,-2.678991014992063
bpm,with_minutes,extra_trees,season_holdout_2025_26,4,25,-2.653709093739286,-2.268872804847025,-2.4734018716694766,-3.110328488,-2.85177,-0.6369266163305234
bpm,with_minutes,extra_trees,season_holdout_2025_26,5,24,-2.2677991780452387,-2.0466993065660697,-2.169437250518824,-3.386124583333333,-3.817945,-1.2166873328145091
bpm,with_minutes,extra_trees,season_holdout_2025_26,6,25,-2.028323762586905,-1.6702420138214273,-1.860085075402095,-3.7626917200000003,-3.24334,-1.9026066445979053
bpm,with_minutes,extra_trees,season_holdout_2025_26,7,24,-1.6653455639291659,-1.2091905611863094,-1.4121504858433154,-2.5668573958333334,-2.77162,-1.1547069099900178
bpm,with_minutes,extra_trees,season_holdout_2025_26,8,25,-1.2070850442749992,-0.5631873143791668,-0.8884832486174286,-1.3641038399999998,-1.32424,-0.47562059138257157
bpm,with_minutes,extra_trees,season_holdout_2025_26,9,24,-0.5615099200321427,0.18183593650119032,-0.06631266824730904,-0.14173481250000006,-0.07868725,-0.07542214425269093
bpm,with_minutes,extra_trees,season_holdout_2025_26,10,25,0.18521228138392845,4.199968636955359,1.8519335153467376,1.9532457992000003,1.69414,0.10131228385326231
bpm,with_minutes,gradient_boosting,season_holdout_2025_26,1,25,-19.25378491386345,-5.096124667056496,-8.427430720853193,-6.278571520000001,-5.9927,2.148859200853193
bpm,with_minutes,gradient_boosting,season_holdout_2025_26,2,25,-5.006363075249555,-3.3447065076284126,-3.9464342158516423,-4.19322476,-3.85451,-0.24679054414835733
bpm,with_minutes,gradient_boosting,season_holdout_2025_26,3,24,-3.3057278500011646,-2.754706731894124,-2.9955005140501796,-4.823339,-4.312955,-1.82783848594982
bpm,with_minutes,gradient_boosting,season_holdout_2025_26,4,25,-2.7155989336829522,-2.260926498099229,-2.462540284262012,-4.53056208,-4.12497,-2.0680217957379883
bpm,with_minutes,gradient_boosting,season_holdout_2025_26,5,24,-2.2501935092091974,-1.9015520497004896,-2.0535419287529777,-3.17638375,-3.6576649999999997,-1.1228418212470224
bpm,with_minutes,gradient_boosting,season_holdout_2025_26,6,25,-1.8880353308510127,-1.4783253812497217,-1.658725600427173,-3.080259348,-3.24815,-1.4215337475728271
bpm,with_minutes,gradient_boosting,season_holdout_2025_26,7,24,-1.4634761856548526,-0.9246597095206225,-1.2262227930002099,-1.5929009791666668,-2.05567,-0.366678186166457
bpm,with_minutes,gradient_boosting,season_holdout_2025_26,8,25,-0.9083674194607573,-0.2709466713729184,-0.5542505118544433,-2.3290012,-0.851152,-1.7747506881455566
bpm,with_minutes,gradient_boosting,season_holdout_2025_26,9,24,-0.24946272819119916,0.5946452917515236,0.19530938782210963,-0.06986962499999994,0.008820500000000009,-0.26517901282210965
bpm,with_minutes,gradient_boosting,season_holdout_2025_26,10,25,0.8466741244233205,5.357801971599275,2.1396599260697284,1.6213517992000002,1.64966,-0.5183081268697284
bpm,with_minutes,hist_gradient_boosting,season_holdout_2025_26,1,25,-18.403783772854187,-5.117784645831714,-8.553811634120809,-6.39662472,-7.38058,2.157186914120809
bpm,with_minutes,hist_gradient_boosting,season_holdout_2025_26,2,25,-5.067315766594929,-3.658041926079569,-4.226993623538437,-4.9627392,-4.84156,-0.7357455764615625
bpm,with_minutes,hist_gradient_boosting,season_holdout_2025_26,3,24,-3.585732829751933,-2.8867516195207137,-3.278840365915169,-4.536208749999999,-3.48534,-1.2573683840848306
bpm,with_minutes,hist_gradient_boosting,season_holdout_2025_26,4,25,-2.876582875860598,-2.3960438636937265,-2.659724092658446,-2.8661610480000004,-3.70607,-0.20643695534155426
bpm,with_minutes,hist_gradient_boosting,season_holdout_2025_26,5,24,-2.364841288453019,-1.8378126675734854,-2.0669977018655814,-2.8542358333333335,-3.17968,-0.7872381314677522
bpm,with_minutes,hist_gradient_boosting,season_holdout_2025_26,6,25,-1.822334850729927,-1.350092004017115,-1.5658530974368279,-2.4954127799999997,-2.88558,-0.929559682563172
bpm,with_minutes,hist_gradient_boosting,season_holdout_2025_26,7,24,-1.2824215196544968,-0.6574786501940391,-0.9996825639908091,-1.743727458333333,-2.21428,-0.7440448943425242
bpm,with_minutes,hist_gradient_boosting,season_holdout_2025_26,8,25,-0.6455751216804397,0.31492537629345824,-0.252372120691504,-2.6827286599999995,-2.14717,-2.430356539308496
bpm,with_minutes,hist_gradient_boosting,season_holdout_2025_26,9,24,0.34225099741586756,1.17880528971814,0.7061569655664673,-0.6657636258333333,-0.00935801,-1.3719205913998007
bpm,with_minutes,hist_gradient_boosting,season_holdout_2025_26,10,25,1.253253417014844,4.170966433836396,2.186422011269566,0.7453439199999998,1.64966,-1.441078091269566
bpm,with_minutes,knn,season_holdout_2025_26,1,25,-11.330414531431506,-4.254845477580075,-5.6887167742040186,-6.7195760799999995,-5.58257,-1.0308593057959832
bpm,with_minutes,knn,season_holdout_2025_26,2,25,-4.124584927721733,-3.09749207319292,-3.5526571278761514,-5.2930728,-4.78276,-1.7404156721238488
bpm,with_minutes,knn,season_holdout_2025_26,3,24,-3.0294821948080792,-2.6705666753826733,-2.8771069626383117,-4.390002791666666,-4.206445,-1.5128958290283547
bpm,with_minutes,knn,season_holdout_2025_26,4,25,-2.6495296395682573,-2.356407571145725,-2.4822237797583817,-1.9319649399999996,-2.15127,0.5502588397583819
bpm,with_minutes,knn,season_holdout_2025_26,5,24,-2.3486833031206316,-2.0480029024482005,-2.183031757321974,-1.2604098750000001,-1.734505,0.9226218823219745
bpm,with_minutes,knn,season_holdout_2025_26,6,25,-2.0123795483317886,-1.6328951113820929,-1.8207600581205503,-1.8947485840000002,-1.54742,-0.07398852587944965
bpm,with_minutes,knn,season_holdout_2025_26,7,24,-1.6000056402948728,-1.3022938735038276,-1.4334415703536543,-2.803966008333333,-2.95294,-1.370524437979679
bpm,with_minutes,knn,season_holdout_2025_26,8,25,-1.2718283322113244,-0.9293321643723956,-1.102107504228643,-1.9288455999999998,-1.88684,-0.8267380957713573
bpm,with_minutes,knn,season_holdout_2025_26,9,24,-0.9127748955215411,-0.1828881874357335,-0.5041255497307305,-1.9467265375,-2.62358,-1.4426009877692694
bpm,with_minutes,knn,season_holdout_2025_26,10,25,-0.12272495186714984,1.679268598075219,0.5113876066394992,-0.3129917208000001,-0.014545,-0.8243793274394992
bpm,with_minutes,svr_rbf,season_holdout_2025_26,1,25,-7.768294814078172,-4.872168345423564,-6.057062226833702,-7.16390192,-8.70551,-1.106839693166298
bpm,with_minutes,svr_rbf,season_holdout_2025_26,2,25,-4.750219586089614,-3.989935070709771,-4.34616564921064,-4.90582076,-5.00226,-0.5596551107893604
bpm,with_minutes,svr_rbf,season_holdout_2025_26,3,24,-3.905677875297704,-3.0368834987960263,-3.4462765366671353,-4.512580499999999,-2.853535,-1.0663039633328646
bpm,with_minutes,svr_rbf,season_holdout_2025_26,4,25,-3.0244949562804595,-2.5363603754914554,-2.7492705612720068,-2.822491928,-2.43177,-0.07322136672799333
bpm,with_minutes,svr_rbf,season_holdout_2025_26,5,24,-2.5356397213450084,-2.201371675038344,-2.388235667971456,-3.0267163125,-3.12115,-0.638480644528544
bpm,with_minutes,svr_rbf,season_holdout_2025_26,6,25,-2.190645248070912,-1.7306707445901612,-1.9644274656936718,-1.7824377599999999,-2.11466,0.18198970569367165
bpm,with_minutes,svr_rbf,season_holdout_2025_26,7,24,-1.7289207805242093,-1.2620761697496214,-1.4904624510293274,-2.549733333333333,-2.97754,-1.0592708823040058
bpm,with_minutes,svr_rbf,season_holdout_2025_26,8,25,-1.2273950579508028,-0.7294305707149475,-0.9224765819074571,-2.1168984120000003,-1.3965,-1.194421830092543
bpm,with_minutes,svr_rbf,season_holdout_2025_26,9,24,-0.7233356438963225,0.13323767772242956,-0.308778256636508,0.4404742916666667,0.884018,0.7492525483031747
bpm,with_minutes,svr_rbf,season_holdout_2025_26,10,25,0.14530806954857844,2.999787445193678,0.9955955273298349,-0.012096328799999974,-0.00417102,-1.0076918561298347
