target,regime,model,split,bucket,n,pred_min,pred_max,pred_mean,actual_mean,actual_median,bias_actual_minus_pred
rapm,no_minutes,mean,season_holdout_2025_26,1,17,-0.9322233009708738,-0.9322233009708738,-0.9322233009708738,-1.8670882352941176,-1.9366,-0.9348649343232438
rapm,no_minutes,mean,season_holdout_2025_26,2,16,-0.9322233009708738,-0.9322233009708738,-0.9322233009708738,-1.15988125,-1.11165,-0.22765794902912626
rapm,no_minutes,mean,season_holdout_2025_26,3,16,-0.9322233009708738,-0.9322233009708738,-0.9322233009708738,-1.9519375,-1.2818,-1.0197141990291265
rapm,no_minutes,mean,season_holdout_2025_26,4,16,-0.9322233009708738,-0.9322233009708738,-0.9322233009708738,-0.97895,-1.0061499999999999,-0.046726699029126184
rapm,no_minutes,mean,season_holdout_2025_26,5,17,-0.9322233009708738,-0.9322233009708738,-0.9322233009708738,-0.8904588235294117,-0.5549999999999999,0.041764477441462
rapm,no_minutes,mean,season_holdout_2025_26,6,16,-0.9322233009708738,-0.9322233009708738,-0.9322233009708738,-1.21095625,-1.02345,-0.2787329490291264
rapm,no_minutes,mean,season_holdout_2025_26,7,16,-0.9322233009708738,-0.9322233009708738,-0.9322233009708738,-0.8199750000000001,-0.5120499999999999,0.11224830097087372
rapm,no_minutes,mean,season_holdout_2025_26,8,16,-0.9322233009708738,-0.9322233009708738,-0.9322233009708738,-0.4182124999999998,-0.29335,0.5140108009708737
rapm,no_minutes,mean,season_holdout_2025_26,9,16,-0.9322233009708738,-0.9322233009708738,-0.9322233009708738,-2.26744375,-2.8295000000000003,-1.3352204490291264
rapm,no_minutes,mean,season_holdout_2025_26,10,17,-0.9322233009708738,-0.9322233009708738,-0.9322233009708738,-0.5115235294117647,-0.1426,0.42069977155910887
rapm,no_minutes,ridge,season_holdout_2025_26,1,17,-3.5564614207221297,-2.681233054691538,-2.9932346955736935,-3.0468235294117645,-2.9276,-0.05358883383807161
rapm,no_minutes,ridge,season_holdout_2025_26,2,16,-2.651916157895013,-2.102420111150314,-2.2846874658893053,-1.9236874999999998,-1.47615,0.36099996588930516
rapm,no_minutes,ridge,season_holdout_2025_26,3,16,-2.062218527612925,-1.6847045370058376,-1.8529965995048223,-0.7020437500000001,-0.6638,1.1509528495048225
rapm,no_minutes,ridge,season_holdout_2025_26,4,16,-1.6686603434740293,-1.454720557703015,-1.565877179864172,-2.5653375,-1.93975,-0.9994603201358281
rapm,no_minutes,ridge,season_holdout_2025_26,5,17,-1.4052899338943368,-1.2251963602071712,-1.3119595470393473,-1.4455352941176471,-1.7649,-0.1335757470782998
rapm,no_minutes,ridge,season_holdout_2025_26,6,16,-1.224511065692102,-0.9895848091114321,-1.0807549585658989,-1.8935812499999998,-2.4947999999999997,-0.8128262914341011
rapm,no_minutes,ridge,season_holdout_2025_26,7,16,-0.9884567369450266,-0.390160156181523,-0.7994246387446378,-1.4023124999999999,-0.5886499999999999,-0.6028878612553623
rapm,no_minutes,ridge,season_holdout_2025_26,8,16,-0.3865427529171074,0.09111798906597035,-0.13395336445971612,-1.00425,-1.29645,-0.8702966355402838
rapm,no_minutes,ridge,season_holdout_2025_26,9,16,0.11319039354179539,0.8122259057122053,0.4776609409698776,0.6062062500000001,0.77165,0.1285453090301224
rapm,no_minutes,ridge,season_holdout_2025_26,10,17,0.8803733511119075,4.224965192734809,1.5963414922380492,1.296370588235294,1.1505,-0.2999709040027554
rapm,no_minutes,elasticnet,season_holdout_2025_26,1,17,-3.333123126760597,-2.5015957246361724,-2.874362428071583,-3.401335294117647,-3.3228999999999997,-0.5269728660460639
rapm,no_minutes,elasticnet,season_holdout_2025_26,2,16,-2.4443501772709206,-1.9635863535815632,-2.188683618644578,-1.16055,-0.2928999999999997,1.028133618644578
rapm,no_minutes,elasticnet,season_holdout_2025_26,3,16,-1.9546795143776354,-1.6422330130943688,-1.7911706365870403,-0.8230125000000001,-0.9736,0.9681581365870404
rapm,no_minutes,elasticnet,season_holdout_2025_26,4,16,-1.6368744197303953,-1.3549964614218584,-1.4845224147338114,-2.6850250000000004,-2.745,-1.2005025852661886
rapm,no_minutes,elasticnet,season_holdout_2025_26,5,17,-1.3454060439427538,-1.100924691122708,-1.2337890389549095,-2.134694117647059,-2.4734,-0.9009050786921494
rapm,no_minutes,elasticnet,season_holdout_2025_26,6,16,-1.0964938586128752,-0.9240065520881761,-1.0243416235055365,-0.709375,-0.5804499999999999,0.31496662350553656
rapm,no_minutes,elasticnet,season_holdout_2025_26,7,16,-0.9120931531503109,-0.4682688763360068,-0.7569130362604755,-1.9820312500000001,-1.7244,-1.2251182137395245
rapm,no_minutes,elasticnet,season_holdout_2025_26,8,16,-0.3315796622599714,0.11066952082150538,-0.1035851595454148,-0.8821000000000001,-1.29645,-0.7785148404545853
rapm,no_minutes,elasticnet,season_holdout_2025_26,9,16,0.12491315977236361,0.9013680930612094,0.49621477163525907,0.4824312500000001,0.34994999999999993,-0.013783521635259088
rapm,no_minutes,elasticnet,season_holdout_2025_26,10,17,1.0041225230485782,4.094838703802121,1.6255337430181351,1.2808941176470587,1.1505,-0.34463962537107634
rapm,no_minutes,random_forest,season_holdout_2025_26,1,17,-2.7171507662966756,-1.963250473766997,-2.2350240559269396,-1.7508764705882354,-2.686,0.48414758533870456
rapm,no_minutes,random_forest,season_holdout_2025_26,2,16,-1.959490169694481,-1.7317747239166466,-1.8392545037785308,-2.6128125,-3.09035,-0.7735579962214691
rapm,no_minutes,random_forest,season_holdout_2025_26,3,16,-1.7284806883505792,-1.584361261636647,-1.651203733639425,-2.30749375,-2.7005,-0.656290016360575
rapm,no_minutes,random_forest,season_holdout_2025_26,4,16,-1.5763422576364923,-1.3619174304109074,-1.4666869352973404,-0.9909312499999998,-0.7351,0.4757556852973403
rapm,no_minutes,random_forest,season_holdout_2025_26,5,17,-1.360545342148215,-1.1783529798444616,-1.2565643690573616,-2.9348823529411767,-3.2336,-1.678317983883815
rapm,no_minutes,random_forest,season_holdout_2025_26,6,16,-1.1569500640462247,-0.83834060970696,-0.9814483776359146,-1.81911875,-1.2568,-0.8376703723640854
rapm,no_minutes,random_forest,season_holdout_2025_26,7,16,-0.8204657895740892,-0.6430195904000001,-0.7442998449429782,-0.34210624999999995,-0.5438,0.4021935949429781
rapm,no_minutes,random_forest,season_holdout_2025_26,8,16,-0.6390597772193694,-0.1169065378060397,-0.38645478444907155,-1.70674375,-1.38345,-1.3202889655509287
rapm,no_minutes,random_forest,season_holdout_2025_26,9,16,-0.08509207092686726,0.4635517563768544,0.1559884339034217,0.801025,1.42875,0.6450365660965784
rapm,no_minutes,random_forest,season_holdout_2025_26,10,17,0.47668196622354336,3.138627028599873,1.2203987768269824,1.577464705882353,1.3295,0.35706592905537055
rapm,no_minutes,extra_trees,season_holdout_2025_26,1,17,-3.1182569880952427,-2.341988829166664,-2.6501152121498603,-2.048341176470588,-2.4025,0.6017740356792721
rapm,no_minutes,extra_trees,season_holdout_2025_26,2,16,-2.306240657142857,-2.0895927089285693,-2.193979333482142,-1.7275125,-0.9216500000000001,0.4664668334821419
rapm,no_minutes,extra_trees,season_holdout_2025_26,3,16,-2.0590294172619044,-1.8467364636904755,-1.9565240768601184,-2.29078125,-3.0723000000000003,-0.3342571731398817
rapm,no_minutes,extra_trees,season_holdout_2025_26,4,16,-1.8368516565476185,-1.617716298809523,-1.7211455206473214,-1.3561625,-0.9597,0.3649830206473213
rapm,no_minutes,extra_trees,season_holdout_2025_26,5,17,-1.6046784363095248,-1.4239536630952372,-1.5088820416666668,-2.185964705882353,-1.7649,-0.6770826642156862
rapm,no_minutes,extra_trees,season_holdout_2025_26,6,16,-1.4216305818452384,-1.051428508333334,-1.199794538485863,-2.10541875,-2.5541,-0.9056242115141371
rapm,no_minutes,extra_trees,season_holdout_2025_26,7,16,-1.0353714928571434,-0.6271951458333339,-0.8380671750000004,-1.4925312499999999,-1.04715,-0.6544640749999996
rapm,no_minutes,extra_trees,season_holdout_2025_26,8,16,-0.5678867348214294,-0.111341249404762,-0.36681441434151796,-1.0656625,-0.50135,-0.698848085658482
rapm,no_minutes,extra_trees,season_holdout_2025_26,9,16,0.0854956327380953,0.9177248767857159,0.41176713136160714,-0.12437499999999999,0.1447,-0.5361421313616073
rapm,no_minutes,extra_trees,season_holdout_2025_26,10,17,1.2447312833333337,4.603764350000002,2.663726685609244,2.2406117647058825,1.9787,-0.4231149209033617
rapm,no_minutes,gradient_boosting,season_holdout_2025_26,1,17,-3.109965117804765,-2.1943454783715115,-2.5131636742031915,-3.099476470588235,-3.3228999999999997,-0.586312796385044
rapm,no_minutes,gradient_boosting,season_holdout_2025_26,2,16,-2.1891401778836554,-1.95321395561051,-2.082720665165339,-2.3117875,-2.8776,-0.2290668348346614
rapm,no_minutes,gradient_boosting,season_holdout_2025_26,3,16,-1.945426438011067,-1.7609354015133423,-1.8600992903909095,-2.14153125,-1.09565,-0.2814319596090904
rapm,no_minutes,gradient_boosting,season_holdout_2025_26,4,16,-1.7338606066582232,-1.4399196705069681,-1.5717306067197407,-1.50386875,-1.9676,0.0678618567197406
rapm,no_minutes,gradient_boosting,season_holdout_2025_26,5,17,-1.4382098184905625,-1.1145920037872283,-1.278663011601353,-1.1007235294117645,-0.6833,0.1779394821895887
rapm,no_minutes,gradient_boosting,season_holdout_2025_26,6,16,-1.102331916246436,-0.9057113840793611,-0.9873986441867184,-3.0797625,-2.8166,-2.0923638558132813
rapm,no_minutes,gradient_boosting,season_holdout_2025_26,7,16,-0.8935703546519378,-0.574873492852633,-0.6955685349853785,-0.6083062499999998,-0.8390499999999999,0.08726228498537855
rapm,no_minutes,gradient_boosting,season_holdout_2025_26,8,16,-0.54971090880904,0.04628396280744386,-0.3139320152077993,-0.4100937499999999,0.13309999999999994,-0.09616173479220073
rapm,no_minutes,gradient_boosting,season_holdout_2025_26,9,16,0.07356138792243995,0.8622827988612403,0.47449622859262447,0.7282187499999999,0.5138499999999999,0.25372252140737556
rapm,no_minutes,gradient_boosting,season_holdout_2025_26,10,17,0.951549167840275,4.9091983316147685,2.540765909530087,1.4203294117647058,1.1831,-1.1204364977653811
rapm,no_minutes,hist_gradient_boosting,season_holdout_2025_26,1,17,-3.767398382367545,-2.4722347313113344,-3.016011568153342,-2.4479705882352945,-2.8294,0.5680409799180477
rapm,no_minutes,hist_gradient_boosting,season_holdout_2025_26,2,16,-2.460676599002988,-2.0308692108051174,-2.2325425275279476,-2.3790437499999997,-1.9647999999999999,-0.1465012224720521
rapm,no_minutes,hist_gradient_boosting,season_holdout_2025_26,3,16,-2.0086014151168317,-1.4977939336881503,-1.7182290400642166,-1.4632,-0.7784500000000001,0.25502904006421645
rapm,no_minutes,hist_gradient_boosting,season_holdout_2025_26,4,16,-1.4689888486925178,-1.1225964586406991,-1.3164835072479772,-1.1701625,-0.8188000000000001,0.14632100724797736
rapm,no_minutes,hist_gradient_boosting,season_holdout_2025_26,5,17,-1.1194295890052315,-0.7756140005302564,-0.9557036434178013,-1.3515000000000001,-1.5754,-0.3957963565821988
rapm,no_minutes,hist_gradient_boosting,season_holdout_2025_26,6,16,-0.773862303324075,-0.5099556588310425,-0.6497795169524412,-1.522825,-1.44245,-0.8730454830475587
rapm,no_minutes,hist_gradient_boosting,season_holdout_2025_26,7,16,-0.5017548920222318,-0.2600420779610345,-0.38977224081741735,-1.6771500000000001,-1.63005,-1.2873777591825828
rapm,no_minutes,hist_gradient_boosting,season_holdout_2025_26,8,16,-0.23988801277630145,0.19443268632633176,-0.008194267539979188,0.7860625,0.41659999999999997,0.7942567675399792
rapm,no_minutes,hist_gradient_boosting,season_holdout_2025_26,9,16,0.21695851236566904,0.9985377735026068,0.5769030968250339,-0.93359375,-0.8916,-1.510496846825034
rapm,no_minutes,hist_gradient_boosting,season_holdout_2025_26,10,17,1.012314326825308,3.845193449210328,1.8417111004012308,0.10927647058823531,0.2643,-1.7324346298129953
rapm,no_minutes,knn,season_holdout_2025_26,1,17,-2.4048694059713305,-2.0344828793478738,-2.2068739494364786,-2.644170588235294,-3.1499,-0.43729663879881603
rapm,no_minutes,knn,season_holdout_2025_26,2,16,-2.0307590692436484,-1.819478168083714,-1.926260304902152,-1.6231125,-1.8508499999999999,0.30314780490215193
rapm,no_minutes,knn,season_holdout_2025_26,3,16,-1.7997772092385216,-1.5393383144603212,-1.666336509557842,-1.3166125,-0.8526,0.34972400955784194
rapm,no_minutes,knn,season_holdout_2025_26,4,16,-1.5376423875715424,-1.3857885095397544,-1.4868213504073018,-2.49195,-3.0761,-1.005128649592698
rapm,no_minutes,knn,season_holdout_2025_26,5,17,-1.3855182208037204,-1.2084176818503363,-1.2957427013508274,-1.2963294117647062,-1.3581,-0.0005867104138786275
rapm,no_minutes,knn,season_holdout_2025_26,6,16,-1.20021318404536,-0.906719657984053,-1.0231852965396544,-1.2800749999999999,-0.6891499999999999,-0.2568897034603457
rapm,no_minutes,knn,season_holdout_2025_26,7,16,-0.9034596233806488,-0.7627406625947865,-0.81290527130602,-0.6668562499999999,-0.66305,0.14604902130601993
rapm,no_minutes,knn,season_holdout_2025_26,8,16,-0.7579020038136655,-0.4175688082605737,-0.5892826791475598,-1.04260625,-0.9854999999999999,-0.45332357085244035
rapm,no_minutes,knn,season_holdout_2025_26,9,16,-0.3948396062358764,0.06161354728598803,-0.18826979573578362,-0.62555,-0.35405,-0.4372802042642163
rapm,no_minutes,knn,season_holdout_2025_26,10,17,0.07801796317479137,1.9432900571977512,0.8107518321360028,0.8967529411764705,0.962,0.08600110904046779
rapm,no_minutes,svr_rbf,season_holdout_2025_26,1,17,-2.5018897395685107,-1.7687127013370314,-2.061217621992055,-2.6549,-2.8294,-0.5936823780079453
rapm,no_minutes,svr_rbf,season_holdout_2025_26,2,16,-1.7059241814890782,-1.5556030143538584,-1.6248239659370232,-0.33516875000000007,-0.4623,1.2896552159370231
rapm,no_minutes,svr_rbf,season_holdout_2025_26,3,16,-1.5462405554827716,-1.2700420886201653,-1.4044967951098974,-1.9699874999999998,-2.7005,-0.5654907048901023
rapm,no_minutes,svr_rbf,season_holdout_2025_26,4,16,-1.2660012422988727,-1.109475891195094,-1.1894382103591639,-1.4958999999999998,-1.18305,-0.30646178964083604
rapm,no_minutes,svr_rbf,season_holdout_2025_26,5,17,-1.10287209335849,-0.9181299305352324,-1.0159384738830237,-2.702876470588235,-2.2552000000000003,-1.6869379967052116
rapm,no_minutes,svr_rbf,season_holdout_2025_26,6,16,-0.9051930446997658,-0.7173310485083375,-0.8246609114988213,-1.5745,-1.3093500000000002,-0.7498390885011789
rapm,no_minutes,svr_rbf,season_holdout_2025_26,7,16,-0.6966572644109614,-0.46981050675961855,-0.5962568347037549,-1.71005625,-1.387,-1.1137994152962452
rapm,no_minutes,svr_rbf,season_holdout_2025_26,8,16,-0.4679444732440849,-0.20564310446708312,-0.3252723586645679,-0.77160625,-0.4991499999999999,-0.4463338913354321
rapm,no_minutes,svr_rbf,season_holdout_2025_26,9,16,-0.11704792464837105,0.6688100331871534,0.247240727697577,0.19548124999999994,0.36379999999999996,-0.05175947769757697
rapm,no_minutes,svr_rbf,season_holdout_2025_26,10,17,0.6740211084517673,3.027266889568129,1.2377111671426502,1.0104764705882354,1.0206,-0.2272346965544146
rapm,with_minutes,mean,season_holdout_2025_26,1,17,-0.9322233009708738,-0.9322233009708738,-0.9322233009708738,-1.8670882352941176,-1.9366,-0.9348649343232438
rapm,with_minutes,mean,season_holdout_2025_26,2,16,-0.9322233009708738,-0.9322233009708738,-0.9322233009708738,-1.15988125,-1.11165,-0.22765794902912626
rapm,with_minutes,mean,season_holdout_2025_26,3,16,-0.9322233009708738,-0.9322233009708738,-0.9322233009708738,-1.9519375,-1.2818,-1.0197141990291265
rapm,with_minutes,mean,season_holdout_2025_26,4,16,-0.9322233009708738,-0.9322233009708738,-0.9322233009708738,-0.97895,-1.0061499999999999,-0.046726699029126184
rapm,with_minutes,mean,season_holdout_2025_26,5,17,-0.9322233009708738,-0.9322233009708738,-0.9322233009708738,-0.8904588235294117,-0.5549999999999999,0.041764477441462
rapm,with_minutes,mean,season_holdout_2025_26,6,16,-0.9322233009708738,-0.9322233009708738,-0.9322233009708738,-1.21095625,-1.02345,-0.2787329490291264
rapm,with_minutes,mean,season_holdout_2025_26,7,16,-0.9322233009708738,-0.9322233009708738,-0.9322233009708738,-0.8199750000000001,-0.5120499999999999,0.11224830097087372
rapm,with_minutes,mean,season_holdout_2025_26,8,16,-0.9322233009708738,-0.9322233009708738,-0.9322233009708738,-0.4182124999999998,-0.29335,0.5140108009708737
rapm,with_minutes,mean,season_holdout_2025_26,9,16,-0.9322233009708738,-0.9322233009708738,-0.9322233009708738,-2.26744375,-2.8295000000000003,-1.3352204490291264
rapm,with_minutes,mean,season_holdout_2025_26,10,17,-0.9322233009708738,-0.9322233009708738,-0.9322233009708738,-0.5115235294117647,-0.1426,0.42069977155910887
rapm,with_minutes,ridge,season_holdout_2025_26,1,17,-4.134512874922109,-2.6089732786658226,-3.093152632212742,-3.2002941176470587,-2.8294,-0.10714148543431656
rapm,with_minutes,ridge,season_holdout_2025_26,2,16,-2.5757352550029413,-2.2732862353579195,-2.419382454886179,-1.51174375,-2.4321,0.9076387048861787
rapm,with_minutes,ridge,season_holdout_2025_26,3,16,-2.2541286500707445,-1.7876781683217478,-1.9526964551793382,-2.17976875,-1.57415,-0.22707229482066174
rapm,with_minutes,ridge,season_holdout_2025_26,4,16,-1.7824648451456027,-1.516931115470929,-1.6411013718912875,-1.3088062500000002,-0.9604500000000001,0.3322951218912875
rapm,with_minutes,ridge,season_holdout_2025_26,5,17,-1.5074022918431629,-1.2241690581902593,-1.3627794153036152,-2.1038588235294116,-1.6243,-0.7410794082257965
rapm,with_minutes,ridge,season_holdout_2025_26,6,16,-1.217001385620479,-0.9759637534496161,-1.077952662539076,-1.73795625,-2.7025500000000005,-0.6600035874609238
rapm,with_minutes,ridge,season_holdout_2025_26,7,16,-0.9490590869481363,-0.4752173383748774,-0.7719472626444087,-1.3824375,-1.0181,-0.6104902373555914
rapm,with_minutes,ridge,season_holdout_2025_26,8,16,-0.46082471916637324,-0.05371005318329014,-0.24467191388292966,-0.229125,-0.09174999999999997,0.015546913882929697
rapm,with_minutes,ridge,season_holdout_2025_26,9,16,-0.020358855281256805,0.8638363080723541,0.5035944144255036,0.018218750000000034,-0.3691,-0.4853756644255036
rapm,with_minutes,ridge,season_holdout_2025_26,10,17,0.8856851055014021,5.350275985635173,1.7057619883531134,1.5873294117647059,1.3295,-0.1184325765884074
rapm,with_minutes,elasticnet,season_holdout_2025_26,1,17,-4.254752830377367,-2.5258719001260372,-2.973187561193961,-2.529888235294117,-2.8276,0.4432993258998432
rapm,with_minutes,elasticnet,season_holdout_2025_26,2,16,-2.5094716614194557,-2.183716660073324,-2.335657988382937,-2.1420125,-3.0812,0.19364548838293721
rapm,with_minutes,elasticnet,season_holdout_2025_26,3,16,-2.1222720508796082,-1.6698828609310703,-1.850170792825573,-1.8019562500000001,-1.22455,0.04821454282557322
rapm,with_minutes,elasticnet,season_holdout_2025_26,4,16,-1.6692926915643138,-1.4380516526073315,-1.5570879439163965,-1.6016812500000002,-1.1538,-0.04459330608360357
rapm,with_minutes,elasticnet,season_holdout_2025_26,5,17,-1.422980076037228,-1.1043542031706013,-1.2918943119553068,-2.1386529411764705,-2.1703,-0.8467586292211638
rapm,with_minutes,elasticnet,season_holdout_2025_26,6,16,-1.1022709646007998,-0.9083081867765028,-1.0085517550080836,-1.8801999999999999,-1.5878,-0.8716482449919163
rapm,with_minutes,elasticnet,season_holdout_2025_26,7,16,-0.9056962868501529,-0.4032454390595498,-0.6855331243274058,-1.33084375,-0.9854999999999999,-0.645310625672594
rapm,with_minutes,elasticnet,season_holdout_2025_26,8,16,-0.4000514783746324,0.11915053859353797,-0.21660374142586428,-0.5265375,-0.9141000000000001,-0.30993375857413574
rapm,with_minutes,elasticnet,season_holdout_2025_26,9,16,0.14574991384844105,0.946462841722186,0.5183486243046456,0.43290000000000006,0.3858999999999999,-0.08544862430464553
rapm,with_minutes,elasticnet,season_holdout_2025_26,10,17,0.9616767264535325,5.274340310160021,1.7878937807314312,1.4399176470588235,1.1831,-0.3479761336726077
rapm,with_minutes,random_forest,season_holdout_2025_26,1,17,-2.7084980688125393,-2.208422951354547,-2.3951016817669157,-2.278905882352941,-3.2727,0.11619579941397479
rapm,with_minutes,random_forest,season_holdout_2025_26,2,16,-2.204969857133932,-2.050042219690725,-2.127700366919369,-1.9346,-2.1317,0.19310036691936866
rapm,with_minutes,random_forest,season_holdout_2025_26,3,16,-2.036399538219909,-1.823359047740903,-1.9617701703385884,-2.70384375,-2.253,-0.7420735796614115
rapm,with_minutes,random_forest,season_holdout_2025_26,4,16,-1.8195983659355972,-1.6190259925329966,-1.7366346360448306,-1.62423125,-0.7351,0.11240338604483069
rapm,with_minutes,random_forest,season_holdout_2025_26,5,17,-1.601796347743412,-1.3030964409791996,-1.4753096614267638,-1.9541529411764709,-1.8766,-0.47884327974970686
rapm,with_minutes,random_forest,season_holdout_2025_26,6,16,-1.2962419970345622,-0.9603222446893385,-1.1154575422089388,-1.36344375,-1.0865500000000001,-0.24798620779106129
rapm,with_minutes,random_forest,season_holdout_2025_26,7,16,-0.9040162224248891,-0.5870678230374723,-0.7367226653490218,-2.0245125,-2.2788000000000004,-1.2877898346509782
rapm,with_minutes,random_forest,season_holdout_2025_26,8,16,-0.5831952349498749,0.03041704487848759,-0.33398851815213226,0.2631375,0.5527,0.5971260181521323
rapm,with_minutes,random_forest,season_holdout_2025_26,9,16,0.04790532069566458,0.6557045707316991,0.3118276507663119,0.4778375,0.6015499999999999,0.1660098492336881
rapm,with_minutes,random_forest,season_holdout_2025_26,10,17,0.7251265147908259,3.269539660741097,1.5002946013857135,1.060270588235294,1.1831,-0.44002401315041956
rapm,with_minutes,extra_trees,season_holdout_2025_26,1,17,-2.9420936880952393,-2.385316780952381,-2.607604844537815,-2.873770588235294,-2.9947,-0.26616574369747864
rapm,with_minutes,extra_trees,season_holdout_2025_26,2,16,-2.3557809029761896,-2.0927103476190476,-2.2434097734374996,-1.6631125,-1.2573500000000002,0.5802972734374996
rapm,with_minutes,extra_trees,season_holdout_2025_26,3,16,-2.09227325297619,-1.93243260297619,-2.0224827686383926,-2.0846125000000004,-1.47615,-0.062129731361607654
rapm,with_minutes,extra_trees,season_holdout_2025_26,4,16,-1.9291079142857124,-1.716350597023811,-1.8087833917782739,-2.48864375,-2.5551,-0.6798603582217262
rapm,with_minutes,extra_trees,season_holdout_2025_26,5,17,-1.650109007738095,-1.4898519916666675,-1.5609912190476185,-2.473452941176471,-2.6628,-0.9124617221288518
rapm,with_minutes,extra_trees,season_holdout_2025_26,6,16,-1.4432995779761904,-1.1434547392857144,-1.3088543322544643,-1.2462,-1.26615,0.06265433225446426
rapm,with_minutes,extra_trees,season_holdout_2025_26,7,16,-1.1051380494047627,-0.7936395553571429,-0.9432575493303568,-1.08421875,-0.09864999999999995,-0.14096120066964324
rapm,with_minutes,extra_trees,season_holdout_2025_26,8,16,-0.7878243958333332,-0.16664991726190473,-0.5218910306175595,-0.15706874999999992,-0.3691,0.3648222806175594
rapm,with_minutes,extra_trees,season_holdout_2025_26,9,16,-0.1569757434523809,0.6669360083333332,0.28595674906994045,-0.23161249999999994,0.30025,-0.5175692490699406
rapm,with_minutes,extra_trees,season_holdout_2025_26,10,17,1.1108373952380959,4.333783767261909,2.558861435014007,2.2175529411764705,1.9787,-0.3413084938375359
rapm,with_minutes,gradient_boosting,season_holdout_2025_26,1,17,-3.468228675192255,-2.4032861537573442,-2.7065477054944305,-3.721164705882353,-4.1342,-1.0146170003879227
rapm,with_minutes,gradient_boosting,season_holdout_2025_26,2,16,-2.3694195889687837,-2.104253885005376,-2.209676054372948,-1.22745625,-0.80525,0.9822198043729475
rapm,with_minutes,gradient_boosting,season_holdout_2025_26,3,16,-2.102298186421206,-1.8046814444357515,-1.9376245948118527,-1.37033125,-1.53355,0.5672933448118526
rapm,with_minutes,gradient_boosting,season_holdout_2025_26,4,16,-1.7993263938477149,-1.543872442030665,-1.6740040528444475,-2.21965625,-2.29645,-0.5456521971555525
rapm,with_minutes,gradient_boosting,season_holdout_2025_26,5,17,-1.531069912284004,-1.3276698670160503,-1.4521851884666541,-1.0133411764705882,-0.6443,0.4388440119960658
rapm,with_minutes,gradient_boosting,season_holdout_2025_26,6,16,-1.323172966437102,-0.9928260496716508,-1.1515007131554966,-0.9816062500000001,-1.0681,0.1698944631554966
rapm,with_minutes,gradient_boosting,season_holdout_2025_26,7,16,-0.9916660008448783,-0.4412750110092151,-0.8342534738300758,-1.36795625,-1.5760999999999998,-0.533702776169924
rapm,with_minutes,gradient_boosting,season_holdout_2025_26,8,16,-0.43742282817644473,-0.08937151451280441,-0.23229084857600013,-2.2604625,-2.05985,-2.0281716514239996
rapm,with_minutes,gradient_boosting,season_holdout_2025_26,9,16,-0.06809805612379219,0.6452101535839905,0.2878512608596316,0.21106250000000004,0.3858999999999999,-0.07678876085963166
rapm,with_minutes,gradient_boosting,season_holdout_2025_26,10,17,0.6625076024118697,7.063915229631376,2.3286091581044577,1.8504235294117648,1.3295,-0.47818562869269327
rapm,with_minutes,hist_gradient_boosting,season_holdout_2025_26,1,17,-4.465566906433886,-2.6872477520632376,-3.198723428931168,-2.831070588235294,-2.9947,0.36765284069587395
rapm,with_minutes,hist_gradient_boosting,season_holdout_2025_26,2,16,-2.5542629237914998,-2.2090786527391244,-2.3823866321244287,-1.853075,-1.3849,0.5293116321244287
rapm,with_minutes,hist_gradient_boosting,season_holdout_2025_26,3,16,-2.1975410555063912,-1.9359886233606112,-2.0287192046833304,-1.60788125,-1.5352999999999999,0.4208379546833304
rapm,with_minutes,hist_gradient_boosting,season_holdout_2025_26,4,16,-1.9297116086082866,-1.6173777013767232,-1.7952757224188058,-1.6875874999999998,-0.7784500000000001,0.10768822241880607
rapm,with_minutes,hist_gradient_boosting,season_holdout_2025_26,5,17,-1.6046293198329027,-1.2499407638203548,-1.453083597179484,-1.7144470588235294,-2.4025,-0.2613634616440455
rapm,with_minutes,hist_gradient_boosting,season_holdout_2025_26,6,16,-1.2356208197468093,-0.7621130631337353,-1.0309336225443397,-2.0538937500000003,-2.7333499999999997,-1.0229601274556601
rapm,with_minutes,hist_gradient_boosting,season_holdout_2025_26,7,16,-0.7306675293780251,-0.3361622530858091,-0.5489505922915434,-1.17348125,-1.2477,-0.6245306577084565
rapm,with_minutes,hist_gradient_boosting,season_holdout_2025_26,8,16,-0.316426329414086,0.14737658329913172,-0.07281231221206566,0.06418750000000006,0.19479999999999995,0.13699981221206564
rapm,with_minutes,hist_gradient_boosting,season_holdout_2025_26,9,16,0.1886764959832286,0.7492600566523306,0.4293243737811949,-0.6766687499999999,-0.3389499999999999,-1.1059931237811949
rapm,with_minutes,hist_gradient_boosting,season_holdout_2025_26,10,17,0.7532101214186806,3.6225180214951673,1.6690784646798853,1.4468411764705882,1.6954,-0.222237288209297
rapm,with_minutes,knn,season_holdout_2025_26,1,17,-2.6504025642767695,-2.099998417536481,-2.3282009360558664,-2.1920352941176473,-1.8766,0.1361656419382191
rapm,with_minutes,knn,season_holdout_2025_26,2,16,-2.083381376416167,-1.839613360649524,-1.9610417559982711,-2.25279375,-2.8285,-0.29175199400172885
rapm,with_minutes,knn,season_holdout_2025_26,3,16,-1.8314318121132063,-1.6482575385189082,-1.733496637968784,-2.3508,-1.93725,-0.617303362031216
rapm,with_minutes,knn,season_holdout_2025_26,4,16,-1.6294134100691053,-1.3868905406387666,-1.4933538058555897,-1.2454375,-0.81185,0.24791630585558988
rapm,with_minutes,knn,season_holdout_2025_26,5,17,-1.3734206708475725,-1.213564243890945,-1.3265928179991224,-1.6770000000000003,-1.2606000000000002,-0.35040718200087767
rapm,with_minutes,knn,season_holdout_2025_26,6,16,-1.2130739485253554,-0.9051022770960292,-1.061684523626232,-0.48896249999999997,-0.4087999999999999,0.572722023626232
rapm,with_minutes,knn,season_holdout_2025_26,7,16,-0.8923401814887438,-0.7181952799064969,-0.8109463084291503,-1.4414625,-1.1983000000000001,-0.6305161915708497
rapm,with_minutes,knn,season_holdout_2025_26,8,16,-0.6803545074940068,-0.4600186382361763,-0.5889611469535149,-0.8778562499999999,-0.44795000000000007,-0.28889510304648525
rapm,with_minutes,knn,season_holdout_2025_26,9,16,-0.44258307915640244,0.029518166735354553,-0.20310763956094108,-0.43156874999999995,-0.35555,-0.22846111043905892
rapm,with_minutes,knn,season_holdout_2025_26,10,17,0.07805426704505966,2.0674245553028356,0.7528157197006315,0.8649294117647058,0.962,0.11211369206407434
rapm,with_minutes,svr_rbf,season_holdout_2025_26,1,17,-2.840042993949646,-1.8694968497637174,-2.180281912051597,-2.6563764705882353,-2.8294,-0.4760945585366381
rapm,with_minutes,svr_rbf,season_holdout_2025_26,2,16,-1.8247001980864974,-1.550460359541276,-1.6857204287956218,-2.21015625,-1.8207499999999999,-0.5244358212043781
rapm,with_minutes,svr_rbf,season_holdout_2025_26,3,16,-1.5456700135911596,-1.3984095459202206,-1.467118580008071,-1.33129375,-0.9347999999999999,0.13582483000807105
rapm,with_minutes,svr_rbf,season_holdout_2025_26,4,16,-1.3772718549784966,-1.1689787574498265,-1.266366803488035,-1.76541875,-1.5625499999999999,-0.49905194651196483
rapm,with_minutes,svr_rbf,season_holdout_2025_26,5,17,-1.1622669791777716,-0.95972686136508,-1.0692028629211654,-1.5130235294117647,-1.2606000000000002,-0.44382066649059937
rapm,with_minutes,svr_rbf,season_holdout_2025_26,6,16,-0.952602512442397,-0.853069418293429,-0.9019642215939778,-1.2928875,-1.38345,-0.39092327840602237
rapm,with_minutes,svr_rbf,season_holdout_2025_26,7,16,-0.8342375622952058,-0.48223779751263623,-0.6675665717935253,-1.63000625,-1.1167,-0.9624396782064748
rapm,with_minutes,svr_rbf,season_holdout_2025_26,8,16,-0.46024831591894433,-0.19464201272021575,-0.3399031165183696,-0.6574500000000001,-0.04304999999999995,-0.3175468834816304
rapm,with_minutes,svr_rbf,season_holdout_2025_26,9,16,-0.18100444026399665,0.496985976216208,0.1677769150426038,-0.23566249999999994,-0.02595,-0.4034394150426038
rapm,with_minutes,svr_rbf,season_holdout_2025_26,10,17,0.5190171764757857,3.4321803012753045,1.2186972571331345,1.1972882352941177,1.1505,-0.021409021839016634
bpr,no_minutes,mean,season_holdout_2025_26,1,17,0.24116504854368936,0.24116504854368936,0.24116504854368936,-0.8447058823529412,-1.21,-1.0858709308966308
bpr,no_minutes,mean,season_holdout_2025_26,2,16,0.24116504854368936,0.24116504854368936,0.24116504854368936,-0.396875,-0.505,-0.6380400485436895
bpr,no_minutes,mean,season_holdout_2025_26,3,16,0.24116504854368936,0.24116504854368936,0.24116504854368936,-0.41000000000000003,-0.37,-0.6511650485436895
bpr,no_minutes,mean,season_holdout_2025_26,4,16,0.24116504854368936,0.24116504854368936,0.24116504854368936,0.5350000000000001,0.86,0.29383495145631067
bpr,no_minutes,mean,season_holdout_2025_26,5,16,0.24116504854368936,0.24116504854368936,0.24116504854368936,0.74625,0.895,0.5050849514563105
bpr,no_minutes,mean,season_holdout_2025_26,6,16,0.24116504854368936,0.24116504854368936,0.24116504854368936,-0.125,-0.22499999999999998,-0.36616504854368936
bpr,no_minutes,mean,season_holdout_2025_26,7,16,0.24116504854368936,0.24116504854368936,0.24116504854368936,0.45562500000000006,0.8,0.21445995145631067
bpr,no_minutes,mean,season_holdout_2025_26,8,16,0.24116504854368936,0.24116504854368936,0.24116504854368936,0.7474999999999999,0.495,0.5063349514563106
bpr,no_minutes,mean,season_holdout_2025_26,9,16,0.24116504854368936,0.24116504854368936,0.24116504854368936,-0.12562500000000001,-0.55,-0.36679004854368935
bpr,no_minutes,mean,season_holdout_2025_26,10,17,0.24116504854368936,0.24116504854368936,0.24116504854368936,0.05999999999999989,-0.2,-0.18116504854368945
bpr,no_minutes,ridge,season_holdout_2025_26,1,17,-2.527275919796514,-0.8553679180529854,-1.295658401203751,-1.4117647058823533,-1.59,-0.11610630467860181
bpr,no_minutes,ridge,season_holdout_2025_26,2,16,-0.8226999693535266,-0.5902008588660819,-0.703225492372634,-1.09375,-1.17,-0.39052450762736607
bpr,no_minutes,ridge,season_holdout_2025_26,3,16,-0.572102258018111,-0.2777337601478933,-0.4017105968514818,-0.555,-0.675,-0.1532894031485182
bpr,no_minutes,ridge,season_holdout_2025_26,4,16,-0.27528472403263615,0.03415266239991577,-0.09834177961464365,-0.645625,-0.705,-0.5472832203853564
bpr,no_minutes,ridge,season_holdout_2025_26,5,16,0.04414701050760372,0.19054626556711707,0.13076628458672085,0.04500000000000004,-0.21000000000000002,-0.08576628458672084
bpr,no_minutes,ridge,season_holdout_2025_26,6,16,0.19902628788144372,0.4028242607322525,0.3015195598126728,0.010000000000000009,0.1,-0.29151955981267286
bpr,no_minutes,ridge,season_holdout_2025_26,7,16,0.408612311681431,0.6454767942263226,0.523856272321676,0.39312500000000006,0.685,-0.13073127232167592
bpr,no_minutes,ridge,season_holdout_2025_26,8,16,0.6797381979746568,1.087680702970295,0.9216984439557686,0.37625000000000003,0.16499999999999998,-0.5454484439557686
bpr,no_minutes,ridge,season_holdout_2025_26,9,16,1.09141964491723,1.6295286862376261,1.411376287374047,1.389375,1.49,-0.022001287374047024
bpr,no_minutes,ridge,season_holdout_2025_26,10,17,1.6481651847660936,4.25152493910222,2.400899160449282,2.0458823529411765,2.24,-0.3550168075081058
bpr,no_minutes,elasticnet,season_holdout_2025_26,1,17,-2.0273106285331677,-0.7081160647120646,-1.1000373192047324,-1.3541176470588234,-1.59,-0.25408032785409135
bpr,no_minutes,elasticnet,season_holdout_2025_26,2,16,-0.6792259450222222,-0.3685215067075476,-0.5142224742018869,-0.6193749999999999,-0.79,-0.10515252579811318
bpr,no_minutes,elasticnet,season_holdout_2025_26,3,16,-0.34903947312530303,-0.18225425678963236,-0.2680890474545614,-1.239375,-0.83,-0.9712859525454387
bpr,no_minutes,elasticnet,season_holdout_2025_26,4,16,-0.18026536461633036,0.10905283517491982,-0.02180170695550085,-0.79625,-0.6799999999999999,-0.7744482930444991
bpr,no_minutes,elasticnet,season_holdout_2025_26,5,16,0.12047467656000266,0.324595014464374,0.23367532563317683,-0.14062499999999997,-0.6599999999999999,-0.3743003256331768
bpr,no_minutes,elasticnet,season_holdout_2025_26,6,16,0.3258941782863637,0.4827521534765679,0.4065734803158654,0.3225,0.295,-0.08407348031586531
bpr,no_minutes,elasticnet,season_holdout_2025_26,7,16,0.4879546485092342,0.7634569593683886,0.6188915815265106,0.42437500000000006,1.01,-0.19451658152651077
bpr,no_minutes,elasticnet,season_holdout_2025_26,8,16,0.8508720088402626,1.3240152029960721,1.0777017161988711,0.5075000000000001,0.8400000000000001,-0.5702017161988712
bpr,no_minutes,elasticnet,season_holdout_2025_26,9,16,1.3273341858158556,1.6899779979950855,1.5259102686841755,1.653125,1.49,0.12721473131582445
bpr,no_minutes,elasticnet,season_holdout_2025_26,10,17,1.6942357709491935,4.292231252209301,2.492074414933025,1.8070588235294118,2.24,-0.6850155914036127
bpr,no_minutes,random_forest,season_holdout_2025_26,1,17,-0.9013354982211417,-0.5896072885570312,-0.7312973069652402,-1.45,-1.58,-0.7187026930347598
bpr,no_minutes,random_forest,season_holdout_2025_26,2,16,-0.5442963179018696,-0.34272058116913146,-0.40648841569611915,-0.904375,-0.99,-0.4978865843038809
bpr,no_minutes,random_forest,season_holdout_2025_26,3,16,-0.33679948327601167,-0.23247239572519007,-0.27724363215522896,-1.0368750000000002,-1.475,-0.759631367844771
bpr,no_minutes,random_forest,season_holdout_2025_26,4,16,-0.22629380310661545,-0.1325753723686444,-0.18709834335487624,-0.294375,-0.56,-0.10727665664512379
bpr,no_minutes,random_forest,season_holdout_2025_26,5,16,-0.09291913550501783,0.06002078329146347,-0.012359066789045203,-1.095625,-0.875,-1.083265933210955
bpr,no_minutes,random_forest,season_holdout_2025_26,6,16,0.060746562538768284,0.24738317219545167,0.14938901832616286,-0.22124999999999995,-0.44499999999999995,-0.37063901832616286
bpr,no_minutes,random_forest,season_holdout_2025_26,7,16,0.24828557482550148,0.5424144427100676,0.3922902538481041,1.4387500000000002,0.985,1.0464597461518959
bpr,no_minutes,random_forest,season_holdout_2025_26,8,16,0.5683871884610485,0.9253889679836631,0.7520650974847319,0.49125,0.525,-0.260815097484732
bpr,no_minutes,random_forest,season_holdout_2025_26,9,16,0.9270683685212063,1.2142486406265514,1.0445659121302098,1.3024999999999998,1.3199999999999998,0.25793408786979016
bpr,no_minutes,random_forest,season_holdout_2025_26,10,17,1.3827816471600298,2.9564197438572557,1.9553528305299186,2.309411764705882,2.64,0.35405893417596374
bpr,no_minutes,extra_trees,season_holdout_2025_26,1,17,-1.3894930952380955,-0.7520360119047615,-0.9381221743697478,-1.7911764705882354,-1.97,-0.8530542962184876
bpr,no_minutes,extra_trees,season_holdout_2025_26,2,16,-0.7383352976190474,-0.5151873214285715,-0.6098219680059522,-0.815,-0.585,-0.20517803199404766
bpr,no_minutes,extra_trees,season_holdout_2025_26,3,16,-0.49856095238095277,-0.30187095238095224,-0.39726315476190477,-0.11437499999999998,-0.165,0.28288815476190476
bpr,no_minutes,extra_trees,season_holdout_2025_26,4,16,-0.3009669047619047,-0.16795797619047623,-0.2429913988095238,-0.9725,-0.9149999999999999,-0.7295086011904761
bpr,no_minutes,extra_trees,season_holdout_2025_26,5,16,-0.16558220238095234,0.0327086904761905,-0.07561515811011907,0.121875,0.54,0.19749015811011905
bpr,no_minutes,extra_trees,season_holdout_2025_26,6,16,0.04525863095238094,0.22790130952380955,0.1369419791666667,-0.65125,-0.9249999999999999,-0.7881919791666667
bpr,no_minutes,extra_trees,season_holdout_2025_26,7,16,0.23858791666666687,0.6256381547619053,0.40060458705357144,0.011875000000000024,0.635,-0.38872958705357147
bpr,no_minutes,extra_trees,season_holdout_2025_26,8,16,0.6468365476190476,0.8920882738095228,0.7509121484375001,0.9268750000000001,0.915,0.1759628515624999
bpr,no_minutes,extra_trees,season_holdout_2025_26,9,16,0.9162633333333337,1.9285138095238046,1.3954562332589284,1.403125,1.535,0.007668766741071684
bpr,no_minutes,extra_trees,season_holdout_2025_26,10,17,1.9802369642857152,3.8578398214285734,2.869231074929971,2.433529411764706,2.66,-0.4357016631652653
bpr,no_minutes,gradient_boosting,season_holdout_2025_26,1,17,-3.233447530289433,-0.8478646699201633,-1.4179447422061766,-2.1558823529411764,-2.03,-0.7379376107349996
bpr,no_minutes,gradient_boosting,season_holdout_2025_26,2,16,-0.8209845527460091,-0.4929257744051371,-0.6673464656549033,-0.7550000000000001,-0.95,-0.08765353434509668
bpr,no_minutes,gradient_boosting,season_holdout_2025_26,3,16,-0.4781770502425986,-0.33013717582870594,-0.4117836294998788,-0.509375,-0.6499999999999999,-0.09759137050012123
bpr,no_minutes,gradient_boosting,season_holdout_2025_26,4,16,-0.30735927867492924,-0.048279715456133,-0.17022470707833287,-0.5243749999999999,-0.40499999999999997,-0.3541502929216671
bpr,no_minutes,gradient_boosting,season_holdout_2025_26,5,16,-0.04002611712477553,0.18883573501960968,0.06207402391149636,-0.7525000000000002,-1.08,-0.8145740239114964
bpr,no_minutes,gradient_boosting,season_holdout_2025_26,6,16,0.19844785387889693,0.4845442277830081,0.3071817053012444,-0.06374999999999997,-0.125,-0.37093170530124436
bpr,no_minutes,gradient_boosting,season_holdout_2025_26,7,16,0.4869704699437039,0.9172404239881549,0.6490214642284675,0.2931249999999999,0.685,-0.3558964642284675
bpr,no_minutes,gradient_boosting,season_holdout_2025_26,8,16,0.9175232769542973,1.4237460268520166,1.1137748290414673,1.1287500000000001,1.225,0.014975170958532819
bpr,no_minutes,gradient_boosting,season_holdout_2025_26,9,16,1.431240627183249,1.920595659055178,1.6744437422276162,1.796875,1.7999999999999998,0.12243125777238384
bpr,no_minutes,gradient_boosting,season_holdout_2025_26,10,17,2.1063244457669517,4.824663187713873,2.856286191941097,2.1364705882352943,2.66,-0.7198156037058027
bpr,no_minutes,hist_gradient_boosting,season_holdout_2025_26,1,17,-2.3777398971103136,-0.8445532610329604,-1.3503029550874497,-1.4088235294117648,-1.71,-0.05852057432431511
bpr,no_minutes,hist_gradient_boosting,season_holdout_2025_26,2,16,-0.8340095587441163,-0.5950275327996858,-0.7247786098755539,-0.8737499999999999,-1.525,-0.1489713901244462
bpr,no_minutes,hist_gradient_boosting,season_holdout_2025_26,3,16,-0.5757487448068037,-0.2595866427652192,-0.42783974425794435,-0.09812500000000002,-0.08,0.32971474425794434
bpr,no_minutes,hist_gradient_boosting,season_holdout_2025_26,4,16,-0.25070360961457383,0.034484490412089425,-0.1048928644242059,-0.853125,-0.76,-0.748232135575794
bpr,no_minutes,hist_gradient_boosting,season_holdout_2025_26,5,16,0.05090199289022104,0.21555487306043275,0.1426716713290934,0.04437499999999997,-0.22999999999999998,-0.09829667132909342
bpr,no_minutes,hist_gradient_boosting,season_holdout_2025_26,6,16,0.2623612116704429,0.46671226062121624,0.3564448211496977,-0.558125,-0.31,-0.9145698211496978
bpr,no_minutes,hist_gradient_boosting,season_holdout_2025_26,7,16,0.47963626825057687,0.7927591241413151,0.6262838463411179,1.209375,1.1800000000000002,0.5830911536588821
bpr,no_minutes,hist_gradient_boosting,season_holdout_2025_26,8,16,0.8055977339279661,1.325998931399377,1.0079682317196312,0.536875,0.14500000000000002,-0.47109323171963124
bpr,no_minutes,hist_gradient_boosting,season_holdout_2025_26,9,16,1.3493878037754425,1.832385704983058,1.6135120197330237,0.34500000000000003,0.8300000000000001,-1.2685120197330235
bpr,no_minutes,hist_gradient_boosting,season_holdout_2025_26,10,17,2.0650217277148992,3.8796368533530097,2.665799583259998,2.2,2.24,-0.465799583259998
bpr,no_minutes,knn,season_holdout_2025_26,1,17,-0.8855099240914309,-0.5351501493180171,-0.6919472714755817,-1.5388235294117647,-1.68,-0.846876257936183
bpr,no_minutes,knn,season_holdout_2025_26,2,16,-0.5252056755886008,-0.3264015783153196,-0.40703824102209235,-1.2581250000000002,-1.4,-0.8510867589779076
bpr,no_minutes,knn,season_holdout_2025_26,3,16,-0.3221657188357833,-0.16910241026979178,-0.2493514567095319,-0.42937500000000006,-0.655,-0.18002354329046807
bpr,no_minutes,knn,season_holdout_2025_26,4,16,-0.13521858693332311,-0.00014465063897338713,-0.05999857612247466,-0.02500000000000009,0.545,0.03499857612247473
bpr,no_minutes,knn,season_holdout_2025_26,5,16,0.025942206503633245,0.23214159560672948,0.13068017643893554,-0.776875,-0.9750000000000001,-0.9075551764389355
bpr,no_minutes,knn,season_holdout_2025_26,6,16,0.23473783599436426,0.46475844672561273,0.3711399235460772,0.474375,0.42,0.10323507645392282
bpr,no_minutes,knn,season_holdout_2025_26,7,16,0.4926064885603646,0.6433015190287009,0.5670733684340263,0.49187499999999995,0.025,-0.0751983684340264
bpr,no_minutes,knn,season_holdout_2025_26,8,16,0.6920312642791333,0.9382566900286563,0.8220286393217342,0.645625,1.085,-0.1764036393217342
bpr,no_minutes,knn,season_holdout_2025_26,9,16,0.9583426940445069,1.3566885457561206,1.1307577227916832,0.93625,0.735,-0.19450772279168316
bpr,no_minutes,knn,season_holdout_2025_26,10,17,1.409519051238691,2.9201915445104167,2.033413368269494,2.041764705882353,2.24,0.008351337612859208
bpr,no_minutes,svr_rbf,season_holdout_2025_26,1,17,-1.5046977733279348,-0.7478965358427326,-0.9211682139329233,-1.5694117647058823,-1.97,-0.648243550772959
bpr,no_minutes,svr_rbf,season_holdout_2025_26,2,16,-0.700282954567982,-0.3763859083111132,-0.4984034742718264,-0.701875,-0.745,-0.20347152572817356
bpr,no_minutes,svr_rbf,season_holdout_2025_26,3,16,-0.3412916653104461,-0.18306460783684286,-0.2541820726372732,-0.2925,-0.019999999999999997,-0.03831792736272674
bpr,no_minutes,svr_rbf,season_holdout_2025_26,4,16,-0.1727781737320203,0.037083433874556815,-0.05601222399414562,-0.4725000000000001,-0.62,-0.41648777600585446
bpr,no_minutes,svr_rbf,season_holdout_2025_26,5,16,0.05729780794338468,0.20304683006437502,0.1187082705819555,-0.6312499999999999,-0.96,-0.7499582705819555
bpr,no_minutes,svr_rbf,season_holdout_2025_26,6,16,0.21552973935084532,0.5145722020890424,0.3494170505399172,0.00187499999999996,-0.825,-0.3475420505399172
bpr,no_minutes,svr_rbf,season_holdout_2025_26,7,16,0.5389792698948898,0.7191786226654538,0.6135250775219255,0.22250000000000003,0.495,-0.39102507752192545
bpr,no_minutes,svr_rbf,season_holdout_2025_26,8,16,0.7437285174699774,0.9770159601406945,0.848879471151381,1.024375,1.02,0.17549552884861908
bpr,no_minutes,svr_rbf,season_holdout_2025_26,9,16,1.0209587219136291,1.5372585654417574,1.2524368168302957,1.0762500000000002,0.9750000000000001,-0.17618681683029574
bpr,no_minutes,svr_rbf,season_holdout_2025_26,10,17,1.5485133834275535,3.7222937319652734,2.0625086999884292,1.9141176470588235,2.1,-0.14839105292960544
bpr,with_minutes,mean,season_holdout_2025_26,1,17,0.24116504854368936,0.24116504854368936,0.24116504854368936,-0.8447058823529412,-1.21,-1.0858709308966308
bpr,with_minutes,mean,season_holdout_2025_26,2,16,0.24116504854368936,0.24116504854368936,0.24116504854368936,-0.396875,-0.505,-0.6380400485436895
bpr,with_minutes,mean,season_holdout_2025_26,3,16,0.24116504854368936,0.24116504854368936,0.24116504854368936,-0.41000000000000003,-0.37,-0.6511650485436895
bpr,with_minutes,mean,season_holdout_2025_26,4,16,0.24116504854368936,0.24116504854368936,0.24116504854368936,0.5350000000000001,0.86,0.29383495145631067
bpr,with_minutes,mean,season_holdout_2025_26,5,16,0.24116504854368936,0.24116504854368936,0.24116504854368936,0.74625,0.895,0.5050849514563105
bpr,with_minutes,mean,season_holdout_2025_26,6,16,0.24116504854368936,0.24116504854368936,0.24116504854368936,-0.125,-0.22499999999999998,-0.36616504854368936
bpr,with_minutes,mean,season_holdout_2025_26,7,16,0.24116504854368936,0.24116504854368936,0.24116504854368936,0.45562500000000006,0.8,0.21445995145631067
bpr,with_minutes,mean,season_holdout_2025_26,8,16,0.24116504854368936,0.24116504854368936,0.24116504854368936,0.7474999999999999,0.495,0.5063349514563106
bpr,with_minutes,mean,season_holdout_2025_26,9,16,0.24116504854368936,0.24116504854368936,0.24116504854368936,-0.12562500000000001,-0.55,-0.36679004854368935
bpr,with_minutes,mean,season_holdout_2025_26,10,17,0.24116504854368936,0.24116504854368936,0.24116504854368936,0.05999999999999989,-0.2,-0.18116504854368945
bpr,with_minutes,ridge,season_holdout_2025_26,1,17,-3.2831926189764005,-1.2175141294721707,-1.9307606970564677,-2.0741176470588236,-1.95,-0.14335695000235607
bpr,with_minutes,ridge,season_holdout_2025_26,2,16,-1.192552312420522,-0.9495761782246319,-1.0751739059838434,-1.02,-0.47,0.05517390598384343
bpr,with_minutes,ridge,season_holdout_2025_26,3,16,-0.9163611393111877,-0.5748702359852758,-0.7552746366020475,-1.27625,-1.19,-0.5209753633979524
bpr,with_minutes,ridge,season_holdout_2025_26,4,16,-0.5482402837218956,-0.17851464838118514,-0.3843712450208088,-0.14750000000000005,-0.62,0.23687124502080886
bpr,with_minutes,ridge,season_holdout_2025_26,5,16,-0.16579707086362605,0.05338371587723445,-0.04478921612625032,-0.455,-0.5,-0.41021078387374965
bpr,with_minutes,ridge,season_holdout_2025_26,6,16,0.0736080930176497,0.5153282896495043,0.33066299401937216,0.3087500000000001,0.565,-0.021912994019372134
bpr,with_minutes,ridge,season_holdout_2025_26,7,16,0.519570971180781,0.818665334838292,0.6326655489445823,0.10875000000000001,0.235,-0.5239155489445821
bpr,with_minutes,ridge,season_holdout_2025_26,8,16,0.832443051742378,1.3009722475690972,1.0836737303711987,0.964375,0.86,-0.11929873037119867
bpr,with_minutes,ridge,season_holdout_2025_26,9,16,1.3414887061670329,1.9939151308839667,1.543439959074568,1.7043750000000002,1.525,0.16093504092543204
bpr,with_minutes,ridge,season_holdout_2025_26,10,17,1.9985971338214774,5.669653376006857,2.8474099095568577,2.4558823529411766,2.66,-0.3915275566156816
bpr,with_minutes,elasticnet,season_holdout_2025_26,1,17,-2.93157911570679,-1.2883677565264038,-1.8879301316735513,-1.9041176470588235,-1.84,-0.01618751538527228
bpr,with_minutes,elasticnet,season_holdout_2025_26,2,16,-1.2734975533512098,-0.9150966288613027,-1.0494730865035609,-0.98875,-0.715,0.06072308650356083
bpr,with_minutes,elasticnet,season_holdout_2025_26,3,16,-0.8503707895129666,-0.5185266140048852,-0.6768404945402391,-1.880625,-1.8399999999999999,-1.203784505459761
bpr,with_minutes,elasticnet,season_holdout_2025_26,4,16,-0.46043192143895695,-0.19265695578004527,-0.34225361790092523,0.5143749999999999,0.73,0.8566286179009253
bpr,with_minutes,elasticnet,season_holdout_2025_26,5,16,-0.1507963107696545,0.18099635794555602,0.03373775593948114,-0.474375,-0.18000000000000002,-0.5081127559394811
bpr,with_minutes,elasticnet,season_holdout_2025_26,6,16,0.20433316453822403,0.4851492164163823,0.34805971050910856,-0.195,-0.495,-0.5430597105091086
bpr,with_minutes,elasticnet,season_holdout_2025_26,7,16,0.5098099566661691,0.8976980891246389,0.6413476418636221,0.559375,0.785,-0.08197264186362202
bpr,with_minutes,elasticnet,season_holdout_2025_26,8,16,0.9355851138324796,1.3685682922491125,1.1043426553053868,1.261875,1.225,0.15753234469461286
bpr,with_minutes,elasticnet,season_holdout_2025_26,9,16,1.3791255883723714,1.9777633601665392,1.585161979940352,1.24125,0.95,-0.34391197994035194
bpr,with_minutes,elasticnet,season_holdout_2025_26,10,17,2.0322015518284395,5.568331173765625,2.8745250865716296,2.426470588235294,2.66,-0.4480544983363357
bpr,with_minutes,random_forest,season_holdout_2025_26,1,17,-1.485529419451055,-1.0931412196746115,-1.2426521451429569,-2.177647058823529,-1.97,-0.9349949136805725
bpr,with_minutes,random_forest,season_holdout_2025_26,2,16,-1.062974560890498,-0.7999776739049351,-0.8986656429889568,-0.9437500000000001,-0.685,-0.045084357011043116
bpr,with_minutes,random_forest,season_holdout_2025_26,3,16,-0.7263460956751588,-0.5262738043390437,-0.631751486125472,-0.37124999999999997,-0.495,0.26050148612547214
bpr,with_minutes,random_forest,season_holdout_2025_26,4,16,-0.49987837086589,-0.2606893267394372,-0.38955902378467067,-0.13812499999999994,0.345,0.2514340237846706
bpr,with_minutes,random_forest,season_holdout_2025_26,5,16,-0.2169281851522661,0.009283582575512664,-0.0924843467111543,-0.184375,-0.5,-0.09189065328884574
bpr,with_minutes,random_forest,season_holdout_2025_26,6,16,0.018901281692164037,0.21699133454372452,0.13849362742946175,-0.838125,-1.27,-0.9766186274294617
bpr,with_minutes,random_forest,season_holdout_2025_26,7,16,0.23340609002108997,0.5171638076343594,0.3709134572085605,0.28,0.01,-0.09091345720856053
bpr,with_minutes,random_forest,season_holdout_2025_26,8,16,0.5439786881643678,0.8472780746336993,0.698762569042383,0.6525,0.8,-0.04626256904238296
bpr,with_minutes,random_forest,season_holdout_2025_26,9,16,0.8900582063769555,1.8308921072738544,1.2948052349371153,1.8587500000000001,2.3899999999999997,0.5639447650628846
bpr,with_minutes,random_forest,season_holdout_2025_26,10,17,1.8568266242912779,3.257966564489968,2.2491003646927115,2.438823529411765,2.64,0.18972316471905312
bpr,with_minutes,extra_trees,season_holdout_2025_26,1,17,-1.8684964285714292,-1.102292797619048,-1.305729387254902,-2.244117647058824,-1.97,-0.9383882598039215
bpr,with_minutes,extra_trees,season_holdout_2025_26,2,16,-1.1008657142857152,-0.7099562499999996,-0.9306518489583334,-1.0075,-0.685,-0.07684815104166659
bpr,with_minutes,extra_trees,season_holdout_2025_26,3,16,-0.6901649404761904,-0.4177488095238098,-0.5255422172619049,-0.273125,-0.405,0.2524172172619048
bpr,with_minutes,extra_trees,season_holdout_2025_26,4,16,-0.40317892857142873,-0.2707958928571432,-0.343616908482143,-0.681875,-0.55,-0.33825809151785713
bpr,with_minutes,extra_trees,season_holdout_2025_26,5,16,-0.2688563690476189,-0.03849577380952382,-0.17972026785714285,-0.570625,-0.62,-0.39090473214285715
bpr,with_minutes,extra_trees,season_holdout_2025_26,6,16,-0.026978928571428563,0.254119107142857,0.12044853422619048,-0.46499999999999997,-0.675,-0.5854485342261905
bpr,with_minutes,extra_trees,season_holdout_2025_26,7,16,0.2745659523809523,0.5787176190476194,0.4367640476190476,0.579375,0.54,0.14261095238095256
bpr,with_minutes,extra_trees,season_holdout_2025_26,8,16,0.5833913095238097,1.0778557142857137,0.8799710230654761,0.8800000000000001,0.8300000000000001,2.897693452388883e-05
bpr,with_minutes,extra_trees,season_holdout_2025_26,9,16,1.1068856547619041,1.7284494047619052,1.469909771205357,1.8543749999999999,1.745,0.38446522879464295
bpr,with_minutes,extra_trees,season_holdout_2025_26,10,17,1.807676011904764,3.8049311309523866,2.4389945378151268,2.5052941176470584,2.66,0.0662995798319318
bpr,with_minutes,gradient_boosting,season_holdout_2025_26,1,17,-2.569231743267004,-1.2372783162553809,-1.6065209677168184,-1.855294117647059,-1.95,-0.24877314993024036
bpr,with_minutes,gradient_boosting,season_holdout_2025_26,2,16,-1.2351108546024236,-0.865065910779809,-1.0245448737152925,-1.5875,-1.53,-0.5629551262847077
bpr,with_minutes,gradient_boosting,season_holdout_2025_26,3,16,-0.8465636270284755,-0.6845414011169939,-0.7657116991675262,-0.938125,-0.6699999999999999,-0.17241330083247375
bpr,with_minutes,gradient_boosting,season_holdout_2025_26,4,16,-0.6797151831623856,-0.38492832741598015,-0.5266242949819934,-0.259375,-0.4,0.26724929498199346
bpr,with_minutes,gradient_boosting,season_holdout_2025_26,5,16,-0.3378099966849289,-0.04891186618707184,-0.21314164720633227,-0.6443749999999999,-0.33999999999999997,-0.4312333527936678
bpr,with_minutes,gradient_boosting,season_holdout_2025_26,6,16,0.00226863987316735,0.22474131682290413,0.09182281370355631,0.012499999999999997,0.07,-0.07932281370355637
bpr,with_minutes,gradient_boosting,season_holdout_2025_26,7,16,0.22972126190975617,0.5871679728155595,0.38963234638388583,-0.045625,-0.14500000000000002,-0.4352573463838859
bpr,with_minutes,gradient_boosting,season_holdout_2025_26,8,16,0.6002849658058744,1.2147567333990148,0.9093972492682838,1.240625,1.635,0.33122775073171623
bpr,with_minutes,gradient_boosting,season_holdout_2025_26,9,16,1.335299008443256,1.9710959473393057,1.6585028847021084,2.5687499999999996,2.7,0.9102471152978917
bpr,with_minutes,gradient_boosting,season_holdout_2025_26,10,17,2.0171808046869724,4.786745026921186,2.970512387394411,2.087058823529412,2.42,-0.883453563865
bpr,with_minutes,hist_gradient_boosting,season_holdout_2025_26,1,17,-2.655890061815383,-1.3670108881625271,-1.7365902099090305,-2.000588235294118,-2.03,-0.2639980253850873
bpr,with_minutes,hist_gradient_boosting,season_holdout_2025_26,2,16,-1.3617461700821891,-0.9561324103874512,-1.1892905651662327,-0.855625,-0.685,0.3336655651662327
bpr,with_minutes,hist_gradient_boosting,season_holdout_2025_26,3,16,-0.919085341434488,-0.6159021797485338,-0.7817957155125049,-0.63625,-0.725,0.1455457155125049
bpr,with_minutes,hist_gradient_boosting,season_holdout_2025_26,4,16,-0.5908824093122222,-0.23114423436330786,-0.413819772391111,-0.13312500000000005,-0.21,0.28069477239111096
bpr,with_minutes,hist_gradient_boosting,season_holdout_2025_26,5,16,-0.21787679724028786,0.2439762346866482,-0.0002827491942006214,0.25187500000000007,0.01,0.25215774919420064
bpr,with_minutes,hist_gradient_boosting,season_holdout_2025_26,6,16,0.2932215710130661,0.5800287239482902,0.4265184126693483,-0.700625,-0.6599999999999999,-1.1271434126693483
bpr,with_minutes,hist_gradient_boosting,season_holdout_2025_26,7,16,0.5877363976694484,0.7890679479309619,0.7031970288202418,0.535625,0.88,-0.1675720288202417
bpr,with_minutes,hist_gradient_boosting,season_holdout_2025_26,8,16,0.7939367941800402,1.121016129069623,0.9308787956249441,0.1424999999999999,0.28,-0.7883787956249442
bpr,with_minutes,hist_gradient_boosting,season_holdout_2025_26,9,16,1.2045814310396745,1.9890186637636742,1.576074611392065,1.8431250000000001,2.015,0.26705038860793506
bpr,with_minutes,hist_gradient_boosting,season_holdout_2025_26,10,17,2.0863434492203257,3.9460903911553564,2.6945870336008544,2.1376470588235295,2.14,-0.5569399747773246
bpr,with_minutes,knn,season_holdout_2025_26,1,17,-1.065452307398176,-0.6379976446791006,-0.8277928355130233,-1.866470588235294,-2.05,-1.0386777527222708
bpr,with_minutes,knn,season_holdout_2025_26,2,16,-0.6088158421195341,-0.3529346537142411,-0.49028739713484326,-0.976875,-0.925,-0.4865876028651567
bpr,with_minutes,knn,season_holdout_2025_26,3,16,-0.3514886580423107,-0.16647255092937707,-0.24091137268253277,-0.3787500000000001,-0.44499999999999995,-0.13783862731746727
bpr,with_minutes,knn,season_holdout_2025_26,4,16,-0.1566423225938072,0.024502565445706878,-0.07121531936297829,-0.615,-0.445,-0.5437846806370218
bpr,with_minutes,knn,season_holdout_2025_26,5,16,0.033267271147514266,0.1374278901546167,0.08643528800585176,-0.44125,-0.08,-0.5276852880058518
bpr,with_minutes,knn,season_holdout_2025_26,6,16,0.13782302863266527,0.40326189595531275,0.27432832539063856,0.46812499999999996,0.29,0.19379667460936134
bpr,with_minutes,knn,season_holdout_2025_26,7,16,0.41420228442256773,0.6708240198030067,0.5472956840468757,1.265625,1.35,0.7183293159531244
bpr,with_minutes,knn,season_holdout_2025_26,8,16,0.6874819072149019,1.0396583349809596,0.8238470218089273,0.22437500000000002,0.46,-0.5994720218089272
bpr,with_minutes,knn,season_holdout_2025_26,9,16,1.0549022889329387,1.327395787465236,1.1798563584202915,1.0256250000000002,1.02,-0.15423135842029145
bpr,with_minutes,knn,season_holdout_2025_26,10,17,1.452631490769544,3.1667686977631035,1.9533358238390999,1.8864705882352941,2.1,-0.06686523560380585
bpr,with_minutes,svr_rbf,season_holdout_2025_26,1,17,-1.4221435454244191,-0.8461232607115037,-1.1487520230868058,-1.7623529411764707,-1.84,-0.6136009180896647
bpr,with_minutes,svr_rbf,season_holdout_2025_26,2,16,-0.8117439284621863,-0.3835747502333968,-0.5734496676329371,-0.9800000000000001,-0.42000000000000004,-0.40655033236706295
bpr,with_minutes,svr_rbf,season_holdout_2025_26,3,16,-0.3300433851672636,-0.1398240716747613,-0.23757593338569052,-1.23625,-1.48,-0.9986740666143095
bpr,with_minutes,svr_rbf,season_holdout_2025_26,4,16,-0.13147817189999467,0.08258966315026733,-0.055747758002733135,-0.18125000000000008,-0.039999999999999994,-0.1255022419972669
bpr,with_minutes,svr_rbf,season_holdout_2025_26,5,16,0.08623905161633888,0.23247133926418495,0.15784230301555421,-0.30625,-0.6799999999999999,-0.46409230301555426
bpr,with_minutes,svr_rbf,season_holdout_2025_26,6,16,0.23581826058092653,0.42998917658790403,0.314842215818422,0.115625,-0.15000000000000002,-0.19921721581842208
bpr,with_minutes,svr_rbf,season_holdout_2025_26,7,16,0.43306444217216233,0.7389778857522127,0.5867259277526689,0.46562499999999996,0.76,-0.12110092775266887
bpr,with_minutes,svr_rbf,season_holdout_2025_26,8,16,0.7506934287805476,0.9780370473894915,0.881895748931187,0.9581249999999999,0.885,0.07622925106881298
bpr,with_minutes,svr_rbf,season_holdout_2025_26,9,16,0.9844594540451185,1.4906105530869267,1.1592657846274732,1.29625,1.05,0.13698421537252686
bpr,with_minutes,svr_rbf,season_holdout_2025_26,10,17,1.5279912891335155,4.035559776623969,2.185656943182783,2.196470588235294,2.1,0.010813645052511445
porpag,no_minutes,mean,season_holdout_2025_26,1,23,1.0154079452456577,1.0154079452456577,1.0154079452456581,0.4846006426086957,0.364153,-0.530807302636962
porpag,no_minutes,mean,season_holdout_2025_26,2,23,1.0154079452456577,1.0154079452456577,1.0154079452456581,0.6084738304347825,0.475843,-0.4069341148108751
porpag,no_minutes,mean,season_holdout_2025_26,3,22,1.0154079452456577,1.0154079452456577,1.0154079452456581,1.070978886363636,0.88567,0.05557094111797867
porpag,no_minutes,mean,season_holdout_2025_26,4,23,1.0154079452456577,1.0154079452456577,1.0154079452456581,0.542700443478261,0.370591,-0.4727075017673968
porpag,no_minutes,mean,season_holdout_2025_26,5,23,1.0154079452456577,1.0154079452456577,1.0154079452456581,1.301959217391304,1.19394,0.28655127214564663
porpag,no_minutes,mean,season_holdout_2025_26,6,22,1.0154079452456577,1.0154079452456577,1.0154079452456581,0.8786277045454546,0.67477,-0.13678024070020314
porpag,no_minutes,mean,season_holdout_2025_26,7,23,1.0154079452456577,1.0154079452456577,1.0154079452456581,0.8848697869565219,0.925762,-0.13053815828913598
porpag,no_minutes,mean,season_holdout_2025_26,8,22,1.0154079452456577,1.0154079452456577,1.0154079452456581,1.3830416727272727,1.16591,0.36763372748161505
porpag,no_minutes,mean,season_holdout_2025_26,9,23,1.0154079452456577,1.0154079452456577,1.0154079452456581,0.6054559434782608,0.440335,-0.4099520017673968
porpag,no_minutes,mean,season_holdout_2025_26,10,23,1.0154079452456577,1.0154079452456577,1.0154079452456581,0.8945372569565216,0.66175,-0.1208706882891359
porpag,no_minutes,ridge,season_holdout_2025_26,1,23,-0.14486219566475755,0.41305583485788333,0.21862553708506335,0.4069540739130435,0.158832,0.1883285368279801
porpag,no_minutes,ridge,season_holdout_2025_26,2,23,0.4148029943562276,0.6993600310639887,0.5524343989411629,0.1948452739130435,0.13675,-0.3575891250281194
porpag,no_minutes,ridge,season_holdout_2025_26,3,22,0.7157078243303838,0.826965205085394,0.7864605037340474,0.5460739454545455,0.3346895,-0.24038655827950184
porpag,no_minutes,ridge,season_holdout_2025_26,4,23,0.8275803064021039,0.9688481277042925,0.9114780537130855,0.690236307826087,0.39011,-0.2212417458869986
porpag,no_minutes,ridge,season_holdout_2025_26,5,23,0.9739799453756756,1.0771209556269938,1.0211416061040226,1.0383160173913042,1.13316,0.017174411287281834
porpag,no_minutes,ridge,season_holdout_2025_26,6,22,1.08089921008521,1.1972628706855035,1.1342695208473956,1.0405685318181817,0.9585189999999999,-0.09370098902921384
porpag,no_minutes,ridge,season_holdout_2025_26,7,23,1.2006586854273038,1.3121738068030577,1.2633521372659653,1.1068041439130436,0.836656,-0.15654799335292185
porpag,no_minutes,ridge,season_holdout_2025_26,8,22,1.3189756695329171,1.4452391569694745,1.3720208686365023,0.9308522772727272,0.7606265000000001,-0.441168591363775
porpag,no_minutes,ridge,season_holdout_2025_26,9,23,1.4488820841108812,1.6354274774087818,1.5306130921604006,1.2977895565217392,1.29975,-0.2328235356386617
porpag,no_minutes,ridge,season_holdout_2025_26,10,23,1.6920966250632907,2.2725647037173657,1.9080477822936084,1.3673638,1.49826,-0.5406839822936086
porpag,no_minutes,elasticnet,season_holdout_2025_26,1,23,0.23102111450389196,0.5897144381186735,0.45317460870363474,0.46459398695652177,0.234921,0.011419378252886981
porpag,no_minutes,elasticnet,season_holdout_2025_26,2,23,0.5901238286131594,0.7835773592066237,0.690755768379984,0.1517777695652174,0.0930604,-0.5389779988147666
porpag,no_minutes,elasticnet,season_holdout_2025_26,3,22,0.7979864866237031,0.918740446572943,0.8703411275169103,0.7071476763636364,0.3346895,-0.1631934511532738
porpag,no_minutes,elasticnet,season_holdout_2025_26,4,23,0.9202402820289093,1.0347506616060178,0.9907987578030282,0.5106517086956522,0.26059,-0.4801470491073759
porpag,no_minutes,elasticnet,season_holdout_2025_26,5,23,1.0369059673446936,1.1444100784411473,1.103275191523814,0.9787179565217391,0.895064,-0.12455723500207498
porpag,no_minutes,elasticnet,season_holdout_2025_26,6,22,1.150259813324746,1.2222536704478366,1.193848761662787,1.0705377595454546,0.6501945,-0.12331100211733244
porpag,no_minutes,elasticnet,season_holdout_2025_26,7,23,1.224362053357204,1.3388179739149304,1.2888945692648377,0.9525029391304348,1.04923,-0.33639163013440265
porpag,no_minutes,elasticnet,season_holdout_2025_26,8,22,1.3427817451734732,1.4515229280992048,1.395583987079206,0.8908380136363637,0.8118105,-0.504745973442842
porpag,no_minutes,elasticnet,season_holdout_2025_26,9,23,1.4522473113141718,1.6531788969253052,1.5539047929519667,1.6890853478260872,1.78407,0.13518055487412056
porpag,no_minutes,elasticnet,season_holdout_2025_26,10,23,1.6568395560048668,2.117874138011273,1.83903079998267,1.2105172347826085,1.3794,-0.6285135652000611
porpag,no_minutes,random_forest,season_holdout_2025_26,1,23,0.12861940008743425,0.6499063718262632,0.4831857790311565,0.48061699999999996,0.172286,-0.0025687790311565016
porpag,no_minutes,random_forest,season_holdout_2025_26,2,23,0.6519307115455323,0.7798735068999954,0.7138909910585499,0.21469785652173912,0.109275,-0.4991931345368109
porpag,no_minutes,random_forest,season_holdout_2025_26,3,22,0.7804761657246472,0.9144407958338522,0.8661201934458059,0.3111033272727273,0.1382018,-0.5550168661730788
porpag,no_minutes,random_forest,season_holdout_2025_26,4,23,0.9312913883586177,1.0039045582861008,0.9673095031903599,0.6511319569565219,0.496593,-0.31617754623383815
porpag,no_minutes,random_forest,season_holdout_2025_26,5,23,1.0053415993188388,1.1102369278782689,1.0534020632406893,1.0304322913043478,0.895064,-0.0229697719363414
porpag,no_minutes,random_forest,season_holdout_2025_26,6,22,1.1102770886697229,1.2202888090916302,1.1691706318607913,0.5451861863636362,0.5079075,-0.6239844454971547
porpag,no_minutes,random_forest,season_holdout_2025_26,7,23,1.2250520875176614,1.3150674507285869,1.2715658282810558,1.2768517478260868,1.38123,0.005285919545030944
porpag,no_minutes,random_forest,season_holdout_2025_26,8,22,1.3179108637427654,1.4232357619366263,1.3655745916559177,1.243887172727273,1.210205,-0.12168741892864472
porpag,no_minutes,random_forest,season_holdout_2025_26,9,23,1.4352299783489741,1.6434189081558055,1.5509467928988432,1.2350893686956521,1.19394,-0.31585742420319096
porpag,no_minutes,random_forest,season_holdout_2025_26,10,23,1.6441248612734476,2.2511267707236087,1.8745613632100406,1.612662756521739,1.78407,-0.2618986066883012
porpag,no_minutes,extra_trees,season_holdout_2025_26,1,23,0.1602956510142857,0.6001818507327381,0.4324875481450902,0.6213925,0.244293,0.1889049518549098
porpag,no_minutes,extra_trees,season_holdout_2025_26,2,23,0.6018824345646068,0.8243526880399401,0.7214870480264695,0.16877844347826085,-0.0642154,-0.5527086045482086
porpag,no_minutes,extra_trees,season_holdout_2025_26,3,22,0.8390346988304158,0.9104117261840474,0.8670330782757741,0.4383271454545455,0.2062075,-0.4287059328212287
porpag,no_minutes,extra_trees,season_holdout_2025_26,4,23,0.9351908866457493,1.041773348374405,0.9783499236621936,0.39962104391304343,0.177691,-0.5787288797491502
porpag,no_minutes,extra_trees,season_holdout_2025_26,5,23,1.052837179581251,1.1312752046872614,1.0936548045642007,1.0017968565217392,0.895064,-0.09185794804246152
porpag,no_minutes,extra_trees,season_holdout_2025_26,6,22,1.1419273771403937,1.2238000947140346,1.184716806576925,0.9076186954545453,0.861572,-0.2770981111223793
porpag,no_minutes,extra_trees,season_holdout_2025_26,7,23,1.2273654177876185,1.3168509231964292,1.2687086062448834,1.0662661078260869,0.734288,-0.20244249841879605
porpag,no_minutes,extra_trees,season_holdout_2025_26,8,22,1.3231152916678566,1.4254791756150484,1.3728991358571974,0.9745437636363636,0.7645105000000001,-0.39835537222083367
porpag,no_minutes,extra_trees,season_holdout_2025_26,9,23,1.4309042496246411,1.5794667552844042,1.497613152990364,1.571325739130435,1.8342,0.07371258614007066
porpag,no_minutes,extra_trees,season_holdout_2025_26,10,23,1.588605680834524,2.2290023482613095,1.8077312058536508,1.461568191304348,1.30053,-0.34616301454930304
porpag,no_minutes,gradient_boosting,season_holdout_2025_26,1,23,-0.258890155080968,0.5478704178423642,0.26565975777070866,0.6711141739130434,0.268896,0.4054544161423347
porpag,no_minutes,gradient_boosting,season_holdout_2025_26,2,23,0.5511055504317721,0.735003232722421,0.6347741698159958,0.04107359173913044,0.0930604,-0.5937005780768653
porpag,no_minutes,gradient_boosting,season_holdout_2025_26,3,22,0.7400507685559896,0.8873981296256909,0.8150820634607208,0.7509227863636364,0.7564200000000001,-0.06415927709708442
porpag,no_minutes,gradient_boosting,season_holdout_2025_26,4,23,0.8884974641923948,0.993283115098925,0.9410943877695166,0.6668666565217393,0.475843,-0.27422773124777716
porpag,no_minutes,gradient_boosting,season_holdout_2025_26,5,23,1.0020487692282491,1.090783224667508,1.0462351581808096,0.7490241347826087,0.682231,-0.2972110233982009
porpag,no_minutes,gradient_boosting,season_holdout_2025_26,6,22,1.0942956387633973,1.210554890766449,1.1553571290516196,0.9819176681818181,0.933703,-0.17343946086980122
porpag,no_minutes,gradient_boosting,season_holdout_2025_26,7,23,1.2110028953540366,1.3273714750800618,1.2726782880586527,0.8605006086956521,0.531721,-0.4121776793630005
porpag,no_minutes,gradient_boosting,season_holdout_2025_26,8,22,1.3422121355847403,1.5072052546551795,1.4044187869508589,0.9807204127272726,0.731957,-0.4236983742235861
porpag,no_minutes,gradient_boosting,season_holdout_2025_26,9,23,1.50799360780773,1.7720076970426784,1.6266425245328273,1.3530627956521741,1.26663,-0.27357972888065357
porpag,no_minutes,gradient_boosting,season_holdout_2025_26,10,23,1.7811522969288869,2.980093171786955,2.1354041560966617,1.5731257130434784,1.85691,-0.5622784430531833
porpag,no_minutes,hist_gradient_boosting,season_holdout_2025_26,1,23,-0.5481291820333095,0.5197942906085996,0.2576930005115993,0.47220772173913056,0.177691,0.21451472122753112
porpag,no_minutes,hist_gradient_boosting,season_holdout_2025_26,2,23,0.5205077828333621,0.7251356714149007,0.6307861839406786,0.5322200260869565,0.512884,-0.09856615785372211
porpag,no_minutes,hist_gradient_boosting,season_holdout_2025_26,3,22,0.7351656995406282,0.8756088283075844,0.8257989973066071,0.3739216545454545,0.05383254999999999,-0.45187734276115266
porpag,no_minutes,hist_gradient_boosting,season_holdout_2025_26,4,23,0.8891553383669782,1.022945855677523,0.9581240916927625,0.9191411047826087,0.525061,-0.038982986910153464
porpag,no_minutes,hist_gradient_boosting,season_holdout_2025_26,5,23,1.0258400543035147,1.1312229689264781,1.0728355185905136,0.7581447565217391,0.620123,-0.3146907620687746
porpag,no_minutes,hist_gradient_boosting,season_holdout_2025_26,6,22,1.1344950068274084,1.2854353489784645,1.21720017945793,0.543855790909091,0.6105095,-0.673344388548839
porpag,no_minutes,hist_gradient_boosting,season_holdout_2025_26,7,23,1.2886478561793684,1.4792048918333327,1.3896595655975836,1.0613911043478261,0.895064,-0.3282684612497576
porpag,no_minutes,hist_gradient_boosting,season_holdout_2025_26,8,22,1.4924709057796681,1.6427748464680618,1.5681413282453824,1.2186825545454545,1.22749,-0.34945877369992806
porpag,no_minutes,hist_gradient_boosting,season_holdout_2025_26,9,23,1.6439302248876762,1.8351283085583834,1.737107929121415,1.2408054913043478,1.19394,-0.4963024378170669
porpag,no_minutes,hist_gradient_boosting,season_holdout_2025_26,10,23,1.856260421791708,2.6934324230575,2.0984315923487986,1.4828669947826085,1.27826,-0.6155645975661898
porpag,no_minutes,knn,season_holdout_2025_26,1,23,0.2641005469123765,0.6638281140258689,0.5231636864897687,0.34571658260869564,0.0660161,-0.17744710388107302
porpag,no_minutes,knn,season_holdout_2025_26,2,23,0.6684519222850057,0.8882015836305533,0.7958442190408223,0.2231952308695652,0.0989096,-0.5726489881712571
porpag,no_minutes,knn,season_holdout_2025_26,3,22,0.917494304165413,1.0416419384785665,0.9858109870683037,0.35502386818181825,0.1749885,-0.6307871188864856
porpag,no_minutes,knn,season_holdout_2025_26,4,23,1.0458301052933043,1.1868549599803182,1.1205869243009414,0.873156,1.07957,-0.24743092430094135
porpag,no_minutes,knn,season_holdout_2025_26,5,23,1.1981420493781276,1.2688318736966164,1.2299102298131748,0.8211328252173914,0.682231,-0.40877740459578327
porpag,no_minutes,knn,season_holdout_2025_26,6,22,1.271340612474898,1.348006242598682,1.307982347133641,1.1079049545454545,0.9868465,-0.20007739258818644
porpag,no_minutes,knn,season_holdout_2025_26,7,23,1.3717063011135564,1.4729812759692682,1.4192058980876272,0.9060765043478262,0.836656,-0.5131293937398013
porpag,no_minutes,knn,season_holdout_2025_26,8,22,1.4733436069109376,1.6009527779353128,1.5299465363784384,1.565507681818182,1.673035,0.03556114543974384
porpag,no_minutes,knn,season_holdout_2025_26,9,23,1.604404454653882,1.8030991560656424,1.6885935712444904,1.0545283217391304,0.776572,-0.6340652495053597
porpag,no_minutes,knn,season_holdout_2025_26,10,23,1.8035863863392503,2.2614657254835557,1.9904061274997713,1.3897768173913043,1.36516,-0.6006293101084672
porpag,no_minutes,svr_rbf,season_holdout_2025_26,1,23,-0.004072358417572697,0.5423900452463666,0.34266290600722715,0.49122785260869567,0.172286,0.14856494660146846
porpag,no_minutes,svr_rbf,season_holdout_2025_26,2,23,0.5522214729411514,0.7315412267884608,0.6398626353251998,0.3524998173913043,0.177691,-0.28736281793389556
porpag,no_minutes,svr_rbf,season_holdout_2025_26,3,22,0.7320728177755751,0.8810528043474661,0.800018894837066,0.707291118181818,0.4190255,-0.0927277766552479
porpag,no_minutes,svr_rbf,season_holdout_2025_26,4,23,0.8894412252898516,1.0262210059423518,0.9463648136018018,0.32611365999999986,-0.00878952,-0.6202511536018016
porpag,no_minutes,svr_rbf,season_holdout_2025_26,5,23,1.0315839205718995,1.1602710750516552,1.091613317329063,0.8901680434782608,0.925762,-0.2014452738508019
porpag,no_minutes,svr_rbf,season_holdout_2025_26,6,22,1.1700473740864323,1.272600076844597,1.221197202248855,1.3234856545454543,1.15831,0.1022884522965994
porpag,no_minutes,svr_rbf,season_holdout_2025_26,7,23,1.2743342497601446,1.3950785092169329,1.3367844754954048,0.9940971608695651,0.578694,-0.34268731462583935
porpag,no_minutes,svr_rbf,season_holdout_2025_26,8,22,1.3991650129214805,1.5506269891775446,1.4774993358282176,1.3174390818181818,1.251805,-0.16006025401003565
porpag,no_minutes,svr_rbf,season_holdout_2025_26,9,23,1.555457351375595,1.6634178078913027,1.6040152082002062,1.2717015,1.46731,-0.3323137082002061
porpag,no_minutes,svr_rbf,season_holdout_2025_26,10,23,1.6657065244082911,2.455175560618494,1.8683094249813263,0.9818983478260871,1.07957,-0.886411077155239
porpag,with_minutes,mean,season_holdout_2025_26,1,23,1.0154079452456577,1.0154079452456577,1.0154079452456581,0.4846006426086957,0.364153,-0.530807302636962
porpag,with_minutes,mean,season_holdout_2025_26,2,23,1.0154079452456577,1.0154079452456577,1.0154079452456581,0.6084738304347825,0.475843,-0.4069341148108751
porpag,with_minutes,mean,season_holdout_2025_26,3,22,1.0154079452456577,1.0154079452456577,1.0154079452456581,1.070978886363636,0.88567,0.05557094111797867
porpag,with_minutes,mean,season_holdout_2025_26,4,23,1.0154079452456577,1.0154079452456577,1.0154079452456581,0.542700443478261,0.370591,-0.4727075017673968
porpag,with_minutes,mean,season_holdout_2025_26,5,23,1.0154079452456577,1.0154079452456577,1.0154079452456581,1.301959217391304,1.19394,0.28655127214564663
porpag,with_minutes,mean,season_holdout_2025_26,6,22,1.0154079452456577,1.0154079452456577,1.0154079452456581,0.8786277045454546,0.67477,-0.13678024070020314
porpag,with_minutes,mean,season_holdout_2025_26,7,23,1.0154079452456577,1.0154079452456577,1.0154079452456581,0.8848697869565219,0.925762,-0.13053815828913598
porpag,with_minutes,mean,season_holdout_2025_26,8,22,1.0154079452456577,1.0154079452456577,1.0154079452456581,1.3830416727272727,1.16591,0.36763372748161505
porpag,with_minutes,mean,season_holdout_2025_26,9,23,1.0154079452456577,1.0154079452456577,1.0154079452456581,0.6054559434782608,0.440335,-0.4099520017673968
porpag,with_minutes,mean,season_holdout_2025_26,10,23,1.0154079452456577,1.0154079452456577,1.0154079452456581,0.8945372569565216,0.66175,-0.1208706882891359
porpag,with_minutes,ridge,season_holdout_2025_26,1,23,-1.1280857521436296,-0.1915069468533246,-0.49620689224422837,-0.20053432130434787,-0.336691,0.29567257093988053
porpag,with_minutes,ridge,season_holdout_2025_26,2,23,-0.15024005752897485,0.2441037497575067,0.03773067513189958,-0.010742605217391293,0.0819813,-0.048473280349290854
porpag,with_minutes,ridge,season_holdout_2025_26,3,22,0.24846276865410222,0.5118320242579373,0.3558852676947937,0.26543944545454545,0.1518607,-0.09044582224024832
porpag,with_minutes,ridge,season_holdout_2025_26,4,23,0.5240672170024816,0.7653433108865403,0.6550640085648477,0.06549881739130434,0.172286,-0.5895651911735433
porpag,with_minutes,ridge,season_holdout_2025_26,5,23,0.7948791056791229,1.0172072396326255,0.9028882618070627,0.5702025086956521,0.488279,-0.33268575311141063
porpag,with_minutes,ridge,season_holdout_2025_26,6,22,1.033313368316957,1.3080169307500784,1.1633389463547035,0.9583430909090906,0.844042,-0.20499585544561255
porpag,with_minutes,ridge,season_holdout_2025_26,7,23,1.341926263811859,1.5644956262214442,1.4370799157702228,1.3202431782608695,1.15445,-0.11683673750935313
porpag,with_minutes,ridge,season_holdout_2025_26,8,22,1.5706215862517638,1.8270924808178663,1.708390018433317,1.6494902090909092,1.69734,-0.058899809342408016
porpag,with_minutes,ridge,season_holdout_2025_26,9,23,1.8401589508418452,2.097968925014824,1.932929016149205,1.732453086956522,1.70367,-0.20047592919268284
porpag,with_minutes,ridge,season_holdout_2025_26,10,23,2.1170282055330714,2.9327162653880325,2.3933793458413275,2.2848791260869565,2.39672,-0.10850021975437088
porpag,with_minutes,elasticnet,season_holdout_2025_26,1,23,-0.8843017412522598,-0.16266263175650608,-0.3771870145319555,-0.11134449521739133,-0.205128,0.26584251931456426
porpag,with_minutes,elasticnet,season_holdout_2025_26,2,23,-0.1609776013605857,0.2247159700215109,0.050675889786671695,0.0133248695652174,0.0819813,-0.03735102022145429
porpag,with_minutes,elasticnet,season_holdout_2025_26,3,22,0.2904383493375926,0.5068673635987767,0.4105005595950743,0.08089322181818183,-0.029764560000000002,-0.32960733777689255
porpag,with_minutes,elasticnet,season_holdout_2025_26,4,23,0.5200652025348239,0.786258184333645,0.6867847901267513,0.1829397304347826,0.300247,-0.5038450596919687
porpag,with_minutes,elasticnet,season_holdout_2025_26,5,23,0.8264577066676437,1.1030178504530619,0.9495454882220129,0.5399065086956522,0.307377,-0.4096389795263608
porpag,with_minutes,elasticnet,season_holdout_2025_26,6,22,1.103836025516182,1.3683449233901301,1.2134930079801143,0.8942387272727271,0.844042,-0.3192542807073872
porpag,with_minutes,elasticnet,season_holdout_2025_26,7,23,1.3700948002735456,1.5923618037194234,1.4808273309699127,1.3204750043478264,1.30053,-0.16035232662208662
porpag,with_minutes,elasticnet,season_holdout_2025_26,8,22,1.5986972065416296,1.8348776203159556,1.7191081930742904,1.4998980727272728,1.5293700000000001,-0.21921012034701776
porpag,with_minutes,elasticnet,season_holdout_2025_26,9,23,1.8369052137210296,2.061148381849186,1.9691381726115889,1.837830130434783,2.06536,-0.13130804217680642
porpag,with_minutes,elasticnet,season_holdout_2025_26,10,23,2.078106629112321,2.7761963156334097,2.372734987450173,2.3597958652173916,2.39672,-0.012939122232781429
porpag,with_minutes,random_forest,season_holdout_2025_26,1,23,-0.4057103657932516,0.005897856118272288,-0.10442561213352572,-0.2560480778260869,-0.372433,-0.15162246569256121
porpag,with_minutes,random_forest,season_holdout_2025_26,2,23,0.01526654891379462,0.16637477008948945,0.10624272844937377,0.10037808695652173,0.177494,-0.005864641492852041
porpag,with_minutes,random_forest,season_holdout_2025_26,3,22,0.18163760898039993,0.3641864961078802,0.27364396708659555,0.1612461127272727,0.1702325,-0.1123978543593228
porpag,with_minutes,random_forest,season_holdout_2025_26,4,23,0.3676896935132048,0.6016121975846518,0.4842817900117612,0.1275153130434783,0.195648,-0.35676647696828306
porpag,with_minutes,random_forest,season_holdout_2025_26,5,23,0.6285927835698178,0.8188366900337926,0.736983193009768,0.6804409173913043,0.550849,-0.05654227561846369
porpag,with_minutes,random_forest,season_holdout_2025_26,6,22,0.8275471444399386,1.0506307163009536,0.9665511792392408,1.3568813636363635,1.293965,0.3903301843971228
porpag,with_minutes,random_forest,season_holdout_2025_26,7,23,1.0526980346445383,1.3342646607931254,1.201663351934458,1.1235303521739128,1.3337,-0.07813299976054462
porpag,with_minutes,random_forest,season_holdout_2025_26,8,22,1.3367567296276126,1.7173806735458652,1.5480295170265215,1.5328063545454547,1.4142899999999998,-0.015223162481067002
porpag,with_minutes,random_forest,season_holdout_2025_26,9,23,1.7236159649439697,2.0601688735921786,1.8837348027283847,1.5591369391304344,1.85691,-0.32459786359794995
porpag,with_minutes,random_forest,season_holdout_2025_26,10,23,2.129878054344073,3.096334505998905,2.568627338356209,2.2571095695652175,2.3958,-0.3115177687909916
porpag,with_minutes,extra_trees,season_holdout_2025_26,1,23,-0.3283600341451195,0.10398874612345237,-0.0318357373316087,-0.07538173869565219,-0.194476,-0.04354600136404348
porpag,with_minutes,extra_trees,season_holdout_2025_26,2,23,0.11052906093377393,0.2672324793294643,0.1805703619025896,-0.15186849565217392,-0.128385,-0.33243885755476343
porpag,with_minutes,extra_trees,season_holdout_2025_26,3,22,0.2688858852784641,0.414007508927619,0.33317430940707465,0.29021886818181813,0.23960700000000001,-0.04295544122525647
porpag,with_minutes,extra_trees,season_holdout_2025_26,4,23,0.41532969268444025,0.6049812560897618,0.520289432690284,0.11724861652173911,0.109275,-0.40304081616854487
porpag,with_minutes,extra_trees,season_holdout_2025_26,5,23,0.6120137002952974,0.8298255046172617,0.7286634699044935,0.541994752173913,0.539972,-0.18666871773058039
porpag,with_minutes,extra_trees,season_holdout_2025_26,6,22,0.8380552862666668,1.1070783596317852,0.9842041995916445,1.0186926772727274,1.099975,0.0344884776810827
porpag,with_minutes,extra_trees,season_holdout_2025_26,7,23,1.1214011398728578,1.3384484760580952,1.2215395545925076,1.4899730869565215,1.64183,0.2684335323640139
porpag,with_minutes,extra_trees,season_holdout_2025_26,8,22,1.3490147167691184,1.7620936903005948,1.5754453644575874,1.4259806272727271,1.3815849999999998,-0.14946473718485986
porpag,with_minutes,extra_trees,season_holdout_2025_26,9,23,1.7907499344583335,2.156387192664286,1.9506698802652591,1.7332380260869562,1.85691,-0.21743185417830277
porpag,with_minutes,extra_trees,season_holdout_2025_26,10,23,2.1718616405488076,3.0218221870095228,2.4338389957724114,2.2391595695652176,2.39672,-0.19467942620719372
porpag,with_minutes,gradient_boosting,season_holdout_2025_26,1,23,-0.8195653303314945,-0.011198069859699105,-0.16652730328435397,-0.1842510343478261,-0.30713,-0.017723731063472074
porpag,with_minutes,gradient_boosting,season_holdout_2025_26,2,23,-0.007066656848467924,0.15265046334471125,0.08526328039127279,-0.021292073913043486,-0.0362687,-0.10655535430431627
porpag,with_minutes,gradient_boosting,season_holdout_2025_26,3,22,0.15894907310917208,0.37168023103822084,0.27435890988446715,0.21040393181818173,0.20434200000000002,-0.06395497806628535
porpag,with_minutes,gradient_boosting,season_holdout_2025_26,4,23,0.3732612521170847,0.5638469883032713,0.4767189653858696,0.43664068608695655,0.370591,-0.04007827929891302
porpag,with_minutes,gradient_boosting,season_holdout_2025_26,5,23,0.5939395954572104,0.8450429849327878,0.6964754504982449,0.6071427,0.539972,-0.08933275049824486
porpag,with_minutes,gradient_boosting,season_holdout_2025_26,6,22,0.8487276777158235,1.0564517560165987,0.9598563638579545,0.9241805818181816,0.829809,-0.035675782039772536
porpag,with_minutes,gradient_boosting,season_holdout_2025_26,7,23,1.0701179662878475,1.3807997438243917,1.22256317364026,1.2517430173913047,1.13316,0.029179843751044397
porpag,with_minutes,gradient_boosting,season_holdout_2025_26,8,22,1.3810606323572516,1.6765607873571935,1.5499276354162732,1.544420681818182,1.7380149999999999,-0.0055069535980913804
porpag,with_minutes,gradient_boosting,season_holdout_2025_26,9,23,1.6794356036612643,2.063773610488407,1.8216164507855068,1.597561104347826,1.62666,-0.22405534643768052
porpag,with_minutes,gradient_boosting,season_holdout_2025_26,10,23,2.0661356528477595,2.798915747693235,2.50193813208085,2.2602765260869564,2.3958,-0.24166160599389325
porpag,with_minutes,hist_gradient_boosting,season_holdout_2025_26,1,23,-0.5498012389754466,-0.001548907526236801,-0.22723814994446834,-0.28798400391304346,-0.336691,-0.06074585396857512
porpag,with_minutes,hist_gradient_boosting,season_holdout_2025_26,2,23,0.010302568611960355,0.26649571853488796,0.15381483076576022,0.0636631304347826,0.0819813,-0.09015170033097766
porpag,with_minutes,hist_gradient_boosting,season_holdout_2025_26,3,22,0.26853647658005986,0.386647506317222,0.32527110544627846,0.2566040272727273,0.2524415,-0.06866707817355121
porpag,with_minutes,hist_gradient_boosting,season_holdout_2025_26,4,23,0.3931821975214459,0.5899017827093692,0.4862645358088907,0.2560574730434783,0.177494,-0.23020706276541236
porpag,with_minutes,hist_gradient_boosting,season_holdout_2025_26,5,23,0.5935960698757153,0.8137964865926797,0.7108541637199239,0.5999127304347827,0.405208,-0.11094143328514136
porpag,with_minutes,hist_gradient_boosting,season_holdout_2025_26,6,22,0.822375012787252,1.1125276557399904,0.9440066036664395,1.1708796772727272,1.030811,0.2268730736062877
porpag,with_minutes,hist_gradient_boosting,season_holdout_2025_26,7,23,1.1297670396740473,1.3646949725881417,1.2393494169984776,1.5321633913043475,1.49826,0.2928139743058703
porpag,with_minutes,hist_gradient_boosting,season_holdout_2025_26,8,22,1.3702039699487796,1.6492209983942163,1.557623617357283,1.3519459,1.381975,-0.20567771735728302
porpag,with_minutes,hist_gradient_boosting,season_holdout_2025_26,9,23,1.6541526168955423,2.089670940434186,1.851881904633588,1.581954243478261,1.76645,-0.2699276611553269
porpag,with_minutes,hist_gradient_boosting,season_holdout_2025_26,10,23,2.0942140523785775,3.345524413524512,2.710120671947856,2.1059958304347823,2.39672,-0.6041248415130728
porpag,with_minutes,knn,season_holdout_2025_26,1,23,0.28706633757622535,0.5750016609046636,0.43765686409927224,0.08992855652173916,-0.188387,-0.34772830757753304
porpag,with_minutes,knn,season_holdout_2025_26,2,23,0.580327644884824,0.7957047826031743,0.6999809099460395,0.2407337047826087,0.234921,-0.4592472051634307
porpag,with_minutes,knn,season_holdout_2025_26,3,22,0.829051113728879,1.0249939058871171,0.9415942511651935,0.4970268181818181,0.43753699999999995,-0.4445674329833753
porpag,with_minutes,knn,season_holdout_2025_26,4,23,1.0475171479414171,1.1597293179661923,1.1017362321711495,0.6024822782608694,0.539972,-0.49925395391028
porpag,with_minutes,knn,season_holdout_2025_26,5,23,1.160369415339829,1.238442864634875,1.20027316411441,0.7219693165217392,0.74954,-0.47830384759267097
porpag,with_minutes,knn,season_holdout_2025_26,6,22,1.2437392861792513,1.3548494588350122,1.3051146338006465,0.73991595,0.60327,-0.5651986838006464
porpag,with_minutes,knn,season_holdout_2025_26,7,23,1.3570014542818989,1.4708956140083886,1.4333484276124886,0.9606353739130434,1.04923,-0.47271305369944494
porpag,with_minutes,knn,season_holdout_2025_26,8,22,1.4774527604217884,1.5960934340427018,1.529100694482898,1.3762263,1.2472349999999999,-0.1528743944828981
porpag,with_minutes,knn,season_holdout_2025_26,9,23,1.5974097915396694,1.8130178803551704,1.6883416389539563,1.778892956521739,1.70367,0.09055131756778273
porpag,with_minutes,knn,season_holdout_2025_26,10,23,1.8326575365238735,2.41415740008579,2.0138937648700868,1.6161524260869562,1.76645,-0.39774133878313017
porpag,with_minutes,svr_rbf,season_holdout_2025_26,1,23,-0.6250438041307714,0.2000818132578459,-0.021913519610450898,-0.21469689956521734,-0.336691,-0.19278337995476647
porpag,with_minutes,svr_rbf,season_holdout_2025_26,2,23,0.22764239030040934,0.5059900357674538,0.39049102173766,-0.10159635217391308,-0.0642154,-0.492087373911573
porpag,with_minutes,svr_rbf,season_holdout_2025_26,3,22,0.5116535504408468,0.6527483124980842,0.5707493785291096,0.5353081090909092,0.36737200000000003,-0.035441269438200425
porpag,with_minutes,svr_rbf,season_holdout_2025_26,4,23,0.6624585603554651,0.8105926555888727,0.7316207336883771,0.54890536,0.440335,-0.18271537368837712
porpag,with_minutes,svr_rbf,season_holdout_2025_26,5,23,0.8175522421962624,0.9667048396265882,0.9069147883313802,0.6388290826086958,0.49812,-0.2680857057226844
porpag,with_minutes,svr_rbf,season_holdout_2025_26,6,22,0.9909046010295818,1.1914887094072628,1.1010707080809314,0.866505059090909,0.9731129999999999,-0.23456564899002233
porpag,with_minutes,svr_rbf,season_holdout_2025_26,7,23,1.1941913115780487,1.38256753992385,1.304851278031832,0.9245897391304346,0.734288,-0.3802615389013974
porpag,with_minutes,svr_rbf,season_holdout_2025_26,8,22,1.409418880062955,1.5564521967418892,1.4780554347951835,1.5378565,1.46994,0.05980106520481659
porpag,with_minutes,svr_rbf,season_holdout_2025_26,9,23,1.574430703083705,1.8561910166722604,1.6842563665181012,1.7573364086956524,1.85691,0.07308004217755087
porpag,with_minutes,svr_rbf,season_holdout_2025_26,10,23,1.8803098734948658,2.537470961484765,2.070941970974869,2.1451223521739133,2.04245,0.07418038119904474
bpm,no_minutes,mean,season_holdout_2025_26,1,25,-2.63475530809628,-2.63475530809628,-2.63475530809628,-4.098754976,-3.12295,-1.4639996679037202
bpm,no_minutes,mean,season_holdout_2025_26,2,25,-2.63475530809628,-2.63475530809628,-2.63475530809628,-4.241910359999999,-3.07338,-1.6071550519037203
bpm,no_minutes,mean,season_holdout_2025_26,3,24,-2.63475530809628,-2.63475530809628,-2.63475530809628,-2.628972125,-2.6353099999999996,0.005783183096279713
bpm,no_minutes,mean,season_holdout_2025_26,4,25,-2.63475530809628,-2.63475530809628,-2.63475530809628,-3.6387495847999998,-2.23411,-1.00399427670372
bpm,no_minutes,mean,season_holdout_2025_26,5,24,-2.63475530809628,-2.63475530809628,-2.63475530809628,-0.805064125,-1.379375,1.8296911830962799
bpm,no_minutes,mean,season_holdout_2025_26,6,25,-2.63475530809628,-2.63475530809628,-2.63475530809628,-1.9070828,-2.30097,0.7276725080962798
bpm,no_minutes,mean,season_holdout_2025_26,7,24,-2.63475530809628,-2.63475530809628,-2.63475530809628,-3.6496943749999997,-3.5755850000000002,-1.0149390669037202
bpm,no_minutes,mean,season_holdout_2025_26,8,25,-2.63475530809628,-2.63475530809628,-2.63475530809628,-1.9746547199999998,-1.86566,0.6601005880962798
bpm,no_minutes,mean,season_holdout_2025_26,9,24,-2.63475530809628,-2.63475530809628,-2.63475530809628,-4.309960875000001,-4.0774,-1.6752055669037205
bpm,no_minutes,mean,season_holdout_2025_26,10,25,-2.63475530809628,-2.63475530809628,-2.63475530809628,-1.2671644480000004,-3.02482,1.3675908600962796
bpm,no_minutes,ridge,season_holdout_2025_26,1,25,-7.607177538620083,-4.878662810464165,-6.094753518496832,-5.673557119999998,-4.19238,0.4211963984968323
bpm,no_minutes,ridge,season_holdout_2025_26,2,25,-4.831690515176995,-4.1018635427278705,-4.462615159473223,-3.3886184000000004,-3.37505,1.0739967594732223
bpm,no_minutes,ridge,season_holdout_2025_26,3,24,-4.0908477585434895,-3.621726427949776,-3.821839737021259,-2.4843296041666667,-2.37121,1.3375101328545924
bpm,no_minutes,ridge,season_holdout_2025_26,4,25,-3.4944190744339414,-2.8682321790615406,-3.1808541067358633,-1.6133407599999998,-2.51948,1.5675133467358637
bpm,no_minutes,ridge,season_holdout_2025_26,5,24,-2.8591017192809987,-2.4891720910461355,-2.7146058549651606,-2.3795522833333336,-2.52076,0.3350535716318272
bpm,no_minutes,ridge,season_holdout_2025_26,6,25,-2.4610730800931178,-1.883833993549446,-2.236977668328279,-3.79656518,-3.67064,-1.5595875116717213
bpm,no_minutes,ridge,season_holdout_2025_26,7,24,-1.8507823606761926,-1.2828766232957465,-1.547914523778342,-3.335193325,-2.00075,-1.7872788012216578
bpm,no_minutes,ridge,season_holdout_2025_26,8,25,-1.281509295071579,-0.6920463618929427,-0.9875532456887958,-1.4874032800000003,-1.26001,-0.4998500343112044
bpm,no_minutes,ridge,season_holdout_2025_26,9,24,-0.6916257860145771,0.10765093568198703,-0.28583309507155646,-2.8559369166666664,-3.011935,-2.57010382159511
bpm,no_minutes,ridge,season_holdout_2025_26,10,25,0.1777628215046132,3.4760052890185014,1.258552241568448,-1.4939643448000002,-0.00417102,-2.752516586368448
bpm,no_minutes,elasticnet,season_holdout_2025_26,1,25,-7.413887028180681,-4.5162889763854634,-5.67357501057136,-6.1635328,-5.07427,-0.48995778942863927
bpm,no_minutes,elasticnet,season_holdout_2025_26,2,25,-4.504274007502415,-3.7613887588544475,-4.1289048669258195,-3.33760512,-3.12295,0.7912997469258195
bpm,no_minutes,elasticnet,season_holdout_2025_26,3,24,-3.7150687932738817,-3.237691835533636,-3.5037598404236294,-1.8187471041666665,-1.7750050000000002,1.6850127362569627
bpm,no_minutes,elasticnet,season_holdout_2025_26,4,25,-3.236915221666832,-2.6258653128539904,-2.91118205993287,-1.9602168719999997,-2.43177,0.9509651879328698
bpm,no_minutes,elasticnet,season_holdout_2025_26,5,24,-2.594294808994673,-2.247600839995312,-2.4546822800103794,-2.7585392500000006,-3.4905299999999997,-0.3038569699896205
bpm,no_minutes,elasticnet,season_holdout_2025_26,6,25,-2.2436018048135815,-1.738028286925278,-2.01643812374618,-3.2213028399999994,-3.67064,-1.20486471625382
bpm,no_minutes,elasticnet,season_holdout_2025_26,7,24,-1.7176673509577403,-1.1005873504111332,-1.3924958033697994,-3.364661054166666,-2.332865,-1.9721652507968674
bpm,no_minutes,elasticnet,season_holdout_2025_26,8,25,-1.0827529326365677,-0.5083831849648743,-0.8053917968837189,-1.9637598,-2.23411,-1.1583680031162813
bpm,no_minutes,elasticnet,season_holdout_2025_26,9,24,-0.5003926928334443,0.09411417778243125,-0.2400155213553484,-2.4714415000000005,-3.011935,-2.2314259786446518
bpm,no_minutes,elasticnet,season_holdout_2025_26,10,25,0.11763887831047626,3.2179991379780333,1.2413993438333695,-1.4229899448,-0.00417102,-2.664389288633369
bpm,no_minutes,random_forest,season_holdout_2025_26,1,25,-8.192340428793665,-4.3987801168772345,-5.385784713563863,-4.96447198,-3.70607,0.4213127335638633
bpm,no_minutes,random_forest,season_holdout_2025_26,2,25,-4.3797080359605065,-3.719928372586695,-4.004821539357293,-2.11686276,-3.11935,1.887958779357293
bpm,no_minutes,random_forest,season_holdout_2025_26,3,24,-3.7076874996362106,-3.1398454473077293,-3.367768610551345,-3.947946333333333,-3.36073,-0.5801777227819881
bpm,no_minutes,random_forest,season_holdout_2025_26,4,25,-3.1185687904000194,-2.592546250364858,-2.829285977117209,-3.67617128,-3.70022,-0.8468853028827904
bpm,no_minutes,random_forest,season_holdout_2025_26,5,24,-2.591605003406781,-2.2235525633361433,-2.397611375252921,-3.5195413750000006,-3.3597200000000003,-1.1219299997470789
bpm,no_minutes,random_forest,season_holdout_2025_26,6,25,-2.1959122208230832,-1.8728175525410802,-2.021876154710914,-3.8870950879999997,-3.00459,-1.8652189332890863
bpm,no_minutes,random_forest,season_holdout_2025_26,7,24,-1.8537637117007841,-1.4277293533144166,-1.6569627583922701,-2.6273412708333335,-3.545785,-0.970378512441063
bpm,no_minutes,random_forest,season_holdout_2025_26,8,25,-1.3973750667440819,-0.8957164327823854,-1.1215394857886871,-1.378262176,-0.645846,-0.25672269021131267
bpm,no_minutes,random_forest,season_holdout_2025_26,9,24,-0.8924074605436871,-0.13012828020984,-0.5289862748332325,-0.6335950008333333,-0.26665551000000004,-0.10460872600010106
bpm,no_minutes,random_forest,season_holdout_2025_26,10,25,-0.03912279021599782,2.371310333690609,0.5296306112002601,-1.744110424,-1.43451,-2.2737410352002603
bpm,no_minutes,extra_trees,season_holdout_2025_26,1,25,-10.470768418664282,-4.538358932410717,-6.215539912560548,-4.6774223,-4.68373,1.5381176125605478
bpm,no_minutes,extra_trees,season_holdout_2025_26,2,25,-4.456750021469041,-3.580355075553571,-3.9953489230711074,-3.5684460799999997,-2.35576,0.4269028430711072
bpm,no_minutes,extra_trees,season_holdout_2025_26,3,24,-3.5532681493130935,-3.0544052140785696,-3.3041224599453365,-2.1802859916666666,-1.85758,1.12383646827867
bpm,no_minutes,extra_trees,season_holdout_2025_26,4,25,-3.0364722852452375,-2.552236178746428,-2.822568488785167,-4.30581412,-4.41017,-1.4832456312148334
bpm,no_minutes,extra_trees,season_holdout_2025_26,5,24,-2.536537803013095,-2.209074376483929,-2.39016162161183,-4.255661791666667,-2.64311,-1.8655001700548361
bpm,no_minutes,extra_trees,season_holdout_2025_26,6,25,-2.18969722046012,-1.8428102205994046,-1.9881761635017026,-3.001666127999999,-2.68934,-1.0134899644982973
bpm,no_minutes,extra_trees,season_holdout_2025_26,7,24,-1.8051502712369054,-1.3672471851976187,-1.5637059983094,-3.6783688750000003,-3.774035,-2.1146628766906
bpm,no_minutes,extra_trees,season_holdout_2025_26,8,25,-1.3445139951839302,-0.8538471733744041,-1.1367908985447264,-2.20800322,-2.23411,-1.0712123214552738
bpm,no_minutes,extra_trees,season_holdout_2025_26,9,24,-0.8508577151785716,-0.17032572061011902,-0.4623042876524803,0.27639647416666646,0.6846570000000001,0.7387007618191467
bpm,no_minutes,extra_trees,season_holdout_2025_26,10,25,-0.14784880642023798,2.9087417371749984,0.7081087565392857,-0.8605055039999999,-0.52914,-1.5686142605392859
bpm,no_minutes,gradient_boosting,season_holdout_2025_26,1,25,-12.583657780202367,-5.19717822445017,-7.067077161277776,-3.40273796,-3.12295,3.6643392012777762
bpm,no_minutes,gradient_boosting,season_holdout_2025_26,2,25,-4.969688824393492,-3.539788119251753,-4.151460995908906,-2.96513034,-2.15127,1.1863306559089053
bpm,no_minutes,gradient_boosting,season_holdout_2025_26,3,24,-3.4968826426000494,-3.0048281287271483,-3.249714198284947,-3.4265423750000004,-3.3154399999999997,-0.17682817671505305
bpm,no_minutes,gradient_boosting,season_holdout_2025_26,4,25,-2.999265725833356,-2.5178391528289636,-2.7341780148436077,-4.122532,-2.87676,-1.3883539851563922
bpm,no_minutes,gradient_boosting,season_holdout_2025_26,5,24,-2.507528477452619,-2.030549069236204,-2.236439989681298,-3.8338251666666667,-2.914555,-1.5973851769853686
bpm,no_minutes,gradient_boosting,season_holdout_2025_26,6,25,-2.0177150484188853,-1.5670859559969066,-1.8172763040817075,-2.67318042,-2.14717,-0.8559041159182925
bpm,no_minutes,gradient_boosting,season_holdout_2025_26,7,24,-1.5628565194152777,-1.1432030991542124,-1.3449880246571262,-2.0001573333333336,-2.85708,-0.6551693086762073
bpm,no_minutes,gradient_boosting,season_holdout_2025_26,8,25,-1.1376471999245907,-0.6647255118893198,-0.8768963729524498,-3.7886304,-3.58101,-2.9117340270475505
bpm,no_minutes,gradient_boosting,season_holdout_2025_26,9,24,-0.6506087884870605,0.24788216413756983,-0.2771038319822152,-1.606769775,-1.288051,-1.3296659430177848
bpm,no_minutes,gradient_boosting,season_holdout_2025_26,10,25,0.2617968685048154,3.1572738554581927,1.1716917098320587,-0.6814467447999999,-0.141023,-1.8531384546320588
bpm,no_minutes,hist_gradient_boosting,season_holdout_2025_26,1,25,-9.384961938665365,-6.081447267906361,-7.353797034588876,-3.2991525400000006,-2.45926,4.054644494588874
bpm,no_minutes,hist_gradient_boosting,season_holdout_2025_26,2,25,-5.6881305799047235,-4.006130100811023,-4.841233133157636,-3.47466964,-2.88558,1.366563493157636
bpm,no_minutes,hist_gradient_boosting,season_holdout_2025_26,3,24,-3.9616473595841786,-3.3618698003808074,-3.5886877590596122,-3.880041875,-4.10569,-0.2913541159403875
bpm,no_minutes,hist_gradient_boosting,season_holdout_2025_26,4,25,-3.3500293394702956,-2.620081119148732,-2.9365509937155907,-3.44174604,-1.98186,-0.5051950462844098
bpm,no_minutes,hist_gradient_boosting,season_holdout_2025_26,5,24,-2.5839182097444473,-1.8602884271287226,-2.22947229051333,-3.698848458333334,-3.83289,-1.4693761678200035
bpm,no_minutes,hist_gradient_boosting,season_holdout_2025_26,6,25,-1.8400251117144193,-1.355094576157631,-1.5764480003034103,-3.79705244,-3.37505,-2.2206044396965896
bpm,no_minutes,hist_gradient_boosting,season_holdout_2025_26,7,24,-1.3496813030924795,-0.7316850879687508,-1.0260588471773413,-1.7491608041666666,-1.3161450000000001,-0.7231019569893254
bpm,no_minutes,hist_gradient_boosting,season_holdout_2025_26,8,25,-0.7299627381399304,0.01693884579785549,-0.30588330726897284,-2.2700159928,-0.52914,-1.9641326855310275
bpm,no_minutes,hist_gradient_boosting,season_holdout_2025_26,9,24,0.03322927432644238,0.8814124554808409,0.4993386855073621,-1.0702368333333336,-0.918766,-1.5695755188406955
bpm,no_minutes,hist_gradient_boosting,season_holdout_2025_26,10,25,1.004109646756644,2.811124430219709,1.6518640378041625,-1.8012676240000003,-2.35576,-3.4531316618041625
bpm,no_minutes,knn,season_holdout_2025_26,1,25,-6.908477156940658,-4.331664860393463,-5.370656238252169,-3.63466502,-3.34439,1.735991218252169
bpm,no_minutes,knn,season_holdout_2025_26,2,25,-4.3224134364968805,-3.4189750602959235,-3.8336572690160065,-3.5210747199999997,-3.92982,0.31258254901600596
bpm,no_minutes,knn,season_holdout_2025_26,3,24,-3.4039341894407076,-2.9238733742464427,-3.122466253173774,-3.843813675,-2.553275,-0.7213474218262258
bpm,no_minutes,knn,season_holdout_2025_26,4,25,-2.87221410828845,-2.5276469209973107,-2.727584375931904,-4.32027856,-3.85451,-1.592694184068096
bpm,no_minutes,knn,season_holdout_2025_26,5,24,-2.5220553789828366,-2.2298135015164333,-2.362395135458819,-3.6641650833333332,-3.546025,-1.3017699478745142
bpm,no_minutes,knn,season_holdout_2025_26,6,25,-2.2254516554489374,-1.796054318021528,-1.9918047083906594,-2.66015076,-2.87676,-0.6683460516093404
bpm,no_minutes,knn,season_holdout_2025_26,7,24,-1.7709563739909961,-1.1816557031789257,-1.5123026050720279,-1.9464264416666666,-2.244415,-0.43412383659463866
bpm,no_minutes,knn,season_holdout_2025_26,8,25,-1.124714998282923,-0.591836638001811,-0.8655621828462511,-2.154067696,-1.88684,-1.288505513153749
bpm,no_minutes,knn,season_holdout_2025_26,9,24,-0.5799210881080912,0.07412512848506017,-0.3065094723585246,-1.2108677916666668,-0.667554,-0.904358319308142
bpm,no_minutes,knn,season_holdout_2025_26,10,25,0.11965627748618811,1.6731401383039912,0.8097199910630466,-1.5373619008,-1.14827,-2.3470818918630467
bpm,no_minutes,svr_rbf,season_holdout_2025_26,1,25,-4.918857077314874,-3.1223763510131235,-3.7187231765703253,-4.99417392,-4.84156,-1.2754507434296747
bpm,no_minutes,svr_rbf,season_holdout_2025_26,2,25,-3.116878817114732,-2.624502051914268,-2.8248313467510244,-4.56304956,-2.87676,-1.738218213248976
bpm,no_minutes,svr_rbf,season_holdout_2025_26,3,24,-2.6191554943631,-2.368297127964519,-2.4681161093542374,-2.9634744166666667,-3.4653099999999997,-0.49535830731242925
bpm,no_minutes,svr_rbf,season_holdout_2025_26,4,25,-2.360216983640158,-2.015807424136404,-2.192993785940732,-2.9562945679999997,-3.70607,-0.7633007820592682
bpm,no_minutes,svr_rbf,season_holdout_2025_26,5,24,-2.0009183246195903,-1.6090112106046028,-1.773757221753798,-3.132147145833333,-2.67211,-1.3583899240795354
bpm,no_minutes,svr_rbf,season_holdout_2025_26,6,25,-1.6084859682621717,-1.3380791133022942,-1.4649458209312567,-1.6686341399999998,-2.55107,-0.20368831906874302
bpm,no_minutes,svr_rbf,season_holdout_2025_26,7,24,-1.3377483957106056,-0.8742562948236088,-1.0595323448638838,-3.0246122916666667,-2.61935,-1.965079946802783
bpm,no_minutes,svr_rbf,season_holdout_2025_26,8,25,-0.7598741569185394,-0.41235201741749394,-0.6038576388762521,-2.2073790239999997,-3.07338,-1.6035213851237478
bpm,no_minutes,svr_rbf,season_holdout_2025_26,9,24,-0.39241581463607633,0.11830258315610531,-0.19074584432581246,-2.3396919925,-0.7975845,-2.1489461481741876
bpm,no_minutes,svr_rbf,season_holdout_2025_26,10,25,0.12000858768811695,2.261348233633771,0.9745349030137928,-0.6752007039999998,0.0735654,-1.6497356070137925
bpm,with_minutes,mean,season_holdout_2025_26,1,25,-2.63475530809628,-2.63475530809628,-2.63475530809628,-4.098754976,-3.12295,-1.4639996679037202
bpm,with_minutes,mean,season_holdout_2025_26,2,25,-2.63475530809628,-2.63475530809628,-2.63475530809628,-4.241910359999999,-3.07338,-1.6071550519037203
bpm,with_minutes,mean,season_holdout_2025_26,3,24,-2.63475530809628,-2.63475530809628,-2.63475530809628,-2.628972125,-2.6353099999999996,0.005783183096279713
bpm,with_minutes,mean,season_holdout_2025_26,4,25,-2.63475530809628,-2.63475530809628,-2.63475530809628,-3.6387495847999998,-2.23411,-1.00399427670372
bpm,with_minutes,mean,season_holdout_2025_26,5,24,-2.63475530809628,-2.63475530809628,-2.63475530809628,-0.805064125,-1.379375,1.8296911830962799
bpm,with_minutes,mean,season_holdout_2025_26,6,25,-2.63475530809628,-2.63475530809628,-2.63475530809628,-1.9070828,-2.30097,0.7276725080962798
bpm,with_minutes,mean,season_holdout_2025_26,7,24,-2.63475530809628,-2.63475530809628,-2.63475530809628,-3.6496943749999997,-3.5755850000000002,-1.0149390669037202
bpm,with_minutes,mean,season_holdout_2025_26,8,25,-2.63475530809628,-2.63475530809628,-2.63475530809628,-1.9746547199999998,-1.86566,0.6601005880962798
bpm,with_minutes,mean,season_holdout_2025_26,9,24,-2.63475530809628,-2.63475530809628,-2.63475530809628,-4.309960875000001,-4.0774,-1.6752055669037205
bpm,with_minutes,mean,season_holdout_2025_26,10,25,-2.63475530809628,-2.63475530809628,-2.63475530809628,-1.2671644480000004,-3.02482,1.3675908600962796
bpm,with_minutes,ridge,season_holdout_2025_26,1,25,-12.892106557666859,-7.179212943640189,-8.909448334750357,-8.4943748,-8.70551,0.4150735347503577
bpm,with_minutes,ridge,season_holdout_2025_26,2,25,-7.105845168320126,-4.978008490116746,-5.858581337262703,-4.86675548,-4.75019,0.991825857262703
bpm,with_minutes,ridge,season_holdout_2025_26,3,24,-4.838994301006948,-3.630357244681014,-4.1652984072605195,-4.23128225,-4.007895,-0.06598384273947998
bpm,with_minutes,ridge,season_holdout_2025_26,4,25,-3.576019856094362,-2.5444422603109365,-3.0132033858716447,-2.7538664,-3.83588,0.25933698587164533
bpm,with_minutes,ridge,season_holdout_2025_26,5,24,-2.5358881153562676,-1.9779102797787151,-2.2682208905163925,-3.241764508333333,-2.9960950000000004,-0.9735436178169407
bpm,with_minutes,ridge,season_holdout_2025_26,6,25,-1.9763229686817865,-1.2975328781422715,-1.6411552463750967,-2.6921332000000002,-2.45926,-1.050977953624903
bpm,with_minutes,ridge,season_holdout_2025_26,7,24,-1.2308248115383646,-0.46215741515726694,-0.8313875345591816,-3.0427149166666663,-3.0993199999999996,-2.211327382107485
bpm,with_minutes,ridge,season_holdout_2025_26,8,25,-0.42693230078061317,0.4002162582849713,-0.06616944680682298,-0.03263748000000003,0.30391,0.03353196680682295
bpm,with_minutes,ridge,season_holdout_2025_26,9,24,0.42450268487685405,1.6295738577793395,1.0224929585077367,-0.49310125000000005,-0.918766,-1.5155942085077363
bpm,with_minutes,ridge,season_holdout_2025_26,10,25,1.7248758177948516,7.717371630999297,2.773723295131209,1.3420150391999999,1.12094,-1.4317082559312089
bpm,with_minutes,elasticnet,season_holdout_2025_26,1,25,-12.509320140938948,-7.149083487461665,-8.83927906124965,-9.1279332,-8.93272,-0.2886541387503494
bpm,with_minutes,elasticnet,season_holdout_2025_26,2,25,-7.139452984502931,-4.852752851060822,-5.857102709719673,-4.12156048,-4.59608,1.7355422297196723
bpm,with_minutes,elasticnet,season_holdout_2025_26,3,24,-4.836400763088889,-3.6487439287592993,-4.08888453261111,-4.226195833333334,-4.007895,-0.13731130072222394
bpm,with_minutes,elasticnet,season_holdout_2025_26,4,25,-3.6228977928315573,-2.4974051520993923,-2.8957424660822153,-2.71274396,-3.58101,0.18299850608221513
bpm,with_minutes,elasticnet,season_holdout_2025_26,5,24,-2.471773751313091,-1.9721087260097132,-2.2527635793544327,-3.6278649250000004,-4.136095,-1.3751013456455674
bpm,with_minutes,elasticnet,season_holdout_2025_26,6,25,-1.9436099560725215,-1.321524185142928,-1.6360835196292078,-2.575278,-2.35576,-0.9391944803707921
bpm,with_minutes,elasticnet,season_holdout_2025_26,7,24,-1.2387473248867107,-0.48515669925970006,-0.8072474936455191,-2.788342083333333,-3.4771099999999997,-1.981094589687814
bpm,with_minutes,elasticnet,season_holdout_2025_26,8,25,-0.4652928335158064,0.35783082944458844,-0.0872740767788115,-0.05263963999999997,0.30391,0.03463443677881153
bpm,with_minutes,elasticnet,season_holdout_2025_26,9,24,0.41927615917537064,1.5988425281167888,0.942949146609329,-0.7141339591666668,-1.20414,-1.6570831057759958
bpm,with_minutes,elasticnet,season_holdout_2025_26,10,25,1.6164239262768776,7.485913033664737,2.675885323883871,1.42616988,1.36303,-1.2497154438838707
bpm,with_minutes,random_forest,season_holdout_2025_26,1,25,-14.178100173821635,-4.51948078572676,-8.99828488228367,-6.03754552,-5.58257,2.9607393622836695
bpm,with_minutes,random_forest,season_holdout_2025_26,2,25,-4.504534191579613,-3.150287792194627,-3.678497420999692,-4.47945796,-4.59608,-0.8009605390003083
bpm,with_minutes,random_forest,season_holdout_2025_26,3,24,-3.1466870362494253,-2.760584574289422,-2.900318984825624,-5.32679425,-4.762505,-2.426475265174376
bpm,with_minutes,random_forest,season_holdout_2025_26,4,25,-2.7578290344652983,-2.3974889768060375,-2.5605427232520914,-3.2447647280000003,-2.79604,-0.6842220047479085
bpm,with_minutes,random_forest,season_holdout_2025_26,5,24,-2.392515524262515,-2.0599943252356505,-2.2291832825793882,-3.6099985833333332,-3.35198,-1.3808153007539452
bpm,with_minutes,random_forest,season_holdout_2025_26,6,25,-2.0241680210234883,-1.5658511063594711,-1.8316902074953814,-2.91910588,-3.35477,-1.0874156725046185
bpm,with_minutes,random_forest,season_holdout_2025_26,7,24,-1.5599956526522203,-1.1515193688998884,-1.3848526565051011,-3.2644867708333334,-3.1069,-1.8796341143282325
bpm,with_minutes,random_forest,season_holdout_2025_26,8,25,-1.088016301213018,-0.32021605747978277,-0.7160249299382246,-0.6531311200000001,-0.645846,0.06289380993822456
bpm,with_minutes,random_forest,season_holdout_2025_26,9,24,-0.27019357243435976,0.341300193686978,-0.012520453633452883,-1.089925355,-0.941234,-1.0774049013665472
bpm,with_minutes,random_forest,season_holdout_2025_26,10,25,0.46837021959416625,2.6529096655724937,1.3164787721095272,2.0273012400000003,2.24083,0.7108224678904729
bpm,with_minutes,extra_trees,season_holdout_2025_26,1,25,-13.997990100178566,-4.624398419452384,-8.529398030544044,-6.03754552,-5.58257,2.4918525105440454
bpm,with_minutes,extra_trees,season_holdout_2025_26,2,25,-4.577906519696429,-3.3679463388857136,-3.9418575067687134,-4.65878964,-4.06416,-0.7169321332312865
bpm,with_minutes,extra_trees,season_holdout_2025_26,3,24,-3.353190777610714,-2.667734715309524,-2.9533329176868306,-5.2356541666666665,-5.429455,-2.282321248979837
bpm,with_minutes,extra_trees,season_holdout_2025_26,4,25,-2.6138372163833323,-2.2516631989440494,-2.4498901360108816,-3.9840694,-3.70022,-1.534179263989119
bpm,with_minutes,extra_trees,season_holdout_2025_26,5,24,-2.2481769416369053,-1.9469094176511925,-2.0999489518043406,-3.014315708333333,-2.56167,-0.9143667565289929
bpm,with_minutes,extra_trees,season_holdout_2025_26,6,25,-1.9457236524797608,-1.5726868375535725,-1.7422963387595478,-2.9584113279999995,-3.58101,-1.2161149892404521
bpm,with_minutes,extra_trees,season_holdout_2025_26,7,24,-1.5683411097958324,-1.1199403628583326,-1.3858885180920886,-3.792429479166667,-3.1918800000000003,-2.4065409610745783
bpm,with_minutes,extra_trees,season_holdout_2025_26,8,25,-1.1197974069464287,-0.6061272499369043,-0.8642938853615952,-0.9312478399999999,-1.32424,-0.06695395463840496
bpm,with_minutes,extra_trees,season_holdout_2025_26,9,24,-0.5593972287488094,0.4590755285761904,-0.09072572603963293,5.006166666665646e-05,0.28584898999999997,0.09077578770629964
bpm,with_minutes,extra_trees,season_holdout_2025_26,10,25,0.5123946556755951,4.302858167863097,1.882151755700546,2.06445832,1.69414,0.1823065642994538
bpm,with_minutes,gradient_boosting,season_holdout_2025_26,1,25,-17.845799696521443,-4.9537578544390275,-8.54237447356645,-6.3604783199999995,-5.9927,2.181896153566451
bpm,with_minutes,gradient_boosting,season_holdout_2025_26,2,25,-4.913411164988622,-3.3061626289574244,-3.927721066546103,-4.703014,-3.83588,-0.775292933453897
bpm,with_minutes,gradient_boosting,season_holdout_2025_26,3,24,-3.294853581500797,-2.7861819385938653,-3.0211500650997003,-4.227987041666666,-3.8679499999999996,-1.2068369765669669
bpm,with_minutes,gradient_boosting,season_holdout_2025_26,4,25,-2.755313165566475,-2.4441906006984926,-2.5788956529101825,-4.89691756,-4.58975,-2.3180219070898174
bpm,with_minutes,gradient_boosting,season_holdout_2025_26,5,24,-2.4366995365664956,-1.9760465888366625,-2.200345117267979,-3.334528875,-2.820595,-1.134183757732021
bpm,with_minutes,gradient_boosting,season_holdout_2025_26,6,25,-1.9595394708105636,-1.5330175180059324,-1.7469643964351231,-3.5629406600000006,-3.92982,-1.8159762635648766
bpm,with_minutes,gradient_boosting,season_holdout_2025_26,7,24,-1.5319859797859225,-0.9751715068726179,-1.2458445050139184,-2.9443068833333332,-3.17968,-1.6984623783194148
bpm,with_minutes,gradient_boosting,season_holdout_2025_26,8,25,-0.9671007771381783,-0.22857951388918968,-0.6330673461254154,-0.3600595200000001,0.161403,0.2730078261254152
bpm,with_minutes,gradient_boosting,season_holdout_2025_26,9,24,-0.22818886597195812,0.7015431831789966,0.1506100337718184,0.024155311666666696,0.07131649,-0.12645472210515168
bpm,with_minutes,gradient_boosting,season_holdout_2025_26,10,25,0.7107162849288192,4.25589876627824,2.1096500138259686,1.8805101199999998,1.64966,-0.2291398938259688
bpm,with_minutes,hist_gradient_boosting,season_holdout_2025_26,1,25,-19.210448533334667,-4.686878180676493,-8.489613776506484,-5.658296719999999,-4.74225,2.8313170565064847
bpm,with_minutes,hist_gradient_boosting,season_holdout_2025_26,2,25,-4.55440349816244,-3.5799074094237535,-4.027556761764685,-5.0747936,-4.75019,-1.0472368382353157
bpm,with_minutes,hist_gradient_boosting,season_holdout_2025_26,3,24,-3.5549412473928848,-2.7412767544358685,-3.164712081618646,-5.316302041666667,-5.195815,-2.1515899600480206
bpm,with_minutes,hist_gradient_boosting,season_holdout_2025_26,4,25,-2.7367213962518555,-2.143664348516427,-2.41573068632568,-3.20345212,-3.34439,-0.7877214336743198
bpm,with_minutes,hist_gradient_boosting,season_holdout_2025_26,5,24,-2.1165093203704433,-1.6503598170299947,-1.856483809539154,-2.645992466666667,-1.525645,-0.7895086571275124
bpm,with_minutes,hist_gradient_boosting,season_holdout_2025_26,6,25,-1.601048574067663,-1.1553194337357888,-1.382943430548518,-2.30621428,-2.95049,-0.923270849451482
bpm,with_minutes,hist_gradient_boosting,season_holdout_2025_26,7,24,-1.1045388141961854,-0.6307486070003196,-0.857768119393307,-3.0742693758333335,-3.475845,-2.216501256440026
bpm,with_minutes,hist_gradient_boosting,season_holdout_2025_26,8,25,-0.6041244375195824,0.5537177350436925,-0.12992548710114502,-1.9137406,-1.3965,-1.7838151128988549
bpm,with_minutes,hist_gradient_boosting,season_holdout_2025_26,9,24,0.6144643611662253,1.5272321758137433,1.079408408676172,-0.21290887499999997,1.354495,-1.292317283676172
bpm,with_minutes,hist_gradient_boosting,season_holdout_2025_26,10,25,1.5424413122536706,3.814470120862158,2.364948715906032,0.8897304400000001,1.14145,-1.4752182759060322
bpm,with_minutes,knn,season_holdout_2025_26,1,25,-7.946688144922235,-4.116288016568907,-5.414635488634169,-5.35355472,-4.84156,0.06108076863416878
bpm,with_minutes,knn,season_holdout_2025_26,2,25,-4.087389133470568,-3.2227984914041548,-3.642593208740627,-4.212108,-3.85451,-0.569514791259373
bpm,with_minutes,knn,season_holdout_2025_26,3,24,-3.172361647177554,-2.520571693699459,-2.7908855603437868,-4.7731613625,-4.438055,-1.9822758021562137
bpm,with_minutes,knn,season_holdout_2025_26,4,25,-2.5053429795506323,-2.1788878643596576,-2.3481406699503835,-3.7145946,-4.12497,-1.3664539300496168
bpm,with_minutes,knn,season_holdout_2025_26,5,24,-2.1686692613125054,-1.8402604633232718,-1.9633538433585638,-3.2166415416666663,-2.0778499999999998,-1.253287698308103
bpm,with_minutes,knn,season_holdout_2025_26,6,25,-1.83842214439485,-1.45789826565726,-1.6568195248000472,-2.3829186,-1.50387,-0.7260990751999528
bpm,with_minutes,knn,season_holdout_2025_26,7,24,-1.4411076884308442,-1.0315282310398497,-1.2492131158949755,-1.4494084416666666,-1.85758,-0.20019532577169122
bpm,with_minutes,knn,season_holdout_2025_26,8,25,-1.0249570965573496,-0.33279678319359723,-0.731774050917002,-1.26921894,-2.50697,-0.537444889082998
bpm,with_minutes,knn,season_holdout_2025_26,9,24,-0.3270760081480928,0.18709236118812547,-0.06721211989266422,-1.0134406833333334,0.0585098,-0.9462285634406694
bpm,with_minutes,knn,season_holdout_2025_26,10,25,0.2577825363526974,2.1229265030787894,1.052010620676669,-1.0993199208,-0.645846,-2.151330541476669
bpm,with_minutes,svr_rbf,season_holdout_2025_26,1,25,-7.409257099272535,-4.220271437045003,-5.16632390934993,-6.99205152,-7.95013,-1.825727610650071
bpm,with_minutes,svr_rbf,season_holdout_2025_26,2,25,-4.073764166463694,-3.1404679383614384,-3.6430960173503366,-4.6639176,-5.07427,-1.0208215826496636
bpm,with_minutes,svr_rbf,season_holdout_2025_26,3,24,-3.115941888580529,-2.7885830588538356,-2.93365765901609,-4.177996,-2.853535,-1.2443383409839102
bpm,with_minutes,svr_rbf,season_holdout_2025_26,4,25,-2.7468236823318666,-2.3090752645070767,-2.4840098051679305,-3.036339208,-2.50697,-0.5523294028320693
bpm,with_minutes,svr_rbf,season_holdout_2025_26,5,24,-2.3082486782843454,-1.7830362559234556,-2.0279206045634015,-3.661598125,-3.546025,-1.6336775204365985
bpm,with_minutes,svr_rbf,season_holdout_2025_26,6,25,-1.777208267783269,-1.411002273211711,-1.589019691829235,-1.9332669800000002,-1.96417,-0.3442472881707653
bpm,with_minutes,svr_rbf,season_holdout_2025_26,7,24,-1.3629443166534583,-0.9327410390907933,-1.194713229357918,-2.112723625,-2.6202050000000003,-0.9180103956420819
bpm,with_minutes,svr_rbf,season_holdout_2025_26,8,25,-0.8932100122329196,-0.41369998011936904,-0.6952126235090769,-1.70565326,-2.23411,-1.0104406364909229
bpm,with_minutes,svr_rbf,season_holdout_2025_26,9,24,-0.40370676455597954,0.08536937990752236,-0.14827703782748594,-0.4294824916666666,0.1024286,-0.2812054538391809
bpm,with_minutes,svr_rbf,season_holdout_2025_26,10,25,0.17816626957239512,2.7571124501019235,0.9660803077082513,0.23149607119999996,-0.00417102,-0.7345842365082514
